DATETIME,PRICE,CARRY,FORWARD,PRICE_CONTRACT,CARRY_CONTRACT,FORWARD_CONTRACT
1992-01-01 22:00:00,250.3163351319362,250.3163351319362,250.3163351319362,29991200,29991200,29991200
1992-01-02 22:00:00,250.3163351319362,250.3163351319362,250.3163351319362,29991200,29991200,29991200
1992-01-03 22:00:00,250.3163351319362,250.3163351319362,250.3163351319362,29991200,29991200,29991200
1992-01-06 22:00:00,250.3163351319362,250.3163351319362,250.3163351319362,29991200,29991200,29991200
1992-01-07 22:00:00,250.3163351319362,250.3163351319362,250.3163351319362,29991200,29991200,29991200
1992-01-08 22:00:00,250.3163351319362,250.3163351319362,250.3163351319362,29991200,29991200,29991200
1992-01-09 22:00:00,250.3163351319362,250.3163351319362,250.3163351319362,29991200,29991200,29991200
1992-01-10 22:00:00,250.3163351319362,250.3163351319362,250.3163351319362,29991200,29991200,29991200
1992-01-13 22:00:00,250.3163351319362,250.3163351319362,250.3163351319362,29991200,29991200,29991200
1992-01-14 22:00:00,250.3163351319362,250.3163351319362,250.3163351319362,29991200,29991200,29991200
1992-01-15 22:00:00,250.3163351319362,250.3163351319362,250.3163351319362,29991200,29991200,29991200
1992-01-16 22:00:00,250.3163351319362,250.3163351319362,250.3163351319362,29991200,29991200,29991200
1992-01-17 22:00:00,250.3163351319362,250.3163351319362,250.3163351319362,29991200,29991200,29991200
1992-01-20 22:00:00,250.3163351319362,250.3163351319362,250.3163351319362,29991200,29991200,29991200
1992-01-21 22:00:00,250.3163351319362,250.3163351319362,250.3163351319362,29991200,29991200,29991200
1992-01-22 22:00:00,250.3163351319362,250.3163351319362,250.3163351319362,29991200,29991200,29991200
1992-01-23 22:00:00,250.3163351319362,250.3163351319362,250.3163351319362,29991200,29991200,29991200
1992-01-24 22:00:00,250.3163351319362,250.3163351319362,250.3163351319362,29991200,29991200,29991200
1992-01-27 22:00:00,250.3163351319362,250.3163351319362,250.3163351319362,29991200,29991200,29991200
1992-01-28 22:00:00,250.3163351319362,250.3163351319362,250.3163351319362,29991200,29991200,29991200
1992-01-29 22:00:00,250.3163351319362,250.3163351319362,250.3163351319362,29991200,29991200,29991200
1992-01-30 22:00:00,250.3163351319362,250.3163351319362,250.3163351319362,29991200,29991200,29991200
1992-01-31 22:00:00,250.3163351319362,250.3163351319362,250.3163351319362,29991200,29991200,29991200
1992-02-03 22:00:00,250.3163351319362,250.3163351319362,250.3163351319362,29991200,29991200,29991200
1992-02-04 22:00:00,250.3163351319362,250.3163351319362,250.3163351319362,29991200,29991200,29991200
1992-02-05 22:00:00,250.3163351319362,250.3163351319362,250.3163351319362,29991200,29991200,29991200
1992-02-06 22:00:00,250.3163351319362,250.3163351319362,250.3163351319362,29991200,29991200,29991200
1992-02-07 22:00:00,250.3163351319362,250.3163351319362,250.3163351319362,29991200,29991200,29991200
1992-02-10 22:00:00,250.3163351319362,250.3163351319362,250.3163351319362,29991200,29991200,29991200
1992-02-11 22:00:00,250.3163351319362,250.3163351319362,250.3163351319362,29991200,29991200,29991200
1992-02-12 22:00:00,250.3163351319362,250.3163351319362,250.3163351319362,29991200,29991200,29991200
1992-02-13 22:00:00,250.3163351319362,250.3163351319362,250.3163351319362,29991200,29991200,29991200
1992-02-14 22:00:00,250.3163351319362,250.3163351319362,250.3163351319362,29991200,29991200,29991200
1992-02-17 22:00:00,250.3163351319362,250.3163351319362,250.3163351319362,29991200,29991200,29991200
1992-02-18 22:00:00,250.3163351319362,250.3163351319362,250.3163351319362,29991200,29991200,29991200
1992-02-19 22:00:00,250.3163351319362,250.3163351319362,250.3163351319362,29991200,29991200,29991200
1992-02-20 22:00:00,250.3163351319362,250.3163351319362,250.3163351319362,29991200,29991200,29991200
1992-02-21 22:00:00,250.3163351319362,250.3163351319362,250.3163351319362,29991200,29991200,29991200
1992-02-24 22:00:00,250.3163351319362,250.3163351319362,250.3163351319362,29991200,29991200,29991200
1992-02-25 22:00:00,250.3163351319362,250.3163351319362,250.3163351319362,29991200,29991200,29991200
1992-02-26 22:00:00,250.3163351319362,250.3163351319362,250.3163351319362,29991200,29991200,29991200
1992-02-27 22:00:00,250.3163351319362,250.3163351319362,250.3163351319362,29991200,29991200,29991200
1992-02-28 22:00:00,250.3163351319362,250.3163351319362,250.3163351319362,29991200,29991200,29991200
1992-03-02 22:00:00,250.3163351319362,250.3163351319362,250.3163351319362,29991200,29991200,29991200
1992-03-03 22:00:00,250.3163351319362,250.3163351319362,250.3163351319362,29991200,29991200,29991200
1992-03-04 22:00:00,250.3163351319362,250.3163351319362,250.3163351319362,29991200,29991200,29991200
1992-03-05 22:00:00,250.3163351319362,250.3163351319362,250.3163351319362,29991200,29991200,29991200
1992-03-06 22:00:00,250.3163351319362,250.3163351319362,250.3163351319362,29991200,29991200,29991200
1992-03-09 22:00:00,250.3163351319362,250.3163351319362,250.3163351319362,29991200,29991200,29991200
1992-03-10 22:00:00,250.3163351319362,250.3163351319362,250.3163351319362,29991200,29991200,29991200
1992-03-11 22:00:00,250.3163351319362,250.3163351319362,250.3163351319362,29991200,29991200,29991200
1992-03-12 22:00:00,250.3163351319362,250.3163351319362,250.3163351319362,29991200,29991200,29991200
1992-03-13 22:00:00,250.3163351319362,250.3163351319362,250.3163351319362,29991200,29991200,29991200
1992-03-16 22:00:00,250.3163351319362,250.3163351319362,250.3163351319362,29991200,29991200,29991200
1992-03-17 22:00:00,250.3163351319362,250.3163351319362,250.3163351319362,29991200,29991200,29991200
1992-03-18 22:00:00,250.3163351319362,250.3163351319362,250.3163351319362,29991200,29991200,29991200
1992-03-19 22:00:00,250.3163351319362,250.3163351319362,250.3163351319362,29991200,29991200,29991200
1992-03-20 22:00:00,250.3163351319362,250.3163351319362,250.3163351319362,29991200,29991200,29991200
1992-03-23 22:00:00,250.3163351319362,250.3163351319362,250.3163351319362,29991200,29991200,29991200
1992-03-24 22:00:00,250.3163351319362,250.3163351319362,250.3163351319362,29991200,29991200,29991200
1992-03-25 22:00:00,250.3163351319362,250.3163351319362,250.3163351319362,29991200,29991200,29991200
1992-03-26 22:00:00,250.3163351319362,250.3163351319362,250.3163351319362,29991200,29991200,29991200
1992-03-27 22:00:00,250.3163351319362,250.3163351319362,250.3163351319362,29991200,29991200,29991200
1992-03-30 22:00:00,250.3163351319362,250.3163351319362,250.3163351319362,29991200,29991200,29991200
1992-03-31 22:00:00,250.3163351319362,250.3163351319362,250.3163351319362,29991200,29991200,29991200
1992-04-01 22:00:00,249.10292757383155,249.10292757383155,249.10292757383155,29991200,29991200,29991200
1992-04-02 22:00:00,249.10292757383155,249.10292757383155,249.10292757383155,29991200,29991200,29991200
1992-04-03 22:00:00,249.10292757383155,249.10292757383155,249.10292757383155,29991200,29991200,29991200
1992-04-06 22:00:00,249.10292757383155,249.10292757383155,249.10292757383155,29991200,29991200,29991200
1992-04-07 22:00:00,249.10292757383155,249.10292757383155,249.10292757383155,29991200,29991200,29991200
1992-04-08 22:00:00,249.10292757383155,249.10292757383155,249.10292757383155,29991200,29991200,29991200
1992-04-09 22:00:00,249.10292757383155,249.10292757383155,249.10292757383155,29991200,29991200,29991200
1992-04-10 22:00:00,249.10292757383155,249.10292757383155,249.10292757383155,29991200,29991200,29991200
1992-04-13 22:00:00,249.10292757383155,249.10292757383155,249.10292757383155,29991200,29991200,29991200
1992-04-14 22:00:00,249.10292757383155,249.10292757383155,249.10292757383155,29991200,29991200,29991200
1992-04-15 22:00:00,249.10292757383155,249.10292757383155,249.10292757383155,29991200,29991200,29991200
1992-04-16 22:00:00,249.10292757383155,249.10292757383155,249.10292757383155,29991200,29991200,29991200
1992-04-17 22:00:00,249.10292757383155,249.10292757383155,249.10292757383155,29991200,29991200,29991200
1992-04-20 22:00:00,249.10292757383155,249.10292757383155,249.10292757383155,29991200,29991200,29991200
1992-04-21 22:00:00,249.10292757383155,249.10292757383155,249.10292757383155,29991200,29991200,29991200
1992-04-22 22:00:00,249.10292757383155,249.10292757383155,249.10292757383155,29991200,29991200,29991200
1992-04-23 22:00:00,249.10292757383155,249.10292757383155,249.10292757383155,29991200,29991200,29991200
1992-04-24 22:00:00,249.10292757383155,249.10292757383155,249.10292757383155,29991200,29991200,29991200
1992-04-27 22:00:00,249.10292757383155,249.10292757383155,249.10292757383155,29991200,29991200,29991200
1992-04-28 22:00:00,249.10292757383155,249.10292757383155,249.10292757383155,29991200,29991200,29991200
1992-04-29 22:00:00,249.10292757383155,249.10292757383155,249.10292757383155,29991200,29991200,29991200
1992-04-30 22:00:00,249.10292757383155,249.10292757383155,249.10292757383155,29991200,29991200,29991200
1992-05-01 22:00:00,249.3833629507637,249.3833629507637,249.3833629507637,29991200,29991200,29991200
1992-05-04 22:00:00,249.3833629507637,249.3833629507637,249.3833629507637,29991200,29991200,29991200
1992-05-05 22:00:00,249.3833629507637,249.3833629507637,249.3833629507637,29991200,29991200,29991200
1992-05-06 22:00:00,249.3833629507637,249.3833629507637,249.3833629507637,29991200,29991200,29991200
1992-05-07 22:00:00,249.3833629507637,249.3833629507637,249.3833629507637,29991200,29991200,29991200
1992-05-08 22:00:00,249.3833629507637,249.3833629507637,249.3833629507637,29991200,29991200,29991200
1992-05-11 22:00:00,249.3833629507637,249.3833629507637,249.3833629507637,29991200,29991200,29991200
1992-05-12 22:00:00,249.3833629507637,249.3833629507637,249.3833629507637,29991200,29991200,29991200
1992-05-13 22:00:00,249.3833629507637,249.3833629507637,249.3833629507637,29991200,29991200,29991200
1992-05-14 22:00:00,249.3833629507637,249.3833629507637,249.3833629507637,29991200,29991200,29991200
1992-05-15 22:00:00,249.3833629507637,249.3833629507637,249.3833629507637,29991200,29991200,29991200
1992-05-18 22:00:00,249.3833629507637,249.3833629507637,249.3833629507637,29991200,29991200,29991200
1992-05-19 22:00:00,249.3833629507637,249.3833629507637,249.3833629507637,29991200,29991200,29991200
1992-05-20 22:00:00,249.3833629507637,249.3833629507637,249.3833629507637,29991200,29991200,29991200
1992-05-21 22:00:00,249.3833629507637,249.3833629507637,249.3833629507637,29991200,29991200,29991200
1992-05-22 22:00:00,249.3833629507637,249.3833629507637,249.3833629507637,29991200,29991200,29991200
1992-05-25 22:00:00,249.3833629507637,249.3833629507637,249.3833629507637,29991200,29991200,29991200
1992-05-26 22:00:00,249.3833629507637,249.3833629507637,249.3833629507637,29991200,29991200,29991200
1992-05-27 22:00:00,249.3833629507637,249.3833629507637,249.3833629507637,29991200,29991200,29991200
1992-05-28 22:00:00,249.3833629507637,249.3833629507637,249.3833629507637,29991200,29991200,29991200
1992-05-29 22:00:00,249.3833629507637,249.3833629507637,249.3833629507637,29991200,29991200,29991200
1992-06-01 22:00:00,251.7224156658908,251.7224156658908,251.7224156658908,29991200,29991200,29991200
1992-06-02 22:00:00,251.7224156658908,251.7224156658908,251.7224156658908,29991200,29991200,29991200
1992-06-03 22:00:00,251.7224156658908,251.7224156658908,251.7224156658908,29991200,29991200,29991200
1992-06-04 22:00:00,251.7224156658908,251.7224156658908,251.7224156658908,29991200,29991200,29991200
1992-06-05 22:00:00,251.7224156658908,251.7224156658908,251.7224156658908,29991200,29991200,29991200
1992-06-08 22:00:00,251.7224156658908,251.7224156658908,251.7224156658908,29991200,29991200,29991200
1992-06-09 22:00:00,251.7224156658908,251.7224156658908,251.7224156658908,29991200,29991200,29991200
1992-06-10 22:00:00,251.7224156658908,251.7224156658908,251.7224156658908,29991200,29991200,29991200
1992-06-11 22:00:00,251.7224156658908,251.7224156658908,251.7224156658908,29991200,29991200,29991200
1992-06-12 22:00:00,251.7224156658908,251.7224156658908,251.7224156658908,29991200,29991200,29991200
1992-06-15 22:00:00,251.7224156658908,251.7224156658908,251.7224156658908,29991200,29991200,29991200
1992-06-16 22:00:00,251.7224156658908,251.7224156658908,251.7224156658908,29991200,29991200,29991200
1992-06-17 22:00:00,251.7224156658908,251.7224156658908,251.7224156658908,29991200,29991200,29991200
1992-06-18 22:00:00,251.7224156658908,251.7224156658908,251.7224156658908,29991200,29991200,29991200
1992-06-19 22:00:00,251.7224156658908,251.7224156658908,251.7224156658908,29991200,29991200,29991200
1992-06-22 22:00:00,251.7224156658908,251.7224156658908,251.7224156658908,29991200,29991200,29991200
1992-06-23 22:00:00,251.7224156658908,251.7224156658908,251.7224156658908,29991200,29991200,29991200
1992-06-24 22:00:00,251.7224156658908,251.7224156658908,251.7224156658908,29991200,29991200,29991200
1992-06-25 22:00:00,251.7224156658908,251.7224156658908,251.7224156658908,29991200,29991200,29991200
1992-06-26 22:00:00,251.7224156658908,251.7224156658908,251.7224156658908,29991200,29991200,29991200
1992-06-29 22:00:00,251.7224156658908,251.7224156658908,251.7224156658908,29991200,29991200,29991200
1992-06-30 22:00:00,251.7224156658908,251.7224156658908,251.7224156658908,29991200,29991200,29991200
1992-07-01 22:00:00,233.88773994475588,233.88773994475588,233.88773994475588,29991200,29991200,29991200
1992-07-02 22:00:00,233.88773994475588,233.88773994475588,233.88773994475588,29991200,29991200,29991200
1992-07-03 22:00:00,233.88773994475588,233.88773994475588,233.88773994475588,29991200,29991200,29991200
1992-07-06 22:00:00,233.88773994475588,233.88773994475588,233.88773994475588,29991200,29991200,29991200
1992-07-07 22:00:00,233.88773994475588,233.88773994475588,233.88773994475588,29991200,29991200,29991200
1992-07-08 22:00:00,233.88773994475588,233.88773994475588,233.88773994475588,29991200,29991200,29991200
1992-07-09 22:00:00,233.88773994475588,233.88773994475588,233.88773994475588,29991200,29991200,29991200
1992-07-10 22:00:00,233.88773994475588,233.88773994475588,233.88773994475588,29991200,29991200,29991200
1992-07-13 22:00:00,233.88773994475588,233.88773994475588,233.88773994475588,29991200,29991200,29991200
1992-07-14 22:00:00,233.88773994475588,233.88773994475588,233.88773994475588,29991200,29991200,29991200
1992-07-15 22:00:00,233.88773994475588,233.88773994475588,233.88773994475588,29991200,29991200,29991200
1992-07-16 22:00:00,233.88773994475588,233.88773994475588,233.88773994475588,29991200,29991200,29991200
1992-07-17 22:00:00,233.88773994475588,233.88773994475588,233.88773994475588,29991200,29991200,29991200
1992-07-20 22:00:00,233.88773994475588,233.88773994475588,233.88773994475588,29991200,29991200,29991200
1992-07-21 22:00:00,233.88773994475588,233.88773994475588,233.88773994475588,29991200,29991200,29991200
1992-07-22 22:00:00,233.88773994475588,233.88773994475588,233.88773994475588,29991200,29991200,29991200
1992-07-23 22:00:00,233.88773994475588,233.88773994475588,233.88773994475588,29991200,29991200,29991200
1992-07-24 22:00:00,233.88773994475588,233.88773994475588,233.88773994475588,29991200,29991200,29991200
1992-07-27 22:00:00,233.88773994475588,233.88773994475588,233.88773994475588,29991200,29991200,29991200
1992-07-28 22:00:00,233.88773994475588,233.88773994475588,233.88773994475588,29991200,29991200,29991200
1992-07-29 22:00:00,233.88773994475588,233.88773994475588,233.88773994475588,29991200,29991200,29991200
1992-07-30 22:00:00,233.88773994475588,233.88773994475588,233.88773994475588,29991200,29991200,29991200
1992-07-31 22:00:00,233.88773994475588,233.88773994475588,233.88773994475588,29991200,29991200,29991200
1992-08-03 22:00:00,233.88773994475588,233.88773994475588,233.88773994475588,29991200,29991200,29991200
1992-08-04 22:00:00,233.88773994475588,233.88773994475588,233.88773994475588,29991200,29991200,29991200
1992-08-05 22:00:00,233.88773994475588,233.88773994475588,233.88773994475588,29991200,29991200,29991200
1992-08-06 22:00:00,233.88773994475588,233.88773994475588,233.88773994475588,29991200,29991200,29991200
1992-08-07 22:00:00,233.88773994475588,233.88773994475588,233.88773994475588,29991200,29991200,29991200
1992-08-10 22:00:00,233.88773994475588,233.88773994475588,233.88773994475588,29991200,29991200,29991200
1992-08-11 22:00:00,233.88773994475588,233.88773994475588,233.88773994475588,29991200,29991200,29991200
1992-08-12 22:00:00,233.88773994475588,233.88773994475588,233.88773994475588,29991200,29991200,29991200
1992-08-13 22:00:00,233.88773994475588,233.88773994475588,233.88773994475588,29991200,29991200,29991200
1992-08-14 22:00:00,233.88773994475588,233.88773994475588,233.88773994475588,29991200,29991200,29991200
1992-08-17 22:00:00,233.88773994475588,233.88773994475588,233.88773994475588,29991200,29991200,29991200
1992-08-18 22:00:00,233.88773994475588,233.88773994475588,233.88773994475588,29991200,29991200,29991200
1992-08-19 22:00:00,233.88773994475588,233.88773994475588,233.88773994475588,29991200,29991200,29991200
1992-08-20 22:00:00,233.88773994475588,233.88773994475588,233.88773994475588,29991200,29991200,29991200
1992-08-21 22:00:00,233.88773994475588,233.88773994475588,233.88773994475588,29991200,29991200,29991200
1992-08-24 22:00:00,233.88773994475588,233.88773994475588,233.88773994475588,29991200,29991200,29991200
1992-08-25 22:00:00,233.88773994475588,233.88773994475588,233.88773994475588,29991200,29991200,29991200
1992-08-26 22:00:00,233.88773994475588,233.88773994475588,233.88773994475588,29991200,29991200,29991200
1992-08-27 22:00:00,233.88773994475588,233.88773994475588,233.88773994475588,29991200,29991200,29991200
1992-08-28 22:00:00,233.88773994475588,233.88773994475588,233.88773994475588,29991200,29991200,29991200
1992-08-31 22:00:00,233.88773994475588,233.88773994475588,233.88773994475588,29991200,29991200,29991200
1992-09-01 22:00:00,224.345792056703,224.345792056703,224.345792056703,29991200,29991200,29991200
1992-09-02 22:00:00,224.345792056703,224.345792056703,224.345792056703,29991200,29991200,29991200
1992-09-03 22:00:00,224.345792056703,224.345792056703,224.345792056703,29991200,29991200,29991200
1992-09-04 22:00:00,224.345792056703,224.345792056703,224.345792056703,29991200,29991200,29991200
1992-09-07 22:00:00,224.345792056703,224.345792056703,224.345792056703,29991200,29991200,29991200
1992-09-08 22:00:00,224.345792056703,224.345792056703,224.345792056703,29991200,29991200,29991200
1992-09-09 22:00:00,224.345792056703,224.345792056703,224.345792056703,29991200,29991200,29991200
1992-09-10 22:00:00,224.345792056703,224.345792056703,224.345792056703,29991200,29991200,29991200
1992-09-11 22:00:00,224.345792056703,224.345792056703,224.345792056703,29991200,29991200,29991200
1992-09-14 22:00:00,224.345792056703,224.345792056703,224.345792056703,29991200,29991200,29991200
1992-09-15 22:00:00,224.345792056703,224.345792056703,224.345792056703,29991200,29991200,29991200
1992-09-16 22:00:00,224.345792056703,224.345792056703,224.345792056703,29991200,29991200,29991200
1992-09-17 22:00:00,224.345792056703,224.345792056703,224.345792056703,29991200,29991200,29991200
1992-09-18 22:00:00,224.345792056703,224.345792056703,224.345792056703,29991200,29991200,29991200
1992-09-21 22:00:00,224.345792056703,224.345792056703,224.345792056703,29991200,29991200,29991200
1992-09-22 22:00:00,224.345792056703,224.345792056703,224.345792056703,29991200,29991200,29991200
1992-09-23 22:00:00,224.345792056703,224.345792056703,224.345792056703,29991200,29991200,29991200
1992-09-24 22:00:00,224.345792056703,224.345792056703,224.345792056703,29991200,29991200,29991200
1992-09-25 22:00:00,224.345792056703,224.345792056703,224.345792056703,29991200,29991200,29991200
1992-09-28 22:00:00,224.345792056703,224.345792056703,224.345792056703,29991200,29991200,29991200
1992-09-29 22:00:00,224.345792056703,224.345792056703,224.345792056703,29991200,29991200,29991200
1992-09-30 22:00:00,224.345792056703,224.345792056703,224.345792056703,29991200,29991200,29991200
1992-10-01 22:00:00,215.9927145026231,215.9927145026231,215.9927145026231,29991200,29991200,29991200
1992-10-02 22:00:00,215.9927145026231,215.9927145026231,215.9927145026231,29991200,29991200,29991200
1992-10-05 22:00:00,215.9927145026231,215.9927145026231,215.9927145026231,29991200,29991200,29991200
1992-10-06 22:00:00,215.9927145026231,215.9927145026231,215.9927145026231,29991200,29991200,29991200
1992-10-07 22:00:00,215.9927145026231,215.9927145026231,215.9927145026231,29991200,29991200,29991200
1992-10-08 22:00:00,215.9927145026231,215.9927145026231,215.9927145026231,29991200,29991200,29991200
1992-10-09 22:00:00,215.9927145026231,215.9927145026231,215.9927145026231,29991200,29991200,29991200
1992-10-12 22:00:00,215.9927145026231,215.9927145026231,215.9927145026231,29991200,29991200,29991200
1992-10-13 22:00:00,215.9927145026231,215.9927145026231,215.9927145026231,29991200,29991200,29991200
1992-10-14 22:00:00,215.9927145026231,215.9927145026231,215.9927145026231,29991200,29991200,29991200
1992-10-15 22:00:00,215.9927145026231,215.9927145026231,215.9927145026231,29991200,29991200,29991200
1992-10-16 22:00:00,215.9927145026231,215.9927145026231,215.9927145026231,29991200,29991200,29991200
1992-10-19 22:00:00,215.9927145026231,215.9927145026231,215.9927145026231,29991200,29991200,29991200
1992-10-20 22:00:00,215.9927145026231,215.9927145026231,215.9927145026231,29991200,29991200,29991200
1992-10-21 22:00:00,215.9927145026231,215.9927145026231,215.9927145026231,29991200,29991200,29991200
1992-10-22 22:00:00,215.9927145026231,215.9927145026231,215.9927145026231,29991200,29991200,29991200
1992-10-23 22:00:00,215.9927145026231,215.9927145026231,215.9927145026231,29991200,29991200,29991200
1992-10-26 22:00:00,215.9927145026231,215.9927145026231,215.9927145026231,29991200,29991200,29991200
1992-10-27 22:00:00,215.9927145026231,215.9927145026231,215.9927145026231,29991200,29991200,29991200
1992-10-28 22:00:00,215.9927145026231,215.9927145026231,215.9927145026231,29991200,29991200,29991200
1992-10-29 22:00:00,215.9927145026231,215.9927145026231,215.9927145026231,29991200,29991200,29991200
1992-10-30 22:00:00,215.9927145026231,215.9927145026231,215.9927145026231,29991200,29991200,29991200
1992-11-02 22:00:00,215.9927145026231,215.9927145026231,215.9927145026231,29991200,29991200,29991200
1992-11-03 22:00:00,215.9927145026231,215.9927145026231,215.9927145026231,29991200,29991200,29991200
1992-11-04 22:00:00,215.9927145026231,215.9927145026231,215.9927145026231,29991200,29991200,29991200
1992-11-05 22:00:00,215.9927145026231,215.9927145026231,215.9927145026231,29991200,29991200,29991200
1992-11-06 22:00:00,215.9927145026231,215.9927145026231,215.9927145026231,29991200,29991200,29991200
1992-11-09 22:00:00,215.9927145026231,215.9927145026231,215.9927145026231,29991200,29991200,29991200
1992-11-10 22:00:00,215.9927145026231,215.9927145026231,215.9927145026231,29991200,29991200,29991200
1992-11-11 22:00:00,215.9927145026231,215.9927145026231,215.9927145026231,29991200,29991200,29991200
1992-11-12 22:00:00,215.9927145026231,215.9927145026231,215.9927145026231,29991200,29991200,29991200
1992-11-13 22:00:00,215.9927145026231,215.9927145026231,215.9927145026231,29991200,29991200,29991200
1992-11-16 22:00:00,215.9927145026231,215.9927145026231,215.9927145026231,29991200,29991200,29991200
1992-11-17 22:00:00,215.9927145026231,215.9927145026231,215.9927145026231,29991200,29991200,29991200
1992-11-18 22:00:00,215.9927145026231,215.9927145026231,215.9927145026231,29991200,29991200,29991200
1992-11-19 22:00:00,215.9927145026231,215.9927145026231,215.9927145026231,29991200,29991200,29991200
1992-11-20 22:00:00,215.9927145026231,215.9927145026231,215.9927145026231,29991200,29991200,29991200
1992-11-23 22:00:00,215.9927145026231,215.9927145026231,215.9927145026231,29991200,29991200,29991200
1992-11-24 22:00:00,215.9927145026231,215.9927145026231,215.9927145026231,29991200,29991200,29991200
1992-11-25 22:00:00,215.9927145026231,215.9927145026231,215.9927145026231,29991200,29991200,29991200
1992-11-26 22:00:00,215.9927145026231,215.9927145026231,215.9927145026231,29991200,29991200,29991200
1992-11-27 22:00:00,215.9927145026231,215.9927145026231,215.9927145026231,29991200,29991200,29991200
1992-11-30 22:00:00,215.9927145026231,215.9927145026231,215.9927145026231,29991200,29991200,29991200
1992-12-01 22:00:00,214.8132721787742,214.8132721787742,214.8132721787742,29991200,29991200,29991200
1992-12-02 22:00:00,214.8132721787742,214.8132721787742,214.8132721787742,29991200,29991200,29991200
1992-12-03 22:00:00,214.8132721787742,214.8132721787742,214.8132721787742,29991200,29991200,29991200
1992-12-04 22:00:00,214.8132721787742,214.8132721787742,214.8132721787742,29991200,29991200,29991200
1992-12-07 22:00:00,214.8132721787742,214.8132721787742,214.8132721787742,29991200,29991200,29991200
1992-12-08 22:00:00,214.8132721787742,214.8132721787742,214.8132721787742,29991200,29991200,29991200
1992-12-09 22:00:00,214.8132721787742,214.8132721787742,214.8132721787742,29991200,29991200,29991200
1992-12-10 22:00:00,214.8132721787742,214.8132721787742,214.8132721787742,29991200,29991200,29991200
1992-12-11 22:00:00,214.8132721787742,214.8132721787742,214.8132721787742,29991200,29991200,29991200
1992-12-14 22:00:00,214.8132721787742,214.8132721787742,214.8132721787742,29991200,29991200,29991200
1992-12-15 22:00:00,214.8132721787742,214.8132721787742,214.8132721787742,29991200,29991200,29991200
1992-12-16 22:00:00,214.8132721787742,214.8132721787742,214.8132721787742,29991200,29991200,29991200
1992-12-17 22:00:00,214.8132721787742,214.8132721787742,214.8132721787742,29991200,29991200,29991200
1992-12-18 22:00:00,214.8132721787742,214.8132721787742,214.8132721787742,29991200,29991200,29991200
1992-12-21 22:00:00,214.8132721787742,214.8132721787742,214.8132721787742,29991200,29991200,29991200
1992-12-22 22:00:00,214.8132721787742,214.8132721787742,214.8132721787742,29991200,29991200,29991200
1992-12-23 22:00:00,214.8132721787742,214.8132721787742,214.8132721787742,29991200,29991200,29991200
1992-12-24 22:00:00,214.8132721787742,214.8132721787742,214.8132721787742,29991200,29991200,29991200
1992-12-25 22:00:00,214.8132721787742,214.8132721787742,214.8132721787742,29991200,29991200,29991200
1992-12-28 22:00:00,214.8132721787742,214.8132721787742,214.8132721787742,29991200,29991200,29991200
1992-12-29 22:00:00,214.8132721787742,214.8132721787742,214.8132721787742,29991200,29991200,29991200
1992-12-30 22:00:00,214.8132721787742,214.8132721787742,214.8132721787742,29991200,29991200,29991200
1992-12-31 22:00:00,214.8132721787742,214.8132721787742,214.8132721787742,29991200,29991200,29991200
1993-01-01 22:00:00,214.93158412098103,214.93158412098103,214.93158412098103,29991200,29991200,29991200
1993-01-04 22:00:00,214.93158412098103,214.93158412098103,214.93158412098103,29991200,29991200,29991200
1993-01-05 22:00:00,214.93158412098103,214.93158412098103,214.93158412098103,29991200,29991200,29991200
1993-01-06 22:00:00,214.93158412098103,214.93158412098103,214.93158412098103,29991200,29991200,29991200
1993-01-07 22:00:00,214.93158412098103,214.93158412098103,214.93158412098103,29991200,29991200,29991200
1993-01-08 22:00:00,214.93158412098103,214.93158412098103,214.93158412098103,29991200,29991200,29991200
1993-01-11 22:00:00,214.93158412098103,214.93158412098103,214.93158412098103,29991200,29991200,29991200
1993-01-12 22:00:00,214.93158412098103,214.93158412098103,214.93158412098103,29991200,29991200,29991200
1993-01-13 22:00:00,214.93158412098103,214.93158412098103,214.93158412098103,29991200,29991200,29991200
1993-01-14 22:00:00,214.93158412098103,214.93158412098103,214.93158412098103,29991200,29991200,29991200
1993-01-15 22:00:00,214.93158412098103,214.93158412098103,214.93158412098103,29991200,29991200,29991200
1993-01-18 22:00:00,214.93158412098103,214.93158412098103,214.93158412098103,29991200,29991200,29991200
1993-01-19 22:00:00,214.93158412098103,214.93158412098103,214.93158412098103,29991200,29991200,29991200
1993-01-20 22:00:00,214.93158412098103,214.93158412098103,214.93158412098103,29991200,29991200,29991200
1993-01-21 22:00:00,214.93158412098103,214.93158412098103,214.93158412098103,29991200,29991200,29991200
1993-01-22 22:00:00,214.93158412098103,214.93158412098103,214.93158412098103,29991200,29991200,29991200
1993-01-25 22:00:00,214.93158412098103,214.93158412098103,214.93158412098103,29991200,29991200,29991200
1993-01-26 22:00:00,214.93158412098103,214.93158412098103,214.93158412098103,29991200,29991200,29991200
1993-01-27 22:00:00,214.93158412098103,214.93158412098103,214.93158412098103,29991200,29991200,29991200
1993-01-28 22:00:00,214.93158412098103,214.93158412098103,214.93158412098103,29991200,29991200,29991200
1993-01-29 22:00:00,214.93158412098103,214.93158412098103,214.93158412098103,29991200,29991200,29991200
1993-02-01 22:00:00,215.2944492352289,215.2944492352289,215.2944492352289,29991200,29991200,29991200
1993-02-02 22:00:00,215.2944492352289,215.2944492352289,215.2944492352289,29991200,29991200,29991200
1993-02-03 22:00:00,215.2944492352289,215.2944492352289,215.2944492352289,29991200,29991200,29991200
1993-02-04 22:00:00,215.2944492352289,215.2944492352289,215.2944492352289,29991200,29991200,29991200
1993-02-05 22:00:00,215.2944492352289,215.2944492352289,215.2944492352289,29991200,29991200,29991200
1993-02-08 22:00:00,215.2944492352289,215.2944492352289,215.2944492352289,29991200,29991200,29991200
1993-02-09 22:00:00,215.2944492352289,215.2944492352289,215.2944492352289,29991200,29991200,29991200
1993-02-10 22:00:00,215.2944492352289,215.2944492352289,215.2944492352289,29991200,29991200,29991200
1993-02-11 22:00:00,215.2944492352289,215.2944492352289,215.2944492352289,29991200,29991200,29991200
1993-02-12 22:00:00,215.2944492352289,215.2944492352289,215.2944492352289,29991200,29991200,29991200
1993-02-15 22:00:00,215.2944492352289,215.2944492352289,215.2944492352289,29991200,29991200,29991200
1993-02-16 22:00:00,215.2944492352289,215.2944492352289,215.2944492352289,29991200,29991200,29991200
1993-02-17 22:00:00,215.2944492352289,215.2944492352289,215.2944492352289,29991200,29991200,29991200
1993-02-18 22:00:00,215.2944492352289,215.2944492352289,215.2944492352289,29991200,29991200,29991200
1993-02-19 22:00:00,215.2944492352289,215.2944492352289,215.2944492352289,29991200,29991200,29991200
1993-02-22 22:00:00,215.2944492352289,215.2944492352289,215.2944492352289,29991200,29991200,29991200
1993-02-23 22:00:00,215.2944492352289,215.2944492352289,215.2944492352289,29991200,29991200,29991200
1993-02-24 22:00:00,215.2944492352289,215.2944492352289,215.2944492352289,29991200,29991200,29991200
1993-02-25 22:00:00,215.2944492352289,215.2944492352289,215.2944492352289,29991200,29991200,29991200
1993-02-26 22:00:00,215.2944492352289,215.2944492352289,215.2944492352289,29991200,29991200,29991200
1993-03-01 22:00:00,222.7891421928534,222.7891421928534,222.7891421928534,29991200,29991200,29991200
1993-03-02 22:00:00,222.7891421928534,222.7891421928534,222.7891421928534,29991200,29991200,29991200
1993-03-03 22:00:00,222.7891421928534,222.7891421928534,222.7891421928534,29991200,29991200,29991200
1993-03-04 22:00:00,222.7891421928534,222.7891421928534,222.7891421928534,29991200,29991200,29991200
1993-03-05 22:00:00,222.7891421928534,222.7891421928534,222.7891421928534,29991200,29991200,29991200
1993-03-08 22:00:00,222.7891421928534,222.7891421928534,222.7891421928534,29991200,29991200,29991200
1993-03-09 22:00:00,222.7891421928534,222.7891421928534,222.7891421928534,29991200,29991200,29991200
1993-03-10 22:00:00,222.7891421928534,222.7891421928534,222.7891421928534,29991200,29991200,29991200
1993-03-11 22:00:00,222.7891421928534,222.7891421928534,222.7891421928534,29991200,29991200,29991200
1993-03-12 22:00:00,222.7891421928534,222.7891421928534,222.7891421928534,29991200,29991200,29991200
1993-03-15 22:00:00,222.7891421928534,222.7891421928534,222.7891421928534,29991200,29991200,29991200
1993-03-16 22:00:00,222.7891421928534,222.7891421928534,222.7891421928534,29991200,29991200,29991200
1993-03-17 22:00:00,222.7891421928534,222.7891421928534,222.7891421928534,29991200,29991200,29991200
1993-03-18 22:00:00,222.7891421928534,222.7891421928534,222.7891421928534,29991200,29991200,29991200
1993-03-19 22:00:00,222.7891421928534,222.7891421928534,222.7891421928534,29991200,29991200,29991200
1993-03-22 22:00:00,222.7891421928534,222.7891421928534,222.7891421928534,29991200,29991200,29991200
1993-03-23 22:00:00,222.7891421928534,222.7891421928534,222.7891421928534,29991200,29991200,29991200
1993-03-24 22:00:00,222.7891421928534,222.7891421928534,222.7891421928534,29991200,29991200,29991200
1993-03-25 22:00:00,222.7891421928534,222.7891421928534,222.7891421928534,29991200,29991200,29991200
1993-03-26 22:00:00,222.7891421928534,222.7891421928534,222.7891421928534,29991200,29991200,29991200
1993-03-29 22:00:00,222.7891421928534,222.7891421928534,222.7891421928534,29991200,29991200,29991200
1993-03-30 22:00:00,222.7891421928534,222.7891421928534,222.7891421928534,29991200,29991200,29991200
1993-03-31 22:00:00,222.7891421928534,222.7891421928534,222.7891421928534,29991200,29991200,29991200
1993-04-01 22:00:00,229.5325046504993,229.5325046504993,229.5325046504993,29991200,29991200,29991200
1993-04-02 22:00:00,229.5325046504993,229.5325046504993,229.5325046504993,29991200,29991200,29991200
1993-04-05 22:00:00,229.5325046504993,229.5325046504993,229.5325046504993,29991200,29991200,29991200
1993-04-06 22:00:00,229.5325046504993,229.5325046504993,229.5325046504993,29991200,29991200,29991200
1993-04-07 22:00:00,229.5325046504993,229.5325046504993,229.5325046504993,29991200,29991200,29991200
1993-04-08 22:00:00,229.5325046504993,229.5325046504993,229.5325046504993,29991200,29991200,29991200
1993-04-09 22:00:00,229.5325046504993,229.5325046504993,229.5325046504993,29991200,29991200,29991200
1993-04-12 22:00:00,229.5325046504993,229.5325046504993,229.5325046504993,29991200,29991200,29991200
1993-04-13 22:00:00,229.5325046504993,229.5325046504993,229.5325046504993,29991200,29991200,29991200
1993-04-14 22:00:00,229.5325046504993,229.5325046504993,229.5325046504993,29991200,29991200,29991200
1993-04-15 22:00:00,229.5325046504993,229.5325046504993,229.5325046504993,29991200,29991200,29991200
1993-04-16 22:00:00,229.5325046504993,229.5325046504993,229.5325046504993,29991200,29991200,29991200
1993-04-19 22:00:00,229.5325046504993,229.5325046504993,229.5325046504993,29991200,29991200,29991200
1993-04-20 22:00:00,229.5325046504993,229.5325046504993,229.5325046504993,29991200,29991200,29991200
1993-04-21 22:00:00,229.5325046504993,229.5325046504993,229.5325046504993,29991200,29991200,29991200
1993-04-22 22:00:00,229.5325046504993,229.5325046504993,229.5325046504993,29991200,29991200,29991200
1993-04-23 22:00:00,229.5325046504993,229.5325046504993,229.5325046504993,29991200,29991200,29991200
1993-04-26 22:00:00,229.5325046504993,229.5325046504993,229.5325046504993,29991200,29991200,29991200
1993-04-27 22:00:00,229.5325046504993,229.5325046504993,229.5325046504993,29991200,29991200,29991200
1993-04-28 22:00:00,229.5325046504993,229.5325046504993,229.5325046504993,29991200,29991200,29991200
1993-04-29 22:00:00,229.5325046504993,229.5325046504993,229.5325046504993,29991200,29991200,29991200
1993-04-30 22:00:00,229.5325046504993,229.5325046504993,229.5325046504993,29991200,29991200,29991200
1993-05-03 22:00:00,229.5325046504993,229.5325046504993,229.5325046504993,29991200,29991200,29991200
1993-05-04 22:00:00,229.5325046504993,229.5325046504993,229.5325046504993,29991200,29991200,29991200
1993-05-05 22:00:00,229.5325046504993,229.5325046504993,229.5325046504993,29991200,29991200,29991200
1993-05-06 22:00:00,229.5325046504993,229.5325046504993,229.5325046504993,29991200,29991200,29991200
1993-05-07 22:00:00,229.5325046504993,229.5325046504993,229.5325046504993,29991200,29991200,29991200
1993-05-10 22:00:00,229.5325046504993,229.5325046504993,229.5325046504993,29991200,29991200,29991200
1993-05-11 22:00:00,229.5325046504993,229.5325046504993,229.5325046504993,29991200,29991200,29991200
1993-05-12 22:00:00,229.5325046504993,229.5325046504993,229.5325046504993,29991200,29991200,29991200
1993-05-13 22:00:00,229.5325046504993,229.5325046504993,229.5325046504993,29991200,29991200,29991200
1993-05-14 22:00:00,229.5325046504993,229.5325046504993,229.5325046504993,29991200,29991200,29991200
1993-05-17 22:00:00,229.5325046504993,229.5325046504993,229.5325046504993,29991200,29991200,29991200
1993-05-18 22:00:00,229.5325046504993,229.5325046504993,229.5325046504993,29991200,29991200,29991200
1993-05-19 22:00:00,229.5325046504993,229.5325046504993,229.5325046504993,29991200,29991200,29991200
1993-05-20 22:00:00,229.5325046504993,229.5325046504993,229.5325046504993,29991200,29991200,29991200
1993-05-21 22:00:00,229.5325046504993,229.5325046504993,229.5325046504993,29991200,29991200,29991200
1993-05-24 22:00:00,229.5325046504993,229.5325046504993,229.5325046504993,29991200,29991200,29991200
1993-05-25 22:00:00,229.5325046504993,229.5325046504993,229.5325046504993,29991200,29991200,29991200
1993-05-26 22:00:00,229.5325046504993,229.5325046504993,229.5325046504993,29991200,29991200,29991200
1993-05-27 22:00:00,229.5325046504993,229.5325046504993,229.5325046504993,29991200,29991200,29991200
1993-05-28 22:00:00,229.5325046504993,229.5325046504993,229.5325046504993,29991200,29991200,29991200
1993-05-31 22:00:00,229.5325046504993,229.5325046504993,229.5325046504993,29991200,29991200,29991200
1993-06-01 22:00:00,211.8045170587198,211.8045170587198,211.8045170587198,29991200,29991200,29991200
1993-06-02 22:00:00,211.8045170587198,211.8045170587198,211.8045170587198,29991200,29991200,29991200
1993-06-03 22:00:00,211.8045170587198,211.8045170587198,211.8045170587198,29991200,29991200,29991200
1993-06-04 22:00:00,211.8045170587198,211.8045170587198,211.8045170587198,29991200,29991200,29991200
1993-06-07 22:00:00,211.8045170587198,211.8045170587198,211.8045170587198,29991200,29991200,29991200
1993-06-08 22:00:00,211.8045170587198,211.8045170587198,211.8045170587198,29991200,29991200,29991200
1993-06-09 22:00:00,211.8045170587198,211.8045170587198,211.8045170587198,29991200,29991200,29991200
1993-06-10 22:00:00,211.8045170587198,211.8045170587198,211.8045170587198,29991200,29991200,29991200
1993-06-11 22:00:00,211.8045170587198,211.8045170587198,211.8045170587198,29991200,29991200,29991200
1993-06-14 22:00:00,211.8045170587198,211.8045170587198,211.8045170587198,29991200,29991200,29991200
1993-06-15 22:00:00,211.8045170587198,211.8045170587198,211.8045170587198,29991200,29991200,29991200
1993-06-16 22:00:00,211.8045170587198,211.8045170587198,211.8045170587198,29991200,29991200,29991200
1993-06-17 22:00:00,211.8045170587198,211.8045170587198,211.8045170587198,29991200,29991200,29991200
1993-06-18 22:00:00,211.8045170587198,211.8045170587198,211.8045170587198,29991200,29991200,29991200
1993-06-21 22:00:00,211.8045170587198,211.8045170587198,211.8045170587198,29991200,29991200,29991200
1993-06-22 22:00:00,211.8045170587198,211.8045170587198,211.8045170587198,29991200,29991200,29991200
1993-06-23 22:00:00,211.8045170587198,211.8045170587198,211.8045170587198,29991200,29991200,29991200
1993-06-24 22:00:00,211.8045170587198,211.8045170587198,211.8045170587198,29991200,29991200,29991200
1993-06-25 22:00:00,211.8045170587198,211.8045170587198,211.8045170587198,29991200,29991200,29991200
1993-06-28 22:00:00,211.8045170587198,211.8045170587198,211.8045170587198,29991200,29991200,29991200
1993-06-29 22:00:00,211.8045170587198,211.8045170587198,211.8045170587198,29991200,29991200,29991200
1993-06-30 22:00:00,211.8045170587198,211.8045170587198,211.8045170587198,29991200,29991200,29991200
1993-07-01 22:00:00,232.7333750822173,232.7333750822173,232.7333750822173,29991200,29991200,29991200
1993-07-02 22:00:00,232.7333750822173,232.7333750822173,232.7333750822173,29991200,29991200,29991200
1993-07-05 22:00:00,232.7333750822173,232.7333750822173,232.7333750822173,29991200,29991200,29991200
1993-07-06 22:00:00,232.7333750822173,232.7333750822173,232.7333750822173,29991200,29991200,29991200
1993-07-07 22:00:00,232.7333750822173,232.7333750822173,232.7333750822173,29991200,29991200,29991200
1993-07-08 22:00:00,232.7333750822173,232.7333750822173,232.7333750822173,29991200,29991200,29991200
1993-07-09 22:00:00,232.7333750822173,232.7333750822173,232.7333750822173,29991200,29991200,29991200
1993-07-12 22:00:00,232.7333750822173,232.7333750822173,232.7333750822173,29991200,29991200,29991200
1993-07-13 22:00:00,232.7333750822173,232.7333750822173,232.7333750822173,29991200,29991200,29991200
1993-07-14 22:00:00,232.7333750822173,232.7333750822173,232.7333750822173,29991200,29991200,29991200
1993-07-15 22:00:00,232.7333750822173,232.7333750822173,232.7333750822173,29991200,29991200,29991200
1993-07-16 22:00:00,232.7333750822173,232.7333750822173,232.7333750822173,29991200,29991200,29991200
1993-07-19 22:00:00,232.7333750822173,232.7333750822173,232.7333750822173,29991200,29991200,29991200
1993-07-20 22:00:00,232.7333750822173,232.7333750822173,232.7333750822173,29991200,29991200,29991200
1993-07-21 22:00:00,232.7333750822173,232.7333750822173,232.7333750822173,29991200,29991200,29991200
1993-07-22 22:00:00,232.7333750822173,232.7333750822173,232.7333750822173,29991200,29991200,29991200
1993-07-23 22:00:00,232.7333750822173,232.7333750822173,232.7333750822173,29991200,29991200,29991200
1993-07-26 22:00:00,232.7333750822173,232.7333750822173,232.7333750822173,29991200,29991200,29991200
1993-07-27 22:00:00,232.7333750822173,232.7333750822173,232.7333750822173,29991200,29991200,29991200
1993-07-28 22:00:00,232.7333750822173,232.7333750822173,232.7333750822173,29991200,29991200,29991200
1993-07-29 22:00:00,232.7333750822173,232.7333750822173,232.7333750822173,29991200,29991200,29991200
1993-07-30 22:00:00,232.7333750822173,232.7333750822173,232.7333750822173,29991200,29991200,29991200
1993-08-02 22:00:00,232.7333750822173,232.7333750822173,232.7333750822173,29991200,29991200,29991200
1993-08-03 22:00:00,232.7333750822173,232.7333750822173,232.7333750822173,29991200,29991200,29991200
1993-08-04 22:00:00,232.7333750822173,232.7333750822173,232.7333750822173,29991200,29991200,29991200
1993-08-05 22:00:00,232.7333750822173,232.7333750822173,232.7333750822173,29991200,29991200,29991200
1993-08-06 22:00:00,232.7333750822173,232.7333750822173,232.7333750822173,29991200,29991200,29991200
1993-08-09 22:00:00,232.7333750822173,232.7333750822173,232.7333750822173,29991200,29991200,29991200
1993-08-10 22:00:00,232.7333750822173,232.7333750822173,232.7333750822173,29991200,29991200,29991200
1993-08-11 22:00:00,232.7333750822173,232.7333750822173,232.7333750822173,29991200,29991200,29991200
1993-08-12 22:00:00,232.7333750822173,232.7333750822173,232.7333750822173,29991200,29991200,29991200
1993-08-13 22:00:00,232.7333750822173,232.7333750822173,232.7333750822173,29991200,29991200,29991200
1993-08-16 22:00:00,232.7333750822173,232.7333750822173,232.7333750822173,29991200,29991200,29991200
1993-08-17 22:00:00,232.7333750822173,232.7333750822173,232.7333750822173,29991200,29991200,29991200
1993-08-18 22:00:00,232.7333750822173,232.7333750822173,232.7333750822173,29991200,29991200,29991200
1993-08-19 22:00:00,232.7333750822173,232.7333750822173,232.7333750822173,29991200,29991200,29991200
1993-08-20 22:00:00,232.7333750822173,232.7333750822173,232.7333750822173,29991200,29991200,29991200
1993-08-23 22:00:00,232.7333750822173,232.7333750822173,232.7333750822173,29991200,29991200,29991200
1993-08-24 22:00:00,232.7333750822173,232.7333750822173,232.7333750822173,29991200,29991200,29991200
1993-08-25 22:00:00,232.7333750822173,232.7333750822173,232.7333750822173,29991200,29991200,29991200
1993-08-26 22:00:00,232.7333750822173,232.7333750822173,232.7333750822173,29991200,29991200,29991200
1993-08-27 22:00:00,232.7333750822173,232.7333750822173,232.7333750822173,29991200,29991200,29991200
1993-08-30 22:00:00,232.7333750822173,232.7333750822173,232.7333750822173,29991200,29991200,29991200
1993-08-31 22:00:00,232.7333750822173,232.7333750822173,232.7333750822173,29991200,29991200,29991200
1993-09-01 22:00:00,230.775799523508,230.775799523508,230.775799523508,29991200,29991200,29991200
1993-09-02 22:00:00,230.775799523508,230.775799523508,230.775799523508,29991200,29991200,29991200
1993-09-03 22:00:00,230.775799523508,230.775799523508,230.775799523508,29991200,29991200,29991200
1993-09-06 22:00:00,230.775799523508,230.775799523508,230.775799523508,29991200,29991200,29991200
1993-09-07 22:00:00,230.775799523508,230.775799523508,230.775799523508,29991200,29991200,29991200
1993-09-08 22:00:00,230.775799523508,230.775799523508,230.775799523508,29991200,29991200,29991200
1993-09-09 22:00:00,230.775799523508,230.775799523508,230.775799523508,29991200,29991200,29991200
1993-09-10 22:00:00,230.775799523508,230.775799523508,230.775799523508,29991200,29991200,29991200
1993-09-13 22:00:00,230.775799523508,230.775799523508,230.775799523508,29991200,29991200,29991200
1993-09-14 22:00:00,230.775799523508,230.775799523508,230.775799523508,29991200,29991200,29991200
1993-09-15 22:00:00,230.775799523508,230.775799523508,230.775799523508,29991200,29991200,29991200
1993-09-16 22:00:00,230.775799523508,230.775799523508,230.775799523508,29991200,29991200,29991200
1993-09-17 22:00:00,230.775799523508,230.775799523508,230.775799523508,29991200,29991200,29991200
1993-09-20 22:00:00,230.775799523508,230.775799523508,230.775799523508,29991200,29991200,29991200
1993-09-21 22:00:00,230.775799523508,230.775799523508,230.775799523508,29991200,29991200,29991200
1993-09-22 22:00:00,230.775799523508,230.775799523508,230.775799523508,29991200,29991200,29991200
1993-09-23 22:00:00,230.775799523508,230.775799523508,230.775799523508,29991200,29991200,29991200
1993-09-24 22:00:00,230.775799523508,230.775799523508,230.775799523508,29991200,29991200,29991200
1993-09-27 22:00:00,230.775799523508,230.775799523508,230.775799523508,29991200,29991200,29991200
1993-09-28 22:00:00,230.775799523508,230.775799523508,230.775799523508,29991200,29991200,29991200
1993-09-29 22:00:00,230.775799523508,230.775799523508,230.775799523508,29991200,29991200,29991200
1993-09-30 22:00:00,230.775799523508,230.775799523508,230.775799523508,29991200,29991200,29991200
1993-10-01 22:00:00,241.5936307853689,241.5936307853689,241.5936307853689,29991200,29991200,29991200
1993-10-04 22:00:00,241.5936307853689,241.5936307853689,241.5936307853689,29991200,29991200,29991200
1993-10-05 22:00:00,241.5936307853689,241.5936307853689,241.5936307853689,29991200,29991200,29991200
1993-10-06 22:00:00,241.5936307853689,241.5936307853689,241.5936307853689,29991200,29991200,29991200
1993-10-07 22:00:00,241.5936307853689,241.5936307853689,241.5936307853689,29991200,29991200,29991200
1993-10-08 22:00:00,241.5936307853689,241.5936307853689,241.5936307853689,29991200,29991200,29991200
1993-10-11 22:00:00,241.5936307853689,241.5936307853689,241.5936307853689,29991200,29991200,29991200
1993-10-12 22:00:00,241.5936307853689,241.5936307853689,241.5936307853689,29991200,29991200,29991200
1993-10-13 22:00:00,241.5936307853689,241.5936307853689,241.5936307853689,29991200,29991200,29991200
1993-10-14 22:00:00,241.5936307853689,241.5936307853689,241.5936307853689,29991200,29991200,29991200
1993-10-15 22:00:00,241.5936307853689,241.5936307853689,241.5936307853689,29991200,29991200,29991200
1993-10-18 22:00:00,241.5936307853689,241.5936307853689,241.5936307853689,29991200,29991200,29991200
1993-10-19 22:00:00,241.5936307853689,241.5936307853689,241.5936307853689,29991200,29991200,29991200
1993-10-20 22:00:00,241.5936307853689,241.5936307853689,241.5936307853689,29991200,29991200,29991200
1993-10-21 22:00:00,241.5936307853689,241.5936307853689,241.5936307853689,29991200,29991200,29991200
1993-10-22 22:00:00,241.5936307853689,241.5936307853689,241.5936307853689,29991200,29991200,29991200
1993-10-25 22:00:00,241.5936307853689,241.5936307853689,241.5936307853689,29991200,29991200,29991200
1993-10-26 22:00:00,241.5936307853689,241.5936307853689,241.5936307853689,29991200,29991200,29991200
1993-10-27 22:00:00,241.5936307853689,241.5936307853689,241.5936307853689,29991200,29991200,29991200
1993-10-28 22:00:00,241.5936307853689,241.5936307853689,241.5936307853689,29991200,29991200,29991200
1993-10-29 22:00:00,241.5936307853689,241.5936307853689,241.5936307853689,29991200,29991200,29991200
1993-11-01 22:00:00,264.80291707656335,264.80291707656335,264.80291707656335,29991200,29991200,29991200
1993-11-02 22:00:00,264.80291707656335,264.80291707656335,264.80291707656335,29991200,29991200,29991200
1993-11-03 22:00:00,264.80291707656335,264.80291707656335,264.80291707656335,29991200,29991200,29991200
1993-11-04 22:00:00,264.80291707656335,264.80291707656335,264.80291707656335,29991200,29991200,29991200
1993-11-05 22:00:00,264.80291707656335,264.80291707656335,264.80291707656335,29991200,29991200,29991200
1993-11-08 22:00:00,264.80291707656335,264.80291707656335,264.80291707656335,29991200,29991200,29991200
1993-11-09 22:00:00,264.80291707656335,264.80291707656335,264.80291707656335,29991200,29991200,29991200
1993-11-10 22:00:00,264.80291707656335,264.80291707656335,264.80291707656335,29991200,29991200,29991200
1993-11-11 22:00:00,264.80291707656335,264.80291707656335,264.80291707656335,29991200,29991200,29991200
1993-11-12 22:00:00,264.80291707656335,264.80291707656335,264.80291707656335,29991200,29991200,29991200
1993-11-15 22:00:00,264.80291707656335,264.80291707656335,264.80291707656335,29991200,29991200,29991200
1993-11-16 22:00:00,264.80291707656335,264.80291707656335,264.80291707656335,29991200,29991200,29991200
1993-11-17 22:00:00,264.80291707656335,264.80291707656335,264.80291707656335,29991200,29991200,29991200
1993-11-18 22:00:00,264.80291707656335,264.80291707656335,264.80291707656335,29991200,29991200,29991200
1993-11-19 22:00:00,264.80291707656335,264.80291707656335,264.80291707656335,29991200,29991200,29991200
1993-11-22 22:00:00,264.80291707656335,264.80291707656335,264.80291707656335,29991200,29991200,29991200
1993-11-23 22:00:00,264.80291707656335,264.80291707656335,264.80291707656335,29991200,29991200,29991200
1993-11-24 22:00:00,264.80291707656335,264.80291707656335,264.80291707656335,29991200,29991200,29991200
1993-11-25 22:00:00,264.80291707656335,264.80291707656335,264.80291707656335,29991200,29991200,29991200
1993-11-26 22:00:00,264.80291707656335,264.80291707656335,264.80291707656335,29991200,29991200,29991200
1993-11-29 22:00:00,264.80291707656335,264.80291707656335,264.80291707656335,29991200,29991200,29991200
1993-11-30 22:00:00,264.80291707656335,264.80291707656335,264.80291707656335,29991200,29991200,29991200
1993-12-01 22:00:00,276.9115143751661,276.9115143751661,276.9115143751661,29991200,29991200,29991200
1993-12-02 22:00:00,276.9115143751661,276.9115143751661,276.9115143751661,29991200,29991200,29991200
1993-12-03 22:00:00,276.9115143751661,276.9115143751661,276.9115143751661,29991200,29991200,29991200
1993-12-06 22:00:00,276.9115143751661,276.9115143751661,276.9115143751661,29991200,29991200,29991200
1993-12-07 22:00:00,276.9115143751661,276.9115143751661,276.9115143751661,29991200,29991200,29991200
1993-12-08 22:00:00,276.9115143751661,276.9115143751661,276.9115143751661,29991200,29991200,29991200
1993-12-09 22:00:00,276.9115143751661,276.9115143751661,276.9115143751661,29991200,29991200,29991200
1993-12-10 22:00:00,276.9115143751661,276.9115143751661,276.9115143751661,29991200,29991200,29991200
1993-12-13 22:00:00,276.9115143751661,276.9115143751661,276.9115143751661,29991200,29991200,29991200
1993-12-14 22:00:00,276.9115143751661,276.9115143751661,276.9115143751661,29991200,29991200,29991200
1993-12-15 22:00:00,276.9115143751661,276.9115143751661,276.9115143751661,29991200,29991200,29991200
1993-12-16 22:00:00,276.9115143751661,276.9115143751661,276.9115143751661,29991200,29991200,29991200
1993-12-17 22:00:00,276.9115143751661,276.9115143751661,276.9115143751661,29991200,29991200,29991200
1993-12-20 22:00:00,276.9115143751661,276.9115143751661,276.9115143751661,29991200,29991200,29991200
1993-12-21 22:00:00,276.9115143751661,276.9115143751661,276.9115143751661,29991200,29991200,29991200
1993-12-22 22:00:00,276.9115143751661,276.9115143751661,276.9115143751661,29991200,29991200,29991200
1993-12-23 22:00:00,276.9115143751661,276.9115143751661,276.9115143751661,29991200,29991200,29991200
1993-12-24 22:00:00,276.9115143751661,276.9115143751661,276.9115143751661,29991200,29991200,29991200
1993-12-27 22:00:00,276.9115143751661,276.9115143751661,276.9115143751661,29991200,29991200,29991200
1993-12-28 22:00:00,276.9115143751661,276.9115143751661,276.9115143751661,29991200,29991200,29991200
1993-12-29 22:00:00,276.9115143751661,276.9115143751661,276.9115143751661,29991200,29991200,29991200
1993-12-30 22:00:00,276.9115143751661,276.9115143751661,276.9115143751661,29991200,29991200,29991200
1993-12-31 22:00:00,276.9115143751661,276.9115143751661,276.9115143751661,29991200,29991200,29991200
1994-01-03 22:00:00,276.9115143751661,276.9115143751661,276.9115143751661,29991200,29991200,29991200
1994-01-04 22:00:00,276.9115143751661,276.9115143751661,276.9115143751661,29991200,29991200,29991200
1994-01-05 22:00:00,276.9115143751661,276.9115143751661,276.9115143751661,29991200,29991200,29991200
1994-01-06 22:00:00,276.9115143751661,276.9115143751661,276.9115143751661,29991200,29991200,29991200
1994-01-07 22:00:00,276.9115143751661,276.9115143751661,276.9115143751661,29991200,29991200,29991200
1994-01-10 22:00:00,276.9115143751661,276.9115143751661,276.9115143751661,29991200,29991200,29991200
1994-01-11 22:00:00,276.9115143751661,276.9115143751661,276.9115143751661,29991200,29991200,29991200
1994-01-12 22:00:00,276.9115143751661,276.9115143751661,276.9115143751661,29991200,29991200,29991200
1994-01-13 22:00:00,276.9115143751661,276.9115143751661,276.9115143751661,29991200,29991200,29991200
1994-01-14 22:00:00,276.9115143751661,276.9115143751661,276.9115143751661,29991200,29991200,29991200
1994-01-17 22:00:00,276.9115143751661,276.9115143751661,276.9115143751661,29991200,29991200,29991200
1994-01-18 22:00:00,276.9115143751661,276.9115143751661,276.9115143751661,29991200,29991200,29991200
1994-01-19 22:00:00,276.9115143751661,276.9115143751661,276.9115143751661,29991200,29991200,29991200
1994-01-20 22:00:00,276.9115143751661,276.9115143751661,276.9115143751661,29991200,29991200,29991200
1994-01-21 22:00:00,276.9115143751661,276.9115143751661,276.9115143751661,29991200,29991200,29991200
1994-01-24 22:00:00,276.9115143751661,276.9115143751661,276.9115143751661,29991200,29991200,29991200
1994-01-25 22:00:00,276.9115143751661,276.9115143751661,276.9115143751661,29991200,29991200,29991200
1994-01-26 22:00:00,276.9115143751661,276.9115143751661,276.9115143751661,29991200,29991200,29991200
1994-01-27 22:00:00,276.9115143751661,276.9115143751661,276.9115143751661,29991200,29991200,29991200
1994-01-28 22:00:00,276.9115143751661,276.9115143751661,276.9115143751661,29991200,29991200,29991200
1994-01-31 22:00:00,276.9115143751661,276.9115143751661,276.9115143751661,29991200,29991200,29991200
1994-02-01 22:00:00,282.43814071660336,282.43814071660336,282.43814071660336,29991200,29991200,29991200
1994-02-02 22:00:00,282.43814071660336,282.43814071660336,282.43814071660336,29991200,29991200,29991200
1994-02-03 22:00:00,282.43814071660336,282.43814071660336,282.43814071660336,29991200,29991200,29991200
1994-02-04 22:00:00,282.43814071660336,282.43814071660336,282.43814071660336,29991200,29991200,29991200
1994-02-07 22:00:00,282.43814071660336,282.43814071660336,282.43814071660336,29991200,29991200,29991200
1994-02-08 22:00:00,282.43814071660336,282.43814071660336,282.43814071660336,29991200,29991200,29991200
1994-02-09 22:00:00,282.43814071660336,282.43814071660336,282.43814071660336,29991200,29991200,29991200
1994-02-10 22:00:00,282.43814071660336,282.43814071660336,282.43814071660336,29991200,29991200,29991200
1994-02-11 22:00:00,282.43814071660336,282.43814071660336,282.43814071660336,29991200,29991200,29991200
1994-02-14 22:00:00,282.43814071660336,282.43814071660336,282.43814071660336,29991200,29991200,29991200
1994-02-15 22:00:00,282.43814071660336,282.43814071660336,282.43814071660336,29991200,29991200,29991200
1994-02-16 22:00:00,282.43814071660336,282.43814071660336,282.43814071660336,29991200,29991200,29991200
1994-02-17 22:00:00,282.43814071660336,282.43814071660336,282.43814071660336,29991200,29991200,29991200
1994-02-18 22:00:00,282.43814071660336,282.43814071660336,282.43814071660336,29991200,29991200,29991200
1994-02-21 22:00:00,282.43814071660336,282.43814071660336,282.43814071660336,29991200,29991200,29991200
1994-02-22 22:00:00,282.43814071660336,282.43814071660336,282.43814071660336,29991200,29991200,29991200
1994-02-23 22:00:00,282.43814071660336,282.43814071660336,282.43814071660336,29991200,29991200,29991200
1994-02-24 22:00:00,282.43814071660336,282.43814071660336,282.43814071660336,29991200,29991200,29991200
1994-02-25 22:00:00,282.43814071660336,282.43814071660336,282.43814071660336,29991200,29991200,29991200
1994-02-28 22:00:00,282.43814071660336,282.43814071660336,282.43814071660336,29991200,29991200,29991200
1994-03-01 22:00:00,274.34817609571473,274.34817609571473,274.34817609571473,29991200,29991200,29991200
1994-03-02 22:00:00,274.34817609571473,274.34817609571473,274.34817609571473,29991200,29991200,29991200
1994-03-03 22:00:00,274.34817609571473,274.34817609571473,274.34817609571473,29991200,29991200,29991200
1994-03-04 22:00:00,274.34817609571473,274.34817609571473,274.34817609571473,29991200,29991200,29991200
1994-03-07 22:00:00,274.34817609571473,274.34817609571473,274.34817609571473,29991200,29991200,29991200
1994-03-08 22:00:00,274.34817609571473,274.34817609571473,274.34817609571473,29991200,29991200,29991200
1994-03-09 22:00:00,274.34817609571473,274.34817609571473,274.34817609571473,29991200,29991200,29991200
1994-03-10 22:00:00,274.34817609571473,274.34817609571473,274.34817609571473,29991200,29991200,29991200
1994-03-11 22:00:00,274.34817609571473,274.34817609571473,274.34817609571473,29991200,29991200,29991200
1994-03-14 22:00:00,274.34817609571473,274.34817609571473,274.34817609571473,29991200,29991200,29991200
1994-03-15 22:00:00,274.34817609571473,274.34817609571473,274.34817609571473,29991200,29991200,29991200
1994-03-16 22:00:00,274.34817609571473,274.34817609571473,274.34817609571473,29991200,29991200,29991200
1994-03-17 22:00:00,274.34817609571473,274.34817609571473,274.34817609571473,29991200,29991200,29991200
1994-03-18 22:00:00,274.34817609571473,274.34817609571473,274.34817609571473,29991200,29991200,29991200
1994-03-21 22:00:00,274.34817609571473,274.34817609571473,274.34817609571473,29991200,29991200,29991200
1994-03-22 22:00:00,274.34817609571473,274.34817609571473,274.34817609571473,29991200,29991200,29991200
1994-03-23 22:00:00,274.34817609571473,274.34817609571473,274.34817609571473,29991200,29991200,29991200
1994-03-24 22:00:00,274.34817609571473,274.34817609571473,274.34817609571473,29991200,29991200,29991200
1994-03-25 22:00:00,274.34817609571473,274.34817609571473,274.34817609571473,29991200,29991200,29991200
1994-03-28 22:00:00,274.34817609571473,274.34817609571473,274.34817609571473,29991200,29991200,29991200
1994-03-29 22:00:00,274.34817609571473,274.34817609571473,274.34817609571473,29991200,29991200,29991200
1994-03-30 22:00:00,274.34817609571473,274.34817609571473,274.34817609571473,29991200,29991200,29991200
1994-03-31 22:00:00,274.34817609571473,274.34817609571473,274.34817609571473,29991200,29991200,29991200
1994-04-01 22:00:00,259.06565051632373,259.06565051632373,259.06565051632373,29991200,29991200,29991200
1994-04-04 22:00:00,259.06565051632373,259.06565051632373,259.06565051632373,29991200,29991200,29991200
1994-04-05 22:00:00,259.06565051632373,259.06565051632373,259.06565051632373,29991200,29991200,29991200
1994-04-06 22:00:00,259.06565051632373,259.06565051632373,259.06565051632373,29991200,29991200,29991200
1994-04-07 22:00:00,259.06565051632373,259.06565051632373,259.06565051632373,29991200,29991200,29991200
1994-04-08 22:00:00,259.06565051632373,259.06565051632373,259.06565051632373,29991200,29991200,29991200
1994-04-11 22:00:00,259.06565051632373,259.06565051632373,259.06565051632373,29991200,29991200,29991200
1994-04-12 22:00:00,259.06565051632373,259.06565051632373,259.06565051632373,29991200,29991200,29991200
1994-04-13 22:00:00,259.06565051632373,259.06565051632373,259.06565051632373,29991200,29991200,29991200
1994-04-14 22:00:00,259.06565051632373,259.06565051632373,259.06565051632373,29991200,29991200,29991200
1994-04-15 22:00:00,259.06565051632373,259.06565051632373,259.06565051632373,29991200,29991200,29991200
1994-04-18 22:00:00,259.06565051632373,259.06565051632373,259.06565051632373,29991200,29991200,29991200
1994-04-19 22:00:00,259.06565051632373,259.06565051632373,259.06565051632373,29991200,29991200,29991200
1994-04-20 22:00:00,259.06565051632373,259.06565051632373,259.06565051632373,29991200,29991200,29991200
1994-04-21 22:00:00,259.06565051632373,259.06565051632373,259.06565051632373,29991200,29991200,29991200
1994-04-22 22:00:00,259.06565051632373,259.06565051632373,259.06565051632373,29991200,29991200,29991200
1994-04-25 22:00:00,259.06565051632373,259.06565051632373,259.06565051632373,29991200,29991200,29991200
1994-04-26 22:00:00,259.06565051632373,259.06565051632373,259.06565051632373,29991200,29991200,29991200
1994-04-27 22:00:00,259.06565051632373,259.06565051632373,259.06565051632373,29991200,29991200,29991200
1994-04-28 22:00:00,259.06565051632373,259.06565051632373,259.06565051632373,29991200,29991200,29991200
1994-04-29 22:00:00,259.06565051632373,259.06565051632373,259.06565051632373,29991200,29991200,29991200
1994-05-02 22:00:00,259.06565051632373,259.06565051632373,259.06565051632373,29991200,29991200,29991200
1994-05-03 22:00:00,259.06565051632373,259.06565051632373,259.06565051632373,29991200,29991200,29991200
1994-05-04 22:00:00,259.06565051632373,259.06565051632373,259.06565051632373,29991200,29991200,29991200
1994-05-05 22:00:00,259.06565051632373,259.06565051632373,259.06565051632373,29991200,29991200,29991200
1994-05-06 22:00:00,259.06565051632373,259.06565051632373,259.06565051632373,29991200,29991200,29991200
1994-05-09 22:00:00,259.06565051632373,259.06565051632373,259.06565051632373,29991200,29991200,29991200
1994-05-10 22:00:00,259.06565051632373,259.06565051632373,259.06565051632373,29991200,29991200,29991200
1994-05-11 22:00:00,259.06565051632373,259.06565051632373,259.06565051632373,29991200,29991200,29991200
1994-05-12 22:00:00,259.06565051632373,259.06565051632373,259.06565051632373,29991200,29991200,29991200
1994-05-13 22:00:00,259.06565051632373,259.06565051632373,259.06565051632373,29991200,29991200,29991200
1994-05-16 22:00:00,259.06565051632373,259.06565051632373,259.06565051632373,29991200,29991200,29991200
1994-05-17 22:00:00,259.06565051632373,259.06565051632373,259.06565051632373,29991200,29991200,29991200
1994-05-18 22:00:00,259.06565051632373,259.06565051632373,259.06565051632373,29991200,29991200,29991200
1994-05-19 22:00:00,259.06565051632373,259.06565051632373,259.06565051632373,29991200,29991200,29991200
1994-05-20 22:00:00,259.06565051632373,259.06565051632373,259.06565051632373,29991200,29991200,29991200
1994-05-23 22:00:00,259.06565051632373,259.06565051632373,259.06565051632373,29991200,29991200,29991200
1994-05-24 22:00:00,259.06565051632373,259.06565051632373,259.06565051632373,29991200,29991200,29991200
1994-05-25 22:00:00,259.06565051632373,259.06565051632373,259.06565051632373,29991200,29991200,29991200
1994-05-26 22:00:00,259.06565051632373,259.06565051632373,259.06565051632373,29991200,29991200,29991200
1994-05-27 22:00:00,259.06565051632373,259.06565051632373,259.06565051632373,29991200,29991200,29991200
1994-05-30 22:00:00,259.06565051632373,259.06565051632373,259.06565051632373,29991200,29991200,29991200
1994-05-31 22:00:00,259.06565051632373,259.06565051632373,259.06565051632373,29991200,29991200,29991200
1994-06-01 22:00:00,256.0193750528345,256.0193750528345,256.0193750528345,29991200,29991200,29991200
1994-06-02 22:00:00,256.0193750528345,256.0193750528345,256.0193750528345,29991200,29991200,29991200
1994-06-03 22:00:00,256.0193750528345,256.0193750528345,256.0193750528345,29991200,29991200,29991200
1994-06-06 22:00:00,256.0193750528345,256.0193750528345,256.0193750528345,29991200,29991200,29991200
1994-06-07 22:00:00,256.0193750528345,256.0193750528345,256.0193750528345,29991200,29991200,29991200
1994-06-08 22:00:00,256.0193750528345,256.0193750528345,256.0193750528345,29991200,29991200,29991200
1994-06-09 22:00:00,256.0193750528345,256.0193750528345,256.0193750528345,29991200,29991200,29991200
1994-06-10 22:00:00,256.0193750528345,256.0193750528345,256.0193750528345,29991200,29991200,29991200
1994-06-13 22:00:00,256.0193750528345,256.0193750528345,256.0193750528345,29991200,29991200,29991200
1994-06-14 22:00:00,256.0193750528345,256.0193750528345,256.0193750528345,29991200,29991200,29991200
1994-06-15 22:00:00,256.0193750528345,256.0193750528345,256.0193750528345,29991200,29991200,29991200
1994-06-16 22:00:00,256.0193750528345,256.0193750528345,256.0193750528345,29991200,29991200,29991200
1994-06-17 22:00:00,256.0193750528345,256.0193750528345,256.0193750528345,29991200,29991200,29991200
1994-06-20 22:00:00,256.0193750528345,256.0193750528345,256.0193750528345,29991200,29991200,29991200
1994-06-21 22:00:00,256.0193750528345,256.0193750528345,256.0193750528345,29991200,29991200,29991200
1994-06-22 22:00:00,256.0193750528345,256.0193750528345,256.0193750528345,29991200,29991200,29991200
1994-06-23 22:00:00,256.0193750528345,256.0193750528345,256.0193750528345,29991200,29991200,29991200
1994-06-24 22:00:00,256.0193750528345,256.0193750528345,256.0193750528345,29991200,29991200,29991200
1994-06-27 22:00:00,256.0193750528345,256.0193750528345,256.0193750528345,29991200,29991200,29991200
1994-06-28 22:00:00,256.0193750528345,256.0193750528345,256.0193750528345,29991200,29991200,29991200
1994-06-29 22:00:00,256.0193750528345,256.0193750528345,256.0193750528345,29991200,29991200,29991200
1994-06-30 22:00:00,256.0193750528345,256.0193750528345,256.0193750528345,29991200,29991200,29991200
1994-07-01 22:00:00,225.5218709684372,225.5218709684372,225.5218709684372,29991200,29991200,29991200
1994-07-04 22:00:00,225.5218709684372,225.5218709684372,225.5218709684372,29991200,29991200,29991200
1994-07-05 22:00:00,225.5218709684372,225.5218709684372,225.5218709684372,29991200,29991200,29991200
1994-07-06 22:00:00,225.5218709684372,225.5218709684372,225.5218709684372,29991200,29991200,29991200
1994-07-07 22:00:00,225.5218709684372,225.5218709684372,225.5218709684372,29991200,29991200,29991200
1994-07-08 22:00:00,225.5218709684372,225.5218709684372,225.5218709684372,29991200,29991200,29991200
1994-07-11 22:00:00,225.5218709684372,225.5218709684372,225.5218709684372,29991200,29991200,29991200
1994-07-12 22:00:00,225.5218709684372,225.5218709684372,225.5218709684372,29991200,29991200,29991200
1994-07-13 22:00:00,225.5218709684372,225.5218709684372,225.5218709684372,29991200,29991200,29991200
1994-07-14 22:00:00,225.5218709684372,225.5218709684372,225.5218709684372,29991200,29991200,29991200
1994-07-15 22:00:00,225.5218709684372,225.5218709684372,225.5218709684372,29991200,29991200,29991200
1994-07-18 22:00:00,225.5218709684372,225.5218709684372,225.5218709684372,29991200,29991200,29991200
1994-07-19 22:00:00,225.5218709684372,225.5218709684372,225.5218709684372,29991200,29991200,29991200
1994-07-20 22:00:00,225.5218709684372,225.5218709684372,225.5218709684372,29991200,29991200,29991200
1994-07-21 22:00:00,225.5218709684372,225.5218709684372,225.5218709684372,29991200,29991200,29991200
1994-07-22 22:00:00,225.5218709684372,225.5218709684372,225.5218709684372,29991200,29991200,29991200
1994-07-25 22:00:00,225.5218709684372,225.5218709684372,225.5218709684372,29991200,29991200,29991200
1994-07-26 22:00:00,225.5218709684372,225.5218709684372,225.5218709684372,29991200,29991200,29991200
1994-07-27 22:00:00,225.5218709684372,225.5218709684372,225.5218709684372,29991200,29991200,29991200
1994-07-28 22:00:00,225.5218709684372,225.5218709684372,225.5218709684372,29991200,29991200,29991200
1994-07-29 22:00:00,225.5218709684372,225.5218709684372,225.5218709684372,29991200,29991200,29991200
1994-08-01 22:00:00,219.6408141835467,219.6408141835467,219.6408141835467,29991200,29991200,29991200
1994-08-02 22:00:00,219.6408141835467,219.6408141835467,219.6408141835467,29991200,29991200,29991200
1994-08-03 22:00:00,219.6408141835467,219.6408141835467,219.6408141835467,29991200,29991200,29991200
1994-08-04 22:00:00,219.6408141835467,219.6408141835467,219.6408141835467,29991200,29991200,29991200
1994-08-05 22:00:00,219.6408141835467,219.6408141835467,219.6408141835467,29991200,29991200,29991200
1994-08-08 22:00:00,219.6408141835467,219.6408141835467,219.6408141835467,29991200,29991200,29991200
1994-08-09 22:00:00,219.6408141835467,219.6408141835467,219.6408141835467,29991200,29991200,29991200
1994-08-10 22:00:00,219.6408141835467,219.6408141835467,219.6408141835467,29991200,29991200,29991200
1994-08-11 22:00:00,219.6408141835467,219.6408141835467,219.6408141835467,29991200,29991200,29991200
1994-08-12 22:00:00,219.6408141835467,219.6408141835467,219.6408141835467,29991200,29991200,29991200
1994-08-15 22:00:00,219.6408141835467,219.6408141835467,219.6408141835467,29991200,29991200,29991200
1994-08-16 22:00:00,219.6408141835467,219.6408141835467,219.6408141835467,29991200,29991200,29991200
1994-08-17 22:00:00,219.6408141835467,219.6408141835467,219.6408141835467,29991200,29991200,29991200
1994-08-18 22:00:00,219.6408141835467,219.6408141835467,219.6408141835467,29991200,29991200,29991200
1994-08-19 22:00:00,219.6408141835467,219.6408141835467,219.6408141835467,29991200,29991200,29991200
1994-08-22 22:00:00,219.6408141835467,219.6408141835467,219.6408141835467,29991200,29991200,29991200
1994-08-23 22:00:00,219.6408141835467,219.6408141835467,219.6408141835467,29991200,29991200,29991200
1994-08-24 22:00:00,219.6408141835467,219.6408141835467,219.6408141835467,29991200,29991200,29991200
1994-08-25 22:00:00,219.6408141835467,219.6408141835467,219.6408141835467,29991200,29991200,29991200
1994-08-26 22:00:00,219.6408141835467,219.6408141835467,219.6408141835467,29991200,29991200,29991200
1994-08-29 22:00:00,219.6408141835467,219.6408141835467,219.6408141835467,29991200,29991200,29991200
1994-08-30 22:00:00,219.6408141835467,219.6408141835467,219.6408141835467,29991200,29991200,29991200
1994-08-31 22:00:00,219.6408141835467,219.6408141835467,219.6408141835467,29991200,29991200,29991200
1994-09-01 22:00:00,222.94873871174124,222.94873871174124,222.94873871174124,29991200,29991200,29991200
1994-09-02 22:00:00,222.94873871174124,222.94873871174124,222.94873871174124,29991200,29991200,29991200
1994-09-05 22:00:00,222.94873871174124,222.94873871174124,222.94873871174124,29991200,29991200,29991200
1994-09-06 22:00:00,222.94873871174124,222.94873871174124,222.94873871174124,29991200,29991200,29991200
1994-09-07 22:00:00,222.94873871174124,222.94873871174124,222.94873871174124,29991200,29991200,29991200
1994-09-08 22:00:00,222.94873871174124,222.94873871174124,222.94873871174124,29991200,29991200,29991200
1994-09-09 22:00:00,222.94873871174124,222.94873871174124,222.94873871174124,29991200,29991200,29991200
1994-09-12 22:00:00,222.94873871174124,222.94873871174124,222.94873871174124,29991200,29991200,29991200
1994-09-13 22:00:00,222.94873871174124,222.94873871174124,222.94873871174124,29991200,29991200,29991200
1994-09-14 22:00:00,222.94873871174124,222.94873871174124,222.94873871174124,29991200,29991200,29991200
1994-09-15 22:00:00,222.94873871174124,222.94873871174124,222.94873871174124,29991200,29991200,29991200
1994-09-16 22:00:00,222.94873871174124,222.94873871174124,222.94873871174124,29991200,29991200,29991200
1994-09-19 22:00:00,222.94873871174124,222.94873871174124,222.94873871174124,29991200,29991200,29991200
1994-09-20 22:00:00,222.94873871174124,222.94873871174124,222.94873871174124,29991200,29991200,29991200
1994-09-21 22:00:00,222.94873871174124,222.94873871174124,222.94873871174124,29991200,29991200,29991200
1994-09-22 22:00:00,222.94873871174124,222.94873871174124,222.94873871174124,29991200,29991200,29991200
1994-09-23 22:00:00,222.94873871174124,222.94873871174124,222.94873871174124,29991200,29991200,29991200
1994-09-26 22:00:00,222.94873871174124,222.94873871174124,222.94873871174124,29991200,29991200,29991200
1994-09-27 22:00:00,222.94873871174124,222.94873871174124,222.94873871174124,29991200,29991200,29991200
1994-09-28 22:00:00,222.94873871174124,222.94873871174124,222.94873871174124,29991200,29991200,29991200
1994-09-29 22:00:00,222.94873871174124,222.94873871174124,222.94873871174124,29991200,29991200,29991200
1994-09-30 22:00:00,222.94873871174124,222.94873871174124,222.94873871174124,29991200,29991200,29991200
1994-10-03 22:00:00,222.94873871174124,222.94873871174124,222.94873871174124,29991200,29991200,29991200
1994-10-04 22:00:00,222.94873871174124,222.94873871174124,222.94873871174124,29991200,29991200,29991200
1994-10-05 22:00:00,222.94873871174124,222.94873871174124,222.94873871174124,29991200,29991200,29991200
1994-10-06 22:00:00,222.94873871174124,222.94873871174124,222.94873871174124,29991200,29991200,29991200
1994-10-07 22:00:00,222.94873871174124,222.94873871174124,222.94873871174124,29991200,29991200,29991200
1994-10-10 22:00:00,222.94873871174124,222.94873871174124,222.94873871174124,29991200,29991200,29991200
1994-10-11 22:00:00,222.94873871174124,222.94873871174124,222.94873871174124,29991200,29991200,29991200
1994-10-12 22:00:00,222.94873871174124,222.94873871174124,222.94873871174124,29991200,29991200,29991200
1994-10-13 22:00:00,222.94873871174124,222.94873871174124,222.94873871174124,29991200,29991200,29991200
1994-10-14 22:00:00,222.94873871174124,222.94873871174124,222.94873871174124,29991200,29991200,29991200
1994-10-17 22:00:00,222.94873871174124,222.94873871174124,222.94873871174124,29991200,29991200,29991200
1994-10-18 22:00:00,222.94873871174124,222.94873871174124,222.94873871174124,29991200,29991200,29991200
1994-10-19 22:00:00,222.94873871174124,222.94873871174124,222.94873871174124,29991200,29991200,29991200
1994-10-20 22:00:00,222.94873871174124,222.94873871174124,222.94873871174124,29991200,29991200,29991200
1994-10-21 22:00:00,222.94873871174124,222.94873871174124,222.94873871174124,29991200,29991200,29991200
1994-10-24 22:00:00,222.94873871174124,222.94873871174124,222.94873871174124,29991200,29991200,29991200
1994-10-25 22:00:00,222.94873871174124,222.94873871174124,222.94873871174124,29991200,29991200,29991200
1994-10-26 22:00:00,222.94873871174124,222.94873871174124,222.94873871174124,29991200,29991200,29991200
1994-10-27 22:00:00,222.94873871174124,222.94873871174124,222.94873871174124,29991200,29991200,29991200
1994-10-28 22:00:00,222.94873871174124,222.94873871174124,222.94873871174124,29991200,29991200,29991200
1994-10-31 22:00:00,222.94873871174124,222.94873871174124,222.94873871174124,29991200,29991200,29991200
1994-11-01 22:00:00,218.38185243234625,218.38185243234625,218.38185243234625,29991200,29991200,29991200
1994-11-02 22:00:00,218.38185243234625,218.38185243234625,218.38185243234625,29991200,29991200,29991200
1994-11-03 22:00:00,218.38185243234625,218.38185243234625,218.38185243234625,29991200,29991200,29991200
1994-11-04 22:00:00,218.38185243234625,218.38185243234625,218.38185243234625,29991200,29991200,29991200
1994-11-07 22:00:00,218.38185243234625,218.38185243234625,218.38185243234625,29991200,29991200,29991200
1994-11-08 22:00:00,218.38185243234625,218.38185243234625,218.38185243234625,29991200,29991200,29991200
1994-11-09 22:00:00,218.38185243234625,218.38185243234625,218.38185243234625,29991200,29991200,29991200
1994-11-10 22:00:00,218.38185243234625,218.38185243234625,218.38185243234625,29991200,29991200,29991200
1994-11-11 22:00:00,218.38185243234625,218.38185243234625,218.38185243234625,29991200,29991200,29991200
1994-11-14 22:00:00,218.38185243234625,218.38185243234625,218.38185243234625,29991200,29991200,29991200
1994-11-15 22:00:00,218.38185243234625,218.38185243234625,218.38185243234625,29991200,29991200,29991200
1994-11-16 22:00:00,218.38185243234625,218.38185243234625,218.38185243234625,29991200,29991200,29991200
1994-11-17 22:00:00,218.38185243234625,218.38185243234625,218.38185243234625,29991200,29991200,29991200
1994-11-18 22:00:00,218.38185243234625,218.38185243234625,218.38185243234625,29991200,29991200,29991200
1994-11-21 22:00:00,218.38185243234625,218.38185243234625,218.38185243234625,29991200,29991200,29991200
1994-11-22 22:00:00,218.38185243234625,218.38185243234625,218.38185243234625,29991200,29991200,29991200
1994-11-23 22:00:00,218.38185243234625,218.38185243234625,218.38185243234625,29991200,29991200,29991200
1994-11-24 22:00:00,218.38185243234625,218.38185243234625,218.38185243234625,29991200,29991200,29991200
1994-11-25 22:00:00,218.38185243234625,218.38185243234625,218.38185243234625,29991200,29991200,29991200
1994-11-28 22:00:00,218.38185243234625,218.38185243234625,218.38185243234625,29991200,29991200,29991200
1994-11-29 22:00:00,218.38185243234625,218.38185243234625,218.38185243234625,29991200,29991200,29991200
1994-11-30 22:00:00,218.38185243234625,218.38185243234625,218.38185243234625,29991200,29991200,29991200
1994-12-01 22:00:00,234.25590286875888,234.25590286875888,234.25590286875888,29991200,29991200,29991200
1994-12-02 22:00:00,234.25590286875888,234.25590286875888,234.25590286875888,29991200,29991200,29991200
1994-12-05 22:00:00,234.25590286875888,234.25590286875888,234.25590286875888,29991200,29991200,29991200
1994-12-06 22:00:00,234.25590286875888,234.25590286875888,234.25590286875888,29991200,29991200,29991200
1994-12-07 22:00:00,234.25590286875888,234.25590286875888,234.25590286875888,29991200,29991200,29991200
1994-12-08 22:00:00,234.25590286875888,234.25590286875888,234.25590286875888,29991200,29991200,29991200
1994-12-09 22:00:00,234.25590286875888,234.25590286875888,234.25590286875888,29991200,29991200,29991200
1994-12-12 22:00:00,234.25590286875888,234.25590286875888,234.25590286875888,29991200,29991200,29991200
1994-12-13 22:00:00,234.25590286875888,234.25590286875888,234.25590286875888,29991200,29991200,29991200
1994-12-14 22:00:00,234.25590286875888,234.25590286875888,234.25590286875888,29991200,29991200,29991200
1994-12-15 22:00:00,234.25590286875888,234.25590286875888,234.25590286875888,29991200,29991200,29991200
1994-12-16 22:00:00,234.25590286875888,234.25590286875888,234.25590286875888,29991200,29991200,29991200
1994-12-19 22:00:00,234.25590286875888,234.25590286875888,234.25590286875888,29991200,29991200,29991200
1994-12-20 22:00:00,234.25590286875888,234.25590286875888,234.25590286875888,29991200,29991200,29991200
1994-12-21 22:00:00,234.25590286875888,234.25590286875888,234.25590286875888,29991200,29991200,29991200
1994-12-22 22:00:00,234.25590286875888,234.25590286875888,234.25590286875888,29991200,29991200,29991200
1994-12-23 22:00:00,234.25590286875888,234.25590286875888,234.25590286875888,29991200,29991200,29991200
1994-12-26 22:00:00,234.25590286875888,234.25590286875888,234.25590286875888,29991200,29991200,29991200
1994-12-27 22:00:00,234.25590286875888,234.25590286875888,234.25590286875888,29991200,29991200,29991200
1994-12-28 22:00:00,234.25590286875888,234.25590286875888,234.25590286875888,29991200,29991200,29991200
1994-12-29 22:00:00,234.25590286875888,234.25590286875888,234.25590286875888,29991200,29991200,29991200
1994-12-30 22:00:00,234.25590286875888,234.25590286875888,234.25590286875888,29991200,29991200,29991200
1995-01-02 22:00:00,234.25590286875888,234.25590286875888,234.25590286875888,29991200,29991200,29991200
1995-01-03 22:00:00,234.25590286875888,234.25590286875888,234.25590286875888,29991200,29991200,29991200
1995-01-04 22:00:00,234.25590286875888,234.25590286875888,234.25590286875888,29991200,29991200,29991200
1995-01-05 22:00:00,234.25590286875888,234.25590286875888,234.25590286875888,29991200,29991200,29991200
1995-01-06 22:00:00,234.25590286875888,234.25590286875888,234.25590286875888,29991200,29991200,29991200
1995-01-09 22:00:00,234.25590286875888,234.25590286875888,234.25590286875888,29991200,29991200,29991200
1995-01-10 22:00:00,234.25590286875888,234.25590286875888,234.25590286875888,29991200,29991200,29991200
1995-01-11 22:00:00,234.25590286875888,234.25590286875888,234.25590286875888,29991200,29991200,29991200
1995-01-12 22:00:00,234.25590286875888,234.25590286875888,234.25590286875888,29991200,29991200,29991200
1995-01-13 22:00:00,234.25590286875888,234.25590286875888,234.25590286875888,29991200,29991200,29991200
1995-01-16 22:00:00,234.25590286875888,234.25590286875888,234.25590286875888,29991200,29991200,29991200
1995-01-17 22:00:00,234.25590286875888,234.25590286875888,234.25590286875888,29991200,29991200,29991200
1995-01-18 22:00:00,234.25590286875888,234.25590286875888,234.25590286875888,29991200,29991200,29991200
1995-01-19 22:00:00,234.25590286875888,234.25590286875888,234.25590286875888,29991200,29991200,29991200
1995-01-20 22:00:00,234.25590286875888,234.25590286875888,234.25590286875888,29991200,29991200,29991200
1995-01-23 22:00:00,234.25590286875888,234.25590286875888,234.25590286875888,29991200,29991200,29991200
1995-01-24 22:00:00,234.25590286875888,234.25590286875888,234.25590286875888,29991200,29991200,29991200
1995-01-25 22:00:00,234.25590286875888,234.25590286875888,234.25590286875888,29991200,29991200,29991200
1995-01-26 22:00:00,234.25590286875888,234.25590286875888,234.25590286875888,29991200,29991200,29991200
1995-01-27 22:00:00,234.25590286875888,234.25590286875888,234.25590286875888,29991200,29991200,29991200
1995-01-30 22:00:00,234.25590286875888,234.25590286875888,234.25590286875888,29991200,29991200,29991200
1995-01-31 22:00:00,234.25590286875888,234.25590286875888,234.25590286875888,29991200,29991200,29991200
1995-02-01 22:00:00,244.35757132829627,244.35757132829627,244.35757132829627,29991200,29991200,29991200
1995-02-02 22:00:00,244.35757132829627,244.35757132829627,244.35757132829627,29991200,29991200,29991200
1995-02-03 22:00:00,244.35757132829627,244.35757132829627,244.35757132829627,29991200,29991200,29991200
1995-02-06 22:00:00,244.35757132829627,244.35757132829627,244.35757132829627,29991200,29991200,29991200
1995-02-07 22:00:00,244.35757132829627,244.35757132829627,244.35757132829627,29991200,29991200,29991200
1995-02-08 22:00:00,244.35757132829627,244.35757132829627,244.35757132829627,29991200,29991200,29991200
1995-02-09 22:00:00,244.35757132829627,244.35757132829627,244.35757132829627,29991200,29991200,29991200
1995-02-10 22:00:00,244.35757132829627,244.35757132829627,244.35757132829627,29991200,29991200,29991200
1995-02-13 22:00:00,244.35757132829627,244.35757132829627,244.35757132829627,29991200,29991200,29991200
1995-02-14 22:00:00,244.35757132829627,244.35757132829627,244.35757132829627,29991200,29991200,29991200
1995-02-15 22:00:00,244.35757132829627,244.35757132829627,244.35757132829627,29991200,29991200,29991200
1995-02-16 22:00:00,244.35757132829627,244.35757132829627,244.35757132829627,29991200,29991200,29991200
1995-02-17 22:00:00,244.35757132829627,244.35757132829627,244.35757132829627,29991200,29991200,29991200
1995-02-20 22:00:00,244.35757132829627,244.35757132829627,244.35757132829627,29991200,29991200,29991200
1995-02-21 22:00:00,244.35757132829627,244.35757132829627,244.35757132829627,29991200,29991200,29991200
1995-02-22 22:00:00,244.35757132829627,244.35757132829627,244.35757132829627,29991200,29991200,29991200
1995-02-23 22:00:00,244.35757132829627,244.35757132829627,244.35757132829627,29991200,29991200,29991200
1995-02-24 22:00:00,244.35757132829627,244.35757132829627,244.35757132829627,29991200,29991200,29991200
1995-02-27 22:00:00,244.35757132829627,244.35757132829627,244.35757132829627,29991200,29991200,29991200
1995-02-28 22:00:00,244.35757132829627,244.35757132829627,244.35757132829627,29991200,29991200,29991200
1995-03-01 22:00:00,250.4093256347524,250.4093256347524,250.4093256347524,29991200,29991200,29991200
1995-03-02 22:00:00,250.4093256347524,250.4093256347524,250.4093256347524,29991200,29991200,29991200
1995-03-03 22:00:00,250.4093256347524,250.4093256347524,250.4093256347524,29991200,29991200,29991200
1995-03-06 22:00:00,250.4093256347524,250.4093256347524,250.4093256347524,29991200,29991200,29991200
1995-03-07 22:00:00,250.4093256347524,250.4093256347524,250.4093256347524,29991200,29991200,29991200
1995-03-08 22:00:00,250.4093256347524,250.4093256347524,250.4093256347524,29991200,29991200,29991200
1995-03-09 22:00:00,250.4093256347524,250.4093256347524,250.4093256347524,29991200,29991200,29991200
1995-03-10 22:00:00,250.4093256347524,250.4093256347524,250.4093256347524,29991200,29991200,29991200
1995-03-13 22:00:00,250.4093256347524,250.4093256347524,250.4093256347524,29991200,29991200,29991200
1995-03-14 22:00:00,250.4093256347524,250.4093256347524,250.4093256347524,29991200,29991200,29991200
1995-03-15 22:00:00,250.4093256347524,250.4093256347524,250.4093256347524,29991200,29991200,29991200
1995-03-16 22:00:00,250.4093256347524,250.4093256347524,250.4093256347524,29991200,29991200,29991200
1995-03-17 22:00:00,250.4093256347524,250.4093256347524,250.4093256347524,29991200,29991200,29991200
1995-03-20 22:00:00,250.4093256347524,250.4093256347524,250.4093256347524,29991200,29991200,29991200
1995-03-21 22:00:00,250.4093256347524,250.4093256347524,250.4093256347524,29991200,29991200,29991200
1995-03-22 22:00:00,250.4093256347524,250.4093256347524,250.4093256347524,29991200,29991200,29991200
1995-03-23 22:00:00,250.4093256347524,250.4093256347524,250.4093256347524,29991200,29991200,29991200
1995-03-24 22:00:00,250.4093256347524,250.4093256347524,250.4093256347524,29991200,29991200,29991200
1995-03-27 22:00:00,250.4093256347524,250.4093256347524,250.4093256347524,29991200,29991200,29991200
1995-03-28 22:00:00,250.4093256347524,250.4093256347524,250.4093256347524,29991200,29991200,29991200
1995-03-29 22:00:00,250.4093256347524,250.4093256347524,250.4093256347524,29991200,29991200,29991200
1995-03-30 22:00:00,250.4093256347524,250.4093256347524,250.4093256347524,29991200,29991200,29991200
1995-03-31 22:00:00,250.4093256347524,250.4093256347524,250.4093256347524,29991200,29991200,29991200
1995-04-03 22:00:00,250.4093256347524,250.4093256347524,250.4093256347524,29991200,29991200,29991200
1995-04-04 22:00:00,250.4093256347524,250.4093256347524,250.4093256347524,29991200,29991200,29991200
1995-04-05 22:00:00,250.4093256347524,250.4093256347524,250.4093256347524,29991200,29991200,29991200
1995-04-06 22:00:00,250.4093256347524,250.4093256347524,250.4093256347524,29991200,29991200,29991200
1995-04-07 22:00:00,250.4093256347524,250.4093256347524,250.4093256347524,29991200,29991200,29991200
1995-04-10 22:00:00,250.4093256347524,250.4093256347524,250.4093256347524,29991200,29991200,29991200
1995-04-11 22:00:00,250.4093256347524,250.4093256347524,250.4093256347524,29991200,29991200,29991200
1995-04-12 22:00:00,250.4093256347524,250.4093256347524,250.4093256347524,29991200,29991200,29991200
1995-04-13 22:00:00,250.4093256347524,250.4093256347524,250.4093256347524,29991200,29991200,29991200
1995-04-14 22:00:00,250.4093256347524,250.4093256347524,250.4093256347524,29991200,29991200,29991200
1995-04-17 22:00:00,250.4093256347524,250.4093256347524,250.4093256347524,29991200,29991200,29991200
1995-04-18 22:00:00,250.4093256347524,250.4093256347524,250.4093256347524,29991200,29991200,29991200
1995-04-19 22:00:00,250.4093256347524,250.4093256347524,250.4093256347524,29991200,29991200,29991200
1995-04-20 22:00:00,250.4093256347524,250.4093256347524,250.4093256347524,29991200,29991200,29991200
1995-04-21 22:00:00,250.4093256347524,250.4093256347524,250.4093256347524,29991200,29991200,29991200
1995-04-24 22:00:00,250.4093256347524,250.4093256347524,250.4093256347524,29991200,29991200,29991200
1995-04-25 22:00:00,250.4093256347524,250.4093256347524,250.4093256347524,29991200,29991200,29991200
1995-04-26 22:00:00,250.4093256347524,250.4093256347524,250.4093256347524,29991200,29991200,29991200
1995-04-27 22:00:00,250.4093256347524,250.4093256347524,250.4093256347524,29991200,29991200,29991200
1995-04-28 22:00:00,250.4093256347524,250.4093256347524,250.4093256347524,29991200,29991200,29991200
1995-05-01 22:00:00,255.6641429671161,255.6641429671161,255.6641429671161,29991200,29991200,29991200
1995-05-02 22:00:00,255.6641429671161,255.6641429671161,255.6641429671161,29991200,29991200,29991200
1995-05-03 22:00:00,255.6641429671161,255.6641429671161,255.6641429671161,29991200,29991200,29991200
1995-05-04 22:00:00,255.6641429671161,255.6641429671161,255.6641429671161,29991200,29991200,29991200
1995-05-05 22:00:00,255.6641429671161,255.6641429671161,255.6641429671161,29991200,29991200,29991200
1995-05-08 22:00:00,255.6641429671161,255.6641429671161,255.6641429671161,29991200,29991200,29991200
1995-05-09 22:00:00,255.6641429671161,255.6641429671161,255.6641429671161,29991200,29991200,29991200
1995-05-10 22:00:00,255.6641429671161,255.6641429671161,255.6641429671161,29991200,29991200,29991200
1995-05-11 22:00:00,255.6641429671161,255.6641429671161,255.6641429671161,29991200,29991200,29991200
1995-05-12 22:00:00,255.6641429671161,255.6641429671161,255.6641429671161,29991200,29991200,29991200
1995-05-15 22:00:00,255.6641429671161,255.6641429671161,255.6641429671161,29991200,29991200,29991200
1995-05-16 22:00:00,255.6641429671161,255.6641429671161,255.6641429671161,29991200,29991200,29991200
1995-05-17 22:00:00,255.6641429671161,255.6641429671161,255.6641429671161,29991200,29991200,29991200
1995-05-18 22:00:00,255.6641429671161,255.6641429671161,255.6641429671161,29991200,29991200,29991200
1995-05-19 22:00:00,255.6641429671161,255.6641429671161,255.6641429671161,29991200,29991200,29991200
1995-05-22 22:00:00,255.6641429671161,255.6641429671161,255.6641429671161,29991200,29991200,29991200
1995-05-23 22:00:00,255.6641429671161,255.6641429671161,255.6641429671161,29991200,29991200,29991200
1995-05-24 22:00:00,255.6641429671161,255.6641429671161,255.6641429671161,29991200,29991200,29991200
1995-05-25 22:00:00,255.6641429671161,255.6641429671161,255.6641429671161,29991200,29991200,29991200
1995-05-26 22:00:00,255.6641429671161,255.6641429671161,255.6641429671161,29991200,29991200,29991200
1995-05-29 22:00:00,255.6641429671161,255.6641429671161,255.6641429671161,29991200,29991200,29991200
1995-05-30 22:00:00,255.6641429671161,255.6641429671161,255.6641429671161,29991200,29991200,29991200
1995-05-31 22:00:00,255.6641429671161,255.6641429671161,255.6641429671161,29991200,29991200,29991200
1995-06-01 22:00:00,274.12009144413105,274.12009144413105,274.12009144413105,29991200,29991200,29991200
1995-06-02 22:00:00,274.12009144413105,274.12009144413105,274.12009144413105,29991200,29991200,29991200
1995-06-05 22:00:00,274.12009144413105,274.12009144413105,274.12009144413105,29991200,29991200,29991200
1995-06-06 22:00:00,274.12009144413105,274.12009144413105,274.12009144413105,29991200,29991200,29991200
1995-06-07 22:00:00,274.12009144413105,274.12009144413105,274.12009144413105,29991200,29991200,29991200
1995-06-08 22:00:00,274.12009144413105,274.12009144413105,274.12009144413105,29991200,29991200,29991200
1995-06-09 22:00:00,274.12009144413105,274.12009144413105,274.12009144413105,29991200,29991200,29991200
1995-06-12 22:00:00,274.12009144413105,274.12009144413105,274.12009144413105,29991200,29991200,29991200
1995-06-13 22:00:00,274.12009144413105,274.12009144413105,274.12009144413105,29991200,29991200,29991200
1995-06-14 22:00:00,274.12009144413105,274.12009144413105,274.12009144413105,29991200,29991200,29991200
1995-06-15 22:00:00,274.12009144413105,274.12009144413105,274.12009144413105,29991200,29991200,29991200
1995-06-16 22:00:00,274.12009144413105,274.12009144413105,274.12009144413105,29991200,29991200,29991200
1995-06-19 22:00:00,274.12009144413105,274.12009144413105,274.12009144413105,29991200,29991200,29991200
1995-06-20 22:00:00,274.12009144413105,274.12009144413105,274.12009144413105,29991200,29991200,29991200
1995-06-21 22:00:00,274.12009144413105,274.12009144413105,274.12009144413105,29991200,29991200,29991200
1995-06-22 22:00:00,274.12009144413105,274.12009144413105,274.12009144413105,29991200,29991200,29991200
1995-06-23 22:00:00,274.12009144413105,274.12009144413105,274.12009144413105,29991200,29991200,29991200
1995-06-26 22:00:00,274.12009144413105,274.12009144413105,274.12009144413105,29991200,29991200,29991200
1995-06-27 22:00:00,274.12009144413105,274.12009144413105,274.12009144413105,29991200,29991200,29991200
1995-06-28 22:00:00,274.12009144413105,274.12009144413105,274.12009144413105,29991200,29991200,29991200
1995-06-29 22:00:00,274.12009144413105,274.12009144413105,274.12009144413105,29991200,29991200,29991200
1995-06-30 22:00:00,274.12009144413105,274.12009144413105,274.12009144413105,29991200,29991200,29991200
1995-07-03 22:00:00,274.12009144413105,274.12009144413105,274.12009144413105,29991200,29991200,29991200
1995-07-04 22:00:00,274.12009144413105,274.12009144413105,274.12009144413105,29991200,29991200,29991200
1995-07-05 22:00:00,274.12009144413105,274.12009144413105,274.12009144413105,29991200,29991200,29991200
1995-07-06 22:00:00,274.12009144413105,274.12009144413105,274.12009144413105,29991200,29991200,29991200
1995-07-07 22:00:00,274.12009144413105,274.12009144413105,274.12009144413105,29991200,29991200,29991200
1995-07-10 22:00:00,274.12009144413105,274.12009144413105,274.12009144413105,29991200,29991200,29991200
1995-07-11 22:00:00,274.12009144413105,274.12009144413105,274.12009144413105,29991200,29991200,29991200
1995-07-12 22:00:00,274.12009144413105,274.12009144413105,274.12009144413105,29991200,29991200,29991200
1995-07-13 22:00:00,274.12009144413105,274.12009144413105,274.12009144413105,29991200,29991200,29991200
1995-07-14 22:00:00,274.12009144413105,274.12009144413105,274.12009144413105,29991200,29991200,29991200
1995-07-17 22:00:00,274.12009144413105,274.12009144413105,274.12009144413105,29991200,29991200,29991200
1995-07-18 22:00:00,274.12009144413105,274.12009144413105,274.12009144413105,29991200,29991200,29991200
1995-07-19 22:00:00,274.12009144413105,274.12009144413105,274.12009144413105,29991200,29991200,29991200
1995-07-20 22:00:00,274.12009144413105,274.12009144413105,274.12009144413105,29991200,29991200,29991200
1995-07-21 22:00:00,274.12009144413105,274.12009144413105,274.12009144413105,29991200,29991200,29991200
1995-07-24 22:00:00,274.12009144413105,274.12009144413105,274.12009144413105,29991200,29991200,29991200
1995-07-25 22:00:00,274.12009144413105,274.12009144413105,274.12009144413105,29991200,29991200,29991200
1995-07-26 22:00:00,274.12009144413105,274.12009144413105,274.12009144413105,29991200,29991200,29991200
1995-07-27 22:00:00,274.12009144413105,274.12009144413105,274.12009144413105,29991200,29991200,29991200
1995-07-28 22:00:00,274.12009144413105,274.12009144413105,274.12009144413105,29991200,29991200,29991200
1995-07-31 22:00:00,274.12009144413105,274.12009144413105,274.12009144413105,29991200,29991200,29991200
1995-08-01 22:00:00,288.4868452970488,288.4868452970488,288.4868452970488,29991200,29991200,29991200
1995-08-02 22:00:00,288.4868452970488,288.4868452970488,288.4868452970488,29991200,29991200,29991200
1995-08-03 22:00:00,288.4868452970488,288.4868452970488,288.4868452970488,29991200,29991200,29991200
1995-08-04 22:00:00,288.4868452970488,288.4868452970488,288.4868452970488,29991200,29991200,29991200
1995-08-07 22:00:00,288.4868452970488,288.4868452970488,288.4868452970488,29991200,29991200,29991200
1995-08-08 22:00:00,288.4868452970488,288.4868452970488,288.4868452970488,29991200,29991200,29991200
1995-08-09 22:00:00,288.4868452970488,288.4868452970488,288.4868452970488,29991200,29991200,29991200
1995-08-10 22:00:00,288.4868452970488,288.4868452970488,288.4868452970488,29991200,29991200,29991200
1995-08-11 22:00:00,288.4868452970488,288.4868452970488,288.4868452970488,29991200,29991200,29991200
1995-08-14 22:00:00,288.4868452970488,288.4868452970488,288.4868452970488,29991200,29991200,29991200
1995-08-15 22:00:00,288.4868452970488,288.4868452970488,288.4868452970488,29991200,29991200,29991200
1995-08-16 22:00:00,288.4868452970488,288.4868452970488,288.4868452970488,29991200,29991200,29991200
1995-08-17 22:00:00,288.4868452970488,288.4868452970488,288.4868452970488,29991200,29991200,29991200
1995-08-18 22:00:00,288.4868452970488,288.4868452970488,288.4868452970488,29991200,29991200,29991200
1995-08-21 22:00:00,288.4868452970488,288.4868452970488,288.4868452970488,29991200,29991200,29991200
1995-08-22 22:00:00,288.4868452970488,288.4868452970488,288.4868452970488,29991200,29991200,29991200
1995-08-23 22:00:00,288.4868452970488,288.4868452970488,288.4868452970488,29991200,29991200,29991200
1995-08-24 22:00:00,288.4868452970488,288.4868452970488,288.4868452970488,29991200,29991200,29991200
1995-08-25 22:00:00,288.4868452970488,288.4868452970488,288.4868452970488,29991200,29991200,29991200
1995-08-28 22:00:00,288.4868452970488,288.4868452970488,288.4868452970488,29991200,29991200,29991200
1995-08-29 22:00:00,288.4868452970488,288.4868452970488,288.4868452970488,29991200,29991200,29991200
1995-08-30 22:00:00,288.4868452970488,288.4868452970488,288.4868452970488,29991200,29991200,29991200
1995-08-31 22:00:00,288.4868452970488,288.4868452970488,288.4868452970488,29991200,29991200,29991200
1995-09-01 22:00:00,298.11685184528307,298.11685184528307,298.11685184528307,29991200,29991200,29991200
1995-09-04 22:00:00,298.11685184528307,298.11685184528307,298.11685184528307,29991200,29991200,29991200
1995-09-05 22:00:00,298.11685184528307,298.11685184528307,298.11685184528307,29991200,29991200,29991200
1995-09-06 22:00:00,298.11685184528307,298.11685184528307,298.11685184528307,29991200,29991200,29991200
1995-09-07 22:00:00,298.11685184528307,298.11685184528307,298.11685184528307,29991200,29991200,29991200
1995-09-08 22:00:00,298.11685184528307,298.11685184528307,298.11685184528307,29991200,29991200,29991200
1995-09-11 22:00:00,298.11685184528307,298.11685184528307,298.11685184528307,29991200,29991200,29991200
1995-09-12 22:00:00,298.11685184528307,298.11685184528307,298.11685184528307,29991200,29991200,29991200
1995-09-13 22:00:00,298.11685184528307,298.11685184528307,298.11685184528307,29991200,29991200,29991200
1995-09-14 22:00:00,298.11685184528307,298.11685184528307,298.11685184528307,29991200,29991200,29991200
1995-09-15 22:00:00,298.11685184528307,298.11685184528307,298.11685184528307,29991200,29991200,29991200
1995-09-18 22:00:00,298.11685184528307,298.11685184528307,298.11685184528307,29991200,29991200,29991200
1995-09-19 22:00:00,298.11685184528307,298.11685184528307,298.11685184528307,29991200,29991200,29991200
1995-09-20 22:00:00,298.11685184528307,298.11685184528307,298.11685184528307,29991200,29991200,29991200
1995-09-21 22:00:00,298.11685184528307,298.11685184528307,298.11685184528307,29991200,29991200,29991200
1995-09-22 22:00:00,298.11685184528307,298.11685184528307,298.11685184528307,29991200,29991200,29991200
1995-09-25 22:00:00,298.11685184528307,298.11685184528307,298.11685184528307,29991200,29991200,29991200
1995-09-26 22:00:00,298.11685184528307,298.11685184528307,298.11685184528307,29991200,29991200,29991200
1995-09-27 22:00:00,298.11685184528307,298.11685184528307,298.11685184528307,29991200,29991200,29991200
1995-09-28 22:00:00,298.11685184528307,298.11685184528307,298.11685184528307,29991200,29991200,29991200
1995-09-29 22:00:00,298.11685184528307,298.11685184528307,298.11685184528307,29991200,29991200,29991200
1995-10-02 22:00:00,298.11685184528307,298.11685184528307,298.11685184528307,29991200,29991200,29991200
1995-10-03 22:00:00,298.11685184528307,298.11685184528307,298.11685184528307,29991200,29991200,29991200
1995-10-04 22:00:00,298.11685184528307,298.11685184528307,298.11685184528307,29991200,29991200,29991200
1995-10-05 22:00:00,298.11685184528307,298.11685184528307,298.11685184528307,29991200,29991200,29991200
1995-10-06 22:00:00,298.11685184528307,298.11685184528307,298.11685184528307,29991200,29991200,29991200
1995-10-09 22:00:00,298.11685184528307,298.11685184528307,298.11685184528307,29991200,29991200,29991200
1995-10-10 22:00:00,298.11685184528307,298.11685184528307,298.11685184528307,29991200,29991200,29991200
1995-10-11 22:00:00,298.11685184528307,298.11685184528307,298.11685184528307,29991200,29991200,29991200
1995-10-12 22:00:00,298.11685184528307,298.11685184528307,298.11685184528307,29991200,29991200,29991200
1995-10-13 22:00:00,298.11685184528307,298.11685184528307,298.11685184528307,29991200,29991200,29991200
1995-10-16 22:00:00,298.11685184528307,298.11685184528307,298.11685184528307,29991200,29991200,29991200
1995-10-17 22:00:00,298.11685184528307,298.11685184528307,298.11685184528307,29991200,29991200,29991200
1995-10-18 22:00:00,298.11685184528307,298.11685184528307,298.11685184528307,29991200,29991200,29991200
1995-10-19 22:00:00,298.11685184528307,298.11685184528307,298.11685184528307,29991200,29991200,29991200
1995-10-20 22:00:00,298.11685184528307,298.11685184528307,298.11685184528307,29991200,29991200,29991200
1995-10-23 22:00:00,298.11685184528307,298.11685184528307,298.11685184528307,29991200,29991200,29991200
1995-10-24 22:00:00,298.11685184528307,298.11685184528307,298.11685184528307,29991200,29991200,29991200
1995-10-25 22:00:00,298.11685184528307,298.11685184528307,298.11685184528307,29991200,29991200,29991200
1995-10-26 22:00:00,298.11685184528307,298.11685184528307,298.11685184528307,29991200,29991200,29991200
1995-10-27 22:00:00,298.11685184528307,298.11685184528307,298.11685184528307,29991200,29991200,29991200
1995-10-30 22:00:00,298.11685184528307,298.11685184528307,298.11685184528307,29991200,29991200,29991200
1995-10-31 22:00:00,298.11685184528307,298.11685184528307,298.11685184528307,29991200,29991200,29991200
1995-11-01 22:00:00,327.12431208190384,327.12431208190384,327.12431208190384,29991200,29991200,29991200
1995-11-02 22:00:00,327.12431208190384,327.12431208190384,327.12431208190384,29991200,29991200,29991200
1995-11-03 22:00:00,327.12431208190384,327.12431208190384,327.12431208190384,29991200,29991200,29991200
1995-11-06 22:00:00,327.12431208190384,327.12431208190384,327.12431208190384,29991200,29991200,29991200
1995-11-07 22:00:00,327.12431208190384,327.12431208190384,327.12431208190384,29991200,29991200,29991200
1995-11-08 22:00:00,327.12431208190384,327.12431208190384,327.12431208190384,29991200,29991200,29991200
1995-11-09 22:00:00,327.12431208190384,327.12431208190384,327.12431208190384,29991200,29991200,29991200
1995-11-10 22:00:00,327.12431208190384,327.12431208190384,327.12431208190384,29991200,29991200,29991200
1995-11-13 22:00:00,327.12431208190384,327.12431208190384,327.12431208190384,29991200,29991200,29991200
1995-11-14 22:00:00,327.12431208190384,327.12431208190384,327.12431208190384,29991200,29991200,29991200
1995-11-15 22:00:00,327.12431208190384,327.12431208190384,327.12431208190384,29991200,29991200,29991200
1995-11-16 22:00:00,327.12431208190384,327.12431208190384,327.12431208190384,29991200,29991200,29991200
1995-11-17 22:00:00,327.12431208190384,327.12431208190384,327.12431208190384,29991200,29991200,29991200
1995-11-20 22:00:00,327.12431208190384,327.12431208190384,327.12431208190384,29991200,29991200,29991200
1995-11-21 22:00:00,327.12431208190384,327.12431208190384,327.12431208190384,29991200,29991200,29991200
1995-11-22 22:00:00,327.12431208190384,327.12431208190384,327.12431208190384,29991200,29991200,29991200
1995-11-23 22:00:00,327.12431208190384,327.12431208190384,327.12431208190384,29991200,29991200,29991200
1995-11-24 22:00:00,327.12431208190384,327.12431208190384,327.12431208190384,29991200,29991200,29991200
1995-11-27 22:00:00,327.12431208190384,327.12431208190384,327.12431208190384,29991200,29991200,29991200
1995-11-28 22:00:00,327.12431208190384,327.12431208190384,327.12431208190384,29991200,29991200,29991200
1995-11-29 22:00:00,327.12431208190384,327.12431208190384,327.12431208190384,29991200,29991200,29991200
1995-11-30 22:00:00,327.12431208190384,327.12431208190384,327.12431208190384,29991200,29991200,29991200
1995-12-01 22:00:00,338.49111145268444,338.49111145268444,338.49111145268444,29991200,29991200,29991200
1995-12-04 22:00:00,338.49111145268444,338.49111145268444,338.49111145268444,29991200,29991200,29991200
1995-12-05 22:00:00,338.49111145268444,338.49111145268444,338.49111145268444,29991200,29991200,29991200
1995-12-06 22:00:00,338.49111145268444,338.49111145268444,338.49111145268444,29991200,29991200,29991200
1995-12-07 22:00:00,338.49111145268444,338.49111145268444,338.49111145268444,29991200,29991200,29991200
1995-12-08 22:00:00,338.49111145268444,338.49111145268444,338.49111145268444,29991200,29991200,29991200
1995-12-11 22:00:00,338.49111145268444,338.49111145268444,338.49111145268444,29991200,29991200,29991200
1995-12-12 22:00:00,338.49111145268444,338.49111145268444,338.49111145268444,29991200,29991200,29991200
1995-12-13 22:00:00,338.49111145268444,338.49111145268444,338.49111145268444,29991200,29991200,29991200
1995-12-14 22:00:00,338.49111145268444,338.49111145268444,338.49111145268444,29991200,29991200,29991200
1995-12-15 22:00:00,338.49111145268444,338.49111145268444,338.49111145268444,29991200,29991200,29991200
1995-12-18 22:00:00,338.49111145268444,338.49111145268444,338.49111145268444,29991200,29991200,29991200
1995-12-19 22:00:00,338.49111145268444,338.49111145268444,338.49111145268444,29991200,29991200,29991200
1995-12-20 22:00:00,338.49111145268444,338.49111145268444,338.49111145268444,29991200,29991200,29991200
1995-12-21 22:00:00,338.49111145268444,338.49111145268444,338.49111145268444,29991200,29991200,29991200
1995-12-22 22:00:00,338.49111145268444,338.49111145268444,338.49111145268444,29991200,29991200,29991200
1995-12-25 22:00:00,338.49111145268444,338.49111145268444,338.49111145268444,29991200,29991200,29991200
1995-12-26 22:00:00,338.49111145268444,338.49111145268444,338.49111145268444,29991200,29991200,29991200
1995-12-27 22:00:00,338.49111145268444,338.49111145268444,338.49111145268444,29991200,29991200,29991200
1995-12-28 22:00:00,338.49111145268444,338.49111145268444,338.49111145268444,29991200,29991200,29991200
1995-12-29 22:00:00,338.49111145268444,338.49111145268444,338.49111145268444,29991200,29991200,29991200
1996-01-01 22:00:00,357.86610793325644,357.86610793325644,357.86610793325644,29991200,29991200,29991200
1996-01-02 22:00:00,357.86610793325644,357.86610793325644,357.86610793325644,29991200,29991200,29991200
1996-01-03 22:00:00,357.86610793325644,357.86610793325644,357.86610793325644,29991200,29991200,29991200
1996-01-04 22:00:00,357.86610793325644,357.86610793325644,357.86610793325644,29991200,29991200,29991200
1996-01-05 22:00:00,357.86610793325644,357.86610793325644,357.86610793325644,29991200,29991200,29991200
1996-01-08 22:00:00,357.86610793325644,357.86610793325644,357.86610793325644,29991200,29991200,29991200
1996-01-09 22:00:00,357.86610793325644,357.86610793325644,357.86610793325644,29991200,29991200,29991200
1996-01-10 22:00:00,357.86610793325644,357.86610793325644,357.86610793325644,29991200,29991200,29991200
1996-01-11 22:00:00,357.86610793325644,357.86610793325644,357.86610793325644,29991200,29991200,29991200
1996-01-12 22:00:00,357.86610793325644,357.86610793325644,357.86610793325644,29991200,29991200,29991200
1996-01-15 22:00:00,357.86610793325644,357.86610793325644,357.86610793325644,29991200,29991200,29991200
1996-01-16 22:00:00,357.86610793325644,357.86610793325644,357.86610793325644,29991200,29991200,29991200
1996-01-17 22:00:00,357.86610793325644,357.86610793325644,357.86610793325644,29991200,29991200,29991200
1996-01-18 22:00:00,357.86610793325644,357.86610793325644,357.86610793325644,29991200,29991200,29991200
1996-01-19 22:00:00,357.86610793325644,357.86610793325644,357.86610793325644,29991200,29991200,29991200
1996-01-22 22:00:00,357.86610793325644,357.86610793325644,357.86610793325644,29991200,29991200,29991200
1996-01-23 22:00:00,357.86610793325644,357.86610793325644,357.86610793325644,29991200,29991200,29991200
1996-01-24 22:00:00,357.86610793325644,357.86610793325644,357.86610793325644,29991200,29991200,29991200
1996-01-25 22:00:00,357.86610793325644,357.86610793325644,357.86610793325644,29991200,29991200,29991200
1996-01-26 22:00:00,357.86610793325644,357.86610793325644,357.86610793325644,29991200,29991200,29991200
1996-01-29 22:00:00,357.86610793325644,357.86610793325644,357.86610793325644,29991200,29991200,29991200
1996-01-30 22:00:00,357.86610793325644,357.86610793325644,357.86610793325644,29991200,29991200,29991200
1996-01-31 22:00:00,357.86610793325644,357.86610793325644,357.86610793325644,29991200,29991200,29991200
1996-02-01 22:00:00,376.2344508522393,376.2344508522393,376.2344508522393,29991200,29991200,29991200
1996-02-02 22:00:00,376.2344508522393,376.2344508522393,376.2344508522393,29991200,29991200,29991200
1996-02-05 22:00:00,376.2344508522393,376.2344508522393,376.2344508522393,29991200,29991200,29991200
1996-02-06 22:00:00,376.2344508522393,376.2344508522393,376.2344508522393,29991200,29991200,29991200
1996-02-07 22:00:00,376.2344508522393,376.2344508522393,376.2344508522393,29991200,29991200,29991200
1996-02-08 22:00:00,376.2344508522393,376.2344508522393,376.2344508522393,29991200,29991200,29991200
1996-02-09 22:00:00,376.2344508522393,376.2344508522393,376.2344508522393,29991200,29991200,29991200
1996-02-12 22:00:00,376.2344508522393,376.2344508522393,376.2344508522393,29991200,29991200,29991200
1996-02-13 22:00:00,376.2344508522393,376.2344508522393,376.2344508522393,29991200,29991200,29991200
1996-02-14 22:00:00,376.2344508522393,376.2344508522393,376.2344508522393,29991200,29991200,29991200
1996-02-15 22:00:00,376.2344508522393,376.2344508522393,376.2344508522393,29991200,29991200,29991200
1996-02-16 22:00:00,376.2344508522393,376.2344508522393,376.2344508522393,29991200,29991200,29991200
1996-02-19 22:00:00,376.2344508522393,376.2344508522393,376.2344508522393,29991200,29991200,29991200
1996-02-20 22:00:00,376.2344508522393,376.2344508522393,376.2344508522393,29991200,29991200,29991200
1996-02-21 22:00:00,376.2344508522393,376.2344508522393,376.2344508522393,29991200,29991200,29991200
1996-02-22 22:00:00,376.2344508522393,376.2344508522393,376.2344508522393,29991200,29991200,29991200
1996-02-23 22:00:00,376.2344508522393,376.2344508522393,376.2344508522393,29991200,29991200,29991200
1996-02-26 22:00:00,376.2344508522393,376.2344508522393,376.2344508522393,29991200,29991200,29991200
1996-02-27 22:00:00,376.2344508522393,376.2344508522393,376.2344508522393,29991200,29991200,29991200
1996-02-28 22:00:00,376.2344508522393,376.2344508522393,376.2344508522393,29991200,29991200,29991200
1996-02-29 22:00:00,376.2344508522393,376.2344508522393,376.2344508522393,29991200,29991200,29991200
1996-03-01 22:00:00,390.5081793483317,390.5081793483317,390.5081793483317,29991200,29991200,29991200
1996-03-04 22:00:00,390.5081793483317,390.5081793483317,390.5081793483317,29991200,29991200,29991200
1996-03-05 22:00:00,390.5081793483317,390.5081793483317,390.5081793483317,29991200,29991200,29991200
1996-03-06 22:00:00,390.5081793483317,390.5081793483317,390.5081793483317,29991200,29991200,29991200
1996-03-07 22:00:00,390.5081793483317,390.5081793483317,390.5081793483317,29991200,29991200,29991200
1996-03-08 22:00:00,390.5081793483317,390.5081793483317,390.5081793483317,29991200,29991200,29991200
1996-03-11 22:00:00,390.5081793483317,390.5081793483317,390.5081793483317,29991200,29991200,29991200
1996-03-12 22:00:00,390.5081793483317,390.5081793483317,390.5081793483317,29991200,29991200,29991200
1996-03-13 22:00:00,390.5081793483317,390.5081793483317,390.5081793483317,29991200,29991200,29991200
1996-03-14 22:00:00,390.5081793483317,390.5081793483317,390.5081793483317,29991200,29991200,29991200
1996-03-15 22:00:00,390.5081793483317,390.5081793483317,390.5081793483317,29991200,29991200,29991200
1996-03-18 22:00:00,390.5081793483317,390.5081793483317,390.5081793483317,29991200,29991200,29991200
1996-03-19 22:00:00,390.5081793483317,390.5081793483317,390.5081793483317,29991200,29991200,29991200
1996-03-20 22:00:00,390.5081793483317,390.5081793483317,390.5081793483317,29991200,29991200,29991200
1996-03-21 22:00:00,390.5081793483317,390.5081793483317,390.5081793483317,29991200,29991200,29991200
1996-03-22 22:00:00,390.5081793483317,390.5081793483317,390.5081793483317,29991200,29991200,29991200
1996-03-25 22:00:00,390.5081793483317,390.5081793483317,390.5081793483317,29991200,29991200,29991200
1996-03-26 22:00:00,390.5081793483317,390.5081793483317,390.5081793483317,29991200,29991200,29991200
1996-03-27 22:00:00,390.5081793483317,390.5081793483317,390.5081793483317,29991200,29991200,29991200
1996-03-28 22:00:00,390.5081793483317,390.5081793483317,390.5081793483317,29991200,29991200,29991200
1996-03-29 22:00:00,390.5081793483317,390.5081793483317,390.5081793483317,29991200,29991200,29991200
1996-04-01 22:00:00,431.7878416137682,431.7878416137682,431.7878416137682,29991200,29991200,29991200
1996-04-02 22:00:00,431.7878416137682,431.7878416137682,431.7878416137682,29991200,29991200,29991200
1996-04-03 22:00:00,431.7878416137682,431.7878416137682,431.7878416137682,29991200,29991200,29991200
1996-04-04 22:00:00,431.7878416137682,431.7878416137682,431.7878416137682,29991200,29991200,29991200
1996-04-05 22:00:00,431.7878416137682,431.7878416137682,431.7878416137682,29991200,29991200,29991200
1996-04-08 22:00:00,431.7878416137682,431.7878416137682,431.7878416137682,29991200,29991200,29991200
1996-04-09 22:00:00,431.7878416137682,431.7878416137682,431.7878416137682,29991200,29991200,29991200
1996-04-10 22:00:00,431.7878416137682,431.7878416137682,431.7878416137682,29991200,29991200,29991200
1996-04-11 22:00:00,431.7878416137682,431.7878416137682,431.7878416137682,29991200,29991200,29991200
1996-04-12 22:00:00,431.7878416137682,431.7878416137682,431.7878416137682,29991200,29991200,29991200
1996-04-15 22:00:00,431.7878416137682,431.7878416137682,431.7878416137682,29991200,29991200,29991200
1996-04-16 22:00:00,431.7878416137682,431.7878416137682,431.7878416137682,29991200,29991200,29991200
1996-04-17 22:00:00,431.7878416137682,431.7878416137682,431.7878416137682,29991200,29991200,29991200
1996-04-18 22:00:00,431.7878416137682,431.7878416137682,431.7878416137682,29991200,29991200,29991200
1996-04-19 22:00:00,431.7878416137682,431.7878416137682,431.7878416137682,29991200,29991200,29991200
1996-04-22 22:00:00,431.7878416137682,431.7878416137682,431.7878416137682,29991200,29991200,29991200
1996-04-23 22:00:00,431.7878416137682,431.7878416137682,431.7878416137682,29991200,29991200,29991200
1996-04-24 22:00:00,431.7878416137682,431.7878416137682,431.7878416137682,29991200,29991200,29991200
1996-04-25 22:00:00,431.7878416137682,431.7878416137682,431.7878416137682,29991200,29991200,29991200
1996-04-26 22:00:00,431.7878416137682,431.7878416137682,431.7878416137682,29991200,29991200,29991200
1996-04-29 22:00:00,431.7878416137682,431.7878416137682,431.7878416137682,29991200,29991200,29991200
1996-04-30 22:00:00,431.7878416137682,431.7878416137682,431.7878416137682,29991200,29991200,29991200
1996-05-01 22:00:00,465.97283041214286,465.97283041214286,465.97283041214286,29991200,29991200,29991200
1996-05-02 22:00:00,465.97283041214286,465.97283041214286,465.97283041214286,29991200,29991200,29991200
1996-05-03 22:00:00,465.97283041214286,465.97283041214286,465.97283041214286,29991200,29991200,29991200
1996-05-06 22:00:00,465.97283041214286,465.97283041214286,465.97283041214286,29991200,29991200,29991200
1996-05-07 22:00:00,465.97283041214286,465.97283041214286,465.97283041214286,29991200,29991200,29991200
1996-05-08 22:00:00,465.97283041214286,465.97283041214286,465.97283041214286,29991200,29991200,29991200
1996-05-09 22:00:00,465.97283041214286,465.97283041214286,465.97283041214286,29991200,29991200,29991200
1996-05-10 22:00:00,465.97283041214286,465.97283041214286,465.97283041214286,29991200,29991200,29991200
1996-05-13 22:00:00,465.97283041214286,465.97283041214286,465.97283041214286,29991200,29991200,29991200
1996-05-14 22:00:00,465.97283041214286,465.97283041214286,465.97283041214286,29991200,29991200,29991200
1996-05-15 22:00:00,465.97283041214286,465.97283041214286,465.97283041214286,29991200,29991200,29991200
1996-05-16 22:00:00,465.97283041214286,465.97283041214286,465.97283041214286,29991200,29991200,29991200
1996-05-17 22:00:00,465.97283041214286,465.97283041214286,465.97283041214286,29991200,29991200,29991200
1996-05-20 22:00:00,465.97283041214286,465.97283041214286,465.97283041214286,29991200,29991200,29991200
1996-05-21 22:00:00,465.97283041214286,465.97283041214286,465.97283041214286,29991200,29991200,29991200
1996-05-22 22:00:00,465.97283041214286,465.97283041214286,465.97283041214286,29991200,29991200,29991200
1996-05-23 22:00:00,465.97283041214286,465.97283041214286,465.97283041214286,29991200,29991200,29991200
1996-05-24 22:00:00,465.97283041214286,465.97283041214286,465.97283041214286,29991200,29991200,29991200
1996-05-27 22:00:00,465.97283041214286,465.97283041214286,465.97283041214286,29991200,29991200,29991200
1996-05-28 22:00:00,465.97283041214286,465.97283041214286,465.97283041214286,29991200,29991200,29991200
1996-05-29 22:00:00,465.97283041214286,465.97283041214286,465.97283041214286,29991200,29991200,29991200
1996-05-30 22:00:00,465.97283041214286,465.97283041214286,465.97283041214286,29991200,29991200,29991200
1996-05-31 22:00:00,465.97283041214286,465.97283041214286,465.97283041214286,29991200,29991200,29991200
1996-06-03 22:00:00,465.97283041214286,465.97283041214286,465.97283041214286,29991200,29991200,29991200
1996-06-04 22:00:00,465.97283041214286,465.97283041214286,465.97283041214286,29991200,29991200,29991200
1996-06-05 22:00:00,465.97283041214286,465.97283041214286,465.97283041214286,29991200,29991200,29991200
1996-06-06 22:00:00,465.97283041214286,465.97283041214286,465.97283041214286,29991200,29991200,29991200
1996-06-07 22:00:00,465.97283041214286,465.97283041214286,465.97283041214286,29991200,29991200,29991200
1996-06-10 22:00:00,465.97283041214286,465.97283041214286,465.97283041214286,29991200,29991200,29991200
1996-06-11 22:00:00,465.97283041214286,465.97283041214286,465.97283041214286,29991200,29991200,29991200
1996-06-12 22:00:00,465.97283041214286,465.97283041214286,465.97283041214286,29991200,29991200,29991200
1996-06-13 22:00:00,465.97283041214286,465.97283041214286,465.97283041214286,29991200,29991200,29991200
1996-06-14 22:00:00,465.97283041214286,465.97283041214286,465.97283041214286,29991200,29991200,29991200
1996-06-17 22:00:00,465.97283041214286,465.97283041214286,465.97283041214286,29991200,29991200,29991200
1996-06-18 22:00:00,465.97283041214286,465.97283041214286,465.97283041214286,29991200,29991200,29991200
1996-06-19 22:00:00,465.97283041214286,465.97283041214286,465.97283041214286,29991200,29991200,29991200
1996-06-20 22:00:00,465.97283041214286,465.97283041214286,465.97283041214286,29991200,29991200,29991200
1996-06-21 22:00:00,465.97283041214286,465.97283041214286,465.97283041214286,29991200,29991200,29991200
1996-06-24 22:00:00,465.97283041214286,465.97283041214286,465.97283041214286,29991200,29991200,29991200
1996-06-25 22:00:00,465.97283041214286,465.97283041214286,465.97283041214286,29991200,29991200,29991200
1996-06-26 22:00:00,465.97283041214286,465.97283041214286,465.97283041214286,29991200,29991200,29991200
1996-06-27 22:00:00,465.97283041214286,465.97283041214286,465.97283041214286,29991200,29991200,29991200
1996-06-28 22:00:00,465.97283041214286,465.97283041214286,465.97283041214286,29991200,29991200,29991200
1996-07-01 22:00:00,451.4021108836336,451.4021108836336,451.4021108836336,29991200,29991200,29991200
1996-07-02 22:00:00,451.4021108836336,451.4021108836336,451.4021108836336,29991200,29991200,29991200
1996-07-03 22:00:00,451.4021108836336,451.4021108836336,451.4021108836336,29991200,29991200,29991200
1996-07-04 22:00:00,451.4021108836336,451.4021108836336,451.4021108836336,29991200,29991200,29991200
1996-07-05 22:00:00,451.4021108836336,451.4021108836336,451.4021108836336,29991200,29991200,29991200
1996-07-08 22:00:00,451.4021108836336,451.4021108836336,451.4021108836336,29991200,29991200,29991200
1996-07-09 22:00:00,451.4021108836336,451.4021108836336,451.4021108836336,29991200,29991200,29991200
1996-07-10 22:00:00,451.4021108836336,451.4021108836336,451.4021108836336,29991200,29991200,29991200
1996-07-11 22:00:00,451.4021108836336,451.4021108836336,451.4021108836336,29991200,29991200,29991200
1996-07-12 22:00:00,451.4021108836336,451.4021108836336,451.4021108836336,29991200,29991200,29991200
1996-07-15 22:00:00,451.4021108836336,451.4021108836336,451.4021108836336,29991200,29991200,29991200
1996-07-16 22:00:00,451.4021108836336,451.4021108836336,451.4021108836336,29991200,29991200,29991200
1996-07-17 22:00:00,451.4021108836336,451.4021108836336,451.4021108836336,29991200,29991200,29991200
1996-07-18 22:00:00,451.4021108836336,451.4021108836336,451.4021108836336,29991200,29991200,29991200
1996-07-19 22:00:00,451.4021108836336,451.4021108836336,451.4021108836336,29991200,29991200,29991200
1996-07-22 22:00:00,451.4021108836336,451.4021108836336,451.4021108836336,29991200,29991200,29991200
1996-07-23 22:00:00,451.4021108836336,451.4021108836336,451.4021108836336,29991200,29991200,29991200
1996-07-24 22:00:00,451.4021108836336,451.4021108836336,451.4021108836336,29991200,29991200,29991200
1996-07-25 22:00:00,451.4021108836336,451.4021108836336,451.4021108836336,29991200,29991200,29991200
1996-07-26 22:00:00,451.4021108836336,451.4021108836336,451.4021108836336,29991200,29991200,29991200
1996-07-29 22:00:00,451.4021108836336,451.4021108836336,451.4021108836336,29991200,29991200,29991200
1996-07-30 22:00:00,451.4021108836336,451.4021108836336,451.4021108836336,29991200,29991200,29991200
1996-07-31 22:00:00,451.4021108836336,451.4021108836336,451.4021108836336,29991200,29991200,29991200
1996-08-01 22:00:00,426.7329991726728,426.7329991726728,426.7329991726728,29991200,29991200,29991200
1996-08-02 22:00:00,426.7329991726728,426.7329991726728,426.7329991726728,29991200,29991200,29991200
1996-08-05 22:00:00,426.7329991726728,426.7329991726728,426.7329991726728,29991200,29991200,29991200
1996-08-06 22:00:00,426.7329991726728,426.7329991726728,426.7329991726728,29991200,29991200,29991200
1996-08-07 22:00:00,426.7329991726728,426.7329991726728,426.7329991726728,29991200,29991200,29991200
1996-08-08 22:00:00,426.7329991726728,426.7329991726728,426.7329991726728,29991200,29991200,29991200
1996-08-09 22:00:00,426.7329991726728,426.7329991726728,426.7329991726728,29991200,29991200,29991200
1996-08-12 22:00:00,426.7329991726728,426.7329991726728,426.7329991726728,29991200,29991200,29991200
1996-08-13 22:00:00,426.7329991726728,426.7329991726728,426.7329991726728,29991200,29991200,29991200
1996-08-14 22:00:00,426.7329991726728,426.7329991726728,426.7329991726728,29991200,29991200,29991200
1996-08-15 22:00:00,426.7329991726728,426.7329991726728,426.7329991726728,29991200,29991200,29991200
1996-08-16 22:00:00,426.7329991726728,426.7329991726728,426.7329991726728,29991200,29991200,29991200
1996-08-19 22:00:00,426.7329991726728,426.7329991726728,426.7329991726728,29991200,29991200,29991200
1996-08-20 22:00:00,426.7329991726728,426.7329991726728,426.7329991726728,29991200,29991200,29991200
1996-08-21 22:00:00,426.7329991726728,426.7329991726728,426.7329991726728,29991200,29991200,29991200
1996-08-22 22:00:00,426.7329991726728,426.7329991726728,426.7329991726728,29991200,29991200,29991200
1996-08-23 22:00:00,426.7329991726728,426.7329991726728,426.7329991726728,29991200,29991200,29991200
1996-08-26 22:00:00,426.7329991726728,426.7329991726728,426.7329991726728,29991200,29991200,29991200
1996-08-27 22:00:00,426.7329991726728,426.7329991726728,426.7329991726728,29991200,29991200,29991200
1996-08-28 22:00:00,426.7329991726728,426.7329991726728,426.7329991726728,29991200,29991200,29991200
1996-08-29 22:00:00,426.7329991726728,426.7329991726728,426.7329991726728,29991200,29991200,29991200
1996-08-30 22:00:00,426.7329991726728,426.7329991726728,426.7329991726728,29991200,29991200,29991200
1996-09-02 22:00:00,426.7329991726728,426.7329991726728,426.7329991726728,29991200,29991200,29991200
1996-09-03 22:00:00,426.7329991726728,426.7329991726728,426.7329991726728,29991200,29991200,29991200
1996-09-04 22:00:00,426.7329991726728,426.7329991726728,426.7329991726728,29991200,29991200,29991200
1996-09-05 22:00:00,426.7329991726728,426.7329991726728,426.7329991726728,29991200,29991200,29991200
1996-09-06 22:00:00,426.7329991726728,426.7329991726728,426.7329991726728,29991200,29991200,29991200
1996-09-09 22:00:00,426.7329991726728,426.7329991726728,426.7329991726728,29991200,29991200,29991200
1996-09-10 22:00:00,426.7329991726728,426.7329991726728,426.7329991726728,29991200,29991200,29991200
1996-09-11 22:00:00,426.7329991726728,426.7329991726728,426.7329991726728,29991200,29991200,29991200
1996-09-12 22:00:00,426.7329991726728,426.7329991726728,426.7329991726728,29991200,29991200,29991200
1996-09-13 22:00:00,426.7329991726728,426.7329991726728,426.7329991726728,29991200,29991200,29991200
1996-09-16 22:00:00,426.7329991726728,426.7329991726728,426.7329991726728,29991200,29991200,29991200
1996-09-17 22:00:00,426.7329991726728,426.7329991726728,426.7329991726728,29991200,29991200,29991200
1996-09-18 22:00:00,426.7329991726728,426.7329991726728,426.7329991726728,29991200,29991200,29991200
1996-09-19 22:00:00,426.7329991726728,426.7329991726728,426.7329991726728,29991200,29991200,29991200
1996-09-20 22:00:00,426.7329991726728,426.7329991726728,426.7329991726728,29991200,29991200,29991200
1996-09-23 22:00:00,426.7329991726728,426.7329991726728,426.7329991726728,29991200,29991200,29991200
1996-09-24 22:00:00,426.7329991726728,426.7329991726728,426.7329991726728,29991200,29991200,29991200
1996-09-25 22:00:00,426.7329991726728,426.7329991726728,426.7329991726728,29991200,29991200,29991200
1996-09-26 22:00:00,426.7329991726728,426.7329991726728,426.7329991726728,29991200,29991200,29991200
1996-09-27 22:00:00,426.7329991726728,426.7329991726728,426.7329991726728,29991200,29991200,29991200
1996-09-30 22:00:00,426.7329991726728,426.7329991726728,426.7329991726728,29991200,29991200,29991200
1996-10-01 22:00:00,293.7672454738928,293.7672454738928,293.7672454738928,29991200,29991200,29991200
1996-10-02 22:00:00,293.7672454738928,293.7672454738928,293.7672454738928,29991200,29991200,29991200
1996-10-03 22:00:00,293.7672454738928,293.7672454738928,293.7672454738928,29991200,29991200,29991200
1996-10-04 22:00:00,293.7672454738928,293.7672454738928,293.7672454738928,29991200,29991200,29991200
1996-10-07 22:00:00,293.7672454738928,293.7672454738928,293.7672454738928,29991200,29991200,29991200
1996-10-08 22:00:00,293.7672454738928,293.7672454738928,293.7672454738928,29991200,29991200,29991200
1996-10-09 22:00:00,293.7672454738928,293.7672454738928,293.7672454738928,29991200,29991200,29991200
1996-10-10 22:00:00,293.7672454738928,293.7672454738928,293.7672454738928,29991200,29991200,29991200
1996-10-11 22:00:00,293.7672454738928,293.7672454738928,293.7672454738928,29991200,29991200,29991200
1996-10-14 22:00:00,293.7672454738928,293.7672454738928,293.7672454738928,29991200,29991200,29991200
1996-10-15 22:00:00,293.7672454738928,293.7672454738928,293.7672454738928,29991200,29991200,29991200
1996-10-16 22:00:00,293.7672454738928,293.7672454738928,293.7672454738928,29991200,29991200,29991200
1996-10-17 22:00:00,293.7672454738928,293.7672454738928,293.7672454738928,29991200,29991200,29991200
1996-10-18 22:00:00,293.7672454738928,293.7672454738928,293.7672454738928,29991200,29991200,29991200
1996-10-21 22:00:00,293.7672454738928,293.7672454738928,293.7672454738928,29991200,29991200,29991200
1996-10-22 22:00:00,293.7672454738928,293.7672454738928,293.7672454738928,29991200,29991200,29991200
1996-10-23 22:00:00,293.7672454738928,293.7672454738928,293.7672454738928,29991200,29991200,29991200
1996-10-24 22:00:00,293.7672454738928,293.7672454738928,293.7672454738928,29991200,29991200,29991200
1996-10-25 22:00:00,293.7672454738928,293.7672454738928,293.7672454738928,29991200,29991200,29991200
1996-10-28 22:00:00,293.7672454738928,293.7672454738928,293.7672454738928,29991200,29991200,29991200
1996-10-29 22:00:00,293.7672454738928,293.7672454738928,293.7672454738928,29991200,29991200,29991200
1996-10-30 22:00:00,293.7672454738928,293.7672454738928,293.7672454738928,29991200,29991200,29991200
1996-10-31 22:00:00,293.7672454738928,293.7672454738928,293.7672454738928,29991200,29991200,29991200
1996-11-01 22:00:00,267.56309338624504,267.56309338624504,267.56309338624504,29991200,29991200,29991200
1996-11-04 22:00:00,267.56309338624504,267.56309338624504,267.56309338624504,29991200,29991200,29991200
1996-11-05 22:00:00,267.56309338624504,267.56309338624504,267.56309338624504,29991200,29991200,29991200
1996-11-06 22:00:00,267.56309338624504,267.56309338624504,267.56309338624504,29991200,29991200,29991200
1996-11-07 22:00:00,267.56309338624504,267.56309338624504,267.56309338624504,29991200,29991200,29991200
1996-11-08 22:00:00,267.56309338624504,267.56309338624504,267.56309338624504,29991200,29991200,29991200
1996-11-11 22:00:00,267.56309338624504,267.56309338624504,267.56309338624504,29991200,29991200,29991200
1996-11-12 22:00:00,267.56309338624504,267.56309338624504,267.56309338624504,29991200,29991200,29991200
1996-11-13 22:00:00,267.56309338624504,267.56309338624504,267.56309338624504,29991200,29991200,29991200
1996-11-14 22:00:00,267.56309338624504,267.56309338624504,267.56309338624504,29991200,29991200,29991200
1996-11-15 22:00:00,267.56309338624504,267.56309338624504,267.56309338624504,29991200,29991200,29991200
1996-11-18 22:00:00,267.56309338624504,267.56309338624504,267.56309338624504,29991200,29991200,29991200
1996-11-19 22:00:00,267.56309338624504,267.56309338624504,267.56309338624504,29991200,29991200,29991200
1996-11-20 22:00:00,267.56309338624504,267.56309338624504,267.56309338624504,29991200,29991200,29991200
1996-11-21 22:00:00,267.56309338624504,267.56309338624504,267.56309338624504,29991200,29991200,29991200
1996-11-22 22:00:00,267.56309338624504,267.56309338624504,267.56309338624504,29991200,29991200,29991200
1996-11-25 22:00:00,267.56309338624504,267.56309338624504,267.56309338624504,29991200,29991200,29991200
1996-11-26 22:00:00,267.56309338624504,267.56309338624504,267.56309338624504,29991200,29991200,29991200
1996-11-27 22:00:00,267.56309338624504,267.56309338624504,267.56309338624504,29991200,29991200,29991200
1996-11-28 22:00:00,267.56309338624504,267.56309338624504,267.56309338624504,29991200,29991200,29991200
1996-11-29 22:00:00,267.56309338624504,267.56309338624504,267.56309338624504,29991200,29991200,29991200
1996-12-02 22:00:00,267.56309338624504,267.56309338624504,267.56309338624504,29991200,29991200,29991200
1996-12-03 22:00:00,267.56309338624504,267.56309338624504,267.56309338624504,29991200,29991200,29991200
1996-12-04 22:00:00,267.56309338624504,267.56309338624504,267.56309338624504,29991200,29991200,29991200
1996-12-05 22:00:00,267.56309338624504,267.56309338624504,267.56309338624504,29991200,29991200,29991200
1996-12-06 22:00:00,267.56309338624504,267.56309338624504,267.56309338624504,29991200,29991200,29991200
1996-12-09 22:00:00,267.56309338624504,267.56309338624504,267.56309338624504,29991200,29991200,29991200
1996-12-10 22:00:00,267.56309338624504,267.56309338624504,267.56309338624504,29991200,29991200,29991200
1996-12-11 22:00:00,267.56309338624504,267.56309338624504,267.56309338624504,29991200,29991200,29991200
1996-12-12 22:00:00,267.56309338624504,267.56309338624504,267.56309338624504,29991200,29991200,29991200
1996-12-13 22:00:00,267.56309338624504,267.56309338624504,267.56309338624504,29991200,29991200,29991200
1996-12-16 22:00:00,267.56309338624504,267.56309338624504,267.56309338624504,29991200,29991200,29991200
1996-12-17 22:00:00,267.56309338624504,267.56309338624504,267.56309338624504,29991200,29991200,29991200
1996-12-18 22:00:00,267.56309338624504,267.56309338624504,267.56309338624504,29991200,29991200,29991200
1996-12-19 22:00:00,267.56309338624504,267.56309338624504,267.56309338624504,29991200,29991200,29991200
1996-12-20 22:00:00,267.56309338624504,267.56309338624504,267.56309338624504,29991200,29991200,29991200
1996-12-23 22:00:00,267.56309338624504,267.56309338624504,267.56309338624504,29991200,29991200,29991200
1996-12-24 22:00:00,267.56309338624504,267.56309338624504,267.56309338624504,29991200,29991200,29991200
1996-12-25 22:00:00,267.56309338624504,267.56309338624504,267.56309338624504,29991200,29991200,29991200
1996-12-26 22:00:00,267.56309338624504,267.56309338624504,267.56309338624504,29991200,29991200,29991200
1996-12-27 22:00:00,267.56309338624504,267.56309338624504,267.56309338624504,29991200,29991200,29991200
1996-12-30 22:00:00,267.56309338624504,267.56309338624504,267.56309338624504,29991200,29991200,29991200
1996-12-31 22:00:00,267.56309338624504,267.56309338624504,267.56309338624504,29991200,29991200,29991200
1997-01-01 22:00:00,271.12261159681304,271.12261159681304,271.12261159681304,29991200,29991200,29991200
1997-01-02 22:00:00,271.12261159681304,271.12261159681304,271.12261159681304,29991200,29991200,29991200
1997-01-03 22:00:00,271.12261159681304,271.12261159681304,271.12261159681304,29991200,29991200,29991200
1997-01-06 22:00:00,271.12261159681304,271.12261159681304,271.12261159681304,29991200,29991200,29991200
1997-01-07 22:00:00,271.12261159681304,271.12261159681304,271.12261159681304,29991200,29991200,29991200
1997-01-08 22:00:00,271.12261159681304,271.12261159681304,271.12261159681304,29991200,29991200,29991200
1997-01-09 22:00:00,271.12261159681304,271.12261159681304,271.12261159681304,29991200,29991200,29991200
1997-01-10 22:00:00,271.12261159681304,271.12261159681304,271.12261159681304,29991200,29991200,29991200
1997-01-13 22:00:00,271.12261159681304,271.12261159681304,271.12261159681304,29991200,29991200,29991200
1997-01-14 22:00:00,271.12261159681304,271.12261159681304,271.12261159681304,29991200,29991200,29991200
1997-01-15 22:00:00,271.12261159681304,271.12261159681304,271.12261159681304,29991200,29991200,29991200
1997-01-16 22:00:00,271.12261159681304,271.12261159681304,271.12261159681304,29991200,29991200,29991200
1997-01-17 22:00:00,271.12261159681304,271.12261159681304,271.12261159681304,29991200,29991200,29991200
1997-01-20 22:00:00,271.12261159681304,271.12261159681304,271.12261159681304,29991200,29991200,29991200
1997-01-21 22:00:00,271.12261159681304,271.12261159681304,271.12261159681304,29991200,29991200,29991200
1997-01-22 22:00:00,271.12261159681304,271.12261159681304,271.12261159681304,29991200,29991200,29991200
1997-01-23 22:00:00,271.12261159681304,271.12261159681304,271.12261159681304,29991200,29991200,29991200
1997-01-24 22:00:00,271.12261159681304,271.12261159681304,271.12261159681304,29991200,29991200,29991200
1997-01-27 22:00:00,271.12261159681304,271.12261159681304,271.12261159681304,29991200,29991200,29991200
1997-01-28 22:00:00,271.12261159681304,271.12261159681304,271.12261159681304,29991200,29991200,29991200
1997-01-29 22:00:00,271.12261159681304,271.12261159681304,271.12261159681304,29991200,29991200,29991200
1997-01-30 22:00:00,271.12261159681304,271.12261159681304,271.12261159681304,29991200,29991200,29991200
1997-01-31 22:00:00,271.12261159681304,271.12261159681304,271.12261159681304,29991200,29991200,29991200
1997-02-03 22:00:00,271.12261159681304,271.12261159681304,271.12261159681304,29991200,29991200,29991200
1997-02-04 22:00:00,271.12261159681304,271.12261159681304,271.12261159681304,29991200,29991200,29991200
1997-02-05 22:00:00,271.12261159681304,271.12261159681304,271.12261159681304,29991200,29991200,29991200
1997-02-06 22:00:00,271.12261159681304,271.12261159681304,271.12261159681304,29991200,29991200,29991200
1997-02-07 22:00:00,271.12261159681304,271.12261159681304,271.12261159681304,29991200,29991200,29991200
1997-02-10 22:00:00,271.12261159681304,271.12261159681304,271.12261159681304,29991200,29991200,29991200
1997-02-11 22:00:00,271.12261159681304,271.12261159681304,271.12261159681304,29991200,29991200,29991200
1997-02-12 22:00:00,271.12261159681304,271.12261159681304,271.12261159681304,29991200,29991200,29991200
1997-02-13 22:00:00,271.12261159681304,271.12261159681304,271.12261159681304,29991200,29991200,29991200
1997-02-14 22:00:00,271.12261159681304,271.12261159681304,271.12261159681304,29991200,29991200,29991200
1997-02-17 22:00:00,271.12261159681304,271.12261159681304,271.12261159681304,29991200,29991200,29991200
1997-02-18 22:00:00,271.12261159681304,271.12261159681304,271.12261159681304,29991200,29991200,29991200
1997-02-19 22:00:00,271.12261159681304,271.12261159681304,271.12261159681304,29991200,29991200,29991200
1997-02-20 22:00:00,271.12261159681304,271.12261159681304,271.12261159681304,29991200,29991200,29991200
1997-02-21 22:00:00,271.12261159681304,271.12261159681304,271.12261159681304,29991200,29991200,29991200
1997-02-24 22:00:00,271.12261159681304,271.12261159681304,271.12261159681304,29991200,29991200,29991200
1997-02-25 22:00:00,271.12261159681304,271.12261159681304,271.12261159681304,29991200,29991200,29991200
1997-02-26 22:00:00,271.12261159681304,271.12261159681304,271.12261159681304,29991200,29991200,29991200
1997-02-27 22:00:00,271.12261159681304,271.12261159681304,271.12261159681304,29991200,29991200,29991200
1997-02-28 22:00:00,271.12261159681304,271.12261159681304,271.12261159681304,29991200,29991200,29991200
1997-03-03 22:00:00,271.12261159681304,271.12261159681304,271.12261159681304,29991200,29991200,29991200
1997-03-04 22:00:00,271.12261159681304,271.12261159681304,271.12261159681304,29991200,29991200,29991200
1997-03-05 22:00:00,271.12261159681304,271.12261159681304,271.12261159681304,29991200,29991200,29991200
1997-03-06 22:00:00,271.12261159681304,271.12261159681304,271.12261159681304,29991200,29991200,29991200
1997-03-07 22:00:00,271.12261159681304,271.12261159681304,271.12261159681304,29991200,29991200,29991200
1997-03-10 22:00:00,271.12261159681304,271.12261159681304,271.12261159681304,29991200,29991200,29991200
1997-03-11 22:00:00,271.12261159681304,271.12261159681304,271.12261159681304,29991200,29991200,29991200
1997-03-12 22:00:00,271.12261159681304,271.12261159681304,271.12261159681304,29991200,29991200,29991200
1997-03-13 22:00:00,271.12261159681304,271.12261159681304,271.12261159681304,29991200,29991200,29991200
1997-03-14 22:00:00,271.12261159681304,271.12261159681304,271.12261159681304,29991200,29991200,29991200
1997-03-17 22:00:00,271.12261159681304,271.12261159681304,271.12261159681304,29991200,29991200,29991200
1997-03-18 22:00:00,271.12261159681304,271.12261159681304,271.12261159681304,29991200,29991200,29991200
1997-03-19 22:00:00,271.12261159681304,271.12261159681304,271.12261159681304,29991200,29991200,29991200
1997-03-20 22:00:00,271.12261159681304,271.12261159681304,271.12261159681304,29991200,29991200,29991200
1997-03-21 22:00:00,271.12261159681304,271.12261159681304,271.12261159681304,29991200,29991200,29991200
1997-03-24 22:00:00,271.12261159681304,271.12261159681304,271.12261159681304,29991200,29991200,29991200
1997-03-25 22:00:00,271.12261159681304,271.12261159681304,271.12261159681304,29991200,29991200,29991200
1997-03-26 22:00:00,271.12261159681304,271.12261159681304,271.12261159681304,29991200,29991200,29991200
1997-03-27 22:00:00,271.12261159681304,271.12261159681304,271.12261159681304,29991200,29991200,29991200
1997-03-28 22:00:00,271.12261159681304,271.12261159681304,271.12261159681304,29991200,29991200,29991200
1997-03-31 22:00:00,271.12261159681304,271.12261159681304,271.12261159681304,29991200,29991200,29991200
1997-04-01 22:00:00,284.86821468289185,284.86821468289185,284.86821468289185,29991200,29991200,29991200
1997-04-02 22:00:00,284.86821468289185,284.86821468289185,284.86821468289185,29991200,29991200,29991200
1997-04-03 22:00:00,284.86821468289185,284.86821468289185,284.86821468289185,29991200,29991200,29991200
1997-04-04 22:00:00,284.86821468289185,284.86821468289185,284.86821468289185,29991200,29991200,29991200
1997-04-07 22:00:00,284.86821468289185,284.86821468289185,284.86821468289185,29991200,29991200,29991200
1997-04-08 22:00:00,284.86821468289185,284.86821468289185,284.86821468289185,29991200,29991200,29991200
1997-04-09 22:00:00,284.86821468289185,284.86821468289185,284.86821468289185,29991200,29991200,29991200
1997-04-10 22:00:00,284.86821468289185,284.86821468289185,284.86821468289185,29991200,29991200,29991200
1997-04-11 22:00:00,284.86821468289185,284.86821468289185,284.86821468289185,29991200,29991200,29991200
1997-04-14 22:00:00,284.86821468289185,284.86821468289185,284.86821468289185,29991200,29991200,29991200
1997-04-15 22:00:00,284.86821468289185,284.86821468289185,284.86821468289185,29991200,29991200,29991200
1997-04-16 22:00:00,284.86821468289185,284.86821468289185,284.86821468289185,29991200,29991200,29991200
1997-04-17 22:00:00,284.86821468289185,284.86821468289185,284.86821468289185,29991200,29991200,29991200
1997-04-18 22:00:00,284.86821468289185,284.86821468289185,284.86821468289185,29991200,29991200,29991200
1997-04-21 22:00:00,284.86821468289185,284.86821468289185,284.86821468289185,29991200,29991200,29991200
1997-04-22 22:00:00,284.86821468289185,284.86821468289185,284.86821468289185,29991200,29991200,29991200
1997-04-23 22:00:00,284.86821468289185,284.86821468289185,284.86821468289185,29991200,29991200,29991200
1997-04-24 22:00:00,284.86821468289185,284.86821468289185,284.86821468289185,29991200,29991200,29991200
1997-04-25 22:00:00,284.86821468289185,284.86821468289185,284.86821468289185,29991200,29991200,29991200
1997-04-28 22:00:00,284.86821468289185,284.86821468289185,284.86821468289185,29991200,29991200,29991200
1997-04-29 22:00:00,284.86821468289185,284.86821468289185,284.86821468289185,29991200,29991200,29991200
1997-04-30 22:00:00,284.86821468289185,284.86821468289185,284.86821468289185,29991200,29991200,29991200
1997-05-01 22:00:00,270.92992119395853,270.92992119395853,270.92992119395853,29991200,29991200,29991200
1997-05-02 22:00:00,270.92992119395853,270.92992119395853,270.92992119395853,29991200,29991200,29991200
1997-05-05 22:00:00,270.92992119395853,270.92992119395853,270.92992119395853,29991200,29991200,29991200
1997-05-06 22:00:00,270.92992119395853,270.92992119395853,270.92992119395853,29991200,29991200,29991200
1997-05-07 22:00:00,270.92992119395853,270.92992119395853,270.92992119395853,29991200,29991200,29991200
1997-05-08 22:00:00,270.92992119395853,270.92992119395853,270.92992119395853,29991200,29991200,29991200
1997-05-09 22:00:00,270.92992119395853,270.92992119395853,270.92992119395853,29991200,29991200,29991200
1997-05-12 22:00:00,270.92992119395853,270.92992119395853,270.92992119395853,29991200,29991200,29991200
1997-05-13 22:00:00,270.92992119395853,270.92992119395853,270.92992119395853,29991200,29991200,29991200
1997-05-14 22:00:00,270.92992119395853,270.92992119395853,270.92992119395853,29991200,29991200,29991200
1997-05-15 22:00:00,270.92992119395853,270.92992119395853,270.92992119395853,29991200,29991200,29991200
1997-05-16 22:00:00,270.92992119395853,270.92992119395853,270.92992119395853,29991200,29991200,29991200
1997-05-19 22:00:00,270.92992119395853,270.92992119395853,270.92992119395853,29991200,29991200,29991200
1997-05-20 22:00:00,270.92992119395853,270.92992119395853,270.92992119395853,29991200,29991200,29991200
1997-05-21 22:00:00,270.92992119395853,270.92992119395853,270.92992119395853,29991200,29991200,29991200
1997-05-22 22:00:00,270.92992119395853,270.92992119395853,270.92992119395853,29991200,29991200,29991200
1997-05-23 22:00:00,270.92992119395853,270.92992119395853,270.92992119395853,29991200,29991200,29991200
1997-05-26 22:00:00,270.92992119395853,270.92992119395853,270.92992119395853,29991200,29991200,29991200
1997-05-27 22:00:00,270.92992119395853,270.92992119395853,270.92992119395853,29991200,29991200,29991200
1997-05-28 22:00:00,270.92992119395853,270.92992119395853,270.92992119395853,29991200,29991200,29991200
1997-05-29 22:00:00,270.92992119395853,270.92992119395853,270.92992119395853,29991200,29991200,29991200
1997-05-30 22:00:00,270.92992119395853,270.92992119395853,270.92992119395853,29991200,29991200,29991200
1997-06-02 22:00:00,270.92992119395853,270.92992119395853,270.92992119395853,29991200,29991200,29991200
1997-06-03 22:00:00,270.92992119395853,270.92992119395853,270.92992119395853,29991200,29991200,29991200
1997-06-04 22:00:00,270.92992119395853,270.92992119395853,270.92992119395853,29991200,29991200,29991200
1997-06-05 22:00:00,270.92992119395853,270.92992119395853,270.92992119395853,29991200,29991200,29991200
1997-06-06 22:00:00,270.92992119395853,270.92992119395853,270.92992119395853,29991200,29991200,29991200
1997-06-09 22:00:00,270.92992119395853,270.92992119395853,270.92992119395853,29991200,29991200,29991200
1997-06-10 22:00:00,270.92992119395853,270.92992119395853,270.92992119395853,29991200,29991200,29991200
1997-06-11 22:00:00,270.92992119395853,270.92992119395853,270.92992119395853,29991200,29991200,29991200
1997-06-12 22:00:00,270.92992119395853,270.92992119395853,270.92992119395853,29991200,29991200,29991200
1997-06-13 22:00:00,270.92992119395853,270.92992119395853,270.92992119395853,29991200,29991200,29991200
1997-06-16 22:00:00,270.92992119395853,270.92992119395853,270.92992119395853,29991200,29991200,29991200
1997-06-17 22:00:00,270.92992119395853,270.92992119395853,270.92992119395853,29991200,29991200,29991200
1997-06-18 22:00:00,270.92992119395853,270.92992119395853,270.92992119395853,29991200,29991200,29991200
1997-06-19 22:00:00,270.92992119395853,270.92992119395853,270.92992119395853,29991200,29991200,29991200
1997-06-20 22:00:00,270.92992119395853,270.92992119395853,270.92992119395853,29991200,29991200,29991200
1997-06-23 22:00:00,270.92992119395853,270.92992119395853,270.92992119395853,29991200,29991200,29991200
1997-06-24 22:00:00,270.92992119395853,270.92992119395853,270.92992119395853,29991200,29991200,29991200
1997-06-25 22:00:00,270.92992119395853,270.92992119395853,270.92992119395853,29991200,29991200,29991200
1997-06-26 22:00:00,270.92992119395853,270.92992119395853,270.92992119395853,29991200,29991200,29991200
1997-06-27 22:00:00,270.92992119395853,270.92992119395853,270.92992119395853,29991200,29991200,29991200
1997-06-30 22:00:00,270.92992119395853,270.92992119395853,270.92992119395853,29991200,29991200,29991200
1997-07-01 22:00:00,243.0854173337236,243.0854173337236,243.0854173337236,29991200,29991200,29991200
1997-07-02 22:00:00,243.0854173337236,243.0854173337236,243.0854173337236,29991200,29991200,29991200
1997-07-03 22:00:00,243.0854173337236,243.0854173337236,243.0854173337236,29991200,29991200,29991200
1997-07-04 22:00:00,243.0854173337236,243.0854173337236,243.0854173337236,29991200,29991200,29991200
1997-07-07 22:00:00,243.0854173337236,243.0854173337236,243.0854173337236,29991200,29991200,29991200
1997-07-08 22:00:00,243.0854173337236,243.0854173337236,243.0854173337236,29991200,29991200,29991200
1997-07-09 22:00:00,243.0854173337236,243.0854173337236,243.0854173337236,29991200,29991200,29991200
1997-07-10 22:00:00,243.0854173337236,243.0854173337236,243.0854173337236,29991200,29991200,29991200
1997-07-11 22:00:00,243.0854173337236,243.0854173337236,243.0854173337236,29991200,29991200,29991200
1997-07-14 22:00:00,243.0854173337236,243.0854173337236,243.0854173337236,29991200,29991200,29991200
1997-07-15 22:00:00,243.0854173337236,243.0854173337236,243.0854173337236,29991200,29991200,29991200
1997-07-16 22:00:00,243.0854173337236,243.0854173337236,243.0854173337236,29991200,29991200,29991200
1997-07-17 22:00:00,243.0854173337236,243.0854173337236,243.0854173337236,29991200,29991200,29991200
1997-07-18 22:00:00,243.0854173337236,243.0854173337236,243.0854173337236,29991200,29991200,29991200
1997-07-21 22:00:00,243.0854173337236,243.0854173337236,243.0854173337236,29991200,29991200,29991200
1997-07-22 22:00:00,243.0854173337236,243.0854173337236,243.0854173337236,29991200,29991200,29991200
1997-07-23 22:00:00,243.0854173337236,243.0854173337236,243.0854173337236,29991200,29991200,29991200
1997-07-24 22:00:00,243.0854173337236,243.0854173337236,243.0854173337236,29991200,29991200,29991200
1997-07-25 22:00:00,243.0854173337236,243.0854173337236,243.0854173337236,29991200,29991200,29991200
1997-07-28 22:00:00,243.0854173337236,243.0854173337236,243.0854173337236,29991200,29991200,29991200
1997-07-29 22:00:00,243.0854173337236,243.0854173337236,243.0854173337236,29991200,29991200,29991200
1997-07-30 22:00:00,243.0854173337236,243.0854173337236,243.0854173337236,29991200,29991200,29991200
1997-07-31 22:00:00,243.0854173337236,243.0854173337236,243.0854173337236,29991200,29991200,29991200
1997-08-01 22:00:00,255.71767872885704,255.71767872885704,255.71767872885704,29991200,29991200,29991200
1997-08-04 22:00:00,255.71767872885704,255.71767872885704,255.71767872885704,29991200,29991200,29991200
1997-08-05 22:00:00,255.71767872885704,255.71767872885704,255.71767872885704,29991200,29991200,29991200
1997-08-06 22:00:00,255.71767872885704,255.71767872885704,255.71767872885704,29991200,29991200,29991200
1997-08-07 22:00:00,255.71767872885704,255.71767872885704,255.71767872885704,29991200,29991200,29991200
1997-08-08 22:00:00,255.71767872885704,255.71767872885704,255.71767872885704,29991200,29991200,29991200
1997-08-11 22:00:00,255.71767872885704,255.71767872885704,255.71767872885704,29991200,29991200,29991200
1997-08-12 22:00:00,255.71767872885704,255.71767872885704,255.71767872885704,29991200,29991200,29991200
1997-08-13 22:00:00,255.71767872885704,255.71767872885704,255.71767872885704,29991200,29991200,29991200
1997-08-14 22:00:00,255.71767872885704,255.71767872885704,255.71767872885704,29991200,29991200,29991200
1997-08-15 22:00:00,255.71767872885704,255.71767872885704,255.71767872885704,29991200,29991200,29991200
1997-08-18 22:00:00,255.71767872885704,255.71767872885704,255.71767872885704,29991200,29991200,29991200
1997-08-19 22:00:00,255.71767872885704,255.71767872885704,255.71767872885704,29991200,29991200,29991200
1997-08-20 22:00:00,255.71767872885704,255.71767872885704,255.71767872885704,29991200,29991200,29991200
1997-08-21 22:00:00,255.71767872885704,255.71767872885704,255.71767872885704,29991200,29991200,29991200
1997-08-22 22:00:00,255.71767872885704,255.71767872885704,255.71767872885704,29991200,29991200,29991200
1997-08-25 22:00:00,255.71767872885704,255.71767872885704,255.71767872885704,29991200,29991200,29991200
1997-08-26 22:00:00,255.71767872885704,255.71767872885704,255.71767872885704,29991200,29991200,29991200
1997-08-27 22:00:00,255.71767872885704,255.71767872885704,255.71767872885704,29991200,29991200,29991200
1997-08-28 22:00:00,255.71767872885704,255.71767872885704,255.71767872885704,29991200,29991200,29991200
1997-08-29 22:00:00,255.71767872885704,255.71767872885704,255.71767872885704,29991200,29991200,29991200
1997-09-01 22:00:00,256.37070348925926,256.37070348925926,256.37070348925926,29991200,29991200,29991200
1997-09-02 22:00:00,256.37070348925926,256.37070348925926,256.37070348925926,29991200,29991200,29991200
1997-09-03 22:00:00,256.37070348925926,256.37070348925926,256.37070348925926,29991200,29991200,29991200
1997-09-04 22:00:00,256.37070348925926,256.37070348925926,256.37070348925926,29991200,29991200,29991200
1997-09-05 22:00:00,256.37070348925926,256.37070348925926,256.37070348925926,29991200,29991200,29991200
1997-09-08 22:00:00,256.37070348925926,256.37070348925926,256.37070348925926,29991200,29991200,29991200
1997-09-09 22:00:00,256.37070348925926,256.37070348925926,256.37070348925926,29991200,29991200,29991200
1997-09-10 22:00:00,256.37070348925926,256.37070348925926,256.37070348925926,29991200,29991200,29991200
1997-09-11 22:00:00,256.37070348925926,256.37070348925926,256.37070348925926,29991200,29991200,29991200
1997-09-12 22:00:00,256.37070348925926,256.37070348925926,256.37070348925926,29991200,29991200,29991200
1997-09-15 22:00:00,256.37070348925926,256.37070348925926,256.37070348925926,29991200,29991200,29991200
1997-09-16 22:00:00,256.37070348925926,256.37070348925926,256.37070348925926,29991200,29991200,29991200
1997-09-17 22:00:00,256.37070348925926,256.37070348925926,256.37070348925926,29991200,29991200,29991200
1997-09-18 22:00:00,256.37070348925926,256.37070348925926,256.37070348925926,29991200,29991200,29991200
1997-09-19 22:00:00,256.37070348925926,256.37070348925926,256.37070348925926,29991200,29991200,29991200
1997-09-22 22:00:00,256.37070348925926,256.37070348925926,256.37070348925926,29991200,29991200,29991200
1997-09-23 22:00:00,256.37070348925926,256.37070348925926,256.37070348925926,29991200,29991200,29991200
1997-09-24 22:00:00,256.37070348925926,256.37070348925926,256.37070348925926,29991200,29991200,29991200
1997-09-25 22:00:00,256.37070348925926,256.37070348925926,256.37070348925926,29991200,29991200,29991200
1997-09-26 22:00:00,256.37070348925926,256.37070348925926,256.37070348925926,29991200,29991200,29991200
1997-09-29 22:00:00,256.37070348925926,256.37070348925926,256.37070348925926,29991200,29991200,29991200
1997-09-30 22:00:00,256.37070348925926,256.37070348925926,256.37070348925926,29991200,29991200,29991200
1997-10-01 22:00:00,274.6609385683586,274.6609385683586,274.6609385683586,29991200,29991200,29991200
1997-10-02 22:00:00,274.6609385683586,274.6609385683586,274.6609385683586,29991200,29991200,29991200
1997-10-03 22:00:00,274.6609385683586,274.6609385683586,274.6609385683586,29991200,29991200,29991200
1997-10-06 22:00:00,274.6609385683586,274.6609385683586,274.6609385683586,29991200,29991200,29991200
1997-10-07 22:00:00,274.6609385683586,274.6609385683586,274.6609385683586,29991200,29991200,29991200
1997-10-08 22:00:00,274.6609385683586,274.6609385683586,274.6609385683586,29991200,29991200,29991200
1997-10-09 22:00:00,274.6609385683586,274.6609385683586,274.6609385683586,29991200,29991200,29991200
1997-10-10 22:00:00,274.6609385683586,274.6609385683586,274.6609385683586,29991200,29991200,29991200
1997-10-13 22:00:00,274.6609385683586,274.6609385683586,274.6609385683586,29991200,29991200,29991200
1997-10-14 22:00:00,274.6609385683586,274.6609385683586,274.6609385683586,29991200,29991200,29991200
1997-10-15 22:00:00,274.6609385683586,274.6609385683586,274.6609385683586,29991200,29991200,29991200
1997-10-16 22:00:00,274.6609385683586,274.6609385683586,274.6609385683586,29991200,29991200,29991200
1997-10-17 22:00:00,274.6609385683586,274.6609385683586,274.6609385683586,29991200,29991200,29991200
1997-10-20 22:00:00,274.6609385683586,274.6609385683586,274.6609385683586,29991200,29991200,29991200
1997-10-21 22:00:00,274.6609385683586,274.6609385683586,274.6609385683586,29991200,29991200,29991200
1997-10-22 22:00:00,274.6609385683586,274.6609385683586,274.6609385683586,29991200,29991200,29991200
1997-10-23 22:00:00,274.6609385683586,274.6609385683586,274.6609385683586,29991200,29991200,29991200
1997-10-24 22:00:00,274.6609385683586,274.6609385683586,274.6609385683586,29991200,29991200,29991200
1997-10-27 22:00:00,274.6609385683586,274.6609385683586,274.6609385683586,29991200,29991200,29991200
1997-10-28 22:00:00,274.6609385683586,274.6609385683586,274.6609385683586,29991200,29991200,29991200
1997-10-29 22:00:00,274.6609385683586,274.6609385683586,274.6609385683586,29991200,29991200,29991200
1997-10-30 22:00:00,274.6609385683586,274.6609385683586,274.6609385683586,29991200,29991200,29991200
1997-10-31 22:00:00,274.6609385683586,274.6609385683586,274.6609385683586,29991200,29991200,29991200
1997-11-03 22:00:00,274.6609385683586,274.6609385683586,274.6609385683586,29991200,29991200,29991200
1997-11-04 22:00:00,274.6609385683586,274.6609385683586,274.6609385683586,29991200,29991200,29991200
1997-11-05 22:00:00,274.6609385683586,274.6609385683586,274.6609385683586,29991200,29991200,29991200
1997-11-06 22:00:00,274.6609385683586,274.6609385683586,274.6609385683586,29991200,29991200,29991200
1997-11-07 22:00:00,274.6609385683586,274.6609385683586,274.6609385683586,29991200,29991200,29991200
1997-11-10 22:00:00,274.6609385683586,274.6609385683586,274.6609385683586,29991200,29991200,29991200
1997-11-11 22:00:00,274.6609385683586,274.6609385683586,274.6609385683586,29991200,29991200,29991200
1997-11-12 22:00:00,274.6609385683586,274.6609385683586,274.6609385683586,29991200,29991200,29991200
1997-11-13 22:00:00,274.6609385683586,274.6609385683586,274.6609385683586,29991200,29991200,29991200
1997-11-14 22:00:00,274.6609385683586,274.6609385683586,274.6609385683586,29991200,29991200,29991200
1997-11-17 22:00:00,274.6609385683586,274.6609385683586,274.6609385683586,29991200,29991200,29991200
1997-11-18 22:00:00,274.6609385683586,274.6609385683586,274.6609385683586,29991200,29991200,29991200
1997-11-19 22:00:00,274.6609385683586,274.6609385683586,274.6609385683586,29991200,29991200,29991200
1997-11-20 22:00:00,274.6609385683586,274.6609385683586,274.6609385683586,29991200,29991200,29991200
1997-11-21 22:00:00,274.6609385683586,274.6609385683586,274.6609385683586,29991200,29991200,29991200
1997-11-24 22:00:00,274.6609385683586,274.6609385683586,274.6609385683586,29991200,29991200,29991200
1997-11-25 22:00:00,274.6609385683586,274.6609385683586,274.6609385683586,29991200,29991200,29991200
1997-11-26 22:00:00,274.6609385683586,274.6609385683586,274.6609385683586,29991200,29991200,29991200
1997-11-27 22:00:00,274.6609385683586,274.6609385683586,274.6609385683586,29991200,29991200,29991200
1997-11-28 22:00:00,274.6609385683586,274.6609385683586,274.6609385683586,29991200,29991200,29991200
1997-12-01 22:00:00,259.4942328693492,259.4942328693492,259.4942328693492,29991200,29991200,29991200
1997-12-02 22:00:00,259.4942328693492,259.4942328693492,259.4942328693492,29991200,29991200,29991200
1997-12-03 22:00:00,259.4942328693492,259.4942328693492,259.4942328693492,29991200,29991200,29991200
1997-12-04 22:00:00,259.4942328693492,259.4942328693492,259.4942328693492,29991200,29991200,29991200
1997-12-05 22:00:00,259.4942328693492,259.4942328693492,259.4942328693492,29991200,29991200,29991200
1997-12-08 22:00:00,259.4942328693492,259.4942328693492,259.4942328693492,29991200,29991200,29991200
1997-12-09 22:00:00,259.4942328693492,259.4942328693492,259.4942328693492,29991200,29991200,29991200
1997-12-10 22:00:00,259.4942328693492,259.4942328693492,259.4942328693492,29991200,29991200,29991200
1997-12-11 22:00:00,259.4942328693492,259.4942328693492,259.4942328693492,29991200,29991200,29991200
1997-12-12 22:00:00,259.4942328693492,259.4942328693492,259.4942328693492,29991200,29991200,29991200
1997-12-15 22:00:00,259.4942328693492,259.4942328693492,259.4942328693492,29991200,29991200,29991200
1997-12-16 22:00:00,259.4942328693492,259.4942328693492,259.4942328693492,29991200,29991200,29991200
1997-12-17 22:00:00,259.4942328693492,259.4942328693492,259.4942328693492,29991200,29991200,29991200
1997-12-18 22:00:00,259.4942328693492,259.4942328693492,259.4942328693492,29991200,29991200,29991200
1997-12-19 22:00:00,259.4942328693492,259.4942328693492,259.4942328693492,29991200,29991200,29991200
1997-12-22 22:00:00,259.4942328693492,259.4942328693492,259.4942328693492,29991200,29991200,29991200
1997-12-23 22:00:00,259.4942328693492,259.4942328693492,259.4942328693492,29991200,29991200,29991200
1997-12-24 22:00:00,259.4942328693492,259.4942328693492,259.4942328693492,29991200,29991200,29991200
1997-12-25 22:00:00,259.4942328693492,259.4942328693492,259.4942328693492,29991200,29991200,29991200
1997-12-26 22:00:00,259.4942328693492,259.4942328693492,259.4942328693492,29991200,29991200,29991200
1997-12-29 22:00:00,259.4942328693492,259.4942328693492,259.4942328693492,29991200,29991200,29991200
1997-12-30 22:00:00,259.4942328693492,259.4942328693492,259.4942328693492,29991200,29991200,29991200
1997-12-31 22:00:00,259.4942328693492,259.4942328693492,259.4942328693492,29991200,29991200,29991200
1998-01-01 22:00:00,261.2368288848188,261.2368288848188,261.2368288848188,29991200,29991200,29991200
1998-01-02 22:00:00,261.2368288848188,261.2368288848188,261.2368288848188,29991200,29991200,29991200
1998-01-05 22:00:00,261.2368288848188,261.2368288848188,261.2368288848188,29991200,29991200,29991200
1998-01-06 22:00:00,261.2368288848188,261.2368288848188,261.2368288848188,29991200,29991200,29991200
1998-01-07 22:00:00,261.2368288848188,261.2368288848188,261.2368288848188,29991200,29991200,29991200
1998-01-08 22:00:00,261.2368288848188,261.2368288848188,261.2368288848188,29991200,29991200,29991200
1998-01-09 22:00:00,261.2368288848188,261.2368288848188,261.2368288848188,29991200,29991200,29991200
1998-01-12 22:00:00,261.2368288848188,261.2368288848188,261.2368288848188,29991200,29991200,29991200
1998-01-13 22:00:00,261.2368288848188,261.2368288848188,261.2368288848188,29991200,29991200,29991200
1998-01-14 22:00:00,261.2368288848188,261.2368288848188,261.2368288848188,29991200,29991200,29991200
1998-01-15 22:00:00,261.2368288848188,261.2368288848188,261.2368288848188,29991200,29991200,29991200
1998-01-16 22:00:00,261.2368288848188,261.2368288848188,261.2368288848188,29991200,29991200,29991200
1998-01-19 22:00:00,261.2368288848188,261.2368288848188,261.2368288848188,29991200,29991200,29991200
1998-01-20 22:00:00,261.2368288848188,261.2368288848188,261.2368288848188,29991200,29991200,29991200
1998-01-21 22:00:00,261.2368288848188,261.2368288848188,261.2368288848188,29991200,29991200,29991200
1998-01-22 22:00:00,261.2368288848188,261.2368288848188,261.2368288848188,29991200,29991200,29991200
1998-01-23 22:00:00,261.2368288848188,261.2368288848188,261.2368288848188,29991200,29991200,29991200
1998-01-26 22:00:00,261.2368288848188,261.2368288848188,261.2368288848188,29991200,29991200,29991200
1998-01-27 22:00:00,261.2368288848188,261.2368288848188,261.2368288848188,29991200,29991200,29991200
1998-01-28 22:00:00,261.2368288848188,261.2368288848188,261.2368288848188,29991200,29991200,29991200
1998-01-29 22:00:00,261.2368288848188,261.2368288848188,261.2368288848188,29991200,29991200,29991200
1998-01-30 22:00:00,261.2368288848188,261.2368288848188,261.2368288848188,29991200,29991200,29991200
1998-02-02 22:00:00,261.2368288848188,261.2368288848188,261.2368288848188,29991200,29991200,29991200
1998-02-03 22:00:00,261.2368288848188,261.2368288848188,261.2368288848188,29991200,29991200,29991200
1998-02-04 22:00:00,261.2368288848188,261.2368288848188,261.2368288848188,29991200,29991200,29991200
1998-02-05 22:00:00,261.2368288848188,261.2368288848188,261.2368288848188,29991200,29991200,29991200
1998-02-06 22:00:00,261.2368288848188,261.2368288848188,261.2368288848188,29991200,29991200,29991200
1998-02-09 22:00:00,261.2368288848188,261.2368288848188,261.2368288848188,29991200,29991200,29991200
1998-02-10 22:00:00,261.2368288848188,261.2368288848188,261.2368288848188,29991200,29991200,29991200
1998-02-11 22:00:00,261.2368288848188,261.2368288848188,261.2368288848188,29991200,29991200,29991200
1998-02-12 22:00:00,261.2368288848188,261.2368288848188,261.2368288848188,29991200,29991200,29991200
1998-02-13 22:00:00,261.2368288848188,261.2368288848188,261.2368288848188,29991200,29991200,29991200
1998-02-16 22:00:00,261.2368288848188,261.2368288848188,261.2368288848188,29991200,29991200,29991200
1998-02-17 22:00:00,261.2368288848188,261.2368288848188,261.2368288848188,29991200,29991200,29991200
1998-02-18 22:00:00,261.2368288848188,261.2368288848188,261.2368288848188,29991200,29991200,29991200
1998-02-19 22:00:00,261.2368288848188,261.2368288848188,261.2368288848188,29991200,29991200,29991200
1998-02-20 22:00:00,261.2368288848188,261.2368288848188,261.2368288848188,29991200,29991200,29991200
1998-02-23 22:00:00,261.2368288848188,261.2368288848188,261.2368288848188,29991200,29991200,29991200
1998-02-24 22:00:00,261.2368288848188,261.2368288848188,261.2368288848188,29991200,29991200,29991200
1998-02-25 22:00:00,261.2368288848188,261.2368288848188,261.2368288848188,29991200,29991200,29991200
1998-02-26 22:00:00,261.2368288848188,261.2368288848188,261.2368288848188,29991200,29991200,29991200
1998-02-27 22:00:00,261.2368288848188,261.2368288848188,261.2368288848188,29991200,29991200,29991200
1998-03-02 22:00:00,261.2368288848188,261.2368288848188,261.2368288848188,29991200,29991200,29991200
1998-03-03 22:00:00,261.2368288848188,261.2368288848188,261.2368288848188,29991200,29991200,29991200
1998-03-04 22:00:00,261.2368288848188,261.2368288848188,261.2368288848188,29991200,29991200,29991200
1998-03-05 22:00:00,261.2368288848188,261.2368288848188,261.2368288848188,29991200,29991200,29991200
1998-03-06 22:00:00,261.2368288848188,261.2368288848188,261.2368288848188,29991200,29991200,29991200
1998-03-09 22:00:00,261.2368288848188,261.2368288848188,261.2368288848188,29991200,29991200,29991200
1998-03-10 22:00:00,261.2368288848188,261.2368288848188,261.2368288848188,29991200,29991200,29991200
1998-03-11 22:00:00,261.2368288848188,261.2368288848188,261.2368288848188,29991200,29991200,29991200
1998-03-12 22:00:00,261.2368288848188,261.2368288848188,261.2368288848188,29991200,29991200,29991200
1998-03-13 22:00:00,261.2368288848188,261.2368288848188,261.2368288848188,29991200,29991200,29991200
1998-03-16 22:00:00,261.2368288848188,261.2368288848188,261.2368288848188,29991200,29991200,29991200
1998-03-17 22:00:00,261.2368288848188,261.2368288848188,261.2368288848188,29991200,29991200,29991200
1998-03-18 22:00:00,261.2368288848188,261.2368288848188,261.2368288848188,29991200,29991200,29991200
1998-03-19 22:00:00,261.2368288848188,261.2368288848188,261.2368288848188,29991200,29991200,29991200
1998-03-20 22:00:00,261.2368288848188,261.2368288848188,261.2368288848188,29991200,29991200,29991200
1998-03-23 22:00:00,261.2368288848188,261.2368288848188,261.2368288848188,29991200,29991200,29991200
1998-03-24 22:00:00,261.2368288848188,261.2368288848188,261.2368288848188,29991200,29991200,29991200
1998-03-25 22:00:00,261.2368288848188,261.2368288848188,261.2368288848188,29991200,29991200,29991200
1998-03-26 22:00:00,261.2368288848188,261.2368288848188,261.2368288848188,29991200,29991200,29991200
1998-03-27 22:00:00,261.2368288848188,261.2368288848188,261.2368288848188,29991200,29991200,29991200
1998-03-30 22:00:00,261.2368288848188,261.2368288848188,261.2368288848188,29991200,29991200,29991200
1998-03-31 22:00:00,261.2368288848188,261.2368288848188,261.2368288848188,29991200,29991200,29991200
1998-04-01 22:00:00,243.6956065139304,243.6956065139304,243.6956065139304,29991200,29991200,29991200
1998-04-02 22:00:00,243.6956065139304,243.6956065139304,243.6956065139304,29991200,29991200,29991200
1998-04-03 22:00:00,243.6956065139304,243.6956065139304,243.6956065139304,29991200,29991200,29991200
1998-04-06 22:00:00,243.6956065139304,243.6956065139304,243.6956065139304,29991200,29991200,29991200
1998-04-07 22:00:00,243.6956065139304,243.6956065139304,243.6956065139304,29991200,29991200,29991200
1998-04-08 22:00:00,243.6956065139304,243.6956065139304,243.6956065139304,29991200,29991200,29991200
1998-04-09 22:00:00,243.6956065139304,243.6956065139304,243.6956065139304,29991200,29991200,29991200
1998-04-10 22:00:00,243.6956065139304,243.6956065139304,243.6956065139304,29991200,29991200,29991200
1998-04-13 22:00:00,243.6956065139304,243.6956065139304,243.6956065139304,29991200,29991200,29991200
1998-04-14 22:00:00,243.6956065139304,243.6956065139304,243.6956065139304,29991200,29991200,29991200
1998-04-15 22:00:00,243.6956065139304,243.6956065139304,243.6956065139304,29991200,29991200,29991200
1998-04-16 22:00:00,243.6956065139304,243.6956065139304,243.6956065139304,29991200,29991200,29991200
1998-04-17 22:00:00,243.6956065139304,243.6956065139304,243.6956065139304,29991200,29991200,29991200
1998-04-20 22:00:00,243.6956065139304,243.6956065139304,243.6956065139304,29991200,29991200,29991200
1998-04-21 22:00:00,243.6956065139304,243.6956065139304,243.6956065139304,29991200,29991200,29991200
1998-04-22 22:00:00,243.6956065139304,243.6956065139304,243.6956065139304,29991200,29991200,29991200
1998-04-23 22:00:00,243.6956065139304,243.6956065139304,243.6956065139304,29991200,29991200,29991200
1998-04-24 22:00:00,243.6956065139304,243.6956065139304,243.6956065139304,29991200,29991200,29991200
1998-04-27 22:00:00,243.6956065139304,243.6956065139304,243.6956065139304,29991200,29991200,29991200
1998-04-28 22:00:00,243.6956065139304,243.6956065139304,243.6956065139304,29991200,29991200,29991200
1998-04-29 22:00:00,243.6956065139304,243.6956065139304,243.6956065139304,29991200,29991200,29991200
1998-04-30 22:00:00,243.6956065139304,243.6956065139304,243.6956065139304,29991200,29991200,29991200
1998-05-01 22:00:00,242.04885903022372,242.04885903022372,242.04885903022372,29991200,29991200,29991200
1998-05-04 22:00:00,242.04885903022372,242.04885903022372,242.04885903022372,29991200,29991200,29991200
1998-05-05 22:00:00,242.04885903022372,242.04885903022372,242.04885903022372,29991200,29991200,29991200
1998-05-06 22:00:00,242.04885903022372,242.04885903022372,242.04885903022372,29991200,29991200,29991200
1998-05-07 22:00:00,242.04885903022372,242.04885903022372,242.04885903022372,29991200,29991200,29991200
1998-05-08 22:00:00,242.04885903022372,242.04885903022372,242.04885903022372,29991200,29991200,29991200
1998-05-11 22:00:00,242.04885903022372,242.04885903022372,242.04885903022372,29991200,29991200,29991200
1998-05-12 22:00:00,242.04885903022372,242.04885903022372,242.04885903022372,29991200,29991200,29991200
1998-05-13 22:00:00,242.04885903022372,242.04885903022372,242.04885903022372,29991200,29991200,29991200
1998-05-14 22:00:00,242.04885903022372,242.04885903022372,242.04885903022372,29991200,29991200,29991200
1998-05-15 22:00:00,242.04885903022372,242.04885903022372,242.04885903022372,29991200,29991200,29991200
1998-05-18 22:00:00,242.04885903022372,242.04885903022372,242.04885903022372,29991200,29991200,29991200
1998-05-19 22:00:00,242.04885903022372,242.04885903022372,242.04885903022372,29991200,29991200,29991200
1998-05-20 22:00:00,242.04885903022372,242.04885903022372,242.04885903022372,29991200,29991200,29991200
1998-05-21 22:00:00,242.04885903022372,242.04885903022372,242.04885903022372,29991200,29991200,29991200
1998-05-22 22:00:00,242.04885903022372,242.04885903022372,242.04885903022372,29991200,29991200,29991200
1998-05-25 22:00:00,242.04885903022372,242.04885903022372,242.04885903022372,29991200,29991200,29991200
1998-05-26 22:00:00,242.04885903022372,242.04885903022372,242.04885903022372,29991200,29991200,29991200
1998-05-27 22:00:00,242.04885903022372,242.04885903022372,242.04885903022372,29991200,29991200,29991200
1998-05-28 22:00:00,242.04885903022372,242.04885903022372,242.04885903022372,29991200,29991200,29991200
1998-05-29 22:00:00,242.04885903022372,242.04885903022372,242.04885903022372,29991200,29991200,29991200
1998-06-01 22:00:00,232.420455766521,232.420455766521,232.420455766521,29991200,29991200,29991200
1998-06-02 22:00:00,232.420455766521,232.420455766521,232.420455766521,29991200,29991200,29991200
1998-06-03 22:00:00,232.420455766521,232.420455766521,232.420455766521,29991200,29991200,29991200
1998-06-04 22:00:00,232.420455766521,232.420455766521,232.420455766521,29991200,29991200,29991200
1998-06-05 22:00:00,232.420455766521,232.420455766521,232.420455766521,29991200,29991200,29991200
1998-06-08 22:00:00,232.420455766521,232.420455766521,232.420455766521,29991200,29991200,29991200
1998-06-09 22:00:00,232.420455766521,232.420455766521,232.420455766521,29991200,29991200,29991200
1998-06-10 22:00:00,232.420455766521,232.420455766521,232.420455766521,29991200,29991200,29991200
1998-06-11 22:00:00,232.420455766521,232.420455766521,232.420455766521,29991200,29991200,29991200
1998-06-12 22:00:00,232.420455766521,232.420455766521,232.420455766521,29991200,29991200,29991200
1998-06-15 22:00:00,232.420455766521,232.420455766521,232.420455766521,29991200,29991200,29991200
1998-06-16 22:00:00,232.420455766521,232.420455766521,232.420455766521,29991200,29991200,29991200
1998-06-17 22:00:00,232.420455766521,232.420455766521,232.420455766521,29991200,29991200,29991200
1998-06-18 22:00:00,232.420455766521,232.420455766521,232.420455766521,29991200,29991200,29991200
1998-06-19 22:00:00,232.420455766521,232.420455766521,232.420455766521,29991200,29991200,29991200
1998-06-22 22:00:00,232.420455766521,232.420455766521,232.420455766521,29991200,29991200,29991200
1998-06-23 22:00:00,232.420455766521,232.420455766521,232.420455766521,29991200,29991200,29991200
1998-06-24 22:00:00,232.420455766521,232.420455766521,232.420455766521,29991200,29991200,29991200
1998-06-25 22:00:00,232.420455766521,232.420455766521,232.420455766521,29991200,29991200,29991200
1998-06-26 22:00:00,232.420455766521,232.420455766521,232.420455766521,29991200,29991200,29991200
1998-06-29 22:00:00,232.420455766521,232.420455766521,232.420455766521,29991200,29991200,29991200
1998-06-30 22:00:00,232.420455766521,232.420455766521,232.420455766521,29991200,29991200,29991200
1998-07-01 22:00:00,230.4852564832265,230.4852564832265,230.4852564832265,29991200,29991200,29991200
1998-07-02 22:00:00,230.4852564832265,230.4852564832265,230.4852564832265,29991200,29991200,29991200
1998-07-03 22:00:00,230.4852564832265,230.4852564832265,230.4852564832265,29991200,29991200,29991200
1998-07-06 22:00:00,230.4852564832265,230.4852564832265,230.4852564832265,29991200,29991200,29991200
1998-07-07 22:00:00,230.4852564832265,230.4852564832265,230.4852564832265,29991200,29991200,29991200
1998-07-08 22:00:00,230.4852564832265,230.4852564832265,230.4852564832265,29991200,29991200,29991200
1998-07-09 22:00:00,230.4852564832265,230.4852564832265,230.4852564832265,29991200,29991200,29991200
1998-07-10 22:00:00,230.4852564832265,230.4852564832265,230.4852564832265,29991200,29991200,29991200
1998-07-13 22:00:00,230.4852564832265,230.4852564832265,230.4852564832265,29991200,29991200,29991200
1998-07-14 22:00:00,230.4852564832265,230.4852564832265,230.4852564832265,29991200,29991200,29991200
1998-07-15 22:00:00,230.4852564832265,230.4852564832265,230.4852564832265,29991200,29991200,29991200
1998-07-16 22:00:00,230.4852564832265,230.4852564832265,230.4852564832265,29991200,29991200,29991200
1998-07-17 22:00:00,230.4852564832265,230.4852564832265,230.4852564832265,29991200,29991200,29991200
1998-07-20 22:00:00,230.4852564832265,230.4852564832265,230.4852564832265,29991200,29991200,29991200
1998-07-21 22:00:00,230.4852564832265,230.4852564832265,230.4852564832265,29991200,29991200,29991200
1998-07-22 22:00:00,230.4852564832265,230.4852564832265,230.4852564832265,29991200,29991200,29991200
1998-07-23 22:00:00,230.4852564832265,230.4852564832265,230.4852564832265,29991200,29991200,29991200
1998-07-24 22:00:00,230.4852564832265,230.4852564832265,230.4852564832265,29991200,29991200,29991200
1998-07-27 22:00:00,230.4852564832265,230.4852564832265,230.4852564832265,29991200,29991200,29991200
1998-07-28 22:00:00,230.4852564832265,230.4852564832265,230.4852564832265,29991200,29991200,29991200
1998-07-29 22:00:00,230.4852564832265,230.4852564832265,230.4852564832265,29991200,29991200,29991200
1998-07-30 22:00:00,230.4852564832265,230.4852564832265,230.4852564832265,29991200,29991200,29991200
1998-07-31 22:00:00,230.4852564832265,230.4852564832265,230.4852564832265,29991200,29991200,29991200
1998-08-03 22:00:00,230.4852564832265,230.4852564832265,230.4852564832265,29991200,29991200,29991200
1998-08-04 22:00:00,230.4852564832265,230.4852564832265,230.4852564832265,29991200,29991200,29991200
1998-08-05 22:00:00,230.4852564832265,230.4852564832265,230.4852564832265,29991200,29991200,29991200
1998-08-06 22:00:00,230.4852564832265,230.4852564832265,230.4852564832265,29991200,29991200,29991200
1998-08-07 22:00:00,230.4852564832265,230.4852564832265,230.4852564832265,29991200,29991200,29991200
1998-08-10 22:00:00,230.4852564832265,230.4852564832265,230.4852564832265,29991200,29991200,29991200
1998-08-11 22:00:00,230.4852564832265,230.4852564832265,230.4852564832265,29991200,29991200,29991200
1998-08-12 22:00:00,230.4852564832265,230.4852564832265,230.4852564832265,29991200,29991200,29991200
1998-08-13 22:00:00,230.4852564832265,230.4852564832265,230.4852564832265,29991200,29991200,29991200
1998-08-14 22:00:00,230.4852564832265,230.4852564832265,230.4852564832265,29991200,29991200,29991200
1998-08-17 22:00:00,230.4852564832265,230.4852564832265,230.4852564832265,29991200,29991200,29991200
1998-08-18 22:00:00,230.4852564832265,230.4852564832265,230.4852564832265,29991200,29991200,29991200
1998-08-19 22:00:00,230.4852564832265,230.4852564832265,230.4852564832265,29991200,29991200,29991200
1998-08-20 22:00:00,230.4852564832265,230.4852564832265,230.4852564832265,29991200,29991200,29991200
1998-08-21 22:00:00,230.4852564832265,230.4852564832265,230.4852564832265,29991200,29991200,29991200
1998-08-24 22:00:00,230.4852564832265,230.4852564832265,230.4852564832265,29991200,29991200,29991200
1998-08-25 22:00:00,230.4852564832265,230.4852564832265,230.4852564832265,29991200,29991200,29991200
1998-08-26 22:00:00,230.4852564832265,230.4852564832265,230.4852564832265,29991200,29991200,29991200
1998-08-27 22:00:00,230.4852564832265,230.4852564832265,230.4852564832265,29991200,29991200,29991200
1998-08-28 22:00:00,230.4852564832265,230.4852564832265,230.4852564832265,29991200,29991200,29991200
1998-08-31 22:00:00,230.4852564832265,230.4852564832265,230.4852564832265,29991200,29991200,29991200
1998-09-01 22:00:00,195.78829710919385,195.78829710919385,195.78829710919385,29991200,29991200,29991200
1998-09-02 22:00:00,195.78829710919385,195.78829710919385,195.78829710919385,29991200,29991200,29991200
1998-09-03 22:00:00,195.78829710919385,195.78829710919385,195.78829710919385,29991200,29991200,29991200
1998-09-04 22:00:00,195.78829710919385,195.78829710919385,195.78829710919385,29991200,29991200,29991200
1998-09-07 22:00:00,195.78829710919385,195.78829710919385,195.78829710919385,29991200,29991200,29991200
1998-09-08 22:00:00,195.78829710919385,195.78829710919385,195.78829710919385,29991200,29991200,29991200
1998-09-09 22:00:00,195.78829710919385,195.78829710919385,195.78829710919385,29991200,29991200,29991200
1998-09-10 22:00:00,195.78829710919385,195.78829710919385,195.78829710919385,29991200,29991200,29991200
1998-09-11 22:00:00,195.78829710919385,195.78829710919385,195.78829710919385,29991200,29991200,29991200
1998-09-14 22:00:00,195.78829710919385,195.78829710919385,195.78829710919385,29991200,29991200,29991200
1998-09-15 22:00:00,195.78829710919385,195.78829710919385,195.78829710919385,29991200,29991200,29991200
1998-09-16 22:00:00,195.78829710919385,195.78829710919385,195.78829710919385,29991200,29991200,29991200
1998-09-17 22:00:00,195.78829710919385,195.78829710919385,195.78829710919385,29991200,29991200,29991200
1998-09-18 22:00:00,195.78829710919385,195.78829710919385,195.78829710919385,29991200,29991200,29991200
1998-09-21 22:00:00,195.78829710919385,195.78829710919385,195.78829710919385,29991200,29991200,29991200
1998-09-22 22:00:00,195.78829710919385,195.78829710919385,195.78829710919385,29991200,29991200,29991200
1998-09-23 22:00:00,195.78829710919385,195.78829710919385,195.78829710919385,29991200,29991200,29991200
1998-09-24 22:00:00,195.78829710919385,195.78829710919385,195.78829710919385,29991200,29991200,29991200
1998-09-25 22:00:00,195.78829710919385,195.78829710919385,195.78829710919385,29991200,29991200,29991200
1998-09-28 22:00:00,195.78829710919385,195.78829710919385,195.78829710919385,29991200,29991200,29991200
1998-09-29 22:00:00,195.78829710919385,195.78829710919385,195.78829710919385,29991200,29991200,29991200
1998-09-30 22:00:00,195.78829710919385,195.78829710919385,195.78829710919385,29991200,29991200,29991200
1998-10-01 22:00:00,218.1284114873598,218.1284114873598,218.1284114873598,29991200,29991200,29991200
1998-10-02 22:00:00,218.1284114873598,218.1284114873598,218.1284114873598,29991200,29991200,29991200
1998-10-05 22:00:00,218.1284114873598,218.1284114873598,218.1284114873598,29991200,29991200,29991200
1998-10-06 22:00:00,218.1284114873598,218.1284114873598,218.1284114873598,29991200,29991200,29991200
1998-10-07 22:00:00,218.1284114873598,218.1284114873598,218.1284114873598,29991200,29991200,29991200
1998-10-08 22:00:00,218.1284114873598,218.1284114873598,218.1284114873598,29991200,29991200,29991200
1998-10-09 22:00:00,218.1284114873598,218.1284114873598,218.1284114873598,29991200,29991200,29991200
1998-10-12 22:00:00,218.1284114873598,218.1284114873598,218.1284114873598,29991200,29991200,29991200
1998-10-13 22:00:00,218.1284114873598,218.1284114873598,218.1284114873598,29991200,29991200,29991200
1998-10-14 22:00:00,218.1284114873598,218.1284114873598,218.1284114873598,29991200,29991200,29991200
1998-10-15 22:00:00,218.1284114873598,218.1284114873598,218.1284114873598,29991200,29991200,29991200
1998-10-16 22:00:00,218.1284114873598,218.1284114873598,218.1284114873598,29991200,29991200,29991200
1998-10-19 22:00:00,218.1284114873598,218.1284114873598,218.1284114873598,29991200,29991200,29991200
1998-10-20 22:00:00,218.1284114873598,218.1284114873598,218.1284114873598,29991200,29991200,29991200
1998-10-21 22:00:00,218.1284114873598,218.1284114873598,218.1284114873598,29991200,29991200,29991200
1998-10-22 22:00:00,218.1284114873598,218.1284114873598,218.1284114873598,29991200,29991200,29991200
1998-10-23 22:00:00,218.1284114873598,218.1284114873598,218.1284114873598,29991200,29991200,29991200
1998-10-26 22:00:00,218.1284114873598,218.1284114873598,218.1284114873598,29991200,29991200,29991200
1998-10-27 22:00:00,218.1284114873598,218.1284114873598,218.1284114873598,29991200,29991200,29991200
1998-10-28 22:00:00,218.1284114873598,218.1284114873598,218.1284114873598,29991200,29991200,29991200
1998-10-29 22:00:00,218.1284114873598,218.1284114873598,218.1284114873598,29991200,29991200,29991200
1998-10-30 22:00:00,218.1284114873598,218.1284114873598,218.1284114873598,29991200,29991200,29991200
1998-11-02 22:00:00,218.1284114873598,218.1284114873598,218.1284114873598,29991200,29991200,29991200
1998-11-03 22:00:00,218.1284114873598,218.1284114873598,218.1284114873598,29991200,29991200,29991200
1998-11-04 22:00:00,218.1284114873598,218.1284114873598,218.1284114873598,29991200,29991200,29991200
1998-11-05 22:00:00,218.1284114873598,218.1284114873598,218.1284114873598,29991200,29991200,29991200
1998-11-06 22:00:00,218.1284114873598,218.1284114873598,218.1284114873598,29991200,29991200,29991200
1998-11-09 22:00:00,218.1284114873598,218.1284114873598,218.1284114873598,29991200,29991200,29991200
1998-11-10 22:00:00,218.1284114873598,218.1284114873598,218.1284114873598,29991200,29991200,29991200
1998-11-11 22:00:00,218.1284114873598,218.1284114873598,218.1284114873598,29991200,29991200,29991200
1998-11-12 22:00:00,218.1284114873598,218.1284114873598,218.1284114873598,29991200,29991200,29991200
1998-11-13 22:00:00,218.1284114873598,218.1284114873598,218.1284114873598,29991200,29991200,29991200
1998-11-16 22:00:00,218.1284114873598,218.1284114873598,218.1284114873598,29991200,29991200,29991200
1998-11-17 22:00:00,218.1284114873598,218.1284114873598,218.1284114873598,29991200,29991200,29991200
1998-11-18 22:00:00,218.1284114873598,218.1284114873598,218.1284114873598,29991200,29991200,29991200
1998-11-19 22:00:00,218.1284114873598,218.1284114873598,218.1284114873598,29991200,29991200,29991200
1998-11-20 22:00:00,218.1284114873598,218.1284114873598,218.1284114873598,29991200,29991200,29991200
1998-11-23 22:00:00,218.1284114873598,218.1284114873598,218.1284114873598,29991200,29991200,29991200
1998-11-24 22:00:00,218.1284114873598,218.1284114873598,218.1284114873598,29991200,29991200,29991200
1998-11-25 22:00:00,218.1284114873598,218.1284114873598,218.1284114873598,29991200,29991200,29991200
1998-11-26 22:00:00,218.1284114873598,218.1284114873598,218.1284114873598,29991200,29991200,29991200
1998-11-27 22:00:00,218.1284114873598,218.1284114873598,218.1284114873598,29991200,29991200,29991200
1998-11-30 22:00:00,218.1284114873598,218.1284114873598,218.1284114873598,29991200,29991200,29991200
1998-12-01 22:00:00,217.74010294468044,217.74010294468044,217.74010294468044,29991200,29991200,29991200
1998-12-02 22:00:00,217.74010294468044,217.74010294468044,217.74010294468044,29991200,29991200,29991200
1998-12-03 22:00:00,217.74010294468044,217.74010294468044,217.74010294468044,29991200,29991200,29991200
1998-12-04 22:00:00,217.74010294468044,217.74010294468044,217.74010294468044,29991200,29991200,29991200
1998-12-07 22:00:00,217.74010294468044,217.74010294468044,217.74010294468044,29991200,29991200,29991200
1998-12-08 22:00:00,217.74010294468044,217.74010294468044,217.74010294468044,29991200,29991200,29991200
1998-12-09 22:00:00,217.74010294468044,217.74010294468044,217.74010294468044,29991200,29991200,29991200
1998-12-10 22:00:00,217.74010294468044,217.74010294468044,217.74010294468044,29991200,29991200,29991200
1998-12-11 22:00:00,217.74010294468044,217.74010294468044,217.74010294468044,29991200,29991200,29991200
1998-12-14 22:00:00,217.74010294468044,217.74010294468044,217.74010294468044,29991200,29991200,29991200
1998-12-15 22:00:00,217.74010294468044,217.74010294468044,217.74010294468044,29991200,29991200,29991200
1998-12-16 22:00:00,217.74010294468044,217.74010294468044,217.74010294468044,29991200,29991200,29991200
1998-12-17 22:00:00,217.74010294468044,217.74010294468044,217.74010294468044,29991200,29991200,29991200
1998-12-18 22:00:00,217.74010294468044,217.74010294468044,217.74010294468044,29991200,29991200,29991200
1998-12-21 22:00:00,217.74010294468044,217.74010294468044,217.74010294468044,29991200,29991200,29991200
1998-12-22 22:00:00,217.74010294468044,217.74010294468044,217.74010294468044,29991200,29991200,29991200
1998-12-23 22:00:00,217.74010294468044,217.74010294468044,217.74010294468044,29991200,29991200,29991200
1998-12-24 22:00:00,217.74010294468044,217.74010294468044,217.74010294468044,29991200,29991200,29991200
1998-12-25 22:00:00,217.74010294468044,217.74010294468044,217.74010294468044,29991200,29991200,29991200
1998-12-28 22:00:00,217.74010294468044,217.74010294468044,217.74010294468044,29991200,29991200,29991200
1998-12-29 22:00:00,217.74010294468044,217.74010294468044,217.74010294468044,29991200,29991200,29991200
1998-12-30 22:00:00,217.74010294468044,217.74010294468044,217.74010294468044,29991200,29991200,29991200
1998-12-31 22:00:00,217.74010294468044,217.74010294468044,217.74010294468044,29991200,29991200,29991200
1999-01-01 22:00:00,222.5988392897901,222.5988392897901,222.5988392897901,29991200,29991200,29991200
1999-01-04 22:00:00,222.5988392897901,222.5988392897901,222.5988392897901,29991200,29991200,29991200
1999-01-05 22:00:00,222.5988392897901,222.5988392897901,222.5988392897901,29991200,29991200,29991200
1999-01-06 22:00:00,222.5988392897901,222.5988392897901,222.5988392897901,29991200,29991200,29991200
1999-01-07 22:00:00,222.5988392897901,222.5988392897901,222.5988392897901,29991200,29991200,29991200
1999-01-08 22:00:00,222.5988392897901,222.5988392897901,222.5988392897901,29991200,29991200,29991200
1999-01-11 22:00:00,222.5988392897901,222.5988392897901,222.5988392897901,29991200,29991200,29991200
1999-01-12 22:00:00,222.5988392897901,222.5988392897901,222.5988392897901,29991200,29991200,29991200
1999-01-13 22:00:00,222.5988392897901,222.5988392897901,222.5988392897901,29991200,29991200,29991200
1999-01-14 22:00:00,222.5988392897901,222.5988392897901,222.5988392897901,29991200,29991200,29991200
1999-01-15 22:00:00,222.5988392897901,222.5988392897901,222.5988392897901,29991200,29991200,29991200
1999-01-18 22:00:00,222.5988392897901,222.5988392897901,222.5988392897901,29991200,29991200,29991200
1999-01-19 22:00:00,222.5988392897901,222.5988392897901,222.5988392897901,29991200,29991200,29991200
1999-01-20 22:00:00,222.5988392897901,222.5988392897901,222.5988392897901,29991200,29991200,29991200
1999-01-21 22:00:00,222.5988392897901,222.5988392897901,222.5988392897901,29991200,29991200,29991200
1999-01-22 22:00:00,222.5988392897901,222.5988392897901,222.5988392897901,29991200,29991200,29991200
1999-01-25 22:00:00,222.5988392897901,222.5988392897901,222.5988392897901,29991200,29991200,29991200
1999-01-26 22:00:00,222.5988392897901,222.5988392897901,222.5988392897901,29991200,29991200,29991200
1999-01-27 22:00:00,222.5988392897901,222.5988392897901,222.5988392897901,29991200,29991200,29991200
1999-01-28 22:00:00,222.5988392897901,222.5988392897901,222.5988392897901,29991200,29991200,29991200
1999-01-29 22:00:00,222.5988392897901,222.5988392897901,222.5988392897901,29991200,29991200,29991200
1999-02-01 22:00:00,216.00239044709917,216.00239044709917,216.00239044709917,29991200,29991200,29991200
1999-02-02 22:00:00,216.00239044709917,216.00239044709917,216.00239044709917,29991200,29991200,29991200
1999-02-03 22:00:00,216.00239044709917,216.00239044709917,216.00239044709917,29991200,29991200,29991200
1999-02-04 22:00:00,216.00239044709917,216.00239044709917,216.00239044709917,29991200,29991200,29991200
1999-02-05 22:00:00,216.00239044709917,216.00239044709917,216.00239044709917,29991200,29991200,29991200
1999-02-08 22:00:00,216.00239044709917,216.00239044709917,216.00239044709917,29991200,29991200,29991200
1999-02-09 22:00:00,216.00239044709917,216.00239044709917,216.00239044709917,29991200,29991200,29991200
1999-02-10 22:00:00,216.00239044709917,216.00239044709917,216.00239044709917,29991200,29991200,29991200
1999-02-11 22:00:00,216.00239044709917,216.00239044709917,216.00239044709917,29991200,29991200,29991200
1999-02-12 22:00:00,216.00239044709917,216.00239044709917,216.00239044709917,29991200,29991200,29991200
1999-02-15 22:00:00,216.00239044709917,216.00239044709917,216.00239044709917,29991200,29991200,29991200
1999-02-16 22:00:00,216.00239044709917,216.00239044709917,216.00239044709917,29991200,29991200,29991200
1999-02-17 22:00:00,216.00239044709917,216.00239044709917,216.00239044709917,29991200,29991200,29991200
1999-02-18 22:00:00,216.00239044709917,216.00239044709917,216.00239044709917,29991200,29991200,29991200
1999-02-19 22:00:00,216.00239044709917,216.00239044709917,216.00239044709917,29991200,29991200,29991200
1999-02-22 22:00:00,216.00239044709917,216.00239044709917,216.00239044709917,29991200,29991200,29991200
1999-02-23 22:00:00,216.00239044709917,216.00239044709917,216.00239044709917,29991200,29991200,29991200
1999-02-24 22:00:00,216.00239044709917,216.00239044709917,216.00239044709917,29991200,29991200,29991200
1999-02-25 22:00:00,216.00239044709917,216.00239044709917,216.00239044709917,29991200,29991200,29991200
1999-02-26 22:00:00,216.00239044709917,216.00239044709917,216.00239044709917,29991200,29991200,29991200
1999-03-01 22:00:00,220.25657416017285,220.25657416017285,220.25657416017285,29991200,29991200,29991200
1999-03-02 22:00:00,220.25657416017285,220.25657416017285,220.25657416017285,29991200,29991200,29991200
1999-03-03 22:00:00,220.25657416017285,220.25657416017285,220.25657416017285,29991200,29991200,29991200
1999-03-04 22:00:00,220.25657416017285,220.25657416017285,220.25657416017285,29991200,29991200,29991200
1999-03-05 22:00:00,220.25657416017285,220.25657416017285,220.25657416017285,29991200,29991200,29991200
1999-03-08 22:00:00,220.25657416017285,220.25657416017285,220.25657416017285,29991200,29991200,29991200
1999-03-09 22:00:00,220.25657416017285,220.25657416017285,220.25657416017285,29991200,29991200,29991200
1999-03-10 22:00:00,220.25657416017285,220.25657416017285,220.25657416017285,29991200,29991200,29991200
1999-03-11 22:00:00,220.25657416017285,220.25657416017285,220.25657416017285,29991200,29991200,29991200
1999-03-12 22:00:00,220.25657416017285,220.25657416017285,220.25657416017285,29991200,29991200,29991200
1999-03-15 22:00:00,220.25657416017285,220.25657416017285,220.25657416017285,29991200,29991200,29991200
1999-03-16 22:00:00,220.25657416017285,220.25657416017285,220.25657416017285,29991200,29991200,29991200
1999-03-17 22:00:00,220.25657416017285,220.25657416017285,220.25657416017285,29991200,29991200,29991200
1999-03-18 22:00:00,220.25657416017285,220.25657416017285,220.25657416017285,29991200,29991200,29991200
1999-03-19 22:00:00,220.25657416017285,220.25657416017285,220.25657416017285,29991200,29991200,29991200
1999-03-22 22:00:00,220.25657416017285,220.25657416017285,220.25657416017285,29991200,29991200,29991200
1999-03-23 22:00:00,220.25657416017285,220.25657416017285,220.25657416017285,29991200,29991200,29991200
1999-03-24 22:00:00,220.25657416017285,220.25657416017285,220.25657416017285,29991200,29991200,29991200
1999-03-25 22:00:00,220.25657416017285,220.25657416017285,220.25657416017285,29991200,29991200,29991200
1999-03-26 22:00:00,220.25657416017285,220.25657416017285,220.25657416017285,29991200,29991200,29991200
1999-03-29 22:00:00,220.25657416017285,220.25657416017285,220.25657416017285,29991200,29991200,29991200
1999-03-30 22:00:00,220.25657416017285,220.25657416017285,220.25657416017285,29991200,29991200,29991200
1999-03-31 22:00:00,220.25657416017285,220.25657416017285,220.25657416017285,29991200,29991200,29991200
1999-04-01 22:00:00,214.80198745609587,214.80198745609587,214.80198745609587,29991200,29991200,29991200
1999-04-02 22:00:00,214.80198745609587,214.80198745609587,214.80198745609587,29991200,29991200,29991200
1999-04-05 22:00:00,214.80198745609587,214.80198745609587,214.80198745609587,29991200,29991200,29991200
1999-04-06 22:00:00,214.80198745609587,214.80198745609587,214.80198745609587,29991200,29991200,29991200
1999-04-07 22:00:00,214.80198745609587,214.80198745609587,214.80198745609587,29991200,29991200,29991200
1999-04-08 22:00:00,214.80198745609587,214.80198745609587,214.80198745609587,29991200,29991200,29991200
1999-04-09 22:00:00,214.80198745609587,214.80198745609587,214.80198745609587,29991200,29991200,29991200
1999-04-12 22:00:00,214.80198745609587,214.80198745609587,214.80198745609587,29991200,29991200,29991200
1999-04-13 22:00:00,214.80198745609587,214.80198745609587,214.80198745609587,29991200,29991200,29991200
1999-04-14 22:00:00,214.80198745609587,214.80198745609587,214.80198745609587,29991200,29991200,29991200
1999-04-15 22:00:00,214.80198745609587,214.80198745609587,214.80198745609587,29991200,29991200,29991200
1999-04-16 22:00:00,214.80198745609587,214.80198745609587,214.80198745609587,29991200,29991200,29991200
1999-04-19 22:00:00,214.80198745609587,214.80198745609587,214.80198745609587,29991200,29991200,29991200
1999-04-20 22:00:00,214.80198745609587,214.80198745609587,214.80198745609587,29991200,29991200,29991200
1999-04-21 22:00:00,214.80198745609587,214.80198745609587,214.80198745609587,29991200,29991200,29991200
1999-04-22 22:00:00,214.80198745609587,214.80198745609587,214.80198745609587,29991200,29991200,29991200
1999-04-23 22:00:00,214.80198745609587,214.80198745609587,214.80198745609587,29991200,29991200,29991200
1999-04-26 22:00:00,214.80198745609587,214.80198745609587,214.80198745609587,29991200,29991200,29991200
1999-04-27 22:00:00,214.80198745609587,214.80198745609587,214.80198745609587,29991200,29991200,29991200
1999-04-28 22:00:00,214.80198745609587,214.80198745609587,214.80198745609587,29991200,29991200,29991200
1999-04-29 22:00:00,214.80198745609587,214.80198745609587,214.80198745609587,29991200,29991200,29991200
1999-04-30 22:00:00,214.80198745609587,214.80198745609587,214.80198745609587,29991200,29991200,29991200
1999-05-03 22:00:00,214.80198745609587,214.80198745609587,214.80198745609587,29991200,29991200,29991200
1999-05-04 22:00:00,214.80198745609587,214.80198745609587,214.80198745609587,29991200,29991200,29991200
1999-05-05 22:00:00,214.80198745609587,214.80198745609587,214.80198745609587,29991200,29991200,29991200
1999-05-06 22:00:00,214.80198745609587,214.80198745609587,214.80198745609587,29991200,29991200,29991200
1999-05-07 22:00:00,214.80198745609587,214.80198745609587,214.80198745609587,29991200,29991200,29991200
1999-05-10 22:00:00,214.80198745609587,214.80198745609587,214.80198745609587,29991200,29991200,29991200
1999-05-11 22:00:00,214.80198745609587,214.80198745609587,214.80198745609587,29991200,29991200,29991200
1999-05-12 22:00:00,214.80198745609587,214.80198745609587,214.80198745609587,29991200,29991200,29991200
1999-05-13 22:00:00,214.80198745609587,214.80198745609587,214.80198745609587,29991200,29991200,29991200
1999-05-14 22:00:00,214.80198745609587,214.80198745609587,214.80198745609587,29991200,29991200,29991200
1999-05-17 22:00:00,214.80198745609587,214.80198745609587,214.80198745609587,29991200,29991200,29991200
1999-05-18 22:00:00,214.80198745609587,214.80198745609587,214.80198745609587,29991200,29991200,29991200
1999-05-19 22:00:00,214.80198745609587,214.80198745609587,214.80198745609587,29991200,29991200,29991200
1999-05-20 22:00:00,214.80198745609587,214.80198745609587,214.80198745609587,29991200,29991200,29991200
1999-05-21 22:00:00,214.80198745609587,214.80198745609587,214.80198745609587,29991200,29991200,29991200
1999-05-24 22:00:00,214.80198745609587,214.80198745609587,214.80198745609587,29991200,29991200,29991200
1999-05-25 22:00:00,214.80198745609587,214.80198745609587,214.80198745609587,29991200,29991200,29991200
1999-05-26 22:00:00,214.80198745609587,214.80198745609587,214.80198745609587,29991200,29991200,29991200
1999-05-27 22:00:00,214.80198745609587,214.80198745609587,214.80198745609587,29991200,29991200,29991200
1999-05-28 22:00:00,214.80198745609587,214.80198745609587,214.80198745609587,29991200,29991200,29991200
1999-05-31 22:00:00,214.80198745609587,214.80198745609587,214.80198745609587,29991200,29991200,29991200
1999-06-01 22:00:00,212.3088674082256,212.3088674082256,212.3088674082256,29991200,29991200,29991200
1999-06-02 22:00:00,212.3088674082256,212.3088674082256,212.3088674082256,29991200,29991200,29991200
1999-06-03 22:00:00,212.3088674082256,212.3088674082256,212.3088674082256,29991200,29991200,29991200
1999-06-04 22:00:00,212.3088674082256,212.3088674082256,212.3088674082256,29991200,29991200,29991200
1999-06-07 22:00:00,212.3088674082256,212.3088674082256,212.3088674082256,29991200,29991200,29991200
1999-06-08 22:00:00,212.3088674082256,212.3088674082256,212.3088674082256,29991200,29991200,29991200
1999-06-09 22:00:00,212.3088674082256,212.3088674082256,212.3088674082256,29991200,29991200,29991200
1999-06-10 22:00:00,212.3088674082256,212.3088674082256,212.3088674082256,29991200,29991200,29991200
1999-06-11 22:00:00,212.3088674082256,212.3088674082256,212.3088674082256,29991200,29991200,29991200
1999-06-14 22:00:00,212.3088674082256,212.3088674082256,212.3088674082256,29991200,29991200,29991200
1999-06-15 22:00:00,212.3088674082256,212.3088674082256,212.3088674082256,29991200,29991200,29991200
1999-06-16 22:00:00,212.3088674082256,212.3088674082256,212.3088674082256,29991200,29991200,29991200
1999-06-17 22:00:00,212.3088674082256,212.3088674082256,212.3088674082256,29991200,29991200,29991200
1999-06-18 22:00:00,212.3088674082256,212.3088674082256,212.3088674082256,29991200,29991200,29991200
1999-06-21 22:00:00,212.3088674082256,212.3088674082256,212.3088674082256,29991200,29991200,29991200
1999-06-22 22:00:00,212.3088674082256,212.3088674082256,212.3088674082256,29991200,29991200,29991200
1999-06-23 22:00:00,212.3088674082256,212.3088674082256,212.3088674082256,29991200,29991200,29991200
1999-06-24 22:00:00,212.3088674082256,212.3088674082256,212.3088674082256,29991200,29991200,29991200
1999-06-25 22:00:00,212.3088674082256,212.3088674082256,212.3088674082256,29991200,29991200,29991200
1999-06-28 22:00:00,212.3088674082256,212.3088674082256,212.3088674082256,29991200,29991200,29991200
1999-06-29 22:00:00,212.3088674082256,212.3088674082256,212.3088674082256,29991200,29991200,29991200
1999-06-30 22:00:00,212.3088674082256,212.3088674082256,212.3088674082256,29991200,29991200,29991200
1999-07-01 22:00:00,190.9548453052262,190.9548453052262,190.9548453052262,29991200,29991200,29991200
1999-07-02 22:00:00,190.9548453052262,190.9548453052262,190.9548453052262,29991200,29991200,29991200
1999-07-05 22:00:00,190.9548453052262,190.9548453052262,190.9548453052262,29991200,29991200,29991200
1999-07-06 22:00:00,190.9548453052262,190.9548453052262,190.9548453052262,29991200,29991200,29991200
1999-07-07 22:00:00,190.9548453052262,190.9548453052262,190.9548453052262,29991200,29991200,29991200
1999-07-08 22:00:00,190.9548453052262,190.9548453052262,190.9548453052262,29991200,29991200,29991200
1999-07-09 22:00:00,190.9548453052262,190.9548453052262,190.9548453052262,29991200,29991200,29991200
1999-07-12 22:00:00,190.9548453052262,190.9548453052262,190.9548453052262,29991200,29991200,29991200
1999-07-13 22:00:00,190.9548453052262,190.9548453052262,190.9548453052262,29991200,29991200,29991200
1999-07-14 22:00:00,190.9548453052262,190.9548453052262,190.9548453052262,29991200,29991200,29991200
1999-07-15 22:00:00,190.9548453052262,190.9548453052262,190.9548453052262,29991200,29991200,29991200
1999-07-16 22:00:00,190.9548453052262,190.9548453052262,190.9548453052262,29991200,29991200,29991200
1999-07-19 22:00:00,190.9548453052262,190.9548453052262,190.9548453052262,29991200,29991200,29991200
1999-07-20 22:00:00,190.9548453052262,190.9548453052262,190.9548453052262,29991200,29991200,29991200
1999-07-21 22:00:00,190.9548453052262,190.9548453052262,190.9548453052262,29991200,29991200,29991200
1999-07-22 22:00:00,190.9548453052262,190.9548453052262,190.9548453052262,29991200,29991200,29991200
1999-07-23 22:00:00,190.9548453052262,190.9548453052262,190.9548453052262,29991200,29991200,29991200
1999-07-26 22:00:00,190.9548453052262,190.9548453052262,190.9548453052262,29991200,29991200,29991200
1999-07-27 22:00:00,190.9548453052262,190.9548453052262,190.9548453052262,29991200,29991200,29991200
1999-07-28 22:00:00,190.9548453052262,190.9548453052262,190.9548453052262,29991200,29991200,29991200
1999-07-29 22:00:00,190.9548453052262,190.9548453052262,190.9548453052262,29991200,29991200,29991200
1999-07-30 22:00:00,190.9548453052262,190.9548453052262,190.9548453052262,29991200,29991200,29991200
1999-08-02 22:00:00,190.9548453052262,190.9548453052262,190.9548453052262,29991200,29991200,29991200
1999-08-03 22:00:00,190.9548453052262,190.9548453052262,190.9548453052262,29991200,29991200,29991200
1999-08-04 22:00:00,190.9548453052262,190.9548453052262,190.9548453052262,29991200,29991200,29991200
1999-08-05 22:00:00,190.9548453052262,190.9548453052262,190.9548453052262,29991200,29991200,29991200
1999-08-06 22:00:00,190.9548453052262,190.9548453052262,190.9548453052262,29991200,29991200,29991200
1999-08-09 22:00:00,190.9548453052262,190.9548453052262,190.9548453052262,29991200,29991200,29991200
1999-08-10 22:00:00,190.9548453052262,190.9548453052262,190.9548453052262,29991200,29991200,29991200
1999-08-11 22:00:00,190.9548453052262,190.9548453052262,190.9548453052262,29991200,29991200,29991200
1999-08-12 22:00:00,190.9548453052262,190.9548453052262,190.9548453052262,29991200,29991200,29991200
1999-08-13 22:00:00,190.9548453052262,190.9548453052262,190.9548453052262,29991200,29991200,29991200
1999-08-16 22:00:00,190.9548453052262,190.9548453052262,190.9548453052262,29991200,29991200,29991200
1999-08-17 22:00:00,190.9548453052262,190.9548453052262,190.9548453052262,29991200,29991200,29991200
1999-08-18 22:00:00,190.9548453052262,190.9548453052262,190.9548453052262,29991200,29991200,29991200
1999-08-19 22:00:00,190.9548453052262,190.9548453052262,190.9548453052262,29991200,29991200,29991200
1999-08-20 22:00:00,190.9548453052262,190.9548453052262,190.9548453052262,29991200,29991200,29991200
1999-08-23 22:00:00,190.9548453052262,190.9548453052262,190.9548453052262,29991200,29991200,29991200
1999-08-24 22:00:00,190.9548453052262,190.9548453052262,190.9548453052262,29991200,29991200,29991200
1999-08-25 22:00:00,190.9548453052262,190.9548453052262,190.9548453052262,29991200,29991200,29991200
1999-08-26 22:00:00,190.9548453052262,190.9548453052262,190.9548453052262,29991200,29991200,29991200
1999-08-27 22:00:00,190.9548453052262,190.9548453052262,190.9548453052262,29991200,29991200,29991200
1999-08-30 22:00:00,190.9548453052262,190.9548453052262,190.9548453052262,29991200,29991200,29991200
1999-08-31 22:00:00,190.9548453052262,190.9548453052262,190.9548453052262,29991200,29991200,29991200
1999-09-01 22:00:00,199.0009541401128,199.0009541401128,199.0009541401128,29991200,29991200,29991200
1999-09-02 22:00:00,199.0009541401128,199.0009541401128,199.0009541401128,29991200,29991200,29991200
1999-09-03 22:00:00,199.0009541401128,199.0009541401128,199.0009541401128,29991200,29991200,29991200
1999-09-06 22:00:00,199.0009541401128,199.0009541401128,199.0009541401128,29991200,29991200,29991200
1999-09-07 22:00:00,199.0009541401128,199.0009541401128,199.0009541401128,29991200,29991200,29991200
1999-09-08 22:00:00,199.0009541401128,199.0009541401128,199.0009541401128,29991200,29991200,29991200
1999-09-09 22:00:00,199.0009541401128,199.0009541401128,199.0009541401128,29991200,29991200,29991200
1999-09-10 22:00:00,199.0009541401128,199.0009541401128,199.0009541401128,29991200,29991200,29991200
1999-09-13 22:00:00,199.0009541401128,199.0009541401128,199.0009541401128,29991200,29991200,29991200
1999-09-14 22:00:00,199.0009541401128,199.0009541401128,199.0009541401128,29991200,29991200,29991200
1999-09-15 22:00:00,199.0009541401128,199.0009541401128,199.0009541401128,29991200,29991200,29991200
1999-09-16 22:00:00,199.0009541401128,199.0009541401128,199.0009541401128,29991200,29991200,29991200
1999-09-17 22:00:00,199.0009541401128,199.0009541401128,199.0009541401128,29991200,29991200,29991200
1999-09-20 22:00:00,199.0009541401128,199.0009541401128,199.0009541401128,29991200,29991200,29991200
1999-09-21 22:00:00,199.0009541401128,199.0009541401128,199.0009541401128,29991200,29991200,29991200
1999-09-22 22:00:00,199.0009541401128,199.0009541401128,199.0009541401128,29991200,29991200,29991200
1999-09-23 22:00:00,199.0009541401128,199.0009541401128,199.0009541401128,29991200,29991200,29991200
1999-09-24 22:00:00,199.0009541401128,199.0009541401128,199.0009541401128,29991200,29991200,29991200
1999-09-27 22:00:00,199.0009541401128,199.0009541401128,199.0009541401128,29991200,29991200,29991200
1999-09-28 22:00:00,199.0009541401128,199.0009541401128,199.0009541401128,29991200,29991200,29991200
1999-09-29 22:00:00,199.0009541401128,199.0009541401128,199.0009541401128,29991200,29991200,29991200
1999-09-30 22:00:00,199.0009541401128,199.0009541401128,199.0009541401128,29991200,29991200,29991200
1999-10-01 22:00:00,195.642164029754,195.642164029754,195.642164029754,29991200,29991200,29991200
1999-10-04 22:00:00,195.642164029754,195.642164029754,195.642164029754,29991200,29991200,29991200
1999-10-05 22:00:00,195.642164029754,195.642164029754,195.642164029754,29991200,29991200,29991200
1999-10-06 22:00:00,195.642164029754,195.642164029754,195.642164029754,29991200,29991200,29991200
1999-10-07 22:00:00,195.642164029754,195.642164029754,195.642164029754,29991200,29991200,29991200
1999-10-08 22:00:00,195.642164029754,195.642164029754,195.642164029754,29991200,29991200,29991200
1999-10-11 22:00:00,195.642164029754,195.642164029754,195.642164029754,29991200,29991200,29991200
1999-10-12 22:00:00,195.642164029754,195.642164029754,195.642164029754,29991200,29991200,29991200
1999-10-13 22:00:00,195.642164029754,195.642164029754,195.642164029754,29991200,29991200,29991200
1999-10-14 22:00:00,195.642164029754,195.642164029754,195.642164029754,29991200,29991200,29991200
1999-10-15 22:00:00,195.642164029754,195.642164029754,195.642164029754,29991200,29991200,29991200
1999-10-18 22:00:00,195.642164029754,195.642164029754,195.642164029754,29991200,29991200,29991200
1999-10-19 22:00:00,195.642164029754,195.642164029754,195.642164029754,29991200,29991200,29991200
1999-10-20 22:00:00,195.642164029754,195.642164029754,195.642164029754,29991200,29991200,29991200
1999-10-21 22:00:00,195.642164029754,195.642164029754,195.642164029754,29991200,29991200,29991200
1999-10-22 22:00:00,195.642164029754,195.642164029754,195.642164029754,29991200,29991200,29991200
1999-10-25 22:00:00,195.642164029754,195.642164029754,195.642164029754,29991200,29991200,29991200
1999-10-26 22:00:00,195.642164029754,195.642164029754,195.642164029754,29991200,29991200,29991200
1999-10-27 22:00:00,195.642164029754,195.642164029754,195.642164029754,29991200,29991200,29991200
1999-10-28 22:00:00,195.642164029754,195.642164029754,195.642164029754,29991200,29991200,29991200
1999-10-29 22:00:00,195.642164029754,195.642164029754,195.642164029754,29991200,29991200,29991200
1999-11-01 22:00:00,195.09137537787936,195.09137537787936,195.09137537787936,29991200,29991200,29991200
1999-11-02 22:00:00,195.09137537787936,195.09137537787936,195.09137537787936,29991200,29991200,29991200
1999-11-03 22:00:00,195.09137537787936,195.09137537787936,195.09137537787936,29991200,29991200,29991200
1999-11-04 22:00:00,195.09137537787936,195.09137537787936,195.09137537787936,29991200,29991200,29991200
1999-11-05 22:00:00,195.09137537787936,195.09137537787936,195.09137537787936,29991200,29991200,29991200
1999-11-08 22:00:00,195.09137537787936,195.09137537787936,195.09137537787936,29991200,29991200,29991200
1999-11-09 22:00:00,195.09137537787936,195.09137537787936,195.09137537787936,29991200,29991200,29991200
1999-11-10 22:00:00,195.09137537787936,195.09137537787936,195.09137537787936,29991200,29991200,29991200
1999-11-11 22:00:00,195.09137537787936,195.09137537787936,195.09137537787936,29991200,29991200,29991200
1999-11-12 22:00:00,195.09137537787936,195.09137537787936,195.09137537787936,29991200,29991200,29991200
1999-11-15 22:00:00,195.09137537787936,195.09137537787936,195.09137537787936,29991200,29991200,29991200
1999-11-16 22:00:00,195.09137537787936,195.09137537787936,195.09137537787936,29991200,29991200,29991200
1999-11-17 22:00:00,195.09137537787936,195.09137537787936,195.09137537787936,29991200,29991200,29991200
1999-11-18 22:00:00,195.09137537787936,195.09137537787936,195.09137537787936,29991200,29991200,29991200
1999-11-19 22:00:00,195.09137537787936,195.09137537787936,195.09137537787936,29991200,29991200,29991200
1999-11-22 22:00:00,195.09137537787936,195.09137537787936,195.09137537787936,29991200,29991200,29991200
1999-11-23 22:00:00,195.09137537787936,195.09137537787936,195.09137537787936,29991200,29991200,29991200
1999-11-24 22:00:00,195.09137537787936,195.09137537787936,195.09137537787936,29991200,29991200,29991200
1999-11-25 22:00:00,195.09137537787936,195.09137537787936,195.09137537787936,29991200,29991200,29991200
1999-11-26 22:00:00,195.09137537787936,195.09137537787936,195.09137537787936,29991200,29991200,29991200
1999-11-29 22:00:00,195.09137537787936,195.09137537787936,195.09137537787936,29991200,29991200,29991200
1999-11-30 22:00:00,195.09137537787936,195.09137537787936,195.09137537787936,29991200,29991200,29991200
1999-12-01 22:00:00,199.2337517488456,199.2337517488456,199.2337517488456,29991200,29991200,29991200
1999-12-02 22:00:00,199.2337517488456,199.2337517488456,199.2337517488456,29991200,29991200,29991200
1999-12-03 22:00:00,199.2337517488456,199.2337517488456,199.2337517488456,29991200,29991200,29991200
1999-12-06 22:00:00,199.2337517488456,199.2337517488456,199.2337517488456,29991200,29991200,29991200
1999-12-07 22:00:00,199.2337517488456,199.2337517488456,199.2337517488456,29991200,29991200,29991200
1999-12-08 22:00:00,199.2337517488456,199.2337517488456,199.2337517488456,29991200,29991200,29991200
1999-12-09 22:00:00,199.2337517488456,199.2337517488456,199.2337517488456,29991200,29991200,29991200
1999-12-10 22:00:00,199.2337517488456,199.2337517488456,199.2337517488456,29991200,29991200,29991200
1999-12-13 22:00:00,199.2337517488456,199.2337517488456,199.2337517488456,29991200,29991200,29991200
1999-12-14 22:00:00,199.2337517488456,199.2337517488456,199.2337517488456,29991200,29991200,29991200
1999-12-15 22:00:00,199.2337517488456,199.2337517488456,199.2337517488456,29991200,29991200,29991200
1999-12-16 22:00:00,199.2337517488456,199.2337517488456,199.2337517488456,29991200,29991200,29991200
1999-12-17 22:00:00,199.2337517488456,199.2337517488456,199.2337517488456,29991200,29991200,29991200
1999-12-20 22:00:00,199.2337517488456,199.2337517488456,199.2337517488456,29991200,29991200,29991200
1999-12-21 22:00:00,199.2337517488456,199.2337517488456,199.2337517488456,29991200,29991200,29991200
1999-12-22 22:00:00,199.2337517488456,199.2337517488456,199.2337517488456,29991200,29991200,29991200
1999-12-23 22:00:00,199.2337517488456,199.2337517488456,199.2337517488456,29991200,29991200,29991200
1999-12-24 22:00:00,199.2337517488456,199.2337517488456,199.2337517488456,29991200,29991200,29991200
1999-12-27 22:00:00,199.2337517488456,199.2337517488456,199.2337517488456,29991200,29991200,29991200
1999-12-28 22:00:00,199.2337517488456,199.2337517488456,199.2337517488456,29991200,29991200,29991200
1999-12-29 22:00:00,199.2337517488456,199.2337517488456,199.2337517488456,29991200,29991200,29991200
1999-12-30 22:00:00,199.2337517488456,199.2337517488456,199.2337517488456,29991200,29991200,29991200
1999-12-31 22:00:00,199.2337517488456,199.2337517488456,199.2337517488456,29991200,29991200,29991200
2000-01-03 22:00:00,199.2337517488456,199.2337517488456,199.2337517488456,29991200,29991200,29991200
2000-01-04 22:00:00,199.2337517488456,199.2337517488456,199.2337517488456,29991200,29991200,29991200
2000-01-05 22:00:00,199.2337517488456,199.2337517488456,199.2337517488456,29991200,29991200,29991200
2000-01-06 22:00:00,199.2337517488456,199.2337517488456,199.2337517488456,29991200,29991200,29991200
2000-01-07 22:00:00,199.2337517488456,199.2337517488456,199.2337517488456,29991200,29991200,29991200
2000-01-10 22:00:00,199.2337517488456,199.2337517488456,199.2337517488456,29991200,29991200,29991200
2000-01-11 22:00:00,199.2337517488456,199.2337517488456,199.2337517488456,29991200,29991200,29991200
2000-01-12 22:00:00,199.2337517488456,199.2337517488456,199.2337517488456,29991200,29991200,29991200
2000-01-13 22:00:00,199.2337517488456,199.2337517488456,199.2337517488456,29991200,29991200,29991200
2000-01-14 22:00:00,199.2337517488456,199.2337517488456,199.2337517488456,29991200,29991200,29991200
2000-01-17 22:00:00,199.2337517488456,199.2337517488456,199.2337517488456,29991200,29991200,29991200
2000-01-18 22:00:00,199.2337517488456,199.2337517488456,199.2337517488456,29991200,29991200,29991200
2000-01-19 22:00:00,199.2337517488456,199.2337517488456,199.2337517488456,29991200,29991200,29991200
2000-01-20 22:00:00,199.2337517488456,199.2337517488456,199.2337517488456,29991200,29991200,29991200
2000-01-21 22:00:00,199.2337517488456,199.2337517488456,199.2337517488456,29991200,29991200,29991200
2000-01-24 22:00:00,199.2337517488456,199.2337517488456,199.2337517488456,29991200,29991200,29991200
2000-01-25 22:00:00,199.2337517488456,199.2337517488456,199.2337517488456,29991200,29991200,29991200
2000-01-26 22:00:00,199.2337517488456,199.2337517488456,199.2337517488456,29991200,29991200,29991200
2000-01-27 22:00:00,199.2337517488456,199.2337517488456,199.2337517488456,29991200,29991200,29991200
2000-01-28 22:00:00,199.2337517488456,199.2337517488456,199.2337517488456,29991200,29991200,29991200
2000-01-31 22:00:00,199.2337517488456,199.2337517488456,199.2337517488456,29991200,29991200,29991200
2000-02-01 22:00:00,217.18472118936475,217.18472118936475,217.18472118936475,29991200,29991200,29991200
2000-02-02 22:00:00,217.18472118936475,217.18472118936475,217.18472118936475,29991200,29991200,29991200
2000-02-03 22:00:00,217.18472118936475,217.18472118936475,217.18472118936475,29991200,29991200,29991200
2000-02-04 22:00:00,217.18472118936475,217.18472118936475,217.18472118936475,29991200,29991200,29991200
2000-02-07 22:00:00,217.18472118936475,217.18472118936475,217.18472118936475,29991200,29991200,29991200
2000-02-08 22:00:00,217.18472118936475,217.18472118936475,217.18472118936475,29991200,29991200,29991200
2000-02-09 22:00:00,217.18472118936475,217.18472118936475,217.18472118936475,29991200,29991200,29991200
2000-02-10 22:00:00,217.18472118936475,217.18472118936475,217.18472118936475,29991200,29991200,29991200
2000-02-11 22:00:00,217.18472118936475,217.18472118936475,217.18472118936475,29991200,29991200,29991200
2000-02-14 22:00:00,217.18472118936475,217.18472118936475,217.18472118936475,29991200,29991200,29991200
2000-02-15 22:00:00,217.18472118936475,217.18472118936475,217.18472118936475,29991200,29991200,29991200
2000-02-16 22:00:00,217.18472118936475,217.18472118936475,217.18472118936475,29991200,29991200,29991200
2000-02-17 22:00:00,217.18472118936475,217.18472118936475,217.18472118936475,29991200,29991200,29991200
2000-02-18 22:00:00,217.18472118936475,217.18472118936475,217.18472118936475,29991200,29991200,29991200
2000-02-21 22:00:00,217.18472118936475,217.18472118936475,217.18472118936475,29991200,29991200,29991200
2000-02-22 22:00:00,217.18472118936475,217.18472118936475,217.18472118936475,29991200,29991200,29991200
2000-02-23 22:00:00,217.18472118936475,217.18472118936475,217.18472118936475,29991200,29991200,29991200
2000-02-24 22:00:00,217.18472118936475,217.18472118936475,217.18472118936475,29991200,29991200,29991200
2000-02-25 22:00:00,217.18472118936475,217.18472118936475,217.18472118936475,29991200,29991200,29991200
2000-02-28 22:00:00,217.18472118936475,217.18472118936475,217.18472118936475,29991200,29991200,29991200
2000-02-29 22:00:00,217.18472118936475,217.18472118936475,217.18472118936475,29991200,29991200,29991200
2000-03-01 22:00:00,217.3851181155539,217.3851181155539,217.3851181155539,29991200,29991200,29991200
2000-03-02 22:00:00,217.3851181155539,217.3851181155539,217.3851181155539,29991200,29991200,29991200
2000-03-03 22:00:00,217.3851181155539,217.3851181155539,217.3851181155539,29991200,29991200,29991200
2000-03-06 22:00:00,217.3851181155539,217.3851181155539,217.3851181155539,29991200,29991200,29991200
2000-03-07 22:00:00,217.3851181155539,217.3851181155539,217.3851181155539,29991200,29991200,29991200
2000-03-08 22:00:00,217.3851181155539,217.3851181155539,217.3851181155539,29991200,29991200,29991200
2000-03-09 22:00:00,217.3851181155539,217.3851181155539,217.3851181155539,29991200,29991200,29991200
2000-03-10 22:00:00,217.3851181155539,217.3851181155539,217.3851181155539,29991200,29991200,29991200
2000-03-13 22:00:00,217.3851181155539,217.3851181155539,217.3851181155539,29991200,29991200,29991200
2000-03-14 22:00:00,217.3851181155539,217.3851181155539,217.3851181155539,29991200,29991200,29991200
2000-03-15 22:00:00,217.3851181155539,217.3851181155539,217.3851181155539,29991200,29991200,29991200
2000-03-16 22:00:00,217.3851181155539,217.3851181155539,217.3851181155539,29991200,29991200,29991200
2000-03-17 22:00:00,217.3851181155539,217.3851181155539,217.3851181155539,29991200,29991200,29991200
2000-03-20 22:00:00,217.3851181155539,217.3851181155539,217.3851181155539,29991200,29991200,29991200
2000-03-21 22:00:00,217.3851181155539,217.3851181155539,217.3851181155539,29991200,29991200,29991200
2000-03-22 22:00:00,217.3851181155539,217.3851181155539,217.3851181155539,29991200,29991200,29991200
2000-03-23 22:00:00,217.3851181155539,217.3851181155539,217.3851181155539,29991200,29991200,29991200
2000-03-24 22:00:00,217.3851181155539,217.3851181155539,217.3851181155539,29991200,29991200,29991200
2000-03-27 22:00:00,217.3851181155539,217.3851181155539,217.3851181155539,29991200,29991200,29991200
2000-03-28 22:00:00,217.3851181155539,217.3851181155539,217.3851181155539,29991200,29991200,29991200
2000-03-29 22:00:00,217.3851181155539,217.3851181155539,217.3851181155539,29991200,29991200,29991200
2000-03-30 22:00:00,217.3851181155539,217.3851181155539,217.3851181155539,29991200,29991200,29991200
2000-03-31 22:00:00,217.3851181155539,217.3851181155539,217.3851181155539,29991200,29991200,29991200
2000-04-03 22:00:00,217.3851181155539,217.3851181155539,217.3851181155539,29991200,29991200,29991200
2000-04-04 22:00:00,217.3851181155539,217.3851181155539,217.3851181155539,29991200,29991200,29991200
2000-04-05 22:00:00,217.3851181155539,217.3851181155539,217.3851181155539,29991200,29991200,29991200
2000-04-06 22:00:00,217.3851181155539,217.3851181155539,217.3851181155539,29991200,29991200,29991200
2000-04-07 22:00:00,217.3851181155539,217.3851181155539,217.3851181155539,29991200,29991200,29991200
2000-04-10 22:00:00,217.3851181155539,217.3851181155539,217.3851181155539,29991200,29991200,29991200
2000-04-11 22:00:00,217.3851181155539,217.3851181155539,217.3851181155539,29991200,29991200,29991200
2000-04-12 22:00:00,217.3851181155539,217.3851181155539,217.3851181155539,29991200,29991200,29991200
2000-04-13 22:00:00,217.3851181155539,217.3851181155539,217.3851181155539,29991200,29991200,29991200
2000-04-14 22:00:00,217.3851181155539,217.3851181155539,217.3851181155539,29991200,29991200,29991200
2000-04-17 22:00:00,217.3851181155539,217.3851181155539,217.3851181155539,29991200,29991200,29991200
2000-04-18 22:00:00,217.3851181155539,217.3851181155539,217.3851181155539,29991200,29991200,29991200
2000-04-19 22:00:00,217.3851181155539,217.3851181155539,217.3851181155539,29991200,29991200,29991200
2000-04-20 22:00:00,217.3851181155539,217.3851181155539,217.3851181155539,29991200,29991200,29991200
2000-04-21 22:00:00,217.3851181155539,217.3851181155539,217.3851181155539,29991200,29991200,29991200
2000-04-24 22:00:00,217.3851181155539,217.3851181155539,217.3851181155539,29991200,29991200,29991200
2000-04-25 22:00:00,217.3851181155539,217.3851181155539,217.3851181155539,29991200,29991200,29991200
2000-04-26 22:00:00,217.3851181155539,217.3851181155539,217.3851181155539,29991200,29991200,29991200
2000-04-27 22:00:00,217.3851181155539,217.3851181155539,217.3851181155539,29991200,29991200,29991200
2000-04-28 22:00:00,217.3851181155539,217.3851181155539,217.3851181155539,29991200,29991200,29991200
2000-05-01 22:00:00,218.21016796068864,218.21016796068864,218.21016796068864,29991200,29991200,29991200
2000-05-02 22:00:00,218.21016796068864,218.21016796068864,218.21016796068864,29991200,29991200,29991200
2000-05-03 22:00:00,218.21016796068864,218.21016796068864,218.21016796068864,29991200,29991200,29991200
2000-05-04 22:00:00,218.21016796068864,218.21016796068864,218.21016796068864,29991200,29991200,29991200
2000-05-05 22:00:00,218.21016796068864,218.21016796068864,218.21016796068864,29991200,29991200,29991200
2000-05-08 22:00:00,218.21016796068864,218.21016796068864,218.21016796068864,29991200,29991200,29991200
2000-05-09 22:00:00,218.21016796068864,218.21016796068864,218.21016796068864,29991200,29991200,29991200
2000-05-10 22:00:00,218.21016796068864,218.21016796068864,218.21016796068864,29991200,29991200,29991200
2000-05-11 22:00:00,218.21016796068864,218.21016796068864,218.21016796068864,29991200,29991200,29991200
2000-05-12 22:00:00,218.21016796068864,218.21016796068864,218.21016796068864,29991200,29991200,29991200
2000-05-15 22:00:00,218.21016796068864,218.21016796068864,218.21016796068864,29991200,29991200,29991200
2000-05-16 22:00:00,218.21016796068864,218.21016796068864,218.21016796068864,29991200,29991200,29991200
2000-05-17 22:00:00,218.21016796068864,218.21016796068864,218.21016796068864,29991200,29991200,29991200
2000-05-18 22:00:00,218.21016796068864,218.21016796068864,218.21016796068864,29991200,29991200,29991200
2000-05-19 22:00:00,218.21016796068864,218.21016796068864,218.21016796068864,29991200,29991200,29991200
2000-05-22 22:00:00,218.21016796068864,218.21016796068864,218.21016796068864,29991200,29991200,29991200
2000-05-23 22:00:00,218.21016796068864,218.21016796068864,218.21016796068864,29991200,29991200,29991200
2000-05-24 22:00:00,218.21016796068864,218.21016796068864,218.21016796068864,29991200,29991200,29991200
2000-05-25 22:00:00,218.21016796068864,218.21016796068864,218.21016796068864,29991200,29991200,29991200
2000-05-26 22:00:00,218.21016796068864,218.21016796068864,218.21016796068864,29991200,29991200,29991200
2000-05-29 22:00:00,218.21016796068864,218.21016796068864,218.21016796068864,29991200,29991200,29991200
2000-05-30 22:00:00,218.21016796068864,218.21016796068864,218.21016796068864,29991200,29991200,29991200
2000-05-31 22:00:00,218.21016796068864,218.21016796068864,218.21016796068864,29991200,29991200,29991200
2000-06-01 22:00:00,191.9624288117983,191.9624288117983,191.9624288117983,29991200,29991200,29991200
2000-06-02 22:00:00,191.9624288117983,191.9624288117983,191.9624288117983,29991200,29991200,29991200
2000-06-05 22:00:00,191.9624288117983,191.9624288117983,191.9624288117983,29991200,29991200,29991200
2000-06-06 22:00:00,191.9624288117983,191.9624288117983,191.9624288117983,29991200,29991200,29991200
2000-06-07 22:00:00,191.9624288117983,191.9624288117983,191.9624288117983,29991200,29991200,29991200
2000-06-08 22:00:00,191.9624288117983,191.9624288117983,191.9624288117983,29991200,29991200,29991200
2000-06-09 22:00:00,191.9624288117983,191.9624288117983,191.9624288117983,29991200,29991200,29991200
2000-06-12 22:00:00,191.9624288117983,191.9624288117983,191.9624288117983,29991200,29991200,29991200
2000-06-13 22:00:00,191.9624288117983,191.9624288117983,191.9624288117983,29991200,29991200,29991200
2000-06-14 22:00:00,191.9624288117983,191.9624288117983,191.9624288117983,29991200,29991200,29991200
2000-06-15 22:00:00,191.9624288117983,191.9624288117983,191.9624288117983,29991200,29991200,29991200
2000-06-16 22:00:00,191.9624288117983,191.9624288117983,191.9624288117983,29991200,29991200,29991200
2000-06-19 22:00:00,191.9624288117983,191.9624288117983,191.9624288117983,29991200,29991200,29991200
2000-06-20 22:00:00,191.9624288117983,191.9624288117983,191.9624288117983,29991200,29991200,29991200
2000-06-21 22:00:00,191.9624288117983,191.9624288117983,191.9624288117983,29991200,29991200,29991200
2000-06-22 22:00:00,191.9624288117983,191.9624288117983,191.9624288117983,29991200,29991200,29991200
2000-06-23 22:00:00,191.9624288117983,191.9624288117983,191.9624288117983,29991200,29991200,29991200
2000-06-26 22:00:00,191.9624288117983,191.9624288117983,191.9624288117983,29991200,29991200,29991200
2000-06-27 22:00:00,191.9624288117983,191.9624288117983,191.9624288117983,29991200,29991200,29991200
2000-06-28 22:00:00,191.9624288117983,191.9624288117983,191.9624288117983,29991200,29991200,29991200
2000-06-29 22:00:00,191.9624288117983,191.9624288117983,191.9624288117983,29991200,29991200,29991200
2000-06-30 22:00:00,191.9624288117983,191.9624288117983,191.9624288117983,29991200,29991200,29991200
2000-07-03 22:00:00,191.9624288117983,191.9624288117983,191.9624288117983,29991200,29991200,29991200
2000-07-04 22:00:00,191.9624288117983,191.9624288117983,191.9624288117983,29991200,29991200,29991200
2000-07-05 22:00:00,191.9624288117983,191.9624288117983,191.9624288117983,29991200,29991200,29991200
2000-07-06 22:00:00,191.9624288117983,191.9624288117983,191.9624288117983,29991200,29991200,29991200
2000-07-07 22:00:00,191.9624288117983,191.9624288117983,191.9624288117983,29991200,29991200,29991200
2000-07-10 22:00:00,191.9624288117983,191.9624288117983,191.9624288117983,29991200,29991200,29991200
2000-07-11 22:00:00,191.9624288117983,191.9624288117983,191.9624288117983,29991200,29991200,29991200
2000-07-12 22:00:00,191.9624288117983,191.9624288117983,191.9624288117983,29991200,29991200,29991200
2000-07-13 22:00:00,191.9624288117983,191.9624288117983,191.9624288117983,29991200,29991200,29991200
2000-07-14 22:00:00,191.9624288117983,191.9624288117983,191.9624288117983,29991200,29991200,29991200
2000-07-17 22:00:00,179.25,179.25,179.25,29991200,29991200,29991200
2000-07-18 22:00:00,180.75,180.75,180.75,29991200,29991200,29991200
2000-07-19 22:00:00,182.0,182.0,182.0,29991200,29991200,29991200
2000-07-20 22:00:00,186.0,186.0,186.0,29991200,29991200,29991200
2000-07-21 22:00:00,187.75,187.75,187.75,29991200,29991200,29991200
2000-07-24 22:00:00,184.5,184.5,184.5,29991200,29991200,29991200
2000-07-25 22:00:00,182.75,182.75,182.75,29991200,29991200,29991200
2000-07-26 22:00:00,180.5,180.5,180.5,29991200,29991200,29991200
2000-07-27 22:00:00,181.0,181.0,181.0,29991200,29991200,29991200
2000-07-28 22:00:00,180.25,180.25,180.25,29991200,29991200,29991200
2000-07-31 22:00:00,180.25,180.25,180.25,29991200,29991200,29991200
2000-08-01 22:00:00,179.75,179.75,179.75,29991200,29991200,29991200
2000-08-02 22:00:00,180.5,180.5,180.5,29991200,29991200,29991200
2000-08-03 22:00:00,180.0,180.0,180.0,29991200,29991200,29991200
2000-08-04 22:00:00,178.75,178.75,178.75,29991200,29991200,29991200
2000-08-07 22:00:00,177.75,177.75,177.75,29991200,29991200,29991200
2000-08-08 22:00:00,179.5,179.5,179.5,29991200,29991200,29991200
2000-08-09 22:00:00,178.25,178.25,178.25,29991200,29991200,29991200
2000-08-10 22:00:00,177.25,177.25,177.25,29991200,29991200,29991200
2000-08-11 22:00:00,174.75,174.75,174.75,29991200,29991200,29991200
2000-08-14 22:00:00,175.75,175.75,175.75,29991200,29991200,29991200
2000-08-15 22:00:00,175.75,175.75,175.75,29991200,29991200,29991200
2000-08-16 22:00:00,178.5,178.5,178.5,29991200,29991200,29991200
2000-08-17 22:00:00,178.5,178.5,178.5,29991200,29991200,29991200
2000-08-18 22:00:00,177.5,177.5,177.5,29991200,29991200,29991200
2000-08-21 22:00:00,176.25,176.25,176.25,29991200,29991200,29991200
2000-08-22 22:00:00,175.5,175.5,175.5,29991200,29991200,29991200
2000-08-23 22:00:00,175.25,175.25,175.25,29991200,29991200,29991200
2000-08-24 22:00:00,176.0,176.0,176.0,29991200,29991200,29991200
2000-08-25 22:00:00,176.5,176.5,176.5,29991200,29991200,29991200
2000-08-28 22:00:00,179.5,179.5,179.5,29991200,29991200,29991200
2000-08-29 22:00:00,184.25,184.25,184.25,29991200,29991200,29991200
2000-08-30 22:00:00,181.5,181.5,181.5,29991200,29991200,29991200
2000-08-31 22:00:00,182.0,182.0,182.0,29991200,29991200,29991200
2000-09-01 22:00:00,183.25,183.25,183.25,29991200,29991200,29991200
2000-09-05 22:00:00,183.5,183.5,183.5,29991200,29991200,29991200
2000-09-06 22:00:00,186.25,186.25,186.25,29991200,29991200,29991200
2000-09-07 22:00:00,181.0,181.0,181.0,29991200,29991200,29991200
2000-09-08 22:00:00,181.75,181.75,181.75,29991200,29991200,29991200
2000-09-11 22:00:00,184.25,184.25,184.25,29991200,29991200,29991200
2000-09-12 22:00:00,186.0,186.0,186.0,29991200,29991200,29991200
2000-09-13 22:00:00,182.5,182.5,182.5,29991200,29991200,29991200
2000-09-14 22:00:00,181.0,181.0,181.0,29991200,29991200,29991200
2000-09-18 22:00:00,184.0,184.0,184.0,29991200,29991200,29991200
2000-09-19 22:00:00,185.0,185.0,185.0,29991200,29991200,29991200
2000-09-20 22:00:00,183.5,183.5,183.5,29991200,29991200,29991200
2000-09-21 22:00:00,183.75,183.75,183.75,29991200,29991200,29991200
2000-09-22 22:00:00,186.25,186.25,186.25,29991200,29991200,29991200
2000-09-25 22:00:00,186.25,186.25,186.25,29991200,29991200,29991200
2000-09-26 22:00:00,190.0,190.0,190.0,29991200,29991200,29991200
2000-09-27 22:00:00,190.5,190.5,190.5,29991200,29991200,29991200
2000-09-28 22:00:00,190.5,190.5,190.5,29991200,29991200,29991200
2000-09-29 22:00:00,192.0,192.0,192.0,29991200,29991200,29991200
2000-10-02 22:00:00,192.0,192.0,192.0,29991200,29991200,29991200
2000-10-03 22:00:00,195.25,195.25,195.25,29991200,29991200,29991200
2000-10-04 22:00:00,199.5,199.5,199.5,29991200,29991200,29991200
2000-10-05 22:00:00,200.5,200.5,200.5,29991200,29991200,29991200
2000-10-06 22:00:00,199.5,199.5,199.5,29991200,29991200,29991200
2000-10-09 22:00:00,199.5,199.5,199.5,29991200,29991200,29991200
2000-10-10 22:00:00,197.5,197.5,197.5,29991200,29991200,29991200
2000-10-11 22:00:00,199.75,199.75,199.75,29991200,29991200,29991200
2000-10-12 22:00:00,200.5,200.5,200.5,29991200,29991200,29991200
2000-10-13 22:00:00,204.0,204.0,204.0,29991200,29991200,29991200
2000-10-16 22:00:00,204.0,204.0,204.0,29991200,29991200,29991200
2000-10-17 22:00:00,203.25,203.25,203.25,29991200,29991200,29991200
2000-10-18 22:00:00,202.0,202.0,202.0,29991200,29991200,29991200
2000-10-19 22:00:00,203.0,203.0,203.0,29991200,29991200,29991200
2000-10-23 22:00:00,200.75,200.75,200.75,29991200,29991200,29991200
2000-10-25 22:00:00,199.5,199.5,199.5,29991200,29991200,29991200
2000-10-26 22:00:00,198.0,198.0,198.0,29991200,29991200,29991200
2000-10-27 22:00:00,196.25,196.25,196.25,29991200,29991200,29991200
2000-10-30 22:00:00,196.0,196.0,196.0,29991200,29991200,29991200
2000-11-02 22:00:00,202.25,202.25,202.25,29991200,29991200,29991200
2000-11-06 22:00:00,209.5,209.5,209.5,29991200,29991200,29991200
2000-11-07 22:00:00,211.25,211.25,211.25,29991200,29991200,29991200
2000-11-08 22:00:00,213.5,213.5,213.5,29991200,29991200,29991200
2000-11-09 22:00:00,211.25,211.25,211.25,29991200,29991200,29991200
2000-11-13 22:00:00,208.75,208.75,208.75,29991200,29991200,29991200
2000-11-14 22:00:00,208.0,208.0,208.0,29991200,29991200,29991200
2000-11-15 22:00:00,208.5,208.5,208.5,29991200,29991200,29991200
2000-11-16 22:00:00,208.25,208.25,208.25,29991200,29991200,29991200
2000-11-17 22:00:00,209.25,209.25,209.25,29991200,29991200,29991200
2000-11-20 22:00:00,212.25,212.25,212.25,29991200,29991200,29991200
2000-11-21 22:00:00,210.25,210.25,210.25,29991200,29991200,29991200
2000-11-22 22:00:00,210.25,210.25,210.25,29991200,29991200,29991200
2000-11-24 22:00:00,210.75,210.75,210.75,29991200,29991200,29991200
2000-11-27 22:00:00,212.5,212.5,212.5,29991200,29991200,29991200
2000-11-28 22:00:00,209.75,209.75,209.75,29991200,29991200,29991200
2000-11-29 22:00:00,207.5,207.5,207.5,29991200,29991200,29991200
2000-11-30 22:00:00,205.0,205.0,205.0,29991200,29991200,29991200
2000-12-01 22:00:00,209.0,209.0,209.0,29991200,29991200,29991200
2000-12-04 22:00:00,210.0,210.0,210.0,29991200,29991200,29991200
2000-12-18 22:00:00,215.5,215.5,215.5,29991200,29991200,29991200
2000-12-21 22:00:00,218.0,218.0,218.0,29991200,29991200,29991200
2000-12-26 22:00:00,220.0,220.0,220.0,29991200,29991200,29991200
2000-12-27 22:00:00,220.25,220.25,220.25,29991200,29991200,29991200
2000-12-28 22:00:00,221.0,221.0,221.0,29991200,29991200,29991200
2000-12-29 22:00:00,222.5,222.5,222.5,29991200,29991200,29991200
2001-01-02 22:00:00,222.5,222.5,222.5,29991200,29991200,29991200
2001-01-16 22:00:00,218.5,218.5,218.5,29991200,29991200,29991200
2001-01-17 22:00:00,216.25,216.25,216.25,29991200,29991200,29991200
2001-01-18 22:00:00,218.75,218.75,218.75,29991200,29991200,29991200
2001-01-19 22:00:00,218.5,218.5,218.5,29991200,29991200,29991200
2001-01-22 22:00:00,214.5,214.5,214.5,29991200,29991200,29991200
2001-01-23 22:00:00,216.5,216.5,216.5,29991200,29991200,29991200
2001-01-24 22:00:00,214.25,214.25,214.25,29991200,29991200,29991200
2001-01-25 22:00:00,214.5,214.5,214.5,29991200,29991200,29991200
2001-01-26 22:00:00,214.0,214.0,214.0,29991200,29991200,29991200
2001-01-29 22:00:00,208.75,208.75,208.75,29991200,29991200,29991200
2001-01-30 22:00:00,208.75,208.75,208.75,29991200,29991200,29991200
2001-01-31 22:00:00,208.5,208.5,208.5,29991200,29991200,29991200
2001-02-01 22:00:00,208.5,208.5,208.5,29991200,29991200,29991200
2001-02-02 22:00:00,211.5,211.5,211.5,29991200,29991200,29991200
2001-02-05 22:00:00,213.0,213.0,213.0,29991200,29991200,29991200
2001-02-06 22:00:00,211.5,211.5,211.5,29991200,29991200,29991200
2001-02-07 22:00:00,214.0,214.0,214.0,29991200,29991200,29991200
2001-02-08 22:00:00,211.25,211.25,211.25,29991200,29991200,29991200
2001-02-09 22:00:00,210.25,210.25,210.25,29991200,29991200,29991200
2001-02-12 22:00:00,209.75,209.75,209.75,29991200,29991200,29991200
2001-02-14 22:00:00,210.25,210.25,210.25,29991200,29991200,29991200
2001-02-15 22:00:00,213.5,213.5,213.5,29991200,29991200,29991200
2001-02-16 22:00:00,213.0,213.0,213.0,29991200,29991200,29991200
2001-02-20 22:00:00,212.5,212.5,212.5,29991200,29991200,29991200
2001-02-21 22:00:00,212.0,212.0,212.0,29991200,29991200,29991200
2001-02-22 22:00:00,210.0,210.0,210.0,29991200,29991200,29991200
2001-02-26 22:00:00,209.75,209.75,209.75,29991200,29991200,29991200
2001-02-27 22:00:00,209.5,209.5,209.5,29991200,29991200,29991200
2001-02-28 22:00:00,211.25,211.25,211.25,29991200,29991200,29991200
2001-03-01 22:00:00,214.5,214.5,214.5,29991200,29991200,29991200
2001-03-02 22:00:00,217.0,217.0,217.0,29991200,29991200,29991200
2001-03-05 22:00:00,215.5,215.5,215.5,29991200,29991200,29991200
2001-03-07 22:00:00,215.75,215.75,215.75,29991200,29991200,29991200
2001-03-08 22:00:00,213.25,213.25,213.25,29991200,29991200,29991200
2001-03-09 22:00:00,213.5,213.5,213.5,29991200,29991200,29991200
2001-03-12 22:00:00,213.5,213.5,213.5,29991200,29991200,29991200
2001-03-13 22:00:00,215.5,215.5,215.5,29991200,29991200,29991200
2001-03-14 22:00:00,211.5,211.5,211.5,29991200,29991200,29991200
2001-03-15 22:00:00,216.0,216.0,216.0,29991200,29991200,29991200
2001-03-16 22:00:00,211.5,211.5,211.5,29991200,29991200,29991200
2001-03-19 22:00:00,208.75,208.75,208.75,29991200,29991200,29991200
2001-03-20 22:00:00,209.75,209.75,209.75,29991200,29991200,29991200
2001-03-21 22:00:00,211.75,211.75,211.75,29991200,29991200,29991200
2001-03-22 22:00:00,208.5,208.5,208.5,29991200,29991200,29991200
2001-03-23 22:00:00,206.0,206.0,206.0,29991200,29991200,29991200
2001-03-26 22:00:00,208.5,208.5,208.5,29991200,29991200,29991200
2001-03-27 22:00:00,210.25,210.25,210.25,29991200,29991200,29991200
2001-03-28 22:00:00,210.5,210.5,210.5,29991200,29991200,29991200
2001-03-29 22:00:00,209.5,209.5,209.5,29991200,29991200,29991200
2001-03-30 22:00:00,206.5,206.5,206.5,29991200,29991200,29991200
2001-04-02 22:00:00,209.25,209.25,209.25,29991200,29991200,29991200
2001-04-04 22:00:00,210.25,210.25,210.25,29991200,29991200,29991200
2001-04-05 22:00:00,212.75,212.75,212.75,29991200,29991200,29991200
2001-04-06 22:00:00,213.75,213.75,213.75,29991200,29991200,29991200
2001-04-09 22:00:00,212.25,212.25,212.25,29991200,29991200,29991200
2001-04-10 22:00:00,211.0,211.0,211.0,29991200,29991200,29991200
2001-04-11 22:00:00,209.25,209.25,209.25,29991200,29991200,29991200
2001-04-12 22:00:00,210.5,210.5,210.5,29991200,29991200,29991200
2001-04-16 22:00:00,213.5,213.5,213.5,29991200,29991200,29991200
2001-04-17 22:00:00,212.75,212.75,212.75,29991200,29991200,29991200
2001-04-18 22:00:00,209.75,209.75,209.75,29991200,29991200,29991200
2001-04-19 22:00:00,209.0,209.0,209.0,29991200,29991200,29991200
2001-04-20 22:00:00,204.25,204.25,204.25,29991200,29991200,29991200
2001-04-23 22:00:00,201.5,201.5,201.5,29991200,29991200,29991200
2001-04-24 22:00:00,198.0,198.0,198.0,29991200,29991200,29991200
2001-04-25 22:00:00,194.5,194.5,194.5,29991200,29991200,29991200
2001-04-26 22:00:00,197.0,197.0,197.0,29991200,29991200,29991200
2001-04-27 22:00:00,198.25,198.25,198.25,29991200,29991200,29991200
2001-04-30 22:00:00,195.0,195.0,195.0,29991200,29991200,29991200
2001-05-01 22:00:00,199.25,199.25,199.25,29991200,29991200,29991200
2001-05-02 22:00:00,199.5,199.5,199.5,29991200,29991200,29991200
2001-05-03 22:00:00,200.75,200.75,200.75,29991200,29991200,29991200
2001-05-04 22:00:00,200.5,200.5,200.5,29991200,29991200,29991200
2001-05-07 22:00:00,204.0,204.0,204.0,29991200,29991200,29991200
2001-05-08 22:00:00,200.75,200.75,200.75,29991200,29991200,29991200
2001-05-09 22:00:00,197.0,197.0,197.0,29991200,29991200,29991200
2001-05-10 22:00:00,197.75,197.75,197.75,29991200,29991200,29991200
2001-05-11 22:00:00,191.5,191.5,191.5,29991200,29991200,29991200
2001-05-14 22:00:00,191.5,191.5,191.5,29991200,29991200,29991200
2001-05-15 22:00:00,201.5,201.5,201.5,29991200,29991200,29991200
2001-05-16 22:00:00,201.25,201.25,201.25,29991200,29991200,29991200
2001-05-17 22:00:00,201.0,201.0,201.0,29991200,29991200,29991200
2001-05-18 22:00:00,201.5,201.5,201.5,29991200,29991200,29991200
2001-05-21 22:00:00,198.5,198.5,198.5,29991200,29991200,29991200
2001-05-22 22:00:00,194.0,194.0,194.0,29991200,29991200,29991200
2001-05-23 22:00:00,192.5,192.5,192.5,29991200,29991200,29991200
2001-05-24 22:00:00,193.0,193.0,193.0,29991200,29991200,29991200
2001-05-25 22:00:00,193.25,193.25,193.25,29991200,29991200,29991200
2001-05-29 22:00:00,190.75,190.75,190.75,29991200,29991200,29991200
2001-05-30 22:00:00,189.25,189.25,189.25,29991200,29991200,29991200
2001-05-31 22:00:00,190.25,190.25,190.25,29991200,29991200,29991200
2001-06-01 22:00:00,193.5,193.5,193.5,29991200,29991200,29991200
2001-06-04 22:00:00,196.5,196.5,196.5,29991200,29991200,29991200
2001-06-05 22:00:00,197.0,197.0,197.0,29991200,29991200,29991200
2001-06-06 22:00:00,194.5,194.5,194.5,29991200,29991200,29991200
2001-06-07 22:00:00,199.75,199.75,199.75,29991200,29991200,29991200
2001-06-08 22:00:00,197.5,197.5,197.5,29991200,29991200,29991200
2001-06-12 22:00:00,199.0,199.0,199.0,29991200,29991200,29991200
2001-06-13 22:00:00,198.0,198.0,198.0,29991200,29991200,29991200
2001-06-14 22:00:00,195.5,195.5,195.5,29991200,29991200,29991200
2001-06-15 22:00:00,193.75,193.75,193.75,29991200,29991200,29991200
2001-06-18 22:00:00,191.5,191.5,191.5,29991200,29991200,29991200
2001-06-19 22:00:00,191.5,191.5,191.5,29991200,29991200,29991200
2001-06-20 22:00:00,193.5,193.5,193.5,29991200,29991200,29991200
2001-06-21 22:00:00,197.75,197.75,197.75,29991200,29991200,29991200
2001-06-22 22:00:00,197.0,197.0,197.0,29991200,29991200,29991200
2001-06-25 22:00:00,194.25,194.25,194.25,29991200,29991200,29991200
2001-06-26 22:00:00,192.5,192.5,192.5,29991200,29991200,29991200
2001-06-27 22:00:00,194.5,194.5,194.5,29991200,29991200,29991200
2001-06-28 22:00:00,197.25,197.25,197.25,29991200,29991200,29991200
2001-06-29 22:00:00,197.25,197.25,197.25,29991200,29991200,29991200
2001-07-02 22:00:00,196.5,196.5,196.5,29991200,29991200,29991200
2001-07-03 22:00:00,198.5,198.5,198.5,29991200,29991200,29991200
2001-07-05 22:00:00,201.5,201.5,201.5,29991200,29991200,29991200
2001-07-06 22:00:00,206.0,206.0,206.0,29991200,29991200,29991200
2001-07-09 22:00:00,205.5,205.5,205.5,29991200,29991200,29991200
2001-07-10 22:00:00,213.0,213.0,213.0,29991200,29991200,29991200
2001-07-11 22:00:00,220.0,220.0,220.0,29991200,29991200,29991200
2001-07-12 22:00:00,225.5,225.5,225.5,29991200,29991200,29991200
2001-07-13 22:00:00,230.75,230.75,230.75,29991200,29991200,29991200
2001-07-16 22:00:00,219.25,219.25,219.25,29991200,29991200,29991200
2001-07-17 22:00:00,225.0,225.0,225.0,29991200,29991200,29991200
2001-07-18 22:00:00,216.0,216.0,216.0,29991200,29991200,29991200
2001-07-19 22:00:00,216.75,216.75,216.75,29991200,29991200,29991200
2001-07-20 22:00:00,214.5,214.5,214.5,29991200,29991200,29991200
2001-07-23 22:00:00,207.5,207.5,207.5,29991200,29991200,29991200
2001-07-24 22:00:00,213.25,213.25,213.25,29991200,29991200,29991200
2001-07-25 22:00:00,217.5,217.5,217.5,29991200,29991200,29991200
2001-07-26 22:00:00,221.0,221.0,221.0,29991200,29991200,29991200
2001-07-27 22:00:00,219.0,219.0,219.0,29991200,29991200,29991200
2001-07-30 22:00:00,218.5,218.5,218.5,29991200,29991200,29991200
2001-07-31 22:00:00,213.0,213.0,213.0,29991200,29991200,29991200
2001-08-01 22:00:00,219.0,219.0,219.0,29991200,29991200,29991200
2001-08-02 22:00:00,217.5,217.5,217.5,29991200,29991200,29991200
2001-08-03 22:00:00,214.5,214.5,214.5,29991200,29991200,29991200
2001-08-06 22:00:00,211.0,211.0,211.0,29991200,29991200,29991200
2001-08-07 22:00:00,216.5,216.5,216.5,29991200,29991200,29991200
2001-08-08 22:00:00,216.0,216.0,216.0,29991200,29991200,29991200
2001-08-09 22:00:00,218.0,218.0,218.0,29991200,29991200,29991200
2001-08-10 22:00:00,222.0,222.0,222.0,29991200,29991200,29991200
2001-08-13 22:00:00,222.0,222.0,222.0,29991200,29991200,29991200
2001-08-14 22:00:00,221.75,221.75,221.75,29991200,29991200,29991200
2001-08-15 22:00:00,222.5,222.5,222.5,29991200,29991200,29991200
2001-08-16 22:00:00,220.0,220.0,220.0,29991200,29991200,29991200
2001-08-17 22:00:00,216.5,216.5,216.5,29991200,29991200,29991200
2001-08-20 22:00:00,212.25,212.25,212.25,29991200,29991200,29991200
2001-08-21 22:00:00,215.5,215.5,215.5,29991200,29991200,29991200
2001-08-22 22:00:00,215.5,215.5,215.5,29991200,29991200,29991200
2001-08-23 22:00:00,215.0,215.0,215.0,29991200,29991200,29991200
2001-08-24 22:00:00,217.5,217.5,217.5,29991200,29991200,29991200
2001-08-27 22:00:00,214.25,214.25,214.25,29991200,29991200,29991200
2001-08-28 22:00:00,219.75,219.75,219.75,29991200,29991200,29991200
2001-08-29 22:00:00,216.0,216.0,216.0,29991200,29991200,29991200
2001-08-30 22:00:00,217.5,217.5,217.5,29991200,29991200,29991200
2001-08-31 22:00:00,217.25,217.25,217.25,29991200,29991200,29991200
2001-09-04 22:00:00,217.0,217.0,217.0,29991200,29991200,29991200
2001-09-05 22:00:00,219.0,219.0,219.0,29991200,29991200,29991200
2001-09-06 22:00:00,216.0,216.0,216.0,29991200,29991200,29991200
2001-09-07 22:00:00,214.25,214.25,214.25,29991200,29991200,29991200
2001-09-10 22:00:00,213.0,213.0,213.0,29991200,29991200,29991200
2001-09-11 22:00:00,214.5,214.5,214.5,29991200,29991200,29991200
2001-09-12 22:00:00,214.25,214.25,214.25,29991200,29991200,29991200
2001-09-14 22:00:00,219.5,219.5,219.5,29991200,29991200,29991200
2001-09-18 22:00:00,217.25,217.25,217.25,29991200,29991200,29991200
2001-09-19 22:00:00,214.25,214.25,214.25,29991200,29991200,29991200
2001-09-20 22:00:00,211.25,211.25,211.25,29991200,29991200,29991200
2001-09-21 22:00:00,214.0,214.0,214.0,29991200,29991200,29991200
2001-09-25 22:00:00,210.5,210.5,210.5,29991200,29991200,29991200
2001-09-26 22:00:00,210.75,210.75,210.75,29991200,29991200,29991200
2001-09-27 22:00:00,212.5,212.5,212.5,29991200,29991200,29991200
2001-09-28 22:00:00,211.75,211.75,211.75,29991200,29991200,29991200
2001-10-01 22:00:00,211.75,211.75,211.75,29991200,29991200,29991200
2001-10-02 22:00:00,205.75,205.75,205.75,29991200,29991200,29991200
2001-10-03 22:00:00,204.5,204.5,204.5,29991200,29991200,29991200
2001-10-04 22:00:00,206.0,206.0,206.0,29991200,29991200,29991200
2001-10-05 22:00:00,206.75,206.75,206.75,29991200,29991200,29991200
2001-10-08 22:00:00,209.5,209.5,209.5,29991200,29991200,29991200
2001-10-09 22:00:00,211.0,211.0,211.0,29991200,29991200,29991200
2001-10-10 22:00:00,208.5,208.5,208.5,29991200,29991200,29991200
2001-10-11 22:00:00,209.5,209.5,209.5,29991200,29991200,29991200
2001-10-12 22:00:00,208.25,208.25,208.25,29991200,29991200,29991200
2001-10-15 22:00:00,200.75,200.75,200.75,29991200,29991200,29991200
2001-10-17 22:00:00,201.75,201.75,201.75,29991200,29991200,29991200
2001-10-18 22:00:00,202.75,202.75,202.75,29991200,29991200,29991200
2001-10-19 22:00:00,200.5,200.5,200.5,29991200,29991200,29991200
2001-10-22 22:00:00,200.5,200.5,200.5,29991200,29991200,29991200
2001-10-23 22:00:00,199.0,199.0,199.0,29991200,29991200,29991200
2001-10-24 22:00:00,199.25,199.25,199.25,29991200,29991200,29991200
2001-10-26 22:00:00,202.0,202.0,202.0,29991200,29991200,29991200
2001-10-29 22:00:00,200.5,200.5,200.5,29991200,29991200,29991200
2001-10-30 22:00:00,198.5,198.5,198.5,29991200,29991200,29991200
2001-10-31 22:00:00,201.0,201.0,201.0,29991200,29991200,29991200
2001-11-01 22:00:00,200.75,200.75,200.75,29991200,29991200,29991200
2001-11-02 22:00:00,198.25,198.25,198.25,29991200,29991200,29991200
2001-11-05 22:00:00,198.5,198.5,198.5,29991200,29991200,29991200
2001-11-06 22:00:00,198.5,198.5,198.5,29991200,29991200,29991200
2001-11-07 22:00:00,198.75,198.75,198.75,29991200,29991200,29991200
2001-11-08 22:00:00,200.0,200.0,200.0,29991200,29991200,29991200
2001-11-09 22:00:00,204.5,204.5,204.5,29991200,29991200,29991200
2001-11-12 22:00:00,205.0,205.0,205.0,29991200,29991200,29991200
2001-11-13 22:00:00,204.0,204.0,204.0,29991200,29991200,29991200
2001-11-14 22:00:00,204.0,204.0,204.0,29991200,29991200,29991200
2001-11-15 22:00:00,207.0,207.0,207.0,29991200,29991200,29991200
2001-11-16 22:00:00,206.0,206.0,206.0,29991200,29991200,29991200
2001-11-19 22:00:00,208.75,208.75,208.75,29991200,29991200,29991200
2001-11-20 22:00:00,209.0,209.0,209.0,29991200,29991200,29991200
2001-11-21 22:00:00,209.5,209.5,209.5,29991200,29991200,29991200
2001-11-23 22:00:00,209.0,209.0,209.0,29991200,29991200,29991200
2001-11-26 22:00:00,208.0,208.0,208.0,29991200,29991200,29991200
2001-11-27 22:00:00,203.5,203.5,203.5,29991200,29991200,29991200
2001-11-28 22:00:00,203.75,203.75,203.75,29991200,29991200,29991200
2001-11-29 22:00:00,199.25,199.25,199.25,29991200,29991200,29991200
2001-11-30 22:00:00,202.0,202.0,202.0,29991200,29991200,29991200
2001-12-03 22:00:00,208.25,208.25,208.25,29991200,29991200,29991200
2001-12-04 22:00:00,210.5,210.5,210.5,29991200,29991200,29991200
2001-12-05 22:00:00,211.0,211.0,211.0,29991200,29991200,29991200
2001-12-06 22:00:00,209.75,209.75,209.75,29991200,29991200,29991200
2001-12-07 22:00:00,205.5,205.5,205.5,29991200,29991200,29991200
2001-12-10 22:00:00,208.25,208.25,208.25,29991200,29991200,29991200
2001-12-11 22:00:00,209.0,209.0,209.0,29991200,29991200,29991200
2001-12-12 22:00:00,206.75,206.75,206.75,29991200,29991200,29991200
2001-12-14 22:00:00,207.25,207.25,207.25,29991200,29991200,29991200
2001-12-17 22:00:00,208.0,208.0,208.0,29991200,29991200,29991200
2001-12-18 22:00:00,206.5,206.5,206.5,29991200,29991200,29991200
2001-12-19 22:00:00,206.75,206.75,206.75,29991200,29991200,29991200
2001-12-20 22:00:00,204.75,204.75,204.75,29991200,29991200,29991200
2001-12-21 22:00:00,203.5,203.5,203.5,29991200,29991200,29991200
2001-12-24 22:00:00,203.5,203.5,203.5,29991200,29991200,29991200
2001-12-26 22:00:00,199.75,199.75,199.75,29991200,29991200,29991200
2001-12-27 22:00:00,202.0,202.0,202.0,29991200,29991200,29991200
2001-12-28 22:00:00,200.75,200.75,200.75,29991200,29991200,29991200
2001-12-31 22:00:00,199.75,199.75,199.75,29991200,29991200,29991200
2002-01-02 22:00:00,199.5,199.5,199.5,29991200,29991200,29991200
2002-01-03 22:00:00,202.0,202.0,202.0,29991200,29991200,29991200
2002-01-04 22:00:00,202.5,202.5,202.5,29991200,29991200,29991200
2002-01-07 22:00:00,203.5,203.5,203.5,29991200,29991200,29991200
2002-01-08 22:00:00,204.0,204.0,204.0,29991200,29991200,29991200
2002-01-09 22:00:00,202.5,202.5,202.5,29991200,29991200,29991200
2002-01-10 22:00:00,201.5,201.5,201.5,29991200,29991200,29991200
2002-01-11 22:00:00,205.5,205.5,205.5,29991200,29991200,29991200
2002-01-14 22:00:00,205.5,205.5,205.5,29991200,29991200,29991200
2002-01-15 22:00:00,211.5,211.5,211.5,29991200,29991200,29991200
2002-01-16 22:00:00,213.0,213.0,213.0,29991200,29991200,29991200
2002-01-17 22:00:00,215.25,215.25,215.25,29991200,29991200,29991200
2002-01-18 22:00:00,213.5,213.5,213.5,29991200,29991200,29991200
2002-01-22 22:00:00,211.25,211.25,211.25,29991200,29991200,29991200
2002-01-23 22:00:00,209.75,209.75,209.75,29991200,29991200,29991200
2002-01-24 22:00:00,209.0,209.0,209.0,29991200,29991200,29991200
2002-01-25 22:00:00,210.25,210.25,210.25,29991200,29991200,29991200
2002-01-28 22:00:00,207.5,207.5,207.5,29991200,29991200,29991200
2002-01-29 22:00:00,207.5,207.5,207.5,29991200,29991200,29991200
2002-01-30 22:00:00,205.5,205.5,205.5,29991200,29991200,29991200
2002-01-31 22:00:00,206.5,206.5,206.5,29991200,29991200,29991200
2002-02-01 22:00:00,205.5,205.5,205.5,29991200,29991200,29991200
2002-02-04 22:00:00,206.0,206.0,206.0,29991200,29991200,29991200
2002-02-05 22:00:00,206.0,206.0,206.0,29991200,29991200,29991200
2002-02-06 22:00:00,206.5,206.5,206.5,29991200,29991200,29991200
2002-02-07 22:00:00,204.25,204.25,204.25,29991200,29991200,29991200
2002-02-08 22:00:00,205.0,205.0,205.0,29991200,29991200,29991200
2002-02-11 22:00:00,205.25,205.25,205.25,29991200,29991200,29991200
2002-02-12 22:00:00,205.25,205.25,205.25,29991200,29991200,29991200
2002-02-13 22:00:00,206.0,206.0,206.0,29991200,29991200,29991200
2002-02-14 22:00:00,209.25,209.25,209.25,29991200,29991200,29991200
2002-02-15 22:00:00,206.75,206.75,206.75,29991200,29991200,29991200
2002-02-19 22:00:00,205.5,205.5,205.5,29991200,29991200,29991200
2002-02-20 22:00:00,206.75,206.75,206.75,29991200,29991200,29991200
2002-02-21 22:00:00,207.5,207.5,207.5,29991200,29991200,29991200
2002-02-22 22:00:00,207.5,207.5,207.5,29991200,29991200,29991200
2002-02-25 22:00:00,204.75,204.75,204.75,29991200,29991200,29991200
2002-02-26 22:00:00,202.5,202.5,202.5,29991200,29991200,29991200
2002-02-27 22:00:00,200.0,200.0,200.0,29991200,29991200,29991200
2002-02-28 22:00:00,200.0,200.0,200.0,29991200,29991200,29991200
2002-03-01 22:00:00,199.5,199.5,199.5,29991200,29991200,29991200
2002-03-04 22:00:00,200.5,200.5,200.5,29991200,29991200,29991200
2002-03-05 22:00:00,199.25,199.25,199.25,29991200,29991200,29991200
2002-03-06 22:00:00,202.5,202.5,202.5,29991200,29991200,29991200
2002-03-07 22:00:00,201.5,201.5,201.5,29991200,29991200,29991200
2002-03-08 22:00:00,200.75,200.75,200.75,29991200,29991200,29991200
2002-03-11 22:00:00,202.0,202.0,202.0,29991200,29991200,29991200
2002-03-12 22:00:00,204.0,204.0,204.0,29991200,29991200,29991200
2002-03-13 22:00:00,204.75,204.75,204.75,29991200,29991200,29991200
2002-03-14 22:00:00,203.0,203.0,203.0,29991200,29991200,29991200
2002-03-15 22:00:00,207.0,207.0,207.0,29991200,29991200,29991200
2002-03-18 22:00:00,205.25,205.25,205.25,29991200,29991200,29991200
2002-03-19 22:00:00,205.5,205.5,205.5,29991200,29991200,29991200
2002-03-20 22:00:00,206.75,206.75,206.75,29991200,29991200,29991200
2002-03-21 22:00:00,206.0,206.0,206.0,29991200,29991200,29991200
2002-03-22 22:00:00,206.25,206.25,206.25,29991200,29991200,29991200
2002-03-25 22:00:00,204.75,204.75,204.75,29991200,29991200,29991200
2002-03-26 22:00:00,205.0,205.0,205.0,29991200,29991200,29991200
2002-03-27 22:00:00,204.5,204.5,204.5,29991200,29991200,29991200
2002-03-28 22:00:00,207.0,207.0,207.0,29991200,29991200,29991200
2002-04-01 22:00:00,202.5,202.5,202.5,29991200,29991200,29991200
2002-04-02 22:00:00,204.25,204.25,204.25,29991200,29991200,29991200
2002-04-03 22:00:00,204.0,204.0,204.0,29991200,29991200,29991200
2002-04-04 22:00:00,201.25,201.25,201.25,29991200,29991200,29991200
2002-04-05 22:00:00,201.5,201.5,201.5,29991200,29991200,29991200
2002-04-08 22:00:00,200.75,200.75,200.75,29991200,29991200,29991200
2002-04-09 22:00:00,202.0,202.0,202.0,29991200,29991200,29991200
2002-04-10 22:00:00,201.25,201.25,201.25,29991200,29991200,29991200
2002-04-11 22:00:00,198.75,198.75,198.75,29991200,29991200,29991200
2002-04-12 22:00:00,197.75,197.75,197.75,29991200,29991200,29991200
2002-04-15 22:00:00,196.0,196.0,196.0,29991200,29991200,29991200
2002-04-16 22:00:00,197.75,197.75,197.75,29991200,29991200,29991200
2002-04-17 22:00:00,199.75,199.75,199.75,29991200,29991200,29991200
2002-04-18 22:00:00,198.25,198.25,198.25,29991200,29991200,29991200
2002-04-19 22:00:00,197.25,197.25,197.25,29991200,29991200,29991200
2002-04-22 22:00:00,198.75,198.75,198.75,29991200,29991200,29991200
2002-04-23 22:00:00,198.75,198.75,198.75,29991200,29991200,29991200
2002-04-24 22:00:00,197.75,197.75,197.75,29991200,29991200,29991200
2002-04-25 22:00:00,197.0,197.0,197.0,29991200,29991200,29991200
2002-04-26 22:00:00,196.25,196.25,196.25,29991200,29991200,29991200
2002-04-29 22:00:00,192.5,192.5,192.5,29991200,29991200,29991200
2002-04-30 22:00:00,193.5,193.5,193.5,29991200,29991200,29991200
2002-05-01 22:00:00,196.5,196.5,196.5,29991200,29991200,29991200
2002-05-02 22:00:00,194.5,194.5,194.5,29991200,29991200,29991200
2002-05-03 22:00:00,194.75,194.75,194.75,29991200,29991200,29991200
2002-05-06 22:00:00,194.0,194.0,194.0,29991200,29991200,29991200
2002-05-07 22:00:00,199.0,199.0,199.0,29991200,29991200,29991200
2002-05-08 22:00:00,198.5,198.5,198.5,29991200,29991200,29991200
2002-05-09 22:00:00,200.25,200.25,200.25,29991200,29991200,29991200
2002-05-10 22:00:00,201.25,201.25,201.25,29991200,29991200,29991200
2002-05-13 22:00:00,209.75,209.75,209.75,29991200,29991200,29991200
2002-05-14 22:00:00,209.0,209.0,209.0,29991200,29991200,29991200
2002-05-15 22:00:00,216.25,216.25,216.25,29991200,29991200,29991200
2002-05-16 22:00:00,213.25,213.25,213.25,29991200,29991200,29991200
2002-05-17 22:00:00,209.0,209.0,209.0,29991200,29991200,29991200
2002-05-20 22:00:00,211.5,211.5,211.5,29991200,29991200,29991200
2002-05-21 22:00:00,210.75,210.75,210.75,29991200,29991200,29991200
2002-05-22 22:00:00,207.5,207.5,207.5,29991200,29991200,29991200
2002-05-23 22:00:00,207.75,207.75,207.75,29991200,29991200,29991200
2002-05-24 22:00:00,207.0,207.0,207.0,29991200,29991200,29991200
2002-05-28 22:00:00,207.5,207.5,207.5,29991200,29991200,29991200
2002-05-29 22:00:00,211.5,211.5,211.5,29991200,29991200,29991200
2002-05-30 22:00:00,212.5,212.5,212.5,29991200,29991200,29991200
2002-05-31 22:00:00,214.0,214.0,214.0,29991200,29991200,29991200
2002-06-03 22:00:00,209.5,209.5,209.5,29991200,29991200,29991200
2002-06-04 22:00:00,210.5,210.5,210.5,29991200,29991200,29991200
2002-06-05 22:00:00,210.25,210.25,210.25,29991200,29991200,29991200
2002-06-06 22:00:00,209.0,209.0,209.0,29991200,29991200,29991200
2002-06-07 22:00:00,206.75,206.75,206.75,29991200,29991200,29991200
2002-06-10 22:00:00,206.75,206.75,206.75,29991200,29991200,29991200
2002-06-11 22:00:00,204.25,204.25,204.25,29991200,29991200,29991200
2002-06-12 22:00:00,206.75,206.75,206.75,29991200,29991200,29991200
2002-06-13 22:00:00,211.75,211.75,211.75,29991200,29991200,29991200
2002-06-14 22:00:00,209.25,209.25,209.25,29991200,29991200,29991200
2002-06-17 22:00:00,208.0,208.0,208.0,29991200,29991200,29991200
2002-06-18 22:00:00,206.75,206.75,206.75,29991200,29991200,29991200
2002-06-19 22:00:00,208.75,208.75,208.75,29991200,29991200,29991200
2002-06-20 22:00:00,210.0,210.0,210.0,29991200,29991200,29991200
2002-06-21 22:00:00,210.25,210.25,210.25,29991200,29991200,29991200
2002-06-24 22:00:00,218.0,218.0,218.0,29991200,29991200,29991200
2002-06-25 22:00:00,219.75,219.75,219.75,29991200,29991200,29991200
2002-06-26 22:00:00,221.5,221.5,221.5,29991200,29991200,29991200
2002-06-27 22:00:00,226.0,226.0,226.0,29991200,29991200,29991200
2002-06-28 22:00:00,225.5,225.5,225.5,29991200,29991200,29991200
2002-07-01 22:00:00,232.75,232.75,232.75,29991200,29991200,29991200
2002-07-02 22:00:00,227.75,227.75,227.75,29991200,29991200,29991200
2002-07-03 22:00:00,224.5,224.5,224.5,29991200,29991200,29991200
2002-07-05 22:00:00,229.5,229.5,229.5,29991200,29991200,29991200
2002-07-08 22:00:00,223.25,223.25,223.25,29991200,29991200,29991200
2002-07-09 22:00:00,226.25,226.25,226.25,29991200,29991200,29991200
2002-07-10 22:00:00,222.0,222.0,222.0,29991200,29991200,29991200
2002-07-11 22:00:00,216.0,216.0,216.0,29991200,29991200,29991200
2002-07-12 22:00:00,214.25,214.25,214.25,29991200,29991200,29991200
2002-07-15 22:00:00,227.25,227.25,227.25,29991200,29991200,29991200
2002-07-16 22:00:00,234.75,234.75,234.75,29991200,29991200,29991200
2002-07-17 22:00:00,231.5,231.5,231.5,29991200,29991200,29991200
2002-07-18 22:00:00,232.75,232.75,232.75,29991200,29991200,29991200
2002-07-19 22:00:00,234.75,234.75,234.75,29991200,29991200,29991200
2002-07-22 22:00:00,246.0,246.0,246.0,29991200,29991200,29991200
2002-07-23 22:00:00,241.5,241.5,241.5,29991200,29991200,29991200
2002-07-24 22:00:00,249.25,249.25,249.25,29991200,29991200,29991200
2002-07-25 22:00:00,244.25,244.25,244.25,29991200,29991200,29991200
2002-07-26 22:00:00,243.0,243.0,243.0,29991200,29991200,29991200
2002-07-29 22:00:00,231.0,231.0,231.0,29991200,29991200,29991200
2002-07-30 22:00:00,236.0,236.0,236.0,29991200,29991200,29991200
2002-07-31 22:00:00,247.25,247.25,247.25,29991200,29991200,29991200
2002-08-01 22:00:00,249.25,249.25,249.25,29991200,29991200,29991200
2002-08-02 22:00:00,252.75,252.75,252.75,29991200,29991200,29991200
2002-08-05 22:00:00,253.5,253.5,253.5,29991200,29991200,29991200
2002-08-06 22:00:00,251.25,251.25,251.25,29991200,29991200,29991200
2002-08-07 22:00:00,249.0,249.0,249.0,29991200,29991200,29991200
2002-08-08 22:00:00,246.25,246.25,246.25,29991200,29991200,29991200
2002-08-09 22:00:00,250.25,250.25,250.25,29991200,29991200,29991200
2002-08-12 22:00:00,260.75,260.75,260.75,29991200,29991200,29991200
2002-08-13 22:00:00,267.75,267.75,267.75,29991200,29991200,29991200
2002-08-14 22:00:00,273.0,273.0,273.0,29991200,29991200,29991200
2002-08-15 22:00:00,272.25,272.25,272.25,29991200,29991200,29991200
2002-08-16 22:00:00,270.75,270.75,270.75,29991200,29991200,29991200
2002-08-19 22:00:00,266.0,266.0,266.0,29991200,29991200,29991200
2002-08-20 22:00:00,259.5,259.5,259.5,29991200,29991200,29991200
2002-08-21 22:00:00,261.25,261.25,261.25,29991200,29991200,29991200
2002-08-22 22:00:00,260.5,260.5,260.5,29991200,29991200,29991200
2002-08-23 22:00:00,262.5,262.5,262.5,29991200,29991200,29991200
2002-08-26 22:00:00,263.25,263.25,263.25,29991200,29991200,29991200
2002-08-27 22:00:00,261.25,261.25,261.25,29991200,29991200,29991200
2002-08-28 22:00:00,259.5,259.5,259.5,29991200,29991200,29991200
2002-08-29 22:00:00,256.5,256.5,256.5,29991200,29991200,29991200
2002-08-30 22:00:00,259.5,259.5,259.5,29991200,29991200,29991200
2002-09-03 22:00:00,265.75,265.75,265.75,29991200,29991200,29991200
2002-09-04 22:00:00,270.5,270.5,270.5,29991200,29991200,29991200
2002-09-05 22:00:00,272.0,272.0,272.0,29991200,29991200,29991200
2002-09-06 22:00:00,273.0,273.0,273.0,29991200,29991200,29991200
2002-09-09 22:00:00,278.75,278.75,278.75,29991200,29991200,29991200
2002-09-10 22:00:00,275.25,275.25,275.25,29991200,29991200,29991200
2002-09-11 22:00:00,281.0,281.0,281.0,29991200,29991200,29991200
2002-09-12 22:00:00,274.25,274.25,274.25,29991200,29991200,29991200
2002-09-13 22:00:00,266.5,266.5,266.5,29991200,29991200,29991200
2002-09-16 22:00:00,278.0,278.0,278.0,29991200,29991200,29991200
2002-09-17 22:00:00,276.5,276.5,276.5,29991200,29991200,29991200
2002-09-18 22:00:00,272.5,272.5,272.5,29991200,29991200,29991200
2002-09-19 22:00:00,266.75,266.75,266.75,29991200,29991200,29991200
2002-09-20 22:00:00,260.75,260.75,260.75,29991200,29991200,29991200
2002-09-23 22:00:00,254.25,254.25,254.25,29991200,29991200,29991200
2002-09-24 22:00:00,259.5,259.5,259.5,29991200,29991200,29991200
2002-09-25 22:00:00,258.5,258.5,258.5,29991200,29991200,29991200
2002-09-26 22:00:00,260.5,260.5,260.5,29991200,29991200,29991200
2002-09-27 22:00:00,258.75,258.75,258.75,29991200,29991200,29991200
2002-09-30 22:00:00,251.5,251.5,251.5,29991200,29991200,29991200
2002-10-01 22:00:00,255.75,255.75,255.75,29991200,29991200,29991200
2002-10-02 22:00:00,257.0,257.0,257.0,29991200,29991200,29991200
2002-10-03 22:00:00,254.5,254.5,254.5,29991200,29991200,29991200
2002-10-04 22:00:00,257.75,257.75,257.75,29991200,29991200,29991200
2002-10-07 22:00:00,260.0,260.0,260.0,29991200,29991200,29991200
2002-10-08 22:00:00,257.5,257.5,257.5,29991200,29991200,29991200
2002-10-09 22:00:00,256.0,256.0,256.0,29991200,29991200,29991200
2002-10-10 22:00:00,251.5,251.5,251.5,29991200,29991200,29991200
2002-10-11 22:00:00,246.75,246.75,246.75,29991200,29991200,29991200
2002-10-14 22:00:00,245.5,245.5,245.5,29991200,29991200,29991200
2002-10-15 22:00:00,254.0,254.0,254.0,29991200,29991200,29991200
2002-10-16 22:00:00,253.25,253.25,253.25,29991200,29991200,29991200
2002-10-17 22:00:00,255.5,255.5,255.5,29991200,29991200,29991200
2002-10-18 22:00:00,254.25,254.25,254.25,29991200,29991200,29991200
2002-10-21 22:00:00,254.25,254.25,254.25,29991200,29991200,29991200
2002-10-22 22:00:00,251.5,251.5,251.5,29991200,29991200,29991200
2002-10-23 22:00:00,250.25,250.25,250.25,29991200,29991200,29991200
2002-10-24 22:00:00,250.25,250.25,250.25,29991200,29991200,29991200
2002-10-25 22:00:00,250.25,250.25,250.25,29991200,29991200,29991200
2002-10-28 22:00:00,247.5,247.5,247.5,29991200,29991200,29991200
2002-10-29 22:00:00,249.0,249.0,249.0,29991200,29991200,29991200
2002-10-30 22:00:00,246.0,246.0,246.0,29991200,29991200,29991200
2002-10-31 22:00:00,247.5,247.5,247.5,29991200,29991200,29991200
2002-11-01 22:00:00,247.5,247.5,247.5,29991200,29991200,29991200
2002-11-04 22:00:00,244.25,244.25,244.25,29991200,29991200,29991200
2002-11-05 22:00:00,242.0,242.0,242.0,29991200,29991200,29991200
2002-11-06 22:00:00,243.0,243.0,243.0,29991200,29991200,29991200
2002-11-07 22:00:00,241.0,241.0,241.0,29991200,29991200,29991200
2002-11-08 22:00:00,235.75,235.75,235.75,29991200,29991200,29991200
2002-11-11 22:00:00,235.75,235.75,235.75,29991200,29991200,29991200
2002-11-12 22:00:00,238.25,238.25,238.25,29991200,29991200,29991200
2002-11-13 22:00:00,240.5,240.5,240.5,29991200,29991200,29991200
2002-11-14 22:00:00,244.0,244.0,244.0,29991200,29991200,29991200
2002-11-15 22:00:00,242.0,242.0,242.0,29991200,29991200,29991200
2002-11-18 22:00:00,243.75,243.75,243.75,29991200,29991200,29991200
2002-11-19 22:00:00,247.5,247.5,247.5,29991200,29991200,29991200
2002-11-20 22:00:00,248.0,248.0,248.0,29991200,29991200,29991200
2002-11-21 22:00:00,246.5,246.5,246.5,29991200,29991200,29991200
2002-11-22 22:00:00,247.75,247.75,247.75,29991200,29991200,29991200
2002-11-25 22:00:00,243.25,243.25,243.25,29991200,29991200,29991200
2002-11-26 22:00:00,242.25,242.25,242.25,29991200,29991200,29991200
2002-11-27 22:00:00,240.75,240.75,240.75,29991200,29991200,29991200
2002-11-29 22:00:00,240.25,240.25,240.25,29991200,29991200,29991200
2002-12-02 22:00:00,240.25,240.25,240.25,29991200,29991200,29991200
2002-12-03 22:00:00,237.75,237.75,237.75,29991200,29991200,29991200
2002-12-04 22:00:00,237.75,237.75,237.75,29991200,29991200,29991200
2002-12-05 22:00:00,234.0,234.0,234.0,29991200,29991200,29991200
2002-12-06 22:00:00,233.25,233.25,233.25,29991200,29991200,29991200
2002-12-09 22:00:00,232.0,232.0,232.0,29991200,29991200,29991200
2002-12-10 22:00:00,234.5,234.5,234.5,29991200,29991200,29991200
2002-12-11 22:00:00,237.75,237.75,237.75,29991200,29991200,29991200
2002-12-12 22:00:00,236.0,236.0,236.0,29991200,29991200,29991200
2002-12-13 22:00:00,236.5,236.5,236.5,29991200,29991200,29991200
2002-12-16 22:00:00,238.75,238.75,238.75,29991200,29991200,29991200
2002-12-17 22:00:00,238.25,238.25,238.25,29991200,29991200,29991200
2002-12-18 22:00:00,240.0,240.0,240.0,29991200,29991200,29991200
2002-12-19 22:00:00,239.75,239.75,239.75,29991200,29991200,29991200
2002-12-20 22:00:00,239.25,239.25,239.25,29991200,29991200,29991200
2002-12-23 22:00:00,242.75,242.75,242.75,29991200,29991200,29991200
2002-12-24 22:00:00,242.75,242.75,242.75,29991200,29991200,29991200
2002-12-26 22:00:00,242.75,242.75,242.75,29991200,29991200,29991200
2002-12-27 22:00:00,239.75,239.75,239.75,29991200,29991200,29991200
2002-12-30 22:00:00,235.75,235.75,235.75,29991200,29991200,29991200
2002-12-31 22:00:00,235.75,235.75,235.75,29991200,29991200,29991200
2003-01-02 22:00:00,237.0,237.0,237.0,29991200,29991200,29991200
2003-01-03 22:00:00,236.0,236.0,236.0,29991200,29991200,29991200
2003-01-06 22:00:00,235.75,235.75,235.75,29991200,29991200,29991200
2003-01-07 22:00:00,240.0,240.0,240.0,29991200,29991200,29991200
2003-01-08 22:00:00,245.25,245.25,245.25,29991200,29991200,29991200
2003-01-09 22:00:00,243.5,243.5,243.5,29991200,29991200,29991200
2003-01-10 22:00:00,234.75,234.75,234.75,29991200,29991200,29991200
2003-01-13 22:00:00,230.5,230.5,230.5,29991200,29991200,29991200
2003-01-14 22:00:00,231.25,231.25,231.25,29991200,29991200,29991200
2003-01-15 22:00:00,231.25,231.25,231.25,29991200,29991200,29991200
2003-01-16 22:00:00,230.75,230.75,230.75,29991200,29991200,29991200
2003-01-17 22:00:00,232.5,232.5,232.5,29991200,29991200,29991200
2003-01-21 22:00:00,233.75,233.75,233.75,29991200,29991200,29991200
2003-01-22 22:00:00,234.75,234.75,234.75,29991200,29991200,29991200
2003-01-23 22:00:00,235.5,235.5,235.5,29991200,29991200,29991200
2003-01-24 22:00:00,235.5,235.5,235.5,29991200,29991200,29991200
2003-01-27 22:00:00,235.0,235.0,235.0,29991200,29991200,29991200
2003-01-28 22:00:00,238.5,238.5,238.5,29991200,29991200,29991200
2003-01-29 22:00:00,235.5,235.5,235.5,29991200,29991200,29991200
2003-01-30 22:00:00,237.0,237.0,237.0,29991200,29991200,29991200
2003-01-31 22:00:00,238.25,238.25,238.25,29991200,29991200,29991200
2003-02-03 22:00:00,236.75,236.75,236.75,29991200,29991200,29991200
2003-02-04 22:00:00,237.75,237.75,237.75,29991200,29991200,29991200
2003-02-05 22:00:00,236.75,236.75,236.75,29991200,29991200,29991200
2003-02-06 22:00:00,239.0,239.0,239.0,29991200,29991200,29991200
2003-02-07 22:00:00,239.75,239.75,239.75,29991200,29991200,29991200
2003-02-10 22:00:00,241.5,241.5,241.5,29991200,29991200,29991200
2003-02-11 22:00:00,241.5,241.5,241.5,29991200,29991200,29991200
2003-02-12 22:00:00,239.25,239.25,239.25,29991200,29991200,29991200
2003-02-13 22:00:00,239.75,239.75,239.75,29991200,29991200,29991200
2003-02-14 22:00:00,240.25,240.25,240.25,29991200,29991200,29991200
2003-02-18 22:00:00,238.25,238.25,238.25,29991200,29991200,29991200
2003-02-19 22:00:00,235.25,235.25,235.25,29991200,29991200,29991200
2003-02-20 22:00:00,235.5,235.5,235.5,29991200,29991200,29991200
2003-02-21 22:00:00,231.75,231.75,231.75,29991200,29991200,29991200
2003-02-24 22:00:00,230.75,230.75,230.75,29991200,29991200,29991200
2003-02-25 22:00:00,232.0,232.0,232.0,29991200,29991200,29991200
2003-02-26 22:00:00,231.75,231.75,231.75,29991200,29991200,29991200
2003-02-27 22:00:00,230.25,230.25,230.25,29991200,29991200,29991200
2003-02-28 22:00:00,231.75,231.75,231.75,29991200,29991200,29991200
2003-03-03 22:00:00,233.5,233.5,233.5,29991200,29991200,29991200
2003-03-04 22:00:00,236.0,236.0,236.0,29991200,29991200,29991200
2003-03-05 22:00:00,236.75,236.75,236.75,29991200,29991200,29991200
2003-03-06 22:00:00,239.75,239.75,239.75,29991200,29991200,29991200
2003-03-07 22:00:00,239.75,239.75,239.75,29991200,29991200,29991200
2003-03-10 22:00:00,237.25,237.25,237.25,29991200,29991200,29991200
2003-03-11 22:00:00,237.25,237.25,237.25,29991200,29991200,29991200
2003-03-12 22:00:00,237.5,237.5,237.5,29991200,29991200,29991200
2003-03-13 22:00:00,235.25,235.25,235.25,29991200,29991200,29991200
2003-03-14 22:00:00,230.0,230.0,230.0,29991200,29991200,29991200
2003-03-17 22:00:00,229.75,229.75,229.75,29991200,29991200,29991200
2003-03-18 22:00:00,229.75,229.75,229.75,29991200,29991200,29991200
2003-03-19 22:00:00,231.5,231.5,231.5,29991200,29991200,29991200
2003-03-20 22:00:00,233.75,233.75,233.75,29991200,29991200,29991200
2003-03-21 22:00:00,231.5,231.5,231.5,29991200,29991200,29991200
2003-03-24 22:00:00,229.0,229.0,229.0,29991200,29991200,29991200
2003-03-25 22:00:00,228.25,228.25,228.25,29991200,29991200,29991200
2003-03-26 22:00:00,228.0,228.0,228.0,29991200,29991200,29991200
2003-03-27 22:00:00,228.75,228.75,228.75,29991200,29991200,29991200
2003-03-28 22:00:00,227.75,227.75,227.75,29991200,29991200,29991200
2003-03-31 22:00:00,236.5,236.5,236.5,29991200,29991200,29991200
2003-04-01 22:00:00,239.5,239.5,239.5,29991200,29991200,29991200
2003-04-02 22:00:00,240.25,240.25,240.25,29991200,29991200,29991200
2003-04-03 22:00:00,238.75,238.75,238.75,29991200,29991200,29991200
2003-04-04 22:00:00,239.0,239.0,239.0,29991200,29991200,29991200
2003-04-07 22:00:00,243.25,243.25,243.25,29991200,29991200,29991200
2003-04-08 22:00:00,242.75,242.75,242.75,29991200,29991200,29991200
2003-04-09 22:00:00,242.0,242.0,242.0,29991200,29991200,29991200
2003-04-10 22:00:00,238.75,238.75,238.75,29991200,29991200,29991200
2003-04-11 22:00:00,239.25,239.25,239.25,29991200,29991200,29991200
2003-04-14 22:00:00,239.25,239.25,239.25,29991200,29991200,29991200
2003-04-15 22:00:00,241.75,241.75,241.75,29991200,29991200,29991200
2003-04-16 22:00:00,239.25,239.25,239.25,29991200,29991200,29991200
2003-04-17 22:00:00,240.75,240.75,240.75,29991200,29991200,29991200
2003-04-21 22:00:00,238.75,238.75,238.75,29991200,29991200,29991200
2003-04-22 22:00:00,238.75,238.75,238.75,29991200,29991200,29991200
2003-04-23 22:00:00,238.75,238.75,238.75,29991200,29991200,29991200
2003-04-24 22:00:00,237.25,237.25,237.25,29991200,29991200,29991200
2003-04-25 22:00:00,234.75,234.75,234.75,29991200,29991200,29991200
2003-04-28 22:00:00,231.75,231.75,231.75,29991200,29991200,29991200
2003-04-29 22:00:00,231.75,231.75,231.75,29991200,29991200,29991200
2003-04-30 22:00:00,232.75,232.75,232.75,29991200,29991200,29991200
2003-05-01 22:00:00,233.25,233.25,233.25,29991200,29991200,29991200
2003-05-02 22:00:00,234.75,234.75,234.75,29991200,29991200,29991200
2003-05-05 22:00:00,239.0,239.0,239.0,29991200,29991200,29991200
2003-05-06 22:00:00,240.5,240.5,240.5,29991200,29991200,29991200
2003-05-07 22:00:00,245.75,245.75,245.75,29991200,29991200,29991200
2003-05-08 22:00:00,245.75,245.75,245.75,29991200,29991200,29991200
2003-05-09 22:00:00,254.75,254.75,254.75,29991200,29991200,29991200
2003-05-12 22:00:00,252.75,252.75,252.75,29991200,29991200,29991200
2003-05-13 22:00:00,252.75,252.75,252.75,29991200,29991200,29991200
2003-05-14 22:00:00,252.5,252.5,252.5,29991200,29991200,29991200
2003-05-15 22:00:00,255.75,255.75,255.75,29991200,29991200,29991200
2003-05-16 22:00:00,254.25,254.25,254.25,29991200,29991200,29991200
2003-05-19 22:00:00,246.75,246.75,246.75,29991200,29991200,29991200
2003-05-20 22:00:00,246.75,246.75,246.75,29991200,29991200,29991200
2003-05-21 22:00:00,245.5,245.5,245.5,29991200,29991200,29991200
2003-05-22 22:00:00,243.75,243.75,243.75,29991200,29991200,29991200
2003-05-23 22:00:00,243.75,243.75,243.75,29991200,29991200,29991200
2003-05-27 22:00:00,242.0,242.0,242.0,29991200,29991200,29991200
2003-05-28 22:00:00,241.25,241.25,241.25,29991200,29991200,29991200
2003-05-29 22:00:00,245.0,245.0,245.0,29991200,29991200,29991200
2003-05-30 22:00:00,244.25,244.25,244.25,29991200,29991200,29991200
2003-06-02 22:00:00,241.5,241.5,241.5,29991200,29991200,29991200
2003-06-03 22:00:00,240.0,240.0,240.0,29991200,29991200,29991200
2003-06-04 22:00:00,237.5,237.5,237.5,29991200,29991200,29991200
2003-06-05 22:00:00,235.75,235.75,235.75,29991200,29991200,29991200
2003-06-06 22:00:00,238.75,238.75,238.75,29991200,29991200,29991200
2003-06-09 22:00:00,236.25,236.25,236.25,29991200,29991200,29991200
2003-06-10 22:00:00,239.25,239.25,239.25,29991200,29991200,29991200
2003-06-11 22:00:00,244.0,244.0,244.0,29991200,29991200,29991200
2003-06-12 22:00:00,247.0,247.0,247.0,29991200,29991200,29991200
2003-06-13 22:00:00,241.75,241.75,241.75,29991200,29991200,29991200
2003-06-16 22:00:00,240.5,240.5,240.5,29991200,29991200,29991200
2003-06-17 22:00:00,242.0,242.0,242.0,29991200,29991200,29991200
2003-06-18 22:00:00,244.25,244.25,244.25,29991200,29991200,29991200
2003-06-19 22:00:00,244.5,244.5,244.5,29991200,29991200,29991200
2003-06-20 22:00:00,242.75,242.75,242.75,29991200,29991200,29991200
2003-06-23 22:00:00,239.5,239.5,239.5,29991200,29991200,29991200
2003-06-24 22:00:00,239.25,239.25,239.25,29991200,29991200,29991200
2003-06-25 22:00:00,238.75,238.75,238.75,29991200,29991200,29991200
2003-06-26 22:00:00,233.0,233.0,233.0,29991200,29991200,29991200
2003-06-27 22:00:00,233.5,233.5,233.5,29991200,29991200,29991200
2003-06-30 22:00:00,228.5,228.5,228.5,29991200,29991200,29991200
2003-07-01 22:00:00,229.5,229.5,229.5,29991200,29991200,29991200
2003-07-02 22:00:00,228.75,228.75,228.75,29991200,29991200,29991200
2003-07-03 22:00:00,228.75,228.75,228.75,29991200,29991200,29991200
2003-07-07 22:00:00,227.0,227.0,227.0,29991200,29991200,29991200
2003-07-08 22:00:00,230.0,230.0,230.0,29991200,29991200,29991200
2003-07-09 22:00:00,227.25,227.25,227.25,29991200,29991200,29991200
2003-07-10 22:00:00,224.0,224.0,224.0,29991200,29991200,29991200
2003-07-11 22:00:00,224.0,224.0,224.0,29991200,29991200,29991200
2003-07-14 22:00:00,223.0,223.0,223.0,29991200,29991200,29991200
2003-07-15 22:00:00,208.5,208.5,208.5,29991200,29991200,29991200
2003-07-16 22:00:00,208.0,208.0,208.0,29991200,29991200,29991200
2003-07-17 22:00:00,207.25,207.25,207.25,29991200,29991200,29991200
2003-07-18 22:00:00,206.0,206.0,206.0,29991200,29991200,29991200
2003-07-21 22:00:00,208.25,208.25,208.25,29991200,29991200,29991200
2003-07-22 22:00:00,208.5,208.5,208.5,29991200,29991200,29991200
2003-07-23 22:00:00,205.5,205.5,205.5,29991200,29991200,29991200
2003-07-24 22:00:00,205.5,205.5,205.5,29991200,29991200,29991200
2003-07-25 22:00:00,206.5,206.5,206.5,29991200,29991200,29991200
2003-07-28 22:00:00,209.75,209.75,209.75,29991200,29991200,29991200
2003-07-29 22:00:00,210.0,210.0,210.0,29991200,29991200,29991200
2003-07-30 22:00:00,207.75,207.75,207.75,29991200,29991200,29991200
2003-07-31 22:00:00,206.0,206.0,206.0,29991200,29991200,29991200
2003-08-01 22:00:00,206.75,206.75,206.75,29991200,29991200,29991200
2003-08-04 22:00:00,209.5,209.5,209.5,29991200,29991200,29991200
2003-08-05 22:00:00,209.5,209.5,209.5,29991200,29991200,29991200
2003-08-06 22:00:00,211.5,211.5,211.5,29991200,29991200,29991200
2003-08-07 22:00:00,212.25,212.25,212.25,29991200,29991200,29991200
2003-08-08 22:00:00,212.75,212.75,212.75,29991200,29991200,29991200
2003-08-11 22:00:00,209.5,209.5,209.5,29991200,29991200,29991200
2003-08-12 22:00:00,219.75,219.75,219.75,29991200,29991200,29991200
2003-08-13 22:00:00,220.0,220.0,220.0,29991200,29991200,29991200
2003-08-14 22:00:00,220.0,220.0,220.0,29991200,29991200,29991200
2003-08-15 22:00:00,220.25,220.25,220.25,29991200,29991200,29991200
2003-08-18 22:00:00,228.75,228.75,228.75,29991200,29991200,29991200
2003-08-19 22:00:00,223.0,223.0,223.0,29991200,29991200,29991200
2003-08-20 22:00:00,226.75,226.75,226.75,29991200,29991200,29991200
2003-08-21 22:00:00,224.5,224.5,224.5,29991200,29991200,29991200
2003-08-22 22:00:00,226.75,226.75,226.75,29991200,29991200,29991200
2003-08-25 22:00:00,227.25,227.25,227.25,29991200,29991200,29991200
2003-08-26 22:00:00,227.75,227.75,227.75,29991200,29991200,29991200
2003-08-27 22:00:00,229.0,229.0,229.0,29991200,29991200,29991200
2003-08-28 22:00:00,230.0,230.0,230.0,29991200,29991200,29991200
2003-08-29 22:00:00,233.25,233.25,233.25,29991200,29991200,29991200
2003-09-02 22:00:00,232.5,232.5,232.5,29991200,29991200,29991200
2003-09-03 22:00:00,237.75,237.75,237.75,29991200,29991200,29991200
2003-09-04 22:00:00,242.5,242.5,242.5,29991200,29991200,29991200
2003-09-05 22:00:00,237.75,237.75,237.75,29991200,29991200,29991200
2003-09-08 22:00:00,233.0,233.0,233.0,29991200,29991200,29991200
2003-09-09 22:00:00,234.25,234.25,234.25,29991200,29991200,29991200
2003-09-10 22:00:00,235.0,235.0,235.0,29991200,29991200,29991200
2003-09-11 22:00:00,227.5,227.5,227.5,29991200,29991200,29991200
2003-09-12 22:00:00,227.0,227.0,227.0,29991200,29991200,29991200
2003-09-15 22:00:00,227.0,227.0,227.0,29991200,29991200,29991200
2003-09-16 22:00:00,224.25,224.25,224.25,29991200,29991200,29991200
2003-09-17 22:00:00,223.75,223.75,223.75,29991200,29991200,29991200
2003-09-18 22:00:00,223.75,223.75,223.75,29991200,29991200,29991200
2003-09-19 22:00:00,226.0,226.0,226.0,29991200,29991200,29991200
2003-09-22 22:00:00,227.75,227.75,227.75,29991200,29991200,29991200
2003-09-23 22:00:00,223.75,223.75,223.75,29991200,29991200,29991200
2003-09-24 22:00:00,224.25,224.25,224.25,29991200,29991200,29991200
2003-09-25 22:00:00,226.25,226.25,226.25,29991200,29991200,29991200
2003-09-26 22:00:00,226.25,226.25,226.25,29991200,29991200,29991200
2003-09-29 22:00:00,226.0,226.0,226.0,29991200,29991200,29991200
2003-09-30 22:00:00,220.25,220.25,220.25,29991200,29991200,29991200
2003-10-01 22:00:00,220.25,220.25,220.25,29991200,29991200,29991200
2003-10-02 22:00:00,220.25,220.25,220.25,29991200,29991200,29991200
2003-10-03 22:00:00,223.0,223.0,223.0,29991200,29991200,29991200
2003-10-06 22:00:00,221.25,221.25,221.25,29991200,29991200,29991200
2003-10-07 22:00:00,223.5,223.5,223.5,29991200,29991200,29991200
2003-10-08 22:00:00,221.5,221.5,221.5,29991200,29991200,29991200
2003-10-09 22:00:00,221.75,221.75,221.75,29991200,29991200,29991200
2003-10-10 22:00:00,216.25,216.25,216.25,29991200,29991200,29991200
2003-10-13 22:00:00,217.5,217.5,217.5,29991200,29991200,29991200
2003-10-14 22:00:00,218.5,218.5,218.5,29991200,29991200,29991200
2003-10-15 22:00:00,216.5,216.5,216.5,29991200,29991200,29991200
2003-10-16 22:00:00,214.75,214.75,214.75,29991200,29991200,29991200
2003-10-17 22:00:00,214.25,214.25,214.25,29991200,29991200,29991200
2003-10-20 22:00:00,213.75,213.75,213.75,29991200,29991200,29991200
2003-10-21 22:00:00,215.75,215.75,215.75,29991200,29991200,29991200
2003-10-22 22:00:00,220.25,220.25,220.25,29991200,29991200,29991200
2003-10-23 22:00:00,235.0,235.0,235.0,29991200,29991200,29991200
2003-10-24 22:00:00,235.0,235.0,235.0,29991200,29991200,29991200
2003-10-27 22:00:00,235.25,235.25,235.25,29991200,29991200,29991200
2003-10-28 22:00:00,240.25,240.25,240.25,29991200,29991200,29991200
2003-10-29 22:00:00,248.25,248.25,248.25,29991200,29991200,29991200
2003-10-30 22:00:00,247.75,247.75,247.75,29991200,29991200,29991200
2003-10-31 22:00:00,247.25,247.25,247.25,29991200,29991200,29991200
2003-11-03 22:00:00,240.0,240.0,240.0,29991200,29991200,29991200
2003-11-04 22:00:00,232.25,232.25,232.25,29991200,29991200,29991200
2003-11-05 22:00:00,236.75,236.75,236.75,29991200,29991200,29991200
2003-11-06 22:00:00,234.25,234.25,234.25,29991200,29991200,29991200
2003-11-07 22:00:00,235.25,235.25,235.25,29991200,29991200,29991200
2003-11-10 22:00:00,232.75,232.75,232.75,29991200,29991200,29991200
2003-11-11 22:00:00,232.5,232.5,232.5,29991200,29991200,29991200
2003-11-12 22:00:00,240.25,240.25,240.25,29991200,29991200,29991200
2003-11-13 22:00:00,240.75,240.75,240.75,29991200,29991200,29991200
2003-11-14 22:00:00,240.5,240.5,240.5,29991200,29991200,29991200
2003-11-17 22:00:00,238.25,238.25,238.25,29991200,29991200,29991200
2003-11-18 22:00:00,235.75,235.75,235.75,29991200,29991200,29991200
2003-11-19 22:00:00,231.25,231.25,231.25,29991200,29991200,29991200
2003-11-20 22:00:00,235.25,235.25,235.25,29991200,29991200,29991200
2003-11-21 22:00:00,236.0,236.0,236.0,29991200,29991200,29991200
2003-11-24 22:00:00,234.75,234.75,234.75,29991200,29991200,29991200
2003-11-25 22:00:00,239.5,239.5,239.5,29991200,29991200,29991200
2003-11-26 22:00:00,242.5,242.5,242.5,29991200,29991200,29991200
2003-11-28 22:00:00,245.0,245.0,245.0,29991200,29991200,29991200
2003-12-01 22:00:00,246.5,246.5,246.5,29991200,29991200,29991200
2003-12-02 22:00:00,245.75,245.75,245.75,29991200,29991200,29991200
2003-12-03 22:00:00,249.25,249.25,249.25,29991200,29991200,29991200
2003-12-04 22:00:00,246.75,246.75,246.75,29991200,29991200,29991200
2003-12-05 22:00:00,246.5,246.5,246.5,29991200,29991200,29991200
2003-12-08 22:00:00,246.75,246.75,246.75,29991200,29991200,29991200
2003-12-09 22:00:00,249.75,249.75,249.75,29991200,29991200,29991200
2003-12-10 22:00:00,249.75,249.75,249.75,29991200,29991200,29991200
2003-12-11 22:00:00,252.0,252.0,252.0,29991200,29991200,29991200
2003-12-12 22:00:00,254.75,254.75,254.75,29991200,29991200,29991200
2003-12-15 22:00:00,253.5,253.5,253.5,29991200,29991200,29991200
2003-12-16 22:00:00,252.0,252.0,252.0,29991200,29991200,29991200
2003-12-17 22:00:00,251.5,251.5,251.5,29991200,29991200,29991200
2003-12-18 22:00:00,249.5,249.5,249.5,29991200,29991200,29991200
2003-12-19 22:00:00,249.25,249.25,249.25,29991200,29991200,29991200
2003-12-22 22:00:00,246.25,246.25,246.25,29991200,29991200,29991200
2003-12-23 22:00:00,243.75,243.75,243.75,29991200,29991200,29991200
2003-12-24 22:00:00,235.75,235.75,235.75,29991200,29991200,29991200
2003-12-26 22:00:00,239.75,239.75,239.75,29991200,29991200,29991200
2003-12-29 22:00:00,242.75,242.75,242.75,29991200,29991200,29991200
2003-12-30 22:00:00,241.0,241.0,241.0,29991200,29991200,29991200
2003-12-31 22:00:00,246.0,246.0,246.0,29991200,29991200,29991200
2004-01-02 22:00:00,253.25,253.25,253.25,29991200,29991200,29991200
2004-01-05 22:00:00,253.0,253.0,253.0,29991200,29991200,29991200
2004-01-06 22:00:00,251.5,251.5,251.5,29991200,29991200,29991200
2004-01-07 22:00:00,250.0,250.0,250.0,29991200,29991200,29991200
2004-01-08 22:00:00,251.75,251.75,251.75,29991200,29991200,29991200
2004-01-09 22:00:00,251.0,251.0,251.0,29991200,29991200,29991200
2004-01-12 22:00:00,265.5,265.5,265.5,29991200,29991200,29991200
2004-01-13 22:00:00,268.5,268.5,268.5,29991200,29991200,29991200
2004-01-14 22:00:00,268.75,268.75,268.75,29991200,29991200,29991200
2004-01-15 22:00:00,268.75,268.75,268.75,29991200,29991200,29991200
2004-01-16 22:00:00,272.5,272.5,272.5,29991200,29991200,29991200
2004-01-20 22:00:00,275.25,275.25,275.25,29991200,29991200,29991200
2004-01-21 22:00:00,277.25,277.25,277.25,29991200,29991200,29991200
2004-01-22 22:00:00,276.0,276.0,276.0,29991200,29991200,29991200
2004-01-23 22:00:00,277.0,277.0,277.0,29991200,29991200,29991200
2004-01-26 22:00:00,281.25,281.25,281.25,29991200,29991200,29991200
2004-01-27 22:00:00,276.25,276.25,276.25,29991200,29991200,29991200
2004-01-28 22:00:00,270.75,270.75,270.75,29991200,29991200,29991200
2004-01-29 22:00:00,270.0,270.0,270.0,29991200,29991200,29991200
2004-01-30 22:00:00,276.25,276.25,276.25,29991200,29991200,29991200
2004-02-02 22:00:00,271.25,271.25,271.25,29991200,29991200,29991200
2004-02-03 22:00:00,273.0,273.0,273.0,29991200,29991200,29991200
2004-02-04 22:00:00,270.25,270.25,270.25,29991200,29991200,29991200
2004-02-05 22:00:00,275.25,275.25,275.25,29991200,29991200,29991200
2004-02-06 22:00:00,279.0,279.0,279.0,29991200,29991200,29991200
2004-02-09 22:00:00,284.25,284.25,284.25,29991200,29991200,29991200
2004-02-10 22:00:00,280.0,280.0,280.0,29991200,29991200,29991200
2004-02-11 22:00:00,284.25,284.25,284.25,29991200,29991200,29991200
2004-02-12 22:00:00,281.25,281.25,281.25,29991200,29991200,29991200
2004-02-13 22:00:00,282.5,282.5,282.5,29991200,29991200,29991200
2004-02-17 22:00:00,284.0,284.0,284.0,29991200,29991200,29991200
2004-02-18 22:00:00,279.75,279.75,279.75,29991200,29991200,29991200
2004-02-19 22:00:00,284.75,284.75,284.75,29991200,29991200,29991200
2004-02-20 22:00:00,284.75,284.75,284.75,29991200,29991200,29991200
2004-02-23 22:00:00,287.25,287.25,287.25,29991200,29991200,29991200
2004-02-24 22:00:00,290.75,290.75,290.75,29991200,29991200,29991200
2004-02-25 22:00:00,291.75,291.75,291.75,29991200,29991200,29991200
2004-02-26 22:00:00,296.0,296.0,296.0,29991200,29991200,29991200
2004-02-27 22:00:00,296.25,296.25,296.25,29991200,29991200,29991200
2004-03-01 22:00:00,296.0,296.0,296.0,29991200,29991200,29991200
2004-03-02 22:00:00,289.5,289.5,289.5,29991200,29991200,29991200
2004-03-03 22:00:00,290.5,290.5,290.5,29991200,29991200,29991200
2004-03-04 22:00:00,290.75,290.75,290.75,29991200,29991200,29991200
2004-03-05 22:00:00,290.5,290.5,290.5,29991200,29991200,29991200
2004-03-08 22:00:00,286.5,286.5,286.5,29991200,29991200,29991200
2004-03-09 22:00:00,295.0,295.0,295.0,29991200,29991200,29991200
2004-03-10 22:00:00,291.75,291.75,291.75,29991200,29991200,29991200
2004-03-11 22:00:00,293.0,293.0,293.0,29991200,29991200,29991200
2004-03-12 22:00:00,295.5,295.5,295.5,29991200,29991200,29991200
2004-03-15 22:00:00,307.5,307.5,307.5,29991200,29991200,29991200
2004-03-16 22:00:00,305.25,305.25,305.25,29991200,29991200,29991200
2004-03-17 22:00:00,308.25,308.25,308.25,29991200,29991200,29991200
2004-03-18 22:00:00,312.0,312.0,312.0,29991200,29991200,29991200
2004-03-19 22:00:00,312.0,312.0,312.0,29991200,29991200,29991200
2004-03-22 22:00:00,318.5,318.5,318.5,29991200,29991200,29991200
2004-03-23 22:00:00,315.75,315.75,315.75,29991200,29991200,29991200
2004-03-24 22:00:00,309.5,309.5,309.5,29991200,29991200,29991200
2004-03-25 22:00:00,306.75,306.75,306.75,29991200,29991200,29991200
2004-03-26 22:00:00,305.5,305.5,305.5,29991200,29991200,29991200
2004-03-29 22:00:00,305.0,305.0,305.0,29991200,29991200,29991200
2004-03-30 22:00:00,312.25,312.25,312.25,29991200,29991200,29991200
2004-03-31 22:00:00,320.0,320.0,320.0,29991200,29991200,29991200
2004-04-01 22:00:00,325.75,325.75,325.75,29991200,29991200,29991200
2004-04-02 22:00:00,330.5,330.5,330.5,29991200,29991200,29991200
2004-04-05 22:00:00,329.5,329.5,329.5,29991200,29991200,29991200
2004-04-06 22:00:00,326.75,326.75,326.75,29991200,29991200,29991200
2004-04-07 22:00:00,330.0,330.0,330.0,29991200,29991200,29991200
2004-04-08 22:00:00,330.5,330.5,330.5,29991200,29991200,29991200
2004-04-12 22:00:00,322.25,322.25,322.25,29991200,29991200,29991200
2004-04-13 22:00:00,311.75,311.75,311.75,29991200,29991200,29991200
2004-04-14 22:00:00,316.5,316.5,316.5,29991200,29991200,29991200
2004-04-15 22:00:00,307.5,307.5,307.5,29991200,29991200,29991200
2004-04-16 22:00:00,314.5,314.5,314.5,29991200,29991200,29991200
2004-04-19 22:00:00,311.25,311.25,311.25,29991200,29991200,29991200
2004-04-20 22:00:00,309.25,309.25,309.25,29991200,29991200,29991200
2004-04-21 22:00:00,304.0,304.0,304.0,29991200,29991200,29991200
2004-04-22 22:00:00,304.0,304.0,304.0,29991200,29991200,29991200
2004-04-23 22:00:00,303.5,303.5,303.5,29991200,29991200,29991200
2004-04-26 22:00:00,301.25,301.25,301.25,29991200,29991200,29991200
2004-04-27 22:00:00,309.25,309.25,309.25,29991200,29991200,29991200
2004-04-28 22:00:00,308.25,308.25,308.25,29991200,29991200,29991200
2004-04-29 22:00:00,314.0,314.0,314.0,29991200,29991200,29991200
2004-04-30 22:00:00,316.5,316.5,316.5,29991200,29991200,29991200
2004-05-03 22:00:00,318.0,318.0,318.0,29991200,29991200,29991200
2004-05-04 22:00:00,317.75,317.75,317.75,29991200,29991200,29991200
2004-05-05 22:00:00,314.25,314.25,314.25,29991200,29991200,29991200
2004-05-06 22:00:00,305.75,305.75,305.75,29991200,29991200,29991200
2004-05-07 22:00:00,307.0,307.0,307.0,29991200,29991200,29991200
2004-05-10 22:00:00,295.5,295.5,295.5,29991200,29991200,29991200
2004-05-11 22:00:00,296.0,296.0,296.0,29991200,29991200,29991200
2004-05-12 22:00:00,294.5,294.5,294.5,29991200,29991200,29991200
2004-05-13 22:00:00,289.75,289.75,289.75,29991200,29991200,29991200
2004-05-14 22:00:00,286.5,286.5,286.5,29991200,29991200,29991200
2004-05-17 22:00:00,295.25,295.25,295.25,29991200,29991200,29991200
2004-05-18 22:00:00,292.0,292.0,292.0,29991200,29991200,29991200
2004-05-19 22:00:00,298.5,298.5,298.5,29991200,29991200,29991200
2004-05-20 22:00:00,292.25,292.25,292.25,29991200,29991200,29991200
2004-05-21 22:00:00,290.0,290.0,290.0,29991200,29991200,29991200
2004-05-24 22:00:00,296.0,296.0,296.0,29991200,29991200,29991200
2004-05-25 22:00:00,303.75,303.75,303.75,29991200,29991200,29991200
2004-05-26 22:00:00,300.75,300.75,300.75,29991200,29991200,29991200
2004-05-27 22:00:00,298.75,298.75,298.75,29991200,29991200,29991200
2004-05-28 22:00:00,304.0,304.0,304.0,29991200,29991200,29991200
2004-06-01 22:00:00,324.0,324.0,324.0,29991200,29991200,29991200
2004-06-02 22:00:00,321.75,321.75,321.75,29991200,29991200,29991200
2004-06-03 22:00:00,310.75,310.75,310.75,29991200,29991200,29991200
2004-06-04 22:00:00,308.25,308.25,308.25,29991200,29991200,29991200
2004-06-07 22:00:00,300.25,300.25,300.25,29991200,29991200,29991200
2004-06-08 22:00:00,297.0,297.0,297.0,29991200,29991200,29991200
2004-06-09 22:00:00,297.5,297.5,297.5,29991200,29991200,29991200
2004-06-10 22:00:00,285.75,285.75,285.75,29991200,29991200,29991200
2004-06-11 22:00:00,285.75,285.75,285.75,29991200,29991200,29991200
2004-06-14 22:00:00,288.25,288.25,288.25,29991200,29991200,29991200
2004-06-15 22:00:00,280.25,280.25,280.25,29991200,29991200,29991200
2004-06-16 22:00:00,281.5,281.5,281.5,29991200,29991200,29991200
2004-06-17 22:00:00,277.75,277.75,277.75,29991200,29991200,29991200
2004-06-18 22:00:00,274.5,274.5,274.5,29991200,29991200,29991200
2004-06-21 22:00:00,274.5,274.5,274.5,29991200,29991200,29991200
2004-06-22 22:00:00,267.75,267.75,267.75,29991200,29991200,29991200
2004-06-23 22:00:00,274.5,274.5,274.5,29991200,29991200,29991200
2004-06-24 22:00:00,273.25,273.25,273.25,29991200,29991200,29991200
2004-06-25 22:00:00,276.25,276.25,276.25,29991200,29991200,29991200
2004-06-28 22:00:00,271.25,271.25,271.25,29991200,29991200,29991200
2004-06-29 22:00:00,268.0,268.0,268.0,29991200,29991200,29991200
2004-06-30 22:00:00,257.5,257.5,257.5,29991200,29991200,29991200
2004-07-01 22:00:00,257.5,257.5,257.5,29991200,29991200,29991200
2004-07-02 22:00:00,255.25,255.25,255.25,29991200,29991200,29991200
2004-07-06 22:00:00,249.5,249.5,249.5,29991200,29991200,29991200
2004-07-07 22:00:00,249.5,249.5,249.5,29991200,29991200,29991200
2004-07-08 22:00:00,244.5,244.5,244.5,29991200,29991200,29991200
2004-07-09 22:00:00,242.25,242.25,242.25,29991200,29991200,29991200
2004-07-12 22:00:00,244.5,244.5,244.5,29991200,29991200,29991200
2004-07-13 22:00:00,241.75,241.75,241.75,29991200,29991200,29991200
2004-07-14 22:00:00,242.0,242.0,242.0,29991200,29991200,29991200
2004-07-15 22:00:00,242.5,242.5,242.5,29991200,29991200,29991200
2004-07-16 22:00:00,239.0,239.0,239.0,29991200,29991200,29991200
2004-07-19 22:00:00,237.0,237.0,237.0,29991200,29991200,29991200
2004-07-20 22:00:00,234.0,234.0,234.0,29991200,29991200,29991200
2004-07-21 22:00:00,226.25,226.25,226.25,29991200,29991200,29991200
2004-07-22 22:00:00,219.25,219.25,219.25,29991200,29991200,29991200
2004-07-23 22:00:00,223.75,223.75,223.75,29991200,29991200,29991200
2004-07-26 22:00:00,223.25,223.25,223.25,29991200,29991200,29991200
2004-07-27 22:00:00,222.25,222.25,222.25,29991200,29991200,29991200
2004-07-28 22:00:00,218.5,218.5,218.5,29991200,29991200,29991200
2004-07-29 22:00:00,218.5,218.5,218.5,29991200,29991200,29991200
2004-07-30 22:00:00,217.25,217.25,217.25,29991200,29991200,29991200
2004-08-02 22:00:00,218.25,218.25,218.25,29991200,29991200,29991200
2004-08-03 22:00:00,219.25,219.25,219.25,29991200,29991200,29991200
2004-08-04 22:00:00,221.25,221.25,221.25,29991200,29991200,29991200
2004-08-05 22:00:00,224.0,224.0,224.0,29991200,29991200,29991200
2004-08-06 22:00:00,225.75,225.75,225.75,29991200,29991200,29991200
2004-08-09 22:00:00,227.0,227.0,227.0,29991200,29991200,29991200
2004-08-10 22:00:00,224.5,224.5,224.5,29991200,29991200,29991200
2004-08-11 22:00:00,220.75,220.75,220.75,29991200,29991200,29991200
2004-08-12 22:00:00,218.0,218.0,218.0,29991200,29991200,29991200
2004-08-13 22:00:00,217.75,217.75,217.75,29991200,29991200,29991200
2004-08-16 22:00:00,222.25,222.25,222.25,29991200,29991200,29991200
2004-08-17 22:00:00,228.5,228.5,228.5,29991200,29991200,29991200
2004-08-18 22:00:00,225.5,225.5,225.5,29991200,29991200,29991200
2004-08-19 22:00:00,229.25,229.25,229.25,29991200,29991200,29991200
2004-08-20 22:00:00,231.25,231.25,231.25,29991200,29991200,29991200
2004-08-23 22:00:00,234.25,234.25,234.25,29991200,29991200,29991200
2004-08-24 22:00:00,232.25,232.25,232.25,29991200,29991200,29991200
2004-08-25 22:00:00,228.0,228.0,228.0,29991200,29991200,29991200
2004-08-26 22:00:00,225.25,225.25,225.25,29991200,29991200,29991200
2004-08-27 22:00:00,220.25,220.25,220.25,29991200,29991200,29991200
2004-08-30 22:00:00,224.5,224.5,224.5,29991200,29991200,29991200
2004-08-31 22:00:00,227.75,227.75,227.75,29991200,29991200,29991200
2004-09-01 22:00:00,233.5,233.5,233.5,29991200,29991200,29991200
2004-09-02 22:00:00,227.75,227.75,227.75,29991200,29991200,29991200
2004-09-03 22:00:00,223.5,223.5,223.5,29991200,29991200,29991200
2004-09-07 22:00:00,219.25,219.25,219.25,29991200,29991200,29991200
2004-09-08 22:00:00,217.0,217.0,217.0,29991200,29991200,29991200
2004-09-09 22:00:00,217.5,217.5,217.5,29991200,29991200,29991200
2004-09-10 22:00:00,210.75,210.75,210.75,29991200,29991200,29991200
2004-09-13 22:00:00,210.25,210.25,210.25,29991200,29991200,29991200
2004-09-14 22:00:00,206.5,206.5,206.5,29991200,29991200,29991200
2004-09-15 22:00:00,218.5,218.5,218.5,29991200,29991200,29991200
2004-09-16 22:00:00,216.25,216.25,216.25,29991200,29991200,29991200
2004-09-17 22:00:00,215.25,215.25,215.25,29991200,29991200,29991200
2004-09-20 22:00:00,212.75,212.75,212.75,29991200,29991200,29991200
2004-09-21 22:00:00,212.75,212.75,212.75,29991200,29991200,29991200
2004-09-22 22:00:00,210.25,210.25,210.25,29991200,29991200,29991200
2004-09-23 22:00:00,207.75,207.75,207.75,29991200,29991200,29991200
2004-09-24 22:00:00,205.25,205.25,205.25,29991200,29991200,29991200
2004-09-27 22:00:00,207.75,207.75,207.75,29991200,29991200,29991200
2004-09-28 22:00:00,208.5,208.5,208.5,29991200,29991200,29991200
2004-09-29 22:00:00,207.25,207.25,207.25,29991200,29991200,29991200
2004-09-30 22:00:00,205.5,205.5,205.5,29991200,29991200,29991200
2004-10-01 22:00:00,206.0,206.0,206.0,29991200,29991200,29991200
2004-10-04 22:00:00,202.75,202.75,202.75,29991200,29991200,29991200
2004-10-05 22:00:00,204.5,204.5,204.5,29991200,29991200,29991200
2004-10-06 22:00:00,207.25,207.25,207.25,29991200,29991200,29991200
2004-10-07 22:00:00,206.0,206.0,206.0,29991200,29991200,29991200
2004-10-08 22:00:00,204.5,204.5,204.5,29991200,29991200,29991200
2004-10-11 22:00:00,204.75,204.75,204.75,29991200,29991200,29991200
2004-10-12 22:00:00,202.5,202.5,202.5,29991200,29991200,29991200
2004-10-13 22:00:00,205.25,205.25,205.25,29991200,29991200,29991200
2004-10-14 22:00:00,204.25,204.25,204.25,29991200,29991200,29991200
2004-10-15 22:00:00,206.75,206.75,206.75,29991200,29991200,29991200
2004-10-18 22:00:00,204.0,204.0,204.0,29991200,29991200,29991200
2004-10-19 22:00:00,207.0,207.0,207.0,29991200,29991200,29991200
2004-10-20 22:00:00,206.0,206.0,206.0,29991200,29991200,29991200
2004-10-21 22:00:00,204.25,204.25,204.25,29991200,29991200,29991200
2004-10-22 22:00:00,201.75,201.75,201.75,29991200,29991200,29991200
2004-10-25 22:00:00,205.25,205.25,205.25,29991200,29991200,29991200
2004-10-26 22:00:00,206.75,206.75,206.75,29991200,29991200,29991200
2004-10-27 22:00:00,206.25,206.25,206.25,29991200,29991200,29991200
2004-10-28 22:00:00,206.25,206.25,206.25,29991200,29991200,29991200
2004-10-29 22:00:00,202.5,202.5,202.5,29991200,29991200,29991200
2004-11-01 22:00:00,200.0,200.0,200.0,29991200,29991200,29991200
2004-11-02 22:00:00,199.75,199.75,199.75,29991200,29991200,29991200
2004-11-03 22:00:00,199.0,199.0,199.0,29991200,29991200,29991200
2004-11-04 22:00:00,197.5,197.5,197.5,29991200,29991200,29991200
2004-11-05 22:00:00,199.5,199.5,199.5,29991200,29991200,29991200
2004-11-08 22:00:00,198.0,198.0,198.0,29991200,29991200,29991200
2004-11-09 22:00:00,198.0,198.0,198.0,29991200,29991200,29991200
2004-11-10 22:00:00,198.25,198.25,198.25,29991200,29991200,29991200
2004-11-11 22:00:00,197.25,197.25,197.25,29991200,29991200,29991200
2004-11-12 22:00:00,200.0,200.0,200.0,29991200,29991200,29991200
2004-11-15 22:00:00,202.5,202.5,202.5,29991200,29991200,29991200
2004-11-16 22:00:00,203.0,203.0,203.0,29991200,29991200,29991200
2004-11-17 22:00:00,205.75,205.75,205.75,29991200,29991200,29991200
2004-11-18 22:00:00,204.0,204.0,204.0,29991200,29991200,29991200
2004-11-19 22:00:00,199.25,199.25,199.25,29991200,29991200,29991200
2004-11-22 22:00:00,197.5,197.5,197.5,29991200,29991200,29991200
2004-11-23 22:00:00,198.0,198.0,198.0,29991200,29991200,29991200
2004-11-24 22:00:00,197.75,197.75,197.75,29991200,29991200,29991200
2004-11-26 22:00:00,197.0,197.0,197.0,29991200,29991200,29991200
2004-11-29 22:00:00,193.25,193.25,193.25,29991200,29991200,29991200
2004-11-30 22:00:00,192.5,192.5,192.5,29991200,29991200,29991200
2004-12-01 22:00:00,191.5,191.5,191.5,29991200,29991200,29991200
2004-12-02 22:00:00,192.5,192.5,192.5,29991200,29991200,29991200
2004-12-03 22:00:00,196.25,196.25,196.25,29991200,29991200,29991200
2004-12-06 22:00:00,197.75,197.75,197.75,29991200,29991200,29991200
2004-12-07 22:00:00,193.75,193.75,193.75,29991200,29991200,29991200
2004-12-08 22:00:00,195.5,195.5,195.5,29991200,29991200,29991200
2004-12-09 22:00:00,194.75,194.75,194.75,29991200,29991200,29991200
2004-12-10 22:00:00,193.5,193.5,193.5,29991200,29991200,29991200
2004-12-13 22:00:00,197.25,197.25,197.25,29991200,29991200,29991200
2004-12-14 22:00:00,195.0,195.0,195.0,29991200,29991200,29991200
2004-12-15 22:00:00,205.0,205.0,205.0,29991200,29991200,29991200
2004-12-16 22:00:00,203.5,203.5,203.5,29991200,29991200,29991200
2004-12-17 22:00:00,204.5,204.5,204.5,29991200,29991200,29991200
2004-12-20 22:00:00,206.5,206.5,206.5,29991200,29991200,29991200
2004-12-21 22:00:00,205.75,205.75,205.75,29991200,29991200,29991200
2004-12-22 22:00:00,205.5,205.5,205.5,29991200,29991200,29991200
2004-12-23 22:00:00,207.0,207.0,207.0,29991200,29991200,29991200
2004-12-27 22:00:00,207.5,207.5,207.5,29991200,29991200,29991200
2004-12-28 22:00:00,207.0,207.0,207.0,29991200,29991200,29991200
2004-12-29 22:00:00,203.25,203.25,203.25,29991200,29991200,29991200
2004-12-30 22:00:00,204.75,204.75,204.75,29991200,29991200,29991200
2004-12-31 22:00:00,204.75,204.75,204.75,29991200,29991200,29991200
2005-01-03 22:00:00,201.75,201.75,201.75,29991200,29991200,29991200
2005-01-04 22:00:00,201.0,201.0,201.0,29991200,29991200,29991200
2005-01-05 22:00:00,201.5,201.5,201.5,29991200,29991200,29991200
2005-01-06 22:00:00,208.75,208.75,208.75,29991200,29991200,29991200
2005-01-07 22:00:00,206.75,206.75,206.75,29991200,29991200,29991200
2005-01-10 22:00:00,206.75,206.75,206.75,29991200,29991200,29991200
2005-01-11 22:00:00,206.75,206.75,206.75,29991200,29991200,29991200
2005-01-12 22:00:00,200.5,200.5,200.5,29991200,29991200,29991200
2005-01-13 22:00:00,200.0,200.0,200.0,29991200,29991200,29991200
2005-01-14 22:00:00,197.25,197.25,197.25,29991200,29991200,29991200
2005-01-18 22:00:00,196.0,196.0,196.0,29991200,29991200,29991200
2005-01-19 22:00:00,196.75,196.75,196.75,29991200,29991200,29991200
2005-01-20 22:00:00,197.75,197.75,197.75,29991200,29991200,29991200
2005-01-21 22:00:00,197.0,197.0,197.0,29991200,29991200,29991200
2005-01-24 22:00:00,197.75,197.75,197.75,29991200,29991200,29991200
2005-01-25 22:00:00,199.0,199.0,199.0,29991200,29991200,29991200
2005-01-26 22:00:00,198.75,198.75,198.75,29991200,29991200,29991200
2005-01-27 22:00:00,195.75,195.75,195.75,29991200,29991200,29991200
2005-01-28 22:00:00,195.75,195.75,195.75,29991200,29991200,29991200
2005-01-31 22:00:00,197.0,197.0,197.0,29991200,29991200,29991200
2005-02-01 22:00:00,197.0,197.0,197.0,29991200,29991200,29991200
2005-02-02 22:00:00,195.25,195.25,195.25,29991200,29991200,29991200
2005-02-03 22:00:00,195.0,195.0,195.0,29991200,29991200,29991200
2005-02-04 22:00:00,195.0,195.0,195.0,29991200,29991200,29991200
2005-02-07 22:00:00,196.25,196.25,196.25,29991200,29991200,29991200
2005-02-08 22:00:00,194.75,194.75,194.75,29991200,29991200,29991200
2005-02-09 22:00:00,195.0,195.0,195.0,29991200,29991200,29991200
2005-02-10 22:00:00,198.25,198.25,198.25,29991200,29991200,29991200
2005-02-11 22:00:00,198.25,198.25,198.25,29991200,29991200,29991200
2005-02-14 22:00:00,200.5,200.5,200.5,29991200,29991200,29991200
2005-02-15 22:00:00,200.0,200.0,200.0,29991200,29991200,29991200
2005-02-16 22:00:00,197.0,197.0,197.0,29991200,29991200,29991200
2005-02-17 22:00:00,199.25,199.25,199.25,29991200,29991200,29991200
2005-02-18 22:00:00,200.0,200.0,200.0,29991200,29991200,29991200
2005-02-22 22:00:00,207.5,207.5,207.5,29991200,29991200,29991200
2005-02-23 22:00:00,205.75,205.75,205.75,29991200,29991200,29991200
2005-02-24 22:00:00,205.75,205.75,205.75,29991200,29991200,29991200
2005-02-25 22:00:00,211.5,211.5,211.5,29991200,29991200,29991200
2005-02-28 22:00:00,214.5,214.5,214.5,29991200,29991200,29991200
2005-03-01 22:00:00,211.0,211.0,211.0,29991200,29991200,29991200
2005-03-02 22:00:00,210.25,210.25,210.25,29991200,29991200,29991200
2005-03-03 22:00:00,209.5,209.5,209.5,29991200,29991200,29991200
2005-03-04 22:00:00,209.0,209.0,209.0,29991200,29991200,29991200
2005-03-07 22:00:00,205.5,205.5,205.5,29991200,29991200,29991200
2005-03-08 22:00:00,206.75,206.75,206.75,29991200,29991200,29991200
2005-03-09 22:00:00,209.25,209.25,209.25,29991200,29991200,29991200
2005-03-10 22:00:00,212.5,212.5,212.5,29991200,29991200,29991200
2005-03-11 22:00:00,217.5,217.5,217.5,29991200,29991200,29991200
2005-03-14 22:00:00,214.5,214.5,214.5,29991200,29991200,29991200
2005-03-15 22:00:00,228.5,228.5,228.5,29991200,29991200,29991200
2005-03-16 22:00:00,225.5,225.5,225.5,29991200,29991200,29991200
2005-03-17 22:00:00,223.5,223.5,223.5,29991200,29991200,29991200
2005-03-18 22:00:00,219.75,219.75,219.75,29991200,29991200,29991200
2005-03-21 22:00:00,214.5,214.5,214.5,29991200,29991200,29991200
2005-03-22 22:00:00,214.0,214.0,214.0,29991200,29991200,29991200
2005-03-23 22:00:00,210.75,210.75,210.75,29991200,29991200,29991200
2005-03-24 22:00:00,210.5,210.5,210.5,29991200,29991200,29991200
2005-03-28 22:00:00,212.75,212.75,212.75,29991200,29991200,29991200
2005-03-29 22:00:00,213.0,213.0,213.0,29991200,29991200,29991200
2005-03-30 22:00:00,212.5,212.5,212.5,29991200,29991200,29991200
2005-03-31 22:00:00,213.0,213.0,213.0,29991200,29991200,29991200
2005-04-01 22:00:00,212.75,212.75,212.75,29991200,29991200,29991200
2005-04-04 22:00:00,209.75,209.75,209.75,29991200,29991200,29991200
2005-04-05 22:00:00,205.5,205.5,205.5,29991200,29991200,29991200
2005-04-06 22:00:00,207.25,207.25,207.25,29991200,29991200,29991200
2005-04-07 22:00:00,205.5,205.5,205.5,29991200,29991200,29991200
2005-04-08 22:00:00,204.0,204.0,204.0,29991200,29991200,29991200
2005-04-11 22:00:00,205.75,205.75,205.75,29991200,29991200,29991200
2005-04-12 22:00:00,206.75,206.75,206.75,29991200,29991200,29991200
2005-04-13 22:00:00,205.75,205.75,205.75,29991200,29991200,29991200
2005-04-14 22:00:00,207.5,207.5,207.5,29991200,29991200,29991200
2005-04-15 22:00:00,206.25,206.25,206.25,29991200,29991200,29991200
2005-04-18 22:00:00,204.25,204.25,204.25,29991200,29991200,29991200
2005-04-19 22:00:00,209.5,209.5,209.5,29991200,29991200,29991200
2005-04-20 22:00:00,210.75,210.75,210.75,29991200,29991200,29991200
2005-04-21 22:00:00,211.25,211.25,211.25,29991200,29991200,29991200
2005-04-22 22:00:00,209.25,209.25,209.25,29991200,29991200,29991200
2005-04-25 22:00:00,213.25,213.25,213.25,29991200,29991200,29991200
2005-04-26 22:00:00,213.0,213.0,213.0,29991200,29991200,29991200
2005-04-27 22:00:00,208.25,208.25,208.25,29991200,29991200,29991200
2005-04-28 22:00:00,204.5,204.5,204.5,29991200,29991200,29991200
2005-04-29 22:00:00,204.75,204.75,204.75,29991200,29991200,29991200
2005-05-02 22:00:00,200.5,200.5,200.5,29991200,29991200,29991200
2005-05-03 22:00:00,197.0,197.0,197.0,29991200,29991200,29991200
2005-05-04 22:00:00,198.0,198.0,198.0,29991200,29991200,29991200
2005-05-05 22:00:00,199.75,199.75,199.75,29991200,29991200,29991200
2005-05-06 22:00:00,200.5,200.5,200.5,29991200,29991200,29991200
2005-05-09 22:00:00,199.75,199.75,199.75,29991200,29991200,29991200
2005-05-10 22:00:00,200.25,200.25,200.25,29991200,29991200,29991200
2005-05-11 22:00:00,198.25,198.25,198.25,29991200,29991200,29991200
2005-05-12 22:00:00,196.25,196.25,196.25,29991200,29991200,29991200
2005-05-13 22:00:00,195.25,195.25,195.25,29991200,29991200,29991200
2005-05-16 22:00:00,207.0,207.0,207.0,29991200,29991200,29991200
2005-05-17 22:00:00,207.5,207.5,207.5,29991200,29991200,29991200
2005-05-18 22:00:00,210.75,210.75,210.75,29991200,29991200,29991200
2005-05-19 22:00:00,209.5,209.5,209.5,29991200,29991200,29991200
2005-05-20 22:00:00,213.25,213.25,213.25,29991200,29991200,29991200
2005-05-23 22:00:00,224.5,224.5,224.5,29991200,29991200,29991200
2005-05-24 22:00:00,221.25,221.25,221.25,29991200,29991200,29991200
2005-05-25 22:00:00,222.75,222.75,222.75,29991200,29991200,29991200
2005-05-26 22:00:00,225.0,225.0,225.0,29991200,29991200,29991200
2005-05-27 22:00:00,221.25,221.25,221.25,29991200,29991200,29991200
2005-05-31 22:00:00,222.0,222.0,222.0,29991200,29991200,29991200
2005-06-01 22:00:00,224.5,224.5,224.5,29991200,29991200,29991200
2005-06-02 22:00:00,217.0,217.0,217.0,29991200,29991200,29991200
2005-06-03 22:00:00,218.25,218.25,218.25,29991200,29991200,29991200
2005-06-06 22:00:00,220.75,220.75,220.75,29991200,29991200,29991200
2005-06-07 22:00:00,220.25,220.25,220.25,29991200,29991200,29991200
2005-06-08 22:00:00,216.0,216.0,216.0,29991200,29991200,29991200
2005-06-09 22:00:00,215.5,215.5,215.5,29991200,29991200,29991200
2005-06-10 22:00:00,210.0,210.0,210.0,29991200,29991200,29991200
2005-06-13 22:00:00,215.0,215.0,215.0,29991200,29991200,29991200
2005-06-14 22:00:00,219.0,219.0,219.0,29991200,29991200,29991200
2005-06-15 22:00:00,224.25,224.25,224.25,29991200,29991200,29991200
2005-06-16 22:00:00,225.75,225.75,225.75,29991200,29991200,29991200
2005-06-17 22:00:00,229.0,229.0,229.0,29991200,29991200,29991200
2005-06-20 22:00:00,235.5,235.5,235.5,29991200,29991200,29991200
2005-06-21 22:00:00,232.25,232.25,232.25,29991200,29991200,29991200
2005-06-22 22:00:00,229.5,229.5,229.5,29991200,29991200,29991200
2005-06-23 22:00:00,226.5,226.5,226.5,29991200,29991200,29991200
2005-06-24 22:00:00,232.75,232.75,232.75,29991200,29991200,29991200
2005-06-27 22:00:00,221.5,221.5,221.5,29991200,29991200,29991200
2005-06-28 22:00:00,218.5,218.5,218.5,29991200,29991200,29991200
2005-06-29 22:00:00,216.5,216.5,216.5,29991200,29991200,29991200
2005-06-30 22:00:00,212.25,212.25,212.25,29991200,29991200,29991200
2005-07-01 22:00:00,216.5,216.5,216.5,29991200,29991200,29991200
2005-07-05 22:00:00,231.0,231.0,231.0,29991200,29991200,29991200
2005-07-06 22:00:00,230.75,230.75,230.75,29991200,29991200,29991200
2005-07-07 22:00:00,233.75,233.75,233.75,29991200,29991200,29991200
2005-07-08 22:00:00,226.25,226.25,226.25,29991200,29991200,29991200
2005-07-11 22:00:00,226.75,226.75,226.75,29991200,29991200,29991200
2005-07-12 22:00:00,227.0,227.0,227.0,29991200,29991200,29991200
2005-07-13 22:00:00,237.25,237.25,237.25,29991200,29991200,29991200
2005-07-14 22:00:00,245.25,245.25,245.25,29991200,29991200,29991200
2005-07-15 22:00:00,257.75,257.75,257.75,29991200,29991200,29991200
2005-07-18 22:00:00,260.0,260.0,260.0,29991200,29991200,29991200
2005-07-19 22:00:00,248.5,248.5,248.5,29991200,29991200,29991200
2005-07-20 22:00:00,241.5,241.5,241.5,29991200,29991200,29991200
2005-07-21 22:00:00,234.0,234.0,234.0,29991200,29991200,29991200
2005-07-22 22:00:00,233.5,233.5,233.5,29991200,29991200,29991200
2005-07-25 22:00:00,230.5,230.5,230.5,29991200,29991200,29991200
2005-07-26 22:00:00,234.25,234.25,234.25,29991200,29991200,29991200
2005-07-27 22:00:00,236.5,236.5,236.5,29991200,29991200,29991200
2005-07-28 22:00:00,241.0,241.0,241.0,29991200,29991200,29991200
2005-07-29 22:00:00,236.5,236.5,236.5,29991200,29991200,29991200
2005-08-01 22:00:00,231.75,231.75,231.75,29991200,29991200,29991200
2005-08-02 22:00:00,232.5,232.5,232.5,29991200,29991200,29991200
2005-08-03 22:00:00,227.0,227.0,227.0,29991200,29991200,29991200
2005-08-04 22:00:00,224.5,224.5,224.5,29991200,29991200,29991200
2005-08-05 22:00:00,220.5,220.5,220.5,29991200,29991200,29991200
2005-08-08 22:00:00,222.0,222.0,222.0,29991200,29991200,29991200
2005-08-09 22:00:00,218.75,218.75,218.75,29991200,29991200,29991200
2005-08-10 22:00:00,223.0,223.0,223.0,29991200,29991200,29991200
2005-08-11 22:00:00,225.0,225.0,225.0,29991200,29991200,29991200
2005-08-12 22:00:00,217.75,217.75,217.75,29991200,29991200,29991200
2005-08-15 22:00:00,210.5,210.5,210.5,29991200,29991200,29991200
2005-08-16 22:00:00,209.5,209.5,209.5,29991200,29991200,29991200
2005-08-17 22:00:00,213.0,213.0,213.0,29991200,29991200,29991200
2005-08-18 22:00:00,211.25,211.25,211.25,29991200,29991200,29991200
2005-08-19 22:00:00,210.25,210.25,210.25,29991200,29991200,29991200
2005-08-22 22:00:00,212.5,212.5,212.5,29991200,29991200,29991200
2005-08-23 22:00:00,210.5,210.5,210.5,29991200,29991200,29991200
2005-08-24 22:00:00,208.75,208.75,208.75,29991200,29991200,29991200
2005-08-25 22:00:00,206.25,206.25,206.25,29991200,29991200,29991200
2005-08-26 22:00:00,203.75,203.75,203.75,29991200,29991200,29991200
2005-08-29 22:00:00,204.75,204.75,204.75,29991200,29991200,29991200
2005-08-30 22:00:00,203.5,203.5,203.5,29991200,29991200,29991200
2005-08-31 22:00:00,201.5,201.5,201.5,29991200,29991200,29991200
2005-09-01 22:00:00,207.75,207.75,207.75,29991200,29991200,29991200
2005-09-02 22:00:00,203.5,203.5,203.5,29991200,29991200,29991200
2005-09-06 22:00:00,207.5,207.5,207.5,29991200,29991200,29991200
2005-09-07 22:00:00,204.25,204.25,204.25,29991200,29991200,29991200
2005-09-08 22:00:00,202.75,202.75,202.75,29991200,29991200,29991200
2005-09-09 22:00:00,203.0,203.0,203.0,29991200,29991200,29991200
2005-09-12 22:00:00,198.5,198.5,198.5,29991200,29991200,29991200
2005-09-13 22:00:00,198.5,198.5,198.5,29991200,29991200,29991200
2005-09-14 22:00:00,195.0,195.0,195.0,29991200,29991200,29991200
2005-09-15 22:00:00,206.5,206.5,206.5,29991200,29991200,29991200
2005-09-16 22:00:00,206.25,206.25,206.25,29991200,29991200,29991200
2005-09-19 22:00:00,206.25,206.25,206.25,29991200,29991200,29991200
2005-09-20 22:00:00,206.75,206.75,206.75,29991200,29991200,29991200
2005-09-21 22:00:00,206.5,206.5,206.5,29991200,29991200,29991200
2005-09-22 22:00:00,208.25,208.25,208.25,29991200,29991200,29991200
2005-09-23 22:00:00,207.25,207.25,207.25,29991200,29991200,29991200
2005-09-26 22:00:00,204.5,204.5,204.5,29991200,29991200,29991200
2005-09-27 22:00:00,203.25,203.25,203.25,29991200,29991200,29991200
2005-09-28 22:00:00,203.25,203.25,203.25,29991200,29991200,29991200
2005-09-29 22:00:00,203.5,203.5,203.5,29991200,29991200,29991200
2005-09-30 22:00:00,205.5,205.5,205.5,29991200,29991200,29991200
2005-10-03 22:00:00,208.75,208.75,208.75,29991200,29991200,29991200
2005-10-04 22:00:00,205.75,205.75,205.75,29991200,29991200,29991200
2005-10-05 22:00:00,204.75,204.75,204.75,29991200,29991200,29991200
2005-10-06 22:00:00,204.25,204.25,204.25,29991200,29991200,29991200
2005-10-07 22:00:00,202.5,202.5,202.5,29991200,29991200,29991200
2005-10-10 22:00:00,202.0,202.0,202.0,29991200,29991200,29991200
2005-10-11 22:00:00,202.5,202.5,202.5,29991200,29991200,29991200
2005-10-12 22:00:00,205.75,205.75,205.75,29991200,29991200,29991200
2005-10-13 22:00:00,203.5,203.5,203.5,29991200,29991200,29991200
2005-10-14 22:00:00,203.5,203.5,203.5,29991200,29991200,29991200
2005-10-17 22:00:00,203.75,203.75,203.75,29991200,29991200,29991200
2005-10-18 22:00:00,202.0,202.0,202.0,29991200,29991200,29991200
2005-10-19 22:00:00,201.75,201.75,201.75,29991200,29991200,29991200
2005-10-20 22:00:00,202.75,202.75,202.75,29991200,29991200,29991200
2005-10-21 22:00:00,201.5,201.5,201.5,29991200,29991200,29991200
2005-10-24 22:00:00,199.5,199.5,199.5,29991200,29991200,29991200
2005-10-25 22:00:00,199.5,199.5,199.5,29991200,29991200,29991200
2005-10-26 22:00:00,198.25,198.25,198.25,29991200,29991200,29991200
2005-10-27 22:00:00,197.75,197.75,197.75,29991200,29991200,29991200
2005-10-28 22:00:00,197.0,197.0,197.0,29991200,29991200,29991200
2005-10-31 22:00:00,196.25,196.25,196.25,29991200,29991200,29991200
2005-11-01 22:00:00,196.75,196.75,196.75,29991200,29991200,29991200
2005-11-02 22:00:00,196.0,196.0,196.0,29991200,29991200,29991200
2005-11-03 22:00:00,196.25,196.25,196.25,29991200,29991200,29991200
2005-11-04 22:00:00,195.5,195.5,195.5,29991200,29991200,29991200
2005-11-07 22:00:00,194.75,194.75,194.75,29991200,29991200,29991200
2005-11-08 22:00:00,195.25,195.25,195.25,29991200,29991200,29991200
2005-11-09 22:00:00,195.25,195.25,195.25,29991200,29991200,29991200
2005-11-10 22:00:00,193.75,193.75,193.75,29991200,29991200,29991200
2005-11-11 22:00:00,195.5,195.5,195.5,29991200,29991200,29991200
2005-11-14 22:00:00,196.75,196.75,196.75,29991200,29991200,29991200
2005-11-15 22:00:00,195.75,195.75,195.75,29991200,29991200,29991200
2005-11-16 22:00:00,192.75,192.75,192.75,29991200,29991200,29991200
2005-11-17 22:00:00,192.25,192.25,192.25,29991200,29991200,29991200
2005-11-18 22:00:00,191.25,191.25,191.25,29991200,29991200,29991200
2005-11-21 22:00:00,191.5,191.5,191.5,29991200,29991200,29991200
2005-11-22 22:00:00,191.5,191.5,191.5,29991200,29991200,29991200
2005-11-23 22:00:00,190.75,190.75,190.75,29991200,29991200,29991200
2005-11-24 22:00:00,190.75,190.75,190.75,29991200,29991200,29991200
2005-11-25 22:00:00,189.75,189.75,189.75,29991200,29991200,29991200
2005-11-28 22:00:00,187.75,187.75,187.75,29991200,29991200,29991200
2005-11-29 22:00:00,186.25,186.25,186.25,29991200,29991200,29991200
2005-11-30 22:00:00,187.5,187.5,187.5,29991200,29991200,29991200
2005-12-01 22:00:00,189.25,189.25,189.25,29991200,29991200,29991200
2005-12-02 22:00:00,189.75,189.75,189.75,29991200,29991200,29991200
2005-12-05 22:00:00,193.5,193.5,193.5,29991200,29991200,29991200
2005-12-06 22:00:00,190.75,190.75,190.75,29991200,29991200,29991200
2005-12-07 22:00:00,187.0,187.0,187.0,29991200,29991200,29991200
2005-12-08 22:00:00,188.25,188.25,188.25,29991200,29991200,29991200
2005-12-09 22:00:00,189.75,189.75,189.75,29991200,29991200,29991200
2005-12-12 22:00:00,194.25,194.25,194.25,29991200,29991200,29991200
2005-12-13 22:00:00,195.5,195.5,195.5,29991200,29991200,29991200
2005-12-14 22:00:00,194.25,194.25,194.25,29991200,29991200,29991200
2005-12-15 22:00:00,204.75,204.75,204.75,29991200,29991200,29991200
2005-12-16 22:00:00,207.5,207.5,207.5,29991200,29991200,29991200
2005-12-19 22:00:00,208.75,208.75,208.75,29991200,29991200,29991200
2005-12-20 22:00:00,209.75,209.75,209.75,29991200,29991200,29991200
2005-12-21 22:00:00,210.0,210.0,210.0,29991200,29991200,29991200
2005-12-22 22:00:00,212.75,212.75,212.75,29991200,29991200,29991200
2005-12-23 22:00:00,214.0,214.0,214.0,29991200,29991200,29991200
2005-12-27 22:00:00,215.5,215.5,215.5,29991200,29991200,29991200
2005-12-28 22:00:00,216.25,216.25,216.25,29991200,29991200,29991200
2005-12-29 22:00:00,211.0,211.0,211.0,29991200,29991200,29991200
2005-12-30 22:00:00,215.75,215.75,215.75,29991200,29991200,29991200
2006-01-03 22:00:00,220.0,220.0,220.0,29991200,29991200,29991200
2006-01-04 22:00:00,218.25,218.25,218.25,29991200,29991200,29991200
2006-01-05 22:00:00,215.5,215.5,215.5,29991200,29991200,29991200
2006-01-06 22:00:00,214.25,214.25,214.25,29991200,29991200,29991200
2006-01-09 22:00:00,211.0,211.0,211.0,29991200,29991200,29991200
2006-01-10 22:00:00,213.25,213.25,213.25,29991200,29991200,29991200
2006-01-11 22:00:00,214.5,214.5,214.5,29991200,29991200,29991200
2006-01-12 22:00:00,212.75,212.75,212.75,29991200,29991200,29991200
2006-01-13 22:00:00,213.5,213.5,213.5,29991200,29991200,29991200
2006-01-17 22:00:00,208.75,208.75,208.75,29991200,29991200,29991200
2006-01-18 22:00:00,205.75,205.75,205.75,29991200,29991200,29991200
2006-01-19 22:00:00,205.0,205.0,205.0,29991200,29991200,29991200
2006-01-20 22:00:00,205.0,205.0,205.0,29991200,29991200,29991200
2006-01-23 22:00:00,208.25,208.25,208.25,29991200,29991200,29991200
2006-01-24 22:00:00,213.25,213.25,213.25,29991200,29991200,29991200
2006-01-25 22:00:00,216.5,216.5,216.5,29991200,29991200,29991200
2006-01-26 22:00:00,217.0,217.0,217.0,29991200,29991200,29991200
2006-01-27 22:00:00,218.75,218.75,218.75,29991200,29991200,29991200
2006-01-30 22:00:00,217.75,217.75,217.75,29991200,29991200,29991200
2006-01-31 22:00:00,218.75,218.75,218.75,29991200,29991200,29991200
2006-02-01 22:00:00,216.5,216.5,216.5,29991200,29991200,29991200
2006-02-02 22:00:00,220.5,220.5,220.5,29991200,29991200,29991200
2006-02-03 22:00:00,225.25,225.25,225.25,29991200,29991200,29991200
2006-02-06 22:00:00,222.75,222.75,222.75,29991200,29991200,29991200
2006-02-07 22:00:00,218.0,218.0,218.0,29991200,29991200,29991200
2006-02-08 22:00:00,221.25,221.25,221.25,29991200,29991200,29991200
2006-02-09 22:00:00,225.5,225.5,225.5,29991200,29991200,29991200
2006-02-10 22:00:00,221.25,221.25,221.25,29991200,29991200,29991200
2006-02-13 22:00:00,220.75,220.75,220.75,29991200,29991200,29991200
2006-02-14 22:00:00,218.75,218.75,218.75,29991200,29991200,29991200
2006-02-15 22:00:00,222.0,222.0,222.0,29991200,29991200,29991200
2006-02-16 22:00:00,223.5,223.5,223.5,29991200,29991200,29991200
2006-02-17 22:00:00,226.5,226.5,226.5,29991200,29991200,29991200
2006-02-21 22:00:00,226.0,226.0,226.0,29991200,29991200,29991200
2006-02-22 22:00:00,221.5,221.5,221.5,29991200,29991200,29991200
2006-02-23 22:00:00,223.0,223.0,223.0,29991200,29991200,29991200
2006-02-24 22:00:00,227.75,227.75,227.75,29991200,29991200,29991200
2006-02-27 22:00:00,227.5,227.5,227.5,29991200,29991200,29991200
2006-02-28 22:00:00,228.0,228.0,228.0,29991200,29991200,29991200
2006-03-01 22:00:00,224.25,224.25,224.25,29991200,29991200,29991200
2006-03-02 22:00:00,228.5,228.5,228.5,29991200,29991200,29991200
2006-03-03 22:00:00,228.75,228.75,228.75,29991200,29991200,29991200
2006-03-06 22:00:00,223.0,223.0,223.0,29991200,29991200,29991200
2006-03-07 22:00:00,221.0,221.0,221.0,29991200,29991200,29991200
2006-03-08 22:00:00,219.0,219.0,219.0,29991200,29991200,29991200
2006-03-09 22:00:00,223.25,223.25,223.25,29991200,29991200,29991200
2006-03-10 22:00:00,226.0,226.0,226.0,29991200,29991200,29991200
2006-03-13 22:00:00,220.5,220.5,220.5,29991200,29991200,29991200
2006-03-14 22:00:00,218.75,218.75,218.75,29991200,29991200,29991200
2006-03-15 22:00:00,229.25,229.25,229.25,29991200,29991200,29991200
2006-03-16 22:00:00,224.5,224.5,224.5,29991200,29991200,29991200
2006-03-17 22:00:00,221.5,221.5,221.5,29991200,29991200,29991200
2006-03-20 22:00:00,218.25,218.25,218.25,29991200,29991200,29991200
2006-03-21 22:00:00,223.5,223.5,223.5,29991200,29991200,29991200
2006-03-22 22:00:00,222.5,222.5,222.5,29991200,29991200,29991200
2006-03-23 22:00:00,219.25,219.25,219.25,29991200,29991200,29991200
2006-03-24 22:00:00,218.75,218.75,218.75,29991200,29991200,29991200
2006-03-27 22:00:00,221.75,221.75,221.75,29991200,29991200,29991200
2006-03-28 22:00:00,222.25,222.25,222.25,29991200,29991200,29991200
2006-03-29 22:00:00,224.25,224.25,224.25,29991200,29991200,29991200
2006-03-30 22:00:00,227.75,227.75,227.75,29991200,29991200,29991200
2006-03-31 22:00:00,236.0,236.0,236.0,29991200,29991200,29991200
2006-04-03 22:00:00,236.5,236.5,236.5,29991200,29991200,29991200
2006-04-04 22:00:00,234.5,234.5,234.5,29991200,29991200,29991200
2006-04-05 22:00:00,236.25,236.25,236.25,29991200,29991200,29991200
2006-04-06 22:00:00,241.5,241.5,241.5,29991200,29991200,29991200
2006-04-07 22:00:00,243.0,243.0,243.0,29991200,29991200,29991200
2006-04-10 22:00:00,241.25,241.25,241.25,29991200,29991200,29991200
2006-04-11 22:00:00,242.0,242.0,242.0,29991200,29991200,29991200
2006-04-12 22:00:00,237.0,237.0,237.0,29991200,29991200,29991200
2006-04-13 22:00:00,236.25,236.25,236.25,29991200,29991200,29991200
2006-04-17 22:00:00,236.5,236.5,236.5,29991200,29991200,29991200
2006-04-18 22:00:00,239.25,239.25,239.25,29991200,29991200,29991200
2006-04-19 22:00:00,238.5,238.5,238.5,29991200,29991200,29991200
2006-04-20 22:00:00,235.75,235.75,235.75,29991200,29991200,29991200
2006-04-21 22:00:00,236.5,236.5,236.5,29991200,29991200,29991200
2006-04-24 22:00:00,232.75,232.75,232.75,29991200,29991200,29991200
2006-04-25 22:00:00,231.0,231.0,231.0,29991200,29991200,29991200
2006-04-26 22:00:00,231.5,231.5,231.5,29991200,29991200,29991200
2006-04-27 22:00:00,231.25,231.25,231.25,29991200,29991200,29991200
2006-04-28 22:00:00,238.25,238.25,238.25,29991200,29991200,29991200
2006-05-01 22:00:00,238.0,238.0,238.0,29991200,29991200,29991200
2006-05-02 22:00:00,233.25,233.25,233.25,29991200,29991200,29991200
2006-05-03 22:00:00,232.25,232.25,232.25,29991200,29991200,29991200
2006-05-04 22:00:00,229.75,229.75,229.75,29991200,29991200,29991200
2006-05-05 22:00:00,230.75,230.75,230.75,29991200,29991200,29991200
2006-05-08 22:00:00,227.0,227.0,227.0,29991200,29991200,29991200
2006-05-09 22:00:00,228.5,228.5,228.5,29991200,29991200,29991200
2006-05-10 22:00:00,230.0,230.0,230.0,29991200,29991200,29991200
2006-05-11 22:00:00,237.75,237.75,237.75,29991200,29991200,29991200
2006-05-12 22:00:00,248.25,248.25,248.25,29991200,29991200,29991200
2006-05-15 22:00:00,260.0,260.0,260.0,29991200,29991200,29991200
2006-05-16 22:00:00,259.0,259.0,259.0,29991200,29991200,29991200
2006-05-17 22:00:00,263.0,263.0,263.0,29991200,29991200,29991200
2006-05-18 22:00:00,260.25,260.25,260.25,29991200,29991200,29991200
2006-05-19 22:00:00,252.75,252.75,252.75,29991200,29991200,29991200
2006-05-22 22:00:00,254.5,254.5,254.5,29991200,29991200,29991200
2006-05-23 22:00:00,253.0,253.0,253.0,29991200,29991200,29991200
2006-05-24 22:00:00,249.5,249.5,249.5,29991200,29991200,29991200
2006-05-25 22:00:00,253.25,253.25,253.25,29991200,29991200,29991200
2006-05-26 22:00:00,254.0,254.0,254.0,29991200,29991200,29991200
2006-05-30 22:00:00,254.5,254.5,254.5,29991200,29991200,29991200
2006-05-31 22:00:00,251.25,251.25,251.25,29991200,29991200,29991200
2006-06-01 22:00:00,254.5,254.5,254.5,29991200,29991200,29991200
2006-06-02 22:00:00,259.5,259.5,259.5,29991200,29991200,29991200
2006-06-05 22:00:00,253.0,253.0,253.0,29991200,29991200,29991200
2006-06-06 22:00:00,247.75,247.75,247.75,29991200,29991200,29991200
2006-06-07 22:00:00,251.0,251.0,251.0,29991200,29991200,29991200
2006-06-08 22:00:00,245.5,245.5,245.5,29991200,29991200,29991200
2006-06-09 22:00:00,242.0,242.0,242.0,29991200,29991200,29991200
2006-06-12 22:00:00,247.5,247.5,247.5,29991200,29991200,29991200
2006-06-13 22:00:00,243.25,243.25,243.25,29991200,29991200,29991200
2006-06-14 22:00:00,237.0,237.0,237.0,29991200,29991200,29991200
2006-06-15 22:00:00,233.0,233.0,233.0,29991200,29991200,29991200
2006-06-16 22:00:00,235.5,235.5,235.5,29991200,29991200,29991200
2006-06-19 22:00:00,229.75,229.75,229.75,29991200,29991200,29991200
2006-06-20 22:00:00,229.75,229.75,229.75,29991200,29991200,29991200
2006-06-21 22:00:00,232.75,232.75,232.75,29991200,29991200,29991200
2006-06-22 22:00:00,230.5,230.5,230.5,29991200,29991200,29991200
2006-06-23 22:00:00,228.25,228.25,228.25,29991200,29991200,29991200
2006-06-26 22:00:00,223.0,223.0,223.0,29991200,29991200,29991200
2006-06-27 22:00:00,225.25,225.25,225.25,29991200,29991200,29991200
2006-06-28 22:00:00,226.0,226.0,226.0,29991200,29991200,29991200
2006-06-29 22:00:00,228.5,228.5,228.5,29991200,29991200,29991200
2006-06-30 22:00:00,235.5,235.5,235.5,29991200,29991200,29991200
2006-07-03 22:00:00,243.25,243.25,243.25,29991200,29991200,29991200
2006-07-05 22:00:00,239.5,239.5,239.5,29991200,29991200,29991200
2006-07-06 22:00:00,245.25,245.25,245.25,29991200,29991200,29991200
2006-07-07 22:00:00,241.0,241.0,241.0,29991200,29991200,29991200
2006-07-10 22:00:00,247.75,247.75,247.75,29991200,29991200,29991200
2006-07-11 22:00:00,253.75,253.75,253.75,29991200,29991200,29991200
2006-07-12 22:00:00,259.25,259.25,259.25,29991200,29991200,29991200
2006-07-13 22:00:00,252.5,252.5,252.5,29991200,29991200,29991200
2006-07-14 22:00:00,253.5,253.5,253.5,29991200,29991200,29991200
2006-07-17 22:00:00,251.75,251.75,251.75,29991200,29991200,29991200
2006-07-18 22:00:00,246.5,246.5,246.5,29991200,29991200,29991200
2006-07-19 22:00:00,244.75,244.75,244.75,29991200,29991200,29991200
2006-07-20 22:00:00,242.5,242.5,242.5,29991200,29991200,29991200
2006-07-21 22:00:00,237.25,237.25,237.25,29991200,29991200,29991200
2006-07-24 22:00:00,239.0,239.0,239.0,29991200,29991200,29991200
2006-07-25 22:00:00,239.5,239.5,239.5,29991200,29991200,29991200
2006-07-26 22:00:00,236.0,236.0,236.0,29991200,29991200,29991200
2006-07-27 22:00:00,237.75,237.75,237.75,29991200,29991200,29991200
2006-07-28 22:00:00,237.25,237.25,237.25,29991200,29991200,29991200
2006-07-31 22:00:00,239.0,239.0,239.0,29991200,29991200,29991200
2006-08-01 22:00:00,240.5,240.5,240.5,29991200,29991200,29991200
2006-08-02 22:00:00,247.25,247.25,247.25,29991200,29991200,29991200
2006-08-03 22:00:00,245.0,245.0,245.0,29991200,29991200,29991200
2006-08-04 22:00:00,245.0,245.0,245.0,29991200,29991200,29991200
2006-08-07 22:00:00,239.75,239.75,239.75,29991200,29991200,29991200
2006-08-08 22:00:00,235.75,235.75,235.75,29991200,29991200,29991200
2006-08-09 22:00:00,239.75,239.75,239.75,29991200,29991200,29991200
2006-08-10 22:00:00,238.75,238.75,238.75,29991200,29991200,29991200
2006-08-11 22:00:00,224.75,224.75,224.75,29991200,29991200,29991200
2006-08-14 22:00:00,222.0,222.0,222.0,29991200,29991200,29991200
2006-08-15 22:00:00,222.0,222.0,222.0,29991200,29991200,29991200
2006-08-16 22:00:00,221.5,221.5,221.5,29991200,29991200,29991200
2006-08-17 22:00:00,219.0,219.0,219.0,29991200,29991200,29991200
2006-08-18 22:00:00,219.75,219.75,219.75,29991200,29991200,29991200
2006-08-21 22:00:00,221.0,221.0,221.0,29991200,29991200,29991200
2006-08-22 22:00:00,219.5,219.5,219.5,29991200,29991200,29991200
2006-08-23 22:00:00,223.5,223.5,223.5,29991200,29991200,29991200
2006-08-24 22:00:00,227.5,227.5,227.5,29991200,29991200,29991200
2006-08-25 22:00:00,225.0,225.0,225.0,29991200,29991200,29991200
2006-08-28 22:00:00,224.5,224.5,224.5,29991200,29991200,29991200
2006-08-29 22:00:00,222.75,222.75,222.75,29991200,29991200,29991200
2006-08-30 22:00:00,228.5,228.5,228.5,29991200,29991200,29991200
2006-08-31 22:00:00,232.0,232.0,232.0,29991200,29991200,29991200
2006-09-01 22:00:00,230.0,230.0,230.0,29991200,29991200,29991200
2006-09-05 22:00:00,228.75,228.75,228.75,29991200,29991200,29991200
2006-09-06 22:00:00,226.25,226.25,226.25,29991200,29991200,29991200
2006-09-07 22:00:00,230.75,230.75,230.75,29991200,29991200,29991200
2006-09-08 22:00:00,231.75,231.75,231.75,29991200,29991200,29991200
2006-09-11 22:00:00,228.75,228.75,228.75,29991200,29991200,29991200
2006-09-12 22:00:00,223.5,223.5,223.5,29991200,29991200,29991200
2006-09-13 22:00:00,224.0,224.0,224.0,29991200,29991200,29991200
2006-09-14 22:00:00,223.0,223.0,223.0,29991200,29991200,29991200
2006-09-15 22:00:00,241.75,241.75,241.75,29991200,29991200,29991200
2006-09-18 22:00:00,247.75,247.75,247.75,29991200,29991200,29991200
2006-09-19 22:00:00,246.5,246.5,246.5,29991200,29991200,29991200
2006-09-20 22:00:00,249.0,249.0,249.0,29991200,29991200,29991200
2006-09-21 22:00:00,257.25,257.25,257.25,29991200,29991200,29991200
2006-09-22 22:00:00,255.25,255.25,255.25,29991200,29991200,29991200
2006-09-25 22:00:00,254.75,254.75,254.75,29991200,29991200,29991200
2006-09-26 22:00:00,259.0,259.0,259.0,29991200,29991200,29991200
2006-09-27 22:00:00,253.75,253.75,253.75,29991200,29991200,29991200
2006-09-28 22:00:00,264.25,264.25,264.25,29991200,29991200,29991200
2006-09-29 22:00:00,262.5,262.5,262.5,29991200,29991200,29991200
2006-10-02 22:00:00,267.75,267.75,267.75,29991200,29991200,29991200
2006-10-03 22:00:00,264.0,264.0,264.0,29991200,29991200,29991200
2006-10-04 22:00:00,274.25,274.25,274.25,29991200,29991200,29991200
2006-10-05 22:00:00,271.75,271.75,271.75,29991200,29991200,29991200
2006-10-06 22:00:00,271.0,271.0,271.0,29991200,29991200,29991200
2006-10-09 22:00:00,289.5,289.5,289.5,29991200,29991200,29991200
2006-10-10 22:00:00,275.5,275.5,275.5,29991200,29991200,29991200
2006-10-11 22:00:00,284.0,284.0,284.0,29991200,29991200,29991200
2006-10-12 22:00:00,298.25,298.25,298.25,29991200,29991200,29991200
2006-10-13 22:00:00,314.5,314.5,314.5,29991200,29991200,29991200
2006-10-16 22:00:00,316.75,316.75,316.75,29991200,29991200,29991200
2006-10-17 22:00:00,321.0,321.0,321.0,29991200,29991200,29991200
2006-10-18 22:00:00,315.5,315.5,315.5,29991200,29991200,29991200
2006-10-19 22:00:00,316.0,316.0,316.0,29991200,29991200,29991200
2006-10-20 22:00:00,312.75,312.75,312.75,29991200,29991200,29991200
2006-10-23 22:00:00,318.25,318.25,318.25,29991200,29991200,29991200
2006-10-24 22:00:00,324.25,324.25,324.25,29991200,29991200,29991200
2006-10-25 22:00:00,327.0,327.0,327.0,29991200,29991200,29991200
2006-10-26 22:00:00,327.0,327.0,327.0,29991200,29991200,29991200
2006-10-27 22:00:00,332.5,332.5,332.5,29991200,29991200,29991200
2006-10-30 22:00:00,329.5,329.5,329.5,29991200,29991200,29991200
2006-10-31 22:00:00,320.75,320.75,320.75,29991200,29991200,29991200
2006-11-01 22:00:00,333.5,333.5,333.5,29991200,29991200,29991200
2006-11-02 22:00:00,344.75,344.75,344.75,29991200,29991200,29991200
2006-11-03 22:00:00,342.25,342.25,342.25,29991200,29991200,29991200
2006-11-06 22:00:00,343.5,343.5,343.5,29991200,29991200,29991200
2006-11-07 22:00:00,351.0,351.0,351.0,29991200,29991200,29991200
2006-11-08 22:00:00,357.75,357.75,357.75,29991200,29991200,29991200
2006-11-09 22:00:00,350.0,350.0,350.0,29991200,29991200,29991200
2006-11-10 22:00:00,343.25,343.25,343.25,29991200,29991200,29991200
2006-11-13 22:00:00,342.5,342.5,342.5,29991200,29991200,29991200
2006-11-14 22:00:00,357.75,357.75,357.75,29991200,29991200,29991200
2006-11-15 22:00:00,358.25,358.25,358.25,29991200,29991200,29991200
2006-11-16 22:00:00,351.5,351.5,351.5,29991200,29991200,29991200
2006-11-17 22:00:00,355.25,355.25,355.25,29991200,29991200,29991200
2006-11-20 22:00:00,360.0,360.0,360.0,29991200,29991200,29991200
2006-11-21 22:00:00,361.25,361.25,361.25,29991200,29991200,29991200
2006-11-22 22:00:00,362.75,362.75,362.75,29991200,29991200,29991200
2006-11-23 22:00:00,362.75,362.75,362.75,29991200,29991200,29991200
2006-11-24 22:00:00,369.25,369.25,369.25,29991200,29991200,29991200
2006-11-27 22:00:00,371.5,371.5,371.5,29991200,29991200,29991200
2006-11-28 22:00:00,368.75,368.75,368.75,29991200,29991200,29991200
2006-11-29 22:00:00,370.25,370.25,370.25,29991200,29991200,29991200
2006-11-30 22:00:00,377.0,377.0,377.0,29991200,29991200,29991200
2006-12-01 22:00:00,374.0,374.0,374.0,29991200,29991200,29991200
2006-12-04 22:00:00,362.75,362.75,362.75,29991200,29991200,29991200
2006-12-05 22:00:00,366.25,366.25,366.25,29991200,29991200,29991200
2006-12-06 22:00:00,353.0,353.0,353.0,29991200,29991200,29991200
2006-12-07 22:00:00,358.5,358.5,358.5,29991200,29991200,29991200
2006-12-08 22:00:00,354.25,354.25,354.25,29991200,29991200,29991200
2006-12-11 22:00:00,355.5,355.5,355.5,29991200,29991200,29991200
2006-12-12 22:00:00,359.0,359.0,359.0,29991200,29991200,29991200
2006-12-13 22:00:00,354.5,354.5,354.5,29991200,29991200,29991200
2006-12-14 22:00:00,358.75,358.75,358.75,29991200,29991200,29991200
2006-12-15 22:00:00,369.0,369.0,369.0,29991200,29991200,29991200
2006-12-18 22:00:00,365.75,365.75,365.75,29991200,29991200,29991200
2006-12-19 22:00:00,373.0,373.0,373.0,29991200,29991200,29991200
2006-12-20 22:00:00,372.75,372.75,372.75,29991200,29991200,29991200
2006-12-21 22:00:00,377.75,377.75,377.75,29991200,29991200,29991200
2006-12-22 22:00:00,384.0,384.0,384.0,29991200,29991200,29991200
2006-12-26 22:00:00,388.0,388.0,388.0,29991200,29991200,29991200
2006-12-27 22:00:00,386.75,386.75,386.75,29991200,29991200,29991200
2006-12-28 22:00:00,388.5,388.5,388.5,29991200,29991200,29991200
2006-12-29 22:00:00,390.25,390.25,390.25,29991200,29991200,29991200
2007-01-03 22:00:00,370.5,370.5,370.5,29991200,29991200,29991200
2007-01-04 22:00:00,362.25,362.25,362.25,29991200,29991200,29991200
2007-01-05 22:00:00,368.25,368.25,368.25,29991200,29991200,29991200
2007-01-08 22:00:00,363.5,363.5,363.5,29991200,29991200,29991200
2007-01-09 22:00:00,354.5,354.5,354.5,29991200,29991200,29991200
2007-01-10 22:00:00,360.25,360.25,360.25,29991200,29991200,29991200
2007-01-11 22:00:00,376.5,376.5,376.5,29991200,29991200,29991200
2007-01-12 22:00:00,396.5,396.5,396.5,29991200,29991200,29991200
2007-01-16 22:00:00,403.0,403.0,403.0,29991200,29991200,29991200
2007-01-17 22:00:00,408.0,408.0,408.0,29991200,29991200,29991200
2007-01-18 22:00:00,412.25,412.25,412.25,29991200,29991200,29991200
2007-01-19 22:00:00,406.75,406.75,406.75,29991200,29991200,29991200
2007-01-22 22:00:00,404.25,404.25,404.25,29991200,29991200,29991200
2007-01-23 22:00:00,409.0,409.0,409.0,29991200,29991200,29991200
2007-01-24 22:00:00,400.75,400.75,400.75,29991200,29991200,29991200
2007-01-25 22:00:00,407.0,407.0,407.0,29991200,29991200,29991200
2007-01-26 22:00:00,405.5,405.5,405.5,29991200,29991200,29991200
2007-01-29 22:00:00,400.0,400.0,400.0,29991200,29991200,29991200
2007-01-30 22:00:00,404.75,404.75,404.75,29991200,29991200,29991200
2007-01-31 22:00:00,404.0,404.0,404.0,29991200,29991200,29991200
2007-02-01 22:00:00,398.0,398.0,398.0,29991200,29991200,29991200
2007-02-02 22:00:00,402.0,402.0,402.0,29991200,29991200,29991200
2007-02-05 22:00:00,402.0,402.0,402.0,29991200,29991200,29991200
2007-02-06 22:00:00,396.5,396.5,396.5,29991200,29991200,29991200
2007-02-07 22:00:00,392.25,392.25,392.25,29991200,29991200,29991200
2007-02-08 22:00:00,399.75,399.75,399.75,29991200,29991200,29991200
2007-02-09 22:00:00,406.25,406.25,406.25,29991200,29991200,29991200
2007-02-12 22:00:00,404.75,404.75,404.75,29991200,29991200,29991200
2007-02-13 22:00:00,411.0,411.0,411.0,29991200,29991200,29991200
2007-02-14 22:00:00,408.25,408.25,408.25,29991200,29991200,29991200
2007-02-15 22:00:00,407.5,407.5,407.5,29991200,29991200,29991200
2007-02-16 22:00:00,417.0,417.0,417.0,29991200,29991200,29991200
2007-02-20 22:00:00,415.25,415.25,415.25,29991200,29991200,29991200
2007-02-21 22:00:00,426.25,426.25,426.25,29991200,29991200,29991200
2007-02-22 22:00:00,434.5,434.5,434.5,29991200,29991200,29991200
2007-02-23 22:00:00,430.25,430.25,430.25,29991200,29991200,29991200
2007-02-26 22:00:00,425.5,425.5,425.5,29991200,29991200,29991200
2007-02-27 22:00:00,411.0,411.0,411.0,29991200,29991200,29991200
2007-02-28 22:00:00,425.25,425.25,425.25,29991200,29991200,29991200
2007-03-01 22:00:00,417.25,417.25,417.25,29991200,29991200,29991200
2007-03-02 22:00:00,411.0,411.0,411.0,29991200,29991200,29991200
2007-03-05 22:00:00,417.25,417.25,417.25,29991200,29991200,29991200
2007-03-06 22:00:00,412.5,412.5,412.5,29991200,29991200,29991200
2007-03-07 22:00:00,415.75,415.75,415.75,29991200,29991200,29991200
2007-03-08 22:00:00,412.0,412.0,412.0,29991200,29991200,29991200
2007-03-09 22:00:00,408.25,408.25,408.25,29991200,29991200,29991200
2007-03-12 22:00:00,399.75,399.75,399.75,29991200,29991200,29991200
2007-03-13 22:00:00,397.0,397.0,397.0,29991200,29991200,29991200
2007-03-14 22:00:00,389.5,389.5,389.5,29991200,29991200,29991200
2007-03-15 22:00:00,397.75,397.75,397.75,29991200,29991200,29991200
2007-03-16 22:00:00,399.5,399.5,399.5,29991200,29991200,29991200
2007-03-19 22:00:00,398.0,398.0,398.0,29991200,29991200,29991200
2007-03-20 22:00:00,405.25,405.25,405.25,29991200,29991200,29991200
2007-03-21 22:00:00,409.75,409.75,409.75,29991200,29991200,29991200
2007-03-22 22:00:00,409.5,409.5,409.5,29991200,29991200,29991200
2007-03-23 22:00:00,403.25,403.25,403.25,29991200,29991200,29991200
2007-03-26 22:00:00,391.0,391.0,391.0,29991200,29991200,29991200
2007-03-27 22:00:00,392.5,392.5,392.5,29991200,29991200,29991200
2007-03-28 22:00:00,388.5,388.5,388.5,29991200,29991200,29991200
2007-03-29 22:00:00,394.5,394.5,394.5,29991200,29991200,29991200
2007-03-30 22:00:00,374.5,374.5,374.5,29991200,29991200,29991200
2007-04-02 22:00:00,354.75,354.75,354.75,29991200,29991200,29991200
2007-04-03 22:00:00,346.25,346.25,346.25,29991200,29991200,29991200
2007-04-04 22:00:00,359.25,359.25,359.25,29991200,29991200,29991200
2007-04-05 22:00:00,366.0,366.0,366.0,29991200,29991200,29991200
2007-04-09 22:00:00,363.5,363.5,363.5,29991200,29991200,29991200
2007-04-10 22:00:00,369.0,369.0,369.0,29991200,29991200,29991200
2007-04-11 22:00:00,360.75,360.75,360.75,29991200,29991200,29991200
2007-04-12 22:00:00,358.75,358.75,358.75,29991200,29991200,29991200
2007-04-13 22:00:00,369.0,369.0,369.0,29991200,29991200,29991200
2007-04-16 22:00:00,364.25,364.25,364.25,29991200,29991200,29991200
2007-04-17 22:00:00,353.25,353.25,353.25,29991200,29991200,29991200
2007-04-18 22:00:00,363.5,363.5,363.5,29991200,29991200,29991200
2007-04-19 22:00:00,371.25,371.25,371.25,29991200,29991200,29991200
2007-04-20 22:00:00,360.5,360.5,360.5,29991200,29991200,29991200
2007-04-23 22:00:00,352.25,352.25,352.25,29991200,29991200,29991200
2007-04-24 22:00:00,360.5,360.5,360.5,29991200,29991200,29991200
2007-04-25 22:00:00,371.25,371.25,371.25,29991200,29991200,29991200
2007-04-26 22:00:00,364.75,364.75,364.75,29991200,29991200,29991200
2007-04-27 22:00:00,364.25,364.25,364.25,29991200,29991200,29991200
2007-04-30 22:00:00,358.0,358.0,358.0,29991200,29991200,29991200
2007-05-01 22:00:00,367.5,367.5,367.5,29991200,29991200,29991200
2007-05-02 22:00:00,372.0,372.0,372.0,29991200,29991200,29991200
2007-05-03 22:00:00,379.75,379.75,379.75,29991200,29991200,29991200
2007-05-04 22:00:00,381.25,381.25,381.25,29991200,29991200,29991200
2007-05-07 22:00:00,369.5,369.5,369.5,29991200,29991200,29991200
2007-05-08 22:00:00,353.75,353.75,353.75,29991200,29991200,29991200
2007-05-09 22:00:00,357.25,357.25,357.25,29991200,29991200,29991200
2007-05-10 22:00:00,345.75,345.75,345.75,29991200,29991200,29991200
2007-05-11 22:00:00,361.0,361.0,361.0,29991200,29991200,29991200
2007-05-14 22:00:00,358.0,358.0,358.0,29991200,29991200,29991200
2007-05-15 22:00:00,371.5,371.5,371.5,29991200,29991200,29991200
2007-05-16 22:00:00,376.0,376.0,376.0,29991200,29991200,29991200
2007-05-17 22:00:00,373.0,373.0,373.0,29991200,29991200,29991200
2007-05-18 22:00:00,371.25,371.25,371.25,29991200,29991200,29991200
2007-05-21 22:00:00,381.0,381.0,381.0,29991200,29991200,29991200
2007-05-22 22:00:00,369.5,369.5,369.5,29991200,29991200,29991200
2007-05-23 22:00:00,368.5,368.5,368.5,29991200,29991200,29991200
2007-05-24 22:00:00,376.5,376.5,376.5,29991200,29991200,29991200
2007-05-25 22:00:00,376.0,376.0,376.0,29991200,29991200,29991200
2007-05-29 22:00:00,364.75,364.75,364.75,29991200,29991200,29991200
2007-05-30 22:00:00,382.25,382.25,382.25,29991200,29991200,29991200
2007-05-31 22:00:00,390.25,390.25,390.25,29991200,29991200,29991200
2007-06-01 22:00:00,386.75,386.75,386.75,29991200,29991200,29991200
2007-06-04 22:00:00,383.75,383.75,383.75,29991200,29991200,29991200
2007-06-05 22:00:00,380.25,380.25,380.25,29991200,29991200,29991200
2007-06-06 22:00:00,374.75,374.75,374.75,29991200,29991200,29991200
2007-06-07 22:00:00,384.75,384.75,384.75,29991200,29991200,29991200
2007-06-08 22:00:00,382.0,382.0,382.0,29991200,29991200,29991200
2007-06-11 22:00:00,396.0,396.0,396.0,29991200,29991200,29991200
2007-06-12 22:00:00,393.5,393.5,393.5,29991200,29991200,29991200
2007-06-13 22:00:00,404.5,404.5,404.5,29991200,29991200,29991200
2007-06-14 22:00:00,409.5,409.5,409.5,29991200,29991200,29991200
2007-06-15 22:00:00,419.0,419.0,419.0,29991200,29991200,29991200
2007-06-18 22:00:00,416.0,416.0,416.0,29991200,29991200,29991200
2007-06-19 22:00:00,396.0,396.0,396.0,29991200,29991200,29991200
2007-06-20 22:00:00,394.25,394.25,394.25,29991200,29991200,29991200
2007-06-21 22:00:00,385.0,385.0,385.0,29991200,29991200,29991200
2007-06-22 22:00:00,367.5,367.5,367.5,29991200,29991200,29991200
2007-06-25 22:00:00,357.75,357.75,357.75,29991200,29991200,29991200
2007-06-26 22:00:00,356.5,356.5,356.5,29991200,29991200,29991200
2007-06-27 22:00:00,343.75,343.75,343.75,29991200,29991200,29991200
2007-06-28 22:00:00,339.5,339.5,339.5,29991200,29991200,29991200
2007-06-29 22:00:00,329.5,329.5,329.5,29991200,29991200,29991200
2007-07-02 22:00:00,330.5,330.5,330.5,29991200,29991200,29991200
2007-07-03 22:00:00,320.0,320.0,320.0,29991200,29991200,29991200
2007-07-05 22:00:00,324.0,324.0,324.0,29991200,29991200,29991200
2007-07-06 22:00:00,334.5,334.5,334.5,29991200,29991200,29991200
2007-07-09 22:00:00,332.5,332.5,332.5,29991200,29991200,29991200
2007-07-10 22:00:00,338.0,338.0,338.0,29991200,29991200,29991200
2007-07-11 22:00:00,336.0,336.0,336.0,29991200,29991200,29991200
2007-07-12 22:00:00,344.0,344.0,344.0,29991200,29991200,29991200
2007-07-13 22:00:00,341.5,341.5,341.5,29991200,29991200,29991200
2007-07-16 22:00:00,334.75,334.75,334.75,29991200,29991200,29991200
2007-07-17 22:00:00,322.5,322.5,322.5,29991200,29991200,29991200
2007-07-18 22:00:00,327.0,327.0,327.0,29991200,29991200,29991200
2007-07-19 22:00:00,321.25,321.25,321.25,29991200,29991200,29991200
2007-07-20 22:00:00,318.25,318.25,318.25,29991200,29991200,29991200
2007-07-23 22:00:00,310.0,310.0,310.0,29991200,29991200,29991200
2007-07-24 22:00:00,311.5,311.5,311.5,29991200,29991200,29991200
2007-07-25 22:00:00,311.5,311.5,311.5,29991200,29991200,29991200
2007-07-26 22:00:00,317.5,317.5,317.5,29991200,29991200,29991200
2007-07-27 22:00:00,321.0,321.0,321.0,29991200,29991200,29991200
2007-07-30 22:00:00,323.5,323.5,323.5,29991200,29991200,29991200
2007-07-31 22:00:00,325.75,325.75,325.75,29991200,29991200,29991200
2007-08-01 22:00:00,319.0,319.0,319.0,29991200,29991200,29991200
2007-08-02 22:00:00,324.0,324.0,324.0,29991200,29991200,29991200
2007-08-03 22:00:00,326.5,326.5,326.5,29991200,29991200,29991200
2007-08-06 22:00:00,325.75,325.75,325.75,29991200,29991200,29991200
2007-08-07 22:00:00,335.25,335.25,335.25,29991200,29991200,29991200
2007-08-08 22:00:00,341.0,341.0,341.0,29991200,29991200,29991200
2007-08-09 22:00:00,332.25,332.25,332.25,29991200,29991200,29991200
2007-08-10 22:00:00,333.0,333.0,333.0,29991200,29991200,29991200
2007-08-13 22:00:00,331.0,331.0,331.0,29991200,29991200,29991200
2007-08-14 22:00:00,327.5,327.5,327.5,29991200,29991200,29991200
2007-08-15 22:00:00,328.0,328.0,328.0,29991200,29991200,29991200
2007-08-16 22:00:00,321.5,321.5,321.5,29991200,29991200,29991200
2007-08-17 22:00:00,328.5,328.5,328.5,29991200,29991200,29991200
2007-08-20 22:00:00,331.75,331.75,331.75,29991200,29991200,29991200
2007-08-21 22:00:00,338.5,338.5,338.5,29991200,29991200,29991200
2007-08-22 22:00:00,347.5,347.5,347.5,29991200,29991200,29991200
2007-08-23 22:00:00,345.25,345.25,345.25,29991200,29991200,29991200
2007-08-24 22:00:00,341.5,341.5,341.5,29991200,29991200,29991200
2007-08-27 22:00:00,335.75,335.75,335.75,29991200,29991200,29991200
2007-08-28 22:00:00,327.25,327.25,327.25,29991200,29991200,29991200
2007-08-29 22:00:00,322.75,322.75,322.75,29991200,29991200,29991200
2007-08-30 22:00:00,322.75,322.75,322.75,29991200,29991200,29991200
2007-08-31 22:00:00,324.0,324.0,324.0,29991200,29991200,29991200
2007-09-04 22:00:00,336.75,336.75,336.75,29991200,29991200,29991200
2007-09-05 22:00:00,328.75,328.75,328.75,29991200,29991200,29991200
2007-09-06 22:00:00,323.25,323.25,323.25,29991200,29991200,29991200
2007-09-07 22:00:00,331.25,331.25,331.25,29991200,29991200,29991200
2007-09-10 22:00:00,329.75,329.75,329.75,29991200,29991200,29991200
2007-09-11 22:00:00,324.5,324.5,324.5,29991200,29991200,29991200
2007-09-12 22:00:00,339.75,339.75,339.75,29991200,29991200,29991200
2007-09-13 22:00:00,330.75,330.75,330.75,29991200,29991200,29991200
2007-09-14 22:00:00,336.5,336.5,336.5,29991200,29991200,29991200
2007-09-17 22:00:00,352.25,352.25,352.25,29991200,29991200,29991200
2007-09-18 22:00:00,352.25,352.25,352.25,29991200,29991200,29991200
2007-09-19 22:00:00,358.25,358.25,358.25,29991200,29991200,29991200
2007-09-20 22:00:00,369.25,369.25,369.25,29991200,29991200,29991200
2007-09-21 22:00:00,376.5,376.5,376.5,29991200,29991200,29991200
2007-09-24 22:00:00,373.5,373.5,373.5,29991200,29991200,29991200
2007-09-25 22:00:00,371.75,371.75,371.75,29991200,29991200,29991200
2007-09-26 22:00:00,375.0,375.0,375.0,29991200,29991200,29991200
2007-09-27 22:00:00,386.75,386.75,386.75,29991200,29991200,29991200
2007-09-28 22:00:00,373.0,373.0,373.0,29991200,29991200,29991200
2007-10-01 22:00:00,368.75,368.75,368.75,29991200,29991200,29991200
2007-10-02 22:00:00,348.75,348.75,348.75,29991200,29991200,29991200
2007-10-03 22:00:00,344.5,344.5,344.5,29991200,29991200,29991200
2007-10-04 22:00:00,342.25,342.25,342.25,29991200,29991200,29991200
2007-10-05 22:00:00,342.25,342.25,342.25,29991200,29991200,29991200
2007-10-08 22:00:00,339.75,339.75,339.75,29991200,29991200,29991200
2007-10-09 22:00:00,342.5,342.5,342.5,29991200,29991200,29991200
2007-10-10 22:00:00,347.25,347.25,347.25,29991200,29991200,29991200
2007-10-11 22:00:00,343.75,343.75,343.75,29991200,29991200,29991200
2007-10-12 22:00:00,351.0,351.0,351.0,29991200,29991200,29991200
2007-10-15 22:00:00,362.0,362.0,362.0,29991200,29991200,29991200
2007-10-16 22:00:00,360.5,360.5,360.5,29991200,29991200,29991200
2007-10-17 22:00:00,358.0,358.0,358.0,29991200,29991200,29991200
2007-10-18 22:00:00,367.25,367.25,367.25,29991200,29991200,29991200
2007-10-19 22:00:00,370.25,370.25,370.25,29991200,29991200,29991200
2007-10-22 22:00:00,364.5,364.5,364.5,29991200,29991200,29991200
2007-10-23 22:00:00,361.0,361.0,361.0,29991200,29991200,29991200
2007-10-24 22:00:00,356.5,356.5,356.5,29991200,29991200,29991200
2007-10-25 22:00:00,366.25,366.25,366.25,29991200,29991200,29991200
2007-10-26 22:00:00,372.0,372.0,372.0,29991200,29991200,29991200
2007-10-29 22:00:00,376.0,376.0,376.0,29991200,29991200,29991200
2007-10-30 22:00:00,370.25,370.25,370.25,29991200,29991200,29991200
2007-10-31 22:00:00,375.5,375.5,375.5,29991200,29991200,29991200
2007-11-01 22:00:00,368.75,368.75,368.75,29991200,29991200,29991200
2007-11-02 22:00:00,377.0,377.0,377.0,29991200,29991200,29991200
2007-11-05 22:00:00,375.25,375.25,375.25,29991200,29991200,29991200
2007-11-06 22:00:00,385.75,385.75,385.75,29991200,29991200,29991200
2007-11-07 22:00:00,384.25,384.25,384.25,29991200,29991200,29991200
2007-11-08 22:00:00,389.5,389.5,389.5,29991200,29991200,29991200
2007-11-09 22:00:00,386.75,386.75,386.75,29991200,29991200,29991200
2007-11-12 22:00:00,379.0,379.0,379.0,29991200,29991200,29991200
2007-11-13 22:00:00,374.75,374.75,374.75,29991200,29991200,29991200
2007-11-14 22:00:00,383.0,383.0,383.0,29991200,29991200,29991200
2007-11-15 22:00:00,374.75,374.75,374.75,29991200,29991200,29991200
2007-11-16 22:00:00,379.5,379.5,379.5,29991200,29991200,29991200
2007-11-19 22:00:00,377.5,377.5,377.5,29991200,29991200,29991200
2007-11-20 22:00:00,381.25,381.25,381.25,29991200,29991200,29991200
2007-11-21 22:00:00,382.0,382.0,382.0,29991200,29991200,29991200
2007-11-23 22:00:00,389.0,389.0,389.0,29991200,29991200,29991200
2007-11-26 22:00:00,385.75,385.75,385.75,29991200,29991200,29991200
2007-11-27 22:00:00,383.5,383.5,383.5,29991200,29991200,29991200
2007-11-28 22:00:00,387.25,387.25,387.25,29991200,29991200,29991200
2007-11-29 22:00:00,383.5,383.5,383.5,29991200,29991200,29991200
2007-11-30 22:00:00,384.5,384.5,384.5,29991200,29991200,29991200
2007-12-03 22:00:00,386.0,386.0,386.0,29991200,29991200,29991200
2007-12-04 22:00:00,394.0,394.0,394.0,29991200,29991200,29991200
2007-12-05 22:00:00,394.0,394.0,394.0,29991200,29991200,29991200
2007-12-06 22:00:00,394.75,394.75,394.75,29991200,29991200,29991200
2007-12-07 22:00:00,399.5,399.5,399.5,29991200,29991200,29991200
2007-12-10 22:00:00,400.5,400.5,400.5,29991200,29991200,29991200
2007-12-11 22:00:00,406.5,406.5,406.5,29991200,29991200,29991200
2007-12-12 22:00:00,416.75,416.75,416.75,29991200,29991200,29991200
2007-12-13 22:00:00,418.75,418.75,418.75,29991200,29991200,29991200
2007-12-14 22:00:00,420.0,420.0,420.0,29991200,29991200,29991200
2007-12-17 22:00:00,438.75,438.75,438.75,29991200,29991200,29991200
2007-12-18 22:00:00,432.0,432.0,432.0,29991200,29991200,29991200
2007-12-19 22:00:00,434.75,434.75,434.75,29991200,29991200,29991200
2007-12-20 22:00:00,437.5,437.5,437.5,29991200,29991200,29991200
2007-12-21 22:00:00,443.5,443.5,443.5,29991200,29991200,29991200
2007-12-24 22:00:00,444.0,444.0,444.0,29991200,29991200,29991200
2007-12-26 22:00:00,452.25,452.25,452.25,29991200,29991200,29991200
2007-12-27 22:00:00,454.75,454.75,454.75,29991200,29991200,29991200
2007-12-28 22:00:00,452.0,452.0,452.0,29991200,29991200,29991200
2007-12-31 22:00:00,455.5,455.5,455.5,29991200,29991200,29991200
2008-01-02 22:00:00,462.5,462.5,462.5,29991200,29991200,29991200
2008-01-03 22:00:00,466.0,466.0,466.0,29991200,29991200,29991200
2008-01-04 22:00:00,466.75,466.75,466.75,29991200,29991200,29991200
2008-01-07 22:00:00,466.25,466.25,466.25,29991200,29991200,29991200
2008-01-08 22:00:00,478.75,478.75,478.75,29991200,29991200,29991200
2008-01-09 22:00:00,477.25,477.25,477.25,29991200,29991200,29991200
2008-01-10 22:00:00,475.0,475.0,475.0,29991200,29991200,29991200
2008-01-11 22:00:00,495.0,495.0,495.0,29991200,29991200,29991200
2008-01-14 22:00:00,512.0,512.0,512.0,29991200,29991200,29991200
2008-01-15 22:00:00,509.0,509.0,509.0,29991200,29991200,29991200
2008-01-16 22:00:00,502.5,502.5,502.5,29991200,29991200,29991200
2008-01-17 22:00:00,502.0,502.0,502.0,29991200,29991200,29991200
2008-01-18 22:00:00,498.25,498.25,498.25,29991200,29991200,29991200
2008-01-22 22:00:00,489.0,489.0,489.0,29991200,29991200,29991200
2008-01-23 22:00:00,469.25,469.25,469.25,29991200,29991200,29991200
2008-01-24 22:00:00,489.25,489.25,489.25,29991200,29991200,29991200
2008-01-25 22:00:00,498.25,498.25,498.25,29991200,29991200,29991200
2008-01-28 22:00:00,502.25,502.25,502.25,29991200,29991200,29991200
2008-01-29 22:00:00,501.0,501.0,501.0,29991200,29991200,29991200
2008-01-30 22:00:00,498.5,498.5,498.5,29991200,29991200,29991200
2008-01-31 22:00:00,501.25,501.25,501.25,29991200,29991200,29991200
2008-02-01 22:00:00,500.5,500.5,500.5,29991200,29991200,29991200
2008-02-04 22:00:00,510.5,510.5,510.5,29991200,29991200,29991200
2008-02-05 22:00:00,509.25,509.25,509.25,29991200,29991200,29991200
2008-02-06 22:00:00,501.5,501.5,501.5,29991200,29991200,29991200
2008-02-07 22:00:00,499.5,499.5,499.5,29991200,29991200,29991200
2008-02-08 22:00:00,508.0,508.0,508.0,29991200,29991200,29991200
2008-02-11 22:00:00,503.5,503.5,503.5,29991200,29991200,29991200
2008-02-12 22:00:00,497.75,497.75,497.75,29991200,29991200,29991200
2008-02-13 22:00:00,497.0,497.0,497.0,29991200,29991200,29991200
2008-02-14 22:00:00,511.0,511.0,511.0,29991200,29991200,29991200
2008-02-15 22:00:00,514.75,514.75,514.75,29991200,29991200,29991200
2008-02-19 22:00:00,520.0,520.0,520.0,29991200,29991200,29991200
2008-02-20 22:00:00,523.5,523.5,523.5,29991200,29991200,29991200
2008-02-21 22:00:00,524.5,524.5,524.5,29991200,29991200,29991200
2008-02-22 22:00:00,522.25,522.25,522.25,29991200,29991200,29991200
2008-02-25 22:00:00,533.25,533.25,533.25,29991200,29991200,29991200
2008-02-26 22:00:00,530.5,530.5,530.5,29991200,29991200,29991200
2008-02-27 22:00:00,525.0,525.0,525.0,29991200,29991200,29991200
2008-02-28 22:00:00,543.25,543.25,543.25,29991200,29991200,29991200
2008-02-29 22:00:00,546.0,546.0,546.0,29991200,29991200,29991200
2008-03-03 22:00:00,555.5,555.5,555.5,29991200,29991200,29991200
2008-03-04 22:00:00,543.0,543.0,543.0,29991200,29991200,29991200
2008-03-05 22:00:00,557.0,557.0,557.0,29991200,29991200,29991200
2008-03-06 22:00:00,557.0,557.0,557.0,29991200,29991200,29991200
2008-03-07 22:00:00,533.5,533.5,533.5,29991200,29991200,29991200
2008-03-10 22:00:00,555.5,555.5,555.5,29991200,29991200,29991200
2008-03-11 22:00:00,564.0,564.0,564.0,29991200,29991200,29991200
2008-03-12 22:00:00,556.75,556.75,556.75,29991200,29991200,29991200
2008-03-13 22:00:00,559.75,559.75,559.75,29991200,29991200,29991200
2008-03-14 22:00:00,545.5,545.5,545.5,29991200,29991200,29991200
2008-03-17 22:00:00,539.25,539.25,539.25,29991200,29991200,29991200
2008-03-18 22:00:00,547.25,547.25,547.25,29991200,29991200,29991200
2008-03-19 22:00:00,527.25,527.25,527.25,29991200,29991200,29991200
2008-03-20 22:00:00,507.5,507.5,507.5,29991200,29991200,29991200
2008-03-24 22:00:00,524.75,524.75,524.75,29991200,29991200,29991200
2008-03-25 22:00:00,544.75,544.75,544.75,29991200,29991200,29991200
2008-03-26 22:00:00,552.25,552.25,552.25,29991200,29991200,29991200
2008-03-27 22:00:00,555.5,555.5,555.5,29991200,29991200,29991200
2008-03-28 22:00:00,560.5,560.5,560.5,29991200,29991200,29991200
2008-03-31 22:00:00,567.25,567.25,567.25,29991200,29991200,29991200
2008-04-01 22:00:00,584.0,584.0,584.0,29991200,29991200,29991200
2008-04-02 22:00:00,595.75,595.75,595.75,29991200,29991200,29991200
2008-04-03 22:00:00,600.0,600.0,600.0,29991200,29991200,29991200
2008-04-04 22:00:00,598.0,598.0,598.0,29991200,29991200,29991200
2008-04-07 22:00:00,590.0,590.0,590.0,29991200,29991200,29991200
2008-04-08 22:00:00,591.25,591.25,591.25,29991200,29991200,29991200
2008-04-09 22:00:00,605.0,605.0,605.0,29991200,29991200,29991200
2008-04-10 22:00:00,594.25,594.25,594.25,29991200,29991200,29991200
2008-04-11 22:00:00,584.25,584.25,584.25,29991200,29991200,29991200
2008-04-14 22:00:00,591.75,591.75,591.75,29991200,29991200,29991200
2008-04-15 22:00:00,606.0,606.0,606.0,29991200,29991200,29991200
2008-04-16 22:00:00,603.5,603.5,603.5,29991200,29991200,29991200
2008-04-17 22:00:00,603.5,603.5,603.5,29991200,29991200,29991200
2008-04-18 22:00:00,599.5,599.5,599.5,29991200,29991200,29991200
2008-04-21 22:00:00,580.25,580.25,580.25,29991200,29991200,29991200
2008-04-22 22:00:00,594.25,594.25,594.25,29991200,29991200,29991200
2008-04-23 22:00:00,587.75,587.75,587.75,29991200,29991200,29991200
2008-04-24 22:00:00,576.25,576.25,576.25,29991200,29991200,29991200
2008-04-25 22:00:00,577.25,577.25,577.25,29991200,29991200,29991200
2008-04-28 22:00:00,600.0,600.0,600.0,29991200,29991200,29991200
2008-04-29 22:00:00,591.25,591.25,591.25,29991200,29991200,29991200
2008-04-30 22:00:00,600.25,600.25,600.25,29991200,29991200,29991200
2008-05-01 22:00:00,605.5,605.5,605.5,29991200,29991200,29991200
2008-05-02 22:00:00,602.0,602.0,602.0,29991200,29991200,29991200
2008-05-05 22:00:00,582.0,582.0,582.0,29991200,29991200,29991200
2008-05-06 22:00:00,594.75,594.75,594.75,29991200,29991200,29991200
2008-05-07 22:00:00,601.5,601.5,601.5,29991200,29991200,29991200
2008-05-08 22:00:00,618.75,618.75,618.75,29991200,29991200,29991200
2008-05-09 22:00:00,618.5,618.5,618.5,29991200,29991200,29991200
2008-05-12 22:00:00,603.5,603.5,603.5,29991200,29991200,29991200
2008-05-13 22:00:00,597.5,597.5,597.5,29991200,29991200,29991200
2008-05-14 22:00:00,589.75,589.75,589.75,29991200,29991200,29991200
2008-05-15 22:00:00,599.0,599.0,599.0,29991200,29991200,29991200
2008-05-16 22:00:00,591.0,591.0,591.0,29991200,29991200,29991200
2008-05-19 22:00:00,586.75,586.75,586.75,29991200,29991200,29991200
2008-05-20 22:00:00,589.75,589.75,589.75,29991200,29991200,29991200
2008-05-21 22:00:00,607.25,607.25,607.25,29991200,29991200,29991200
2008-05-22 22:00:00,595.75,595.75,595.75,29991200,29991200,29991200
2008-05-23 22:00:00,599.75,599.75,599.75,29991200,29991200,29991200
2008-05-27 22:00:00,598.0,598.0,598.0,29991200,29991200,29991200
2008-05-28 22:00:00,592.5,592.5,592.5,29991200,29991200,29991200
2008-05-29 22:00:00,582.25,582.25,582.25,29991200,29991200,29991200
2008-05-30 22:00:00,599.25,599.25,599.25,29991200,29991200,29991200
2008-06-02 22:00:00,615.75,615.75,615.75,29991200,29991200,29991200
2008-06-03 22:00:00,608.0,608.0,608.0,29991200,29991200,29991200
2008-06-04 22:00:00,614.5,614.5,614.5,29991200,29991200,29991200
2008-06-05 22:00:00,643.25,643.25,643.25,29991200,29991200,29991200
2008-06-06 22:00:00,650.75,650.75,650.75,29991200,29991200,29991200
2008-06-09 22:00:00,657.25,657.25,657.25,29991200,29991200,29991200
2008-06-10 22:00:00,673.25,673.25,673.25,29991200,29991200,29991200
2008-06-11 22:00:00,703.25,703.25,703.25,29991200,29991200,29991200
2008-06-12 22:00:00,709.0,709.0,709.0,29991200,29991200,29991200
2008-06-13 22:00:00,731.75,731.75,731.75,29991200,29991200,29991200
2008-06-16 22:00:00,732.5,732.5,732.5,29991200,29991200,29991200
2008-06-17 22:00:00,742.25,742.25,742.25,29991200,29991200,29991200
2008-06-18 22:00:00,746.25,746.25,746.25,29991200,29991200,29991200
2008-06-19 22:00:00,727.75,727.75,727.75,29991200,29991200,29991200
2008-06-20 22:00:00,721.25,721.25,721.25,29991200,29991200,29991200
2008-06-23 22:00:00,724.25,724.25,724.25,29991200,29991200,29991200
2008-06-24 22:00:00,712.5,712.5,712.5,29991200,29991200,29991200
2008-06-25 22:00:00,730.0,730.0,730.0,29991200,29991200,29991200
2008-06-26 22:00:00,753.75,753.75,753.75,29991200,29991200,29991200
2008-06-27 22:00:00,754.75,754.75,754.75,29991200,29991200,29991200
2008-06-30 22:00:00,724.75,724.75,724.75,29991200,29991200,29991200
2008-07-01 22:00:00,719.5,719.5,719.5,29991200,29991200,29991200
2008-07-02 22:00:00,748.75,748.75,748.75,29991200,29991200,29991200
2008-07-03 22:00:00,746.0,746.0,746.0,29991200,29991200,29991200
2008-07-07 22:00:00,716.5,716.5,716.5,29991200,29991200,29991200
2008-07-08 22:00:00,692.75,692.75,692.75,29991200,29991200,29991200
2008-07-09 22:00:00,683.0,683.0,683.0,29991200,29991200,29991200
2008-07-10 22:00:00,675.25,675.25,675.25,29991200,29991200,29991200
2008-07-11 22:00:00,680.0,680.0,680.0,29991200,29991200,29991200
2008-07-14 22:00:00,657.0,657.0,657.0,29991200,29991200,29991200
2008-07-15 22:00:00,648.25,648.25,648.25,29991200,29991200,29991200
2008-07-16 22:00:00,658.5,658.5,658.5,29991200,29991200,29991200
2008-07-17 22:00:00,631.25,631.25,631.25,29991200,29991200,29991200
2008-07-18 22:00:00,609.5,609.5,609.5,29991200,29991200,29991200
2008-07-21 22:00:00,589.25,589.25,589.25,29991200,29991200,29991200
2008-07-22 22:00:00,573.5,573.5,573.5,29991200,29991200,29991200
2008-07-23 22:00:00,571.5,571.5,571.5,29991200,29991200,29991200
2008-07-24 22:00:00,573.0,573.0,573.0,29991200,29991200,29991200
2008-07-25 22:00:00,577.25,577.25,577.25,29991200,29991200,29991200
2008-07-28 22:00:00,582.0,582.0,582.0,29991200,29991200,29991200
2008-07-29 22:00:00,594.0,594.0,594.0,29991200,29991200,29991200
2008-07-30 22:00:00,601.5,601.5,601.5,29991200,29991200,29991200
2008-07-31 22:00:00,587.5,587.5,587.5,29991200,29991200,29991200
2008-08-01 22:00:00,565.0,565.0,565.0,29991200,29991200,29991200
2008-08-04 22:00:00,535.5,535.5,535.5,29991200,29991200,29991200
2008-08-05 22:00:00,525.25,525.25,525.25,29991200,29991200,29991200
2008-08-06 22:00:00,508.0,508.0,508.0,29991200,29991200,29991200
2008-08-07 22:00:00,522.25,522.25,522.25,29991200,29991200,29991200
2008-08-08 22:00:00,498.5,498.5,498.5,29991200,29991200,29991200
2008-08-11 22:00:00,497.25,497.25,497.25,29991200,29991200,29991200
2008-08-12 22:00:00,509.0,509.0,509.0,29991200,29991200,29991200
2008-08-13 22:00:00,539.0,539.0,539.0,29991200,29991200,29991200
2008-08-14 22:00:00,557.75,557.75,557.75,29991200,29991200,29991200
2008-08-15 22:00:00,529.75,529.75,529.75,29991200,29991200,29991200
2008-08-18 22:00:00,553.0,553.0,553.0,29991200,29991200,29991200
2008-08-19 22:00:00,564.75,564.75,564.75,29991200,29991200,29991200
2008-08-20 22:00:00,575.25,575.25,575.25,29991200,29991200,29991200
2008-08-21 22:00:00,597.75,597.75,597.75,29991200,29991200,29991200
2008-08-22 22:00:00,586.5,586.5,586.5,29991200,29991200,29991200
2008-08-25 22:00:00,580.25,580.25,580.25,29991200,29991200,29991200
2008-08-26 22:00:00,575.25,575.25,575.25,29991200,29991200,29991200
2008-08-27 22:00:00,577.5,577.5,577.5,29991200,29991200,29991200
2008-08-28 22:00:00,570.0,570.0,570.0,29991200,29991200,29991200
2008-08-29 22:00:00,568.25,568.25,568.25,29991200,29991200,29991200
2008-09-02 22:00:00,553.0,553.0,553.0,29991200,29991200,29991200
2008-09-03 22:00:00,546.5,546.5,546.5,29991200,29991200,29991200
2008-09-04 22:00:00,549.25,549.25,549.25,29991200,29991200,29991200
2008-09-05 22:00:00,531.5,531.5,531.5,29991200,29991200,29991200
2008-09-08 22:00:00,533.0,533.0,533.0,29991200,29991200,29991200
2008-09-09 22:00:00,529.5,529.5,529.5,29991200,29991200,29991200
2008-09-10 22:00:00,522.5,522.5,522.5,29991200,29991200,29991200
2008-09-11 22:00:00,522.25,522.25,522.25,29991200,29991200,29991200
2008-09-12 22:00:00,547.5,547.5,547.5,29991200,29991200,29991200
2008-09-15 22:00:00,562.0,562.0,562.0,29991200,29991200,29991200
2008-09-16 22:00:00,532.25,532.25,532.25,29991200,29991200,29991200
2008-09-17 22:00:00,554.0,554.0,554.0,29991200,29991200,29991200
2008-09-18 22:00:00,527.25,527.25,527.25,29991200,29991200,29991200
2008-09-19 22:00:00,542.25,542.25,542.25,29991200,29991200,29991200
2008-09-22 22:00:00,558.5,558.5,558.5,29991200,29991200,29991200
2008-09-23 22:00:00,560.25,560.25,560.25,29991200,29991200,29991200
2008-09-24 22:00:00,563.0,563.0,563.0,29991200,29991200,29991200
2008-09-25 22:00:00,558.25,558.25,558.25,29991200,29991200,29991200
2008-09-26 22:00:00,543.0,543.0,543.0,29991200,29991200,29991200
2008-09-29 22:00:00,513.0,513.0,513.0,29991200,29991200,29991200
2008-09-30 22:00:00,487.5,487.5,487.5,29991200,29991200,29991200
2008-10-01 22:00:00,484.0,484.0,484.0,29991200,29991200,29991200
2008-10-02 22:00:00,454.0,454.0,454.0,29991200,29991200,29991200
2008-10-03 22:00:00,454.0,454.0,454.0,29991200,29991200,29991200
2008-10-06 22:00:00,424.0,424.0,424.0,29991200,29991200,29991200
2008-10-07 22:00:00,417.0,417.0,417.0,29991200,29991200,29991200
2008-10-08 22:00:00,427.5,427.5,427.5,29991200,29991200,29991200
2008-10-09 22:00:00,438.25,438.25,438.25,29991200,29991200,29991200
2008-10-10 22:00:00,408.25,408.25,408.25,29991200,29991200,29991200
2008-10-13 22:00:00,411.5,411.5,411.5,29991200,29991200,29991200
2008-10-14 22:00:00,411.25,411.25,411.25,29991200,29991200,29991200
2008-10-15 22:00:00,388.0,388.0,388.0,29991200,29991200,29991200
2008-10-16 22:00:00,384.5,384.5,384.5,29991200,29991200,29991200
2008-10-17 22:00:00,403.0,403.0,403.0,29991200,29991200,29991200
2008-10-20 22:00:00,418.5,418.5,418.5,29991200,29991200,29991200
2008-10-21 22:00:00,411.0,411.0,411.0,29991200,29991200,29991200
2008-10-22 22:00:00,385.0,385.0,385.0,29991200,29991200,29991200
2008-10-23 22:00:00,390.25,390.25,390.25,29991200,29991200,29991200
2008-10-24 22:00:00,372.75,372.75,372.75,29991200,29991200,29991200
2008-10-27 22:00:00,385.25,385.25,385.25,29991200,29991200,29991200
2008-10-28 22:00:00,390.75,390.75,390.75,29991200,29991200,29991200
2008-10-29 22:00:00,420.75,420.75,420.75,29991200,29991200,29991200
2008-10-30 22:00:00,409.5,409.5,409.5,29991200,29991200,29991200
2008-10-31 22:00:00,401.5,401.5,401.5,29991200,29991200,29991200
2008-11-03 22:00:00,403.0,403.0,403.0,29991200,29991200,29991200
2008-11-04 22:00:00,413.0,413.0,413.0,29991200,29991200,29991200
2008-11-05 22:00:00,390.25,390.25,390.25,29991200,29991200,29991200
2008-11-06 22:00:00,378.0,378.0,378.0,29991200,29991200,29991200
2008-11-07 22:00:00,375.5,375.5,375.5,29991200,29991200,29991200
2008-11-10 22:00:00,383.5,383.5,383.5,29991200,29991200,29991200
2008-11-11 22:00:00,374.25,374.25,374.25,29991200,29991200,29991200
2008-11-12 22:00:00,369.5,369.5,369.5,29991200,29991200,29991200
2008-11-13 22:00:00,377.0,377.0,377.0,29991200,29991200,29991200
2008-11-14 22:00:00,380.25,380.25,380.25,29991200,29991200,29991200
2008-11-17 22:00:00,385.75,385.75,385.75,29991200,29991200,29991200
2008-11-18 22:00:00,380.0,380.0,380.0,29991200,29991200,29991200
2008-11-19 22:00:00,378.75,378.75,378.75,29991200,29991200,29991200
2008-11-20 22:00:00,363.75,363.75,363.75,29991200,29991200,29991200
2008-11-21 22:00:00,338.5,338.5,338.5,29991200,29991200,29991200
2008-11-24 22:00:00,354.5,354.5,354.5,29991200,29991200,29991200
2008-11-25 22:00:00,353.5,353.5,353.5,29991200,29991200,29991200
2008-11-26 22:00:00,354.0,354.0,354.0,29991200,29991200,29991200
2008-11-28 22:00:00,349.5,349.5,349.5,29991200,29991200,29991200
2008-12-01 22:00:00,332.75,332.75,332.75,29991200,29991200,29991200
2008-12-02 22:00:00,332.5,332.5,332.5,29991200,29991200,29991200
2008-12-03 22:00:00,332.0,332.0,332.0,29991200,29991200,29991200
2008-12-04 22:00:00,318.25,318.25,318.25,29991200,29991200,29991200
2008-12-05 22:00:00,293.5,293.5,293.5,29991200,29991200,29991200
2008-12-08 22:00:00,314.25,314.25,314.25,29991200,29991200,29991200
2008-12-09 22:00:00,312.25,312.25,312.25,29991200,29991200,29991200
2008-12-10 22:00:00,326.75,326.75,326.75,29991200,29991200,29991200
2008-12-11 22:00:00,338.0,338.0,338.0,29991200,29991200,29991200
2008-12-12 22:00:00,359.5,359.5,359.5,29991200,29991200,29991200
2008-12-15 22:00:00,375.25,375.25,375.25,29991200,29991200,29991200
2008-12-16 22:00:00,394.0,394.0,394.0,29991200,29991200,29991200
2008-12-17 22:00:00,389.5,389.5,389.5,29991200,29991200,29991200
2008-12-18 22:00:00,389.5,389.5,389.5,29991200,29991200,29991200
2008-12-19 22:00:00,380.75,380.75,380.75,29991200,29991200,29991200
2008-12-22 22:00:00,381.75,381.75,381.75,29991200,29991200,29991200
2008-12-23 22:00:00,394.75,394.75,394.75,29991200,29991200,29991200
2008-12-24 22:00:00,398.0,398.0,398.0,29991200,29991200,29991200
2008-12-26 22:00:00,412.25,412.25,412.25,29991200,29991200,29991200
2008-12-29 22:00:00,393.5,393.5,393.5,29991200,29991200,29991200
2008-12-30 22:00:00,396.25,396.25,396.25,29991200,29991200,29991200
2008-12-31 22:00:00,407.0,407.0,407.0,29991200,29991200,29991200
2009-01-02 22:00:00,412.25,412.25,412.25,29991200,29991200,29991200
2009-01-05 22:00:00,411.25,411.25,411.25,29991200,29991200,29991200
2009-01-06 22:00:00,427.5,427.5,427.5,29991200,29991200,29991200
2009-01-07 22:00:00,416.5,416.5,416.5,29991200,29991200,29991200
2009-01-08 22:00:00,406.75,406.75,406.75,29991200,29991200,29991200
2009-01-09 22:00:00,410.75,410.75,410.75,29991200,29991200,29991200
2009-01-12 22:00:00,380.75,380.75,380.75,29991200,29991200,29991200
2009-01-13 22:00:00,362.5,362.5,362.5,29991200,29991200,29991200
2009-01-14 22:00:00,366.5,366.5,366.5,29991200,29991200,29991200
2009-01-15 22:00:00,365.25,365.25,365.25,29991200,29991200,29991200
2009-01-16 22:00:00,391.0,391.0,391.0,29991200,29991200,29991200
2009-01-20 22:00:00,383.5,383.5,383.5,29991200,29991200,29991200
2009-01-21 22:00:00,390.25,390.25,390.25,29991200,29991200,29991200
2009-01-22 22:00:00,387.5,387.5,387.5,29991200,29991200,29991200
2009-01-23 22:00:00,390.5,390.5,390.5,29991200,29991200,29991200
2009-01-26 22:00:00,393.75,393.75,393.75,29991200,29991200,29991200
2009-01-27 22:00:00,377.5,377.5,377.5,29991200,29991200,29991200
2009-01-28 22:00:00,384.5,384.5,384.5,29991200,29991200,29991200
2009-01-29 22:00:00,381.75,381.75,381.75,29991200,29991200,29991200
2009-01-30 22:00:00,379.0,379.0,379.0,29991200,29991200,29991200
2009-02-02 22:00:00,370.5,370.5,370.5,29991200,29991200,29991200
2009-02-03 22:00:00,361.75,361.75,361.75,29991200,29991200,29991200
2009-02-04 22:00:00,358.25,358.25,358.25,29991200,29991200,29991200
2009-02-05 22:00:00,371.25,371.25,371.25,29991200,29991200,29991200
2009-02-06 22:00:00,377.25,377.25,377.25,29991200,29991200,29991200
2009-02-09 22:00:00,377.5,377.5,377.5,29991200,29991200,29991200
2009-02-10 22:00:00,376.75,376.75,376.75,29991200,29991200,29991200
2009-02-11 22:00:00,368.5,368.5,368.5,29991200,29991200,29991200
2009-02-12 22:00:00,366.25,366.25,366.25,29991200,29991200,29991200
2009-02-13 22:00:00,363.25,363.25,363.25,29991200,29991200,29991200
2009-02-17 22:00:00,349.25,349.25,349.25,29991200,29991200,29991200
2009-02-18 22:00:00,349.25,349.25,349.25,29991200,29991200,29991200
2009-02-19 22:00:00,353.25,353.25,353.25,29991200,29991200,29991200
2009-02-20 22:00:00,350.25,350.25,350.25,29991200,29991200,29991200
2009-02-23 22:00:00,351.75,351.75,351.75,29991200,29991200,29991200
2009-02-24 22:00:00,354.25,354.25,354.25,29991200,29991200,29991200
2009-02-25 22:00:00,363.75,363.75,363.75,29991200,29991200,29991200
2009-02-26 22:00:00,362.0,362.0,362.0,29991200,29991200,29991200
2009-02-27 22:00:00,350.75,350.75,350.75,29991200,29991200,29991200
2009-03-02 22:00:00,343.5,343.5,343.5,29991200,29991200,29991200
2009-03-03 22:00:00,343.5,343.5,343.5,29991200,29991200,29991200
2009-03-04 22:00:00,355.25,355.25,355.25,29991200,29991200,29991200
2009-03-05 22:00:00,349.25,349.25,349.25,29991200,29991200,29991200
2009-03-06 22:00:00,352.75,352.75,352.75,29991200,29991200,29991200
2009-03-09 22:00:00,357.25,357.25,357.25,29991200,29991200,29991200
2009-03-10 22:00:00,366.75,366.75,366.75,29991200,29991200,29991200
2009-03-11 22:00:00,356.0,356.0,356.0,29991200,29991200,29991200
2009-03-12 22:00:00,376.75,376.75,376.75,29991200,29991200,29991200
2009-03-13 22:00:00,375.0,375.0,375.0,29991200,29991200,29991200
2009-03-16 22:00:00,391.5,391.5,391.5,29991200,29991200,29991200
2009-03-17 22:00:00,390.5,390.5,390.5,29991200,29991200,29991200
2009-03-18 22:00:00,388.25,388.25,388.25,29991200,29991200,29991200
2009-03-19 22:00:00,396.5,396.5,396.5,29991200,29991200,29991200
2009-03-20 22:00:00,396.5,396.5,396.5,29991200,29991200,29991200
2009-03-23 22:00:00,395.5,395.5,395.5,29991200,29991200,29991200
2009-03-24 22:00:00,393.75,393.75,393.75,29991200,29991200,29991200
2009-03-25 22:00:00,385.75,385.75,385.75,29991200,29991200,29991200
2009-03-26 22:00:00,390.75,390.75,390.75,29991200,29991200,29991200
2009-03-27 22:00:00,387.0,387.0,387.0,29991200,29991200,29991200
2009-03-30 22:00:00,386.25,386.25,386.25,29991200,29991200,29991200
2009-03-31 22:00:00,404.75,404.75,404.75,29991200,29991200,29991200
2009-04-01 22:00:00,396.0,396.0,396.0,29991200,29991200,29991200
2009-04-02 22:00:00,402.5,402.5,402.5,29991200,29991200,29991200
2009-04-03 22:00:00,404.5,404.5,404.5,29991200,29991200,29991200
2009-04-06 22:00:00,405.5,405.5,405.5,29991200,29991200,29991200
2009-04-07 22:00:00,396.25,396.25,396.25,29991200,29991200,29991200
2009-04-08 22:00:00,397.0,397.0,397.0,29991200,29991200,29991200
2009-04-09 22:00:00,390.25,390.25,390.25,29991200,29991200,29991200
2009-04-13 22:00:00,387.5,387.5,387.5,29991200,29991200,29991200
2009-04-14 22:00:00,394.25,394.25,394.25,29991200,29991200,29991200
2009-04-15 22:00:00,384.5,384.5,384.5,29991200,29991200,29991200
2009-04-16 22:00:00,385.75,385.75,385.75,29991200,29991200,29991200
2009-04-17 22:00:00,376.25,376.25,376.25,29991200,29991200,29991200
2009-04-20 22:00:00,369.5,369.5,369.5,29991200,29991200,29991200
2009-04-21 22:00:00,374.0,374.0,374.0,29991200,29991200,29991200
2009-04-22 22:00:00,373.5,373.5,373.5,29991200,29991200,29991200
2009-04-23 22:00:00,381.0,381.0,381.0,29991200,29991200,29991200
2009-04-24 22:00:00,377.0,377.0,377.0,29991200,29991200,29991200
2009-04-27 22:00:00,372.25,372.25,372.25,29991200,29991200,29991200
2009-04-28 22:00:00,375.0,375.0,375.0,29991200,29991200,29991200
2009-04-29 22:00:00,393.0,393.0,393.0,29991200,29991200,29991200
2009-04-30 22:00:00,396.25,396.25,396.25,29991200,29991200,29991200
2009-05-01 22:00:00,406.25,406.25,406.25,29991200,29991200,29991200
2009-05-04 22:00:00,398.0,398.0,398.0,29991200,29991200,29991200
2009-05-05 22:00:00,398.5,398.5,398.5,29991200,29991200,29991200
2009-05-06 22:00:00,400.75,400.75,400.75,29991200,29991200,29991200
2009-05-07 22:00:00,404.75,404.75,404.75,29991200,29991200,29991200
2009-05-08 22:00:00,414.0,414.0,414.0,29991200,29991200,29991200
2009-05-11 22:00:00,413.5,413.5,413.5,29991200,29991200,29991200
2009-05-12 22:00:00,419.5,419.5,419.5,29991200,29991200,29991200
2009-05-13 22:00:00,419.5,419.5,419.5,29991200,29991200,29991200
2009-05-14 22:00:00,421.5,421.5,421.5,29991200,29991200,29991200
2009-05-15 22:00:00,417.25,417.25,417.25,29991200,29991200,29991200
2009-05-18 22:00:00,421.5,421.5,421.5,29991200,29991200,29991200
2009-05-19 22:00:00,425.75,425.75,425.75,29991200,29991200,29991200
2009-05-20 22:00:00,426.0,426.0,426.0,29991200,29991200,29991200
2009-05-21 22:00:00,424.0,424.0,424.0,29991200,29991200,29991200
2009-05-22 22:00:00,430.25,430.25,430.25,29991200,29991200,29991200
2009-05-26 22:00:00,427.5,427.5,427.5,29991200,29991200,29991200
2009-05-27 22:00:00,426.0,426.0,426.0,29991200,29991200,29991200
2009-05-28 22:00:00,428.75,428.75,428.75,29991200,29991200,29991200
2009-05-29 22:00:00,436.25,436.25,436.25,29991200,29991200,29991200
2009-06-01 22:00:00,445.75,445.75,445.75,29991200,29991200,29991200
2009-06-02 22:00:00,449.5,449.5,449.5,29991200,29991200,29991200
2009-06-03 22:00:00,432.5,432.5,432.5,29991200,29991200,29991200
2009-06-04 22:00:00,448.5,448.5,448.5,29991200,29991200,29991200
2009-06-05 22:00:00,444.0,444.0,444.0,29991200,29991200,29991200
2009-06-08 22:00:00,435.0,435.0,435.0,29991200,29991200,29991200
2009-06-09 22:00:00,444.0,444.0,444.0,29991200,29991200,29991200
2009-06-10 22:00:00,435.75,435.75,435.75,29991200,29991200,29991200
2009-06-11 22:00:00,441.0,441.0,441.0,29991200,29991200,29991200
2009-06-12 22:00:00,425.5,425.5,425.5,29991200,29991200,29991200
2009-06-15 22:00:00,406.0,406.0,406.0,29991200,29991200,29991200
2009-06-16 22:00:00,404.0,404.0,404.0,29991200,29991200,29991200
2009-06-17 22:00:00,407.75,407.75,407.75,29991200,29991200,29991200
2009-06-18 22:00:00,403.25,403.25,403.25,29991200,29991200,29991200
2009-06-19 22:00:00,399.25,399.25,399.25,29991200,29991200,29991200
2009-06-22 22:00:00,385.25,385.25,385.25,29991200,29991200,29991200
2009-06-23 22:00:00,389.0,389.0,389.0,29991200,29991200,29991200
2009-06-24 22:00:00,386.5,386.5,386.5,29991200,29991200,29991200
2009-06-25 22:00:00,382.5,382.5,382.5,29991200,29991200,29991200
2009-06-26 22:00:00,384.25,384.25,384.25,29991200,29991200,29991200
2009-06-29 22:00:00,377.0,377.0,377.0,29991200,29991200,29991200
2009-06-30 22:00:00,347.75,347.75,347.75,29991200,29991200,29991200
2009-07-01 22:00:00,351.75,351.75,351.75,29991200,29991200,29991200
2009-07-02 22:00:00,345.75,345.75,345.75,29991200,29991200,29991200
2009-07-06 22:00:00,343.25,343.25,343.25,29991200,29991200,29991200
2009-07-07 22:00:00,335.5,335.5,335.5,29991200,29991200,29991200
2009-07-08 22:00:00,339.25,339.25,339.25,29991200,29991200,29991200
2009-07-09 22:00:00,343.5,343.5,343.5,29991200,29991200,29991200
2009-07-10 22:00:00,345.5,345.5,345.5,29991200,29991200,29991200
2009-07-13 22:00:00,359.0,359.0,359.0,29991200,29991200,29991200
2009-07-14 22:00:00,350.0,350.0,350.0,29991200,29991200,29991200
2009-07-15 22:00:00,329.5,329.5,329.5,29991200,29991200,29991200
2009-07-16 22:00:00,316.75,316.75,316.75,29991200,29991200,29991200
2009-07-17 22:00:00,322.25,322.25,322.25,29991200,29991200,29991200
2009-07-20 22:00:00,323.25,323.25,323.25,29991200,29991200,29991200
2009-07-21 22:00:00,311.5,311.5,311.5,29991200,29991200,29991200
2009-07-22 22:00:00,308.0,308.0,308.0,29991200,29991200,29991200
2009-07-23 22:00:00,327.0,327.0,327.0,29991200,29991200,29991200
2009-07-24 22:00:00,316.25,316.25,316.25,29991200,29991200,29991200
2009-07-27 22:00:00,322.25,322.25,322.25,29991200,29991200,29991200
2009-07-28 22:00:00,320.5,320.5,320.5,29991200,29991200,29991200
2009-07-29 22:00:00,320.75,320.75,320.75,29991200,29991200,29991200
2009-07-30 22:00:00,332.25,332.25,332.25,29991200,29991200,29991200
2009-07-31 22:00:00,339.5,339.5,339.5,29991200,29991200,29991200
2009-08-03 22:00:00,358.0,358.0,358.0,29991200,29991200,29991200
2009-08-04 22:00:00,354.5,354.5,354.5,29991200,29991200,29991200
2009-08-05 22:00:00,347.0,347.0,347.0,29991200,29991200,29991200
2009-08-06 22:00:00,332.5,332.5,332.5,29991200,29991200,29991200
2009-08-07 22:00:00,322.0,322.0,322.0,29991200,29991200,29991200
2009-08-10 22:00:00,324.25,324.25,324.25,29991200,29991200,29991200
2009-08-11 22:00:00,326.5,326.5,326.5,29991200,29991200,29991200
2009-08-12 22:00:00,330.75,330.75,330.75,29991200,29991200,29991200
2009-08-13 22:00:00,324.5,324.5,324.5,29991200,29991200,29991200
2009-08-14 22:00:00,319.25,319.25,319.25,29991200,29991200,29991200
2009-08-17 22:00:00,314.25,314.25,314.25,29991200,29991200,29991200
2009-08-18 22:00:00,314.5,314.5,314.5,29991200,29991200,29991200
2009-08-19 22:00:00,320.0,320.0,320.0,29991200,29991200,29991200
2009-08-20 22:00:00,318.5,318.5,318.5,29991200,29991200,29991200
2009-08-21 22:00:00,321.75,321.75,321.75,29991200,29991200,29991200
2009-08-24 22:00:00,329.5,329.5,329.5,29991200,29991200,29991200
2009-08-25 22:00:00,321.5,321.5,321.5,29991200,29991200,29991200
2009-08-26 22:00:00,320.5,320.5,320.5,29991200,29991200,29991200
2009-08-27 22:00:00,323.0,323.0,323.0,29991200,29991200,29991200
2009-08-28 22:00:00,321.0,321.0,321.0,29991200,29991200,29991200
2009-08-31 22:00:00,326.25,326.25,326.25,29991200,29991200,29991200
2009-09-01 22:00:00,312.25,312.25,312.25,29991200,29991200,29991200
2009-09-02 22:00:00,313.25,313.25,313.25,29991200,29991200,29991200
2009-09-03 22:00:00,311.0,311.0,311.0,29991200,29991200,29991200
2009-09-04 22:00:00,300.5,300.5,300.5,29991200,29991200,29991200
2009-09-08 22:00:00,302.75,302.75,302.75,29991200,29991200,29991200
2009-09-09 22:00:00,305.5,305.5,305.5,29991200,29991200,29991200
2009-09-10 22:00:00,309.5,309.5,309.5,29991200,29991200,29991200
2009-09-11 22:00:00,314.5,314.5,314.5,29991200,29991200,29991200
2009-09-14 22:00:00,305.0,305.0,305.0,29991200,29991200,29991200
2009-09-15 22:00:00,346.5,346.5,346.5,29991200,29991200,29991200
2009-09-16 22:00:00,336.25,336.25,336.25,29991200,29991200,29991200
2009-09-17 22:00:00,329.0,329.0,329.0,29991200,29991200,29991200
2009-09-18 22:00:00,318.0,318.0,318.0,29991200,29991200,29991200
2009-09-21 22:00:00,316.0,316.0,316.0,29991200,29991200,29991200
2009-09-22 22:00:00,325.75,325.75,325.75,29991200,29991200,29991200
2009-09-23 22:00:00,330.25,330.25,330.25,29991200,29991200,29991200
2009-09-24 22:00:00,336.5,336.5,336.5,29991200,29991200,29991200
2009-09-25 22:00:00,334.0,334.0,334.0,29991200,29991200,29991200
2009-09-28 22:00:00,338.75,338.75,338.75,29991200,29991200,29991200
2009-09-29 22:00:00,341.0,341.0,341.0,29991200,29991200,29991200
2009-09-30 22:00:00,344.0,344.0,344.0,29991200,29991200,29991200
2009-10-01 22:00:00,340.5,340.5,340.5,29991200,29991200,29991200
2009-10-02 22:00:00,333.5,333.5,333.5,29991200,29991200,29991200
2009-10-05 22:00:00,341.5,341.5,341.5,29991200,29991200,29991200
2009-10-06 22:00:00,358.25,358.25,358.25,29991200,29991200,29991200
2009-10-07 22:00:00,359.75,359.75,359.75,29991200,29991200,29991200
2009-10-08 22:00:00,364.0,364.0,364.0,29991200,29991200,29991200
2009-10-09 22:00:00,362.25,362.25,362.25,29991200,29991200,29991200
2009-10-12 22:00:00,381.25,381.25,381.25,29991200,29991200,29991200
2009-10-13 22:00:00,381.75,381.75,381.75,29991200,29991200,29991200
2009-10-14 22:00:00,383.0,383.0,383.0,29991200,29991200,29991200
2009-10-15 22:00:00,373.0,373.0,373.0,29991200,29991200,29991200
2009-10-16 22:00:00,372.0,372.0,372.0,29991200,29991200,29991200
2009-10-19 22:00:00,386.25,386.25,386.25,29991200,29991200,29991200
2009-10-20 22:00:00,384.5,384.5,384.5,29991200,29991200,29991200
2009-10-21 22:00:00,398.25,398.25,398.25,29991200,29991200,29991200
2009-10-22 22:00:00,403.5,403.5,403.5,29991200,29991200,29991200
2009-10-23 22:00:00,397.75,397.75,397.75,29991200,29991200,29991200
2009-10-26 22:00:00,378.0,378.0,378.0,29991200,29991200,29991200
2009-10-27 22:00:00,370.75,370.75,370.75,29991200,29991200,29991200
2009-10-28 22:00:00,369.0,369.0,369.0,29991200,29991200,29991200
2009-10-29 22:00:00,379.5,379.5,379.5,29991200,29991200,29991200
2009-10-30 22:00:00,366.0,366.0,366.0,29991200,29991200,29991200
2009-11-02 22:00:00,382.25,382.25,382.25,29991200,29991200,29991200
2009-11-03 22:00:00,390.0,390.0,390.0,29991200,29991200,29991200
2009-11-04 22:00:00,384.0,384.0,384.0,29991200,29991200,29991200
2009-11-05 22:00:00,376.5,376.5,376.5,29991200,29991200,29991200
2009-11-06 22:00:00,367.0,367.0,367.0,29991200,29991200,29991200
2009-11-09 22:00:00,386.0,386.0,386.0,29991200,29991200,29991200
2009-11-10 22:00:00,394.5,394.5,394.5,29991200,29991200,29991200
2009-11-11 22:00:00,394.0,394.0,394.0,29991200,29991200,29991200
2009-11-12 22:00:00,390.5,390.5,390.5,29991200,29991200,29991200
2009-11-13 22:00:00,390.5,390.5,390.5,29991200,29991200,29991200
2009-11-16 22:00:00,402.25,402.25,402.25,29991200,29991200,29991200
2009-11-17 22:00:00,402.0,402.0,402.0,29991200,29991200,29991200
2009-11-18 22:00:00,398.0,398.0,398.0,29991200,29991200,29991200
2009-11-19 22:00:00,395.0,395.0,395.0,29991200,29991200,29991200
2009-11-20 22:00:00,391.0,391.0,391.0,29991200,29991200,29991200
2009-11-23 22:00:00,387.25,387.25,387.25,29991200,29991200,29991200
2009-11-24 22:00:00,376.0,376.0,376.0,29991200,29991200,29991200
2009-11-25 22:00:00,392.0,392.0,392.0,29991200,29991200,29991200
2009-11-27 22:00:00,397.25,397.25,397.25,29991200,29991200,29991200
2009-11-30 22:00:00,402.75,402.75,402.75,29991200,29991200,29991200
2009-12-01 22:00:00,399.75,399.75,399.75,29991200,29991200,29991200
2009-12-02 22:00:00,391.75,391.75,391.75,29991200,29991200,29991200
2009-12-03 22:00:00,385.25,385.25,385.25,29991200,29991200,29991200
2009-12-04 22:00:00,373.75,373.75,373.75,29991200,29991200,29991200
2009-12-07 22:00:00,368.75,368.75,368.75,29991200,29991200,29991200
2009-12-08 22:00:00,369.5,369.5,369.5,29991200,29991200,29991200
2009-12-09 22:00:00,368.0,368.0,368.0,29991200,29991200,29991200
2009-12-10 22:00:00,377.25,377.25,377.25,29991200,29991200,29991200
2009-12-11 22:00:00,389.25,389.25,389.25,29991200,29991200,29991200
2009-12-14 22:00:00,392.0,392.0,392.0,29991200,29991200,29991200
2009-12-15 22:00:00,407.5,407.5,407.5,29991200,29991200,29991200
2009-12-16 22:00:00,410.25,410.25,410.25,29991200,29991200,29991200
2009-12-17 22:00:00,397.0,397.0,397.0,29991200,29991200,29991200
2009-12-18 22:00:00,397.75,397.75,397.75,29991200,29991200,29991200
2009-12-21 22:00:00,400.0,400.0,400.0,29991200,29991200,29991200
2009-12-22 22:00:00,398.75,398.75,398.75,29991200,29991200,29991200
2009-12-23 22:00:00,404.75,404.75,404.75,29991200,29991200,29991200
2009-12-24 22:00:00,408.5,408.5,408.5,29991200,29991200,29991200
2009-12-28 22:00:00,416.0,416.0,416.0,29991200,29991200,29991200
2009-12-29 22:00:00,417.0,417.0,417.0,29991200,29991200,29991200
2009-12-30 22:00:00,413.75,413.75,413.75,29991200,29991200,29991200
2009-12-31 22:00:00,414.5,414.5,414.5,29991200,29991200,29991200
2010-01-04 22:00:00,418.5,418.5,418.5,29991200,29991200,29991200
2010-01-05 22:00:00,418.75,418.75,418.75,29991200,29991200,29991200
2010-01-06 22:00:00,421.75,421.75,421.75,29991200,29991200,29991200
2010-01-07 22:00:00,417.5,417.5,417.5,29991200,29991200,29991200
2010-01-08 22:00:00,423.0,423.0,423.0,29991200,29991200,29991200
2010-01-11 22:00:00,422.5,422.5,422.5,29991200,29991200,29991200
2010-01-12 22:00:00,392.5,392.5,392.5,29991200,29991200,29991200
2010-01-13 22:00:00,384.0,384.0,384.0,29991200,29991200,29991200
2010-01-14 22:00:00,381.0,381.0,381.0,29991200,29991200,29991200
2010-01-15 22:00:00,371.5,371.5,371.5,29991200,29991200,29991200
2010-01-19 22:00:00,369.25,369.25,369.25,29991200,29991200,29991200
2010-01-20 22:00:00,368.0,368.0,368.0,29991200,29991200,29991200
2010-01-21 22:00:00,372.0,372.0,372.0,29991200,29991200,29991200
2010-01-22 22:00:00,364.75,364.75,364.75,29991200,29991200,29991200
2010-01-25 22:00:00,367.75,367.75,367.75,29991200,29991200,29991200
2010-01-26 22:00:00,362.25,362.25,362.25,29991200,29991200,29991200
2010-01-27 22:00:00,358.25,358.25,358.25,29991200,29991200,29991200
2010-01-28 22:00:00,361.75,361.75,361.75,29991200,29991200,29991200
2010-01-29 22:00:00,356.5,356.5,356.5,29991200,29991200,29991200
2010-02-01 22:00:00,359.0,359.0,359.0,29991200,29991200,29991200
2010-02-02 22:00:00,365.0,365.0,365.0,29991200,29991200,29991200
2010-02-03 22:00:00,353.0,353.0,353.0,29991200,29991200,29991200
2010-02-04 22:00:00,354.0,354.0,354.0,29991200,29991200,29991200
2010-02-05 22:00:00,351.5,351.5,351.5,29991200,29991200,29991200
2010-02-08 22:00:00,356.0,356.0,356.0,29991200,29991200,29991200
2010-02-09 22:00:00,358.5,358.5,358.5,29991200,29991200,29991200
2010-02-10 22:00:00,361.75,361.75,361.75,29991200,29991200,29991200
2010-02-11 22:00:00,363.25,363.25,363.25,29991200,29991200,29991200
2010-02-12 22:00:00,361.5,361.5,361.5,29991200,29991200,29991200
2010-02-16 22:00:00,367.25,367.25,367.25,29991200,29991200,29991200
2010-02-17 22:00:00,360.0,360.0,360.0,29991200,29991200,29991200
2010-02-18 22:00:00,357.25,357.25,357.25,29991200,29991200,29991200
2010-02-19 22:00:00,360.0,360.0,360.0,29991200,29991200,29991200
2010-02-22 22:00:00,371.5,371.5,371.5,29991200,29991200,29991200
2010-02-23 22:00:00,367.75,367.75,367.75,29991200,29991200,29991200
2010-02-24 22:00:00,375.25,375.25,375.25,29991200,29991200,29991200
2010-02-25 22:00:00,372.25,372.25,372.25,29991200,29991200,29991200
2010-02-26 22:00:00,378.0,378.0,378.0,29991200,29991200,29991200
2010-03-01 22:00:00,370.75,370.75,370.75,29991200,29991200,29991200
2010-03-02 22:00:00,370.5,370.5,370.5,29991200,29991200,29991200
2010-03-03 22:00:00,375.75,375.75,375.75,29991200,29991200,29991200
2010-03-04 22:00:00,372.0,372.0,372.0,29991200,29991200,29991200
2010-03-05 22:00:00,364.75,364.75,364.75,29991200,29991200,29991200
2010-03-08 22:00:00,364.5,364.5,364.5,29991200,29991200,29991200
2010-03-09 22:00:00,358.75,358.75,358.75,29991200,29991200,29991200
2010-03-10 22:00:00,355.5,355.5,355.5,29991200,29991200,29991200
2010-03-11 22:00:00,355.5,355.5,355.5,29991200,29991200,29991200
2010-03-12 22:00:00,354.0,354.0,354.0,29991200,29991200,29991200
2010-03-15 22:00:00,363.25,363.25,363.25,29991200,29991200,29991200
2010-03-16 22:00:00,366.75,366.75,366.75,29991200,29991200,29991200
2010-03-17 22:00:00,374.0,374.0,374.0,29991200,29991200,29991200
2010-03-18 22:00:00,376.0,376.0,376.0,29991200,29991200,29991200
2010-03-19 22:00:00,374.5,374.5,374.5,29991200,29991200,29991200
2010-03-22 22:00:00,370.75,370.75,370.75,29991200,29991200,29991200
2010-03-23 22:00:00,362.75,362.75,362.75,29991200,29991200,29991200
2010-03-24 22:00:00,365.0,365.0,365.0,29991200,29991200,29991200
2010-03-25 22:00:00,355.0,355.0,355.0,29991200,29991200,29991200
2010-03-26 22:00:00,356.25,356.25,356.25,29991200,29991200,29991200
2010-03-29 22:00:00,357.0,357.0,357.0,29991200,29991200,29991200
2010-03-30 22:00:00,354.5,354.5,354.5,29991200,29991200,29991200
2010-03-31 22:00:00,345.0,345.0,345.0,29991200,29991200,29991200
2010-04-01 22:00:00,344.5,344.5,344.5,29991200,29991200,29991200
2010-04-05 22:00:00,345.75,345.75,345.75,29991200,29991200,29991200
2010-04-06 22:00:00,346.5,346.5,346.5,29991200,29991200,29991200
2010-04-07 22:00:00,356.5,356.5,356.5,29991200,29991200,29991200
2010-04-08 22:00:00,348.25,348.25,348.25,29991200,29991200,29991200
2010-04-09 22:00:00,345.75,345.75,345.75,29991200,29991200,29991200
2010-04-12 22:00:00,348.25,348.25,348.25,29991200,29991200,29991200
2010-04-13 22:00:00,352.5,352.5,352.5,29991200,29991200,29991200
2010-04-14 22:00:00,358.0,358.0,358.0,29991200,29991200,29991200
2010-04-15 22:00:00,363.25,363.25,363.25,29991200,29991200,29991200
2010-04-16 22:00:00,364.0,364.0,364.0,29991200,29991200,29991200
2010-04-19 22:00:00,347.75,347.75,347.75,29991200,29991200,29991200
2010-04-20 22:00:00,355.5,355.5,355.5,29991200,29991200,29991200
2010-04-21 22:00:00,359.25,359.25,359.25,29991200,29991200,29991200
2010-04-22 22:00:00,362.25,362.25,362.25,29991200,29991200,29991200
2010-04-23 22:00:00,353.0,353.0,353.0,29991200,29991200,29991200
2010-04-26 22:00:00,352.25,352.25,352.25,29991200,29991200,29991200
2010-04-27 22:00:00,347.5,347.5,347.5,29991200,29991200,29991200
2010-04-28 22:00:00,357.0,357.0,357.0,29991200,29991200,29991200
2010-04-29 22:00:00,360.5,360.5,360.5,29991200,29991200,29991200
2010-04-30 22:00:00,366.25,366.25,366.25,29991200,29991200,29991200
2010-05-03 22:00:00,362.75,362.75,362.75,29991200,29991200,29991200
2010-05-04 22:00:00,360.0,360.0,360.0,29991200,29991200,29991200
2010-05-05 22:00:00,364.75,364.75,364.75,29991200,29991200,29991200
2010-05-06 22:00:00,364.0,364.0,364.0,29991200,29991200,29991200
2010-05-07 22:00:00,364.75,364.75,364.75,29991200,29991200,29991200
2010-05-10 22:00:00,363.0,363.0,363.0,29991200,29991200,29991200
2010-05-11 22:00:00,369.75,369.75,369.75,29991200,29991200,29991200
2010-05-12 22:00:00,371.75,371.75,371.75,29991200,29991200,29991200
2010-05-13 22:00:00,366.5,366.5,366.5,29991200,29991200,29991200
2010-05-14 22:00:00,356.75,356.75,356.75,29991200,29991200,29991200
2010-05-17 22:00:00,356.0,356.0,356.0,29991200,29991200,29991200
2010-05-18 22:00:00,359.75,359.75,359.75,29991200,29991200,29991200
2010-05-19 22:00:00,359.25,359.25,359.25,29991200,29991200,29991200
2010-05-20 22:00:00,362.0,362.0,362.0,29991200,29991200,29991200
2010-05-21 22:00:00,369.0,369.0,369.0,29991200,29991200,29991200
2010-05-24 22:00:00,371.0,371.0,371.0,29991200,29991200,29991200
2010-05-25 22:00:00,364.25,364.25,364.25,29991200,29991200,29991200
2010-05-26 22:00:00,371.5,371.5,371.5,29991200,29991200,29991200
2010-05-27 22:00:00,373.25,373.25,373.25,29991200,29991200,29991200
2010-05-28 22:00:00,359.0,359.0,359.0,29991200,29991200,29991200
2010-06-01 22:00:00,354.0,354.0,354.0,29991200,29991200,29991200
2010-06-02 22:00:00,348.5,348.5,348.5,29991200,29991200,29991200
2010-06-03 22:00:00,349.5,349.5,349.5,29991200,29991200,29991200
2010-06-04 22:00:00,340.0,340.0,340.0,29991200,29991200,29991200
2010-06-07 22:00:00,335.75,335.75,335.75,29991200,29991200,29991200
2010-06-08 22:00:00,337.25,337.25,337.25,29991200,29991200,29991200
2010-06-09 22:00:00,338.25,338.25,338.25,29991200,29991200,29991200
2010-06-10 22:00:00,343.25,343.25,343.25,29991200,29991200,29991200
2010-06-11 22:00:00,349.5,349.5,349.5,29991200,29991200,29991200
2010-06-14 22:00:00,353.75,353.75,353.75,29991200,29991200,29991200
2010-06-15 22:00:00,353.75,353.75,353.75,29991200,29991200,29991200
2010-06-16 22:00:00,356.25,356.25,356.25,29991200,29991200,29991200
2010-06-17 22:00:00,357.5,357.5,357.5,29991200,29991200,29991200
2010-06-18 22:00:00,360.75,360.75,360.75,29991200,29991200,29991200
2010-06-21 22:00:00,355.0,355.0,355.0,29991200,29991200,29991200
2010-06-22 22:00:00,351.5,351.5,351.5,29991200,29991200,29991200
2010-06-23 22:00:00,346.5,346.5,346.5,29991200,29991200,29991200
2010-06-24 22:00:00,344.75,344.75,344.75,29991200,29991200,29991200
2010-06-25 22:00:00,340.5,340.5,340.5,29991200,29991200,29991200
2010-06-28 22:00:00,333.75,333.75,333.75,29991200,29991200,29991200
2010-06-29 22:00:00,325.0,325.0,325.0,29991200,29991200,29991200
2010-06-30 22:00:00,354.25,354.25,354.25,29991200,29991200,29991200
2010-07-01 22:00:00,365.5,365.5,365.5,29991200,29991200,29991200
2010-07-02 22:00:00,364.0,364.0,364.0,29991200,29991200,29991200
2010-07-06 22:00:00,360.0,360.0,360.0,29991200,29991200,29991200
2010-07-07 22:00:00,370.75,370.75,370.75,29991200,29991200,29991200
2010-07-08 22:00:00,377.5,377.5,377.5,29991200,29991200,29991200
2010-07-09 22:00:00,375.25,375.25,375.25,29991200,29991200,29991200
2010-07-12 22:00:00,371.25,371.25,371.25,29991200,29991200,29991200
2010-07-13 22:00:00,366.75,366.75,366.75,29991200,29991200,29991200
2010-07-14 22:00:00,375.25,375.25,375.25,29991200,29991200,29991200
2010-07-15 22:00:00,392.5,392.5,392.5,29991200,29991200,29991200
2010-07-16 22:00:00,394.75,394.75,394.75,29991200,29991200,29991200
2010-07-19 22:00:00,381.5,381.5,381.5,29991200,29991200,29991200
2010-07-20 22:00:00,374.0,374.0,374.0,29991200,29991200,29991200
2010-07-21 22:00:00,379.75,379.75,379.75,29991200,29991200,29991200
2010-07-22 22:00:00,376.5,376.5,376.5,29991200,29991200,29991200
2010-07-23 22:00:00,371.25,371.25,371.25,29991200,29991200,29991200
2010-07-26 22:00:00,364.0,364.0,364.0,29991200,29991200,29991200
2010-07-27 22:00:00,362.75,362.75,362.75,29991200,29991200,29991200
2010-07-28 22:00:00,376.25,376.25,376.25,29991200,29991200,29991200
2010-07-29 22:00:00,379.25,379.25,379.25,29991200,29991200,29991200
2010-07-30 22:00:00,392.75,392.75,392.75,29991200,29991200,29991200
2010-08-02 22:00:00,390.5,390.5,390.5,29991200,29991200,29991200
2010-08-03 22:00:00,389.5,389.5,389.5,29991200,29991200,29991200
2010-08-04 22:00:00,400.25,400.25,400.25,29991200,29991200,29991200
2010-08-05 22:00:00,403.5,403.5,403.5,29991200,29991200,29991200
2010-08-06 22:00:00,405.0,405.0,405.0,29991200,29991200,29991200
2010-08-09 22:00:00,403.0,403.0,403.0,29991200,29991200,29991200
2010-08-10 22:00:00,393.5,393.5,393.5,29991200,29991200,29991200
2010-08-11 22:00:00,395.5,395.5,395.5,29991200,29991200,29991200
2010-08-12 22:00:00,406.25,406.25,406.25,29991200,29991200,29991200
2010-08-13 22:00:00,411.75,411.75,411.75,29991200,29991200,29991200
2010-08-16 22:00:00,407.25,407.25,407.25,29991200,29991200,29991200
2010-08-17 22:00:00,414.75,414.75,414.75,29991200,29991200,29991200
2010-08-18 22:00:00,418.5,418.5,418.5,29991200,29991200,29991200
2010-08-19 22:00:00,414.25,414.25,414.25,29991200,29991200,29991200
2010-08-20 22:00:00,421.25,421.25,421.25,29991200,29991200,29991200
2010-08-23 22:00:00,417.25,417.25,417.25,29991200,29991200,29991200
2010-08-24 22:00:00,405.25,405.25,405.25,29991200,29991200,29991200
2010-08-25 22:00:00,404.75,404.75,404.75,29991200,29991200,29991200
2010-08-26 22:00:00,416.5,416.5,416.5,29991200,29991200,29991200
2010-08-27 22:00:00,421.0,421.0,421.0,29991200,29991200,29991200
2010-08-30 22:00:00,425.5,425.5,425.5,29991200,29991200,29991200
2010-08-31 22:00:00,424.5,424.5,424.5,29991200,29991200,29991200
2010-09-01 22:00:00,432.25,432.25,432.25,29991200,29991200,29991200
2010-09-02 22:00:00,433.0,433.0,433.0,29991200,29991200,29991200
2010-09-03 22:00:00,449.75,449.75,449.75,29991200,29991200,29991200
2010-09-07 22:00:00,451.5,451.5,451.5,29991200,29991200,29991200
2010-09-08 22:00:00,447.5,447.5,447.5,29991200,29991200,29991200
2010-09-09 22:00:00,456.25,456.25,456.25,29991200,29991200,29991200
2010-09-10 22:00:00,464.0,464.0,464.0,29991200,29991200,29991200
2010-09-13 22:00:00,469.25,469.25,469.25,29991200,29991200,29991200
2010-09-14 22:00:00,478.0,478.0,478.0,29991200,29991200,29991200
2010-09-15 22:00:00,495.25,495.25,495.25,29991200,29991200,29991200
2010-09-16 22:00:00,496.0,496.0,496.0,29991200,29991200,29991200
2010-09-17 22:00:00,513.25,513.25,513.25,29991200,29991200,29991200
2010-09-20 22:00:00,508.25,508.25,508.25,29991200,29991200,29991200
2010-09-21 22:00:00,505.25,505.25,505.25,29991200,29991200,29991200
2010-09-22 22:00:00,505.0,505.0,505.0,29991200,29991200,29991200
2010-09-23 22:00:00,499.25,499.25,499.25,29991200,29991200,29991200
2010-09-24 22:00:00,521.75,521.75,521.75,29991200,29991200,29991200
2010-09-27 22:00:00,512.75,512.75,512.75,29991200,29991200,29991200
2010-09-28 22:00:00,500.0,500.0,500.0,29991200,29991200,29991200
2010-09-29 22:00:00,505.0,505.0,505.0,29991200,29991200,29991200
2010-09-30 22:00:00,495.75,495.75,495.75,29991200,29991200,29991200
2010-10-01 22:00:00,465.75,465.75,465.75,29991200,29991200,29991200
2010-10-04 22:00:00,471.5,471.5,471.5,29991200,29991200,29991200
2010-10-05 22:00:00,491.0,491.0,491.0,29991200,29991200,29991200
2010-10-06 22:00:00,488.5,488.5,488.5,29991200,29991200,29991200
2010-10-07 22:00:00,498.25,498.25,498.25,29991200,29991200,29991200
2010-10-08 22:00:00,528.25,528.25,528.25,29991200,29991200,29991200
2010-10-11 22:00:00,555.75,555.75,555.75,29991200,29991200,29991200
2010-10-12 22:00:00,579.0,579.0,579.0,29991200,29991200,29991200
2010-10-13 22:00:00,569.25,569.25,569.25,29991200,29991200,29991200
2010-10-14 22:00:00,567.25,567.25,567.25,29991200,29991200,29991200
2010-10-15 22:00:00,563.0,563.0,563.0,29991200,29991200,29991200
2010-10-18 22:00:00,557.25,557.25,557.25,29991200,29991200,29991200
2010-10-19 22:00:00,546.0,546.0,546.0,29991200,29991200,29991200
2010-10-20 22:00:00,573.5,573.5,573.5,29991200,29991200,29991200
2010-10-21 22:00:00,564.25,564.25,564.25,29991200,29991200,29991200
2010-10-22 22:00:00,560.0,560.0,560.0,29991200,29991200,29991200
2010-10-25 22:00:00,568.75,568.75,568.75,29991200,29991200,29991200
2010-10-26 22:00:00,571.0,571.0,571.0,29991200,29991200,29991200
2010-10-27 22:00:00,577.25,577.25,577.25,29991200,29991200,29991200
2010-10-28 22:00:00,579.0,579.0,579.0,29991200,29991200,29991200
2010-10-29 22:00:00,582.0,582.0,582.0,29991200,29991200,29991200
2010-11-01 22:00:00,577.25,577.25,577.25,29991200,29991200,29991200
2010-11-02 22:00:00,575.75,575.75,575.75,29991200,29991200,29991200
2010-11-03 22:00:00,581.0,581.0,581.0,29991200,29991200,29991200
2010-11-04 22:00:00,590.0,590.0,590.0,29991200,29991200,29991200
2010-11-05 22:00:00,587.75,587.75,587.75,29991200,29991200,29991200
2010-11-08 22:00:00,585.25,585.25,585.25,29991200,29991200,29991200
2010-11-09 22:00:00,576.25,576.25,576.25,29991200,29991200,29991200
2010-11-10 22:00:00,566.75,566.75,566.75,29991200,29991200,29991200
2010-11-11 22:00:00,564.0,564.0,564.0,29991200,29991200,29991200
2010-11-12 22:00:00,534.0,534.0,534.0,29991200,29991200,29991200
2010-11-15 22:00:00,555.5,555.5,555.5,29991200,29991200,29991200
2010-11-16 22:00:00,526.5,526.5,526.5,29991200,29991200,29991200
2010-11-17 22:00:00,525.75,525.75,525.75,29991200,29991200,29991200
2010-11-18 22:00:00,541.75,541.75,541.75,29991200,29991200,29991200
2010-11-19 22:00:00,520.75,520.75,520.75,29991200,29991200,29991200
2010-11-22 22:00:00,515.25,515.25,515.25,29991200,29991200,29991200
2010-11-23 22:00:00,528.5,528.5,528.5,29991200,29991200,29991200
2010-11-24 22:00:00,538.75,538.75,538.75,29991200,29991200,29991200
2010-11-26 22:00:00,538.25,538.25,538.25,29991200,29991200,29991200
2010-11-29 22:00:00,538.25,538.25,538.25,29991200,29991200,29991200
2010-11-30 22:00:00,530.0,530.0,530.0,29991200,29991200,29991200
2010-12-01 22:00:00,551.75,551.75,551.75,29991200,29991200,29991200
2010-12-02 22:00:00,540.75,540.75,540.75,29991200,29991200,29991200
2010-12-03 22:00:00,559.0,559.0,559.0,29991200,29991200,29991200
2010-12-06 22:00:00,553.75,553.75,553.75,29991200,29991200,29991200
2010-12-07 22:00:00,547.25,547.25,547.25,29991200,29991200,29991200
2010-12-08 22:00:00,559.5,559.5,559.5,29991200,29991200,29991200
2010-12-09 22:00:00,560.25,560.25,560.25,29991200,29991200,29991200
2010-12-10 22:00:00,560.25,560.25,560.25,29991200,29991200,29991200
2010-12-13 22:00:00,575.25,575.25,575.25,29991200,29991200,29991200
2010-12-14 22:00:00,574.5,574.5,574.5,29991200,29991200,29991200
2010-12-15 22:00:00,584.25,584.25,584.25,29991200,29991200,29991200
2010-12-16 22:00:00,587.5,587.5,587.5,29991200,29991200,29991200
2010-12-17 22:00:00,596.5,596.5,596.5,29991200,29991200,29991200
2010-12-20 22:00:00,599.5,599.5,599.5,29991200,29991200,29991200
2010-12-21 22:00:00,602.25,602.25,602.25,29991200,29991200,29991200
2010-12-22 22:00:00,609.0,609.0,609.0,29991200,29991200,29991200
2010-12-23 22:00:00,614.0,614.0,614.0,29991200,29991200,29991200
2010-12-27 22:00:00,615.25,615.25,615.25,29991200,29991200,29991200
2010-12-28 22:00:00,623.25,623.25,623.25,29991200,29991200,29991200
2010-12-29 22:00:00,624.0,624.0,624.0,29991200,29991200,29991200
2010-12-30 22:00:00,616.0,616.0,616.0,29991200,29991200,29991200
2010-12-31 22:00:00,629.0,629.0,629.0,29991200,29991200,29991200
2011-01-03 22:00:00,620.5,620.5,620.5,29991200,29991200,29991200
2011-01-04 22:00:00,608.5,608.5,608.5,29991200,29991200,29991200
2011-01-05 22:00:00,619.25,619.25,619.25,29991200,29991200,29991200
2011-01-06 22:00:00,602.0,602.0,602.0,29991200,29991200,29991200
2011-01-07 22:00:00,595.0,595.0,595.0,29991200,29991200,29991200
2011-01-10 22:00:00,607.0,607.0,607.0,29991200,29991200,29991200
2011-01-11 22:00:00,607.0,607.0,607.0,29991200,29991200,29991200
2011-01-12 22:00:00,631.0,631.0,631.0,29991200,29991200,29991200
2011-01-13 22:00:00,642.5,642.5,642.5,29991200,29991200,29991200
2011-01-14 22:00:00,648.75,648.75,648.75,29991200,29991200,29991200
2011-01-18 22:00:00,659.5,659.5,659.5,29991200,29991200,29991200
2011-01-19 22:00:00,641.25,641.25,641.25,29991200,29991200,29991200
2011-01-20 22:00:00,654.0,654.0,654.0,29991200,29991200,29991200
2011-01-21 22:00:00,657.25,657.25,657.25,29991200,29991200,29991200
2011-01-24 22:00:00,655.25,655.25,655.25,29991200,29991200,29991200
2011-01-25 22:00:00,644.0,644.0,644.0,29991200,29991200,29991200
2011-01-26 22:00:00,657.75,657.75,657.75,29991200,29991200,29991200
2011-01-27 22:00:00,650.75,650.75,650.75,29991200,29991200,29991200
2011-01-28 22:00:00,644.0,644.0,644.0,29991200,29991200,29991200
2011-01-31 22:00:00,659.5,659.5,659.5,29991200,29991200,29991200
2011-02-01 22:00:00,666.0,666.0,666.0,29991200,29991200,29991200
2011-02-02 22:00:00,669.25,669.25,669.25,29991200,29991200,29991200
2011-02-03 22:00:00,662.5,662.5,662.5,29991200,29991200,29991200
2011-02-04 22:00:00,678.5,678.5,678.5,29991200,29991200,29991200
2011-02-07 22:00:00,674.75,674.75,674.75,29991200,29991200,29991200
2011-02-08 22:00:00,673.75,673.75,673.75,29991200,29991200,29991200
2011-02-09 22:00:00,698.0,698.0,698.0,29991200,29991200,29991200
2011-02-10 22:00:00,698.5,698.5,698.5,29991200,29991200,29991200
2011-02-11 22:00:00,706.5,706.5,706.5,29991200,29991200,29991200
2011-02-14 22:00:00,695.75,695.75,695.75,29991200,29991200,29991200
2011-02-15 22:00:00,690.5,690.5,690.5,29991200,29991200,29991200
2011-02-16 22:00:00,690.5,690.5,690.5,29991200,29991200,29991200
2011-02-17 22:00:00,712.75,712.75,712.75,29991200,29991200,29991200
2011-02-18 22:00:00,709.75,709.75,709.75,29991200,29991200,29991200
2011-02-22 22:00:00,679.75,679.75,679.75,29991200,29991200,29991200
2011-02-23 22:00:00,691.5,691.5,691.5,29991200,29991200,29991200
2011-02-24 22:00:00,685.75,685.75,685.75,29991200,29991200,29991200
2011-02-25 22:00:00,712.0,712.0,712.0,29991200,29991200,29991200
2011-02-28 22:00:00,722.5,722.5,722.5,29991200,29991200,29991200
2011-03-01 22:00:00,727.25,727.25,727.25,29991200,29991200,29991200
2011-03-02 22:00:00,714.0,714.0,714.0,29991200,29991200,29991200
2011-03-03 22:00:00,729.75,729.75,729.75,29991200,29991200,29991200
2011-03-04 22:00:00,721.25,721.25,721.25,29991200,29991200,29991200
2011-03-07 22:00:00,710.75,710.75,710.75,29991200,29991200,29991200
2011-03-08 22:00:00,698.75,698.75,698.75,29991200,29991200,29991200
2011-03-09 22:00:00,695.0,695.0,695.0,29991200,29991200,29991200
2011-03-10 22:00:00,676.25,676.25,676.25,29991200,29991200,29991200
2011-03-11 22:00:00,659.25,659.25,659.25,29991200,29991200,29991200
2011-03-14 22:00:00,664.0,664.0,664.0,29991200,29991200,29991200
2011-03-15 22:00:00,636.0,636.0,636.0,29991200,29991200,29991200
2011-03-16 22:00:00,616.5,616.5,616.5,29991200,29991200,29991200
2011-03-17 22:00:00,646.5,646.5,646.5,29991200,29991200,29991200
2011-03-18 22:00:00,683.5,683.5,683.5,29991200,29991200,29991200
2011-03-21 22:00:00,686.5,686.5,686.5,29991200,29991200,29991200
2011-03-22 22:00:00,686.75,686.75,686.75,29991200,29991200,29991200
2011-03-23 22:00:00,681.0,681.0,681.0,29991200,29991200,29991200
2011-03-24 22:00:00,702.5,702.5,702.5,29991200,29991200,29991200
2011-03-25 22:00:00,689.5,689.5,689.5,29991200,29991200,29991200
2011-03-28 22:00:00,671.0,671.0,671.0,29991200,29991200,29991200
2011-03-29 22:00:00,671.75,671.75,671.75,29991200,29991200,29991200
2011-03-30 22:00:00,663.25,663.25,663.25,29991200,29991200,29991200
2011-03-31 22:00:00,693.25,693.25,693.25,29991200,29991200,29991200
2011-04-01 22:00:00,736.0,736.0,736.0,29991200,29991200,29991200
2011-04-04 22:00:00,760.25,760.25,760.25,29991200,29991200,29991200
2011-04-05 22:00:00,766.75,766.75,766.75,29991200,29991200,29991200
2011-04-06 22:00:00,763.0,763.0,763.0,29991200,29991200,29991200
2011-04-07 22:00:00,759.0,759.0,759.0,29991200,29991200,29991200
2011-04-08 22:00:00,768.0,768.0,768.0,29991200,29991200,29991200
2011-04-11 22:00:00,776.0,776.0,776.0,29991200,29991200,29991200
2011-04-12 22:00:00,752.5,752.5,752.5,29991200,29991200,29991200
2011-04-13 22:00:00,755.5,755.5,755.5,29991200,29991200,29991200
2011-04-14 22:00:00,754.25,754.25,754.25,29991200,29991200,29991200
2011-04-15 22:00:00,742.0,742.0,742.0,29991200,29991200,29991200
2011-04-18 22:00:00,751.75,751.75,751.75,29991200,29991200,29991200
2011-04-19 22:00:00,749.0,749.0,749.0,29991200,29991200,29991200
2011-04-20 22:00:00,732.75,732.75,732.75,29991200,29991200,29991200
2011-04-21 22:00:00,737.25,737.25,737.25,29991200,29991200,29991200
2011-04-25 22:00:00,762.5,762.5,762.5,29991200,29991200,29991200
2011-04-26 22:00:00,766.25,766.25,766.25,29991200,29991200,29991200
2011-04-27 22:00:00,752.25,752.25,752.25,29991200,29991200,29991200
2011-04-28 22:00:00,723.0,723.0,723.0,29991200,29991200,29991200
2011-04-29 22:00:00,754.0,754.0,754.0,29991200,29991200,29991200
2011-05-02 22:00:00,730.75,730.75,730.75,29991200,29991200,29991200
2011-05-03 22:00:00,719.0,719.0,719.0,29991200,29991200,29991200
2011-05-04 22:00:00,726.5,726.5,726.5,29991200,29991200,29991200
2011-05-05 22:00:00,705.0,705.0,705.0,29991200,29991200,29991200
2011-05-06 22:00:00,682.75,682.75,682.75,29991200,29991200,29991200
2011-05-09 22:00:00,704.5,704.5,704.5,29991200,29991200,29991200
2011-05-10 22:00:00,706.0,706.0,706.0,29991200,29991200,29991200
2011-05-11 22:00:00,668.75,668.75,668.75,29991200,29991200,29991200
2011-05-12 22:00:00,681.25,681.25,681.25,29991200,29991200,29991200
2011-05-13 22:00:00,679.0,679.0,679.0,29991200,29991200,29991200
2011-05-16 22:00:00,697.5,697.5,697.5,29991200,29991200,29991200
2011-05-17 22:00:00,720.25,720.25,720.25,29991200,29991200,29991200
2011-05-18 22:00:00,749.75,749.75,749.75,29991200,29991200,29991200
2011-05-19 22:00:00,748.25,748.25,748.25,29991200,29991200,29991200
2011-05-20 22:00:00,759.5,759.5,759.5,29991200,29991200,29991200
2011-05-23 22:00:00,754.0,754.0,754.0,29991200,29991200,29991200
2011-05-24 22:00:00,733.25,733.25,733.25,29991200,29991200,29991200
2011-05-25 22:00:00,742.25,742.25,742.25,29991200,29991200,29991200
2011-05-26 22:00:00,745.5,745.5,745.5,29991200,29991200,29991200
2011-05-27 22:00:00,758.5,758.5,758.5,29991200,29991200,29991200
2011-05-31 22:00:00,747.5,747.5,747.5,29991200,29991200,29991200
2011-06-01 22:00:00,758.5,758.5,758.5,29991200,29991200,29991200
2011-06-02 22:00:00,766.5,766.5,766.5,29991200,29991200,29991200
2011-06-03 22:00:00,754.0,754.0,754.0,29991200,29991200,29991200
2011-06-06 22:00:00,732.0,732.0,732.0,29991200,29991200,29991200
2011-06-07 22:00:00,736.5,736.5,736.5,29991200,29991200,29991200
2011-06-08 22:00:00,764.0,764.0,764.0,29991200,29991200,29991200
2011-06-09 22:00:00,785.5,785.5,785.5,29991200,29991200,29991200
2011-06-10 22:00:00,787.0,787.0,787.0,29991200,29991200,29991200
2011-06-13 22:00:00,782.5,782.5,782.5,29991200,29991200,29991200
2011-06-14 22:00:00,755.5,755.5,755.5,29991200,29991200,29991200
2011-06-15 22:00:00,725.75,725.75,725.75,29991200,29991200,29991200
2011-06-16 22:00:00,701.5,701.5,701.5,29991200,29991200,29991200
2011-06-17 22:00:00,700.25,700.25,700.25,29991200,29991200,29991200
2011-06-20 22:00:00,700.5,700.5,700.5,29991200,29991200,29991200
2011-06-21 22:00:00,707.5,707.5,707.5,29991200,29991200,29991200
2011-06-22 22:00:00,677.5,677.5,677.5,29991200,29991200,29991200
2011-06-23 22:00:00,680.5,680.5,680.5,29991200,29991200,29991200
2011-06-24 22:00:00,670.0,670.0,670.0,29991200,29991200,29991200
2011-06-27 22:00:00,660.75,660.75,660.75,29991200,29991200,29991200
2011-06-28 22:00:00,683.0,683.0,683.0,29991200,29991200,29991200
2011-06-29 22:00:00,698.0,698.0,698.0,29991200,29991200,29991200
2011-06-30 22:00:00,629.0,629.0,629.0,29991200,29991200,29991200
2011-07-01 22:00:00,640.75,640.75,640.75,29991200,29991200,29991200
2011-07-05 22:00:00,680.5,680.5,680.5,29991200,29991200,29991200
2011-07-06 22:00:00,648.75,648.75,648.75,29991200,29991200,29991200
2011-07-07 22:00:00,650.0,650.0,650.0,29991200,29991200,29991200
2011-07-08 22:00:00,672.25,672.25,672.25,29991200,29991200,29991200
2011-07-11 22:00:00,681.5,681.5,681.5,29991200,29991200,29991200
2011-07-12 22:00:00,697.0,697.0,697.0,29991200,29991200,29991200
2011-07-13 22:00:00,726.75,726.75,726.75,29991200,29991200,29991200
2011-07-14 22:00:00,716.5,716.5,716.5,29991200,29991200,29991200
2011-07-15 22:00:00,701.25,701.25,701.25,29991200,29991200,29991200
2011-07-18 22:00:00,696.25,696.25,696.25,29991200,29991200,29991200
2011-07-19 22:00:00,698.0,698.0,698.0,29991200,29991200,29991200
2011-07-20 22:00:00,688.0,688.0,688.0,29991200,29991200,29991200
2011-07-21 22:00:00,679.25,679.25,679.25,29991200,29991200,29991200
2011-07-22 22:00:00,690.0,690.0,690.0,29991200,29991200,29991200
2011-07-25 22:00:00,678.75,678.75,678.75,29991200,29991200,29991200
2011-07-26 22:00:00,689.75,689.75,689.75,29991200,29991200,29991200
2011-07-27 22:00:00,691.5,691.5,691.5,29991200,29991200,29991200
2011-07-28 22:00:00,682.25,682.25,682.25,29991200,29991200,29991200
2011-07-29 22:00:00,665.5,665.5,665.5,29991200,29991200,29991200
2011-08-01 22:00:00,681.25,681.25,681.25,29991200,29991200,29991200
2011-08-02 22:00:00,711.25,711.25,711.25,29991200,29991200,29991200
2011-08-03 22:00:00,706.0,706.0,706.0,29991200,29991200,29991200
2011-08-04 22:00:00,693.75,693.75,693.75,29991200,29991200,29991200
2011-08-05 22:00:00,693.0,693.0,693.0,29991200,29991200,29991200
2011-08-08 22:00:00,675.25,675.25,675.25,29991200,29991200,29991200
2011-08-09 22:00:00,678.25,678.25,678.25,29991200,29991200,29991200
2011-08-10 22:00:00,678.0,678.0,678.0,29991200,29991200,29991200
2011-08-11 22:00:00,702.5,702.5,702.5,29991200,29991200,29991200
2011-08-12 22:00:00,701.75,701.75,701.75,29991200,29991200,29991200
2011-08-15 22:00:00,707.25,707.25,707.25,29991200,29991200,29991200
2011-08-16 22:00:00,714.0,714.0,714.0,29991200,29991200,29991200
2011-08-17 22:00:00,711.5,711.5,711.5,29991200,29991200,29991200
2011-08-18 22:00:00,699.0,699.0,699.0,29991200,29991200,29991200
2011-08-19 22:00:00,711.0,711.0,711.0,29991200,29991200,29991200
2011-08-22 22:00:00,720.5,720.5,720.5,29991200,29991200,29991200
2011-08-23 22:00:00,730.25,730.25,730.25,29991200,29991200,29991200
2011-08-24 22:00:00,731.75,731.75,731.75,29991200,29991200,29991200
2011-08-25 22:00:00,732.25,732.25,732.25,29991200,29991200,29991200
2011-08-26 22:00:00,752.5,752.5,752.5,29991200,29991200,29991200
2011-08-29 22:00:00,756.25,756.25,756.25,29991200,29991200,29991200
2011-08-30 22:00:00,763.5,763.5,763.5,29991200,29991200,29991200
2011-08-31 22:00:00,757.5,757.5,757.5,29991200,29991200,29991200
2011-09-01 22:00:00,728.75,728.75,728.75,29991200,29991200,29991200
2011-09-02 22:00:00,750.25,750.25,750.25,29991200,29991200,29991200
2011-09-06 22:00:00,746.75,746.75,746.75,29991200,29991200,29991200
2011-09-07 22:00:00,736.5,736.5,736.5,29991200,29991200,29991200
2011-09-08 22:00:00,723.25,723.25,723.25,29991200,29991200,29991200
2011-09-09 22:00:00,726.0,726.0,726.0,29991200,29991200,29991200
2011-09-12 22:00:00,734.25,734.25,734.25,29991200,29991200,29991200
2011-09-13 22:00:00,709.25,709.25,709.25,29991200,29991200,29991200
2011-09-14 22:00:00,713.0,713.0,713.0,29991200,29991200,29991200
2011-09-15 22:00:00,701.0,701.0,701.0,29991200,29991200,29991200
2011-09-16 22:00:00,692.0,692.0,692.0,29991200,29991200,29991200
2011-09-19 22:00:00,692.25,692.25,692.25,29991200,29991200,29991200
2011-09-20 22:00:00,690.25,690.25,690.25,29991200,29991200,29991200
2011-09-21 22:00:00,685.75,685.75,685.75,29991200,29991200,29991200
2011-09-22 22:00:00,650.0,650.0,650.0,29991200,29991200,29991200
2011-09-23 22:00:00,638.5,638.5,638.5,29991200,29991200,29991200
2011-09-26 22:00:00,648.0,648.0,648.0,29991200,29991200,29991200
2011-09-27 22:00:00,652.25,652.25,652.25,29991200,29991200,29991200
2011-09-28 22:00:00,630.75,630.75,630.75,29991200,29991200,29991200
2011-09-29 22:00:00,632.5,632.5,632.5,29991200,29991200,29991200
2011-09-30 22:00:00,592.5,592.5,592.5,29991200,29991200,29991200
2011-10-03 22:00:00,592.5,592.5,592.5,29991200,29991200,29991200
2011-10-04 22:00:00,587.75,587.75,587.75,29991200,29991200,29991200
2011-10-05 22:00:00,605.5,605.5,605.5,29991200,29991200,29991200
2011-10-06 22:00:00,605.5,605.5,605.5,29991200,29991200,29991200
2011-10-07 22:00:00,600.0,600.0,600.0,29991200,29991200,29991200
2011-10-10 22:00:00,605.0,605.0,605.0,29991200,29991200,29991200
2011-10-11 22:00:00,645.0,645.0,645.0,29991200,29991200,29991200
2011-10-12 22:00:00,640.75,640.75,640.75,29991200,29991200,29991200
2011-10-13 22:00:00,638.25,638.25,638.25,29991200,29991200,29991200
2011-10-14 22:00:00,640.0,640.0,640.0,29991200,29991200,29991200
2011-10-17 22:00:00,640.5,640.5,640.5,29991200,29991200,29991200
2011-10-18 22:00:00,644.0,644.0,644.0,29991200,29991200,29991200
2011-10-19 22:00:00,638.5,638.5,638.5,29991200,29991200,29991200
2011-10-20 22:00:00,649.5,649.5,649.5,29991200,29991200,29991200
2011-10-21 22:00:00,649.25,649.25,649.25,29991200,29991200,29991200
2011-10-24 22:00:00,651.0,651.0,651.0,29991200,29991200,29991200
2011-10-25 22:00:00,650.75,650.75,650.75,29991200,29991200,29991200
2011-10-26 22:00:00,637.25,637.25,637.25,29991200,29991200,29991200
2011-10-27 22:00:00,651.5,651.5,651.5,29991200,29991200,29991200
2011-10-28 22:00:00,655.0,655.0,655.0,29991200,29991200,29991200
2011-10-31 22:00:00,647.0,647.0,647.0,29991200,29991200,29991200
2011-11-01 22:00:00,654.25,654.25,654.25,29991200,29991200,29991200
2011-11-02 22:00:00,645.0,645.0,645.0,29991200,29991200,29991200
2011-11-03 22:00:00,653.5,653.5,653.5,29991200,29991200,29991200
2011-11-04 22:00:00,655.75,655.75,655.75,29991200,29991200,29991200
2011-11-07 22:00:00,653.25,653.25,653.25,29991200,29991200,29991200
2011-11-08 22:00:00,660.5,660.5,660.5,29991200,29991200,29991200
2011-11-09 22:00:00,656.0,656.0,656.0,29991200,29991200,29991200
2011-11-10 22:00:00,645.5,645.5,645.5,29991200,29991200,29991200
2011-11-11 22:00:00,638.5,638.5,638.5,29991200,29991200,29991200
2011-11-14 22:00:00,633.5,633.5,633.5,29991200,29991200,29991200
2011-11-15 22:00:00,645.5,645.5,645.5,29991200,29991200,29991200
2011-11-16 22:00:00,642.75,642.75,642.75,29991200,29991200,29991200
2011-11-17 22:00:00,614.5,614.5,614.5,29991200,29991200,29991200
2011-11-18 22:00:00,610.25,610.25,610.25,29991200,29991200,29991200
2011-11-21 22:00:00,597.75,597.75,597.75,29991200,29991200,29991200
2011-11-22 22:00:00,599.0,599.0,599.0,29991200,29991200,29991200
2011-11-23 22:00:00,588.75,588.75,588.75,29991200,29991200,29991200
2011-11-25 22:00:00,582.5,582.5,582.5,29991200,29991200,29991200
2011-11-28 22:00:00,591.75,591.75,591.75,29991200,29991200,29991200
2011-11-29 22:00:00,598.0,598.0,598.0,29991200,29991200,29991200
2011-11-30 22:00:00,601.25,601.25,601.25,29991200,29991200,29991200
2011-12-01 22:00:00,594.75,594.75,594.75,29991200,29991200,29991200
2011-12-02 22:00:00,586.5,586.5,586.5,29991200,29991200,29991200
2011-12-05 22:00:00,580.25,580.25,580.25,29991200,29991200,29991200
2011-12-06 22:00:00,585.25,585.25,585.25,29991200,29991200,29991200
2011-12-07 22:00:00,582.25,582.25,582.25,29991200,29991200,29991200
2011-12-08 22:00:00,590.0,590.0,590.0,29991200,29991200,29991200
2011-12-09 22:00:00,585.5,585.5,585.5,29991200,29991200,29991200
2011-12-12 22:00:00,585.5,585.5,585.5,29991200,29991200,29991200
2011-12-13 22:00:00,588.5,588.5,588.5,29991200,29991200,29991200
2011-12-14 22:00:00,580.0,580.0,580.0,29991200,29991200,29991200
2011-12-15 22:00:00,579.0,579.0,579.0,29991200,29991200,29991200
2011-12-16 22:00:00,583.0,583.0,583.0,29991200,29991200,29991200
2011-12-19 22:00:00,601.0,601.0,601.0,29991200,29991200,29991200
2011-12-20 22:00:00,607.0,607.0,607.0,29991200,29991200,29991200
2011-12-21 22:00:00,616.5,616.5,616.5,29991200,29991200,29991200
2011-12-22 22:00:00,617.5,617.5,617.5,29991200,29991200,29991200
2011-12-23 22:00:00,619.5,619.5,619.5,29991200,29991200,29991200
2011-12-27 22:00:00,633.25,633.25,633.25,29991200,29991200,29991200
2011-12-28 22:00:00,642.5,642.5,642.5,29991200,29991200,29991200
2011-12-29 22:00:00,638.0,638.0,638.0,29991200,29991200,29991200
2011-12-30 22:00:00,646.5,646.5,646.5,29991200,29991200,29991200
2012-01-03 22:00:00,658.5,658.5,658.5,29991200,29991200,29991200
2012-01-04 22:00:00,658.5,658.5,658.5,29991200,29991200,29991200
2012-01-05 22:00:00,643.5,643.5,643.5,29991200,29991200,29991200
2012-01-06 22:00:00,643.5,643.5,643.5,29991200,29991200,29991200
2012-01-09 22:00:00,652.0,652.0,652.0,29991200,29991200,29991200
2012-01-10 22:00:00,652.0,652.0,652.0,29991200,29991200,29991200
2012-01-11 22:00:00,651.5,651.5,651.5,29991200,29991200,29991200
2012-01-12 22:00:00,611.5,611.5,611.5,29991200,29991200,29991200
2012-01-13 22:00:00,599.5,599.5,599.5,29991200,29991200,29991200
2012-01-17 22:00:00,604.0,604.0,604.0,29991200,29991200,29991200
2012-01-18 22:00:00,593.5,593.5,593.5,29991200,29991200,29991200
2012-01-19 22:00:00,606.0,606.0,606.0,29991200,29991200,29991200
2012-01-20 22:00:00,611.5,611.5,611.5,29991200,29991200,29991200
2012-01-23 22:00:00,620.0,620.0,620.0,29991200,29991200,29991200
2012-01-24 22:00:00,630.25,630.25,630.25,29991200,29991200,29991200
2012-01-25 22:00:00,634.5,634.5,634.5,29991200,29991200,29991200
2012-01-26 22:00:00,634.5,634.5,634.5,29991200,29991200,29991200
2012-01-27 22:00:00,641.75,641.75,641.75,29991200,29991200,29991200
2012-01-30 22:00:00,631.75,631.75,631.75,29991200,29991200,29991200
2012-01-31 22:00:00,639.0,639.0,639.0,29991200,29991200,29991200
2012-02-01 22:00:00,642.0,642.0,642.0,29991200,29991200,29991200
2012-02-02 22:00:00,643.0,643.0,643.0,29991200,29991200,29991200
2012-02-03 22:00:00,644.5,644.5,644.5,29991200,29991200,29991200
2012-02-06 22:00:00,644.25,644.25,644.25,29991200,29991200,29991200
2012-02-07 22:00:00,642.25,642.25,642.25,29991200,29991200,29991200
2012-02-08 22:00:00,642.5,642.5,642.5,29991200,29991200,29991200
2012-02-09 22:00:00,637.0,637.0,637.0,29991200,29991200,29991200
2012-02-10 22:00:00,631.75,631.75,631.75,29991200,29991200,29991200
2012-02-13 22:00:00,639.5,639.5,639.5,29991200,29991200,29991200
2012-02-14 22:00:00,633.5,633.5,633.5,29991200,29991200,29991200
2012-02-15 22:00:00,627.0,627.0,627.0,29991200,29991200,29991200
2012-02-16 22:00:00,636.25,636.25,636.25,29991200,29991200,29991200
2012-02-17 22:00:00,641.75,641.75,641.75,29991200,29991200,29991200
2012-02-21 22:00:00,629.5,629.5,629.5,29991200,29991200,29991200
2012-02-22 22:00:00,638.25,638.25,638.25,29991200,29991200,29991200
2012-02-23 22:00:00,639.5,639.5,639.5,29991200,29991200,29991200
2012-02-24 22:00:00,640.75,640.75,640.75,29991200,29991200,29991200
2012-02-27 22:00:00,644.5,644.5,644.5,29991200,29991200,29991200
2012-02-28 22:00:00,653.5,653.5,653.5,29991200,29991200,29991200
2012-02-29 22:00:00,656.5,656.5,656.5,29991200,29991200,29991200
2012-03-01 22:00:00,653.75,653.75,653.75,29991200,29991200,29991200
2012-03-02 22:00:00,659.0,659.0,659.0,29991200,29991200,29991200
2012-03-05 22:00:00,666.25,666.25,666.25,29991200,29991200,29991200
2012-03-06 22:00:00,658.0,658.0,658.0,29991200,29991200,29991200
2012-03-07 22:00:00,643.75,643.75,643.75,29991200,29991200,29991200
2012-03-08 22:00:00,645.0,645.0,645.0,29991200,29991200,29991200
2012-03-09 22:00:00,654.0,654.0,654.0,29991200,29991200,29991200
2012-03-12 22:00:00,671.5,671.5,671.5,29991200,29991200,29991200
2012-03-13 22:00:00,674.0,674.0,674.0,29991200,29991200,29991200
2012-03-14 22:00:00,669.5,669.5,669.5,29991200,29991200,29991200
2012-03-15 22:00:00,669.0,669.0,669.0,29991200,29991200,29991200
2012-03-16 22:00:00,673.0,673.0,673.0,29991200,29991200,29991200
2012-03-19 22:00:00,663.5,663.5,663.5,29991200,29991200,29991200
2012-03-20 22:00:00,647.5,647.5,647.5,29991200,29991200,29991200
2012-03-21 22:00:00,642.0,642.0,642.0,29991200,29991200,29991200
2012-03-22 22:00:00,644.5,644.5,644.5,29991200,29991200,29991200
2012-03-23 22:00:00,646.5,646.5,646.5,29991200,29991200,29991200
2012-03-26 22:00:00,637.75,637.75,637.75,29991200,29991200,29991200
2012-03-27 22:00:00,630.75,630.75,630.75,29991200,29991200,29991200
2012-03-28 22:00:00,620.25,620.25,620.25,29991200,29991200,29991200
2012-03-29 22:00:00,604.0,604.0,604.0,29991200,29991200,29991200
2012-03-30 22:00:00,644.0,644.0,644.0,29991200,29991200,29991200
2012-04-02 22:00:00,655.0,655.0,655.0,29991200,29991200,29991200
2012-04-03 22:00:00,658.25,658.25,658.25,29991200,29991200,29991200
2012-04-04 22:00:00,656.75,656.75,656.75,29991200,29991200,29991200
2012-04-05 22:00:00,658.25,658.25,658.25,29991200,29991200,29991200
2012-04-09 22:00:00,649.0,649.0,649.0,29991200,29991200,29991200
2012-04-10 22:00:00,634.75,634.75,634.75,29991200,29991200,29991200
2012-04-11 22:00:00,636.0,636.0,636.0,29991200,29991200,29991200
2012-04-12 22:00:00,637.5,637.5,637.5,29991200,29991200,29991200
2012-04-13 22:00:00,629.25,629.25,629.25,29991200,29991200,29991200
2012-04-16 22:00:00,623.25,623.25,623.25,29991200,29991200,29991200
2012-04-17 22:00:00,616.75,616.75,616.75,29991200,29991200,29991200
2012-04-18 22:00:00,601.75,601.75,601.75,29991200,29991200,29991200
2012-04-19 22:00:00,621.0,621.0,621.0,29991200,29991200,29991200
2012-04-20 22:00:00,612.5,612.5,612.5,29991200,29991200,29991200
2012-04-23 22:00:00,622.5,622.5,622.5,29991200,29991200,29991200
2012-04-24 22:00:00,618.25,618.25,618.25,29991200,29991200,29991200
2012-04-25 22:00:00,611.0,611.0,611.0,29991200,29991200,29991200
2012-04-26 22:00:00,624.0,624.0,624.0,29991200,29991200,29991200
2012-04-27 22:00:00,653.0,653.0,653.0,29991200,29991200,29991200
2012-04-30 22:00:00,660.25,660.25,660.25,29991200,29991200,29991200
2012-05-01 22:00:00,659.75,659.75,659.75,29991200,29991200,29991200
2012-05-02 22:00:00,642.25,642.25,642.25,29991200,29991200,29991200
2012-05-03 22:00:00,650.75,650.75,650.75,29991200,29991200,29991200
2012-05-04 22:00:00,662.25,662.25,662.25,29991200,29991200,29991200
2012-05-07 22:00:00,665.0,665.0,665.0,29991200,29991200,29991200
2012-05-08 22:00:00,666.0,666.0,666.0,29991200,29991200,29991200
2012-05-09 22:00:00,641.25,641.25,641.25,29991200,29991200,29991200
2012-05-10 22:00:00,625.5,625.5,625.5,29991200,29991200,29991200
2012-05-11 22:00:00,608.0,608.0,608.0,29991200,29991200,29991200
2012-05-14 22:00:00,608.0,608.0,608.0,29991200,29991200,29991200
2012-05-15 22:00:00,597.25,597.25,597.25,29991200,29991200,29991200
2012-05-16 22:00:00,620.0,620.0,620.0,29991200,29991200,29991200
2012-05-17 22:00:00,625.0,625.0,625.0,29991200,29991200,29991200
2012-05-18 22:00:00,635.5,635.5,635.5,29991200,29991200,29991200
2012-05-21 22:00:00,633.0,633.0,633.0,29991200,29991200,29991200
2012-05-22 22:00:00,597.0,597.0,597.0,29991200,29991200,29991200
2012-05-23 22:00:00,603.5,603.5,603.5,29991200,29991200,29991200
2012-05-24 22:00:00,578.5,578.5,578.5,29991200,29991200,29991200
2012-05-25 22:00:00,578.5,578.5,578.5,29991200,29991200,29991200
2012-05-29 22:00:00,562.5,562.5,562.5,29991200,29991200,29991200
2012-05-30 22:00:00,559.5,559.5,559.5,29991200,29991200,29991200
2012-05-31 22:00:00,555.25,555.25,555.25,29991200,29991200,29991200
2012-06-01 22:00:00,551.5,551.5,551.5,29991200,29991200,29991200
2012-06-04 22:00:00,568.0,568.0,568.0,29991200,29991200,29991200
2012-06-05 22:00:00,567.5,567.5,567.5,29991200,29991200,29991200
2012-06-06 22:00:00,586.25,586.25,586.25,29991200,29991200,29991200
2012-06-07 22:00:00,594.0,594.0,594.0,29991200,29991200,29991200
2012-06-08 22:00:00,598.0,598.0,598.0,29991200,29991200,29991200
2012-06-11 22:00:00,592.0,592.0,592.0,29991200,29991200,29991200
2012-06-12 22:00:00,584.0,584.0,584.0,29991200,29991200,29991200
2012-06-13 22:00:00,592.5,592.5,592.5,29991200,29991200,29991200
2012-06-14 22:00:00,601.5,601.5,601.5,29991200,29991200,29991200
2012-06-15 22:00:00,579.5,579.5,579.5,29991200,29991200,29991200
2012-06-18 22:00:00,599.5,599.5,599.5,29991200,29991200,29991200
2012-06-19 22:00:00,612.5,612.5,612.5,29991200,29991200,29991200
2012-06-20 22:00:00,611.75,611.75,611.75,29991200,29991200,29991200
2012-06-21 22:00:00,586.5,586.5,586.5,29991200,29991200,29991200
2012-06-22 22:00:00,591.0,591.0,591.0,29991200,29991200,29991200
2012-06-25 22:00:00,631.0,631.0,631.0,29991200,29991200,29991200
2012-06-26 22:00:00,646.0,646.0,646.0,29991200,29991200,29991200
2012-06-27 22:00:00,649.5,649.5,649.5,29991200,29991200,29991200
2012-06-28 22:00:00,652.0,652.0,652.0,29991200,29991200,29991200
2012-06-29 22:00:00,672.5,672.5,672.5,29991200,29991200,29991200
2012-07-02 22:00:00,692.5,692.5,692.5,29991200,29991200,29991200
2012-07-03 22:00:00,718.75,718.75,718.75,29991200,29991200,29991200
2012-07-05 22:00:00,768.0,768.0,768.0,29991200,29991200,29991200
2012-07-06 22:00:00,743.25,743.25,743.25,29991200,29991200,29991200
2012-07-09 22:00:00,775.25,775.25,775.25,29991200,29991200,29991200
2012-07-10 22:00:00,761.0,761.0,761.0,29991200,29991200,29991200
2012-07-11 22:00:00,750.75,750.75,750.75,29991200,29991200,29991200
2012-07-12 22:00:00,771.25,771.25,771.25,29991200,29991200,29991200
2012-07-13 22:00:00,755.75,755.75,755.75,29991200,29991200,29991200
2012-07-16 22:00:00,776.75,776.75,776.75,29991200,29991200,29991200
2012-07-17 22:00:00,779.5,779.5,779.5,29991200,29991200,29991200
2012-07-18 22:00:00,795.0,795.0,795.0,29991200,29991200,29991200
2012-07-19 22:00:00,807.75,807.75,807.75,29991200,29991200,29991200
2012-07-20 22:00:00,824.5,824.5,824.5,29991200,29991200,29991200
2012-07-23 22:00:00,814.0,814.0,814.0,29991200,29991200,29991200
2012-07-24 22:00:00,790.0,790.0,790.0,29991200,29991200,29991200
2012-07-25 22:00:00,794.5,794.5,794.5,29991200,29991200,29991200
2012-07-26 22:00:00,781.25,781.25,781.25,29991200,29991200,29991200
2012-07-27 22:00:00,798.5,798.5,798.5,29991200,29991200,29991200
2012-07-30 22:00:00,820.0,820.0,820.0,29991200,29991200,29991200
2012-07-31 22:00:00,806.5,806.5,806.5,29991200,29991200,29991200
2012-08-01 22:00:00,800.5,800.5,800.5,29991200,29991200,29991200
2012-08-02 22:00:00,794.0,794.0,794.0,29991200,29991200,29991200
2012-08-03 22:00:00,810.0,810.0,810.0,29991200,29991200,29991200
2012-08-06 22:00:00,803.0,803.0,803.0,29991200,29991200,29991200
2012-08-07 22:00:00,796.0,796.0,796.0,29991200,29991200,29991200
2012-08-08 22:00:00,810.75,810.75,810.75,29991200,29991200,29991200
2012-08-09 22:00:00,818.25,818.25,818.25,29991200,29991200,29991200
2012-08-10 22:00:00,800.0,800.0,800.0,29991200,29991200,29991200
2012-08-13 22:00:00,782.75,782.75,782.75,29991200,29991200,29991200
2012-08-14 22:00:00,779.75,779.75,779.75,29991200,29991200,29991200
2012-08-15 22:00:00,794.0,794.0,794.0,29991200,29991200,29991200
2012-08-16 22:00:00,797.75,797.75,797.75,29991200,29991200,29991200
2012-08-17 22:00:00,798.5,798.5,798.5,29991200,29991200,29991200
2012-08-20 22:00:00,815.25,815.25,815.25,29991200,29991200,29991200
2012-08-21 22:00:00,831.25,831.25,831.25,29991200,29991200,29991200
2012-08-22 22:00:00,830.25,830.25,830.25,29991200,29991200,29991200
2012-08-23 22:00:00,808.75,808.75,808.75,29991200,29991200,29991200
2012-08-24 22:00:00,802.25,802.25,802.25,29991200,29991200,29991200
2012-08-27 22:00:00,794.5,794.5,794.5,29991200,29991200,29991200
2012-08-28 22:00:00,789.5,789.5,789.5,29991200,29991200,29991200
2012-08-29 22:00:00,810.25,810.25,810.25,29991200,29991200,29991200
2012-08-30 22:00:00,811.5,811.5,811.5,29991200,29991200,29991200
2012-08-31 22:00:00,802.75,802.75,802.75,29991200,29991200,29991200
2012-09-04 22:00:00,807.0,807.0,807.0,29991200,29991200,29991200
2012-09-05 22:00:00,789.75,789.75,789.75,29991200,29991200,29991200
2012-09-06 22:00:00,797.25,797.25,797.25,29991200,29991200,29991200
2012-09-07 22:00:00,795.0,795.0,795.0,29991200,29991200,29991200
2012-09-10 22:00:00,781.0,781.0,781.0,29991200,29991200,29991200
2012-09-11 22:00:00,782.25,782.25,782.25,29991200,29991200,29991200
2012-09-12 22:00:00,771.0,771.0,771.0,29991200,29991200,29991200
2012-09-13 22:00:00,776.75,776.75,776.75,29991200,29991200,29991200
2012-09-14 22:00:00,777.5,777.5,777.5,29991200,29991200,29991200
2012-09-17 22:00:00,748.0,748.0,748.0,29991200,29991200,29991200
2012-09-18 22:00:00,740.0,740.0,740.0,29991200,29991200,29991200
2012-09-19 22:00:00,756.5,756.5,756.5,29991200,29991200,29991200
2012-09-20 22:00:00,746.0,746.0,746.0,29991200,29991200,29991200
2012-09-21 22:00:00,748.25,748.25,748.25,29991200,29991200,29991200
2012-09-24 22:00:00,744.75,744.75,744.75,29991200,29991200,29991200
2012-09-25 22:00:00,743.75,743.75,743.75,29991200,29991200,29991200
2012-09-26 22:00:00,724.75,724.75,724.75,29991200,29991200,29991200
2012-09-27 22:00:00,716.25,716.25,716.25,29991200,29991200,29991200
2012-09-28 22:00:00,756.25,756.25,756.25,29991200,29991200,29991200
2012-10-01 22:00:00,756.75,756.75,756.75,29991200,29991200,29991200
2012-10-02 22:00:00,758.25,758.25,758.25,29991200,29991200,29991200
2012-10-03 22:00:00,756.75,756.75,756.75,29991200,29991200,29991200
2012-10-04 22:00:00,757.0,757.0,757.0,29991200,29991200,29991200
2012-10-05 22:00:00,748.0,748.0,748.0,29991200,29991200,29991200
2012-10-08 22:00:00,742.0,742.0,742.0,29991200,29991200,29991200
2012-10-09 22:00:00,742.0,742.0,742.0,29991200,29991200,29991200
2012-10-10 22:00:00,736.75,736.75,736.75,29991200,29991200,29991200
2012-10-11 22:00:00,773.25,773.25,773.25,29991200,29991200,29991200
2012-10-12 22:00:00,752.75,752.75,752.75,29991200,29991200,29991200
2012-10-15 22:00:00,737.25,737.25,737.25,29991200,29991200,29991200
2012-10-16 22:00:00,738.25,738.25,738.25,29991200,29991200,29991200
2012-10-17 22:00:00,745.5,745.5,745.5,29991200,29991200,29991200
2012-10-18 22:00:00,760.75,760.75,760.75,29991200,29991200,29991200
2012-10-19 22:00:00,761.5,761.5,761.5,29991200,29991200,29991200
2012-10-22 22:00:00,761.25,761.25,761.25,29991200,29991200,29991200
2012-10-23 22:00:00,756.0,756.0,756.0,29991200,29991200,29991200
2012-10-24 22:00:00,754.5,754.5,754.5,29991200,29991200,29991200
2012-10-25 22:00:00,742.0,742.0,742.0,29991200,29991200,29991200
2012-10-26 22:00:00,737.75,737.75,737.75,29991200,29991200,29991200
2012-10-31 22:00:00,755.75,755.75,755.75,29991200,29991200,29991200
2012-11-01 22:00:00,751.0,751.0,751.0,29991200,29991200,29991200
2012-11-02 22:00:00,739.5,739.5,739.5,29991200,29991200,29991200
2012-11-05 22:00:00,735.5,735.5,735.5,29991200,29991200,29991200
2012-11-06 22:00:00,741.0,741.0,741.0,29991200,29991200,29991200
2012-11-07 22:00:00,744.25,744.25,744.25,29991200,29991200,29991200
2012-11-08 22:00:00,741.25,741.25,741.25,29991200,29991200,29991200
2012-11-09 22:00:00,738.75,738.75,738.75,29991200,29991200,29991200
2012-11-12 22:00:00,718.0,718.0,718.0,29991200,29991200,29991200
2012-11-13 22:00:00,723.5,723.5,723.5,29991200,29991200,29991200
2012-11-14 22:00:00,725.75,725.75,725.75,29991200,29991200,29991200
2012-11-15 22:00:00,721.25,721.25,721.25,29991200,29991200,29991200
2012-11-16 22:00:00,727.0,727.0,727.0,29991200,29991200,29991200
2012-11-19 22:00:00,738.75,738.75,738.75,29991200,29991200,29991200
2012-11-20 22:00:00,743.25,743.25,743.25,29991200,29991200,29991200
2012-11-21 22:00:00,741.0,741.0,741.0,29991200,29991200,29991200
2012-11-23 22:00:00,745.5,745.5,745.5,29991200,29991200,29991200
2012-11-26 22:00:00,747.25,747.25,747.25,29991200,29991200,29991200
2012-11-27 22:00:00,760.0,760.0,760.0,29991200,29991200,29991200
2012-11-28 22:00:00,760.25,760.25,760.25,29991200,29991200,29991200
2012-11-29 22:00:00,751.5,751.5,751.5,29991200,29991200,29991200
2012-11-30 22:00:00,748.0,748.0,748.0,29991200,29991200,29991200
2012-12-03 22:00:00,749.0,749.0,749.0,29991200,29991200,29991200
2012-12-04 22:00:00,746.5,746.5,746.5,29991200,29991200,29991200
2012-12-05 22:00:00,753.25,753.25,753.25,29991200,29991200,29991200
2012-12-06 22:00:00,747.75,747.75,747.75,29991200,29991200,29991200
2012-12-07 22:00:00,732.75,732.75,732.75,29991200,29991200,29991200
2012-12-10 22:00:00,726.75,726.75,726.75,29991200,29991200,29991200
2012-12-11 22:00:00,724.25,724.25,724.25,29991200,29991200,29991200
2012-12-12 22:00:00,721.0,721.0,721.0,29991200,29991200,29991200
2012-12-13 22:00:00,712.25,712.25,712.25,29991200,29991200,29991200
2012-12-14 22:00:00,718.75,718.75,718.75,29991200,29991200,29991200
2012-12-17 22:00:00,724.0,724.0,724.0,29991200,29991200,29991200
2012-12-18 22:00:00,720.0,720.0,720.0,29991200,29991200,29991200
2012-12-19 22:00:00,703.0,703.0,703.0,29991200,29991200,29991200
2012-12-20 22:00:00,696.5,696.5,696.5,29991200,29991200,29991200
2012-12-21 22:00:00,702.0,702.0,702.0,29991200,29991200,29991200
2012-12-24 22:00:00,704.25,704.25,704.25,29991200,29991200,29991200
2012-12-26 22:00:00,693.25,693.25,693.25,29991200,29991200,29991200
2012-12-27 22:00:00,691.5,691.5,691.5,29991200,29991200,29991200
2012-12-28 22:00:00,694.0,694.0,694.0,29991200,29991200,29991200
2012-12-31 22:00:00,698.25,698.25,698.25,29991200,29991200,29991200
2013-01-02 22:00:00,690.75,690.75,690.75,29991200,29991200,29991200
2013-01-03 22:00:00,689.25,689.25,689.25,29991200,29991200,29991200
2013-01-04 22:00:00,680.25,680.25,680.25,29991200,29991200,29991200
2013-01-07 22:00:00,685.5,685.5,685.5,29991200,29991200,29991200
2013-01-08 22:00:00,688.75,688.75,688.75,29991200,29991200,29991200
2013-01-09 22:00:00,694.25,694.25,694.25,29991200,29991200,29991200
2013-01-10 22:00:00,698.75,698.75,698.75,29991200,29991200,29991200
2013-01-11 22:00:00,708.75,708.75,708.75,29991200,29991200,29991200
2013-01-14 22:00:00,724.0,724.0,724.0,29991200,29991200,29991200
2013-01-15 22:00:00,730.5,730.5,730.5,29991200,29991200,29991200
2013-01-16 22:00:00,731.25,731.25,731.25,29991200,29991200,29991200
2013-01-17 22:00:00,724.5,724.5,724.5,29991200,29991200,29991200
2013-01-18 22:00:00,727.5,727.5,727.5,29991200,29991200,29991200
2013-01-22 22:00:00,728.5,728.5,728.5,29991200,29991200,29991200
2013-01-23 22:00:00,720.75,720.75,720.75,29991200,29991200,29991200
2013-01-24 22:00:00,724.25,724.25,724.25,29991200,29991200,29991200
2013-01-25 22:00:00,720.75,720.75,720.75,29991200,29991200,29991200
2013-01-28 22:00:00,729.25,729.25,729.25,29991200,29991200,29991200
2013-01-29 22:00:00,729.5,729.5,729.5,29991200,29991200,29991200
2013-01-30 22:00:00,740.25,740.25,740.25,29991200,29991200,29991200
2013-01-31 22:00:00,740.5,740.5,740.5,29991200,29991200,29991200
2013-02-01 22:00:00,736.0,736.0,736.0,29991200,29991200,29991200
2013-02-04 22:00:00,734.25,734.25,734.25,29991200,29991200,29991200
2013-02-05 22:00:00,729.0,729.0,729.0,29991200,29991200,29991200
2013-02-06 22:00:00,722.5,722.5,722.5,29991200,29991200,29991200
2013-02-07 22:00:00,710.75,710.75,710.75,29991200,29991200,29991200
2013-02-08 22:00:00,709.0,709.0,709.0,29991200,29991200,29991200
2013-02-11 22:00:00,702.25,702.25,702.25,29991200,29991200,29991200
2013-02-12 22:00:00,696.25,696.25,696.25,29991200,29991200,29991200
2013-02-13 22:00:00,695.5,695.5,695.5,29991200,29991200,29991200
2013-02-14 22:00:00,694.75,694.75,694.75,29991200,29991200,29991200
2013-02-15 22:00:00,698.75,698.75,698.75,29991200,29991200,29991200
2013-02-19 22:00:00,695.25,695.25,695.25,29991200,29991200,29991200
2013-02-20 22:00:00,700.5,700.5,700.5,29991200,29991200,29991200
2013-02-21 22:00:00,690.75,690.75,690.75,29991200,29991200,29991200
2013-02-22 22:00:00,690.25,690.25,690.25,29991200,29991200,29991200
2013-02-25 22:00:00,693.5,693.5,693.5,29991200,29991200,29991200
2013-02-26 22:00:00,705.0,705.0,705.0,29991200,29991200,29991200
2013-02-27 22:00:00,709.5,709.5,709.5,29991200,29991200,29991200
2013-02-28 22:00:00,719.5,719.5,719.5,29991200,29991200,29991200
2013-03-01 22:00:00,724.25,724.25,724.25,29991200,29991200,29991200
2013-03-04 22:00:00,723.0,723.0,723.0,29991200,29991200,29991200
2013-03-05 22:00:00,732.0,732.0,732.0,29991200,29991200,29991200
2013-03-06 22:00:00,708.0,708.0,708.0,29991200,29991200,29991200
2013-03-07 22:00:00,711.5,711.5,711.5,29991200,29991200,29991200
2013-03-08 22:00:00,725.25,725.25,725.25,29991200,29991200,29991200
2013-03-11 22:00:00,734.5,734.5,734.5,29991200,29991200,29991200
2013-03-12 22:00:00,741.0,741.0,741.0,29991200,29991200,29991200
2013-03-13 22:00:00,741.25,741.25,741.25,29991200,29991200,29991200
2013-03-14 22:00:00,732.75,732.75,732.75,29991200,29991200,29991200
2013-03-15 22:00:00,717.0,717.0,717.0,29991200,29991200,29991200
2013-03-18 22:00:00,720.0,720.0,720.0,29991200,29991200,29991200
2013-03-19 22:00:00,728.5,728.5,728.5,29991200,29991200,29991200
2013-03-20 22:00:00,732.5,732.5,732.5,29991200,29991200,29991200
2013-03-21 22:00:00,733.0,733.0,733.0,29991200,29991200,29991200
2013-03-22 22:00:00,726.25,726.25,726.25,29991200,29991200,29991200
2013-03-25 22:00:00,733.25,733.25,733.25,29991200,29991200,29991200
2013-03-26 22:00:00,730.25,730.25,730.25,29991200,29991200,29991200
2013-03-27 22:00:00,735.25,735.25,735.25,29991200,29991200,29991200
2013-03-28 22:00:00,695.25,695.25,695.25,29991200,29991200,29991200
2013-04-01 22:00:00,642.25,642.25,642.25,29991200,29991200,29991200
2013-04-02 22:00:00,640.5,640.5,640.5,29991200,29991200,29991200
2013-04-03 22:00:00,641.5,641.5,641.5,29991200,29991200,29991200
2013-04-04 22:00:00,630.0,630.0,630.0,29991200,29991200,29991200
2013-04-05 22:00:00,629.0,629.0,629.0,29991200,29991200,29991200
2013-04-08 22:00:00,633.5,633.5,633.5,29991200,29991200,29991200
2013-04-09 22:00:00,644.25,644.25,644.25,29991200,29991200,29991200
2013-04-10 22:00:00,649.0,649.0,649.0,29991200,29991200,29991200
2013-04-11 22:00:00,651.25,651.25,651.25,29991200,29991200,29991200
2013-04-12 22:00:00,658.5,658.5,658.5,29991200,29991200,29991200
2013-04-15 22:00:00,646.75,646.75,646.75,29991200,29991200,29991200
2013-04-16 22:00:00,663.25,663.25,663.25,29991200,29991200,29991200
2013-04-17 22:00:00,660.5,660.5,660.5,29991200,29991200,29991200
2013-04-18 22:00:00,644.5,644.5,644.5,29991200,29991200,29991200
2013-04-19 22:00:00,652.0,652.0,652.0,29991200,29991200,29991200
2013-04-22 22:00:00,645.75,645.75,645.75,29991200,29991200,29991200
2013-04-23 22:00:00,638.5,638.5,638.5,29991200,29991200,29991200
2013-04-24 22:00:00,639.5,639.5,639.5,29991200,29991200,29991200
2013-04-25 22:00:00,645.25,645.25,645.25,29991200,29991200,29991200
2013-04-26 22:00:00,644.0,644.0,644.0,29991200,29991200,29991200
2013-04-29 22:00:00,684.0,684.0,684.0,29991200,29991200,29991200
2013-04-30 22:00:00,683.25,683.25,683.25,29991200,29991200,29991200
2013-05-01 22:00:00,681.75,681.75,681.75,29991200,29991200,29991200
2013-05-02 22:00:00,697.5,697.5,697.5,29991200,29991200,29991200
2013-05-03 22:00:00,699.5,699.5,699.5,29991200,29991200,29991200
2013-05-06 22:00:00,678.75,678.75,678.75,29991200,29991200,29991200
2013-05-07 22:00:00,676.5,676.5,676.5,29991200,29991200,29991200
2013-05-08 22:00:00,675.0,675.0,675.0,29991200,29991200,29991200
2013-05-09 22:00:00,694.5,694.5,694.5,29991200,29991200,29991200
2013-05-10 22:00:00,687.75,687.75,687.75,29991200,29991200,29991200
2013-05-13 22:00:00,718.0,718.0,718.0,29991200,29991200,29991200
2013-05-14 22:00:00,706.75,706.75,706.75,29991200,29991200,29991200
2013-05-15 22:00:00,650.75,650.75,650.75,29991200,29991200,29991200
2013-05-16 22:00:00,641.5,641.5,641.5,29991200,29991200,29991200
2013-05-17 22:00:00,652.75,652.75,652.75,29991200,29991200,29991200
2013-05-20 22:00:00,649.5,649.5,649.5,29991200,29991200,29991200
2013-05-21 22:00:00,640.0,640.0,640.0,29991200,29991200,29991200
2013-05-22 22:00:00,658.5,658.5,658.5,29991200,29991200,29991200
2013-05-23 22:00:00,662.0,662.0,662.0,29991200,29991200,29991200
2013-05-24 22:00:00,657.25,657.25,657.25,29991200,29991200,29991200
2013-05-28 22:00:00,666.5,666.5,666.5,29991200,29991200,29991200
2013-05-29 22:00:00,665.0,665.0,665.0,29991200,29991200,29991200
2013-05-30 22:00:00,654.25,654.25,654.25,29991200,29991200,29991200
2013-05-31 22:00:00,662.0,662.0,662.0,29991200,29991200,29991200
2013-06-03 22:00:00,655.75,655.75,655.75,29991200,29991200,29991200
2013-06-04 22:00:00,660.5,660.5,660.5,29991200,29991200,29991200
2013-06-05 22:00:00,660.75,660.75,660.75,29991200,29991200,29991200
2013-06-06 22:00:00,663.25,663.25,663.25,29991200,29991200,29991200
2013-06-07 22:00:00,666.25,666.25,666.25,29991200,29991200,29991200
2013-06-10 22:00:00,650.0,650.0,650.0,29991200,29991200,29991200
2013-06-11 22:00:00,659.5,659.5,659.5,29991200,29991200,29991200
2013-06-12 22:00:00,650.75,650.75,650.75,29991200,29991200,29991200
2013-06-13 22:00:00,643.5,643.5,643.5,29991200,29991200,29991200
2013-06-14 22:00:00,655.0,655.0,655.0,29991200,29991200,29991200
2013-06-17 22:00:00,668.5,668.5,668.5,29991200,29991200,29991200
2013-06-18 22:00:00,673.25,673.25,673.25,29991200,29991200,29991200
2013-06-19 22:00:00,682.25,682.25,682.25,29991200,29991200,29991200
2013-06-20 22:00:00,673.25,673.25,673.25,29991200,29991200,29991200
2013-06-21 22:00:00,661.75,661.75,661.75,29991200,29991200,29991200
2013-06-24 22:00:00,653.25,653.25,653.25,29991200,29991200,29991200
2013-06-25 22:00:00,656.75,656.75,656.75,29991200,29991200,29991200
2013-06-26 22:00:00,664.5,664.5,664.5,29991200,29991200,29991200
2013-06-27 22:00:00,667.25,667.25,667.25,29991200,29991200,29991200
2013-06-28 22:00:00,679.25,679.25,679.25,29991200,29991200,29991200
2013-07-01 22:00:00,655.5,655.5,655.5,29991200,29991200,29991200
2013-07-02 22:00:00,672.75,672.75,672.75,29991200,29991200,29991200
2013-07-03 22:00:00,678.25,678.25,678.25,29991200,29991200,29991200
2013-07-05 22:00:00,684.75,684.75,684.75,29991200,29991200,29991200
2013-07-08 22:00:00,691.75,691.75,691.75,29991200,29991200,29991200
2013-07-09 22:00:00,704.0,704.0,704.0,29991200,29991200,29991200
2013-07-10 22:00:00,709.75,709.75,709.75,29991200,29991200,29991200
2013-07-11 22:00:00,716.75,716.75,716.75,29991200,29991200,29991200
2013-07-12 22:00:00,701.5,701.5,701.5,29991200,29991200,29991200
2013-07-15 22:00:00,536.25,536.25,536.25,29991200,29991200,29991200
2013-07-16 22:00:00,545.25,545.25,545.25,29991200,29991200,29991200
2013-07-17 22:00:00,538.5,538.5,538.5,29991200,29991200,29991200
2013-07-18 22:00:00,541.0,541.0,541.0,29991200,29991200,29991200
2013-07-19 22:00:00,544.0,544.0,544.0,29991200,29991200,29991200
2013-07-22 22:00:00,540.75,540.75,540.75,29991200,29991200,29991200
2013-07-23 22:00:00,522.5,522.5,522.5,29991200,29991200,29991200
2013-07-24 22:00:00,508.25,508.25,508.25,29991200,29991200,29991200
2013-07-25 22:00:00,496.0,496.0,496.0,29991200,29991200,29991200
2013-07-26 22:00:00,492.0,492.0,492.0,29991200,29991200,29991200
2013-07-29 22:00:00,489.25,489.25,489.25,29991200,29991200,29991200
2013-07-30 22:00:00,495.5,495.5,495.5,29991200,29991200,29991200
2013-07-31 22:00:00,499.0,499.0,499.0,29991200,29991200,29991200
2013-08-01 22:00:00,487.5,487.5,487.5,29991200,29991200,29991200
2013-08-02 22:00:00,476.0,476.0,476.0,29991200,29991200,29991200
2013-08-05 22:00:00,469.25,469.25,469.25,29991200,29991200,29991200
2013-08-06 22:00:00,472.25,472.25,472.25,29991200,29991200,29991200
2013-08-07 22:00:00,468.25,468.25,468.25,29991200,29991200,29991200
2013-08-08 22:00:00,473.5,473.5,473.5,29991200,29991200,29991200
2013-08-09 22:00:00,465.75,465.75,465.75,29991200,29991200,29991200
2013-08-12 22:00:00,472.0,472.0,472.0,29991200,29991200,29991200
2013-08-13 22:00:00,455.25,455.25,455.25,29991200,29991200,29991200
2013-08-14 22:00:00,464.75,464.75,464.75,29991200,29991200,29991200
2013-08-15 22:00:00,481.5,481.5,481.5,29991200,29991200,29991200
2013-08-16 22:00:00,473.75,473.75,473.75,29991200,29991200,29991200
2013-08-19 22:00:00,493.25,493.25,493.25,29991200,29991200,29991200
2013-08-20 22:00:00,483.75,483.75,483.75,29991200,29991200,29991200
2013-08-21 22:00:00,498.0,498.0,498.0,29991200,29991200,29991200
2013-08-22 22:00:00,487.5,487.5,487.5,29991200,29991200,29991200
2013-08-23 22:00:00,495.5,495.5,495.5,29991200,29991200,29991200
2013-08-26 22:00:00,515.75,515.75,515.75,29991200,29991200,29991200
2013-08-27 22:00:00,499.75,499.75,499.75,29991200,29991200,29991200
2013-08-28 22:00:00,504.25,504.25,504.25,29991200,29991200,29991200
2013-08-29 22:00:00,497.25,497.25,497.25,29991200,29991200,29991200
2013-08-30 22:00:00,495.0,495.0,495.0,29991200,29991200,29991200
2013-09-03 22:00:00,498.0,498.0,498.0,29991200,29991200,29991200
2013-09-04 22:00:00,494.0,494.0,494.0,29991200,29991200,29991200
2013-09-05 22:00:00,489.5,489.5,489.5,29991200,29991200,29991200
2013-09-06 22:00:00,491.5,491.5,491.5,29991200,29991200,29991200
2013-09-09 22:00:00,477.25,477.25,477.25,29991200,29991200,29991200
2013-09-10 22:00:00,474.75,474.75,474.75,29991200,29991200,29991200
2013-09-11 22:00:00,479.75,479.75,479.75,29991200,29991200,29991200
2013-09-12 22:00:00,479.0,479.0,479.0,29991200,29991200,29991200
2013-09-13 22:00:00,450.0,450.0,450.0,29991200,29991200,29991200
2013-09-16 22:00:00,456.5,456.5,456.5,29991200,29991200,29991200
2013-09-17 22:00:00,454.0,454.0,454.0,29991200,29991200,29991200
2013-09-18 22:00:00,456.25,456.25,456.25,29991200,29991200,29991200
2013-09-19 22:00:00,459.5,459.5,459.5,29991200,29991200,29991200
2013-09-20 22:00:00,451.0,451.0,451.0,29991200,29991200,29991200
2013-09-23 22:00:00,453.25,453.25,453.25,29991200,29991200,29991200
2013-09-24 22:00:00,448.75,448.75,448.75,29991200,29991200,29991200
2013-09-25 22:00:00,454.75,454.75,454.75,29991200,29991200,29991200
2013-09-26 22:00:00,456.75,456.75,456.75,29991200,29991200,29991200
2013-09-27 22:00:00,454.0,454.0,454.0,29991200,29991200,29991200
2013-09-30 22:00:00,441.5,441.5,441.5,29991200,29991200,29991200
2013-10-01 22:00:00,439.0,439.0,439.0,29991200,29991200,29991200
2013-10-02 22:00:00,439.0,439.0,439.0,29991200,29991200,29991200
2013-10-03 22:00:00,439.25,439.25,439.25,29991200,29991200,29991200
2013-10-04 22:00:00,443.25,443.25,443.25,29991200,29991200,29991200
2013-10-07 22:00:00,449.25,449.25,449.25,29991200,29991200,29991200
2013-10-08 22:00:00,441.75,441.75,441.75,29991200,29991200,29991200
2013-10-09 22:00:00,443.5,443.5,443.5,29991200,29991200,29991200
2013-10-10 22:00:00,438.25,438.25,438.25,29991200,29991200,29991200
2013-10-11 22:00:00,433.25,433.25,433.25,29991200,29991200,29991200
2013-10-14 22:00:00,437.0,437.0,437.0,29991200,29991200,29991200
2013-10-15 22:00:00,443.5,443.5,443.5,29991200,29991200,29991200
2013-10-16 22:00:00,442.75,442.75,442.75,29991200,29991200,29991200
2013-10-17 22:00:00,443.0,443.0,443.0,29991200,29991200,29991200
2013-10-18 22:00:00,441.5,441.5,441.5,29991200,29991200,29991200
2013-10-21 22:00:00,444.0,444.0,444.0,29991200,29991200,29991200
2013-10-22 22:00:00,438.25,438.25,438.25,29991200,29991200,29991200
2013-10-23 22:00:00,442.75,442.75,442.75,29991200,29991200,29991200
2013-10-24 22:00:00,440.25,440.25,440.25,29991200,29991200,29991200
2013-10-25 22:00:00,440.0,440.0,440.0,29991200,29991200,29991200
2013-10-28 22:00:00,430.75,430.75,430.75,29991200,29991200,29991200
2013-10-29 22:00:00,432.0,432.0,432.0,29991200,29991200,29991200
2013-10-30 22:00:00,430.25,430.25,430.25,29991200,29991200,29991200
2013-10-31 22:00:00,428.25,428.25,428.25,29991200,29991200,29991200
2013-11-01 22:00:00,427.25,427.25,427.25,29991200,29991200,29991200
2013-11-04 22:00:00,426.25,426.25,426.25,29991200,29991200,29991200
2013-11-05 22:00:00,425.0,425.0,425.0,29991200,29991200,29991200
2013-11-06 22:00:00,421.25,421.25,421.25,29991200,29991200,29991200
2013-11-07 22:00:00,420.5,420.5,420.5,29991200,29991200,29991200
2013-11-08 22:00:00,426.75,426.75,426.75,29991200,29991200,29991200
2013-11-11 22:00:00,434.75,434.75,434.75,29991200,29991200,29991200
2013-11-12 22:00:00,432.25,432.25,432.25,29991200,29991200,29991200
2013-11-13 22:00:00,429.75,429.75,429.75,29991200,29991200,29991200
2013-11-14 22:00:00,426.5,426.5,426.5,29991200,29991200,29991200
2013-11-15 22:00:00,422.0,422.0,422.0,29991200,29991200,29991200
2013-11-18 22:00:00,412.0,412.0,412.0,29991200,29991200,29991200
2013-11-19 22:00:00,417.75,417.75,417.75,29991200,29991200,29991200
2013-11-20 22:00:00,417.0,417.0,417.0,29991200,29991200,29991200
2013-11-21 22:00:00,423.0,423.0,423.0,29991200,29991200,29991200
2013-11-22 22:00:00,422.25,422.25,422.25,29991200,29991200,29991200
2013-11-25 22:00:00,424.75,424.75,424.75,29991200,29991200,29991200
2013-11-26 22:00:00,418.5,418.5,418.5,29991200,29991200,29991200
2013-11-27 22:00:00,417.25,417.25,417.25,29991200,29991200,29991200
2013-11-29 22:00:00,415.25,415.25,415.25,29991200,29991200,29991200
2013-12-02 22:00:00,416.5,416.5,416.5,29991200,29991200,29991200
2013-12-03 22:00:00,422.0,422.0,422.0,29991200,29991200,29991200
2013-12-04 22:00:00,425.5,425.5,425.5,29991200,29991200,29991200
2013-12-05 22:00:00,422.75,422.75,422.75,29991200,29991200,29991200
2013-12-06 22:00:00,424.0,424.0,424.0,29991200,29991200,29991200
2013-12-09 22:00:00,428.5,428.5,428.5,29991200,29991200,29991200
2013-12-10 22:00:00,427.5,427.5,427.5,29991200,29991200,29991200
2013-12-11 22:00:00,431.25,431.25,431.25,29991200,29991200,29991200
2013-12-12 22:00:00,428.25,428.25,428.25,29991200,29991200,29991200
2013-12-13 22:00:00,420.5,420.5,420.5,29991200,29991200,29991200
2013-12-16 22:00:00,423.25,423.25,423.25,29991200,29991200,29991200
2013-12-17 22:00:00,426.75,426.75,426.75,29991200,29991200,29991200
2013-12-18 22:00:00,425.0,425.0,425.0,29991200,29991200,29991200
2013-12-19 22:00:00,430.5,430.5,430.5,29991200,29991200,29991200
2013-12-20 22:00:00,433.25,433.25,433.25,29991200,29991200,29991200
2013-12-23 22:00:00,434.25,434.25,434.25,29991200,29991200,29991200
2013-12-24 22:00:00,434.5,434.5,434.5,29991200,29991200,29991200
2013-12-26 22:00:00,426.25,426.25,426.25,29991200,29991200,29991200
2013-12-27 22:00:00,427.5,427.5,427.5,29991200,29991200,29991200
2013-12-30 22:00:00,423.5,423.5,423.5,29991200,29991200,29991200
2013-12-31 22:00:00,422.0,422.0,422.0,29991200,29991200,29991200
2014-01-02 22:00:00,420.5,420.5,420.5,29991200,29991200,29991200
2014-01-03 22:00:00,423.5,423.5,423.5,29991200,29991200,29991200
2014-01-06 22:00:00,427.75,427.75,427.75,29991200,29991200,29991200
2014-01-07 22:00:00,426.0,426.0,426.0,29991200,29991200,29991200
2014-01-08 22:00:00,417.0,417.0,417.0,29991200,29991200,29991200
2014-01-09 22:00:00,412.0,412.0,412.0,29991200,29991200,29991200
2014-01-10 22:00:00,432.75,432.75,432.75,29991200,29991200,29991200
2014-01-13 22:00:00,434.5,434.5,434.5,29991200,29991200,29991200
2014-01-14 22:00:00,431.5,431.5,431.5,29991200,29991200,29991200
2014-01-15 22:00:00,425.75,425.75,425.75,29991200,29991200,29991200
2014-01-16 22:00:00,428.0,428.0,428.0,29991200,29991200,29991200
2014-01-17 22:00:00,424.0,424.0,424.0,29991200,29991200,29991200
2014-01-21 22:00:00,425.0,425.0,425.0,29991200,29991200,29991200
2014-01-22 22:00:00,426.25,426.25,426.25,29991200,29991200,29991200
2014-01-23 22:00:00,429.0,429.0,429.0,29991200,29991200,29991200
2014-01-24 22:00:00,429.5,429.5,429.5,29991200,29991200,29991200
2014-01-27 22:00:00,431.75,431.75,431.75,29991200,29991200,29991200
2014-01-28 22:00:00,432.0,432.0,432.0,29991200,29991200,29991200
2014-01-29 22:00:00,427.5,427.5,427.5,29991200,29991200,29991200
2014-01-30 22:00:00,433.5,433.5,433.5,29991200,29991200,29991200
2014-01-31 22:00:00,434.0,434.0,434.0,29991200,29991200,29991200
2014-02-03 22:00:00,435.75,435.75,435.75,29991200,29991200,29991200
2014-02-04 22:00:00,441.75,441.75,441.75,29991200,29991200,29991200
2014-02-05 22:00:00,443.25,443.25,443.25,29991200,29991200,29991200
2014-02-06 22:00:00,443.0,443.0,443.0,29991200,29991200,29991200
2014-02-07 22:00:00,444.25,444.25,444.25,29991200,29991200,29991200
2014-02-10 22:00:00,443.0,443.0,443.0,29991200,29991200,29991200
2014-02-11 22:00:00,441.5,441.5,441.5,29991200,29991200,29991200
2014-02-12 22:00:00,440.0,440.0,440.0,29991200,29991200,29991200
2014-02-13 22:00:00,440.5,440.5,440.5,29991200,29991200,29991200
2014-02-14 22:00:00,445.25,445.25,445.25,29991200,29991200,29991200
2014-02-18 22:00:00,449.5,449.5,449.5,29991200,29991200,29991200
2014-02-19 22:00:00,453.75,453.75,453.75,29991200,29991200,29991200
2014-02-20 22:00:00,455.75,455.75,455.75,29991200,29991200,29991200
2014-02-21 22:00:00,453.0,453.0,453.0,29991200,29991200,29991200
2014-02-24 22:00:00,451.5,451.5,451.5,29991200,29991200,29991200
2014-02-25 22:00:00,455.75,455.75,455.75,29991200,29991200,29991200
2014-02-26 22:00:00,455.5,455.5,455.5,29991200,29991200,29991200
2014-02-27 22:00:00,448.0,448.0,448.0,29991200,29991200,29991200
2014-02-28 22:00:00,457.5,457.5,457.5,29991200,29991200,29991200
2014-03-03 22:00:00,464.0,464.0,464.0,29991200,29991200,29991200
2014-03-04 22:00:00,476.75,476.75,476.75,29991200,29991200,29991200
2014-03-05 22:00:00,475.25,475.25,475.25,29991200,29991200,29991200
2014-03-06 22:00:00,485.75,485.75,485.75,29991200,29991200,29991200
2014-03-07 22:00:00,481.0,481.0,481.0,29991200,29991200,29991200
2014-03-10 22:00:00,472.0,472.0,472.0,29991200,29991200,29991200
2014-03-11 22:00:00,478.0,478.0,478.0,29991200,29991200,29991200
2014-03-12 22:00:00,484.25,484.25,484.25,29991200,29991200,29991200
2014-03-13 22:00:00,484.25,484.25,484.25,29991200,29991200,29991200
2014-03-14 22:00:00,472.25,472.25,472.25,29991200,29991200,29991200
2014-03-17 22:00:00,479.0,479.0,479.0,29991200,29991200,29991200
2014-03-18 22:00:00,486.25,486.25,486.25,29991200,29991200,29991200
2014-03-19 22:00:00,487.75,487.75,487.75,29991200,29991200,29991200
2014-03-20 22:00:00,478.5,478.5,478.5,29991200,29991200,29991200
2014-03-21 22:00:00,479.0,479.0,479.0,29991200,29991200,29991200
2014-03-24 22:00:00,490.0,490.0,490.0,29991200,29991200,29991200
2014-03-25 22:00:00,486.5,486.5,486.5,29991200,29991200,29991200
2014-03-26 22:00:00,484.5,484.5,484.5,29991200,29991200,29991200
2014-03-27 22:00:00,492.0,492.0,492.0,29991200,29991200,29991200
2014-03-28 22:00:00,492.0,492.0,492.0,29991200,29991200,29991200
2014-03-31 22:00:00,502.0,502.0,502.0,29991200,29991200,29991200
2014-04-01 22:00:00,507.5,507.5,507.5,29991200,29991200,29991200
2014-04-02 22:00:00,495.75,495.75,495.75,29991200,29991200,29991200
2014-04-03 22:00:00,500.0,500.0,500.0,29991200,29991200,29991200
2014-04-04 22:00:00,501.75,501.75,501.75,29991200,29991200,29991200
2014-04-07 22:00:00,499.25,499.25,499.25,29991200,29991200,29991200
2014-04-08 22:00:00,507.0,507.0,507.0,29991200,29991200,29991200
2014-04-09 22:00:00,502.25,502.25,502.25,29991200,29991200,29991200
2014-04-10 22:00:00,501.25,501.25,501.25,29991200,29991200,29991200
2014-04-11 22:00:00,498.5,498.5,498.5,29991200,29991200,29991200
2014-04-14 22:00:00,503.0,503.0,503.0,29991200,29991200,29991200
2014-04-15 22:00:00,503.75,503.75,503.75,29991200,29991200,29991200
2014-04-16 22:00:00,497.5,497.5,497.5,29991200,29991200,29991200
2014-04-17 22:00:00,494.75,494.75,494.75,29991200,29991200,29991200
2014-04-21 22:00:00,488.5,488.5,488.5,29991200,29991200,29991200
2014-04-22 22:00:00,496.25,496.25,496.25,29991200,29991200,29991200
2014-04-23 22:00:00,503.5,503.5,503.5,29991200,29991200,29991200
2014-04-24 22:00:00,501.25,501.25,501.25,29991200,29991200,29991200
2014-04-25 22:00:00,507.0,507.0,507.0,29991200,29991200,29991200
2014-04-28 22:00:00,507.75,507.75,507.75,29991200,29991200,29991200
2014-04-29 22:00:00,515.75,515.75,515.75,29991200,29991200,29991200
2014-04-30 22:00:00,514.0,514.0,514.0,29991200,29991200,29991200
2014-05-01 22:00:00,503.25,503.25,503.25,29991200,29991200,29991200
2014-05-02 22:00:00,494.0,494.0,494.0,29991200,29991200,29991200
2014-05-05 22:00:00,503.25,503.25,503.25,29991200,29991200,29991200
2014-05-06 22:00:00,513.0,513.0,513.0,29991200,29991200,29991200
2014-05-07 22:00:00,510.25,510.25,510.25,29991200,29991200,29991200
2014-05-08 22:00:00,513.25,513.25,513.25,29991200,29991200,29991200
2014-05-09 22:00:00,505.0,505.0,505.0,29991200,29991200,29991200
2014-05-12 22:00:00,497.5,497.5,497.5,29991200,29991200,29991200
2014-05-13 22:00:00,503.25,503.25,503.25,29991200,29991200,29991200
2014-05-14 22:00:00,494.75,494.75,494.75,29991200,29991200,29991200
2014-05-15 22:00:00,484.25,484.25,484.25,29991200,29991200,29991200
2014-05-16 22:00:00,483.5,483.5,483.5,29991200,29991200,29991200
2014-05-19 22:00:00,477.25,477.25,477.25,29991200,29991200,29991200
2014-05-20 22:00:00,473.5,473.5,473.5,29991200,29991200,29991200
2014-05-21 22:00:00,474.5,474.5,474.5,29991200,29991200,29991200
2014-05-22 22:00:00,476.75,476.75,476.75,29991200,29991200,29991200
2014-05-23 22:00:00,478.0,478.0,478.0,29991200,29991200,29991200
2014-05-27 22:00:00,469.75,469.75,469.75,29991200,29991200,29991200
2014-05-28 22:00:00,472.5,472.5,472.5,29991200,29991200,29991200
2014-05-29 22:00:00,469.5,469.5,469.5,29991200,29991200,29991200
2014-05-30 22:00:00,465.75,465.75,465.75,29991200,29991200,29991200
2014-06-02 22:00:00,465.5,465.5,465.5,29991200,29991200,29991200
2014-06-03 22:00:00,458.25,458.25,458.25,29991200,29991200,29991200
2014-06-04 22:00:00,456.25,456.25,456.25,29991200,29991200,29991200
2014-06-05 22:00:00,449.0,449.0,449.0,29991200,29991200,29991200
2014-06-06 22:00:00,459.0,459.0,459.0,29991200,29991200,29991200
2014-06-09 22:00:00,451.0,451.0,451.0,29991200,29991200,29991200
2014-06-10 22:00:00,445.5,445.5,445.5,29991200,29991200,29991200
2014-06-11 22:00:00,441.0,441.0,441.0,29991200,29991200,29991200
2014-06-12 22:00:00,444.0,444.0,444.0,29991200,29991200,29991200
2014-06-13 22:00:00,447.0,447.0,447.0,29991200,29991200,29991200
2014-06-16 22:00:00,441.0,441.0,441.0,29991200,29991200,29991200
2014-06-17 22:00:00,438.75,438.75,438.75,29991200,29991200,29991200
2014-06-18 22:00:00,441.5,441.5,441.5,29991200,29991200,29991200
2014-06-19 22:00:00,450.5,450.5,450.5,29991200,29991200,29991200
2014-06-20 22:00:00,453.25,453.25,453.25,29991200,29991200,29991200
2014-06-23 22:00:00,444.5,444.5,444.5,29991200,29991200,29991200
2014-06-24 22:00:00,443.0,443.0,443.0,29991200,29991200,29991200
2014-06-25 22:00:00,441.0,441.0,441.0,29991200,29991200,29991200
2014-06-26 22:00:00,442.75,442.75,442.75,29991200,29991200,29991200
2014-06-27 22:00:00,443.0,443.0,443.0,29991200,29991200,29991200
2014-06-30 22:00:00,424.25,424.25,424.25,29991200,29991200,29991200
2014-07-01 22:00:00,422.75,422.75,422.75,29991200,29991200,29991200
2014-07-02 22:00:00,418.5,418.5,418.5,29991200,29991200,29991200
2014-07-03 22:00:00,417.0,417.0,417.0,29991200,29991200,29991200
2014-07-07 22:00:00,409.25,409.25,409.25,29991200,29991200,29991200
2014-07-08 22:00:00,408.25,408.25,408.25,29991200,29991200,29991200
2014-07-09 22:00:00,404.0,404.0,404.0,29991200,29991200,29991200
2014-07-10 22:00:00,400.5,400.5,400.5,29991200,29991200,29991200
2014-07-11 22:00:00,399.75,399.75,399.75,29991200,29991200,29991200
2014-07-14 22:00:00,390.25,390.25,390.25,29991200,29991200,29991200
2014-07-15 22:00:00,374.0,374.0,374.0,29991200,29991200,29991200
2014-07-16 22:00:00,378.25,378.25,378.25,29991200,29991200,29991200
2014-07-17 22:00:00,379.5,379.5,379.5,29991200,29991200,29991200
2014-07-18 22:00:00,371.25,371.25,371.25,29991200,29991200,29991200
2014-07-21 22:00:00,364.0,364.0,364.0,29991200,29991200,29991200
2014-07-22 22:00:00,360.25,360.25,360.25,29991200,29991200,29991200
2014-07-23 22:00:00,362.5,362.5,362.5,29991200,29991200,29991200
2014-07-24 22:00:00,361.5,361.5,361.5,29991200,29991200,29991200
2014-07-25 22:00:00,363.0,363.0,363.0,29991200,29991200,29991200
2014-07-28 22:00:00,367.75,367.75,367.75,29991200,29991200,29991200
2014-07-29 22:00:00,361.5,361.5,361.5,29991200,29991200,29991200
2014-07-30 22:00:00,361.75,361.75,361.75,29991200,29991200,29991200
2014-07-31 22:00:00,357.0,357.0,357.0,29991200,29991200,29991200
2014-08-01 22:00:00,352.5,352.5,352.5,29991200,29991200,29991200
2014-08-04 22:00:00,358.75,358.75,358.75,29991200,29991200,29991200
2014-08-05 22:00:00,356.25,356.25,356.25,29991200,29991200,29991200
2014-08-06 22:00:00,363.25,363.25,363.25,29991200,29991200,29991200
2014-08-07 22:00:00,359.5,359.5,359.5,29991200,29991200,29991200
2014-08-08 22:00:00,351.75,351.75,351.75,29991200,29991200,29991200
2014-08-11 22:00:00,356.75,356.75,356.75,29991200,29991200,29991200
2014-08-12 22:00:00,358.5,358.5,358.5,29991200,29991200,29991200
2014-08-13 22:00:00,358.0,358.0,358.0,29991200,29991200,29991200
2014-08-14 22:00:00,362.0,362.0,362.0,29991200,29991200,29991200
2014-08-15 22:00:00,365.75,365.75,365.75,29991200,29991200,29991200
2014-08-18 22:00:00,360.75,360.75,360.75,29991200,29991200,29991200
2014-08-19 22:00:00,362.5,362.5,362.5,29991200,29991200,29991200
2014-08-20 22:00:00,359.5,359.5,359.5,29991200,29991200,29991200
2014-08-21 22:00:00,362.25,362.25,362.25,29991200,29991200,29991200
2014-08-22 22:00:00,365.5,365.5,365.5,29991200,29991200,29991200
2014-08-25 22:00:00,360.0,360.0,360.0,29991200,29991200,29991200
2014-08-26 22:00:00,356.0,356.0,356.0,29991200,29991200,29991200
2014-08-27 22:00:00,356.0,356.0,356.0,29991200,29991200,29991200
2014-08-28 22:00:00,361.75,361.75,361.75,29991200,29991200,29991200
2014-08-29 22:00:00,359.0,359.0,359.0,29991200,29991200,29991200
2014-09-02 22:00:00,355.75,355.75,355.75,29991200,29991200,29991200
2014-09-03 22:00:00,341.25,341.25,341.25,29991200,29991200,29991200
2014-09-04 22:00:00,335.75,335.75,335.75,29991200,29991200,29991200
2014-09-05 22:00:00,346.5,346.5,346.5,29991200,29991200,29991200
2014-09-08 22:00:00,339.25,339.25,339.25,29991200,29991200,29991200
2014-09-09 22:00:00,336.25,336.25,336.25,29991200,29991200,29991200
2014-09-10 22:00:00,338.75,338.75,338.75,29991200,29991200,29991200
2014-09-11 22:00:00,331.75,331.75,331.75,29991200,29991200,29991200
2014-09-12 22:00:00,339.0,339.0,339.0,29991200,29991200,29991200
2014-09-15 22:00:00,343.0,343.0,343.0,29991200,29991200,29991200
2014-09-16 22:00:00,343.75,343.75,343.75,29991200,29991200,29991200
2014-09-17 22:00:00,341.75,341.75,341.75,29991200,29991200,29991200
2014-09-18 22:00:00,338.25,338.25,338.25,29991200,29991200,29991200
2014-09-19 22:00:00,331.5,331.5,331.5,29991200,29991200,29991200
2014-09-22 22:00:00,330.25,330.25,330.25,29991200,29991200,29991200
2014-09-23 22:00:00,325.5,325.5,325.5,29991200,29991200,29991200
2014-09-24 22:00:00,329.5,329.5,329.5,29991200,29991200,29991200
2014-09-25 22:00:00,326.0,326.0,326.0,29991200,29991200,29991200
2014-09-26 22:00:00,323.0,323.0,323.0,29991200,29991200,29991200
2014-09-29 22:00:00,325.75,325.75,325.75,29991200,29991200,29991200
2014-09-30 22:00:00,320.75,320.75,320.75,29991200,29991200,29991200
2014-10-01 22:00:00,321.25,321.25,321.25,29991200,29991200,29991200
2014-10-02 22:00:00,322.75,322.75,322.75,29991200,29991200,29991200
2014-10-03 22:00:00,323.25,323.25,323.25,29991200,29991200,29991200
2014-10-06 22:00:00,332.5,332.5,332.5,29991200,29991200,29991200
2014-10-07 22:00:00,340.5,340.5,340.5,29991200,29991200,29991200
2014-10-08 22:00:00,343.25,343.25,343.25,29991200,29991200,29991200
2014-10-09 22:00:00,344.75,344.75,344.75,29991200,29991200,29991200
2014-10-10 22:00:00,334.0,334.0,334.0,29991200,29991200,29991200
2014-10-13 22:00:00,346.0,346.0,346.0,29991200,29991200,29991200
2014-10-14 22:00:00,357.0,357.0,357.0,29991200,29991200,29991200
2014-10-15 22:00:00,347.5,347.5,347.5,29991200,29991200,29991200
2014-10-16 22:00:00,352.25,352.25,352.25,29991200,29991200,29991200
2014-10-17 22:00:00,348.0,348.0,348.0,29991200,29991200,29991200
2014-10-20 22:00:00,348.25,348.25,348.25,29991200,29991200,29991200
2014-10-21 22:00:00,356.0,356.0,356.0,29991200,29991200,29991200
2014-10-22 22:00:00,353.0,353.0,353.0,29991200,29991200,29991200
2014-10-23 22:00:00,359.75,359.75,359.75,29991200,29991200,29991200
2014-10-24 22:00:00,353.0,353.0,353.0,29991200,29991200,29991200
2014-10-27 22:00:00,363.0,363.0,363.0,29991200,29991200,29991200
2014-10-28 22:00:00,364.5,364.5,364.5,29991200,29991200,29991200
2014-10-29 22:00:00,375.25,375.25,375.25,29991200,29991200,29991200
2014-10-30 22:00:00,374.0,374.0,374.0,29991200,29991200,29991200
2014-10-31 22:00:00,376.75,376.75,376.75,29991200,29991200,29991200
2014-11-03 22:00:00,373.5,373.5,373.5,29991200,29991200,29991200
2014-11-04 22:00:00,364.5,364.5,364.5,29991200,29991200,29991200
2014-11-05 22:00:00,370.25,370.25,370.25,29991200,29991200,29991200
2014-11-06 22:00:00,371.25,371.25,371.25,29991200,29991200,29991200
2014-11-07 22:00:00,367.5,367.5,367.5,29991200,29991200,29991200
2014-11-10 22:00:00,369.25,369.25,369.25,29991200,29991200,29991200
2014-11-11 22:00:00,373.75,373.75,373.75,29991200,29991200,29991200
2014-11-12 22:00:00,377.75,377.75,377.75,29991200,29991200,29991200
2014-11-13 22:00:00,386.25,386.25,386.25,29991200,29991200,29991200
2014-11-14 22:00:00,381.75,381.75,381.75,29991200,29991200,29991200
2014-11-17 22:00:00,377.5,377.5,377.5,29991200,29991200,29991200
2014-11-18 22:00:00,372.0,372.0,372.0,29991200,29991200,29991200
2014-11-19 22:00:00,363.25,363.25,363.25,29991200,29991200,29991200
2014-11-20 22:00:00,373.25,373.25,373.25,29991200,29991200,29991200
2014-11-21 22:00:00,372.75,372.75,372.75,29991200,29991200,29991200
2014-11-24 22:00:00,367.5,367.5,367.5,29991200,29991200,29991200
2014-11-25 22:00:00,374.25,374.25,374.25,29991200,29991200,29991200
2014-11-26 22:00:00,378.25,378.25,378.25,29991200,29991200,29991200
2014-11-28 22:00:00,375.75,375.75,375.75,29991200,29991200,29991200
2014-12-01 22:00:00,375.5,375.5,375.5,29991200,29991200,29991200
2014-12-02 22:00:00,367.75,367.75,367.75,29991200,29991200,29991200
2014-12-03 22:00:00,368.75,368.75,368.75,29991200,29991200,29991200
2014-12-04 22:00:00,376.0,376.0,376.0,29991200,29991200,29991200
2014-12-05 22:00:00,381.5,381.5,381.5,29991200,29991200,29991200
2014-12-08 22:00:00,377.5,377.5,377.5,29991200,29991200,29991200
2014-12-09 22:00:00,383.0,383.0,383.0,29991200,29991200,29991200
2014-12-10 22:00:00,382.5,382.5,382.5,29991200,29991200,29991200
2014-12-11 22:00:00,390.0,390.0,390.0,29991200,29991200,29991200
2014-12-12 22:00:00,396.25,396.25,396.25,29991200,29991200,29991200
2014-12-15 22:00:00,408.5,408.5,408.5,29991200,29991200,29991200
2014-12-16 22:00:00,406.0,406.0,406.0,29991200,29991200,29991200
2014-12-17 22:00:00,408.25,408.25,408.25,29991200,29991200,29991200
2014-12-18 22:00:00,411.0,411.0,411.0,29991200,29991200,29991200
2014-12-19 22:00:00,410.5,410.5,410.5,29991200,29991200,29991200
2014-12-22 22:00:00,411.75,411.75,411.75,29991200,29991200,29991200
2014-12-23 22:00:00,414.0,414.0,414.0,29991200,29991200,29991200
2014-12-24 22:00:00,407.75,407.75,407.75,29991200,29991200,29991200
2014-12-26 22:00:00,414.75,414.75,414.75,29991200,29991200,29991200
2014-12-29 22:00:00,412.75,412.75,412.75,29991200,29991200,29991200
2014-12-30 22:00:00,406.5,406.5,406.5,29991200,29991200,29991200
2014-12-31 22:00:00,397.0,397.0,397.0,29991200,29991200,29991200
2015-01-02 22:00:00,395.75,395.75,395.75,29991200,29991200,29991200
2015-01-05 22:00:00,406.0,406.0,406.0,29991200,29991200,29991200
2015-01-06 22:00:00,405.0,405.0,405.0,29991200,29991200,29991200
2015-01-07 22:00:00,396.25,396.25,396.25,29991200,29991200,29991200
2015-01-08 22:00:00,394.25,394.25,394.25,29991200,29991200,29991200
2015-01-09 22:00:00,400.25,400.25,400.25,29991200,29991200,29991200
2015-01-12 22:00:00,402.0,402.0,402.0,29991200,29991200,29991200
2015-01-13 22:00:00,385.75,385.75,385.75,29991200,29991200,29991200
2015-01-14 22:00:00,381.0,381.0,381.0,29991200,29991200,29991200
2015-01-15 22:00:00,380.0,380.0,380.0,29991200,29991200,29991200
2015-01-16 22:00:00,387.0,387.0,387.0,29991200,29991200,29991200
2015-01-20 22:00:00,390.25,390.25,390.25,29991200,29991200,29991200
2015-01-21 22:00:00,388.0,388.0,388.0,29991200,29991200,29991200
2015-01-22 22:00:00,383.75,383.75,383.75,29991200,29991200,29991200
2015-01-23 22:00:00,386.75,386.75,386.75,29991200,29991200,29991200
2015-01-26 22:00:00,384.0,384.0,384.0,29991200,29991200,29991200
2015-01-27 22:00:00,381.25,381.25,381.25,29991200,29991200,29991200
2015-01-28 22:00:00,373.25,373.25,373.25,29991200,29991200,29991200
2015-01-29 22:00:00,371.5,371.5,371.5,29991200,29991200,29991200
2015-01-30 22:00:00,370.0,370.0,370.0,29991200,29991200,29991200
2015-02-02 22:00:00,369.75,369.75,369.75,29991200,29991200,29991200
2015-02-03 22:00:00,385.75,385.75,385.75,29991200,29991200,29991200
2015-02-04 22:00:00,383.5,383.5,383.5,29991200,29991200,29991200
2015-02-05 22:00:00,385.25,385.25,385.25,29991200,29991200,29991200
2015-02-06 22:00:00,385.75,385.75,385.75,29991200,29991200,29991200
2015-02-09 22:00:00,391.25,391.25,391.25,29991200,29991200,29991200
2015-02-10 22:00:00,388.0,388.0,388.0,29991200,29991200,29991200
2015-02-11 22:00:00,385.75,385.75,385.75,29991200,29991200,29991200
2015-02-12 22:00:00,383.0,383.0,383.0,29991200,29991200,29991200
2015-02-13 22:00:00,387.25,387.25,387.25,29991200,29991200,29991200
2015-02-17 22:00:00,389.5,389.5,389.5,29991200,29991200,29991200
2015-02-18 22:00:00,383.75,383.75,383.75,29991200,29991200,29991200
2015-02-19 22:00:00,389.75,389.75,389.75,29991200,29991200,29991200
2015-02-20 22:00:00,385.25,385.25,385.25,29991200,29991200,29991200
2015-02-23 22:00:00,378.75,378.75,378.75,29991200,29991200,29991200
2015-02-24 22:00:00,377.5,377.5,377.5,29991200,29991200,29991200
2015-02-25 22:00:00,375.75,375.75,375.75,29991200,29991200,29991200
2015-02-26 22:00:00,380.0,380.0,380.0,29991200,29991200,29991200
2015-02-27 22:00:00,384.5,384.5,384.5,29991200,29991200,29991200
2015-03-02 22:00:00,378.75,378.75,378.75,29991200,29991200,29991200
2015-03-03 22:00:00,382.0,382.0,382.0,29991200,29991200,29991200
2015-03-04 22:00:00,381.5,381.5,381.5,29991200,29991200,29991200
2015-03-05 22:00:00,382.75,382.75,382.75,29991200,29991200,29991200
2015-03-06 22:00:00,379.25,379.25,379.25,29991200,29991200,29991200
2015-03-09 22:00:00,383.25,383.25,383.25,29991200,29991200,29991200
2015-03-10 22:00:00,382.25,382.25,382.25,29991200,29991200,29991200
2015-03-11 22:00:00,384.0,384.0,384.0,29991200,29991200,29991200
2015-03-12 22:00:00,382.25,382.25,382.25,29991200,29991200,29991200
2015-03-13 22:00:00,374.0,374.0,374.0,29991200,29991200,29991200
2015-03-16 22:00:00,379.0,379.0,379.0,29991200,29991200,29991200
2015-03-17 22:00:00,371.0,371.0,371.0,29991200,29991200,29991200
2015-03-18 22:00:00,374.75,374.75,374.75,29991200,29991200,29991200
2015-03-19 22:00:00,373.5,373.5,373.5,29991200,29991200,29991200
2015-03-20 22:00:00,385.0,385.0,385.0,29991200,29991200,29991200
2015-03-23 22:00:00,390.25,390.25,390.25,29991200,29991200,29991200
2015-03-24 22:00:00,393.25,393.25,393.25,29991200,29991200,29991200
2015-03-25 22:00:00,395.0,395.0,395.0,29991200,29991200,29991200
2015-03-26 22:00:00,391.25,391.25,391.25,29991200,29991200,29991200
2015-03-27 22:00:00,391.0,391.0,391.0,29991200,29991200,29991200
2015-03-30 22:00:00,394.5,394.5,394.5,29991200,29991200,29991200
2015-03-31 22:00:00,376.25,376.25,376.25,29991200,29991200,29991200
2015-04-01 22:00:00,381.75,381.75,381.75,29991200,29991200,29991200
2015-04-02 22:00:00,386.5,386.5,386.5,29991200,29991200,29991200
2015-04-06 22:00:00,385.0,385.0,385.0,29991200,29991200,29991200
2015-04-07 22:00:00,383.0,383.0,383.0,29991200,29991200,29991200
2015-04-08 22:00:00,379.25,379.25,379.25,29991200,29991200,29991200
2015-04-09 22:00:00,378.0,378.0,378.0,29991200,29991200,29991200
2015-04-10 22:00:00,377.0,377.0,377.0,29991200,29991200,29991200
2015-04-13 22:00:00,370.5,370.5,370.5,29991200,29991200,29991200
2015-04-14 22:00:00,373.5,373.5,373.5,29991200,29991200,29991200
2015-04-15 22:00:00,376.0,376.0,376.0,29991200,29991200,29991200
2015-04-16 22:00:00,376.25,376.25,376.25,29991200,29991200,29991200
2015-04-17 22:00:00,379.75,379.75,379.75,29991200,29991200,29991200
2015-04-20 22:00:00,378.0,378.0,378.0,29991200,29991200,29991200
2015-04-21 22:00:00,373.0,373.0,373.0,29991200,29991200,29991200
2015-04-22 22:00:00,372.5,372.5,372.5,29991200,29991200,29991200
2015-04-23 22:00:00,370.75,370.75,370.75,29991200,29991200,29991200
2015-04-24 22:00:00,364.5,364.5,364.5,29991200,29991200,29991200
2015-04-27 22:00:00,360.75,360.75,360.75,29991200,29991200,29991200
2015-04-28 22:00:00,361.0,361.0,361.0,29991200,29991200,29991200
2015-04-29 22:00:00,363.75,363.75,363.75,29991200,29991200,29991200
2015-04-30 22:00:00,362.5,362.5,362.5,29991200,29991200,29991200
2015-05-01 22:00:00,359.75,359.75,359.75,29991200,29991200,29991200
2015-05-04 22:00:00,358.75,358.75,358.75,29991200,29991200,29991200
2015-05-05 22:00:00,361.25,361.25,361.25,29991200,29991200,29991200
2015-05-06 22:00:00,366.5,366.5,366.5,29991200,29991200,29991200
2015-05-07 22:00:00,357.75,357.75,357.75,29991200,29991200,29991200
2015-05-08 22:00:00,358.5,358.5,358.5,29991200,29991200,29991200
2015-05-11 22:00:00,358.25,358.25,358.25,29991200,29991200,29991200
2015-05-12 22:00:00,357.0,357.0,357.0,29991200,29991200,29991200
2015-05-13 22:00:00,356.0,356.0,356.0,29991200,29991200,29991200
2015-05-14 22:00:00,361.0,361.0,361.0,29991200,29991200,29991200
2015-05-15 22:00:00,365.5,365.5,365.5,29991200,29991200,29991200
2015-05-18 22:00:00,368.0,368.0,368.0,29991200,29991200,29991200
2015-05-19 22:00:00,362.0,362.0,362.0,29991200,29991200,29991200
2015-05-20 22:00:00,360.0,360.0,360.0,29991200,29991200,29991200
2015-05-21 22:00:00,365.0,365.0,365.0,29991200,29991200,29991200
2015-05-22 22:00:00,360.0,360.0,360.0,29991200,29991200,29991200
2015-05-26 22:00:00,355.0,355.0,355.0,29991200,29991200,29991200
2015-05-27 22:00:00,349.5,349.5,349.5,29991200,29991200,29991200
2015-05-28 22:00:00,353.5,353.5,353.5,29991200,29991200,29991200
2015-05-29 22:00:00,351.5,351.5,351.5,29991200,29991200,29991200
2015-06-01 22:00:00,352.25,352.25,352.25,29991200,29991200,29991200
2015-06-02 22:00:00,359.0,359.0,359.0,29991200,29991200,29991200
2015-06-03 22:00:00,359.0,359.0,359.0,29991200,29991200,29991200
2015-06-04 22:00:00,363.5,363.5,363.5,29991200,29991200,29991200
2015-06-05 22:00:00,360.5,360.5,360.5,29991200,29991200,29991200
2015-06-08 22:00:00,365.25,365.25,365.25,29991200,29991200,29991200
2015-06-09 22:00:00,365.0,365.0,365.0,29991200,29991200,29991200
2015-06-10 22:00:00,357.25,357.25,357.25,29991200,29991200,29991200
2015-06-11 22:00:00,356.5,356.5,356.5,29991200,29991200,29991200
2015-06-12 22:00:00,353.0,353.0,353.0,29991200,29991200,29991200
2015-06-15 22:00:00,348.25,348.25,348.25,29991200,29991200,29991200
2015-06-16 22:00:00,354.0,354.0,354.0,29991200,29991200,29991200
2015-06-17 22:00:00,359.25,359.25,359.25,29991200,29991200,29991200
2015-06-18 22:00:00,358.0,358.0,358.0,29991200,29991200,29991200
2015-06-19 22:00:00,353.25,353.25,353.25,29991200,29991200,29991200
2015-06-22 22:00:00,360.0,360.0,360.0,29991200,29991200,29991200
2015-06-23 22:00:00,367.5,367.5,367.5,29991200,29991200,29991200
2015-06-24 22:00:00,366.5,366.5,366.5,29991200,29991200,29991200
2015-06-25 22:00:00,376.5,376.5,376.5,29991200,29991200,29991200
2015-06-26 22:00:00,385.0,385.0,385.0,29991200,29991200,29991200
2015-06-29 22:00:00,383.25,383.25,383.25,29991200,29991200,29991200
2015-06-30 22:00:00,414.0,414.0,414.0,29991200,29991200,29991200
2015-07-01 22:00:00,413.75,413.75,413.75,29991200,29991200,29991200
2015-07-02 22:00:00,419.75,419.75,419.75,29991200,29991200,29991200
2015-07-06 22:00:00,418.5,418.5,418.5,29991200,29991200,29991200
2015-07-07 22:00:00,415.75,415.75,415.75,29991200,29991200,29991200
2015-07-08 22:00:00,416.25,416.25,416.25,29991200,29991200,29991200
2015-07-09 22:00:00,421.25,421.25,421.25,29991200,29991200,29991200
2015-07-10 22:00:00,427.25,427.25,427.25,29991200,29991200,29991200
2015-07-13 22:00:00,433.5,433.5,433.5,29991200,29991200,29991200
2015-07-14 22:00:00,424.0,424.0,424.0,29991200,29991200,29991200
2015-07-15 22:00:00,429.5,429.5,429.5,29991200,29991200,29991200
2015-07-16 22:00:00,430.0,430.0,430.0,29991200,29991200,29991200
2015-07-17 22:00:00,420.25,420.25,420.25,29991200,29991200,29991200
2015-07-20 22:00:00,405.0,405.0,405.0,29991200,29991200,29991200
2015-07-21 22:00:00,406.5,406.5,406.5,29991200,29991200,29991200
2015-07-22 22:00:00,402.75,402.75,402.75,29991200,29991200,29991200
2015-07-23 22:00:00,403.25,403.25,403.25,29991200,29991200,29991200
2015-07-24 22:00:00,392.5,392.5,392.5,29991200,29991200,29991200
2015-07-27 22:00:00,373.0,373.0,373.0,29991200,29991200,29991200
2015-07-28 22:00:00,375.0,375.0,375.0,29991200,29991200,29991200
2015-07-29 22:00:00,367.75,367.75,367.75,29991200,29991200,29991200
2015-07-30 22:00:00,373.25,373.25,373.25,29991200,29991200,29991200
2015-07-31 22:00:00,371.0,371.0,371.0,29991200,29991200,29991200
2015-08-03 22:00:00,366.5,366.5,366.5,29991200,29991200,29991200
2015-08-04 22:00:00,368.75,368.75,368.75,29991200,29991200,29991200
2015-08-05 22:00:00,372.75,372.75,372.75,29991200,29991200,29991200
2015-08-06 22:00:00,369.75,369.75,369.75,29991200,29991200,29991200
2015-08-07 22:00:00,372.75,372.75,372.75,29991200,29991200,29991200
2015-08-10 22:00:00,390.25,390.25,390.25,29991200,29991200,29991200
2015-08-11 22:00:00,376.5,376.5,376.5,29991200,29991200,29991200
2015-08-12 22:00:00,357.25,357.25,357.25,29991200,29991200,29991200
2015-08-13 22:00:00,363.75,363.75,363.75,29991200,29991200,29991200
2015-08-14 22:00:00,364.0,364.0,364.0,29991200,29991200,29991200
2015-08-17 22:00:00,363.25,363.25,363.25,29991200,29991200,29991200
2015-08-18 22:00:00,366.25,366.25,366.25,29991200,29991200,29991200
2015-08-19 22:00:00,367.25,367.25,367.25,29991200,29991200,29991200
2015-08-20 22:00:00,371.0,371.0,371.0,29991200,29991200,29991200
2015-08-21 22:00:00,365.25,365.25,365.25,29991200,29991200,29991200
2015-08-24 22:00:00,368.75,368.75,368.75,29991200,29991200,29991200
2015-08-25 22:00:00,365.5,365.5,365.5,29991200,29991200,29991200
2015-08-26 22:00:00,361.75,361.75,361.75,29991200,29991200,29991200
2015-08-27 22:00:00,363.75,363.75,363.75,29991200,29991200,29991200
2015-08-28 22:00:00,363.25,363.25,363.25,29991200,29991200,29991200
2015-08-31 22:00:00,363.75,363.75,363.75,29991200,29991200,29991200
2015-09-01 22:00:00,356.0,356.0,356.0,29991200,29991200,29991200
2015-09-02 22:00:00,354.0,354.0,354.0,29991200,29991200,29991200
2015-09-03 22:00:00,347.75,347.75,347.75,29991200,29991200,29991200
2015-09-04 22:00:00,349.5,349.5,349.5,29991200,29991200,29991200
2015-09-08 22:00:00,355.0,355.0,355.0,29991200,29991200,29991200
2015-09-09 22:00:00,356.5,356.5,356.5,29991200,29991200,29991200
2015-09-10 22:00:00,361.75,361.75,361.75,29991200,29991200,29991200
2015-09-11 22:00:00,374.5,374.5,374.5,29991200,29991200,29991200
2015-09-14 22:00:00,379.0,379.0,379.0,29991200,29991200,29991200
2015-09-15 22:00:00,390.5,390.5,390.5,29991200,29991200,29991200
2015-09-16 22:00:00,386.0,386.0,386.0,29991200,29991200,29991200
2015-09-17 22:00:00,379.75,379.75,379.75,29991200,29991200,29991200
2015-09-18 22:00:00,377.25,377.25,377.25,29991200,29991200,29991200
2015-09-21 22:00:00,384.5,384.5,384.5,29991200,29991200,29991200
2015-09-22 22:00:00,380.5,380.5,380.5,29991200,29991200,29991200
2015-09-23 22:00:00,383.25,383.25,383.25,29991200,29991200,29991200
2015-09-24 22:00:00,381.5,381.5,381.5,29991200,29991200,29991200
2015-09-25 22:00:00,389.0,389.0,389.0,29991200,29991200,29991200
2015-09-28 22:00:00,386.75,386.75,386.75,29991200,29991200,29991200
2015-09-29 22:00:00,389.0,389.0,389.0,29991200,29991200,29991200
2015-09-30 22:00:00,387.75,387.75,387.75,29991200,29991200,29991200
2015-10-01 22:00:00,388.75,388.75,388.75,29991200,29991200,29991200
2015-10-02 22:00:00,389.25,389.25,389.25,29991200,29991200,29991200
2015-10-05 22:00:00,393.5,393.5,393.5,29991200,29991200,29991200
2015-10-06 22:00:00,398.25,398.25,398.25,29991200,29991200,29991200
2015-10-07 22:00:00,395.75,395.75,395.75,29991200,29991200,29991200
2015-10-08 22:00:00,391.25,391.25,391.25,29991200,29991200,29991200
2015-10-09 22:00:00,382.75,382.75,382.75,29991200,29991200,29991200
2015-10-12 22:00:00,380.75,380.75,380.75,29991200,29991200,29991200
2015-10-13 22:00:00,384.5,384.5,384.5,29991200,29991200,29991200
2015-10-14 22:00:00,379.0,379.0,379.0,29991200,29991200,29991200
2015-10-15 22:00:00,375.5,375.5,375.5,29991200,29991200,29991200
2015-10-16 22:00:00,376.75,376.75,376.75,29991200,29991200,29991200
2015-10-19 22:00:00,373.0,373.0,373.0,29991200,29991200,29991200
2015-10-20 22:00:00,376.75,376.75,376.75,29991200,29991200,29991200
2015-10-21 22:00:00,380.75,380.75,380.75,29991200,29991200,29991200
2015-10-22 22:00:00,378.25,378.25,378.25,29991200,29991200,29991200
2015-10-23 22:00:00,379.75,379.75,379.75,29991200,29991200,29991200
2015-10-26 22:00:00,384.5,384.5,384.5,29991200,29991200,29991200
2015-10-27 22:00:00,380.0,380.0,380.0,29991200,29991200,29991200
2015-10-28 22:00:00,376.0,376.0,376.0,29991200,29991200,29991200
2015-10-29 22:00:00,380.0,380.0,380.0,29991200,29991200,29991200
2015-10-30 22:00:00,382.25,382.25,382.25,29991200,29991200,29991200
2015-11-02 22:00:00,376.5,376.5,376.5,29991200,29991200,29991200
2015-11-03 22:00:00,380.5,380.5,380.5,29991200,29991200,29991200
2015-11-04 22:00:00,380.5,380.5,380.5,29991200,29991200,29991200
2015-11-05 22:00:00,374.5,374.5,374.5,29991200,29991200,29991200
2015-11-06 22:00:00,373.0,373.0,373.0,29991200,29991200,29991200
2015-11-09 22:00:00,366.75,366.75,366.75,29991200,29991200,29991200
2015-11-10 22:00:00,359.0,359.0,359.0,29991200,29991200,29991200
2015-11-11 22:00:00,362.25,362.25,362.25,29991200,29991200,29991200
2015-11-12 22:00:00,362.0,362.0,362.0,29991200,29991200,29991200
2015-11-13 22:00:00,358.25,358.25,358.25,29991200,29991200,29991200
2015-11-16 22:00:00,360.0,360.0,360.0,29991200,29991200,29991200
2015-11-17 22:00:00,362.0,362.0,362.0,29991200,29991200,29991200
2015-11-18 22:00:00,361.75,361.75,361.75,29991200,29991200,29991200
2015-11-19 22:00:00,364.25,364.25,364.25,29991200,29991200,29991200
2015-11-20 22:00:00,363.25,363.25,363.25,29991200,29991200,29991200
2015-11-23 22:00:00,367.25,367.25,367.25,29991200,29991200,29991200
2015-11-24 22:00:00,364.25,364.25,364.25,29991200,29991200,29991200
2015-11-25 22:00:00,366.0,366.0,366.0,29991200,29991200,29991200
2015-11-27 22:00:00,359.25,359.25,359.25,29991200,29991200,29991200
2015-11-30 22:00:00,365.0,365.0,365.0,29991200,29991200,29991200
2015-12-01 22:00:00,367.0,367.0,367.0,29991200,29991200,29991200
2015-12-02 22:00:00,364.0,364.0,364.0,29991200,29991200,29991200
2015-12-03 22:00:00,370.25,370.25,370.25,29991200,29991200,29991200
2015-12-04 22:00:00,376.25,376.25,376.25,29991200,29991200,29991200
2015-12-07 22:00:00,368.5,368.5,368.5,29991200,29991200,29991200
2015-12-08 22:00:00,370.0,370.0,370.0,29991200,29991200,29991200
2015-12-09 22:00:00,371.75,371.75,371.75,29991200,29991200,29991200
2015-12-10 22:00:00,377.25,377.25,377.25,29991200,29991200,29991200
2015-12-11 22:00:00,373.0,373.0,373.0,29991200,29991200,29991200
2015-12-14 22:00:00,381.75,381.75,381.75,29991200,29991200,29991200
2015-12-15 22:00:00,377.25,377.25,377.25,29991200,29991200,29991200
2015-12-16 22:00:00,369.75,369.75,369.75,29991200,29991200,29991200
2015-12-17 22:00:00,374.25,374.25,374.25,29991200,29991200,29991200
2015-12-18 22:00:00,374.5,374.5,374.5,29991200,29991200,29991200
2015-12-21 22:00:00,372.0,372.0,372.0,29991200,29991200,29991200
2015-12-22 22:00:00,366.25,366.25,366.25,29991200,29991200,29991200
2015-12-23 22:00:00,365.5,365.5,365.5,29991200,29991200,29991200
2015-12-24 22:00:00,364.5,364.5,364.5,29991200,29991200,29991200
2015-12-28 22:00:00,361.0,361.0,361.0,29991200,29991200,29991200
2015-12-29 22:00:00,362.5,362.5,362.5,29991200,29991200,29991200
2015-12-30 22:00:00,359.0,359.0,359.0,29991200,29991200,29991200
2015-12-31 22:00:00,358.75,358.75,358.75,29991200,29991200,29991200
2016-01-04 22:00:00,351.5,351.5,351.5,29991200,29991200,29991200
2016-01-05 22:00:00,353.0,353.0,353.0,29991200,29991200,29991200
2016-01-06 22:00:00,353.25,353.25,353.25,29991200,29991200,29991200
2016-01-07 22:00:00,353.0,353.0,353.0,29991200,29991200,29991200
2016-01-08 22:00:00,357.0,357.0,357.0,29991200,29991200,29991200
2016-01-11 22:00:00,351.75,351.75,351.75,29991200,29991200,29991200
2016-01-12 22:00:00,356.75,356.75,356.75,29991200,29991200,29991200
2016-01-13 22:00:00,358.0,358.0,358.0,29991200,29991200,29991200
2016-01-14 22:00:00,358.0,358.0,358.0,29991200,29991200,29991200
2016-01-15 22:00:00,363.25,363.25,363.25,29991200,29991200,29991200
2016-01-19 22:00:00,367.75,367.75,367.75,29991200,29991200,29991200
2016-01-20 22:00:00,368.75,368.75,368.75,29991200,29991200,29991200
2016-01-21 22:00:00,367.0,367.0,367.0,29991200,29991200,29991200
2016-01-22 22:00:00,370.25,370.25,370.25,29991200,29991200,29991200
2016-01-25 22:00:00,369.75,369.75,369.75,29991200,29991200,29991200
2016-01-26 22:00:00,369.25,369.25,369.25,29991200,29991200,29991200
2016-01-27 22:00:00,369.25,369.25,369.25,29991200,29991200,29991200
2016-01-28 22:00:00,365.5,365.5,365.5,29991200,29991200,29991200
2016-01-29 22:00:00,372.0,372.0,372.0,29991200,29991200,29991200
2016-02-01 22:00:00,371.25,371.25,371.25,29991200,29991200,29991200
2016-02-02 22:00:00,372.5,372.5,372.5,29991200,29991200,29991200
2016-02-03 22:00:00,371.0,371.0,371.0,29991200,29991200,29991200
2016-02-04 22:00:00,368.5,368.5,368.5,29991200,29991200,29991200
2016-02-05 22:00:00,365.75,365.75,365.75,29991200,29991200,29991200
2016-02-08 22:00:00,362.25,362.25,362.25,29991200,29991200,29991200
2016-02-09 22:00:00,361.0,361.0,361.0,29991200,29991200,29991200
2016-02-10 22:00:00,360.25,360.25,360.25,29991200,29991200,29991200
2016-02-11 22:00:00,360.25,360.25,360.25,29991200,29991200,29991200
2016-02-12 22:00:00,358.75,358.75,358.75,29991200,29991200,29991200
2016-02-16 22:00:00,363.0,363.0,363.0,29991200,29991200,29991200
2016-02-17 22:00:00,367.25,367.25,367.25,29991200,29991200,29991200
2016-02-18 22:00:00,365.5,365.5,365.5,29991200,29991200,29991200
2016-02-19 22:00:00,365.5,365.5,365.5,29991200,29991200,29991200
2016-02-22 22:00:00,367.5,367.5,367.5,29991200,29991200,29991200
2016-02-23 22:00:00,362.0,362.0,362.0,29991200,29991200,29991200
2016-02-24 22:00:00,359.75,359.75,359.75,29991200,29991200,29991200
2016-02-25 22:00:00,355.5,355.5,355.5,29991200,29991200,29991200
2016-02-26 22:00:00,354.5,354.5,354.5,29991200,29991200,29991200
2016-02-29 22:00:00,353.5,353.5,353.5,29991200,29991200,29991200
2016-03-01 22:00:00,353.75,353.75,353.75,29991200,29991200,29991200
2016-03-02 22:00:00,354.5,354.5,354.5,29991200,29991200,29991200
2016-03-03 22:00:00,353.75,353.75,353.75,29991200,29991200,29991200
2016-03-04 22:00:00,354.5,354.5,354.5,29991200,29991200,29991200
2016-03-07 22:00:00,355.0,355.0,355.0,29991200,29991200,29991200
2016-03-08 22:00:00,358.75,358.75,358.75,29991200,29991200,29991200
2016-03-09 22:00:00,359.0,359.0,359.0,29991200,29991200,29991200
2016-03-10 22:00:00,362.5,362.5,362.5,29991200,29991200,29991200
2016-03-11 22:00:00,366.0,366.0,366.0,29991200,29991200,29991200
2016-03-14 22:00:00,366.75,366.75,366.75,29991200,29991200,29991200
2016-03-15 22:00:00,368.5,368.5,368.5,29991200,29991200,29991200
2016-03-16 22:00:00,368.25,368.25,368.25,29991200,29991200,29991200
2016-03-17 22:00:00,368.5,368.5,368.5,29991200,29991200,29991200
2016-03-18 22:00:00,367.0,367.0,367.0,29991200,29991200,29991200
2016-03-21 22:00:00,369.5,369.5,369.5,29991200,29991200,29991200
2016-03-22 22:00:00,370.0,370.0,370.0,29991200,29991200,29991200
2016-03-23 22:00:00,368.5,368.5,368.5,29991200,29991200,29991200
2016-03-24 22:00:00,370.0,370.0,370.0,29991200,29991200,29991200
2016-03-28 22:00:00,370.5,370.5,370.5,29991200,29991200,29991200
2016-03-29 22:00:00,373.0,373.0,373.0,29991200,29991200,29991200
2016-03-30 22:00:00,367.0,367.0,367.0,29991200,29991200,29991200
2016-03-31 22:00:00,351.5,351.5,351.5,29991200,29991200,29991200
2016-04-01 22:00:00,354.0,354.0,354.0,29991200,29991200,29991200
2016-04-04 22:00:00,354.5,354.5,354.5,29991200,29991200,29991200
2016-04-05 22:00:00,356.75,356.75,356.75,29991200,29991200,29991200
2016-04-06 22:00:00,358.0,358.0,358.0,29991200,29991200,29991200
2016-04-07 22:00:00,361.5,361.5,361.5,29991200,29991200,29991200
2016-04-08 22:00:00,362.25,362.25,362.25,29991200,29991200,29991200
2016-04-11 22:00:00,356.75,356.75,356.75,29991200,29991200,29991200
2016-04-12 22:00:00,362.75,362.75,362.75,29991200,29991200,29991200
2016-04-13 22:00:00,373.5,373.5,373.5,29991200,29991200,29991200
2016-04-14 22:00:00,374.0,374.0,374.0,29991200,29991200,29991200
2016-04-15 22:00:00,378.5,378.5,378.5,29991200,29991200,29991200
2016-04-18 22:00:00,381.0,381.0,381.0,29991200,29991200,29991200
2016-04-19 22:00:00,384.5,384.5,384.5,29991200,29991200,29991200
2016-04-20 22:00:00,394.75,394.75,394.75,29991200,29991200,29991200
2016-04-21 22:00:00,384.5,384.5,384.5,29991200,29991200,29991200
2016-04-22 22:00:00,371.75,371.75,371.75,29991200,29991200,29991200
2016-04-25 22:00:00,377.0,377.0,377.0,29991200,29991200,29991200
2016-04-26 22:00:00,382.25,382.25,382.25,29991200,29991200,29991200
2016-04-27 22:00:00,380.75,380.75,380.75,29991200,29991200,29991200
2016-04-28 22:00:00,387.0,387.0,387.0,29991200,29991200,29991200
2016-04-29 22:00:00,390.25,390.25,390.25,29991200,29991200,29991200
2016-05-02 22:00:00,390.25,390.25,390.25,29991200,29991200,29991200
2016-05-03 22:00:00,378.25,378.25,378.25,29991200,29991200,29991200
2016-05-04 22:00:00,373.25,373.25,373.25,29991200,29991200,29991200
2016-05-05 22:00:00,371.75,371.75,371.75,29991200,29991200,29991200
2016-05-06 22:00:00,376.0,376.0,376.0,29991200,29991200,29991200
2016-05-09 22:00:00,367.75,367.75,367.75,29991200,29991200,29991200
2016-05-10 22:00:00,378.5,378.5,378.5,29991200,29991200,29991200
2016-05-11 22:00:00,374.0,374.0,374.0,29991200,29991200,29991200
2016-05-12 22:00:00,385.25,385.25,385.25,29991200,29991200,29991200
2016-05-13 22:00:00,382.0,382.0,382.0,29991200,29991200,29991200
2016-05-16 22:00:00,394.0,394.0,394.0,29991200,29991200,29991200
2016-05-17 22:00:00,397.0,397.0,397.0,29991200,29991200,29991200
2016-05-18 22:00:00,399.5,399.5,399.5,29991200,29991200,29991200
2016-05-19 22:00:00,390.0,390.0,390.0,29991200,29991200,29991200
2016-05-20 22:00:00,394.5,394.5,394.5,29991200,29991200,29991200
2016-05-23 22:00:00,397.75,397.75,397.75,29991200,29991200,29991200
2016-05-24 22:00:00,397.5,397.5,397.5,29991200,29991200,29991200
2016-05-25 22:00:00,404.75,404.75,404.75,29991200,29991200,29991200
2016-05-26 22:00:00,408.25,408.25,408.25,29991200,29991200,29991200
2016-05-27 22:00:00,412.75,412.75,412.75,29991200,29991200,29991200
2016-05-31 22:00:00,404.75,404.75,404.75,29991200,29991200,29991200
2016-06-01 22:00:00,413.75,413.75,413.75,29991200,29991200,29991200
2016-06-02 22:00:00,415.25,415.25,415.25,29991200,29991200,29991200
2016-06-03 22:00:00,418.25,418.25,418.25,29991200,29991200,29991200
2016-06-06 22:00:00,427.25,427.25,427.25,29991200,29991200,29991200
2016-06-07 22:00:00,427.75,427.75,427.75,29991200,29991200,29991200
2016-06-08 22:00:00,431.25,431.25,431.25,29991200,29991200,29991200
2016-06-09 22:00:00,426.5,426.5,426.5,29991200,29991200,29991200
2016-06-10 22:00:00,423.0,423.0,423.0,29991200,29991200,29991200
2016-06-13 22:00:00,430.0,430.0,430.0,29991200,29991200,29991200
2016-06-14 22:00:00,436.5,436.5,436.5,29991200,29991200,29991200
2016-06-15 22:00:00,429.0,429.0,429.0,29991200,29991200,29991200
2016-06-16 22:00:00,425.25,425.25,425.25,29991200,29991200,29991200
2016-06-17 22:00:00,437.75,437.75,437.75,29991200,29991200,29991200
2016-06-20 22:00:00,421.25,421.25,421.25,29991200,29991200,29991200
2016-06-21 22:00:00,396.25,396.25,396.25,29991200,29991200,29991200
2016-06-22 22:00:00,393.0,393.0,393.0,29991200,29991200,29991200
2016-06-23 22:00:00,387.25,387.25,387.25,29991200,29991200,29991200
2016-06-24 22:00:00,384.5,384.5,384.5,29991200,29991200,29991200
2016-06-27 22:00:00,385.25,385.25,385.25,29991200,29991200,29991200
2016-06-28 22:00:00,385.25,385.25,385.25,29991200,29991200,29991200
2016-06-29 22:00:00,372.75,372.75,372.75,29991200,29991200,29991200
2016-06-30 22:00:00,358.75,358.75,358.75,29991200,29991200,29991200
2016-07-01 22:00:00,353.0,353.0,353.0,29991200,29991200,29991200
2016-07-05 22:00:00,344.0,344.0,344.0,29991200,29991200,29991200
2016-07-06 22:00:00,335.75,335.75,335.75,29991200,29991200,29991200
2016-07-07 22:00:00,335.5,335.5,335.5,29991200,29991200,29991200
2016-07-08 22:00:00,349.75,349.75,349.75,29991200,29991200,29991200
2016-07-11 22:00:00,343.75,343.75,343.75,29991200,29991200,29991200
2016-07-12 22:00:00,349.75,349.75,349.75,29991200,29991200,29991200
2016-07-13 22:00:00,365.75,365.75,365.75,29991200,29991200,29991200
2016-07-14 22:00:00,362.25,362.25,362.25,29991200,29991200,29991200
2016-07-15 22:00:00,352.25,352.25,352.25,29991200,29991200,29991200
2016-07-18 22:00:00,357.0,357.0,357.0,29991200,29991200,29991200
2016-07-19 22:00:00,341.75,341.75,341.75,29991200,29991200,29991200
2016-07-20 22:00:00,337.5,337.5,337.5,29991200,29991200,29991200
2016-07-21 22:00:00,334.25,334.25,334.25,29991200,29991200,29991200
2016-07-22 22:00:00,335.0,335.0,335.0,29991200,29991200,29991200
2016-07-25 22:00:00,334.75,334.75,334.75,29991200,29991200,29991200
2016-07-26 22:00:00,332.5,332.5,332.5,29991200,29991200,29991200
2016-07-27 22:00:00,335.75,335.75,335.75,29991200,29991200,29991200
2016-07-28 22:00:00,331.25,331.25,331.25,29991200,29991200,29991200
2016-07-29 22:00:00,334.5,334.5,334.5,29991200,29991200,29991200
2016-08-01 22:00:00,325.75,325.75,325.75,29991200,29991200,29991200
2016-08-02 22:00:00,324.25,324.25,324.25,29991200,29991200,29991200
2016-08-03 22:00:00,325.0,325.0,325.0,29991200,29991200,29991200
2016-08-04 22:00:00,320.75,320.75,320.75,29991200,29991200,29991200
2016-08-05 22:00:00,324.25,324.25,324.25,29991200,29991200,29991200
2016-08-08 22:00:00,325.25,325.25,325.25,29991200,29991200,29991200
2016-08-09 22:00:00,322.25,322.25,322.25,29991200,29991200,29991200
2016-08-10 22:00:00,322.5,322.5,322.5,29991200,29991200,29991200
2016-08-11 22:00:00,321.0,321.0,321.0,29991200,29991200,29991200
2016-08-12 22:00:00,322.25,322.25,322.25,29991200,29991200,29991200
2016-08-15 22:00:00,326.5,326.5,326.5,29991200,29991200,29991200
2016-08-16 22:00:00,327.5,327.5,327.5,29991200,29991200,29991200
2016-08-17 22:00:00,330.25,330.25,330.25,29991200,29991200,29991200
2016-08-18 22:00:00,332.0,332.0,332.0,29991200,29991200,29991200
2016-08-19 22:00:00,334.25,334.25,334.25,29991200,29991200,29991200
2016-08-22 22:00:00,333.25,333.25,333.25,29991200,29991200,29991200
2016-08-23 22:00:00,328.5,328.5,328.5,29991200,29991200,29991200
2016-08-24 22:00:00,327.5,327.5,327.5,29991200,29991200,29991200
2016-08-25 22:00:00,323.5,323.5,323.5,29991200,29991200,29991200
2016-08-26 22:00:00,316.25,316.25,316.25,29991200,29991200,29991200
2016-08-29 22:00:00,311.75,311.75,311.75,29991200,29991200,29991200
2016-08-30 22:00:00,304.0,304.0,304.0,29991200,29991200,29991200
2016-08-31 22:00:00,301.5,301.5,301.5,29991200,29991200,29991200
2016-09-01 22:00:00,311.0,311.0,311.0,29991200,29991200,29991200
2016-09-02 22:00:00,316.5,316.5,316.5,29991200,29991200,29991200
2016-09-06 22:00:00,316.75,316.75,316.75,29991200,29991200,29991200
2016-09-07 22:00:00,321.0,321.0,321.0,29991200,29991200,29991200
2016-09-08 22:00:00,327.0,327.0,327.0,29991200,29991200,29991200
2016-09-09 22:00:00,330.0,330.0,330.0,29991200,29991200,29991200
2016-09-12 22:00:00,329.25,329.25,329.25,29991200,29991200,29991200
2016-09-13 22:00:00,319.25,319.25,319.25,29991200,29991200,29991200
2016-09-14 22:00:00,322.25,322.25,322.25,29991200,29991200,29991200
2016-09-15 22:00:00,330.0,330.0,330.0,29991200,29991200,29991200
2016-09-16 22:00:00,337.0,337.0,337.0,29991200,29991200,29991200
2016-09-19 22:00:00,337.25,337.25,337.25,29991200,29991200,29991200
2016-09-20 22:00:00,340.5,340.5,340.5,29991200,29991200,29991200
2016-09-21 22:00:00,340.0,340.0,340.0,29991200,29991200,29991200
2016-09-22 22:00:00,336.75,336.75,336.75,29991200,29991200,29991200
2016-09-23 22:00:00,336.5,336.5,336.5,29991200,29991200,29991200
2016-09-26 22:00:00,329.0,329.0,329.0,29991200,29991200,29991200
2016-09-27 22:00:00,331.75,331.75,331.75,29991200,29991200,29991200
2016-09-28 22:00:00,329.25,329.25,329.25,29991200,29991200,29991200
2016-09-29 22:00:00,329.25,329.25,329.25,29991200,29991200,29991200
2016-09-30 22:00:00,336.75,336.75,336.75,29991200,29991200,29991200
2016-10-03 22:00:00,346.0,346.0,346.0,29991200,29991200,29991200
2016-10-04 22:00:00,348.25,348.25,348.25,29991200,29991200,29991200
2016-10-05 22:00:00,347.75,347.75,347.75,29991200,29991200,29991200
2016-10-06 22:00:00,340.5,340.5,340.5,29991200,29991200,29991200
2016-10-07 22:00:00,339.75,339.75,339.75,29991200,29991200,29991200
2016-10-11 22:00:00,345.5,345.5,345.5,29991200,29991200,29991200
2016-10-12 22:00:00,337.0,337.0,337.0,29991200,29991200,29991200
2016-10-13 22:00:00,349.5,349.5,349.5,29991200,29991200,29991200
2016-10-14 22:00:00,354.25,354.25,354.25,29991200,29991200,29991200
2016-10-17 22:00:00,354.0,354.0,354.0,29991200,29991200,29991200
2016-10-18 22:00:00,353.75,353.75,353.75,29991200,29991200,29991200
2016-10-19 22:00:00,357.5,357.5,357.5,29991200,29991200,29991200
2016-10-20 22:00:00,351.0,351.0,351.0,29991200,29991200,29991200
2016-10-21 22:00:00,352.5,352.5,352.5,29991200,29991200,29991200
2016-10-24 22:00:00,348.25,348.25,348.25,29991200,29991200,29991200
2016-10-25 22:00:00,349.25,349.25,349.25,29991200,29991200,29991200
2016-10-26 22:00:00,354.0,354.0,354.0,29991200,29991200,29991200
2016-10-27 22:00:00,357.5,357.5,357.5,29991200,29991200,29991200
2016-10-28 22:00:00,355.0,355.0,355.0,29991200,29991200,29991200
2016-10-31 22:00:00,354.75,354.75,354.75,29991200,29991200,29991200
2016-11-01 22:00:00,349.0,349.0,349.0,29991200,29991200,29991200
2016-11-02 22:00:00,346.25,346.25,346.25,29991200,29991200,29991200
2016-11-03 22:00:00,348.0,348.0,348.0,29991200,29991200,29991200
2016-11-04 22:00:00,348.75,348.75,348.75,29991200,29991200,29991200
2016-11-07 22:00:00,346.25,346.25,346.25,29991200,29991200,29991200
2016-11-08 22:00:00,354.25,354.25,354.25,29991200,29991200,29991200
2016-11-09 22:00:00,340.75,340.75,340.75,29991200,29991200,29991200
2016-11-10 22:00:00,343.5,343.5,343.5,29991200,29991200,29991200
2016-11-14 22:00:00,337.25,337.25,337.25,29991200,29991200,29991200
2016-11-15 22:00:00,341.5,341.5,341.5,29991200,29991200,29991200
2016-11-16 22:00:00,338.5,338.5,338.5,29991200,29991200,29991200
2016-11-17 22:00:00,342.0,342.0,342.0,29991200,29991200,29991200
2016-11-18 22:00:00,345.5,345.5,345.5,29991200,29991200,29991200
2016-11-21 22:00:00,349.75,349.75,349.75,29991200,29991200,29991200
2016-11-22 22:00:00,351.0,351.0,351.0,29991200,29991200,29991200
2016-11-23 22:00:00,350.75,350.75,350.75,29991200,29991200,29991200
2016-11-25 22:00:00,349.25,349.25,349.25,29991200,29991200,29991200
2016-11-28 22:00:00,348.5,348.5,348.5,29991200,29991200,29991200
2016-11-29 22:00:00,336.75,336.75,336.75,29991200,29991200,29991200
2016-11-30 22:00:00,336.75,336.75,336.75,29991200,29991200,29991200
2016-12-01 22:00:00,331.75,331.75,331.75,29991200,29991200,29991200
2016-12-02 22:00:00,337.5,337.5,337.5,29991200,29991200,29991200
2016-12-05 22:00:00,349.5,349.5,349.5,29991200,29991200,29991200
2016-12-06 22:00:00,351.0,351.0,351.0,29991200,29991200,29991200
2016-12-07 22:00:00,350.5,350.5,350.5,29991200,29991200,29991200
2016-12-08 22:00:00,346.5,346.5,346.5,29991200,29991200,29991200
2016-12-09 22:00:00,352.5,352.5,352.5,29991200,29991200,29991200
2016-12-12 22:00:00,354.5,354.5,354.5,29991200,29991200,29991200
2016-12-13 22:00:00,356.25,356.25,356.25,29991200,29991200,29991200
2016-12-14 22:00:00,351.75,351.75,351.75,29991200,29991200,29991200
2016-12-15 22:00:00,356.5,356.5,356.5,29991200,29991200,29991200
2016-12-16 22:00:00,356.25,356.25,356.25,29991200,29991200,29991200
2016-12-19 22:00:00,353.25,353.25,353.25,29991200,29991200,29991200
2016-12-20 22:00:00,350.25,350.25,350.25,29991200,29991200,29991200
2016-12-21 22:00:00,347.25,347.25,347.25,29991200,29991200,29991200
2016-12-22 22:00:00,347.25,347.25,347.25,29991200,29991200,29991200
2016-12-23 22:00:00,345.75,345.75,345.75,29991200,29991200,29991200
2016-12-27 22:00:00,355.0,355.0,355.0,29991200,29991200,29991200
2016-12-28 22:00:00,348.25,348.25,348.25,29991200,29991200,29991200
2016-12-29 22:00:00,349.75,349.75,349.75,29991200,29991200,29991200
2016-12-30 22:00:00,352.0,352.0,352.0,29991200,29991200,29991200
2017-01-03 22:00:00,355.75,355.75,355.75,29991200,29991200,29991200
2017-01-04 22:00:00,359.75,359.75,359.75,29991200,29991200,29991200
2017-01-05 22:00:00,361.25,361.25,361.25,29991200,29991200,29991200
2017-01-06 22:00:00,358.0,358.0,358.0,29991200,29991200,29991200
2017-01-09 22:00:00,360.0,360.0,360.0,29991200,29991200,29991200
2017-01-10 22:00:00,358.25,358.25,358.25,29991200,29991200,29991200
2017-01-11 22:00:00,357.25,357.25,357.25,29991200,29991200,29991200
2017-01-12 22:00:00,358.25,358.25,358.25,29991200,29991200,29991200
2017-01-13 22:00:00,358.5,358.5,358.5,29991200,29991200,29991200
2017-01-17 22:00:00,365.5,365.5,365.5,29991200,29991200,29991200
2017-01-18 22:00:00,365.0,365.0,365.0,29991200,29991200,29991200
2017-01-19 22:00:00,366.25,366.25,366.25,29991200,29991200,29991200
2017-01-20 22:00:00,369.75,369.75,369.75,29991200,29991200,29991200
2017-01-23 22:00:00,369.5,369.5,369.5,29991200,29991200,29991200
2017-01-24 22:00:00,363.25,363.25,363.25,29991200,29991200,29991200
2017-01-25 22:00:00,366.25,366.25,366.25,29991200,29991200,29991200
2017-01-26 22:00:00,363.75,363.75,363.75,29991200,29991200,29991200
2017-01-27 22:00:00,362.5,362.5,362.5,29991200,29991200,29991200
2017-01-30 22:00:00,357.75,357.75,357.75,29991200,29991200,29991200
2017-01-31 22:00:00,359.75,359.75,359.75,29991200,29991200,29991200
2017-02-01 22:00:00,368.25,368.25,368.25,29991200,29991200,29991200
2017-02-02 22:00:00,367.5,367.5,367.5,29991200,29991200,29991200
2017-02-03 22:00:00,365.25,365.25,365.25,29991200,29991200,29991200
2017-02-06 22:00:00,363.75,363.75,363.75,29991200,29991200,29991200
2017-02-07 22:00:00,368.5,368.5,368.5,29991200,29991200,29991200
2017-02-08 22:00:00,370.75,370.75,370.75,29991200,29991200,29991200
2017-02-09 22:00:00,369.5,369.5,369.5,29991200,29991200,29991200
2017-02-10 22:00:00,374.5,374.5,374.5,29991200,29991200,29991200
2017-02-13 22:00:00,375.5,375.5,375.5,29991200,29991200,29991200
2017-02-14 22:00:00,374.25,374.25,374.25,29991200,29991200,29991200
2017-02-15 22:00:00,378.75,378.75,378.75,29991200,29991200,29991200
2017-02-16 22:00:00,373.5,373.5,373.5,29991200,29991200,29991200
2017-02-17 22:00:00,368.25,368.25,368.25,29991200,29991200,29991200
2017-02-21 22:00:00,369.25,369.25,369.25,29991200,29991200,29991200
2017-02-22 22:00:00,371.0,371.0,371.0,29991200,29991200,29991200
2017-02-23 22:00:00,365.5,365.5,365.5,29991200,29991200,29991200
2017-02-24 22:00:00,364.0,364.0,364.0,29991200,29991200,29991200
2017-02-27 22:00:00,360.25,360.25,360.25,29991200,29991200,29991200
2017-02-28 22:00:00,366.75,366.75,366.75,29991200,29991200,29991200
2017-03-01 22:00:00,375.75,375.75,375.75,29991200,29991200,29991200
2017-03-02 22:00:00,372.75,372.75,372.75,29991200,29991200,29991200
2017-03-03 22:00:00,374.75,374.75,374.75,29991200,29991200,29991200
2017-03-06 22:00:00,372.75,372.75,372.75,29991200,29991200,29991200
2017-03-07 22:00:00,369.5,369.5,369.5,29991200,29991200,29991200
2017-03-08 22:00:00,365.25,365.25,365.25,29991200,29991200,29991200
2017-03-09 22:00:00,359.75,359.75,359.75,29991200,29991200,29991200
2017-03-10 22:00:00,358.0,358.0,358.0,29991200,29991200,29991200
2017-03-13 22:00:00,354.5,354.5,354.5,29991200,29991200,29991200
2017-03-14 22:00:00,353.75,353.75,353.75,29991200,29991200,29991200
2017-03-15 22:00:00,363.5,363.5,363.5,29991200,29991200,29991200
2017-03-16 22:00:00,366.0,366.0,366.0,29991200,29991200,29991200
2017-03-17 22:00:00,367.5,367.5,367.5,29991200,29991200,29991200
2017-03-20 22:00:00,363.5,363.5,363.5,29991200,29991200,29991200
2017-03-21 22:00:00,361.25,361.25,361.25,29991200,29991200,29991200
2017-03-22 22:00:00,358.75,358.75,358.75,29991200,29991200,29991200
2017-03-23 22:00:00,356.75,356.75,356.75,29991200,29991200,29991200
2017-03-24 22:00:00,356.25,356.25,356.25,29991200,29991200,29991200
2017-03-27 22:00:00,355.75,355.75,355.75,29991200,29991200,29991200
2017-03-28 22:00:00,357.75,357.75,357.75,29991200,29991200,29991200
2017-03-29 22:00:00,358.5,358.5,358.5,29991200,29991200,29991200
2017-03-30 22:00:00,357.5,357.5,357.5,29991200,29991200,29991200
2017-03-31 22:00:00,364.25,364.25,364.25,29991200,29991200,29991200
2017-04-03 22:00:00,367.75,367.75,367.75,29991200,29991200,29991200
2017-04-04 22:00:00,363.0,363.0,363.0,29991200,29991200,29991200
2017-04-05 22:00:00,364.75,364.75,364.75,29991200,29991200,29991200
2017-04-06 22:00:00,360.75,360.75,360.75,29991200,29991200,29991200
2017-04-07 22:00:00,359.5,359.5,359.5,29991200,29991200,29991200
2017-04-10 22:00:00,367.0,367.0,367.0,29991200,29991200,29991200
2017-04-11 22:00:00,366.5,366.5,366.5,29991200,29991200,29991200
2017-04-12 22:00:00,369.0,369.0,369.0,29991200,29991200,29991200
2017-04-13 22:00:00,371.0,371.0,371.0,29991200,29991200,29991200
2017-04-17 22:00:00,366.5,366.5,366.5,29991200,29991200,29991200
2017-04-18 22:00:00,361.75,361.75,361.75,29991200,29991200,29991200
2017-04-19 22:00:00,361.75,361.75,361.75,29991200,29991200,29991200
2017-04-20 22:00:00,357.75,357.75,357.75,29991200,29991200,29991200
2017-04-21 22:00:00,357.0,357.0,357.0,29991200,29991200,29991200
2017-04-24 22:00:00,359.25,359.25,359.25,29991200,29991200,29991200
2017-04-25 22:00:00,365.0,365.0,365.0,29991200,29991200,29991200
2017-04-26 22:00:00,359.0,359.0,359.0,29991200,29991200,29991200
2017-04-27 22:00:00,362.0,362.0,362.0,29991200,29991200,29991200
2017-04-28 22:00:00,358.0,358.0,358.0,29991200,29991200,29991200
2017-05-01 22:00:00,369.25,369.25,369.25,29991200,29991200,29991200
2017-05-02 22:00:00,364.0,364.0,364.0,29991200,29991200,29991200
2017-05-03 22:00:00,366.25,366.25,366.25,29991200,29991200,29991200
2017-05-04 22:00:00,358.0,358.0,358.0,29991200,29991200,29991200
2017-05-05 22:00:00,361.75,361.75,361.75,29991200,29991200,29991200
2017-05-08 22:00:00,356.75,356.75,356.75,29991200,29991200,29991200
2017-05-09 22:00:00,358.25,358.25,358.25,29991200,29991200,29991200
2017-05-10 22:00:00,365.25,365.25,365.25,29991200,29991200,29991200
2017-05-11 22:00:00,360.5,360.5,360.5,29991200,29991200,29991200
2017-05-12 22:00:00,361.75,361.75,361.75,29991200,29991200,29991200
2017-05-15 22:00:00,367.75,367.75,367.75,29991200,29991200,29991200
2017-05-16 22:00:00,367.75,367.75,367.75,29991200,29991200,29991200
2017-05-17 22:00:00,371.5,371.5,371.5,29991200,29991200,29991200
2017-05-18 22:00:00,366.0,366.0,366.0,29991200,29991200,29991200
2017-05-19 22:00:00,372.5,372.5,372.5,29991200,29991200,29991200
2017-05-22 22:00:00,375.0,375.0,375.0,29991200,29991200,29991200
2017-05-23 22:00:00,369.5,369.5,369.5,29991200,29991200,29991200
2017-05-24 22:00:00,371.25,371.25,371.25,29991200,29991200,29991200
2017-05-25 22:00:00,369.25,369.25,369.25,29991200,29991200,29991200
2017-05-26 22:00:00,374.25,374.25,374.25,29991200,29991200,29991200
2017-05-30 22:00:00,367.0,367.0,367.0,29991200,29991200,29991200
2017-05-31 22:00:00,372.0,372.0,372.0,29991200,29991200,29991200
2017-06-01 22:00:00,370.5,370.5,370.5,29991200,29991200,29991200
2017-06-02 22:00:00,372.75,372.75,372.75,29991200,29991200,29991200
2017-06-05 22:00:00,373.0,373.0,373.0,29991200,29991200,29991200
2017-06-06 22:00:00,377.25,377.25,377.25,29991200,29991200,29991200
2017-06-07 22:00:00,384.75,384.75,384.75,29991200,29991200,29991200
2017-06-08 22:00:00,385.75,385.75,385.75,29991200,29991200,29991200
2017-06-09 22:00:00,387.75,387.75,387.75,29991200,29991200,29991200
2017-06-12 22:00:00,377.25,377.25,377.25,29991200,29991200,29991200
2017-06-13 22:00:00,381.0,381.0,381.0,29991200,29991200,29991200
2017-06-14 22:00:00,377.0,377.0,377.0,29991200,29991200,29991200
2017-06-15 22:00:00,379.5,379.5,379.5,29991200,29991200,29991200
2017-06-16 22:00:00,384.0,384.0,384.0,29991200,29991200,29991200
2017-06-19 22:00:00,375.25,375.25,375.25,29991200,29991200,29991200
2017-06-20 22:00:00,370.0,370.0,370.0,29991200,29991200,29991200
2017-06-21 22:00:00,368.75,368.75,368.75,29991200,29991200,29991200
2017-06-22 22:00:00,362.75,362.75,362.75,29991200,29991200,29991200
2017-06-23 22:00:00,357.75,357.75,357.75,29991200,29991200,29991200
2017-06-26 22:00:00,359.0,359.0,359.0,29991200,29991200,29991200
2017-06-27 22:00:00,359.25,359.25,359.25,29991200,29991200,29991200
2017-06-28 22:00:00,356.75,356.75,356.75,29991200,29991200,29991200
2017-06-29 22:00:00,359.75,359.75,359.75,29991200,29991200,29991200
2017-06-30 22:00:00,370.5,370.5,370.5,29991200,29991200,29991200
2017-07-03 22:00:00,378.0,378.0,378.0,29991200,29991200,29991200
2017-07-05 22:00:00,381.75,381.75,381.75,29991200,29991200,29991200
2017-07-06 22:00:00,380.25,380.25,380.25,29991200,29991200,29991200
2017-07-07 22:00:00,382.25,382.25,382.25,29991200,29991200,29991200
2017-07-10 22:00:00,391.75,391.75,391.75,29991200,29991200,29991200
2017-07-11 22:00:00,392.25,392.25,392.25,29991200,29991200,29991200
2017-07-12 22:00:00,376.25,376.25,376.25,29991200,29991200,29991200
2017-07-13 22:00:00,361.0,361.0,361.0,29991200,29991200,29991200
2017-07-14 22:00:00,365.25,365.25,365.25,29991200,29991200,29991200
2017-07-17 22:00:00,375.0,375.0,375.0,29991200,29991200,29991200
2017-07-18 22:00:00,377.0,377.0,377.0,29991200,29991200,29991200
2017-07-19 22:00:00,382.5,382.5,382.5,29991200,29991200,29991200
2017-07-20 22:00:00,391.0,391.0,391.0,29991200,29991200,29991200
2017-07-21 22:00:00,379.75,379.75,379.75,29991200,29991200,29991200
2017-07-24 22:00:00,377.25,377.25,377.25,29991200,29991200,29991200
2017-07-25 22:00:00,368.75,368.75,368.75,29991200,29991200,29991200
2017-07-26 22:00:00,372.75,372.75,372.75,29991200,29991200,29991200
2017-07-27 22:00:00,374.25,374.25,374.25,29991200,29991200,29991200
2017-07-28 22:00:00,374.25,374.25,374.25,29991200,29991200,29991200
2017-07-31 22:00:00,370.75,370.75,370.75,29991200,29991200,29991200
2017-08-01 22:00:00,362.5,362.5,362.5,29991200,29991200,29991200
2017-08-02 22:00:00,365.0,365.0,365.0,29991200,29991200,29991200
2017-08-03 22:00:00,363.5,363.5,363.5,29991200,29991200,29991200
2017-08-04 22:00:00,366.5,366.5,366.5,29991200,29991200,29991200
2017-08-07 22:00:00,372.25,372.25,372.25,29991200,29991200,29991200
2017-08-08 22:00:00,369.75,369.75,369.75,29991200,29991200,29991200
2017-08-09 22:00:00,372.25,372.25,372.25,29991200,29991200,29991200
2017-08-10 22:00:00,357.25,357.25,357.25,29991200,29991200,29991200
2017-08-11 22:00:00,360.75,360.75,360.75,29991200,29991200,29991200
2017-08-14 22:00:00,362.75,362.75,362.75,29991200,29991200,29991200
2017-08-15 22:00:00,355.25,355.25,355.25,29991200,29991200,29991200
2017-08-16 22:00:00,352.5,352.5,352.5,29991200,29991200,29991200
2017-08-17 22:00:00,350.5,350.5,350.5,29991200,29991200,29991200
2017-08-18 22:00:00,352.0,352.0,352.0,29991200,29991200,29991200
2017-08-21 22:00:00,349.0,349.0,349.0,29991200,29991200,29991200
2017-08-22 22:00:00,346.0,346.0,346.0,29991200,29991200,29991200
2017-08-23 22:00:00,342.0,342.0,342.0,29991200,29991200,29991200
2017-08-24 22:00:00,342.0,342.0,342.0,29991200,29991200,29991200
2017-08-25 22:00:00,338.75,338.75,338.75,29991200,29991200,29991200
2017-08-28 22:00:00,336.0,336.0,336.0,29991200,29991200,29991200
2017-08-29 22:00:00,333.5,333.5,333.5,29991200,29991200,29991200
2017-08-30 22:00:00,329.5,329.5,329.5,29991200,29991200,29991200
2017-08-31 22:00:00,342.25,342.25,342.25,29991200,29991200,29991200
2017-09-01 22:00:00,340.0,340.0,340.0,29991200,29991200,29991200
2017-09-05 22:00:00,344.25,344.25,344.25,29991200,29991200,29991200
2017-09-06 22:00:00,347.0,347.0,347.0,29991200,29991200,29991200
2017-09-07 22:00:00,341.75,341.75,341.75,29991200,29991200,29991200
2017-09-08 22:00:00,344.25,344.25,344.25,29991200,29991200,29991200
2017-09-11 22:00:00,345.5,345.5,345.5,29991200,29991200,29991200
2017-09-12 22:00:00,340.0,340.0,340.0,29991200,29991200,29991200
2017-09-13 22:00:00,338.5,338.5,338.5,29991200,29991200,29991200
2017-09-14 22:00:00,341.75,341.75,341.75,29991200,29991200,29991200
2017-09-15 22:00:00,354.75,354.75,354.75,29991200,29991200,29991200
2017-09-18 22:00:00,351.5,351.5,351.5,29991200,29991200,29991200
2017-09-19 22:00:00,348.25,348.25,348.25,29991200,29991200,29991200
2017-09-20 22:00:00,350.0,350.0,350.0,29991200,29991200,29991200
2017-09-21 22:00:00,350.25,350.25,350.25,29991200,29991200,29991200
2017-09-22 22:00:00,353.5,353.5,353.5,29991200,29991200,29991200
2017-09-25 22:00:00,353.75,353.75,353.75,29991200,29991200,29991200
2017-09-26 22:00:00,352.25,352.25,352.25,29991200,29991200,29991200
2017-09-27 22:00:00,354.0,354.0,354.0,29991200,29991200,29991200
2017-09-28 22:00:00,352.5,352.5,352.5,29991200,29991200,29991200
2017-09-29 22:00:00,355.25,355.25,355.25,29991200,29991200,29991200
2017-10-02 22:00:00,351.5,351.5,351.5,29991200,29991200,29991200
2017-10-03 22:00:00,349.5,349.5,349.5,29991200,29991200,29991200
2017-10-04 22:00:00,348.25,348.25,348.25,29991200,29991200,29991200
2017-10-05 22:00:00,349.5,349.5,349.5,29991200,29991200,29991200
2017-10-06 22:00:00,350.0,350.0,350.0,29991200,29991200,29991200
2017-10-09 22:00:00,349.5,349.5,349.5,29991200,29991200,29991200
2017-10-10 22:00:00,349.25,349.25,349.25,29991200,29991200,29991200
2017-10-11 22:00:00,346.0,346.0,346.0,29991200,29991200,29991200
2017-10-12 22:00:00,349.0,349.0,349.0,29991200,29991200,29991200
2017-10-13 22:00:00,352.75,352.75,352.75,29991200,29991200,29991200
2017-10-16 22:00:00,350.5,350.5,350.5,29991200,29991200,29991200
2017-10-17 22:00:00,350.0,350.0,350.0,29991200,29991200,29991200
2017-10-18 22:00:00,348.5,348.5,348.5,29991200,29991200,29991200
2017-10-19 22:00:00,349.0,349.0,349.0,29991200,29991200,29991200
2017-10-20 22:00:00,344.5,344.5,344.5,29991200,29991200,29991200
2017-10-23 22:00:00,351.25,351.25,351.25,29991200,29991200,29991200
2017-10-24 22:00:00,352.75,352.75,352.75,29991200,29991200,29991200
2017-10-25 22:00:00,351.0,351.0,351.0,29991200,29991200,29991200
2017-10-26 22:00:00,350.5,350.5,350.5,29991200,29991200,29991200
2017-10-27 22:00:00,348.75,348.75,348.75,29991200,29991200,29991200
2017-10-30 22:00:00,348.75,348.75,348.75,29991200,29991200,29991200
2017-10-31 22:00:00,345.75,345.75,345.75,29991200,29991200,29991200
2017-11-01 22:00:00,348.25,348.25,348.25,29991200,29991200,29991200
2017-11-02 22:00:00,350.5,350.5,350.5,29991200,29991200,29991200
2017-11-03 22:00:00,348.25,348.25,348.25,29991200,29991200,29991200
2017-11-06 22:00:00,348.0,348.0,348.0,29991200,29991200,29991200
2017-11-07 22:00:00,347.75,347.75,347.75,29991200,29991200,29991200
2017-11-08 22:00:00,348.25,348.25,348.25,29991200,29991200,29991200
2017-11-09 22:00:00,341.5,341.5,341.5,29991200,29991200,29991200
2017-11-10 22:00:00,343.5,343.5,343.5,29991200,29991200,29991200
2017-11-13 22:00:00,342.25,342.25,342.25,29991200,29991200,29991200
2017-11-14 22:00:00,337.5,337.5,337.5,29991200,29991200,29991200
2017-11-15 22:00:00,338.25,338.25,338.25,29991200,29991200,29991200
2017-11-16 22:00:00,336.5,336.5,336.5,29991200,29991200,29991200
2017-11-17 22:00:00,343.0,343.0,343.0,29991200,29991200,29991200
2017-11-20 22:00:00,345.0,345.0,345.0,29991200,29991200,29991200
2017-11-21 22:00:00,345.0,345.0,345.0,29991200,29991200,29991200
2017-11-22 22:00:00,345.25,345.25,345.25,29991200,29991200,29991200
2017-11-24 22:00:00,342.25,342.25,342.25,29991200,29991200,29991200
2017-11-27 22:00:00,338.75,338.75,338.75,29991200,29991200,29991200
2017-11-28 22:00:00,336.25,336.25,336.25,29991200,29991200,29991200
2017-11-29 22:00:00,339.0,339.0,339.0,29991200,29991200,29991200
2017-11-30 22:00:00,341.75,341.75,341.75,29991200,29991200,29991200
2017-12-01 22:00:00,344.75,344.75,344.75,29991200,29991200,29991200
2017-12-04 22:00:00,339.5,339.5,339.5,29991200,29991200,29991200
2017-12-05 22:00:00,339.75,339.75,339.75,29991200,29991200,29991200
2017-12-06 22:00:00,339.25,339.25,339.25,29991200,29991200,29991200
2017-12-07 22:00:00,338.75,338.75,338.75,29991200,29991200,29991200
2017-12-08 22:00:00,340.0,340.0,340.0,29991200,29991200,29991200
2017-12-11 22:00:00,336.5,336.5,336.5,29991200,29991200,29991200
2017-12-12 22:00:00,335.75,335.75,335.75,29991200,29991200,29991200
2017-12-13 22:00:00,336.75,336.75,336.75,29991200,29991200,29991200
2017-12-14 22:00:00,336.25,336.25,336.25,29991200,29991200,29991200
2017-12-15 22:00:00,347.5,347.5,347.5,29991200,29991200,29991200
2017-12-18 22:00:00,347.0,347.0,347.0,29991200,29991200,29991200
2017-12-19 22:00:00,347.5,347.5,347.5,29991200,29991200,29991200
2017-12-20 22:00:00,349.25,349.25,349.25,29991200,29991200,29991200
2017-12-21 22:00:00,351.25,351.25,351.25,29991200,29991200,29991200
2017-12-22 22:00:00,352.0,352.0,352.0,29991200,29991200,29991200
2017-12-26 22:00:00,352.75,352.75,352.75,29991200,29991200,29991200
2017-12-27 22:00:00,353.75,353.75,353.75,29991200,29991200,29991200
2017-12-28 22:00:00,352.0,352.0,352.0,29991200,29991200,29991200
2017-12-29 22:00:00,350.75,350.75,350.75,29991200,29991200,29991200
2018-01-02 22:00:00,353.25,353.25,353.25,29991200,29991200,29991200
2018-01-03 22:00:00,353.0,353.0,353.0,29991200,29991200,29991200
2018-01-04 22:00:00,351.0,351.0,351.0,29991200,29991200,29991200
2018-01-05 22:00:00,351.25,351.25,351.25,29991200,29991200,29991200
2018-01-08 22:00:00,347.25,347.25,347.25,29991200,29991200,29991200
2018-01-09 22:00:00,349.0,349.0,349.0,29991200,29991200,29991200
2018-01-10 22:00:00,349.0,349.0,349.0,29991200,29991200,29991200
2018-01-11 22:00:00,348.75,348.75,348.75,29991200,29991200,29991200
2018-01-12 22:00:00,346.25,346.25,346.25,29991200,29991200,29991200
2018-01-16 22:00:00,348.25,348.25,348.25,29991200,29991200,29991200
2018-01-17 22:00:00,353.0,353.0,353.0,29991200,29991200,29991200
2018-01-18 22:00:00,351.5,351.5,351.5,29991200,29991200,29991200
2018-01-19 22:00:00,352.5,352.5,352.5,29991200,29991200,29991200
2018-01-22 22:00:00,352.0,352.0,352.0,29991200,29991200,29991200
2018-01-23 22:00:00,351.25,351.25,351.25,29991200,29991200,29991200
2018-01-24 22:00:00,356.5,356.5,356.5,29991200,29991200,29991200
2018-01-25 22:00:00,355.25,355.25,355.25,29991200,29991200,29991200
2018-01-26 22:00:00,356.5,356.5,356.5,29991200,29991200,29991200
2018-01-29 22:00:00,358.75,358.75,358.75,29991200,29991200,29991200
2018-01-30 22:00:00,361.5,361.5,361.5,29991200,29991200,29991200
2018-01-31 22:00:00,361.5,361.5,361.5,29991200,29991200,29991200
2018-02-01 22:00:00,361.75,361.75,361.75,29991200,29991200,29991200
2018-02-02 22:00:00,361.5,361.5,361.5,29991200,29991200,29991200
2018-02-05 22:00:00,358.75,358.75,358.75,29991200,29991200,29991200
2018-02-06 22:00:00,363.5,363.5,363.5,29991200,29991200,29991200
2018-02-07 22:00:00,365.25,365.25,365.25,29991200,29991200,29991200
2018-02-08 22:00:00,365.75,365.75,365.75,29991200,29991200,29991200
2018-02-09 22:00:00,362.0,362.0,362.0,29991200,29991200,29991200
2018-02-12 22:00:00,367.0,367.0,367.0,29991200,29991200,29991200
2018-02-13 22:00:00,366.75,366.75,366.75,29991200,29991200,29991200
2018-02-14 22:00:00,367.25,367.25,367.25,29991200,29991200,29991200
2018-02-15 22:00:00,367.75,367.75,367.75,29991200,29991200,29991200
2018-02-16 22:00:00,367.5,367.5,367.5,29991200,29991200,29991200
2018-02-20 22:00:00,365.5,365.5,365.5,29991200,29991200,29991200
2018-02-21 22:00:00,365.75,365.75,365.75,29991200,29991200,29991200
2018-02-22 22:00:00,366.75,366.75,366.75,29991200,29991200,29991200
2018-02-23 22:00:00,366.25,366.25,366.25,29991200,29991200,29991200
2018-02-26 22:00:00,368.5,368.5,368.5,29991200,29991200,29991200
2018-02-27 22:00:00,370.5,370.5,370.5,29991200,29991200,29991200
2018-02-28 22:00:00,374.5,374.5,374.5,29991200,29991200,29991200
2018-03-01 22:00:00,378.75,378.75,378.75,29991200,29991200,29991200
2018-03-02 22:00:00,377.25,377.25,377.25,29991200,29991200,29991200
2018-03-05 22:00:00,378.25,378.25,378.25,29991200,29991200,29991200
2018-03-06 22:00:00,379.75,379.75,379.75,29991200,29991200,29991200
2018-03-07 22:00:00,379.25,379.25,379.25,29991200,29991200,29991200
2018-03-08 22:00:00,385.75,385.75,385.75,29991200,29991200,29991200
2018-03-09 22:00:00,383.0,383.0,383.0,29991200,29991200,29991200
2018-03-12 22:00:00,384.25,384.25,384.25,29991200,29991200,29991200
2018-03-13 22:00:00,385.5,385.5,385.5,29991200,29991200,29991200
2018-03-14 22:00:00,383.5,383.5,383.5,29991200,29991200,29991200
2018-03-15 22:00:00,386.75,386.75,386.75,29991200,29991200,29991200
2018-03-16 22:00:00,382.75,382.75,382.75,29991200,29991200,29991200
2018-03-19 22:00:00,375.0,375.0,375.0,29991200,29991200,29991200
2018-03-20 22:00:00,374.5,374.5,374.5,29991200,29991200,29991200
2018-03-21 22:00:00,375.0,375.0,375.0,29991200,29991200,29991200
2018-03-22 22:00:00,376.0,376.0,376.0,29991200,29991200,29991200
2018-03-23 22:00:00,377.25,377.25,377.25,29991200,29991200,29991200
2018-03-26 22:00:00,374.0,374.0,374.0,29991200,29991200,29991200
2018-03-27 22:00:00,374.0,374.0,374.0,29991200,29991200,29991200
2018-03-28 22:00:00,373.5,373.5,373.5,29991200,29991200,29991200
2018-03-29 22:00:00,387.75,387.75,387.75,29991200,29991200,29991200
2018-04-02 22:00:00,387.25,387.25,387.25,29991200,29991200,29991200
2018-04-03 22:00:00,388.5,388.5,388.5,29991200,29991200,29991200
2018-04-04 22:00:00,381.0,381.0,381.0,29991200,29991200,29991200
2018-04-05 22:00:00,389.5,389.5,389.5,29991200,29991200,29991200
2018-04-06 22:00:00,388.5,388.5,388.5,29991200,29991200,29991200
2018-04-09 22:00:00,390.75,390.75,390.75,29991200,29991200,29991200
2018-04-10 22:00:00,389.25,389.25,389.25,29991200,29991200,29991200
2018-04-11 22:00:00,387.0,387.0,387.0,29991200,29991200,29991200
2018-04-12 22:00:00,388.75,388.75,388.75,29991200,29991200,29991200
2018-04-13 22:00:00,386.25,386.25,386.25,29991200,29991200,29991200
2018-04-16 22:00:00,382.5,382.5,382.5,29991200,29991200,29991200
2018-04-17 22:00:00,380.25,380.25,380.25,29991200,29991200,29991200
2018-04-18 22:00:00,383.0,383.0,383.0,29991200,29991200,29991200
2018-04-19 22:00:00,382.0,382.0,382.0,29991200,29991200,29991200
2018-04-20 22:00:00,376.5,376.5,376.5,29991200,29991200,29991200
2018-04-23 22:00:00,378.5,378.5,378.5,29991200,29991200,29991200
2018-04-24 22:00:00,381.25,381.25,381.25,29991200,29991200,29991200
2018-04-25 22:00:00,386.5,386.5,386.5,29991200,29991200,29991200
2018-04-26 22:00:00,386.0,386.0,386.0,29991200,29991200,29991200
2018-04-27 22:00:00,389.5,389.5,389.5,29991200,29991200,29991200
2018-04-30 22:00:00,392.5,392.5,392.5,29991200,29991200,29991200
2018-05-01 22:00:00,396.75,396.75,396.75,29991200,29991200,29991200
2018-05-02 22:00:00,396.0,396.0,396.0,29991200,29991200,29991200
2018-05-03 22:00:00,399.5,399.5,399.5,29991200,29991200,29991200
2018-05-04 22:00:00,398.75,398.75,398.75,29991200,29991200,29991200
2018-05-07 22:00:00,393.25,393.25,393.25,29991200,29991200,29991200
2018-05-08 22:00:00,395.5,395.5,395.5,29991200,29991200,29991200
2018-05-09 22:00:00,394.75,394.75,394.75,29991200,29991200,29991200
2018-05-10 22:00:00,394.75,394.75,394.75,29991200,29991200,29991200
2018-05-11 22:00:00,389.75,389.75,389.75,29991200,29991200,29991200
2018-05-14 22:00:00,389.0,389.0,389.0,29991200,29991200,29991200
2018-05-15 22:00:00,402.25,402.25,402.25,29991200,29991200,29991200
2018-05-16 22:00:00,399.25,399.25,399.25,29991200,29991200,29991200
2018-05-17 22:00:00,395.25,395.25,395.25,29991200,29991200,29991200
2018-05-18 22:00:00,402.5,402.5,402.5,29991200,29991200,29991200
2018-05-21 22:00:00,402.75,402.75,402.75,29991200,29991200,29991200
2018-05-22 22:00:00,404.75,404.75,404.75,29991200,29991200,29991200
2018-05-23 22:00:00,408.5,408.5,408.5,29991200,29991200,29991200
2018-05-24 22:00:00,404.25,404.25,404.25,29991200,29991200,29991200
2018-05-25 22:00:00,406.0,406.0,406.0,29991200,29991200,29991200
2018-05-29 22:00:00,400.0,400.0,400.0,29991200,29991200,29991200
2018-05-30 22:00:00,393.5,393.5,393.5,29991200,29991200,29991200
2018-05-31 22:00:00,394.0,394.0,394.0,29991200,29991200,29991200
2018-06-01 22:00:00,391.5,391.5,391.5,29991200,29991200,29991200
2018-06-04 22:00:00,380.75,380.75,380.75,29991200,29991200,29991200
2018-06-05 22:00:00,383.75,383.75,383.75,29991200,29991200,29991200
2018-06-06 22:00:00,378.25,378.25,378.25,29991200,29991200,29991200
2018-06-07 22:00:00,376.25,376.25,376.25,29991200,29991200,29991200
2018-06-08 22:00:00,377.75,377.75,377.75,29991200,29991200,29991200
2018-06-11 22:00:00,367.25,367.25,367.25,29991200,29991200,29991200
2018-06-12 22:00:00,377.5,377.5,377.5,29991200,29991200,29991200
2018-06-13 22:00:00,376.0,376.0,376.0,29991200,29991200,29991200
2018-06-14 22:00:00,363.0,363.0,363.0,29991200,29991200,29991200
2018-06-15 22:00:00,361.25,361.25,361.25,29991200,29991200,29991200
2018-06-18 22:00:00,356.0,356.0,356.0,29991200,29991200,29991200
2018-06-19 22:00:00,353.75,353.75,353.75,29991200,29991200,29991200
2018-06-20 22:00:00,354.25,354.25,354.25,29991200,29991200,29991200
2018-06-21 22:00:00,357.0,357.0,357.0,29991200,29991200,29991200
2018-06-22 22:00:00,357.25,357.25,357.25,29991200,29991200,29991200
2018-06-25 22:00:00,350.5,350.5,350.5,29991200,29991200,29991200
2018-06-26 22:00:00,352.5,352.5,352.5,29991200,29991200,29991200
2018-06-27 22:00:00,352.5,352.5,352.5,29991200,29991200,29991200
2018-06-28 22:00:00,345.0,345.0,345.0,29991200,29991200,29991200
2018-06-29 22:00:00,350.25,350.25,350.25,29991200,29991200,29991200
2018-07-02 22:00:00,337.5,337.5,337.5,29991200,29991200,29991200
2018-07-03 22:00:00,342.75,342.75,342.75,29991200,29991200,29991200
2018-07-05 22:00:00,343.5,343.5,343.5,29991200,29991200,29991200
2018-07-06 22:00:00,351.75,351.75,351.75,29991200,29991200,29991200
2018-07-09 22:00:00,345.75,345.75,345.75,29991200,29991200,29991200
2018-07-10 22:00:00,339.75,339.75,339.75,29991200,29991200,29991200
2018-07-11 22:00:00,331.25,331.25,331.25,29991200,29991200,29991200
2018-07-12 22:00:00,336.5,336.5,336.5,29991200,29991200,29991200
2018-07-13 22:00:00,330.25,330.25,330.25,29991200,29991200,29991200
2018-07-16 22:00:00,341.75,341.75,341.75,29991200,29991200,29991200
2018-07-17 22:00:00,346.25,346.25,346.25,29991200,29991200,29991200
2018-07-18 22:00:00,347.25,347.25,347.25,29991200,29991200,29991200
2018-07-19 22:00:00,351.25,351.25,351.25,29991200,29991200,29991200
2018-07-20 22:00:00,355.25,355.25,355.25,29991200,29991200,29991200
2018-07-23 22:00:00,357.25,357.25,357.25,29991200,29991200,29991200
2018-07-24 22:00:00,352.0,352.0,352.0,29991200,29991200,29991200
2018-07-25 22:00:00,359.25,359.25,359.25,29991200,29991200,29991200
2018-07-26 22:00:00,361.5,361.5,361.5,29991200,29991200,29991200
2018-07-27 22:00:00,362.0,362.0,362.0,29991200,29991200,29991200
2018-07-30 22:00:00,367.25,367.25,367.25,29991200,29991200,29991200
2018-07-31 22:00:00,372.25,372.25,372.25,29991200,29991200,29991200
2018-08-01 22:00:00,365.0,365.0,365.0,29991200,29991200,29991200
2018-08-02 22:00:00,366.75,366.75,366.75,29991200,29991200,29991200
2018-08-03 22:00:00,369.75,369.75,369.75,29991200,29991200,29991200
2018-08-06 22:00:00,371.0,371.0,371.0,29991200,29991200,29991200
2018-08-07 22:00:00,370.75,370.75,370.75,29991200,29991200,29991200
2018-08-08 22:00:00,371.25,371.25,371.25,29991200,29991200,29991200
2018-08-09 22:00:00,369.25,369.25,369.25,29991200,29991200,29991200
2018-08-10 22:00:00,357.75,357.75,357.75,29991200,29991200,29991200
2018-08-13 22:00:00,356.5,356.5,356.5,29991200,29991200,29991200
2018-08-14 22:00:00,362.25,362.25,362.25,29991200,29991200,29991200
2018-08-15 22:00:00,361.5,361.5,361.5,29991200,29991200,29991200
2018-08-16 22:00:00,365.25,365.25,365.25,29991200,29991200,29991200
2018-08-17 22:00:00,364.25,364.25,364.25,29991200,29991200,29991200
2018-08-20 22:00:00,362.0,362.0,362.0,29991200,29991200,29991200
2018-08-21 22:00:00,359.75,359.75,359.75,29991200,29991200,29991200
2018-08-22 22:00:00,352.5,352.5,352.5,29991200,29991200,29991200
2018-08-23 22:00:00,346.75,346.75,346.75,29991200,29991200,29991200
2018-08-24 22:00:00,348.5,348.5,348.5,29991200,29991200,29991200
2018-08-27 22:00:00,346.75,346.75,346.75,29991200,29991200,29991200
2018-08-28 22:00:00,341.0,341.0,341.0,29991200,29991200,29991200
2018-08-29 22:00:00,341.25,341.25,341.25,29991200,29991200,29991200
2018-08-30 22:00:00,341.0,341.0,341.0,29991200,29991200,29991200
2018-08-31 22:00:00,351.0,351.0,351.0,29991200,29991200,29991200
2018-09-04 22:00:00,354.5,354.5,354.5,29991200,29991200,29991200
2018-09-05 22:00:00,351.75,351.75,351.75,29991200,29991200,29991200
2018-09-06 22:00:00,353.5,353.5,353.5,29991200,29991200,29991200
2018-09-07 22:00:00,354.25,354.25,354.25,29991200,29991200,29991200
2018-09-10 22:00:00,355.5,355.5,355.5,29991200,29991200,29991200
2018-09-11 22:00:00,355.25,355.25,355.25,29991200,29991200,29991200
2018-09-12 22:00:00,341.5,341.5,341.5,29991200,29991200,29991200
2018-09-13 22:00:00,336.25,336.25,336.25,29991200,29991200,29991200
2018-09-14 22:00:00,337.0,337.0,337.0,29991200,29991200,29991200
2018-09-17 22:00:00,348.0,348.0,348.0,29991200,29991200,29991200
2018-09-18 22:00:00,343.25,343.25,343.25,29991200,29991200,29991200
2018-09-19 22:00:00,345.75,345.75,345.75,29991200,29991200,29991200
2018-09-20 22:00:00,352.5,352.5,352.5,29991200,29991200,29991200
2018-09-21 22:00:00,357.25,357.25,357.25,29991200,29991200,29991200
2018-09-24 22:00:00,360.5,360.5,360.5,29991200,29991200,29991200
2018-09-25 22:00:00,363.75,363.75,363.75,29991200,29991200,29991200
2018-09-26 22:00:00,363.0,363.0,363.0,29991200,29991200,29991200
2018-09-27 22:00:00,364.75,364.75,364.75,29991200,29991200,29991200
2018-09-28 22:00:00,356.25,356.25,356.25,29991200,29991200,29991200
2018-10-01 22:00:00,365.75,365.75,365.75,29991200,29991200,29991200
2018-10-02 22:00:00,367.5,367.5,367.5,29991200,29991200,29991200
2018-10-03 22:00:00,364.75,364.75,364.75,29991200,29991200,29991200
2018-10-04 22:00:00,367.5,367.5,367.5,29991200,29991200,29991200
2018-10-05 22:00:00,368.25,368.25,368.25,29991200,29991200,29991200
2018-10-08 22:00:00,366.5,366.5,366.5,29991200,29991200,29991200
2018-10-09 22:00:00,364.5,364.5,364.5,29991200,29991200,29991200
2018-10-10 22:00:00,362.75,362.75,362.75,29991200,29991200,29991200
2018-10-11 22:00:00,369.25,369.25,369.25,29991200,29991200,29991200
2018-10-12 22:00:00,373.75,373.75,373.75,29991200,29991200,29991200
2018-10-15 22:00:00,378.25,378.25,378.25,29991200,29991200,29991200
2018-10-16 22:00:00,375.25,375.25,375.25,29991200,29991200,29991200
2018-10-17 22:00:00,374.25,374.25,374.25,29991200,29991200,29991200
2018-10-18 22:00:00,370.75,370.75,370.75,29991200,29991200,29991200
2018-10-19 22:00:00,367.0,367.0,367.0,29991200,29991200,29991200
2018-10-22 22:00:00,369.5,369.5,369.5,29991200,29991200,29991200
2018-10-23 22:00:00,370.25,370.25,370.25,29991200,29991200,29991200
2018-10-24 22:00:00,368.25,368.25,368.25,29991200,29991200,29991200
2018-10-25 22:00:00,361.0,361.0,361.0,29991200,29991200,29991200
2018-10-26 22:00:00,367.75,367.75,367.75,29991200,29991200,29991200
2018-10-29 22:00:00,366.75,366.75,366.75,29991200,29991200,29991200
2018-10-30 22:00:00,364.75,364.75,364.75,29991200,29991200,29991200
2018-10-31 22:00:00,363.25,363.25,363.25,29991200,29991200,29991200
2018-11-01 22:00:00,366.75,366.75,366.75,29991200,29991200,29991200
2018-11-02 22:00:00,371.25,371.25,371.25,29991200,29991200,29991200
2018-11-05 22:00:00,374.0,374.0,374.0,29991200,29991200,29991200
2018-11-06 22:00:00,373.25,373.25,373.25,29991200,29991200,29991200
2018-11-07 22:00:00,372.25,372.25,372.25,29991200,29991200,29991200
2018-11-08 22:00:00,373.5,373.5,373.5,29991200,29991200,29991200
2018-11-09 22:00:00,369.75,369.75,369.75,29991200,29991200,29991200
2018-11-12 22:00:00,371.25,371.25,371.25,29991200,29991200,29991200
2018-11-13 22:00:00,366.5,366.5,366.5,29991200,29991200,29991200
2018-11-14 22:00:00,367.0,367.0,367.0,29991200,29991200,29991200
2018-11-15 22:00:00,367.5,367.5,367.5,29991200,29991200,29991200
2018-11-16 22:00:00,364.75,364.75,364.75,29991200,29991200,29991200
2018-11-19 22:00:00,362.25,362.25,362.25,29991200,29991200,29991200
2018-11-20 22:00:00,361.25,361.25,361.25,29991200,29991200,29991200
2018-11-21 22:00:00,361.75,361.75,361.75,29991200,29991200,29991200
2018-11-23 22:00:00,359.0,359.0,359.0,29991200,29991200,29991200
2018-11-26 22:00:00,356.0,356.0,356.0,29991200,29991200,29991200
2018-11-27 22:00:00,356.5,356.5,356.5,29991200,29991200,29991200
2018-11-28 22:00:00,360.5,360.5,360.5,29991200,29991200,29991200
2018-11-29 22:00:00,360.25,360.25,360.25,29991200,29991200,29991200
2018-11-30 22:00:00,366.5,366.5,366.5,29991200,29991200,29991200
2018-12-03 22:00:00,371.25,371.25,371.25,29991200,29991200,29991200
2018-12-04 22:00:00,374.25,374.25,374.25,29991200,29991200,29991200
2018-12-06 22:00:00,372.0,372.0,372.0,29991200,29991200,29991200
2018-12-07 22:00:00,374.0,374.0,374.0,29991200,29991200,29991200
2018-12-10 22:00:00,374.25,374.25,374.25,29991200,29991200,29991200
2018-12-11 22:00:00,375.0,375.0,375.0,29991200,29991200,29991200
2018-12-12 22:00:00,376.25,376.25,376.25,29991200,29991200,29991200
2018-12-13 22:00:00,375.5,375.5,375.5,29991200,29991200,29991200
2018-12-14 22:00:00,376.75,376.75,376.75,29991200,29991200,29991200
2018-12-19 22:00:00,381.75,381.75,381.75,29991200,29991200,29991200
2018-12-20 22:00:00,375.25,375.25,375.25,29991200,29991200,29991200
2018-12-21 22:00:00,378.5,378.5,378.5,29991200,29991200,29991200
2018-12-24 22:00:00,377.75,377.75,377.75,29991200,29991200,29991200
2018-12-26 22:00:00,373.25,373.25,373.25,29991200,29991200,29991200
2018-12-27 22:00:00,374.5,374.5,374.5,29991200,29991200,29991200
2018-12-28 22:00:00,375.5,375.5,375.5,29991200,29991200,29991200
2018-12-31 22:00:00,375.0,375.0,375.0,29991200,29991200,29991200
2019-01-02 22:00:00,375.75,375.75,375.75,29991200,29991200,29991200
2019-01-03 22:00:00,379.75,379.75,379.75,29991200,29991200,29991200
2019-01-04 22:00:00,383.0,383.0,383.0,29991200,29991200,29991200
2019-01-07 22:00:00,382.25,382.25,382.25,29991200,29991200,29991200
2019-01-08 22:00:00,380.0,380.0,380.0,29991200,29991200,29991200
2019-01-09 22:00:00,382.0,382.0,382.0,29991200,29991200,29991200
2019-01-10 22:00:00,376.25,376.25,376.25,29991200,29991200,29991200
2019-01-11 22:00:00,378.25,378.25,378.25,29991200,29991200,29991200
2019-01-14 22:00:00,378.5,378.5,378.5,29991200,29991200,29991200
2019-01-15 22:00:00,371.25,371.25,371.25,29991200,29991200,29991200
2019-01-16 22:00:00,374.0,374.0,374.0,29991200,29991200,29991200
2019-01-17 22:00:00,380.0,380.0,380.0,29991200,29991200,29991200
2019-01-18 22:00:00,381.75,381.75,381.75,29991200,29991200,29991200
2019-01-22 22:00:00,379.0,379.0,379.0,29991200,29991200,29991200
2019-01-23 22:00:00,378.75,378.75,378.75,29991200,29991200,29991200
2019-01-24 22:00:00,377.0,377.0,377.0,29991200,29991200,29991200
2019-01-25 22:00:00,380.25,380.25,380.25,29991200,29991200,29991200
2019-01-28 22:00:00,379.75,379.75,379.75,29991200,29991200,29991200
2019-01-29 22:00:00,377.25,377.25,377.25,29991200,29991200,29991200
2019-01-30 22:00:00,381.25,381.25,381.25,29991200,29991200,29991200
2019-01-31 22:00:00,376.5,376.5,376.5,29991200,29991200,29991200
2019-02-01 22:00:00,378.25,378.25,378.25,29991200,29991200,29991200
2019-02-04 22:00:00,379.25,379.25,379.25,29991200,29991200,29991200
2019-02-05 22:00:00,380.75,380.75,380.75,29991200,29991200,29991200
2019-02-06 22:00:00,380.0,380.0,380.0,29991200,29991200,29991200
2019-02-07 22:00:00,376.5,376.5,376.5,29991200,29991200,29991200
2019-02-08 22:00:00,374.25,374.25,374.25,29991200,29991200,29991200
2019-02-11 22:00:00,372.75,372.75,372.75,29991200,29991200,29991200
2019-02-12 22:00:00,378.25,378.25,378.25,29991200,29991200,29991200
2019-02-13 22:00:00,378.75,378.75,378.75,29991200,29991200,29991200
2019-02-14 22:00:00,374.75,374.75,374.75,29991200,29991200,29991200
2019-02-15 22:00:00,374.75,374.75,374.75,29991200,29991200,29991200
2019-02-19 22:00:00,369.75,369.75,369.75,29991200,29991200,29991200
2019-02-20 22:00:00,370.75,370.75,370.75,29991200,29991200,29991200
2019-02-21 22:00:00,375.5,375.5,375.5,29991200,29991200,29991200
2019-02-22 22:00:00,375.25,375.25,375.25,29991200,29991200,29991200
2019-02-25 22:00:00,370.5,370.5,370.5,29991200,29991200,29991200
2019-02-26 22:00:00,366.25,366.25,366.25,29991200,29991200,29991200
2019-02-27 22:00:00,363.75,363.75,363.75,29991200,29991200,29991200
2019-02-28 22:00:00,362.0,362.0,362.0,29991200,29991200,29991200
2019-03-01 22:00:00,364.0,364.0,364.0,29991200,29991200,29991200
2019-03-04 22:00:00,365.0,365.0,365.0,29991200,29991200,29991200
2019-03-05 22:00:00,366.0,366.0,366.0,29991200,29991200,29991200
2019-03-06 22:00:00,362.5,362.5,362.5,29991200,29991200,29991200
2019-03-07 22:00:00,356.0,356.0,356.0,29991200,29991200,29991200
2019-03-08 22:00:00,354.75,354.75,354.75,29991200,29991200,29991200
2019-03-11 22:00:00,352.5,352.5,352.5,29991200,29991200,29991200
2019-03-12 22:00:00,356.5,356.5,356.5,29991200,29991200,29991200
2019-03-13 22:00:00,357.25,357.25,357.25,29991200,29991200,29991200
2019-03-14 22:00:00,361.5,361.5,361.5,29991200,29991200,29991200
2019-03-15 22:00:00,373.25,373.25,373.25,29991200,29991200,29991200
2019-03-18 22:00:00,371.5,371.5,371.5,29991200,29991200,29991200
2019-03-19 22:00:00,371.25,371.25,371.25,29991200,29991200,29991200
2019-03-20 22:00:00,371.5,371.5,371.5,29991200,29991200,29991200
2019-03-21 22:00:00,376.25,376.25,376.25,29991200,29991200,29991200
2019-03-22 22:00:00,378.25,378.25,378.25,29991200,29991200,29991200
2019-03-25 22:00:00,379.75,379.75,379.75,29991200,29991200,29991200
2019-03-26 22:00:00,377.25,377.25,377.25,29991200,29991200,29991200
2019-03-27 22:00:00,373.75,373.75,373.75,29991200,29991200,29991200
2019-03-28 22:00:00,374.0,374.0,374.0,29991200,29991200,29991200
2019-03-29 22:00:00,356.5,356.5,356.5,29991200,29991200,29991200
2019-04-01 22:00:00,361.75,361.75,361.75,29991200,29991200,29991200
2019-04-02 22:00:00,361.5,361.5,361.5,29991200,29991200,29991200
2019-04-03 22:00:00,362.75,362.75,362.75,29991200,29991200,29991200
2019-04-04 22:00:00,365.25,365.25,365.25,29991200,29991200,29991200
2019-04-05 22:00:00,362.5,362.5,362.5,29991200,29991200,29991200
2019-04-08 22:00:00,360.0,360.0,360.0,29991200,29991200,29991200
2019-04-09 22:00:00,360.0,360.0,360.0,29991200,29991200,29991200
2019-04-10 22:00:00,361.75,361.75,361.75,29991200,29991200,29991200
2019-04-11 22:00:00,360.0,360.0,360.0,29991200,29991200,29991200
2019-04-12 22:00:00,361.0,361.0,361.0,29991200,29991200,29991200
2019-04-15 22:00:00,362.75,362.75,362.75,29991200,29991200,29991200
2019-04-16 22:00:00,359.0,359.0,359.0,29991200,29991200,29991200
2019-04-17 22:00:00,358.25,358.25,358.25,29991200,29991200,29991200
2019-04-18 22:00:00,358.5,358.5,358.5,29991200,29991200,29991200
2019-04-22 22:00:00,354.75,354.75,354.75,29991200,29991200,29991200
2019-04-23 22:00:00,351.25,351.25,351.25,29991200,29991200,29991200
2019-04-24 22:00:00,346.75,346.75,346.75,29991200,29991200,29991200
2019-04-25 22:00:00,347.5,347.5,347.5,29991200,29991200,29991200
2019-04-26 22:00:00,351.25,351.25,351.25,29991200,29991200,29991200
2019-04-29 22:00:00,352.0,352.0,352.0,29991200,29991200,29991200
2019-04-30 22:00:00,353.25,353.25,353.25,29991200,29991200,29991200
2019-05-01 22:00:00,360.0,360.0,360.0,29991200,29991200,29991200
2019-05-02 22:00:00,362.0,362.0,362.0,29991200,29991200,29991200
2019-05-03 22:00:00,363.0,363.0,363.0,29991200,29991200,29991200
2019-05-06 22:00:00,355.75,355.75,355.75,29991200,29991200,29991200
2019-05-07 22:00:00,358.0,358.0,358.0,29991200,29991200,29991200
2019-05-08 22:00:00,355.25,355.25,355.25,29991200,29991200,29991200
2019-05-09 22:00:00,344.5,344.5,344.5,29991200,29991200,29991200
2019-05-10 22:00:00,342.5,342.5,342.5,29991200,29991200,29991200
2019-05-13 22:00:00,347.5,347.5,347.5,29991200,29991200,29991200
2019-05-14 22:00:00,360.5,360.5,360.5,29991200,29991200,29991200
2019-05-15 22:00:00,369.5,369.5,369.5,29991200,29991200,29991200
2019-05-16 22:00:00,379.0,379.0,379.0,29991200,29991200,29991200
2019-05-17 22:00:00,383.25,383.25,383.25,29991200,29991200,29991200
2019-05-20 22:00:00,389.0,389.0,389.0,29991200,29991200,29991200
2019-05-21 22:00:00,394.25,394.25,394.25,29991200,29991200,29991200
2019-05-22 22:00:00,394.5,394.5,394.5,29991200,29991200,29991200
2019-05-23 22:00:00,389.75,389.75,389.75,29991200,29991200,29991200
2019-05-24 22:00:00,404.25,404.25,404.25,29991200,29991200,29991200
2019-05-28 22:00:00,420.25,420.25,420.25,29991200,29991200,29991200
2019-05-29 22:00:00,418.75,418.75,418.75,29991200,29991200,29991200
2019-05-30 22:00:00,436.25,436.25,436.25,29991200,29991200,29991200
2019-05-31 22:00:00,427.0,427.0,427.0,29991200,29991200,29991200
2019-06-03 22:00:00,424.25,424.25,424.25,29991200,29991200,29991200
2019-06-04 22:00:00,425.25,425.25,425.25,29991200,29991200,29991200
2019-06-05 22:00:00,414.75,414.75,414.75,29991200,29991200,29991200
2019-06-06 22:00:00,420.5,420.5,420.5,29991200,29991200,29991200
2019-06-07 22:00:00,415.75,415.75,415.75,29991200,29991200,29991200
2019-06-10 22:00:00,415.75,415.75,415.75,29991200,29991200,29991200
2019-06-11 22:00:00,427.75,427.75,427.75,29991200,29991200,29991200
2019-06-12 22:00:00,430.0,430.0,430.0,29991200,29991200,29991200
2019-06-13 22:00:00,442.0,442.0,442.0,29991200,29991200,29991200
2019-06-14 22:00:00,453.0,453.0,453.0,29991200,29991200,29991200
2019-06-17 22:00:00,454.75,454.75,454.75,29991200,29991200,29991200
2019-06-18 22:00:00,449.75,449.75,449.75,29991200,29991200,29991200
2019-06-19 22:00:00,441.0,441.0,441.0,29991200,29991200,29991200
2019-06-20 22:00:00,450.0,450.0,450.0,29991200,29991200,29991200
2019-06-21 22:00:00,442.25,442.25,442.25,29991200,29991200,29991200
2019-06-24 22:00:00,446.75,446.75,446.75,29991200,29991200,29991200
2019-06-25 22:00:00,447.5,447.5,447.5,29991200,29991200,29991200
2019-06-26 22:00:00,443.25,443.25,443.25,29991200,29991200,29991200
2019-06-27 22:00:00,440.0,440.0,440.0,29991200,29991200,29991200
2019-06-28 22:00:00,420.25,420.25,420.25,29991200,29991200,29991200
2019-07-01 22:00:00,412.0,412.0,412.0,29991200,29991200,29991200
2019-07-02 22:00:00,413.5,413.5,413.5,29991200,29991200,29991200
2019-07-03 22:00:00,433.0,433.0,433.0,29991200,29991200,29991200
2019-07-05 22:00:00,434.0,434.0,434.0,29991200,29991200,29991200
2019-07-08 22:00:00,438.5,438.5,438.5,29991200,29991200,29991200
2019-07-09 22:00:00,431.75,431.75,431.75,29991200,29991200,29991200
2019-07-10 22:00:00,434.25,434.25,434.25,29991200,29991200,29991200
2019-07-11 22:00:00,447.75,447.75,447.75,29991200,29991200,29991200
2019-07-12 22:00:00,449.5,449.5,449.5,29991200,29991200,29991200
2019-07-15 22:00:00,441.0,441.0,441.0,29991200,29991200,29991200
2019-07-16 22:00:00,435.25,435.25,435.25,29991200,29991200,29991200
2019-07-17 22:00:00,436.0,436.0,436.0,29991200,29991200,29991200
2019-07-18 22:00:00,424.5,424.5,424.5,29991200,29991200,29991200
2019-07-19 22:00:00,430.75,430.75,430.75,29991200,29991200,29991200
2019-07-22 22:00:00,422.25,422.25,422.25,29991200,29991200,29991200
2019-07-23 22:00:00,425.5,425.5,425.5,29991200,29991200,29991200
2019-07-24 22:00:00,424.0,424.0,424.0,29991200,29991200,29991200
2019-07-25 22:00:00,418.5,418.5,418.5,29991200,29991200,29991200
2019-07-26 22:00:00,414.5,414.5,414.5,29991200,29991200,29991200
2019-07-29 22:00:00,417.0,417.0,417.0,29991200,29991200,29991200
2019-07-30 22:00:00,411.25,411.25,411.25,29991200,29991200,29991200
2019-07-31 22:00:00,400.25,400.25,400.25,29991200,29991200,29991200
2019-08-01 22:00:00,392.75,392.75,392.75,29991200,29991200,29991200
2019-08-02 22:00:00,399.5,399.5,399.5,29991200,29991200,29991200
2019-08-05 22:00:00,405.25,405.25,405.25,29991200,29991200,29991200
2019-08-06 22:00:00,404.0,404.0,404.0,29991200,29991200,29991200
2019-08-07 22:00:00,406.5,406.5,406.5,29991200,29991200,29991200
2019-08-08 22:00:00,411.0,411.0,411.0,29991200,29991200,29991200
2019-08-09 22:00:00,410.25,410.25,410.25,29991200,29991200,29991200
2019-08-12 22:00:00,385.25,385.25,385.25,29991200,29991200,29991200
2019-08-13 22:00:00,366.0,366.0,366.0,29991200,29991200,29991200
2019-08-14 22:00:00,359.0,359.0,359.0,29991200,29991200,29991200
2019-08-15 22:00:00,360.75,360.75,360.75,29991200,29991200,29991200
2019-08-16 22:00:00,371.0,371.0,371.0,29991200,29991200,29991200
2019-08-19 22:00:00,365.0,365.0,365.0,29991200,29991200,29991200
2019-08-20 22:00:00,359.5,359.5,359.5,29991200,29991200,29991200
2019-08-21 22:00:00,362.5,362.5,362.5,29991200,29991200,29991200
2019-08-22 22:00:00,363.25,363.25,363.25,29991200,29991200,29991200
2019-08-23 22:00:00,359.75,359.75,359.75,29991200,29991200,29991200
2019-08-26 22:00:00,358.5,358.5,358.5,29991200,29991200,29991200
2019-08-27 22:00:00,357.0,357.0,357.0,29991200,29991200,29991200
2019-08-28 22:00:00,362.75,362.75,362.75,29991200,29991200,29991200
2019-08-29 22:00:00,359.75,359.75,359.75,29991200,29991200,29991200
2019-08-30 22:00:00,358.0,358.0,358.0,29991200,29991200,29991200
2019-09-03 22:00:00,349.75,349.75,349.75,29991200,29991200,29991200
2019-09-04 22:00:00,346.0,346.0,346.0,29991200,29991200,29991200
2019-09-05 22:00:00,346.5,346.5,346.5,29991200,29991200,29991200
2019-09-06 22:00:00,342.5,342.5,342.5,29991200,29991200,29991200
2019-09-09 22:00:00,340.75,340.75,340.75,29991200,29991200,29991200
2019-09-10 22:00:00,348.5,348.5,348.5,29991200,29991200,29991200
2019-09-11 22:00:00,348.25,348.25,348.25,29991200,29991200,29991200
2019-09-12 22:00:00,354.5,354.5,354.5,29991200,29991200,29991200
2019-09-13 22:00:00,355.5,355.5,355.5,29991200,29991200,29991200
2019-09-16 22:00:00,374.0,374.0,374.0,29991200,29991200,29991200
2019-09-17 22:00:00,368.0,368.0,368.0,29991200,29991200,29991200
2019-09-18 22:00:00,371.25,371.25,371.25,29991200,29991200,29991200
2019-09-19 22:00:00,372.75,372.75,372.75,29991200,29991200,29991200
2019-09-20 22:00:00,370.75,370.75,370.75,29991200,29991200,29991200
2019-09-23 22:00:00,373.25,373.25,373.25,29991200,29991200,29991200
2019-09-24 22:00:00,374.75,374.75,374.75,29991200,29991200,29991200
2019-09-25 22:00:00,374.25,374.25,374.25,29991200,29991200,29991200
2019-09-26 22:00:00,372.5,372.5,372.5,29991200,29991200,29991200
2019-09-27 22:00:00,371.5,371.5,371.5,29991200,29991200,29991200
2019-09-30 22:00:00,388.0,388.0,388.0,29991200,29991200,29991200
2019-10-01 22:00:00,392.5,392.5,392.5,29991200,29991200,29991200
2019-10-02 22:00:00,387.75,387.75,387.75,29991200,29991200,29991200
2019-10-03 22:00:00,388.75,388.75,388.75,29991200,29991200,29991200
2019-10-04 22:00:00,384.75,384.75,384.75,29991200,29991200,29991200
2019-10-07 22:00:00,387.0,387.0,387.0,29991200,29991200,29991200
2019-10-08 22:00:00,395.75,395.75,395.75,29991200,29991200,29991200
2019-10-09 22:00:00,394.25,394.25,394.25,29991200,29991200,29991200
2019-10-10 22:00:00,380.25,380.25,380.25,29991200,29991200,29991200
2019-10-11 22:00:00,397.75,397.75,397.75,29991200,29991200,29991200
2019-10-14 22:00:00,397.75,397.75,397.75,29991200,29991200,29991200
2019-10-15 22:00:00,393.25,393.25,393.25,29991200,29991200,29991200
2019-10-16 22:00:00,391.75,391.75,391.75,29991200,29991200,29991200
2019-10-17 22:00:00,394.75,394.75,394.75,29991200,29991200,29991200
2019-10-18 22:00:00,391.0,391.0,391.0,29991200,29991200,29991200
2019-10-21 22:00:00,387.25,387.25,387.25,29991200,29991200,29991200
2019-10-22 22:00:00,388.0,388.0,388.0,29991200,29991200,29991200
2019-10-23 22:00:00,387.75,387.75,387.75,29991200,29991200,29991200
2019-10-24 22:00:00,386.75,386.75,386.75,29991200,29991200,29991200
2019-10-25 22:00:00,386.75,386.75,386.75,29991200,29991200,29991200
2019-10-28 22:00:00,384.0,384.0,384.0,29991200,29991200,29991200
2019-10-29 22:00:00,386.25,386.25,386.25,29991200,29991200,29991200
2019-10-30 22:00:00,390.75,390.75,390.75,29991200,29991200,29991200
2019-10-31 22:00:00,390.0,390.0,390.0,29991200,29991200,29991200
2019-11-01 22:00:00,389.25,389.25,389.25,29991200,29991200,29991200
2019-11-04 22:00:00,383.25,383.25,383.25,29991200,29991200,29991200
2019-11-05 22:00:00,381.75,381.75,381.75,29991200,29991200,29991200
2019-11-06 22:00:00,378.75,378.75,378.75,29991200,29991200,29991200
2019-11-07 22:00:00,375.25,375.25,375.25,29991200,29991200,29991200
2019-11-08 22:00:00,377.25,377.25,377.25,29991200,29991200,29991200
2019-11-11 22:00:00,373.25,373.25,373.25,29991200,29991200,29991200
2019-11-12 22:00:00,377.75,377.75,377.75,29991200,29991200,29991200
2019-11-13 22:00:00,375.25,375.25,375.25,29991200,29991200,29991200
2019-11-14 22:00:00,375.75,375.75,375.75,29991200,29991200,29991200
2019-11-15 22:00:00,371.25,371.25,371.25,29991200,29991200,29991200
2019-11-18 22:00:00,367.75,367.75,367.75,29991200,29991200,29991200
2019-11-19 22:00:00,370.0,370.0,370.0,29991200,29991200,29991200
2019-11-20 22:00:00,366.75,366.75,366.75,29991200,29991200,29991200
2019-11-21 22:00:00,368.5,368.5,368.5,29991200,29991200,29991200
2019-11-22 22:00:00,368.75,368.75,368.75,29991200,29991200,29991200
2019-11-25 22:00:00,370.5,370.5,370.5,29991200,29991200,29991200
2019-11-26 22:00:00,367.5,367.5,367.5,29991200,29991200,29991200
2019-11-27 22:00:00,362.75,362.75,362.75,29991200,29991200,29991200
2019-11-29 22:00:00,371.25,371.25,371.25,29991200,29991200,29991200
2019-12-02 22:00:00,373.5,373.5,373.5,29991200,29991200,29991200
2019-12-03 22:00:00,372.0,372.0,372.0,29991200,29991200,29991200
2019-12-04 22:00:00,368.75,368.75,368.75,29991200,29991200,29991200
2019-12-05 22:00:00,365.5,365.5,365.5,29991200,29991200,29991200
2019-12-06 22:00:00,366.5,366.5,366.5,29991200,29991200,29991200
2019-12-09 22:00:00,365.75,365.75,365.75,29991200,29991200,29991200
2019-12-10 22:00:00,363.25,363.25,363.25,29991200,29991200,29991200
2019-12-11 22:00:00,357.75,357.75,357.75,29991200,29991200,29991200
2019-12-12 22:00:00,367.0,367.0,367.0,29991200,29991200,29991200
2019-12-13 22:00:00,366.25,366.25,366.25,29991200,29991200,29991200
2019-12-16 22:00:00,388.0,388.0,388.0,29991200,29991200,29991200
2019-12-17 22:00:00,390.0,390.0,390.0,29991200,29991200,29991200
2019-12-18 22:00:00,387.0,387.0,387.0,29991200,29991200,29991200
2019-12-19 22:00:00,386.5,386.5,386.5,29991200,29991200,29991200
2019-12-20 22:00:00,387.75,387.75,387.75,29991200,29991200,29991200
2019-12-23 22:00:00,388.75,388.75,388.75,29991200,29991200,29991200
2019-12-24 22:00:00,387.5,387.5,387.5,29991200,29991200,29991200
2019-12-26 22:00:00,388.5,388.5,388.5,29991200,29991200,29991200
2019-12-27 22:00:00,390.0,390.0,390.0,29991200,29991200,29991200
2019-12-30 22:00:00,388.25,388.25,388.25,29991200,29991200,29991200
2019-12-31 22:00:00,387.75,387.75,387.75,29991200,29991200,29991200
2020-01-02 22:00:00,391.5,391.5,391.5,29991200,29991200,29991200
2020-01-03 22:00:00,386.5,386.5,386.5,29991200,29991200,29991200
2020-01-06 22:00:00,384.75,384.75,384.75,29991200,29991200,29991200
2020-01-07 22:00:00,384.5,384.5,384.5,29991200,29991200,29991200
2020-01-08 22:00:00,384.25,384.25,384.25,29991200,29991200,29991200
2020-01-09 22:00:00,383.25,383.25,383.25,29991200,29991200,29991200
2020-01-10 22:00:00,385.75,385.75,385.75,29991200,29991200,29991200
2020-01-13 22:00:00,389.5,389.5,389.5,29991200,29991200,29991200
2020-01-14 22:00:00,389.0,389.0,389.0,29991200,29991200,29991200
2020-01-15 22:00:00,387.5,387.5,387.5,29991200,29991200,29991200
2020-01-16 22:00:00,375.5,375.5,375.5,29991200,29991200,29991200
2020-01-17 22:00:00,389.25,389.25,389.25,29991200,29991200,29991200
2020-01-21 22:00:00,387.5,387.5,387.5,29991200,29991200,29991200
2020-01-22 22:00:00,388.75,388.75,388.75,29991200,29991200,29991200
2020-01-23 22:00:00,393.75,393.75,393.75,29991200,29991200,29991200
2020-01-24 22:00:00,387.25,387.25,387.25,29991200,29991200,29991200
2020-01-27 22:00:00,380.5,380.5,380.5,29991200,29991200,29991200
2020-01-28 22:00:00,386.5,386.5,386.5,29991200,29991200,29991200
2020-01-29 22:00:00,384.25,384.25,384.25,29991200,29991200,29991200
2020-01-30 22:00:00,379.5,379.5,379.5,29991200,29991200,29991200
2020-01-31 22:00:00,381.25,381.25,381.25,29991200,29991200,29991200
2020-02-03 22:00:00,378.75,378.75,378.75,29991200,29991200,29991200
2020-02-04 22:00:00,382.25,382.25,382.25,29991200,29991200,29991200
2020-02-05 22:00:00,380.75,380.75,380.75,29991200,29991200,29991200
2020-02-06 22:00:00,379.25,379.25,379.25,29991200,29991200,29991200
2020-02-07 22:00:00,383.5,383.5,383.5,29991200,29991200,29991200
2020-02-10 22:00:00,381.75,381.75,381.75,29991200,29991200,29991200
2020-02-11 22:00:00,379.75,379.75,379.75,29991200,29991200,29991200
2020-02-12 22:00:00,383.0,383.0,383.0,29991200,29991200,29991200
2020-02-13 22:00:00,379.5,379.5,379.5,29991200,29991200,29991200
2020-02-14 22:00:00,377.75,377.75,377.75,29991200,29991200,29991200
2020-02-18 22:00:00,383.0,383.0,383.0,29991200,29991200,29991200
2020-02-19 22:00:00,380.5,380.5,380.5,29991200,29991200,29991200
2020-02-20 22:00:00,378.5,378.5,378.5,29991200,29991200,29991200
2020-02-21 22:00:00,377.0,377.0,377.0,29991200,29991200,29991200
2020-02-24 22:00:00,372.25,372.25,372.25,29991200,29991200,29991200
2020-02-25 22:00:00,372.5,372.5,372.5,29991200,29991200,29991200
2020-02-26 22:00:00,370.5,370.5,370.5,29991200,29991200,29991200
2020-02-27 22:00:00,364.5,364.5,364.5,29991200,29991200,29991200
2020-02-28 22:00:00,366.5,366.5,366.5,29991200,29991200,29991200
2020-03-02 22:00:00,374.75,374.75,374.75,29991200,29991200,29991200
2020-03-03 22:00:00,381.75,381.75,381.75,29991200,29991200,29991200
2020-03-04 22:00:00,387.0,387.0,387.0,29991200,29991200,29991200
2020-03-05 22:00:00,384.5,384.5,384.5,29991200,29991200,29991200
2020-03-06 22:00:00,377.25,377.25,377.25,29991200,29991200,29991200
2020-03-09 22:00:00,374.25,374.25,374.25,29991200,29991200,29991200
2020-03-10 22:00:00,380.0,380.0,380.0,29991200,29991200,29991200
2020-03-11 22:00:00,379.25,379.25,379.25,29991200,29991200,29991200
2020-03-12 22:00:00,369.75,369.75,369.75,29991200,29991200,29991200
2020-03-13 22:00:00,370.75,370.75,370.75,29991200,29991200,29991200
2020-03-16 22:00:00,354.75,354.75,354.75,29991200,29991200,29991200
2020-03-17 22:00:00,344.0,344.0,344.0,29991200,29991200,29991200
2020-03-18 22:00:00,335.25,335.25,335.25,29991200,29991200,29991200
2020-03-19 22:00:00,345.5,345.5,345.5,29991200,29991200,29991200
2020-03-20 22:00:00,343.75,343.75,343.75,29991200,29991200,29991200
2020-03-23 22:00:00,343.5,343.5,343.5,29991200,29991200,29991200
2020-03-24 22:00:00,347.25,347.25,347.25,29991200,29991200,29991200
2020-03-25 22:00:00,348.5,348.5,348.5,29991200,29991200,29991200
2020-03-26 22:00:00,348.75,348.75,348.75,29991200,29991200,29991200
2020-03-27 22:00:00,346.0,346.0,346.0,29991200,29991200,29991200
2020-03-30 22:00:00,341.25,341.25,341.25,29991200,29991200,29991200
2020-03-31 22:00:00,340.75,340.75,340.75,29991200,29991200,29991200
2020-04-01 22:00:00,334.75,334.75,334.75,29991200,29991200,29991200
2020-04-02 22:00:00,333.5,333.5,333.5,29991200,29991200,29991200
2020-04-03 22:00:00,330.75,330.75,330.75,29991200,29991200,29991200
2020-04-06 22:00:00,327.75,327.75,327.75,29991200,29991200,29991200
2020-04-07 22:00:00,331.5,331.5,331.5,29991200,29991200,29991200
2020-04-08 22:00:00,330.0,330.0,330.0,29991200,29991200,29991200
2020-04-09 22:00:00,331.75,331.75,331.75,29991200,29991200,29991200
2020-04-13 22:00:00,331.5,331.5,331.5,29991200,29991200,29991200
2020-04-14 22:00:00,326.0,326.0,326.0,29991200,29991200,29991200
2020-04-15 22:00:00,319.25,319.25,319.25,29991200,29991200,29991200
2020-04-16 22:00:00,319.75,319.75,319.75,29991200,29991200,29991200
2020-04-17 22:00:00,322.25,322.25,322.25,29991200,29991200,29991200
2020-04-20 22:00:00,314.25,314.25,314.25,29991200,29991200,29991200
2020-04-21 22:00:00,309.25,309.25,309.25,29991200,29991200,29991200
2020-04-22 22:00:00,317.5,317.5,317.5,29991200,29991200,29991200
2020-04-23 22:00:00,319.25,319.25,319.25,29991200,29991200,29991200
2020-04-24 22:00:00,315.75,315.75,315.75,29991200,29991200,29991200
2020-04-27 22:00:00,305.5,305.5,305.5,29991200,29991200,29991200
2020-04-28 22:00:00,302.75,302.75,302.75,29991200,29991200,29991200
2020-04-29 22:00:00,304.5,304.5,304.5,29991200,29991200,29991200
2020-04-30 22:00:00,311.5,311.5,311.5,29991200,29991200,29991200
2020-05-01 22:00:00,311.5,311.5,311.5,29991200,29991200,29991200
2020-05-04 22:00:00,310.75,310.75,310.75,29991200,29991200,29991200
2020-05-05 22:00:00,313.0,313.0,313.0,29991200,29991200,29991200
2020-05-06 22:00:00,311.75,311.75,311.75,29991200,29991200,29991200
2020-05-07 22:00:00,316.0,316.0,316.0,29991200,29991200,29991200
2020-05-08 22:00:00,319.0,319.0,319.0,29991200,29991200,29991200
2020-05-11 22:00:00,318.5,318.5,318.5,29991200,29991200,29991200
2020-05-12 22:00:00,323.75,323.75,323.75,29991200,29991200,29991200
2020-05-13 22:00:00,320.25,320.25,320.25,29991200,29991200,29991200
2020-05-14 22:00:00,320.25,320.25,320.25,29991200,29991200,29991200
2020-05-15 22:00:00,319.25,319.25,319.25,29991200,29991200,29991200
2020-05-18 22:00:00,320.75,320.75,320.75,29991200,29991200,29991200
2020-05-19 22:00:00,321.25,321.25,321.25,29991200,29991200,29991200
2020-05-20 22:00:00,319.5,319.5,319.5,29991200,29991200,29991200
2020-05-21 22:00:00,317.75,317.75,317.75,29991200,29991200,29991200
2020-05-22 22:00:00,318.0,318.0,318.0,29991200,29991200,29991200
2020-05-26 22:00:00,319.0,319.0,319.0,29991200,29991200,29991200
2020-05-27 22:00:00,320.5,320.5,320.5,29991200,29991200,29991200
2020-05-28 22:00:00,327.5,327.5,327.5,29991200,29991200,29991200
2020-05-29 22:00:00,325.75,325.75,325.75,29991200,29991200,29991200
2020-06-01 22:00:00,323.25,323.25,323.25,29991200,29991200,29991200
2020-06-02 22:00:00,324.25,324.25,324.25,29991200,29991200,29991200
2020-06-03 22:00:00,324.0,324.0,324.0,29991200,29991200,29991200
2020-06-04 22:00:00,329.0,329.0,329.0,29991200,29991200,29991200
2020-06-05 22:00:00,331.25,331.25,331.25,29991200,29991200,29991200
2020-06-08 22:00:00,333.75,333.75,333.75,29991200,29991200,29991200
2020-06-09 22:00:00,327.5,327.5,327.5,29991200,29991200,29991200
2020-06-10 22:00:00,326.25,326.25,326.25,29991200,29991200,29991200
2020-06-11 22:00:00,329.75,329.75,329.75,29991200,29991200,29991200
2020-06-12 22:00:00,330.0,330.0,330.0,29991200,29991200,29991200
2020-06-15 22:00:00,329.25,329.25,329.25,29991200,29991200,29991200
2020-06-16 22:00:00,329.0,329.0,329.0,29991200,29991200,29991200
2020-06-17 22:00:00,330.25,330.25,330.25,29991200,29991200,29991200
2020-06-18 22:00:00,331.0,331.0,331.0,29991200,29991200,29991200
2020-06-19 22:00:00,332.5,332.5,332.5,29991200,29991200,29991200
2020-06-22 22:00:00,328.25,328.25,328.25,29991200,29991200,29991200
2020-06-23 22:00:00,325.0,325.0,325.0,29991200,29991200,29991200
2020-06-24 22:00:00,324.25,324.25,324.25,29991200,29991200,29991200
2020-06-25 22:00:00,317.25,317.25,317.25,29991200,29991200,29991200
2020-06-26 22:00:00,317.0,317.0,317.0,29991200,29991200,29991200
2020-06-29 22:00:00,326.25,326.25,326.25,29991200,29991200,29991200
2020-06-30 22:00:00,338.5,338.5,338.5,29991200,29991200,29991200
2020-07-01 22:00:00,348.25,348.25,348.25,29991200,29991200,29991200
2020-07-02 22:00:00,342.5,342.5,342.5,29991200,29991200,29991200
2020-07-06 22:00:00,346.5,346.5,346.5,29991200,29991200,29991200
2020-07-07 22:00:00,345.0,345.0,345.0,29991200,29991200,29991200
2020-07-08 22:00:00,348.25,348.25,348.25,29991200,29991200,29991200
2020-07-09 22:00:00,351.25,351.25,351.25,29991200,29991200,29991200
2020-07-10 22:00:00,340.5,340.5,340.5,29991200,29991200,29991200
2020-07-13 22:00:00,334.0,334.0,334.0,29991200,29991200,29991200
2020-07-14 22:00:00,334.75,334.75,334.75,29991200,29991200,29991200
2020-07-15 22:00:00,326.25,326.25,326.25,29991200,29991200,29991200
2020-07-16 22:00:00,330.25,330.25,330.25,29991200,29991200,29991200
2020-07-17 22:00:00,333.0,333.0,333.0,29991200,29991200,29991200
2020-07-20 22:00:00,328.25,328.25,328.25,29991200,29991200,29991200
2020-07-21 22:00:00,322.75,322.75,322.75,29991200,29991200,29991200
2020-07-22 22:00:00,327.5,327.5,327.5,29991200,29991200,29991200
2020-07-23 22:00:00,328.0,328.0,328.0,29991200,29991200,29991200
2020-07-24 22:00:00,326.25,326.25,326.25,29991200,29991200,29991200
2020-07-27 22:00:00,325.0,325.0,325.0,29991200,29991200,29991200
2020-07-28 22:00:00,320.0,320.0,320.0,29991200,29991200,29991200
2020-07-29 22:00:00,315.5,315.5,315.5,29991200,29991200,29991200
2020-07-30 22:00:00,315.75,315.75,315.75,29991200,29991200,29991200
2020-07-31 22:00:00,316.0,316.0,316.0,29991200,29991200,29991200
2020-08-03 22:00:00,317.5,317.5,317.5,29991200,29991200,29991200
2020-08-04 22:00:00,308.25,308.25,308.25,29991200,29991200,29991200
2020-08-05 22:00:00,311.0,311.0,311.0,29991200,29991200,29991200
2020-08-06 22:00:00,311.25,311.25,311.25,29991200,29991200,29991200
2020-08-07 22:00:00,307.75,307.75,307.75,29991200,29991200,29991200
2020-08-10 22:00:00,310.5,310.5,310.5,29991200,29991200,29991200
2020-08-11 22:00:00,311.5,311.5,311.5,29991200,29991200,29991200
2020-08-12 22:00:00,314.5,314.5,314.5,29991200,29991200,29991200
2020-08-13 22:00:00,325.25,325.25,325.25,29991200,29991200,29991200
2020-08-14 22:00:00,324.5,324.5,324.5,29991200,29991200,29991200
2020-08-17 22:00:00,331.0,331.0,331.0,29991200,29991200,29991200
2020-08-18 22:00:00,327.0,327.0,327.0,29991200,29991200,29991200
2020-08-19 22:00:00,325.0,325.0,325.0,29991200,29991200,29991200
2020-08-20 22:00:00,324.5,324.5,324.5,29991200,29991200,29991200
2020-08-21 22:00:00,327.0,327.0,327.0,29991200,29991200,29991200
2020-08-24 22:00:00,331.75,331.75,331.75,29991200,29991200,29991200
2020-08-25 22:00:00,340.75,340.75,340.75,29991200,29991200,29991200
2020-08-26 22:00:00,340.5,340.5,340.5,29991200,29991200,29991200
2020-08-27 22:00:00,344.25,344.25,344.25,29991200,29991200,29991200
2020-08-28 22:00:00,346.0,346.0,346.0,29991200,29991200,29991200
2020-08-31 22:00:00,348.5,348.5,348.5,29991200,29991200,29991200
2020-09-01 22:00:00,349.5,349.5,349.5,29991200,29991200,29991200
2020-09-02 22:00:00,349.75,349.75,349.75,29991200,29991200,29991200
2020-09-03 22:00:00,344.5,344.5,344.5,29991200,29991200,29991200
2020-09-04 22:00:00,347.25,347.25,347.25,29991200,29991200,29991200
2020-09-08 22:00:00,351.0,351.0,351.0,29991200,29991200,29991200
2020-09-09 22:00:00,350.0,350.0,350.0,29991200,29991200,29991200
2020-09-10 22:00:00,357.25,357.25,357.25,29991200,29991200,29991200
2020-09-11 22:00:00,365.0,365.0,365.0,29991200,29991200,29991200
2020-09-14 22:00:00,357.5,357.5,357.5,29991200,29991200,29991200
2020-09-15 22:00:00,366.0,366.0,366.0,29991200,29991200,29991200
2020-09-16 22:00:00,371.75,371.75,371.75,29991200,29991200,29991200
2020-09-17 22:00:00,375.25,375.25,375.25,29991200,29991200,29991200
2020-09-18 22:00:00,378.5,378.5,378.5,29991200,29991200,29991200
2020-09-21 22:00:00,369.75,369.75,369.75,29991200,29991200,29991200
2020-09-22 22:00:00,369.25,369.25,369.25,29991200,29991200,29991200
2020-09-23 22:00:00,368.5,368.5,368.5,29991200,29991200,29991200
2020-09-24 22:00:00,363.5,363.5,363.5,29991200,29991200,29991200
2020-09-25 22:00:00,365.25,365.25,365.25,29991200,29991200,29991200
2020-09-28 22:00:00,366.75,366.75,366.75,29991200,29991200,29991200
2020-09-29 22:00:00,364.75,364.75,364.75,29991200,29991200,29991200
2020-09-30 22:00:00,379.0,379.0,379.0,29991200,29991200,29991200
2020-10-01 22:00:00,382.75,382.75,382.75,29991200,29991200,29991200
2020-10-02 22:00:00,379.75,379.75,379.75,29991200,29991200,29991200
2020-10-05 22:00:00,379.5,379.5,379.5,29991200,29991200,29991200
2020-10-06 22:00:00,385.0,385.0,385.0,29991200,29991200,29991200
2020-10-07 22:00:00,388.75,388.75,388.75,29991200,29991200,29991200
2020-10-08 22:00:00,387.0,387.0,387.0,29991200,29991200,29991200
2020-10-09 22:00:00,395.0,395.0,395.0,29991200,29991200,29991200
2020-10-12 22:00:00,389.0,389.0,389.0,29991200,29991200,29991200
2020-10-13 22:00:00,391.25,391.25,391.25,29991200,29991200,29991200
2020-10-14 22:00:00,396.5,396.5,396.5,29991200,29991200,29991200
2020-10-15 22:00:00,403.75,403.75,403.75,29991200,29991200,29991200
2020-10-16 22:00:00,402.0,402.0,402.0,29991200,29991200,29991200
2020-10-19 22:00:00,405.25,405.25,405.25,29991200,29991200,29991200
2020-10-20 22:00:00,408.75,408.75,408.75,29991200,29991200,29991200
2020-10-21 22:00:00,413.75,413.75,413.75,29991200,29991200,29991200
2020-10-22 22:00:00,416.25,416.25,416.25,29991200,29991200,29991200
2020-10-23 22:00:00,419.25,419.25,419.25,29991200,29991200,29991200
2020-10-26 22:00:00,417.75,417.75,417.75,29991200,29991200,29991200
2020-10-27 22:00:00,416.0,416.0,416.0,29991200,29991200,29991200
2020-10-28 22:00:00,401.5,401.5,401.5,29991200,29991200,29991200
2020-10-29 22:00:00,398.5,398.5,398.5,29991200,29991200,29991200
2020-10-30 22:00:00,398.5,398.5,398.5,29991200,29991200,29991200
2020-11-02 22:00:00,397.5,397.5,397.5,29991200,29991200,29991200
2020-11-03 22:00:00,401.0,401.0,401.0,29991200,29991200,29991200
2020-11-04 22:00:00,405.25,405.25,405.25,29991200,29991200,29991200
2020-11-05 22:00:00,409.25,409.25,409.25,29991200,29991200,29991200
2020-11-06 22:00:00,406.75,406.75,406.75,29991200,29991200,29991200
2020-11-09 22:00:00,407.5,407.5,407.5,29991200,29991200,29991200
2020-11-10 22:00:00,423.0,423.0,423.0,29991200,29991200,29991200
2020-11-11 22:00:00,417.25,417.25,417.25,29991200,29991200,29991200
2020-11-12 22:00:00,408.25,408.25,408.25,29991200,29991200,29991200
2020-11-13 22:00:00,410.5,410.5,410.5,29991200,29991200,29991200
2020-11-16 22:00:00,416.25,416.25,416.25,29991200,29991200,29991200
2020-11-17 22:00:00,420.25,420.25,420.25,29991200,29991200,29991200
2020-11-18 22:00:00,425.75,425.75,425.75,29991200,29991200,29991200
2020-11-19 22:00:00,422.5,422.5,422.5,29991200,29991200,29991200
2020-11-20 22:00:00,423.25,423.25,423.25,29991200,29991200,29991200
2020-11-23 22:00:00,426.5,426.5,426.5,29991200,29991200,29991200
2020-11-24 22:00:00,425.75,425.75,425.75,29991200,29991200,29991200
2020-11-25 22:00:00,420.0,420.0,420.0,29991200,29991200,29991200
2020-11-27 22:00:00,425.5,425.5,425.5,29991200,29991200,29991200
2020-11-30 22:00:00,419.75,419.75,419.75,29991200,29991200,29991200
2020-12-01 22:00:00,414.75,414.75,414.75,29991200,29991200,29991200
2020-12-02 22:00:00,419.0,419.0,419.0,29991200,29991200,29991200
2020-12-03 22:00:00,422.5,422.5,422.5,29991200,29991200,29991200
2020-12-04 22:00:00,417.0,417.0,417.0,29991200,29991200,29991200
2020-12-07 22:00:00,419.5,419.5,419.5,29991200,29991200,29991200
2020-12-08 22:00:00,417.0,417.0,417.0,29991200,29991200,29991200
2020-12-09 22:00:00,422.0,422.0,422.0,29991200,29991200,29991200
2020-12-10 22:00:00,420.25,420.25,420.25,29991200,29991200,29991200
2020-12-11 22:00:00,424.25,424.25,424.25,29991200,29991200,29991200
2020-12-14 22:00:00,419.25,419.25,419.25,29991200,29991200,29991200
2020-12-15 22:00:00,424.75,424.75,424.75,29991200,29991200,29991200
2020-12-16 22:00:00,427.25,427.25,427.25,29991200,29991200,29991200
2020-12-17 22:00:00,432.5,432.5,432.5,29991200,29991200,29991200
2020-12-18 22:00:00,437.5,437.5,437.5,29991200,29991200,29991200
2020-12-21 22:00:00,440.0,440.0,440.0,29991200,29991200,29991200
2020-12-22 22:00:00,443.5,443.5,443.5,29991200,29991200,29991200
2020-12-23 22:00:00,447.25,447.25,447.25,29991200,29991200,29991200
2020-12-24 22:00:00,451.0,451.0,451.0,29991200,29991200,29991200
2020-12-28 22:00:00,456.5,456.5,456.5,29991200,29991200,29991200
2020-12-29 22:00:00,466.0,466.0,466.0,29991200,29991200,29991200
2020-12-30 22:00:00,474.5,474.5,474.5,29991200,29991200,29991200
2020-12-31 22:00:00,484.0,484.0,484.0,29991200,29991200,29991200
2021-01-04 22:00:00,483.75,483.75,483.75,29991200,29991200,29991200
2021-01-05 22:00:00,491.75,491.75,491.75,29991200,29991200,29991200
2021-01-06 22:00:00,495.0,495.0,495.0,29991200,29991200,29991200
2021-01-07 22:00:00,494.0,494.0,494.0,29991200,29991200,29991200
2021-01-08 22:00:00,496.25,496.25,496.25,29991200,29991200,29991200
2021-01-11 22:00:00,492.25,492.25,492.25,29991200,29991200,29991200
2021-01-12 22:00:00,517.25,517.25,517.25,29991200,29991200,29991200
2021-01-13 22:00:00,524.5,524.5,524.5,29991200,29991200,29991200
2021-01-14 22:00:00,534.25,534.25,534.25,29991200,29991200,29991200
2021-01-15 22:00:00,531.5,531.5,531.5,29991200,29991200,29991200
2021-01-19 22:00:00,526.0,526.0,526.0,29991200,29991200,29991200
2021-01-20 22:00:00,522.0,522.0,522.0,29991200,29991200,29991200
2021-01-21 22:00:00,524.25,524.25,524.25,29991200,29991200,29991200
2021-01-22 22:00:00,500.5,500.5,500.5,29991200,29991200,29991200
2021-01-25 22:00:00,511.5,511.5,511.5,29991200,29991200,29991200
2021-01-26 22:00:00,532.25,532.25,532.25,29991200,29991200,29991200
2021-01-27 22:00:00,534.0,534.0,534.0,29991200,29991200,29991200
2021-01-28 22:00:00,534.5,534.5,534.5,29991200,29991200,29991200
2021-01-29 22:00:00,547.0,547.0,547.0,29991200,29991200,29991200
2021-02-01 22:00:00,549.25,549.25,549.25,29991200,29991200,29991200
2021-02-02 22:00:00,543.0,543.0,543.0,29991200,29991200,29991200
2021-02-03 22:00:00,552.0,552.0,552.0,29991200,29991200,29991200
2021-02-04 22:00:00,550.0,550.0,550.0,29991200,29991200,29991200
2021-02-05 22:00:00,548.5,548.5,548.5,29991200,29991200,29991200
2021-02-08 22:00:00,563.75,563.75,563.75,29991200,29991200,29991200
2021-02-09 22:00:00,556.25,556.25,556.25,29991200,29991200,29991200
2021-02-10 22:00:00,534.5,534.5,534.5,29991200,29991200,29991200
2021-02-11 22:00:00,541.0,541.0,541.0,29991200,29991200,29991200
2021-02-12 22:00:00,538.75,538.75,538.75,29991200,29991200,29991200
2021-02-16 22:00:00,552.25,552.25,552.25,29991200,29991200,29991200
2021-02-17 22:00:00,553.0,553.0,553.0,29991200,29991200,29991200
2021-02-18 22:00:00,550.25,550.25,550.25,29991200,29991200,29991200
2021-02-19 22:00:00,542.75,542.75,542.75,29991200,29991200,29991200
2021-02-22 22:00:00,551.0,551.0,551.0,29991200,29991200,29991200
2021-02-23 22:00:00,553.75,553.75,553.75,29991200,29991200,29991200
2021-02-24 22:00:00,559.25,559.25,559.25,29991200,29991200,29991200
2021-02-25 22:00:00,554.75,554.75,554.75,29991200,29991200,29991200
2021-02-26 22:00:00,555.5,555.5,555.5,29991200,29991200,29991200
2021-03-01 22:00:00,547.5,547.5,547.5,29991200,29991200,29991200
2021-03-02 22:00:00,560.75,560.75,560.75,29991200,29991200,29991200
2021-03-03 22:00:00,550.25,550.25,550.25,29991200,29991200,29991200
2021-03-04 22:00:00,546.25,546.25,546.25,29991200,29991200,29991200
2021-03-05 22:00:00,562.0,562.0,562.0,29991200,29991200,29991200
2021-03-08 22:00:00,565.0,565.0,565.0,29991200,29991200,29991200
2021-03-09 22:00:00,562.0,562.0,562.0,29991200,29991200,29991200
2021-03-10 22:00:00,547.75,547.75,547.75,29991200,29991200,29991200
2021-03-11 22:00:00,555.0,555.0,555.0,29991200,29991200,29991200
2021-03-12 22:00:00,549.25,549.25,549.25,29991200,29991200,29991200
2021-03-15 22:00:00,549.5,549.5,549.5,29991200,29991200,29991200
2021-03-16 22:00:00,554.25,554.25,554.25,29991200,29991200,29991200
2021-03-17 22:00:00,558.0,558.0,558.0,29991200,29991200,29991200
2021-03-18 22:00:00,546.5,546.5,546.5,29991200,29991200,29991200
2021-03-19 22:00:00,557.75,557.75,557.75,29991200,29991200,29991200
2021-03-22 22:00:00,549.0,549.0,549.0,29991200,29991200,29991200
2021-03-23 22:00:00,551.25,551.25,551.25,29991200,29991200,29991200
2021-03-24 22:00:00,553.25,553.25,553.25,29991200,29991200,29991200
2021-03-25 22:00:00,546.5,546.5,546.5,29991200,29991200,29991200
2021-03-26 22:00:00,552.5,552.5,552.5,29991200,29991200,29991200
2021-03-29 22:00:00,546.75,546.75,546.75,29991200,29991200,29991200
2021-03-30 22:00:00,539.25,539.25,539.25,29991200,29991200,29991200
2021-03-31 22:00:00,564.25,564.25,564.25,29991200,29991200,29991200
2021-04-01 22:00:00,559.75,559.75,559.75,29991200,29991200,29991200
2021-04-05 22:00:00,553.25,553.25,553.25,29991200,29991200,29991200
2021-04-06 22:00:00,554.25,554.25,554.25,29991200,29991200,29991200
2021-04-07 22:00:00,560.5,560.5,560.5,29991200,29991200,29991200
2021-04-08 22:00:00,579.75,579.75,579.75,29991200,29991200,29991200
2021-04-09 22:00:00,577.25,577.25,577.25,29991200,29991200,29991200
2021-04-12 22:00:00,569.0,569.0,569.0,29991200,29991200,29991200
2021-04-13 22:00:00,580.0,580.0,580.0,29991200,29991200,29991200
2021-04-14 22:00:00,594.0,594.0,594.0,29991200,29991200,29991200
2021-04-15 22:00:00,590.0,590.0,590.0,29991200,29991200,29991200
2021-04-16 22:00:00,585.5,585.5,585.5,29991200,29991200,29991200
2021-04-19 22:00:00,592.0,592.0,592.0,29991200,29991200,29991200
2021-04-20 22:00:00,606.5,606.5,606.5,29991200,29991200,29991200
2021-04-21 22:00:00,625.5,625.5,625.5,29991200,29991200,29991200
2021-04-22 22:00:00,650.5,650.5,650.5,29991200,29991200,29991200
2021-04-23 22:00:00,655.5,655.5,655.5,29991200,29991200,29991200
2021-04-26 22:00:00,680.5,680.5,680.5,29991200,29991200,29991200
2021-04-27 22:00:00,695.5,695.5,695.5,29991200,29991200,29991200
2021-04-28 22:00:00,686.25,686.25,686.25,29991200,29991200,29991200
2021-04-29 22:00:00,702.0,702.0,702.0,29991200,29991200,29991200
2021-04-30 22:00:00,740.0,740.0,740.0,29991200,29991200,29991200
2021-05-03 22:00:00,732.25,732.25,732.25,29991200,29991200,29991200
2021-05-04 22:00:00,744.75,744.75,744.75,29991200,29991200,29991200
2021-05-05 22:00:00,753.25,753.25,753.25,29991200,29991200,29991200
2021-05-06 22:00:00,759.5,759.5,759.5,29991200,29991200,29991200
2021-05-07 22:00:00,772.75,772.75,772.75,29991200,29991200,29991200
2021-05-10 22:00:00,748.0,748.0,748.0,29991200,29991200,29991200
2021-05-11 22:00:00,759.5,759.5,759.5,29991200,29991200,29991200
2021-05-12 22:00:00,757.5,757.5,757.5,29991200,29991200,29991200
2021-05-13 22:00:00,719.0,719.0,719.0,29991200,29991200,29991200
2021-05-14 22:00:00,685.0,685.0,685.0,29991200,29991200,29991200
2021-05-17 22:00:00,652.5,652.5,652.5,29991200,29991200,29991200
2021-05-18 22:00:00,658.25,658.25,658.25,29991200,29991200,29991200
2021-05-19 22:00:00,658.25,658.25,658.25,29991200,29991200,29991200
2021-05-20 22:00:00,664.5,664.5,664.5,29991200,29991200,29991200
2021-05-21 22:00:00,659.5,659.5,659.5,29991200,29991200,29991200
2021-05-24 22:00:00,657.25,657.25,657.25,29991200,29991200,29991200
2021-05-25 22:00:00,620.25,620.25,620.25,29991200,29991200,29991200
2021-05-26 22:00:00,624.5,624.5,624.5,29991200,29991200,29991200
2021-05-27 22:00:00,664.5,664.5,664.5,29991200,29991200,29991200
2021-05-28 22:00:00,656.75,656.75,656.75,29991200,29991200,29991200
2021-06-01 22:00:00,688.75,688.75,688.75,29991200,29991200,29991200
2021-06-02 22:00:00,675.0,675.0,675.0,29991200,29991200,29991200
2021-06-03 22:00:00,662.0,662.0,662.0,29991200,29991200,29991200
2021-06-04 22:00:00,682.75,682.75,682.75,29991200,29991200,29991200
2021-06-07 22:00:00,679.25,679.25,679.25,29991200,29991200,29991200
2021-06-08 22:00:00,680.0,680.0,680.0,29991200,29991200,29991200
2021-06-09 22:00:00,690.75,690.75,690.75,29991200,29991200,29991200
2021-06-10 22:00:00,699.0,699.0,699.0,29991200,29991200,29991200
2021-06-11 22:00:00,684.5,684.5,684.5,29991200,29991200,29991200
2021-06-14 22:00:00,659.25,659.25,659.25,29991200,29991200,29991200
2021-06-15 22:00:00,667.5,667.5,667.5,29991200,29991200,29991200
2021-06-16 22:00:00,673.0,673.0,673.0,29991200,29991200,29991200
2021-06-17 22:00:00,633.0,633.0,633.0,29991200,29991200,29991200
2021-06-18 22:00:00,655.25,655.25,655.25,29991200,29991200,29991200
2021-06-21 22:00:00,659.25,659.25,659.25,29991200,29991200,29991200
2021-06-22 22:00:00,659.75,659.75,659.75,29991200,29991200,29991200
2021-06-23 22:00:00,664.25,664.25,664.25,29991200,29991200,29991200
2021-06-24 22:00:00,653.25,653.25,653.25,29991200,29991200,29991200
2021-06-25 22:00:00,636.5,636.5,636.5,29991200,29991200,29991200
2021-06-28 22:00:00,675.5,675.5,675.5,29991200,29991200,29991200
2021-06-29 22:00:00,694.5,694.5,694.5,29991200,29991200,29991200
2021-06-30 22:00:00,720.0,720.0,720.0,29991200,29991200,29991200
2021-07-01 22:00:00,719.75,719.75,719.75,29991200,29991200,29991200
2021-07-02 22:00:00,697.25,697.25,697.25,29991200,29991200,29991200
2021-07-06 22:00:00,656.0,656.0,656.0,29991200,29991200,29991200
2021-07-07 22:00:00,652.5,652.5,652.5,29991200,29991200,29991200
2021-07-08 22:00:00,638.0,638.0,638.0,29991200,29991200,29991200
2021-07-09 22:00:00,629.75,629.75,629.75,29991200,29991200,29991200
2021-07-12 22:00:00,669.25,669.25,669.25,29991200,29991200,29991200
2021-07-13 22:00:00,677.0,677.0,677.0,29991200,29991200,29991200
2021-07-14 22:00:00,683.0,683.0,683.0,29991200,29991200,29991200
2021-07-15 22:00:00,564.25,564.25,564.25,29991200,29991200,29991200
2021-07-16 22:00:00,556.0,556.0,556.0,29991200,29991200,29991200
2021-07-19 22:00:00,556.0,556.0,556.0,29991200,29991200,29991200
2021-07-20 22:00:00,571.75,571.75,571.75,29991200,29991200,29991200
2021-07-21 22:00:00,571.75,571.75,571.75,29991200,29991200,29991200
2021-07-22 22:00:00,564.5,564.5,564.5,29991200,29991200,29991200
2021-07-23 22:00:00,547.25,547.25,547.25,29991200,29991200,29991200
2021-07-26 22:00:00,549.75,549.75,549.75,29991200,29991200,29991200
2021-07-27 22:00:00,548.75,548.75,548.75,29991200,29991200,29991200
2021-07-28 22:00:00,549.25,549.25,549.25,29991200,29991200,29991200
2021-07-29 22:00:00,558.0,558.0,558.0,29991200,29991200,29991200
2021-07-30 22:00:00,547.0,547.0,547.0,29991200,29991200,29991200
2021-08-02 22:00:00,558.75,558.75,558.75,29991200,29991200,29991200
2021-08-03 22:00:00,550.5,550.5,550.5,29991200,29991200,29991200
2021-08-04 22:00:00,545.75,545.75,545.75,29991200,29991200,29991200
2021-08-05 22:00:00,555.75,555.75,555.75,29991200,29991200,29991200
2021-08-06 22:00:00,555.0,555.0,555.0,29991200,29991200,29991200
2021-08-09 22:00:00,550.25,550.25,550.25,29991200,29991200,29991200
2021-08-10 22:00:00,549.25,549.25,549.25,29991200,29991200,29991200
2021-08-11 22:00:00,556.25,556.25,556.25,29991200,29991200,29991200
2021-08-12 22:00:00,567.0,567.0,567.0,29991200,29991200,29991200
2021-08-13 22:00:00,568.25,568.25,568.25,29991200,29991200,29991200
2021-08-16 22:00:00,564.75,564.75,564.75,29991200,29991200,29991200
2021-08-17 22:00:00,558.25,558.25,558.25,29991200,29991200,29991200
2021-08-18 22:00:00,561.75,561.75,561.75,29991200,29991200,29991200
2021-08-19 22:00:00,550.0,550.0,550.0,29991200,29991200,29991200
2021-08-20 22:00:00,538.75,538.75,538.75,29991200,29991200,29991200
2021-08-23 22:00:00,538.0,538.0,538.0,29991200,29991200,29991200
2021-08-24 22:00:00,544.5,544.5,544.5,29991200,29991200,29991200
2021-08-25 22:00:00,551.25,551.25,551.25,29991200,29991200,29991200
2021-08-26 22:00:00,552.75,552.75,552.75,29991200,29991200,29991200
2021-08-27 22:00:00,558.0,558.0,558.0,29991200,29991200,29991200
2021-08-30 22:00:00,540.25,540.25,540.25,29991200,29991200,29991200
2021-08-31 22:00:00,534.0,534.0,534.0,29991200,29991200,29991200
2021-09-01 22:00:00,515.5,515.5,515.5,29991200,29991200,29991200
2021-09-02 22:00:00,516.25,516.25,516.25,29991200,29991200,29991200
2021-09-03 22:00:00,508.0,508.0,508.0,29991200,29991200,29991200
2021-09-07 22:00:00,495.75,495.75,495.75,29991200,29991200,29991200
2021-09-08 22:00:00,498.25,498.25,498.25,29991200,29991200,29991200
2021-09-09 22:00:00,496.0,496.0,496.0,29991200,29991200,29991200
2021-09-10 22:00:00,502.75,502.75,502.75,29991200,29991200,29991200
2021-09-13 22:00:00,496.75,496.75,496.75,29991200,29991200,29991200
2021-09-14 22:00:00,503.0,503.0,503.0,29991200,29991200,29991200
2021-09-15 22:00:00,533.5,533.5,533.5,29991200,29991200,29991200
2021-09-16 22:00:00,529.5,529.5,529.5,29991200,29991200,29991200
2021-09-17 22:00:00,527.25,527.25,527.25,29991200,29991200,29991200
2021-09-20 22:00:00,521.75,521.75,521.75,29991200,29991200,29991200
2021-09-21 22:00:00,517.0,517.0,517.0,29991200,29991200,29991200
2021-09-22 22:00:00,525.5,525.5,525.5,29991200,29991200,29991200
2021-09-23 22:00:00,529.25,529.25,529.25,29991200,29991200,29991200
2021-09-24 22:00:00,526.75,526.75,526.75,29991200,29991200,29991200
2021-09-27 22:00:00,539.5,539.5,539.5,29991200,29991200,29991200
2021-09-28 22:00:00,532.5,532.5,532.5,29991200,29991200,29991200
2021-09-29 22:00:00,539.0,539.0,539.0,29991200,29991200,29991200
2021-09-30 22:00:00,536.75,536.75,536.75,29991200,29991200,29991200
2021-10-01 22:00:00,541.5,541.5,541.5,29991200,29991200,29991200
2021-10-04 22:00:00,540.75,540.75,540.75,29991200,29991200,29991200
2021-10-05 22:00:00,537.5,537.5,537.5,29991200,29991200,29991200
2021-10-06 22:00:00,532.25,532.25,532.25,29991200,29991200,29991200
2021-10-07 22:00:00,534.0,534.0,534.0,29991200,29991200,29991200
2021-10-08 22:00:00,530.5,530.5,530.5,29991200,29991200,29991200
2021-10-11 22:00:00,533.0,533.0,533.0,29991200,29991200,29991200
2021-10-12 22:00:00,522.5,522.5,522.5,29991200,29991200,29991200
2021-10-13 22:00:00,512.25,512.25,512.25,29991200,29991200,29991200
2021-10-14 22:00:00,516.75,516.75,516.75,29991200,29991200,29991200
2021-10-15 22:00:00,525.75,525.75,525.75,29991200,29991200,29991200
2021-10-18 22:00:00,532.75,532.75,532.75,29991200,29991200,29991200
2021-10-19 22:00:00,530.25,530.25,530.25,29991200,29991200,29991200
2021-10-20 22:00:00,539.25,539.25,539.25,29991200,29991200,29991200
2021-10-21 22:00:00,532.25,532.25,532.25,29991200,29991200,29991200
2021-10-22 22:00:00,538.0,538.0,538.0,29991200,29991200,29991200
2021-10-25 22:00:00,538.0,538.0,538.0,29991200,29991200,29991200
2021-10-26 22:00:00,543.5,543.5,543.5,29991200,29991200,29991200
2021-10-27 22:00:00,557.25,557.25,557.25,29991200,29991200,29991200
2021-10-28 22:00:00,562.75,562.75,562.75,29991200,29991200,29991200
2021-10-29 22:00:00,568.25,568.25,568.25,29991200,29991200,29991200
2021-11-01 22:00:00,579.0,579.0,579.0,29991200,29991200,29991200
2021-11-02 22:00:00,573.0,573.0,573.0,29991200,29991200,29991200
2021-11-03 22:00:00,564.0,564.0,564.0,29991200,29991200,29991200
2021-11-04 22:00:00,559.25,559.25,559.25,29991200,29991200,29991200
2021-11-05 22:00:00,553.0,553.0,553.0,29991200,29991200,29991200
2021-11-08 22:00:00,551.5,551.5,551.5,29991200,29991200,29991200
2021-11-09 22:00:00,554.75,554.75,554.75,29991200,29991200,29991200
2021-11-10 22:00:00,569.25,569.25,569.25,29991200,29991200,29991200
2021-11-11 22:00:00,569.5,569.5,569.5,29991200,29991200,29991200
2021-11-12 22:00:00,577.25,577.25,577.25,29991200,29991200,29991200
2021-11-15 22:00:00,576.5,576.5,576.5,29991200,29991200,29991200
2021-11-16 22:00:00,571.0,571.0,571.0,29991200,29991200,29991200
2021-11-17 22:00:00,575.25,575.25,575.25,29991200,29991200,29991200
2021-11-18 22:00:00,573.0,573.0,573.0,29991200,29991200,29991200
2021-11-19 22:00:00,570.75,570.75,570.75,29991200,29991200,29991200
2021-11-22 22:00:00,576.75,576.75,576.75,29991200,29991200,29991200
2021-11-23 22:00:00,580.5,580.5,580.5,29991200,29991200,29991200
2021-11-24 22:00:00,579.75,579.75,579.75,29991200,29991200,29991200
2021-11-26 22:00:00,586.75,586.75,586.75,29991200,29991200,29991200
2021-11-29 22:00:00,581.0,581.0,581.0,29991200,29991200,29991200
2021-11-30 22:00:00,567.0,567.0,567.0,29991200,29991200,29991200
2021-12-01 22:00:00,572.0,572.0,572.0,29991200,29991200,29991200
2021-12-02 22:00:00,577.0,577.0,577.0,29991200,29991200,29991200
2021-12-03 22:00:00,586.0,586.0,586.0,29991200,29991200,29991200
2021-12-06 22:00:00,583.5,583.5,583.5,29991200,29991200,29991200
2021-12-07 22:00:00,586.25,586.25,586.25,29991200,29991200,29991200
2021-12-08 22:00:00,584.75,584.75,584.75,29991200,29991200,29991200
2021-12-09 22:00:00,588.5,588.5,588.5,29991200,29991200,29991200
2021-12-10 22:00:00,588.5,588.5,588.5,29991200,29991200,29991200
2021-12-13 22:00:00,584.25,584.25,584.25,29991200,29991200,29991200
2021-12-14 22:00:00,588.75,588.75,588.75,29991200,29991200,29991200
2021-12-15 22:00:00,585.75,585.75,585.75,29991200,29991200,29991200
2021-12-16 22:00:00,591.25,591.25,591.25,29991200,29991200,29991200
2021-12-17 22:00:00,593.25,593.25,593.25,29991200,29991200,29991200
2021-12-20 22:00:00,591.0,591.0,591.0,29991200,29991200,29991200
2021-12-21 22:00:00,598.25,598.25,598.25,29991200,29991200,29991200
2021-12-22 22:00:00,602.5,602.5,602.5,29991200,29991200,29991200
2021-12-23 22:00:00,605.75,605.75,605.75,29991200,29991200,29991200
2021-12-27 22:00:00,614.75,614.75,614.75,29991200,29991200,29991200
2021-12-28 22:00:00,604.75,604.75,604.75,29991200,29991200,29991200
2021-12-29 22:00:00,605.5,605.5,605.5,29991200,29991200,29991200
2021-12-30 22:00:00,596.0,596.0,596.0,29991200,29991200,29991200
2021-12-31 22:00:00,593.25,593.25,593.25,29991200,29991200,29991200
2022-01-03 22:00:00,589.25,589.25,589.25,29991200,29991200,29991200
2022-01-04 22:00:00,609.5,609.5,609.5,29991200,29991200,29991200
2022-01-05 22:00:00,602.25,602.25,602.25,29991200,29991200,29991200
2022-01-06 22:00:00,603.75,603.75,603.75,29991200,29991200,29991200
2022-01-07 22:00:00,606.75,606.75,606.75,29991200,29991200,29991200
2022-01-10 22:00:00,599.75,599.75,599.75,29991200,29991200,29991200
2022-01-11 22:00:00,601.0,601.0,601.0,29991200,29991200,29991200
2022-01-12 22:00:00,599.0,599.0,599.0,29991200,29991200,29991200
2022-01-13 22:00:00,587.5,587.5,587.5,29991200,29991200,29991200
2022-01-14 22:00:00,596.25,596.25,596.25,29991200,29991200,29991200
2022-01-18 22:00:00,599.5,599.5,599.5,29991200,29991200,29991200
2022-01-19 22:00:00,610.5,610.5,610.5,29991200,29991200,29991200
2022-01-20 22:00:00,611.0,611.0,611.0,29991200,29991200,29991200
2022-01-21 22:00:00,616.25,616.25,616.25,29991200,29991200,29991200
2022-01-24 22:00:00,621.0,621.0,621.0,29991200,29991200,29991200
2022-01-25 22:00:00,620.0,620.0,620.0,29991200,29991200,29991200
2022-01-26 22:00:00,627.0,627.0,627.0,29991200,29991200,29991200
2022-01-27 22:00:00,625.25,625.25,625.25,29991200,29991200,29991200
2022-01-28 22:00:00,636.0,636.0,636.0,29991200,29991200,29991200
2022-01-31 22:00:00,626.0,626.0,626.0,29991200,29991200,29991200
2022-02-01 22:00:00,634.75,634.75,634.75,29991200,29991200,29991200
2022-02-02 22:00:00,622.5,622.5,622.5,29991200,29991200,29991200
2022-02-03 22:00:00,616.75,616.75,616.75,29991200,29991200,29991200
2022-02-04 22:00:00,620.5,620.5,620.5,29991200,29991200,29991200
2022-02-07 22:00:00,635.25,635.25,635.25,29991200,29991200,29991200
2022-02-08 22:00:00,632.25,632.25,632.25,29991200,29991200,29991200
2022-02-09 22:00:00,646.75,646.75,646.75,29991200,29991200,29991200
2022-02-10 22:00:00,641.75,641.75,641.75,29991200,29991200,29991200
2022-02-11 22:00:00,651.0,651.0,651.0,29991200,29991200,29991200
2022-02-14 22:00:00,655.75,655.75,655.75,29991200,29991200,29991200
2022-02-15 22:00:00,638.0,638.0,638.0,29991200,29991200,29991200
2022-02-16 22:00:00,647.0,647.0,647.0,29991200,29991200,29991200
2022-02-17 22:00:00,650.0,650.0,650.0,29991200,29991200,29991200
2022-02-18 22:00:00,654.25,654.25,654.25,29991200,29991200,29991200
2022-02-22 22:00:00,674.75,674.75,674.75,29991200,29991200,29991200
2022-02-23 22:00:00,683.75,683.75,683.75,29991200,29991200,29991200
2022-02-24 22:00:00,695.0,695.0,695.0,29991200,29991200,29991200
2022-02-25 22:00:00,659.5,659.5,659.5,29991200,29991200,29991200
2022-02-28 22:00:00,697.5,697.5,697.5,29991200,29991200,29991200
2022-03-01 22:00:00,739.75,739.75,739.75,29991200,29991200,29991200
2022-03-02 22:00:00,739.0,739.0,739.0,29991200,29991200,29991200
2022-03-03 22:00:00,751.25,751.25,751.25,29991200,29991200,29991200
2022-03-04 22:00:00,756.5,756.5,756.5,29991200,29991200,29991200
2022-03-07 22:00:00,749.25,749.25,749.25,29991200,29991200,29991200
2022-03-08 22:00:00,754.5,754.5,754.5,29991200,29991200,29991200
2022-03-09 22:00:00,735.0,735.0,735.0,29991200,29991200,29991200
2022-03-10 22:00:00,757.75,757.75,757.75,29991200,29991200,29991200
2022-03-11 22:00:00,764.5,764.5,764.5,29991200,29991200,29991200
2022-03-14 22:00:00,728.25,728.25,728.25,29991200,29991200,29991200
2022-03-15 22:00:00,758.0,758.0,758.0,29991200,29991200,29991200
2022-03-16 22:00:00,730.0,730.0,730.0,29991200,29991200,29991200
2022-03-17 22:00:00,754.5,754.5,754.5,29991200,29991200,29991200
2022-03-18 22:00:00,741.75,741.75,741.75,29991200,29991200,29991200
2022-03-21 22:00:00,756.25,756.25,756.25,29991200,29991200,29991200
2022-03-22 22:00:00,753.0,753.0,753.0,29991200,29991200,29991200
2022-03-23 22:00:00,757.75,757.75,757.75,29991200,29991200,29991200
2022-03-24 22:00:00,748.25,748.25,748.25,29991200,29991200,29991200
2022-03-25 22:00:00,754.0,754.0,754.0,29991200,29991200,29991200
2022-03-28 22:00:00,748.5,748.5,748.5,29991200,29991200,29991200
2022-03-29 22:00:00,726.25,726.25,726.25,29991200,29991200,29991200
2022-03-30 22:00:00,738.0,738.0,738.0,29991200,29991200,29991200
2022-03-31 22:00:00,748.75,748.75,748.75,29991200,29991200,29991200
2022-04-01 22:00:00,735.0,735.0,735.0,29991200,29991200,29991200
2022-04-04 22:00:00,750.5,750.5,750.5,29991200,29991200,29991200
2022-04-05 22:00:00,759.75,759.75,759.75,29991200,29991200,29991200
2022-04-06 22:00:00,756.5,756.5,756.5,29991200,29991200,29991200
2022-04-07 22:00:00,757.75,757.75,757.75,29991200,29991200,29991200
2022-04-08 22:00:00,768.75,768.75,768.75,29991200,29991200,29991200
2022-04-11 22:00:00,764.5,764.5,764.5,29991200,29991200,29991200
2022-04-12 22:00:00,776.25,776.25,776.25,29991200,29991200,29991200
2022-04-13 22:00:00,783.5,783.5,783.5,29991200,29991200,29991200
2022-04-14 22:00:00,790.25,790.25,790.25,29991200,29991200,29991200
2022-04-18 22:00:00,813.25,813.25,813.25,29991200,29991200,29991200
2022-04-19 22:00:00,804.0,804.0,804.0,29991200,29991200,29991200
2022-04-20 22:00:00,815.75,815.75,815.75,29991200,29991200,29991200
2022-04-21 22:00:00,799.25,799.25,799.25,29991200,29991200,29991200
2022-04-22 22:00:00,793.0,793.0,793.0,29991200,29991200,29991200
2022-04-25 22:00:00,800.25,800.25,800.25,29991200,29991200,29991200
2022-04-26 22:00:00,803.25,803.25,803.25,29991200,29991200,29991200
2022-04-27 22:00:00,815.5,815.5,815.5,29991200,29991200,29991200
2022-04-28 22:00:00,816.0,816.0,816.0,29991200,29991200,29991200
2022-04-29 22:00:00,818.25,818.25,818.25,29991200,29991200,29991200
2022-05-02 22:00:00,813.0,813.0,813.0,29991200,29991200,29991200
2022-05-03 22:00:00,800.75,800.75,800.75,29991200,29991200,29991200
2022-05-04 22:00:00,798.5,798.5,798.5,29991200,29991200,29991200
2022-05-05 22:00:00,803.75,803.75,803.75,29991200,29991200,29991200
2022-05-06 22:00:00,792.25,792.25,792.25,29991200,29991200,29991200
2022-05-09 22:00:00,784.5,784.5,784.5,29991200,29991200,29991200
2022-05-10 22:00:00,786.5,786.5,786.5,29991200,29991200,29991200
2022-05-11 22:00:00,802.25,802.25,802.25,29991200,29991200,29991200
2022-05-12 22:00:00,813.5,813.5,813.5,29991200,29991200,29991200
2022-05-13 22:00:00,794.5,794.5,794.5,29991200,29991200,29991200
2022-05-16 22:00:00,809.5,809.5,809.5,29991200,29991200,29991200
2022-05-17 22:00:00,800.75,800.75,800.75,29991200,29991200,29991200
2022-05-18 22:00:00,781.5,781.5,781.5,29991200,29991200,29991200
2022-05-19 22:00:00,783.25,783.25,783.25,29991200,29991200,29991200
2022-05-20 22:00:00,778.75,778.75,778.75,29991200,29991200,29991200
2022-05-23 22:00:00,786.25,786.25,786.25,29991200,29991200,29991200
2022-05-24 22:00:00,771.75,771.75,771.75,29991200,29991200,29991200
2022-05-25 22:00:00,772.25,772.25,772.25,29991200,29991200,29991200
2022-05-26 22:00:00,765.0,765.0,765.0,29991200,29991200,29991200
2022-05-27 22:00:00,777.25,777.25,777.25,29991200,29991200,29991200
2022-05-31 22:00:00,753.5,753.5,753.5,29991200,29991200,29991200
2022-06-01 22:00:00,731.25,731.25,731.25,29991200,29991200,29991200
2022-06-02 22:00:00,730.25,730.25,730.25,29991200,29991200,29991200
2022-06-03 22:00:00,727.0,727.0,727.0,29991200,29991200,29991200
2022-06-06 22:00:00,742.5,742.5,742.5,29991200,29991200,29991200
2022-06-07 22:00:00,757.0,757.0,757.0,29991200,29991200,29991200
2022-06-08 22:00:00,764.5,764.5,764.5,29991200,29991200,29991200
2022-06-09 22:00:00,773.0,773.0,773.0,29991200,29991200,29991200
2022-06-10 22:00:00,773.25,773.25,773.25,29991200,29991200,29991200
2022-06-13 22:00:00,769.25,769.25,769.25,29991200,29991200,29991200
2022-06-14 22:00:00,768.25,768.25,768.25,29991200,29991200,29991200
2022-06-15 22:00:00,774.0,774.0,774.0,29991200,29991200,29991200
2022-06-16 22:00:00,788.25,788.25,788.25,29991200,29991200,29991200
2022-06-17 22:00:00,784.5,784.5,784.5,29991200,29991200,29991200
2022-06-21 22:00:00,760.75,760.75,760.75,29991200,29991200,29991200
2022-06-22 22:00:00,768.0,768.0,768.0,29991200,29991200,29991200
2022-06-23 22:00:00,746.75,746.75,746.75,29991200,29991200,29991200
2022-06-24 22:00:00,750.25,750.25,750.25,29991200,29991200,29991200
2022-06-27 22:00:00,744.25,744.25,744.25,29991200,29991200,29991200
2022-06-28 22:00:00,759.5,759.5,759.5,29991200,29991200,29991200
2022-06-29 22:00:00,770.25,770.25,770.25,29991200,29991200,29991200
2022-06-30 22:00:00,743.75,743.75,743.75,29991200,29991200,29991200
2022-07-01 22:00:00,754.5,754.5,754.5,29991200,29991200,29991200
2022-07-05 22:00:00,736.0,736.0,736.0,29991200,29991200,29991200
2022-07-06 22:00:00,744.25,744.25,744.25,29991200,29991200,29991200
2022-07-07 22:00:00,747.0,747.0,747.0,29991200,29991200,29991200
2022-07-08 22:00:00,778.25,778.25,778.25,29991200,29991200,29991200
2022-07-11 22:00:00,781.25,781.25,781.25,29991200,29991200,29991200
2022-07-12 22:00:00,732.75,732.75,732.75,29991200,29991200,29991200
2022-07-13 22:00:00,740.0,740.0,740.0,29991200,29991200,29991200
2022-07-14 22:00:00,695.0,695.0,695.0,29991200,29991200,29991200
2022-07-15 22:00:00,604.25,604.25,604.25,29991200,29991200,29991200
2022-07-18 22:00:00,612.25,612.25,612.25,29991200,29991200,29991200
2022-07-19 22:00:00,596.75,596.75,596.75,29991200,29991200,29991200
2022-07-20 22:00:00,592.25,592.25,592.25,29991200,29991200,29991200
2022-07-21 22:00:00,575.75,575.75,575.75,29991200,29991200,29991200
2022-07-22 22:00:00,564.25,564.25,564.25,29991200,29991200,29991200
2022-07-25 22:00:00,580.0,580.0,580.0,29991200,29991200,29991200
2022-07-26 22:00:00,597.0,597.0,597.0,29991200,29991200,29991200
2022-07-27 22:00:00,600.25,600.25,600.25,29991200,29991200,29991200
2022-07-28 22:00:00,615.0,615.0,615.0,29991200,29991200,29991200
2022-07-29 22:00:00,616.25,616.25,616.25,29991200,29991200,29991200
2022-08-01 22:00:00,607.0,607.0,607.0,29991200,29991200,29991200
2022-08-02 22:00:00,591.25,591.25,591.25,29991200,29991200,29991200
2022-08-03 22:00:00,591.5,591.5,591.5,29991200,29991200,29991200
2022-08-04 22:00:00,602.25,602.25,602.25,29991200,29991200,29991200
2022-08-05 22:00:00,610.25,610.25,610.25,29991200,29991200,29991200
2022-08-08 22:00:00,608.5,608.5,608.5,29991200,29991200,29991200
2022-08-09 22:00:00,615.5,615.5,615.5,29991200,29991200,29991200
2022-08-10 22:00:00,621.25,621.25,621.25,29991200,29991200,29991200
2022-08-11 22:00:00,629.25,629.25,629.25,29991200,29991200,29991200
2022-08-12 22:00:00,639.75,639.75,639.75,29991200,29991200,29991200
2022-08-15 22:00:00,626.75,626.75,626.75,29991200,29991200,29991200
2022-08-16 22:00:00,611.0,611.0,611.0,29991200,29991200,29991200
2022-08-17 22:00:00,615.0,615.0,615.0,29991200,29991200,29991200
2022-08-18 22:00:00,619.75,619.75,619.75,29991200,29991200,29991200
2022-08-19 22:00:00,626.0,626.0,626.0,29991200,29991200,29991200
2022-08-22 22:00:00,633.5,633.5,633.5,29991200,29991200,29991200
2022-08-23 22:00:00,660.0,660.0,660.0,29991200,29991200,29991200
2022-08-24 22:00:00,665.75,665.75,665.75,29991200,29991200,29991200
2022-08-25 22:00:00,657.5,657.5,657.5,29991200,29991200,29991200
2022-08-26 22:00:00,668.75,668.75,668.75,29991200,29991200,29991200
2022-08-29 22:00:00,683.75,683.75,683.75,29991200,29991200,29991200
2022-08-30 22:00:00,679.75,679.75,679.75,29991200,29991200,29991200
2022-08-31 22:00:00,673.75,673.75,673.75,29991200,29991200,29991200
2022-09-01 22:00:00,658.25,658.25,658.25,29991200,29991200,29991200
2022-09-02 22:00:00,669.0,669.0,669.0,29991200,29991200,29991200
2022-09-06 22:00:00,680.75,680.75,680.75,29991200,29991200,29991200
2022-09-07 22:00:00,676.75,676.75,676.75,29991200,29991200,29991200
2022-09-08 22:00:00,674.5,674.5,674.5,29991200,29991200,29991200
2022-09-09 22:00:00,698.5,698.5,698.5,29991200,29991200,29991200
2022-09-12 22:00:00,712.25,712.25,712.25,29991200,29991200,29991200
2022-09-13 22:00:00,709.0,709.0,709.0,29991200,29991200,29991200
2022-09-14 22:00:00,709.0,709.0,709.0,29991200,29991200,29991200
2022-09-15 22:00:00,677.5,677.5,677.5,29991200,29991200,29991200
2022-09-16 22:00:00,677.25,677.25,677.25,29991200,29991200,29991200
2022-09-19 22:00:00,678.25,678.25,678.25,29991200,29991200,29991200
2022-09-20 22:00:00,692.0,692.0,692.0,29991200,29991200,29991200
2022-09-21 22:00:00,685.5,685.5,685.5,29991200,29991200,29991200
2022-09-22 22:00:00,688.25,688.25,688.25,29991200,29991200,29991200
2022-09-23 22:00:00,676.75,676.75,676.75,29991200,29991200,29991200
2022-09-26 22:00:00,666.25,666.25,666.25,29991200,29991200,29991200
2022-09-27 22:00:00,667.5,667.5,667.5,29991200,29991200,29991200
2022-09-28 22:00:00,670.5,670.5,670.5,29991200,29991200,29991200
2022-09-29 22:00:00,669.5,669.5,669.5,29991200,29991200,29991200
2022-09-30 22:00:00,677.5,677.5,677.5,29991200,29991200,29991200
2022-10-03 22:00:00,680.75,680.75,680.75,29991200,29991200,29991200
2022-10-04 22:00:00,683.0,683.0,683.0,29991200,29991200,29991200
2022-10-05 22:00:00,684.0,684.0,684.0,29991200,29991200,29991200
2022-10-06 22:00:00,675.5,675.5,675.5,29991200,29991200,29991200
2022-10-07 22:00:00,683.25,683.25,683.25,29991200,29991200,29991200
2022-10-10 22:00:00,698.25,698.25,698.25,29991200,29991200,29991200
2022-10-11 22:00:00,693.0,693.0,693.0,29991200,29991200,29991200
2022-10-12 22:00:00,693.0,693.0,693.0,29991200,29991200,29991200
2022-10-13 22:00:00,697.75,697.75,697.75,29991200,29991200,29991200
2022-10-14 22:00:00,689.75,689.75,689.75,29991200,29991200,29991200
2022-10-17 22:00:00,683.5,683.5,683.5,29991200,29991200,29991200
2022-10-18 22:00:00,681.0,681.0,681.0,29991200,29991200,29991200
2022-10-19 22:00:00,678.25,678.25,678.25,29991200,29991200,29991200
2022-10-20 22:00:00,684.0,684.0,684.0,29991200,29991200,29991200
2022-10-21 22:00:00,684.25,684.25,684.25,29991200,29991200,29991200
2022-10-24 22:00:00,681.5,681.5,681.5,29991200,29991200,29991200
2022-10-25 22:00:00,686.25,686.25,686.25,29991200,29991200,29991200
2022-10-26 22:00:00,685.0,685.0,685.0,29991200,29991200,29991200
2022-10-27 22:00:00,682.25,682.25,682.25,29991200,29991200,29991200
2022-10-28 22:00:00,680.75,680.75,680.75,29991200,29991200,29991200
2022-10-31 22:00:00,691.5,691.5,691.5,29991200,29991200,29991200
2022-11-01 22:00:00,697.75,697.75,697.75,29991200,29991200,29991200
2022-11-02 22:00:00,687.5,687.5,687.5,29991200,29991200,29991200
2022-11-03 22:00:00,679.25,679.25,679.25,29991200,29991200,29991200
2022-11-04 22:00:00,681.0,681.0,681.0,29991200,29991200,29991200
2022-11-07 22:00:00,675.75,675.75,675.75,29991200,29991200,29991200
2022-11-08 22:00:00,667.5,667.5,667.5,29991200,29991200,29991200
2022-11-09 22:00:00,664.5,664.5,664.5,29991200,29991200,29991200
2022-11-10 22:00:00,653.25,653.25,653.25,29991200,29991200,29991200
2022-11-11 22:00:00,658.0,658.0,658.0,29991200,29991200,29991200
2022-11-14 22:00:00,657.25,657.25,657.25,29991200,29991200,29991200
2022-11-15 22:00:00,666.75,666.75,666.75,29991200,29991200,29991200
2022-11-16 22:00:00,665.25,665.25,665.25,29991200,29991200,29991200
2022-11-17 22:00:00,667.5,667.5,667.5,29991200,29991200,29991200
2022-11-18 22:00:00,667.75,667.75,667.75,29991200,29991200,29991200
2022-11-21 22:00:00,659.5,659.5,659.5,29991200,29991200,29991200
2022-11-22 22:00:00,656.75,656.75,656.75,29991200,29991200,29991200
2022-11-23 22:00:00,663.25,663.25,663.25,29991200,29991200,29991200
2022-11-25 22:00:00,668.0,668.0,668.0,29991200,29991200,29991200
2022-11-28 22:00:00,668.75,668.75,668.75,29991200,29991200,29991200
2022-11-29 22:00:00,665.75,665.75,665.75,29991200,29991200,29991200
2022-11-30 22:00:00,662.0,662.0,662.0,29991200,29991200,29991200
2022-12-01 22:00:00,650.0,650.0,650.0,29991200,29991200,29991200
2022-12-02 22:00:00,635.0,635.0,635.0,29991200,29991200,29991200
2022-12-05 22:00:00,628.75,628.75,628.75,29991200,29991200,29991200
2022-12-06 22:00:00,625.5,625.5,625.5,29991200,29991200,29991200
2022-12-07 22:00:00,627.75,627.75,627.75,29991200,29991200,29991200
2022-12-08 22:00:00,632.0,632.0,632.0,29991200,29991200,29991200
2022-12-09 22:00:00,634.75,634.75,634.75,29991200,29991200,29991200
2022-12-12 22:00:00,641.25,641.25,641.25,29991200,29991200,29991200
2022-12-13 22:00:00,643.75,643.75,643.75,29991200,29991200,29991200
2022-12-14 22:00:00,639.0,639.0,639.0,29991200,29991200,29991200
2022-12-15 22:00:00,653.5,653.5,653.5,29991200,29991200,29991200
2022-12-16 22:00:00,653.0,653.0,653.0,29991200,29991200,29991200
2022-12-19 22:00:00,647.25,647.25,647.25,29991200,29991200,29991200
2022-12-20 22:00:00,652.0,652.0,652.0,29991200,29991200,29991200
2022-12-21 22:00:00,662.25,662.25,662.25,29991200,29991200,29991200
2022-12-22 22:00:00,660.5,660.5,660.5,29991200,29991200,29991200
2022-12-23 22:00:00,666.25,666.25,666.25,29991200,29991200,29991200
2022-12-27 22:00:00,674.75,674.75,674.75,29991200,29991200,29991200
2022-12-28 22:00:00,682.75,682.75,682.75,29991200,29991200,29991200
2022-12-29 22:00:00,679.5,679.5,679.5,29991200,29991200,29991200
2022-12-30 22:00:00,678.5,678.5,678.5,29991200,29991200,29991200
2023-01-03 22:00:00,670.5,670.5,670.5,29991200,29991200,29991200
2023-01-04 22:00:00,653.75,653.75,653.75,29991200,29991200,29991200
2023-01-05 22:00:00,652.75,652.75,652.75,29991200,29991200,29991200
2023-01-06 22:00:00,654.0,654.0,654.0,29991200,29991200,29991200
2023-01-09 22:00:00,652.75,652.75,652.75,29991200,29991200,29991200
2023-01-10 22:00:00,655.0,655.0,655.0,29991200,29991200,29991200
2023-01-11 22:00:00,656.0,656.0,656.0,29991200,29991200,29991200
2023-01-12 22:00:00,671.0,671.0,671.0,29991200,29991200,29991200
2023-01-13 22:00:00,675.0,675.0,675.0,29991200,29991200,29991200
2023-01-17 22:00:00,685.25,685.25,685.25,29991200,29991200,29991200
2023-01-18 22:00:00,681.25,681.25,681.25,29991200,29991200,29991200
2023-01-19 22:00:00,677.25,677.25,677.25,29991200,29991200,29991200
2023-01-20 22:00:00,676.25,676.25,676.25,29991200,29991200,29991200
2023-01-23 22:00:00,666.25,666.25,666.25,29991200,29991200,29991200
2023-01-24 22:00:00,677.0,677.0,677.0,29991200,29991200,29991200
2023-01-25 22:00:00,674.75,674.75,674.75,29991200,29991200,29991200
2023-01-26 22:00:00,682.5,682.5,682.5,29991200,29991200,29991200
2023-01-27 22:00:00,683.0,683.0,683.0,29991200,29991200,29991200
2023-01-30 22:00:00,683.75,683.75,683.75,29991200,29991200,29991200
2023-01-31 22:00:00,679.75,679.75,679.75,29991200,29991200,29991200
2023-02-01 22:00:00,681.0,681.0,681.0,29991200,29991200,29991200
2023-02-02 22:00:00,675.25,675.25,675.25,29991200,29991200,29991200
2023-02-03 22:00:00,677.5,677.5,677.5,29991200,29991200,29991200
2023-02-06 22:00:00,679.0,679.0,679.0,29991200,29991200,29991200
2023-02-07 22:00:00,674.0,674.0,674.0,29991200,29991200,29991200
2023-02-08 22:00:00,678.5,678.5,678.5,29991200,29991200,29991200
2023-02-09 22:00:00,670.75,670.75,670.75,29991200,29991200,29991200
2023-02-10 22:00:00,680.5,680.5,680.5,29991200,29991200,29991200
2023-02-13 22:00:00,685.0,685.0,685.0,29991200,29991200,29991200
2023-02-14 22:00:00,682.25,682.25,682.25,29991200,29991200,29991200
2023-02-15 22:00:00,676.25,676.25,676.25,29991200,29991200,29991200
2023-02-16 22:00:00,676.0,676.0,676.0,29991200,29991200,29991200
2023-02-17 22:00:00,677.75,677.75,677.75,29991200,29991200,29991200
2023-02-21 22:00:00,680.5,680.5,680.5,29991200,29991200,29991200
2023-02-22 22:00:00,674.0,674.0,674.0,29991200,29991200,29991200
2023-02-23 22:00:00,660.25,660.25,660.25,29991200,29991200,29991200
2023-02-24 22:00:00,650.0,650.0,650.0,29991200,29991200,29991200
2023-02-27 22:00:00,642.75,642.75,642.75,29991200,29991200,29991200
2023-02-28 22:00:00,629.5,629.5,629.5,29991200,29991200,29991200
2023-03-01 22:00:00,640.5,640.5,640.5,29991200,29991200,29991200
2023-03-02 22:00:00,637.75,637.75,637.75,29991200,29991200,29991200
2023-03-03 22:00:00,645.25,645.25,645.25,29991200,29991200,29991200
2023-03-06 22:00:00,644.5,644.5,644.5,29991200,29991200,29991200
2023-03-07 22:00:00,642.0,642.0,642.0,29991200,29991200,29991200
2023-03-08 22:00:00,634.5,634.5,634.5,29991200,29991200,29991200
2023-03-09 22:00:00,618.5,618.5,618.5,29991200,29991200,29991200
2023-03-10 22:00:00,624.25,624.25,624.25,29991200,29991200,29991200
2023-03-13 22:00:00,624.5,624.5,624.5,29991200,29991200,29991200
2023-03-14 22:00:00,627.5,627.5,627.5,29991200,29991200,29991200
2023-03-15 22:00:00,626.5,626.5,626.5,29991200,29991200,29991200
2023-03-16 22:00:00,632.75,632.75,632.75,29991200,29991200,29991200
2023-03-17 22:00:00,634.25,634.25,634.25,29991200,29991200,29991200
2023-03-20 22:00:00,633.0,633.0,633.0,29991200,29991200,29991200
2023-03-21 22:00:00,630.0,630.0,630.0,29991200,29991200,29991200
2023-03-22 22:00:00,633.5,633.5,633.5,29991200,29991200,29991200
2023-03-23 22:00:00,631.75,631.75,631.75,29991200,29991200,29991200
2023-03-24 22:00:00,643.0,643.0,643.0,29991200,29991200,29991200
2023-03-27 22:00:00,648.25,648.25,648.25,29991200,29991200,29991200
2023-03-28 22:00:00,647.25,647.25,647.25,29991200,29991200,29991200
2023-03-29 22:00:00,650.5,650.5,650.5,29991200,29991200,29991200
2023-03-30 22:00:00,649.5,649.5,649.5,29991200,29991200,29991200
2023-03-31 22:00:00,660.5,660.5,660.5,29991200,29991200,29991200
2023-04-03 22:00:00,657.75,657.75,657.75,29991200,29991200,29991200
2023-04-04 22:00:00,653.75,653.75,653.75,29991200,29991200,29991200
2023-04-05 22:00:00,652.75,652.75,652.75,29991200,29991200,29991200
2023-04-06 22:00:00,643.5,643.5,643.5,29991200,29991200,29991200
2023-04-10 22:00:00,654.0,654.0,654.0,29991200,29991200,29991200
2023-04-11 22:00:00,651.0,651.0,651.0,29991200,29991200,29991200
2023-04-12 22:00:00,656.0,656.0,656.0,29991200,29991200,29991200
2023-04-13 22:00:00,652.25,652.25,652.25,29991200,29991200,29991200
2023-04-14 22:00:00,666.25,666.25,666.25,29991200,29991200,29991200
2023-04-17 22:00:00,676.5,676.5,676.5,29991200,29991200,29991200
2023-04-18 22:00:00,677.5,677.5,677.5,29991200,29991200,29991200
2023-04-19 22:00:00,672.25,672.25,672.25,29991200,29991200,29991200
2023-04-20 22:00:00,663.75,663.75,663.75,29991200,29991200,29991200
2023-04-21 22:00:00,663.25,663.25,663.25,29991200,29991200,29991200
2023-04-24 22:00:00,651.25,651.25,651.25,29991200,29991200,29991200
2023-04-25 22:00:00,646.5,646.5,646.5,29991200,29991200,29991200
2023-04-26 22:00:00,641.5,641.5,641.5,29991200,29991200,29991200
2023-04-27 22:00:00,627.0,627.0,627.0,29991200,29991200,29991200
2023-04-28 22:00:00,636.0,636.0,636.0,29991200,29991200,29991200
2023-05-01 22:00:00,639.5,639.5,639.5,29991200,29991200,29991200
2023-05-02 22:00:00,638.0,638.0,638.0,29991200,29991200,29991200
2023-05-03 22:00:00,645.25,645.25,645.25,29991200,29991200,29991200
2023-05-04 22:00:00,646.5,646.5,646.5,29991200,29991200,29991200
2023-05-05 22:00:00,653.25,653.25,653.25,29991200,29991200,29991200
2023-05-08 22:00:00,656.5,656.5,656.5,29991200,29991200,29991200
2023-05-09 22:00:00,642.25,642.25,642.25,29991200,29991200,29991200
2023-05-10 22:00:00,645.5,645.5,645.5,29991200,29991200,29991200
2023-05-11 22:00:00,632.5,632.5,632.5,29991200,29991200,29991200
2023-05-12 22:00:00,633.25,633.25,633.25,29991200,29991200,29991200
2023-05-15 22:00:00,592.5,592.5,592.5,29991200,29991200,29991200
2023-05-16 22:00:00,581.25,581.25,581.25,29991200,29991200,29991200
2023-05-17 22:00:00,561.5,561.5,561.5,29991200,29991200,29991200
2023-05-18 22:00:00,555.25,555.25,555.25,29991200,29991200,29991200
2023-05-19 22:00:00,554.5,554.5,554.5,29991200,29991200,29991200
2023-05-22 22:00:00,571.0,571.0,571.0,29991200,29991200,29991200
2023-05-23 22:00:00,577.5,577.5,577.5,29991200,29991200,29991200
2023-05-24 22:00:00,587.25,587.25,587.25,29991200,29991200,29991200
2023-05-25 22:00:00,590.75,590.75,590.75,29991200,29991200,29991200
2023-05-26 22:00:00,604.0,604.0,604.0,29991200,29991200,29991200
2023-05-30 22:00:00,594.0,594.0,594.0,29991200,29991200,29991200
2023-05-31 22:00:00,594.0,594.0,594.0,29991200,29991200,29991200
2023-06-01 22:00:00,592.5,592.5,592.5,29991200,29991200,29991200
2023-06-02 22:00:00,609.0,609.0,609.0,29991200,29991200,29991200
2023-06-05 22:00:00,597.5,597.5,597.5,29991200,29991200,29991200
2023-06-06 22:00:00,608.0,608.0,608.0,29991200,29991200,29991200
2023-06-07 22:00:00,604.25,604.25,604.25,29991200,29991200,29991200
2023-06-08 22:00:00,610.25,610.25,610.25,29991200,29991200,29991200
2023-06-09 22:00:00,604.25,604.25,604.25,29991200,29991200,29991200
2023-06-12 22:00:00,617.25,617.25,617.25,29991200,29991200,29991200
2023-06-13 22:00:00,612.5,612.5,612.5,29991200,29991200,29991200
2023-06-14 22:00:00,607.75,607.75,607.75,29991200,29991200,29991200
2023-06-15 22:00:00,623.25,623.25,623.25,29991200,29991200,29991200
2023-06-16 22:00:00,640.25,640.25,640.25,29991200,29991200,29991200
2023-06-20 22:00:00,643.75,643.75,643.75,29991200,29991200,29991200
2023-06-21 22:00:00,671.0,671.0,671.0,29991200,29991200,29991200
2023-06-22 22:00:00,660.5,660.5,660.5,29991200,29991200,29991200
2023-06-23 22:00:00,630.75,630.75,630.75,29991200,29991200,29991200
2023-06-26 22:00:00,637.25,637.25,637.25,29991200,29991200,29991200
2023-06-27 22:00:00,623.0,623.0,623.0,29991200,29991200,29991200
2023-06-28 22:00:00,590.0,590.0,590.0,29991200,29991200,29991200
2023-06-29 22:00:00,581.0,581.0,581.0,29991200,29991200,29991200
2023-06-30 22:00:00,554.5,554.5,554.5,29991200,29991200,29991200
2023-07-03 22:00:00,557.25,557.25,557.25,29991200,29991200,29991200
2023-07-05 22:00:00,548.25,548.25,548.25,29991200,29991200,29991200
2023-07-06 22:00:00,566.75,566.75,566.75,29991200,29991200,29991200
2023-07-07 22:00:00,560.5,560.5,560.5,29991200,29991200,29991200
2023-07-10 22:00:00,570.75,570.75,570.75,29991200,29991200,29991200
2023-07-11 22:00:00,571.75,571.75,571.75,29991200,29991200,29991200
2023-07-12 22:00:00,549.75,549.75,549.75,29991200,29991200,29991200
2023-07-13 22:00:00,593.5,593.5,593.5,29991200,29991200,29991200
2023-07-14 22:00:00,599.75,599.75,599.75,29991200,29991200,29991200
2023-07-17 22:00:00,499.25,499.25,499.25,29991200,29991200,29991200
2023-07-18 22:00:00,528.75,528.75,528.75,29991200,29991200,29991200
2023-07-19 22:00:00,545.5,545.5,545.5,29991200,29991200,29991200
2023-07-20 22:00:00,537.25,537.25,537.25,29991200,29991200,29991200
2023-07-21 22:00:00,527.0,527.0,527.0,29991200,29991200,29991200
2023-07-24 22:00:00,560.5,560.5,560.5,29991200,29991200,29991200
2023-07-25 22:00:00,557.5,557.5,557.5,29991200,29991200,29991200
2023-07-26 22:00:00,540.25,540.25,540.25,29991200,29991200,29991200
2023-07-27 22:00:00,533.25,533.25,533.25,29991200,29991200,29991200
2023-07-28 22:00:00,521.0,521.0,521.0,29991200,29991200,29991200
2023-07-31 22:00:00,504.0,504.0,504.0,29991200,29991200,29991200
2023-08-01 22:00:00,497.0,497.0,497.0,29991200,29991200,29991200
2023-08-02 22:00:00,488.25,488.25,488.25,29991200,29991200,29991200
2023-08-03 22:00:00,480.75,480.75,480.75,29991200,29991200,29991200
2023-08-04 22:00:00,484.25,484.25,484.25,29991200,29991200,29991200
2023-08-07 22:00:00,482.25,482.25,482.25,29991200,29991200,29991200
2023-08-08 22:00:00,485.75,485.75,485.75,29991200,29991200,29991200
2023-08-09 22:00:00,481.0,481.0,481.0,29991200,29991200,29991200
2023-08-10 22:00:00,483.25,483.25,483.25,29991200,29991200,29991200
2023-08-11 22:00:00,474.5,474.5,474.5,29991200,29991200,29991200
2023-08-14 22:00:00,475.75,475.75,475.75,29991200,29991200,29991200
2023-08-15 22:00:00,464.0,464.0,464.0,29991200,29991200,29991200
2023-08-16 22:00:00,469.5,469.5,469.5,29991200,29991200,29991200
2023-08-17 22:00:00,473.0,473.0,473.0,29991200,29991200,29991200
2023-08-18 22:00:00,479.5,479.5,479.5,29991200,29991200,29991200
2023-08-21 22:00:00,469.25,469.25,469.25,29991200,29991200,29991200
2023-08-22 22:00:00,466.5,466.5,466.5,29991200,29991200,29991200
2023-08-23 22:00:00,476.25,476.25,476.25,29991200,29991200,29991200
2023-08-24 22:00:00,472.25,472.25,472.25,29991200,29991200,29991200
2023-08-25 22:00:00,470.75,470.75,470.75,29991200,29991200,29991200
2023-08-28 22:00:00,478.5,478.5,478.5,29991200,29991200,29991200
2023-08-29 22:00:00,469.5,469.5,469.5,29991200,29991200,29991200
2023-08-30 22:00:00,461.75,461.75,461.75,29991200,29991200,29991200
2023-08-31 22:00:00,461.0,461.0,461.0,29991200,29991200,29991200
2023-09-01 22:00:00,464.75,464.75,464.75,29991200,29991200,29991200
2023-09-05 22:00:00,471.0,471.0,471.0,29991200,29991200,29991200
2023-09-06 22:00:00,471.5,471.5,471.5,29991200,29991200,29991200
2023-09-07 22:00:00,470.75,470.75,470.75,29991200,29991200,29991200
2023-09-08 22:00:00,468.5,468.5,468.5,29991200,29991200,29991200
2023-09-11 22:00:00,471.25,471.25,471.25,29991200,29991200,29991200
2023-09-12 22:00:00,463.25,463.25,463.25,29991200,29991200,29991200
2023-09-13 22:00:00,464.0,464.0,464.0,29991200,29991200,29991200
2023-09-14 22:00:00,462.5,462.5,462.5,29991200,29991200,29991200
2023-09-15 22:00:00,476.25,476.25,476.25,29991200,29991200,29991200
2023-09-18 22:00:00,471.5,471.5,471.5,29991200,29991200,29991200
2023-09-19 22:00:00,476.25,476.25,476.25,29991200,29991200,29991200
2023-09-20 22:00:00,482.25,482.25,482.25,29991200,29991200,29991200
2023-09-21 22:00:00,475.25,475.25,475.25,29991200,29991200,29991200
2023-09-22 22:00:00,477.25,477.25,477.25,29991200,29991200,29991200
2023-09-25 22:00:00,481.25,481.25,481.25,29991200,29991200,29991200
2023-09-26 22:00:00,479.75,479.75,479.75,29991200,29991200,29991200
2023-09-27 22:00:00,483.25,483.25,483.25,29991200,29991200,29991200
2023-09-28 22:00:00,488.5,488.5,488.5,29991200,29991200,29991200
2023-09-29 22:00:00,476.75,476.75,476.75,29991200,29991200,29991200
2023-10-02 22:00:00,488.75,488.75,488.75,29991200,29991200,29991200
2023-10-03 22:00:00,487.5,487.5,487.5,29991200,29991200,29991200
2023-10-04 22:00:00,486.0,486.0,486.0,29991200,29991200,29991200
2023-10-05 22:00:00,497.5,497.5,497.5,29991200,29991200,29991200
2023-10-06 22:00:00,492.0,492.0,492.0,29991200,29991200,29991200
2023-10-09 22:00:00,488.25,488.25,488.25,29991200,29991200,29991200
2023-10-10 22:00:00,485.5,485.5,485.5,29991200,29991200,29991200
2023-10-11 22:00:00,488.0,488.0,488.0,29991200,29991200,29991200
2023-10-12 22:00:00,496.0,496.0,496.0,29991200,29991200,29991200
2023-10-13 22:00:00,493.25,493.25,493.25,29991200,29991200,29991200
2023-10-16 22:00:00,490.0,490.0,490.0,29991200,29991200,29991200
2023-10-17 22:00:00,489.0,489.0,489.0,29991200,29991200,29991200
2023-10-18 22:00:00,492.0,492.0,492.0,29991200,29991200,29991200
2023-10-19 22:00:00,505.0,505.0,505.0,29991200,29991200,29991200
2023-10-20 22:00:00,495.5,495.5,495.5,29991200,29991200,29991200
2023-10-23 22:00:00,490.25,490.25,490.25,29991200,29991200,29991200
2023-10-24 22:00:00,484.0,484.0,484.0,29991200,29991200,29991200
2023-10-25 22:00:00,480.0,480.0,480.0,29991200,29991200,29991200
2023-10-26 22:00:00,479.25,479.25,479.25,29991200,29991200,29991200
2023-10-27 22:00:00,480.75,480.75,480.75,29991200,29991200,29991200
2023-10-30 22:00:00,478.25,478.25,478.25,29991200,29991200,29991200
2023-10-31 22:00:00,478.75,478.75,478.75,29991200,29991200,29991200
2023-11-01 22:00:00,475.0,475.0,475.0,29991200,29991200,29991200
2023-11-02 22:00:00,470.0,470.0,470.0,29991200,29991200,29991200
2023-11-03 22:00:00,477.25,477.25,477.25,29991200,29991200,29991200
2023-11-06 22:00:00,477.25,477.25,477.25,29991200,29991200,29991200
2023-11-07 22:00:00,468.5,468.5,468.5,29991200,29991200,29991200
2023-11-08 22:00:00,476.0,476.0,476.0,29991200,29991200,29991200
2023-11-09 22:00:00,468.0,468.0,468.0,29991200,29991200,29991200
2023-11-10 22:00:00,464.0,464.0,464.0,29991200,29991200,29991200
2023-11-13 22:00:00,477.25,477.25,477.25,29991200,29991200,29991200
2023-11-14 22:00:00,478.25,478.25,478.25,29991200,29991200,29991200
2023-11-15 22:00:00,470.75,470.75,470.75,29991200,29991200,29991200
2023-11-16 22:00:00,474.75,474.75,474.75,29991200,29991200,29991200
2023-11-17 22:00:00,467.0,467.0,467.0,29991200,29991200,29991200
2023-11-20 22:00:00,469.5,469.5,469.5,29991200,29991200,29991200
2023-11-21 22:00:00,470.0,470.0,470.0,29991200,29991200,29991200
2023-11-22 22:00:00,468.75,468.75,468.75,29991200,29991200,29991200
2023-11-24 22:00:00,463.25,463.25,463.25,29991200,29991200,29991200
2023-11-27 22:00:00,455.5,455.5,455.5,29991200,29991200,29991200
2023-11-28 22:00:00,451.5,451.5,451.5,29991200,29991200,29991200
2023-11-29 22:00:00,449.75,449.75,449.75,29991200,29991200,29991200
2023-11-30 22:00:00,461.75,461.75,461.75,29991200,29991200,29991200
2023-12-01 22:00:00,464.5,464.5,464.5,29991200,29991200,29991200
2023-12-04 22:00:00,460.25,460.25,460.25,29991200,29991200,29991200
2023-12-05 22:00:00,468.5,468.5,468.5,29991200,29991200,29991200
2023-12-06 22:00:00,464.75,464.75,464.75,29991200,29991200,29991200
2023-12-07 22:00:00,468.25,468.25,468.25,29991200,29991200,29991200
2023-12-08 22:00:00,465.75,465.75,465.75,29991200,29991200,29991200
2023-12-11 22:00:00,460.5,460.5,460.5,29991200,29991200,29991200
2023-12-12 22:00:00,462.5,462.5,462.5,29991200,29991200,29991200
2023-12-13 22:00:00,456.75,456.75,456.75,29991200,29991200,29991200
2023-12-14 22:00:00,456.75,456.75,456.75,29991200,29991200,29991200
2023-12-15 22:00:00,483.0,483.0,483.0,29991200,29991200,29991200
2023-12-18 22:00:00,477.0,477.0,477.0,29991200,29991200,29991200
2023-12-19 22:00:00,472.75,472.75,472.75,29991200,29991200,29991200
2023-12-20 22:00:00,469.75,469.75,469.75,29991200,29991200,29991200
2023-12-21 22:00:00,472.5,472.5,472.5,29991200,29991200,29991200
2023-12-22 22:00:00,473.0,473.0,473.0,29991200,29991200,29991200
2023-12-26 22:00:00,480.25,480.25,480.25,29991200,29991200,29991200
2023-12-27 22:00:00,476.5,476.5,476.5,29991200,29991200,29991200
2023-12-28 22:00:00,474.25,474.25,474.25,29991200,29991200,29991200
2023-12-29 22:00:00,471.25,471.25,471.25,29991200,29991200,29991200
2024-01-02 22:00:00,463.75,463.75,463.75,29991200,29991200,29991200
2024-01-03 22:00:00,465.25,465.25,465.25,29991200,29991200,29991200
2024-01-04 22:00:00,466.5,466.5,466.5,29991200,29991200,29991200
2024-01-05 22:00:00,460.75,460.75,460.75,29991200,29991200,29991200
2024-01-08 22:00:00,455.0,455.0,455.0,29991200,29991200,29991200
2024-01-09 22:00:00,459.25,459.25,459.25,29991200,29991200,29991200
2024-01-10 22:00:00,459.5,459.5,459.5,29991200,29991200,29991200
2024-01-11 22:00:00,457.75,457.75,457.75,29991200,29991200,29991200
2024-01-12 22:00:00,447.0,447.0,447.0,29991200,29991200,29991200
2024-01-16 22:00:00,443.5,443.5,443.5,29991200,29991200,29991200
2024-01-17 22:00:00,442.25,442.25,442.25,29991200,29991200,29991200
2024-01-18 22:00:00,444.0,444.0,444.0,29991200,29991200,29991200
2024-01-19 22:00:00,445.5,445.5,445.5,29991200,29991200,29991200
2024-01-22 22:00:00,445.75,445.75,445.75,29991200,29991200,29991200
2024-01-23 22:00:00,446.5,446.5,446.5,29991200,29991200,29991200
2024-01-24 22:00:00,452.25,452.25,452.25,29991200,29991200,29991200
2024-01-25 22:00:00,451.75,451.75,451.75,29991200,29991200,29991200
2024-01-26 22:00:00,446.25,446.25,446.25,29991200,29991200,29991200
2024-01-29 22:00:00,440.25,440.25,440.25,29991200,29991200,29991200
2024-01-30 22:00:00,447.75,447.75,447.75,29991200,29991200,29991200
2024-01-31 22:00:00,448.25,448.25,448.25,29991200,29991200,29991200
2024-02-01 22:00:00,447.25,447.25,447.25,29991200,29991200,29991200
2024-02-02 22:00:00,442.75,442.75,442.75,29991200,29991200,29991200
2024-02-05 22:00:00,442.75,442.75,442.75,29991200,29991200,29991200
2024-02-06 22:00:00,438.75,438.75,438.75,29991200,29991200,29991200
2024-02-07 22:00:00,434.25,434.25,434.25,29991200,29991200,29991200
2024-02-08 22:00:00,433.25,433.25,433.25,29991200,29991200,29991200
2024-02-09 22:00:00,429.0,429.0,429.0,29991200,29991200,29991200
2024-02-12 22:00:00,430.5,430.5,430.5,29991200,29991200,29991200
2024-02-13 22:00:00,430.75,430.75,430.75,29991200,29991200,29991200
2024-02-14 22:00:00,424.25,424.25,424.25,29991200,29991200,29991200
2024-02-15 22:00:00,417.75,417.75,417.75,29991200,29991200,29991200
2024-02-16 22:00:00,416.5,416.5,416.5,29991200,29991200,29991200
2024-02-20 22:00:00,418.75,418.75,418.75,29991200,29991200,29991200
2024-02-21 22:00:00,411.0,411.0,411.0,29991200,29991200,29991200
2024-02-22 22:00:00,406.0,406.0,406.0,29991200,29991200,29991200
2024-02-23 22:00:00,399.75,399.75,399.75,29991200,29991200,29991200
2024-02-26 22:00:00,407.0,407.0,407.0,29991200,29991200,29991200
2024-02-27 22:00:00,408.25,408.25,408.25,29991200,29991200,29991200
2024-02-28 22:00:00,413.25,413.25,413.25,29991200,29991200,29991200
2024-02-29 22:00:00,415.75,415.75,415.75,29991200,29991200,29991200
2024-03-01 22:00:00,412.25,412.25,412.25,29991200,29991200,29991200
2024-03-04 22:00:00,417.5,417.5,417.5,29991200,29991200,29991200
2024-03-05 22:00:00,413.5,413.5,413.5,29991200,29991200,29991200
2024-03-06 22:00:00,418.0,418.0,418.0,29991200,29991200,29991200
2024-03-07 22:00:00,426.0,426.0,426.0,29991200,29991200,29991200
2024-03-08 22:00:00,426.25,426.25,426.25,29991200,29991200,29991200
2024-03-11 22:00:00,428.25,428.25,428.25,29991200,29991200,29991200
2024-03-12 22:00:00,429.0,429.0,429.0,29991200,29991200,29991200
2024-03-13 22:00:00,426.5,426.5,426.5,29991200,29991200,29991200
2024-03-14 22:00:00,422.5,422.5,422.5,29991200,29991200,29991200
2024-03-15 22:00:00,436.75,436.75,436.75,29991200,29991200,29991200
2024-03-18 22:00:00,436.0,436.0,436.0,29991200,29991200,29991200
2024-03-19 22:00:00,439.5,439.5,439.5,29991200,29991200,29991200
2024-03-20 22:00:00,439.0,439.0,439.0,29991200,29991200,29991200
2024-03-21 22:00:00,440.75,440.75,440.75,29991200,29991200,29991200
2024-03-22 22:00:00,439.25,439.25,439.25,29991200,29991200,29991200
2024-03-25 22:00:00,437.75,437.75,437.75,29991200,29991200,29991200
2024-03-26 22:00:00,432.5,432.5,432.5,29991200,29991200,29991200
2024-03-27 22:00:00,426.75,426.75,426.75,29991200,29991200,29991200
2024-03-28 22:00:00,442.0,442.0,442.0,29991200,29991200,29991200
2024-04-01 22:00:00,435.5,435.5,435.5,29991200,29991200,29991200
2024-04-02 22:00:00,426.5,426.5,426.5,29991200,29991200,29991200
2024-04-03 22:00:00,431.75,431.75,431.75,29991200,29991200,29991200
2024-04-04 22:00:00,435.25,435.25,435.25,29991200,29991200,29991200
2024-04-05 22:00:00,434.25,434.25,434.25,29991200,29991200,29991200
2024-04-08 22:00:00,435.5,435.5,435.5,29991200,29991200,29991200
2024-04-09 22:00:00,431.25,431.25,431.25,29991200,29991200,29991200
2024-04-10 22:00:00,434.25,434.25,434.25,29991200,29991200,29991200
2024-04-11 22:00:00,428.75,428.75,428.75,29991200,29991200,29991200
2024-04-12 22:00:00,435.5,435.5,435.5,29991200,29991200,29991200
2024-04-15 22:00:00,431.5,431.5,431.5,29991200,29991200,29991200
2024-04-16 22:00:00,431.0,431.0,431.0,29991200,29991200,29991200
2024-04-17 22:00:00,430.25,430.25,430.25,29991200,29991200,29991200
2024-04-18 22:00:00,426.75,426.75,426.75,29991200,29991200,29991200
2024-04-19 22:00:00,433.5,433.5,433.5,29991200,29991200,29991200
2024-04-22 22:00:00,439.75,439.75,439.75,29991200,29991200,29991200
2024-04-23 22:00:00,443.0,443.0,443.0,29991200,29991200,29991200
2024-04-24 22:00:00,437.75,437.75,437.75,29991200,29991200,29991200
2024-04-25 22:00:00,441.0,441.0,441.0,29991200,29991200,29991200
2024-04-26 22:00:00,440.0,440.0,440.0,29991200,29991200,29991200
2024-04-29 22:00:00,439.25,439.25,439.25,29991200,29991200,29991200
2024-04-30 22:00:00,439.5,439.5,439.5,29991200,29991200,29991200
2024-05-01 22:00:00,443.25,443.25,443.25,29991200,29991200,29991200
2024-05-02 22:00:00,452.0,452.0,452.0,29991200,29991200,29991200
2024-05-03 22:00:00,447.0,447.0,447.0,29991200,29991200,29991200
2024-05-06 22:00:00,457.0,457.0,457.0,29991200,29991200,29991200
2024-05-07 22:00:00,453.75,453.75,453.75,29991200,29991200,29991200
2024-05-08 22:00:00,445.5,445.5,445.5,29991200,29991200,29991200
2024-05-09 22:00:00,442.75,442.75,442.75,29991200,29991200,29991200
2024-05-10 22:00:00,455.75,455.75,455.75,29991200,29991200,29991200
2024-05-13 22:00:00,458.5,458.5,458.5,29991200,29991200,29991200
2024-05-14 22:00:00,453.75,453.75,453.75,29991200,29991200,29991200
2024-05-15 22:00:00,462.5,462.5,462.5,29991200,29991200,29991200
2024-05-16 22:00:00,457.0,457.0,457.0,29991200,29991200,29991200
2024-05-17 22:00:00,452.5,452.5,452.5,29991200,29991200,29991200
2024-05-20 22:00:00,460.5,460.5,460.5,29991200,29991200,29991200
2024-05-21 22:00:00,458.0,458.0,458.0,29991200,29991200,29991200
2024-05-22 22:00:00,461.25,461.25,461.25,29991200,29991200,29991200
2024-05-23 22:00:00,464.0,464.0,464.0,29991200,29991200,29991200
2024-05-24 22:00:00,464.75,464.75,464.75,29991200,29991200,29991200
2024-05-28 22:00:00,462.5,462.5,462.5,29991200,29991200,29991200
2024-05-29 22:00:00,455.25,455.25,455.25,29991200,29991200,29991200
2024-05-30 22:00:00,448.75,448.75,448.75,29991200,29991200,29991200
2024-05-31 22:00:00,446.25,446.25,446.25,29991200,29991200,29991200
2024-06-03 22:00:00,443.5,443.5,443.5,29991200,29991200,29991200
2024-06-04 22:00:00,442.5,442.5,442.5,29991200,29991200,29991200
2024-06-05 22:00:00,439.25,439.25,439.25,29991200,29991200,29991200
2024-06-06 22:00:00,452.0,452.0,452.0,29991200,29991200,29991200
2024-06-07 22:00:00,448.75,448.75,448.75,29991200,29991200,29991200
2024-06-10 22:00:00,451.75,451.75,451.75,29991200,29991200,29991200
2024-06-11 22:00:00,449.5,449.5,449.5,29991200,29991200,29991200
2024-06-12 22:00:00,454.25,454.25,454.25,29991200,29991200,29991200
2024-06-13 22:00:00,458.5,458.5,458.5,29991200,29991200,29991200
2024-06-14 22:00:00,450.0,450.0,450.0,29991200,29991200,29991200
2024-06-17 22:00:00,443.75,443.75,443.75,29991200,29991200,29991200
2024-06-18 22:00:00,450.0,450.0,450.0,29991200,29991200,29991200
2024-06-20 22:00:00,439.75,439.75,439.75,29991200,29991200,29991200
2024-06-21 22:00:00,435.0,435.0,435.0,29991200,29991200,29991200
2024-06-24 22:00:00,433.5,433.5,433.5,29991200,29991200,29991200
2024-06-25 22:00:00,425.5,425.5,425.5,29991200,29991200,29991200
2024-06-26 22:00:00,420.0,420.0,420.0,29991200,29991200,29991200
2024-06-27 22:00:00,413.75,413.75,413.75,29991200,29991200,29991200
2024-06-28 22:00:00,397.25,397.25,397.25,29991200,29991200,29991200
2024-07-01 22:00:00,398.25,398.25,398.25,29991200,29991200,29991200
2024-07-02 22:00:00,402.0,402.0,402.0,29991200,29991200,29991200
2024-07-03 22:00:00,403.5,403.5,403.5,29991200,29991200,29991200
2024-07-05 22:00:00,411.25,411.25,411.25,29991200,29991200,29991200
2024-07-08 22:00:00,395.75,395.75,395.75,29991200,29991200,29991200
2024-07-09 22:00:00,400.25,400.25,400.25,29991200,29991200,29991200
2024-07-10 22:00:00,403.25,403.25,403.25,29991200,29991200,29991200
2024-07-11 22:00:00,406.75,406.75,406.75,29991200,29991200,29991200
2024-07-12 22:00:00,400.0,400.0,400.0,29991200,29991200,29991200
2024-07-15 22:00:00,390.5,390.5,390.5,29991200,29991200,29991200
2024-07-16 22:00:00,395.75,395.75,395.75,29991200,29991200,29991200
2024-07-17 22:00:00,398.0,398.0,398.0,29991200,29991200,29991200
2024-07-18 22:00:00,391.25,391.25,391.25,29991200,29991200,29991200
2024-07-19 22:00:00,390.5,390.5,390.5,29991200,29991200,29991200
2024-07-22 22:00:00,400.25,400.25,400.25,29991200,29991200,29991200
2024-07-23 22:00:00,402.5,402.5,402.5,29991200,29991200,29991200
2024-07-24 22:00:00,403.75,403.75,403.75,29991200,29991200,29991200
2024-07-25 22:00:00,406.0,406.0,406.0,29991200,29991200,29991200
2024-07-26 22:00:00,394.5,394.5,394.5,29991200,29991200,29991200
2024-07-29 22:00:00,396.25,396.25,396.25,29991200,29991200,29991200
2024-07-30 22:00:00,388.75,388.75,388.75,29991200,29991200,29991200
2024-07-31 22:00:00,382.75,382.75,382.75,29991200,29991200,29991200
2024-08-01 22:00:00,382.0,382.0,382.0,29991200,29991200,29991200
2024-08-02 22:00:00,386.5,386.5,386.5,29991200,29991200,29991200
2024-08-05 22:00:00,390.75,390.75,390.75,29991200,29991200,29991200
2024-08-06 22:00:00,388.75,388.75,388.75,29991200,29991200,29991200
2024-08-07 22:00:00,383.25,383.25,383.25,29991200,29991200,29991200
2024-08-08 22:00:00,379.25,379.25,379.25,29991200,29991200,29991200
2024-08-09 22:00:00,376.75,376.75,376.75,29991200,29991200,29991200
2024-08-12 22:00:00,383.25,383.25,383.25,29991200,29991200,29991200
2024-08-13 22:00:00,377.75,377.75,377.75,29991200,29991200,29991200
2024-08-14 22:00:00,381.0,381.0,381.0,29991200,29991200,29991200
2024-08-15 22:00:00,375.0,375.0,375.0,29991200,29991200,29991200
2024-08-16 22:00:00,370.5,370.5,370.5,29991200,29991200,29991200
2024-08-19 22:00:00,378.0,378.0,378.0,29991200,29991200,29991200
2024-08-20 22:00:00,375.0,375.0,375.0,29991200,29991200,29991200
2024-08-21 22:00:00,375.5,375.5,375.5,29991200,29991200,29991200
2024-08-22 22:00:00,371.5,371.5,371.5,29991200,29991200,29991200
2024-08-23 22:00:00,367.75,367.75,367.75,29991200,29991200,29991200
2024-08-26 22:00:00,362.0,362.0,362.0,29991200,29991200,29991200
2024-08-27 22:00:00,367.25,367.25,367.25,29991200,29991200,29991200
2024-08-28 22:00:00,365.25,365.25,365.25,29991200,29991200,29991200
2024-08-29 22:00:00,371.75,371.75,371.75,29991200,29991200,29991200
2024-08-30 22:00:00,378.0,378.0,378.0,29991200,29991200,29991200
2024-09-03 22:00:00,386.5,386.5,386.5,29991200,29991200,29991200
2024-09-04 22:00:00,390.5,390.5,390.5,29991200,29991200,29991200
2024-09-05 22:00:00,390.0,390.0,390.0,29991200,29991200,29991200
2024-09-06 22:00:00,383.75,383.75,383.75,29991200,29991200,29991200
2024-09-09 22:00:00,384.25,384.25,384.25,29991200,29991200,29991200
2024-09-10 22:00:00,379.5,379.5,379.5,29991200,29991200,29991200
2024-09-11 22:00:00,380.5,380.5,380.5,29991200,29991200,29991200
2024-09-12 22:00:00,386.25,386.25,386.25,29991200,29991200,29991200
2024-09-13 22:00:00,390.75,390.75,390.75,29991200,29991200,29991200
2024-09-16 22:00:00,410.75,410.75,410.75,29991200,29991200,29991200
2024-09-17 22:00:00,412.5,412.5,412.5,29991200,29991200,29991200
2024-09-18 22:00:00,412.75,412.75,412.75,29991200,29991200,29991200
2024-09-19 22:00:00,405.75,405.75,405.75,29991200,29991200,29991200
2024-09-20 22:00:00,401.75,401.75,401.75,29991200,29991200,29991200
2024-09-23 22:00:00,413.5,413.5,413.5,29991200,29991200,29991200
2024-09-24 22:00:00,411.75,411.75,411.75,29991200,29991200,29991200
2024-09-25 22:00:00,415.25,415.25,415.25,29991200,29991200,29991200
2024-09-26 22:00:00,413.25,413.25,413.25,29991200,29991200,29991200
2024-09-27 22:00:00,418.0,418.0,418.0,29991200,29991200,29991200
2024-09-30 22:00:00,424.75,424.75,424.75,29991200,29991200,29991200
2024-10-01 22:00:00,429.0,429.0,429.0,29991200,29991200,29991200
2024-10-02 22:00:00,432.5,432.5,432.5,29991200,29991200,29991200
2024-10-03 22:00:00,428.25,428.25,428.25,29991200,29991200,29991200
2024-10-04 22:00:00,424.75,424.75,424.75,29991200,29991200,29991200
2024-10-07 22:00:00,426.0,426.0,426.0,29991200,29991200,29991200
2024-10-08 22:00:00,420.75,420.75,420.75,29991200,29991200,29991200
2024-10-09 22:00:00,421.0,421.0,421.0,29991200,29991200,29991200
2024-10-10 22:00:00,418.5,418.5,418.5,29991200,29991200,29991200
2024-10-11 22:00:00,415.75,415.75,415.75,29991200,29991200,29991200
2024-10-14 22:00:00,408.25,408.25,408.25,29991200,29991200,29991200
2024-10-15 22:00:00,401.25,401.25,401.25,29991200,29991200,29991200
2024-10-16 22:00:00,404.75,404.75,404.75,29991200,29991200,29991200
2024-10-17 22:00:00,406.75,406.75,406.75,29991200,29991200,29991200
2024-10-18 22:00:00,404.75,404.75,404.75,29991200,29991200,29991200
2024-10-21 22:00:00,409.5,409.5,409.5,29991200,29991200,29991200
2024-10-22 22:00:00,416.5,416.5,416.5,29991200,29991200,29991200
2024-10-23 22:00:00,419.0,419.0,419.0,29991200,29991200,29991200
2024-10-24 22:00:00,421.5,421.5,421.5,29991200,29991200,29991200
2024-10-25 22:00:00,415.25,415.25,415.25,29991200,29991200,29991200
2024-10-28 22:00:00,410.75,410.75,410.75,29991200,29991200,29991200
2024-10-29 22:00:00,413.75,413.75,413.75,29991200,29991200,29991200
2024-10-30 22:00:00,411.5,411.5,411.5,29991200,29991200,29991200
2024-10-31 22:00:00,410.75,410.75,410.75,29991200,29991200,29991200
2024-11-01 22:00:00,414.5,414.5,414.5,29991200,29991200,29991200
2024-11-04 22:00:00,416.5,416.5,416.5,29991200,29991200,29991200
2024-11-05 22:00:00,418.5,418.5,418.5,29991200,29991200,29991200
2024-11-06 22:00:00,426.25,426.25,426.25,29991200,29991200,29991200
2024-11-07 22:00:00,427.5,427.5,427.5,29991200,29991200,29991200
2024-11-08 22:00:00,431.0,431.0,431.0,29991200,29991200,29991200
2024-11-11 22:00:00,430.0,430.0,430.0,29991200,29991200,29991200
2024-11-12 22:00:00,428.5,428.5,428.5,29991200,29991200,29991200
2024-11-13 22:00:00,426.5,426.5,426.5,29991200,29991200,29991200
2024-11-14 22:00:00,419.0,419.0,419.0,29991200,29991200,29991200
2024-11-15 22:00:00,424.0,424.0,424.0,29991200,29991200,29991200
2024-11-18 22:00:00,429.25,429.25,429.25,29991200,29991200,29991200
2024-11-19 22:00:00,427.25,427.25,427.25,29991200,29991200,29991200
2024-11-20 22:00:00,430.25,430.25,430.25,29991200,29991200,29991200
2024-11-21 22:00:00,426.75,426.75,426.75,29991200,29991200,29991200
2024-11-22 22:00:00,425.5,425.5,425.5,29991200,29991200,29991200
2024-11-25 22:00:00,424.75,424.75,424.75,29991200,29991200,29991200
2024-11-26 22:00:00,420.0,420.0,420.0,29991200,29991200,29991200
2024-11-27 22:00:00,415.75,415.75,415.75,29991200,29991200,29991200
2024-11-29 22:00:00,423.0,423.0,423.0,29991200,29991200,29991200
2024-12-02 22:00:00,424.5,424.5,424.5,29991200,29991200,29991200
2024-12-03 22:00:00,423.25,423.25,423.25,29991200,29991200,29991200
2024-12-04 22:00:00,422.0,422.0,422.0,29991200,29991200,29991200
2024-12-05 22:00:00,426.5,426.5,426.5,29991200,29991200,29991200
2024-12-06 22:00:00,430.75,430.75,430.75,29991200,29991200,29991200
2024-12-09 22:00:00,434.0,434.0,434.0,29991200,29991200,29991200
2024-12-10 22:00:00,440.5,440.5,440.5,29991200,29991200,29991200
2024-12-11 22:00:00,438.0,438.0,438.0,29991200,29991200,29991200
2024-12-12 22:00:00,431.75,431.75,431.75,29991200,29991200,29991200
2024-12-13 22:00:00,430.0,430.0,430.0,29991200,29991200,29991200
2024-12-16 22:00:00,445.0,445.0,445.0,29991200,29991200,29991200
2024-12-17 22:00:00,443.5,443.5,443.5,29991200,29991200,29991200
2024-12-18 22:00:00,437.25,437.25,437.25,29991200,29991200,29991200
2024-12-19 22:00:00,440.75,440.75,440.75,29991200,29991200,29991200
2024-12-20 22:00:00,446.25,446.25,446.25,29991200,29991200,29991200
2024-12-23 22:00:00,447.75,447.75,447.75,29991200,29991200,29991200
2024-12-24 22:00:00,448.5,448.5,448.5,29991200,29991200,29991200
2024-12-26 22:00:00,453.75,453.75,453.75,29991200,29991200,29991200
2024-12-27 22:00:00,454.0,454.0,454.0,29991200,29991200,29991200
2024-12-30 22:00:00,452.25,452.25,452.25,29991200,29991200,29991200
2024-12-31 22:00:00,458.5,458.5,458.5,29991200,29991200,29991200
2025-01-02 22:00:00,459.5,459.5,459.5,29991200,29991200,29991200
2025-01-03 22:00:00,450.75,450.75,450.75,29991200,29991200,29991200
2025-01-06 22:00:00,457.75,457.75,457.75,29991200,29991200,29991200
2025-01-07 22:00:00,458.0,458.0,458.0,29991200,29991200,29991200
2025-01-08 22:00:00,454.0,454.0,454.0,29991200,29991200,29991200
2025-01-09 22:00:00,456.0,456.0,456.0,29991200,29991200,29991200
2025-01-10 22:00:00,470.5,470.5,470.5,29991200,29991200,29991200
2025-01-13 22:00:00,476.5,476.5,476.5,29991200,29991200,29991200
2025-01-14 22:00:00,474.5,474.5,474.5,29991200,29991200,29991200
2025-01-15 22:00:00,478.75,478.75,478.75,29991200,29991200,29991200
2025-01-16 22:00:00,474.5,474.5,474.5,29991200,29991200,29991200
2025-01-17 22:00:00,484.25,484.25,484.25,29991200,29991200,29991200
2025-01-21 22:00:00,490.0,490.0,490.0,29991200,29991200,29991200
2025-01-22 22:00:00,484.25,484.25,484.25,29991200,29991200,29991200
2025-01-23 22:00:00,489.75,489.75,489.75,29991200,29991200,29991200
2025-01-24 22:00:00,486.5,486.5,486.5,29991200,29991200,29991200
2025-01-27 22:00:00,482.0,482.0,482.0,29991200,29991200,29991200
2025-01-28 22:00:00,485.25,485.25,485.25,29991200,29991200,29991200
2025-01-29 22:00:00,497.0,497.0,497.0,29991200,29991200,29991200
2025-01-30 22:00:00,490.25,490.25,490.25,29991200,29991200,29991200
2025-01-31 22:00:00,482.0,482.0,482.0,29991200,29991200,29991200
2025-02-03 22:00:00,488.75,488.75,488.75,29991200,29991200,29991200
2025-02-04 22:00:00,494.5,494.5,494.5,29991200,29991200,29991200
2025-02-05 22:00:00,493.25,493.25,493.25,29991200,29991200,29991200
2025-02-06 22:00:00,495.25,495.25,495.25,29991200,29991200,29991200
2025-02-07 22:00:00,487.5,487.5,487.5,29991200,29991200,29991200
2025-02-10 22:00:00,491.5,491.5,491.5,29991200,29991200,29991200
2025-02-11 22:00:00,484.0,484.0,484.0,29991200,29991200,29991200
2025-02-12 22:00:00,490.25,490.25,490.25,29991200,29991200,29991200
2025-02-13 22:00:00,493.5,493.5,493.5,29991200,29991200,29991200
2025-02-14 22:00:00,496.25,496.25,496.25,29991200,29991200,29991200
2025-02-18 22:00:00,502.0,502.0,502.0,29991200,29991200,29991200
2025-02-19 22:00:00,497.5,497.5,497.5,29991200,29991200,29991200
2025-02-20 22:00:00,498.0,498.0,498.0,29991200,29991200,29991200
2025-02-21 22:00:00,491.25,491.25,491.25,29991200,29991200,29991200
2025-02-24 22:00:00,482.5,482.5,482.5,29991200,29991200,29991200
2025-02-25 22:00:00,479.75,479.75,479.75,29991200,29991200,29991200
2025-02-26 22:00:00,478.25,478.25,478.25,29991200,29991200,29991200
2025-02-27 22:00:00,464.75,464.75,464.75,29991200,29991200,29991200
2025-02-28 22:00:00,453.5,453.5,453.5,29991200,29991200,29991200
2025-03-03 22:00:00,440.25,440.25,440.25,29991200,29991200,29991200
2025-03-04 22:00:00,436.0,436.0,436.0,29991200,29991200,29991200
2025-03-05 22:00:00,440.25,440.25,440.25,29991200,29991200,29991200
2025-03-06 22:00:00,449.5,449.5,449.5,29991200,29991200,29991200
2025-03-07 22:00:00,455.25,455.25,455.25,29991200,29991200,29991200
2025-03-10 22:00:00,458.75,458.75,458.75,29991200,29991200,29991200
2025-03-11 22:00:00,456.5,456.5,456.5,29991200,29991200,29991200
2025-03-12 22:00:00,448.75,448.75,448.75,29991200,29991200,29991200
2025-03-13 22:00:00,453.5,453.5,453.5,29991200,29991200,29991200
2025-03-14 22:00:00,445.5,445.5,445.5,29991200,29991200,29991200
2025-03-17 22:00:00,461.0,461.0,461.0,29991200,29991200,29991200
2025-03-18 22:00:00,458.75,458.75,458.75,29991200,29991200,29991200
2025-03-19 22:00:00,462.0,462.0,462.0,29991200,29991200,29991200
2025-03-20 22:00:00,469.0,469.0,469.0,29991200,29991200,29991200
2025-03-21 22:00:00,464.25,464.25,464.25,29991200,29991200,29991200
2025-03-24 22:00:00,464.5,464.5,464.5,29991200,29991200,29991200
2025-03-25 22:00:00,457.75,457.75,457.75,29991200,29991200,29991200
2025-03-26 22:00:00,451.25,451.25,451.25,29991200,29991200,29991200
2025-03-27 22:00:00,450.0,450.0,450.0,29991200,29991200,29991200
2025-03-28 22:00:00,453.25,453.25,453.25,29991200,29991200,29991200
2025-03-31 22:00:00,457.25,457.25,457.25,29991200,29991200,29991200
2025-04-01 22:00:00,461.75,461.75,461.75,29991200,29991200,29991200
2025-04-02 22:00:00,457.75,457.75,457.75,29991200,29991200,29991200
2025-04-03 22:00:00,457.5,457.5,457.5,29991200,29991200,29991200
2025-04-04 22:00:00,460.25,460.25,460.25,29991200,29991200,29991200
2025-04-07 22:00:00,464.5,464.5,464.5,29991200,29991200,29991200
2025-04-08 22:00:00,469.0,469.0,469.0,29991200,29991200,29991200
2025-04-09 22:00:00,474.0,474.0,474.0,29991200,29991200,29991200
2025-04-10 22:00:00,483.0,483.0,483.0,29991200,29991200,29991200
2025-04-11 22:00:00,490.25,490.25,490.25,29991200,29991200,29991200
2025-04-14 22:00:00,485.0,485.0,485.0,29991200,29991200,29991200
2025-04-15 22:00:00,481.25,481.25,481.25,29991200,29991200,29991200
2025-04-16 22:00:00,484.25,484.25,484.25,29991200,29991200,29991200
2025-04-17 22:00:00,482.25,482.25,482.25,29991200,29991200,29991200
2025-04-21 22:00:00,481.75,481.75,481.75,29991200,29991200,29991200
2025-04-22 22:00:00,475.75,475.75,475.75,29991200,29991200,29991200
2025-04-23 22:00:00,472.0,472.0,472.0,29991200,29991200,29991200
2025-04-24 22:00:00,477.25,477.25,477.25,29991200,29991200,29991200
2025-04-25 22:00:00,478.75,478.75,478.75,29991200,29991200,29991200
2025-04-28 22:00:00,475.5,475.5,475.5,29991200,29991200,29991200
2025-04-29 22:00:00,460.5,460.5,460.5,29991200,29991200,29991200
2025-04-30 22:00:00,467.25,467.25,467.25,29991200,29991200,29991200
2025-05-01 22:00:00,464.25,464.25,464.25,29991200,29991200,29991200
2025-05-02 22:00:00,461.25,461.25,461.25,29991200,29991200,29991200
2025-05-05 22:00:00,446.5,446.5,446.5,29991200,29991200,29991200
2025-05-06 22:00:00,447.5,447.5,447.5,29991200,29991200,29991200
2025-05-07 22:00:00,441.0,441.0,441.0,29991200,29991200,29991200
2025-05-08 22:00:00,439.0,439.0,439.0,29991200,29991200,29991200
2025-05-09 22:00:00,441.5,441.5,441.5,29991200,29991200,29991200
2025-05-12 22:00:00,440.25,440.25,440.25,29991200,29991200,29991200
2025-05-13 22:00:00,436.0,436.0,436.0,29991200,29991200,29991200
2025-05-14 22:00:00,438.5,438.5,438.5,29991200,29991200,29991200
2025-05-15 22:00:00,448.5,448.5,448.5,29991200,29991200,29991200
2025-05-16 22:00:00,443.5,443.5,443.5,29991200,29991200,29991200
2025-05-19 22:00:00,447.5,447.5,447.5,29991200,29991200,29991200
2025-05-20 22:00:00,454.5,454.5,454.5,29991200,29991200,29991200
2025-05-21 22:00:00,461.0,461.0,461.0,29991200,29991200,29991200
2025-05-22 22:00:00,463.0,463.0,463.0,29991200,29991200,29991200
2025-05-23 22:00:00,459.5,459.5,459.5,29991200,29991200,29991200
2025-05-27 22:00:00,459.5,459.5,459.5,29991200,29991200,29991200
2025-05-28 22:00:00,451.0,451.0,451.0,29991200,29991200,29991200
2025-05-29 22:00:00,447.0,447.0,447.0,29991200,29991200,29991200
2025-05-30 22:00:00,444.0,444.0,444.0,29991200,29991200,29991200
2025-06-02 22:00:00,438.25,438.25,438.25,29991200,29991200,29991200
2025-06-03 22:00:00,438.5,438.5,438.5,29991200,29991200,29991200
2025-06-04 22:00:00,438.75,438.75,438.75,29991200,29991200,29991200
2025-06-05 22:00:00,439.5,439.5,439.5,29991200,29991200,29991200
2025-06-06 22:00:00,442.5,442.5,442.5,29991200,29991200,29991200
2025-06-09 22:00:00,433.5,433.5,433.5,29991200,29991200,29991200
2025-06-10 22:00:00,438.75,438.75,438.75,29991200,29991200,29991200
2025-06-11 22:00:00,437.0,437.0,437.0,29991200,29991200,29991200
2025-06-12 22:00:00,438.5,438.5,438.5,29991200,29991200,29991200
2025-06-13 22:00:00,444.5,444.5,444.5,29991200,29991200,29991200
2025-06-16 22:00:00,434.75,434.75,434.75,29991200,29991200,29991200
2025-06-17 22:00:00,431.5,431.5,431.5,29991200,29991200,29991200
2025-06-18 22:00:00,433.5,433.5,433.5,29991200,29991200,29991200
2025-06-20 22:00:00,428.75,428.75,428.75,29991200,29991200,29991200
2025-06-23 22:00:00,419.25,419.25,419.25,29991200,29991200,29991200
2025-06-24 22:00:00,416.25,416.25,416.25,29991200,29991200,29991200
2025-06-25 22:00:00,410.25,410.25,410.25,29991200,29991200,29991200
2025-06-26 22:00:00,409.5,409.5,409.5,29991200,29991200,29991200
2025-06-27 22:00:00,417.5,417.5,417.5,29991200,29991200,29991200
2025-06-30 22:00:00,420.5,420.5,420.5,29991200,29991200,29991200
2025-07-01 22:00:00,420.0,420.0,420.0,29991200,29991200,29991200
2025-07-02 22:00:00,429.25,429.25,429.25,29991200,29991200,29991200
2025-07-03 22:00:00,431.5,431.5,431.5,29991200,29991200,29991200
2025-07-07 22:00:00,418.0,418.0,418.0,29991200,29991200,29991200
2025-07-08 22:00:00,411.0,411.0,411.0,29991200,29991200,29991200
2025-07-09 22:00:00,412.5,412.5,412.5,29991200,29991200,29991200
2025-07-10 22:00:00,407.25,407.25,407.25,29991200,29991200,29991200
2025-07-11 22:00:00,403.0,403.0,403.0,29991200,29991200,29991200
2025-07-14 22:00:00,412.75,412.75,412.75,29991200,29991200,29991200
2025-07-15 22:00:00,401.25,401.25,401.25,29991200,29991200,29991200
2025-07-16 22:00:00,405.25,405.25,405.25,29991200,29991200,29991200
2025-07-17 22:00:00,402.0,402.0,402.0,29991200,29991200,29991200
2025-07-18 22:00:00,408.5,408.5,408.5,29991200,29991200,29991200
2025-07-21 22:00:00,403.75,403.75,403.75,29991200,29991200,29991200
2025-07-22 22:00:00,399.25,399.25,399.25,29991200,29991200,29991200
2025-07-23 22:00:00,398.5,398.5,398.5,29991200,29991200,29991200
2025-07-24 22:00:00,401.75,401.75,401.75,29991200,29991200,29991200
2025-07-25 22:00:00,399.5,399.5,399.5,29991200,29991200,29991200
2025-07-28 22:00:00,393.75,393.75,393.75,29991200,29991200,29991200
2025-07-29 22:00:00,389.25,389.25,389.25,29991200,29991200,29991200
2025-07-30 22:00:00,391.75,391.75,391.75,29991200,29991200,29991200
2025-07-31 22:00:00,394.0,394.0,394.0,29991200,29991200,29991200
2025-08-01 22:00:00,389.5,389.5,389.5,29991200,29991200,29991200
2025-08-04 22:00:00,387.0,387.0,387.0,29991200,29991200,29991200
2025-08-05 22:00:00,381.5,381.5,381.5,29991200,29991200,29991200
2025-08-06 22:00:00,379.75,379.75,379.75,29991200,29991200,29991200
2025-08-07 22:00:00,384.5,384.5,384.5,29991200,29991200,29991200
2025-08-08 22:00:00,382.75,382.75,382.75,29991200,29991200,29991200
2025-08-11 22:00:00,385.0,385.0,385.0,29991200,29991200,29991200
2025-08-12 22:00:00,371.5,371.5,371.5,29991200,29991200,29991200
2025-08-13 22:00:00,374.0,374.0,374.0,29991200,29991200,29991200
2025-08-14 22:00:00,375.0,375.0,375.0,29991200,29991200,29991200
2025-08-15 22:00:00,383.75,383.75,383.75,29991200,29991200,29991200
2025-08-18 22:00:00,383.0,383.0,383.0,29991200,29991200,29991200
2025-08-19 22:00:00,379.5,379.5,379.5,29991200,29991200,29991200
2025-08-20 22:00:00,380.0,380.0,380.0,29991200,29991200,29991200
2025-08-21 22:00:00,387.25,387.25,387.25,29991200,29991200,29991200
2025-08-22 22:00:00,388.25,388.25,388.25,29991200,29991200,29991200
2025-08-25 22:00:00,389.25,389.25,389.25,29991200,29991200,29991200
2025-08-26 22:00:00,387.5,387.5,387.5,29991200,29991200,29991200
2025-08-27 22:00:00,382.5,382.5,382.5,29991200,29991200,29991200
2025-08-28 22:00:00,385.5,385.5,385.5,29991200,29991200,29991200
2025-08-29 22:00:00,398.0,398.0,398.0,29991200,29991200,29991200
2025-09-02 22:00:00,403.0,403.0,403.0,29991200,29991200,29991200
2025-09-03 22:00:00,397.75,397.75,397.75,29991200,29991200,29991200
2025-09-04 22:00:00,399.75,399.75,399.75,29991200,29991200,29991200
2025-09-05 22:00:00,399.0,399.0,399.0,29991200,29991200,29991200
2025-09-08 22:00:00,403.0,403.0,403.0,29991200,29991200,29991200
2025-09-09 22:00:00,401.25,401.25,401.25,29991200,29991200,29991200
2025-09-10 22:00:00,397.25,397.25,397.25,29991200,29991200,29991200
2025-09-11 22:00:00,399.0,399.0,399.0,29991200,29991200,29991200
2025-09-12 22:00:00,399.0,399.0,399.0,29991200,29991200,29991200
2025-09-15 22:00:00,423.25,423.25,423.25,29991200,29991200,29991200
2025-09-16 22:00:00,429.5,429.5,429.5,29991200,29991200,29991200
2025-09-17 22:00:00,426.75,426.75,426.75,29991200,29991200,29991200
2025-09-18 22:00:00,423.75,423.75,423.75,29991200,29991200,29991200
2025-09-19 22:00:00,424.0,424.0,424.0,29991200,29991200,29991200
2025-09-22 22:00:00,421.75,421.75,421.75,29991200,29991200,29991200
2025-09-23 22:00:00,426.25,426.25,426.25,29991200,29991200,29991200
2025-09-24 22:00:00,424.25,424.25,424.25,29991200,29991200,29991200
2025-09-25 22:00:00,425.75,425.75,425.75,29991200,29991200,29991200
2025-09-26 22:00:00,422.0,422.0,422.0,29991200,29991200,29991200
2025-09-29 22:00:00,421.5,421.5,421.5,29991200,29991200,29991200
2025-09-30 22:00:00,415.5,415.5,415.5,29991200,29991200,29991200
2025-10-01 22:00:00,416.5,416.5,416.5,29991200,29991200,29991200
2025-10-02 22:00:00,421.75,421.75,421.75,29991200,29991200,29991200
2025-10-03 22:00:00,419.0,419.0,419.0,29991200,29991200,29991200
2025-10-06 22:00:00,421.75,421.75,421.75,29991200,29991200,29991200
2025-10-07 22:00:00,419.75,419.75,419.75,29991200,29991200,29991200
2025-10-08 22:00:00,422.0,422.0,422.0,29991200,29991200,29991200
2025-10-09 22:00:00,418.25,418.25,418.25,29991200,29991200,29991200
2025-10-10 22:00:00,413.0,413.0,413.0,29991200,29991200,29991200
2025-10-13 22:00:00,410.75,410.75,410.75,29991200,29991200,29991200
2025-10-14 22:00:00,413.0,413.0,413.0,29991200,29991200,29991200
2025-10-15 22:00:00,416.75,416.75,416.75,29991200,29991200,29991200
2025-10-16 22:00:00,421.75,421.75,421.75,29991200,29991200,29991200
2025-10-17 22:00:00,422.5,422.5,422.5,29991200,29991200,29991200
2025-10-20 22:00:00,423.25,423.25,423.25,29991200,29991200,29991200
2025-10-21 22:00:00,419.75,419.75,419.75,29991200,29991200,29991200
2025-10-22 22:00:00,423.0,423.0,423.0,29991200,29991200,29991200
2025-10-23 22:00:00,428.0,428.0,428.0,29991200,29991200,29991200
2025-10-24 22:00:00,423.25,423.25,423.25,29991200,29991200,29991200
2025-10-27 22:00:00,428.75,428.75,428.75,29991200,29991200,29991200
2025-10-28 22:00:00,432.0,432.0,432.0,29991200,29991200,29991200
2025-10-29 22:00:00,434.0,434.0,434.0,29991200,29991200,29991200
2025-10-30 22:00:00,430.25,430.25,430.25,29991200,29991200,29991200
2025-10-31 22:00:00,431.5,431.5,431.5,29991200,29991200,29991200
2025-11-03 22:00:00,434.25,434.25,434.25,29991200,29991200,29991200
2025-11-04 22:00:00,431.5,431.5,431.5,29991200,29991200,29991200
2025-11-05 22:00:00,435.25,435.25,435.25,29991200,29991200,29991200
2025-11-06 22:00:00,428.75,428.75,428.75,29991200,29991200,29991200
2025-11-07 22:00:00,427.25,427.25,427.25,29991200,29991200,29991200
2025-11-10 22:00:00,429.75,429.75,429.75,29991200,29991200,29991200
2025-11-11 22:00:00,432.0,432.0,432.0,29991200,29991200,29991200
2025-11-12 22:00:00,435.25,435.25,435.25,29991200,29991200,29991200
2025-11-13 22:00:00,441.5,441.5,441.5,29991200,29991200,29991200
2025-11-14 22:00:00,430.25,430.25,430.25,29991200,29991200,29991200
2025-11-17 22:00:00,434.75,434.75,434.75,29991200,29991200,29991200
2025-11-18 22:00:00,436.75,436.75,436.75,29991200,29991200,29991200
2025-11-19 22:00:00,429.75,429.75,429.75,29991200,29991200,29991200
2025-11-20 22:00:00,426.5,426.5,426.5,29991200,29991200,29991200
2025-11-21 22:00:00,425.5,425.5,425.5,29991200,29991200,29991200
2025-11-24 22:00:00,423.75,423.75,423.75,29991200,29991200,29991200
2025-11-25 22:00:00,423.5,423.5,423.5,29991200,29991200,29991200
2025-11-26 22:00:00,431.75,431.75,431.75,29991200,29991200,29991200
2025-11-28 22:00:00,435.5,435.5,435.5,29991200,29991200,29991200
2025-12-01 22:00:00,432.75,432.75,432.75,29991200,29991200,29991200
2025-12-02 22:00:00,438.0,438.0,438.0,29991200,29991200,29991200
2025-12-03 22:00:00,431.5,431.5,431.5,29991200,29991200,29991200
2025-12-04 22:00:00,437.75,437.75,437.75,29991200,29991200,29991200
2025-12-05 22:00:00,436.75,436.75,436.75,29991200,29991200,29991200
2025-12-08 22:00:00,436.25,436.25,436.25,29991200,29991200,29991200
2025-12-09 22:00:00,440.75,440.75,440.75,29991200,29991200,29991200
2025-12-10 22:00:00,434.75,434.75,434.75,29991200,29991200,29991200
2025-12-11 22:00:00,435.25,435.25,435.25,29991200,29991200,29991200
2025-12-12 22:00:00,431.5,431.5,431.5,29991200,29991200,29991200
2025-12-15 22:00:00,439.75,439.75,439.75,29991200,29991200,29991200
2025-12-16 22:00:00,436.5,436.5,436.5,29991200,29991200,29991200
2025-12-17 22:00:00,440.5,440.5,440.5,29991200,29991200,29991200
2025-12-18 22:00:00,444.5,444.5,444.5,29991200,29991200,29991200
2025-12-19 22:00:00,443.75,443.75,443.75,29991200,29991200,29991200
2025-12-22 22:00:00,447.0,447.0,447.0,29991200,29991200,29991200
2025-12-23 22:00:00,447.5,447.5,447.5,29991200,29991200,29991200
2025-12-24 22:00:00,451.0,451.0,451.0,29991200,29991200,29991200
2025-12-26 22:00:00,450.0,450.0,450.0,29991200,29991200,29991200
2025-12-29 22:00:00,442.25,442.25,442.25,29991200,29991200,29991200
2025-12-30 22:00:00,440.5,440.5,440.5,29991200,29991200,29991200
2025-12-31 22:00:00,440.25,440.25,440.25,29991200,29991200,29991200
2026-01-02 22:00:00,437.5,437.5,437.5,29991200,29991200,29991200
2026-01-05 22:00:00,444.5,444.5,444.5,29991200,29991200,29991200
2026-01-06 22:00:00,444.0,444.0,444.0,29991200,29991200,29991200
2026-01-07 22:00:00,446.75,446.75,446.75,29991200,29991200,29991200
2026-01-08 22:00:00,446.0,446.0,446.0,29991200,29991200,29991200
2026-01-09 22:00:00,445.75,445.75,445.75,29991200,29991200,29991200
2026-01-12 22:00:00,421.5,421.5,421.5,29991200,29991200,29991200
2026-01-13 22:00:00,419.75,419.75,419.75,29991200,29991200,29991200
2026-01-14 22:00:00,422.0,422.0,422.0,29991200,29991200,29991200
2026-01-15 22:00:00,420.25,420.25,420.25,29991200,29991200,29991200
2026-01-16 22:00:00,424.75,424.75,424.75,29991200,29991200,29991200
2026-01-20 22:00:00,423.75,423.75,423.75,29991200,29991200,29991200
2026-01-21 22:00:00,421.75,421.75,421.75,29991200,29991200,29991200
2026-01-22 22:00:00,424.0,424.0,424.0,29991200,29991200,29991200
2026-01-23 22:00:00,430.5,430.5,430.5,29991200,29991200,29991200
2026-01-26 22:00:00,428.25,428.25,428.25,29991200,29991200,29991200
2026-01-27 22:00:00,426.5,426.5,426.5,29991200,29991200,29991200
2026-01-28 22:00:00,430.0,430.0,430.0,29991200,29991200,29991200
2026-01-29 22:00:00,430.75,430.75,430.75,29991200,29991200,29991200
2026-01-30 22:00:00,428.25,428.25,428.25,29991200,29991200,29991200
2026-02-02 22:00:00,425.75,425.75,425.75,29991200,29991200,29991200
2026-02-03 22:00:00,428.5,428.5,428.5,29991200,29991200,29991200
2026-02-04 22:00:00,429.5,429.5,429.5,29991200,29991200,29991200
2026-02-05 22:00:00,435.0,435.0,435.0,29991200,29991200,29991200
2026-02-06 22:00:00,430.25,430.25,430.25,29991200,29991200,29991200
2026-02-09 22:00:00,428.75,428.75,428.75,29991200,29991200,29991200
2026-02-10 22:00:00,428.75,428.75,428.75,29991200,29991200,29991200
2026-02-11 22:00:00,427.5,427.5,427.5,29991200,29991200,29991200
2026-02-12 22:00:00,431.25,431.25,431.25,29991200,29991200,29991200
2026-02-13 22:00:00,431.75,431.75,431.75,29991200,29991200,29991200
2026-02-17 22:00:00,426.25,426.25,426.25,29991200,29991200,29991200
2026-02-18 22:00:00,427.0,427.0,427.0,29991200,29991200,29991200
2026-02-19 22:00:00,425.75,425.75,425.75,29991200,29991200,29991200
2026-02-20 22:00:00,427.5,427.5,427.5,29991200,29991200,29991200
2026-02-23 22:00:00,427.5,427.5,427.5,29991200,29991200,29991200
2026-02-24 22:00:00,427.75,427.75,427.75,29991200,29991200,29991200
2026-02-25 22:00:00,430.5,430.5,430.5,29991200,29991200,29991200
2026-02-26 22:00:00,433.25,433.25,433.25,29991200,29991200,29991200
2026-02-27 22:00:00,438.75,438.75,438.75,29991200,29991200,29991200
2026-03-02 22:00:00,433.25,433.25,433.25,29991200,29991200,29991200
2026-03-03 22:00:00,434.25,434.25,434.25,29991200,29991200,29991200
2026-03-04 22:00:00,431.75,431.75,431.75,29991200,29991200,29991200
2026-03-05 22:00:00,441.5,441.5,441.5,29991200,29991200,29991200
2026-03-06 22:00:00,447.0,447.0,447.0,29991200,29991200,29991200
2026-03-09 22:00:00,437.5,437.5,437.5,29991200,29991200,29991200
2026-03-10 22:00:00,436.25,436.25,436.25,29991200,29991200,29991200
2026-03-11 22:00:00,444.25,444.25,444.25,29991200,29991200,29991200
2026-03-12 22:00:00,448.25,448.25,448.25,29991200,29991200,29991200
2026-03-13 22:00:00,452.5,452.5,452.5,29991200,29991200,29991200
2026-03-16 22:00:00,454.0,454.0,454.0,29991200,29991200,29991200
2026-03-17 22:00:00,454.0,454.0,454.0,29991200,29991200,29991200
2026-03-18 22:00:00,463.25,463.25,463.25,29991200,29991200,29991200
2026-03-19 22:00:00,469.75,469.75,469.75,29991200,29991200,29991200
2026-03-20 22:00:00,465.5,465.5,465.5,29991200,29991200,29991200
2026-03-23 22:00:00,459.5,459.5,459.5,29991200,29991200,29991200
2026-03-24 22:00:00,462.5,462.5,462.5,29991200,29991200,29991200
2026-03-25 22:00:00,467.25,467.25,467.25,29991200,29991200,29991200
2026-03-26 22:00:00,467.0,467.0,467.0,29991200,29991200,29991200
2026-03-27 22:00:00,462.0,462.0,462.0,29991200,29991200,29991200
2026-03-30 22:00:00,455.75,455.75,455.75,29991200,29991200,29991200
2026-03-31 22:00:00,457.75,457.75,457.75,29991200,29991200,29991200
2026-04-01 22:00:00,454.25,454.25,454.25,29991200,29991200,29991200
2026-04-02 22:00:00,452.25,452.25,452.25,29991200,29991200,29991200
2026-04-06 22:00:00,454.0,454.0,454.0,29991200,29991200,29991200
2026-04-07 22:00:00,449.0,449.0,449.0,29991200,29991200,29991200
2026-04-08 22:00:00,447.25,447.25,447.25,29991200,29991200,29991200
2026-04-09 22:00:00,444.0,444.0,444.0,29991200,29991200,29991200
2026-04-10 22:00:00,441.0,441.0,441.0,29991200,29991200,29991200
2026-04-13 22:00:00,440.25,440.25,440.25,29991200,29991200,29991200
2026-04-14 22:00:00,443.0,443.0,443.0,29991200,29991200,29991200
2026-04-15 22:00:00,451.25,451.25,451.25,29991200,29991200,29991200
2026-04-16 22:00:00,448.5,448.5,448.5,29991200,29991200,29991200
2026-04-17 22:00:00,448.75,448.75,448.75,29991200,29991200,29991200
2026-04-20 22:00:00,452.0,452.0,452.0,29991200,29991200,29991200
2026-04-21 22:00:00,453.75,453.75,453.75,29991200,29991200,29991200
2026-04-22 22:00:00,454.25,454.25,454.25,29991200,29991200,29991200
2026-04-23 22:00:00,455.5,455.5,455.5,29991200,29991200,29991200
2026-04-24 22:00:00,455.0,455.0,455.0,29991200,29991200,29991200
2026-04-27 22:00:00,460.75,460.75,460.75,29991200,29991200,29991200
2026-04-28 22:00:00,465.25,465.25,465.25,29991200,29991200,29991200
2026-04-29 22:00:00,466.5,466.5,466.5,29991200,29991200,29991200
2026-04-30 22:00:00,464.75,464.75,464.75,29991200,29991200,29991200
2026-05-01 22:00:00,468.25,468.25,468.25,29991200,29991200,29991200
2026-05-04 22:00:00,473.75,473.75,473.75,29991200,29991200,29991200
2026-05-05 22:00:00,465.5,465.5,465.5,29991200,29991200,29991200
2026-05-06 22:00:00,452.75,452.75,452.75,29991200,29991200,29991200
2026-05-07 22:00:00,452.75,452.75,452.75,29991200,29991200,29991200
2026-05-08 22:00:00,456.25,456.25,456.25,29991200,29991200,29991200
2026-05-11 22:00:00,460.75,460.75,460.75,29991200,29991200,29991200
2026-05-12 22:00:00,467.25,467.25,467.25,29991200,29991200,29991200
2026-05-13 22:00:00,466.5,466.5,466.5,29991200,29991200,29991200
2026-05-14 22:00:00,451.5,451.5,451.5,29991200,29991200,29991200
2026-05-15 22:00:00,455.75,455.75,455.75,29991200,29991200,29991200
2026-05-18 22:00:00,477.0,477.0,477.0,29991200,29991200,29991200
2026-05-19 22:00:00,475.25,475.25,475.25,29991200,29991200,29991200
2026-05-20 22:00:00,465.75,465.75,465.75,29991200,29991200,29991200
2026-05-21 22:00:00,462.25,462.25,462.25,29991200,29991200,29991200
2026-05-22 22:00:00,463.25,463.25,463.25,29991200,29991200,29991200
2026-05-26 22:00:00,457.5,457.5,457.5,29991200,29991200,29991200
2026-05-27 22:00:00,452.5,452.5,452.5,29991200,29991200,29991200
2026-05-28 22:00:00,455.75,455.75,455.75,29991200,29991200,29991200
2026-05-29 22:00:00,446.75,446.75,446.75,29991200,29991200,29991200
2026-06-01 22:00:00,444.0,444.0,444.0,29991200,29991200,29991200
2026-06-02 22:00:00,440.5,440.5,440.5,29991200,29991200,29991200
2026-06-03 22:00:00,431.5,431.5,431.5,29991200,29991200,29991200
2026-06-04 22:00:00,424.5,424.5,424.5,29991200,29991200,29991200
2026-06-05 22:00:00,417.5,417.5,417.5,29991200,29991200,29991200
2026-06-08 22:00:00,418.75,418.75,418.75,29991200,29991200,29991200
2026-06-09 22:00:00,419.5,419.5,419.5,29991200,29991200,29991200
2026-06-10 22:00:00,419.0,419.0,419.0,29991200,29991200,29991200
2026-06-11 22:00:00,411.75,411.75,411.75,29991200,29991200,29991200
2026-06-12 22:00:00,412.75,412.75,412.75,29991200,29991200,29991200
2026-06-15 22:00:00,415.5,415.5,415.5,29991200,29991200,29991200
2026-06-16 22:00:00,413.75,413.75,413.75,29991200,29991200,29991200
2026-06-17 22:00:00,421.0,421.0,421.0,29991200,29991200,29991200
2026-06-18 22:00:00,417.5,417.5,417.5,29991200,29991200,29991200
2026-06-22 22:00:00,411.5,411.5,411.5,29991200,29991200,29991200
2026-06-23 22:00:00,409.75,409.75,409.75,29991200,29991200,29991200
2026-06-24 22:00:00,407.0,407.0,407.0,29991200,29991200,29991200
2026-06-25 22:00:00,414.75,414.75,414.75,29991200,29991200,29991200
2026-06-26 22:00:00,412.75,412.75,412.75,29991200,29991200,29991200
2026-06-29 22:00:00,402.0,402.0,402.0,29991200,29991200,29991200
2026-06-30 22:00:00,412.75,412.75,412.75,29991200,29991200,29991200
2026-07-01 22:00:00,421.0,421.0,421.0,29991200,29991200,29991200
2026-07-02 22:00:00,425.0,425.0,425.0,29991200,29991200,29991200
2026-07-06 22:00:00,440.75,440.75,440.75,29991200,29991200,29991200
2026-07-07 22:00:00,442.5,442.5,442.5,29991200,29991200,29991200
2026-07-08 22:00:00,434.75,434.75,434.75,29991200,29991200,29991200
2026-07-09 22:00:00,427.75,427.75,427.75,29991200,29991200,29991200
2026-07-10 22:00:00,438.0,438.0,438.0,29991200,29991200,29991200
2026-07-13 22:00:00,437.75,437.75,437.75,29991200,29991200,29991200
2026-07-14 22:00:00,433.75,433.75,433.75,29991200,29991200,29991200
2026-07-15 22:00:00,447.5,447.5,447.5,29991200,29991200,29991200
2026-07-16 22:00:00,441.5,441.5,441.5,29991200,29991200,29991200
2026-07-17 22:00:00,444.75,444.75,444.75,29991200,29991200,29991200
2026-07-20 22:00:00,449.5,449.5,449.5,29991200,29991200,29991200
2026-07-21 22:00:00,452.75,452.75,452.75,29991200,29991200,29991200
2026-07-22 22:00:00,462.0,462.0,462.0,29991200,29991200,29991200
2026-07-23 22:00:00,464.0,464.0,464.0,29991200,29991200,29991200
2026-07-24 22:00:00,464.25,464.25,464.25,29991200,29991200,29991200
2026-07-27 22:00:00,451.75,451.75,451.75,29991200,29991200,29991200
2026-07-28 22:00:00,458.5,458.5,458.5,29991200,29991200,29991200
2026-07-29 22:00:00,449.0,449.0,449.0,29991200,29991200,29991200
2026-07-30 22:00:00,445.75,445.75,445.75,29991200,29991200,29991200
2026-07-31 22:00:00,440.75,440.75,440.75,29991200,29991200,29991200
2026-08-03 22:00:00,449.25,449.25,449.25,29991200,29991200,29991200
2026-08-04 22:00:00,442.25,442.25,442.25,29991200,29991200,29991200
2026-08-05 22:00:00,436.75,436.75,436.75,29991200,29991200,29991200
2026-08-06 22:00:00,439.0,439.0,439.0,29991200,29991200,29991200
2026-08-07 22:00:00,439.0,439.0,439.0,29991200,29991200,29991200
2026-08-10 22:00:00,438.25,438.25,438.25,29991200,29991200,29991200
2026-08-11 22:00:00,436.75,436.75,436.75,29991200,29991200,29991200
2026-08-12 22:00:00,457.0,457.0,457.0,29991200,29991200,29991200
2026-08-13 22:00:00,448.0,448.0,448.0,29991200,29991200,29991200
2026-08-14 22:00:00,459.0,459.0,459.0,29991200,29991200,29991200
2026-08-17 22:00:00,465.0,465.0,465.0,29991200,29991200,29991200
2026-08-18 22:00:00,463.25,463.25,463.25,29991200,29991200,29991200
2026-08-19 22:00:00,473.0,473.0,473.0,29991200,29991200,29991200
2026-08-20 21:00:00,5.059,5.059,5.059,29991200,29991200,29991200
2026-08-20 22:00:00,478.75,478.75,478.75,29991200,29991200,29991200
2026-08-21 22:00:00,483.75,483.75,483.75,29991200,29991200,29991200
2026-08-23 21:00:00,5.131,5.131,5.131,29991200,29991200,29991200
2026-08-24 21:00:00,5.223,5.223,5.223,29991200,29991200,29991200
2026-08-25 21:00:00,5.352,5.352,5.352,29991200,29991200,29991200
2026-08-26 21:00:00,5.313,5.313,5.313,29991200,29991200,29991200
2026-08-27 21:00:00,5.362,5.362,5.362,29991200,29991200,29991200
