DATETIME,PRICE,CARRY,FORWARD,PRICE_CONTRACT,CARRY_CONTRACT,FORWARD_CONTRACT
2000-08-30 22:00:00,4.804999828338623,4.804999828338623,4.804999828338623,29991200,29991200,29991200
2000-08-31 22:00:00,4.78000020980835,4.78000020980835,4.78000020980835,29991200,29991200,29991200
2000-09-01 22:00:00,4.835000038146973,4.835000038146973,4.835000038146973,29991200,29991200,29991200
2000-09-05 22:00:00,4.960000038146973,4.960000038146973,4.960000038146973,29991200,29991200,29991200
2000-09-06 22:00:00,5.065000057220459,5.065000057220459,5.065000057220459,29991200,29991200,29991200
2000-09-07 22:00:00,4.998000144958496,4.998000144958496,4.998000144958496,29991200,29991200,29991200
2000-09-08 22:00:00,4.880000114440918,4.880000114440918,4.880000114440918,29991200,29991200,29991200
2000-09-11 22:00:00,5.014999866485596,5.014999866485596,5.014999866485596,29991200,29991200,29991200
2000-09-12 22:00:00,5.005000114440918,5.005000114440918,5.005000114440918,29991200,29991200,29991200
2000-09-13 22:00:00,5.054999828338623,5.054999828338623,5.054999828338623,29991200,29991200,29991200
2000-09-14 22:00:00,5.195000171661377,5.195000171661377,5.195000171661377,29991200,29991200,29991200
2000-09-15 22:00:00,5.204999923706055,5.204999923706055,5.204999923706055,29991200,29991200,29991200
2000-09-18 22:00:00,5.295000076293945,5.295000076293945,5.295000076293945,29991200,29991200,29991200
2000-09-19 22:00:00,5.369999885559082,5.369999885559082,5.369999885559082,29991200,29991200,29991200
2000-09-20 22:00:00,5.320000171661377,5.320000171661377,5.320000171661377,29991200,29991200,29991200
2000-09-21 22:00:00,5.287000179290772,5.287000179290772,5.287000179290772,29991200,29991200,29991200
2000-09-22 22:00:00,5.13100004196167,5.13100004196167,5.13100004196167,29991200,29991200,29991200
2000-09-25 22:00:00,5.276000022888184,5.276000022888184,5.276000022888184,29991200,29991200,29991200
2000-09-26 22:00:00,5.360000133514404,5.360000133514404,5.360000133514404,29991200,29991200,29991200
2000-09-27 22:00:00,5.329999923706055,5.329999923706055,5.329999923706055,29991200,29991200,29991200
2000-09-28 22:00:00,5.139999866485596,5.139999866485596,5.139999866485596,29991200,29991200,29991200
2000-09-29 22:00:00,5.199999809265137,5.199999809265137,5.199999809265137,29991200,29991200,29991200
2000-10-02 22:00:00,5.352000236511231,5.352000236511231,5.352000236511231,29991200,29991200,29991200
2000-10-03 22:00:00,5.3480000495910645,5.3480000495910645,5.3480000495910645,29991200,29991200,29991200
2000-10-04 22:00:00,5.289999961853027,5.289999961853027,5.289999961853027,29991200,29991200,29991200
2000-10-05 22:00:00,5.151999950408936,5.151999950408936,5.151999950408936,29991200,29991200,29991200
2000-10-06 22:00:00,5.0,5.0,5.0,29991200,29991200,29991200
2000-10-09 22:00:00,5.150000095367432,5.150000095367432,5.150000095367432,29991200,29991200,29991200
2000-10-10 22:00:00,5.133999824523926,5.133999824523926,5.133999824523926,29991200,29991200,29991200
2000-10-11 22:00:00,5.585000038146973,5.585000038146973,5.585000038146973,29991200,29991200,29991200
2000-10-12 22:00:00,5.625,5.625,5.625,29991200,29991200,29991200
2000-10-13 22:00:00,5.534999847412109,5.534999847412109,5.534999847412109,29991200,29991200,29991200
2000-10-16 22:00:00,5.355000019073486,5.355000019073486,5.355000019073486,29991200,29991200,29991200
2000-10-17 22:00:00,5.460000038146973,5.460000038146973,5.460000038146973,29991200,29991200,29991200
2000-10-18 22:00:00,5.210000038146973,5.210000038146973,5.210000038146973,29991200,29991200,29991200
2000-10-19 22:00:00,4.960000038146973,4.960000038146973,4.960000038146973,29991200,29991200,29991200
2000-10-20 22:00:00,4.936999797821045,4.936999797821045,4.936999797821045,29991200,29991200,29991200
2000-10-23 22:00:00,5.072000026702881,5.072000026702881,5.072000026702881,29991200,29991200,29991200
2000-10-24 22:00:00,4.820000171661377,4.820000171661377,4.820000171661377,29991200,29991200,29991200
2000-10-25 22:00:00,4.650000095367432,4.650000095367432,4.650000095367432,29991200,29991200,29991200
2000-10-26 22:00:00,4.65500020980835,4.65500020980835,4.65500020980835,29991200,29991200,29991200
2000-10-27 22:00:00,4.53000020980835,4.53000020980835,4.53000020980835,29991200,29991200,29991200
2000-10-30 22:00:00,4.480000019073486,4.480000019073486,4.480000019073486,29991200,29991200,29991200
2000-10-31 22:00:00,4.5,4.5,4.5,29991200,29991200,29991200
2000-11-01 22:00:00,4.685999870300293,4.685999870300293,4.685999870300293,29991200,29991200,29991200
2000-11-02 22:00:00,4.760000228881836,4.760000228881836,4.760000228881836,29991200,29991200,29991200
2000-11-03 22:00:00,4.909999847412109,4.909999847412109,4.909999847412109,29991200,29991200,29991200
2000-11-06 22:00:00,4.848999977111816,4.848999977111816,4.848999977111816,29991200,29991200,29991200
2000-11-07 22:00:00,5.079999923706055,5.079999923706055,5.079999923706055,29991200,29991200,29991200
2000-11-08 22:00:00,5.340000152587891,5.340000152587891,5.340000152587891,29991200,29991200,29991200
2000-11-09 22:00:00,5.445000171661377,5.445000171661377,5.445000171661377,29991200,29991200,29991200
2000-11-10 22:00:00,5.460000038146973,5.460000038146973,5.460000038146973,29991200,29991200,29991200
2000-11-13 22:00:00,5.690000057220459,5.690000057220459,5.690000057220459,29991200,29991200,29991200
2000-11-14 22:00:00,6.019999980926514,6.019999980926514,6.019999980926514,29991200,29991200,29991200
2000-11-15 22:00:00,6.239999771118164,6.239999771118164,6.239999771118164,29991200,29991200,29991200
2000-11-16 22:00:00,5.789999961853027,5.789999961853027,5.789999961853027,29991200,29991200,29991200
2000-11-17 22:00:00,6.119999885559082,6.119999885559082,6.119999885559082,29991200,29991200,29991200
2000-11-20 22:00:00,6.239999771118164,6.239999771118164,6.239999771118164,29991200,29991200,29991200
2000-11-21 22:00:00,6.409999847412109,6.409999847412109,6.409999847412109,29991200,29991200,29991200
2000-11-22 22:00:00,6.577000141143799,6.577000141143799,6.577000141143799,29991200,29991200,29991200
2000-11-27 22:00:00,6.380000114440918,6.380000114440918,6.380000114440918,29991200,29991200,29991200
2000-11-28 22:00:00,6.070000171661377,6.070000171661377,6.070000171661377,29991200,29991200,29991200
2000-11-29 22:00:00,6.179999828338623,6.179999828338623,6.179999828338623,29991200,29991200,29991200
2000-11-30 22:00:00,6.579999923706055,6.579999923706055,6.579999923706055,29991200,29991200,29991200
2000-12-01 22:00:00,6.675000190734863,6.675000190734863,6.675000190734863,29991200,29991200,29991200
2000-12-04 22:00:00,7.449999809265137,7.449999809265137,7.449999809265137,29991200,29991200,29991200
2000-12-05 22:00:00,7.409999847412109,7.409999847412109,7.409999847412109,29991200,29991200,29991200
2000-12-06 22:00:00,8.449999809265137,8.449999809265137,8.449999809265137,29991200,29991200,29991200
2000-12-07 22:00:00,8.399999618530273,8.399999618530273,8.399999618530273,29991200,29991200,29991200
2000-12-08 22:00:00,8.585000038146973,8.585000038146973,8.585000038146973,29991200,29991200,29991200
2000-12-11 22:00:00,9.420000076293944,9.420000076293944,9.420000076293944,29991200,29991200,29991200
2000-12-12 22:00:00,8.199999809265137,8.199999809265137,8.199999809265137,29991200,29991200,29991200
2000-12-13 22:00:00,7.599999904632568,7.599999904632568,7.599999904632568,29991200,29991200,29991200
2000-12-14 22:00:00,7.413000106811523,7.413000106811523,7.413000106811523,29991200,29991200,29991200
2000-12-15 22:00:00,8.399999618530273,8.399999618530273,8.399999618530273,29991200,29991200,29991200
2000-12-18 22:00:00,8.527000427246094,8.527000427246094,8.527000427246094,29991200,29991200,29991200
2000-12-19 22:00:00,9.10200023651123,9.10200023651123,9.10200023651123,29991200,29991200,29991200
2000-12-20 22:00:00,9.359999656677246,9.359999656677246,9.359999656677246,29991200,29991200,29991200
2000-12-21 22:00:00,9.850000381469728,9.850000381469728,9.850000381469728,29991200,29991200,29991200
2000-12-22 22:00:00,9.57900047302246,9.57900047302246,9.57900047302246,29991200,29991200,29991200
2000-12-26 22:00:00,9.800000190734863,9.800000190734863,9.800000190734863,29991200,29991200,29991200
2000-12-27 22:00:00,10.039999961853027,10.039999961853027,10.039999961853027,29991200,29991200,29991200
2000-12-28 22:00:00,9.262999534606934,9.262999534606934,9.262999534606934,29991200,29991200,29991200
2000-12-29 22:00:00,9.774999618530272,9.774999618530272,9.774999618530272,29991200,29991200,29991200
2001-01-02 22:00:00,8.36400032043457,8.36400032043457,8.36400032043457,29991200,29991200,29991200
2001-01-03 22:00:00,8.220000267028809,8.220000267028809,8.220000267028809,29991200,29991200,29991200
2001-01-04 22:00:00,9.0,9.0,9.0,29991200,29991200,29991200
2001-01-05 22:00:00,9.25,9.25,9.25,29991200,29991200,29991200
2001-01-08 22:00:00,9.699999809265137,9.699999809265137,9.699999809265137,29991200,29991200,29991200
2001-01-09 22:00:00,9.800000190734863,9.800000190734863,9.800000190734863,29991200,29991200,29991200
2001-01-10 22:00:00,9.18000030517578,9.18000030517578,9.18000030517578,29991200,29991200,29991200
2001-01-11 22:00:00,8.710000038146973,8.710000038146973,8.710000038146973,29991200,29991200,29991200
2001-01-12 22:00:00,8.472000122070312,8.472000122070312,8.472000122070312,29991200,29991200,29991200
2001-01-16 22:00:00,8.102999687194824,8.102999687194824,8.102999687194824,29991200,29991200,29991200
2001-01-17 22:00:00,6.908999919891357,6.908999919891357,6.908999919891357,29991200,29991200,29991200
2001-01-18 22:00:00,7.136000156402588,7.136000156402588,7.136000156402588,29991200,29991200,29991200
2001-01-19 22:00:00,7.480000019073486,7.480000019073486,7.480000019073486,29991200,29991200,29991200
2001-01-22 22:00:00,7.456999778747559,7.456999778747559,7.456999778747559,29991200,29991200,29991200
2001-01-23 22:00:00,6.946000099182129,6.946000099182129,6.946000099182129,29991200,29991200,29991200
2001-01-24 22:00:00,7.119999885559082,7.119999885559082,7.119999885559082,29991200,29991200,29991200
2001-01-25 22:00:00,7.269999980926514,7.269999980926514,7.269999980926514,29991200,29991200,29991200
2001-01-26 22:00:00,7.28000020980835,7.28000020980835,7.28000020980835,29991200,29991200,29991200
2001-01-29 22:00:00,6.619999885559082,6.619999885559082,6.619999885559082,29991200,29991200,29991200
2001-01-30 22:00:00,6.0970001220703125,6.0970001220703125,6.0970001220703125,29991200,29991200,29991200
2001-01-31 22:00:00,5.650000095367432,5.650000095367432,5.650000095367432,29991200,29991200,29991200
2001-02-01 22:00:00,6.400000095367432,6.400000095367432,6.400000095367432,29991200,29991200,29991200
2001-02-02 22:00:00,6.743000030517578,6.743000030517578,6.743000030517578,29991200,29991200,29991200
2001-02-05 22:00:00,5.705999851226807,5.705999851226807,5.705999851226807,29991200,29991200,29991200
2001-02-06 22:00:00,5.763999938964844,5.763999938964844,5.763999938964844,29991200,29991200,29991200
2001-02-07 22:00:00,6.25,6.25,6.25,29991200,29991200,29991200
2001-02-08 22:00:00,6.170000076293945,6.170000076293945,6.170000076293945,29991200,29991200,29991200
2001-02-09 22:00:00,6.210000038146973,6.210000038146973,6.210000038146973,29991200,29991200,29991200
2001-02-12 22:00:00,5.809999942779541,5.809999942779541,5.809999942779541,29991200,29991200,29991200
2001-02-13 22:00:00,6.019999980926514,6.019999980926514,6.019999980926514,29991200,29991200,29991200
2001-02-14 22:00:00,5.510000228881836,5.510000228881836,5.510000228881836,29991200,29991200,29991200
2001-02-15 22:00:00,5.59499979019165,5.59499979019165,5.59499979019165,29991200,29991200,29991200
2001-02-16 22:00:00,5.567999839782715,5.567999839782715,5.567999839782715,29991200,29991200,29991200
2001-02-20 22:00:00,5.269999980926514,5.269999980926514,5.269999980926514,29991200,29991200,29991200
2001-02-21 22:00:00,5.150000095367432,5.150000095367432,5.150000095367432,29991200,29991200,29991200
2001-02-22 22:00:00,5.139999866485596,5.139999866485596,5.139999866485596,29991200,29991200,29991200
2001-02-23 22:00:00,5.150000095367432,5.150000095367432,5.150000095367432,29991200,29991200,29991200
2001-02-26 22:00:00,5.059999942779541,5.059999942779541,5.059999942779541,29991200,29991200,29991200
2001-02-27 22:00:00,5.289999961853027,5.289999961853027,5.289999961853027,29991200,29991200,29991200
2001-02-28 22:00:00,5.244999885559082,5.244999885559082,5.244999885559082,29991200,29991200,29991200
2001-03-01 22:00:00,5.184999942779541,5.184999942779541,5.184999942779541,29991200,29991200,29991200
2001-03-02 22:00:00,5.275000095367432,5.275000095367432,5.275000095367432,29991200,29991200,29991200
2001-03-05 22:00:00,5.335999965667725,5.335999965667725,5.335999965667725,29991200,29991200,29991200
2001-03-06 22:00:00,5.309999942779541,5.309999942779541,5.309999942779541,29991200,29991200,29991200
2001-03-07 22:00:00,5.349999904632568,5.349999904632568,5.349999904632568,29991200,29991200,29991200
2001-03-08 22:00:00,5.289999961853027,5.289999961853027,5.289999961853027,29991200,29991200,29991200
2001-03-09 22:00:00,5.079999923706055,5.079999923706055,5.079999923706055,29991200,29991200,29991200
2001-03-12 22:00:00,5.170000076293945,5.170000076293945,5.170000076293945,29991200,29991200,29991200
2001-03-13 22:00:00,5.010000228881836,5.010000228881836,5.010000228881836,29991200,29991200,29991200
2001-03-14 22:00:00,4.920000076293945,4.920000076293945,4.920000076293945,29991200,29991200,29991200
2001-03-15 22:00:00,4.934999942779541,4.934999942779541,4.934999942779541,29991200,29991200,29991200
2001-03-16 22:00:00,5.03000020980835,5.03000020980835,5.03000020980835,29991200,29991200,29991200
2001-03-19 22:00:00,5.065000057220459,5.065000057220459,5.065000057220459,29991200,29991200,29991200
2001-03-20 22:00:00,5.28000020980835,5.28000020980835,5.28000020980835,29991200,29991200,29991200
2001-03-21 22:00:00,5.050000190734863,5.050000190734863,5.050000190734863,29991200,29991200,29991200
2001-03-22 22:00:00,5.215000152587891,5.215000152587891,5.215000152587891,29991200,29991200,29991200
2001-03-23 22:00:00,5.269999980926514,5.269999980926514,5.269999980926514,29991200,29991200,29991200
2001-03-26 22:00:00,5.320000171661377,5.320000171661377,5.320000171661377,29991200,29991200,29991200
2001-03-27 22:00:00,5.625,5.625,5.625,29991200,29991200,29991200
2001-03-28 22:00:00,5.409999847412109,5.409999847412109,5.409999847412109,29991200,29991200,29991200
2001-03-29 22:00:00,5.275000095367432,5.275000095367432,5.275000095367432,29991200,29991200,29991200
2001-03-30 22:00:00,5.03000020980835,5.03000020980835,5.03000020980835,29991200,29991200,29991200
2001-04-02 22:00:00,5.103000164031982,5.103000164031982,5.103000164031982,29991200,29991200,29991200
2001-04-03 22:00:00,5.114999771118164,5.114999771118164,5.114999771118164,29991200,29991200,29991200
2001-04-04 22:00:00,5.182000160217285,5.182000160217285,5.182000160217285,29991200,29991200,29991200
2001-04-05 22:00:00,5.429999828338623,5.429999828338623,5.429999828338623,29991200,29991200,29991200
2001-04-06 22:00:00,5.388000011444092,5.388000011444092,5.388000011444092,29991200,29991200,29991200
2001-04-09 22:00:00,5.477000236511231,5.477000236511231,5.477000236511231,29991200,29991200,29991200
2001-04-10 22:00:00,5.559000015258789,5.559000015258789,5.559000015258789,29991200,29991200,29991200
2001-04-11 22:00:00,5.380000114440918,5.380000114440918,5.380000114440918,29991200,29991200,29991200
2001-04-12 22:00:00,5.38100004196167,5.38100004196167,5.38100004196167,29991200,29991200,29991200
2001-04-16 22:00:00,5.515999794006348,5.515999794006348,5.515999794006348,29991200,29991200,29991200
2001-04-17 22:00:00,5.248000144958496,5.248000144958496,5.248000144958496,29991200,29991200,29991200
2001-04-18 22:00:00,5.1479997634887695,5.1479997634887695,5.1479997634887695,29991200,29991200,29991200
2001-04-19 22:00:00,5.110000133514404,5.110000133514404,5.110000133514404,29991200,29991200,29991200
2001-04-20 22:00:00,5.127999782562256,5.127999782562256,5.127999782562256,29991200,29991200,29991200
2001-04-23 22:00:00,5.125,5.125,5.125,29991200,29991200,29991200
2001-04-24 22:00:00,5.078000068664551,5.078000068664551,5.078000068664551,29991200,29991200,29991200
2001-04-25 22:00:00,4.960000038146973,4.960000038146973,4.960000038146973,29991200,29991200,29991200
2001-04-26 22:00:00,4.890999794006348,4.890999794006348,4.890999794006348,29991200,29991200,29991200
2001-04-27 22:00:00,4.867000102996826,4.867000102996826,4.867000102996826,29991200,29991200,29991200
2001-04-30 22:00:00,4.695000171661377,4.695000171661377,4.695000171661377,29991200,29991200,29991200
2001-05-01 22:00:00,4.640999794006348,4.640999794006348,4.640999794006348,29991200,29991200,29991200
2001-05-02 22:00:00,4.482999801635742,4.482999801635742,4.482999801635742,29991200,29991200,29991200
2001-05-03 22:00:00,4.526999950408936,4.526999950408936,4.526999950408936,29991200,29991200,29991200
2001-05-04 22:00:00,4.489999771118164,4.489999771118164,4.489999771118164,29991200,29991200,29991200
2001-05-07 22:00:00,4.238999843597412,4.238999843597412,4.238999843597412,29991200,29991200,29991200
2001-05-08 22:00:00,4.27899980545044,4.27899980545044,4.27899980545044,29991200,29991200,29991200
2001-05-09 22:00:00,4.199999809265137,4.199999809265137,4.199999809265137,29991200,29991200,29991200
2001-05-10 22:00:00,4.3480000495910645,4.3480000495910645,4.3480000495910645,29991200,29991200,29991200
2001-05-11 22:00:00,4.277999877929688,4.277999877929688,4.277999877929688,29991200,29991200,29991200
2001-05-14 22:00:00,4.394000053405762,4.394000053405762,4.394000053405762,29991200,29991200,29991200
2001-05-15 22:00:00,4.652999877929688,4.652999877929688,4.652999877929688,29991200,29991200,29991200
2001-05-16 22:00:00,4.297999858856201,4.297999858856201,4.297999858856201,29991200,29991200,29991200
2001-05-17 22:00:00,4.248000144958496,4.248000144958496,4.248000144958496,29991200,29991200,29991200
2001-05-18 22:00:00,4.290999889373779,4.290999889373779,4.290999889373779,29991200,29991200,29991200
2001-05-21 22:00:00,4.110000133514404,4.110000133514404,4.110000133514404,29991200,29991200,29991200
2001-05-22 22:00:00,4.123000144958496,4.123000144958496,4.123000144958496,29991200,29991200,29991200
2001-05-23 22:00:00,4.11299991607666,4.11299991607666,4.11299991607666,29991200,29991200,29991200
2001-05-24 22:00:00,4.053999900817871,4.053999900817871,4.053999900817871,29991200,29991200,29991200
2001-05-25 22:00:00,3.973000049591065,3.973000049591065,3.973000049591065,29991200,29991200,29991200
2001-05-29 22:00:00,3.73799991607666,3.73799991607666,3.73799991607666,29991200,29991200,29991200
2001-05-30 22:00:00,3.9809999465942383,3.9809999465942383,3.9809999465942383,29991200,29991200,29991200
2001-05-31 22:00:00,3.9140000343322754,3.9140000343322754,3.9140000343322754,29991200,29991200,29991200
2001-06-01 22:00:00,3.930000066757202,3.930000066757202,3.930000066757202,29991200,29991200,29991200
2001-06-04 22:00:00,4.068999767303467,4.068999767303467,4.068999767303467,29991200,29991200,29991200
2001-06-05 22:00:00,3.891999959945679,3.891999959945679,3.891999959945679,29991200,29991200,29991200
2001-06-06 22:00:00,3.8010001182556152,3.8010001182556152,3.8010001182556152,29991200,29991200,29991200
2001-06-07 22:00:00,3.7899999618530273,3.7899999618530273,3.7899999618530273,29991200,29991200,29991200
2001-06-08 22:00:00,3.921999931335449,3.921999931335449,3.921999931335449,29991200,29991200,29991200
2001-06-11 22:00:00,4.178999900817871,4.178999900817871,4.178999900817871,29991200,29991200,29991200
2001-06-12 22:00:00,4.301000118255615,4.301000118255615,4.301000118255615,29991200,29991200,29991200
2001-06-13 22:00:00,4.111999988555908,4.111999988555908,4.111999988555908,29991200,29991200,29991200
2001-06-14 22:00:00,4.038000106811523,4.038000106811523,4.038000106811523,29991200,29991200,29991200
2001-06-15 22:00:00,3.9790000915527344,3.9790000915527344,3.9790000915527344,29991200,29991200,29991200
2001-06-18 22:00:00,3.938999891281128,3.938999891281128,3.938999891281128,29991200,29991200,29991200
2001-06-19 22:00:00,3.9809999465942383,3.9809999465942383,3.9809999465942383,29991200,29991200,29991200
2001-06-20 22:00:00,3.740000009536743,3.740000009536743,3.740000009536743,29991200,29991200,29991200
2001-06-21 22:00:00,3.746999979019165,3.746999979019165,3.746999979019165,29991200,29991200,29991200
2001-06-22 22:00:00,3.742000102996826,3.742000102996826,3.742000102996826,29991200,29991200,29991200
2001-06-25 22:00:00,3.446000099182129,3.446000099182129,3.446000099182129,29991200,29991200,29991200
2001-06-26 22:00:00,3.3970000743865967,3.3970000743865967,3.3970000743865967,29991200,29991200,29991200
2001-06-27 22:00:00,3.2100000381469727,3.2100000381469727,3.2100000381469727,29991200,29991200,29991200
2001-06-28 22:00:00,3.275000095367432,3.275000095367432,3.275000095367432,29991200,29991200,29991200
2001-06-29 22:00:00,3.095999956130981,3.095999956130981,3.095999956130981,29991200,29991200,29991200
2001-07-02 22:00:00,3.117000102996826,3.117000102996826,3.117000102996826,29991200,29991200,29991200
2001-07-03 22:00:00,3.200999975204468,3.200999975204468,3.200999975204468,29991200,29991200,29991200
2001-07-05 22:00:00,3.135999917984009,3.135999917984009,3.135999917984009,29991200,29991200,29991200
2001-07-06 22:00:00,3.234999895095825,3.234999895095825,3.234999895095825,29991200,29991200,29991200
2001-07-09 22:00:00,3.1530001163482666,3.1530001163482666,3.1530001163482666,29991200,29991200,29991200
2001-07-10 22:00:00,3.282000064849853,3.282000064849853,3.282000064849853,29991200,29991200,29991200
2001-07-11 22:00:00,3.365000009536743,3.365000009536743,3.365000009536743,29991200,29991200,29991200
2001-07-12 22:00:00,3.427999973297119,3.427999973297119,3.427999973297119,29991200,29991200,29991200
2001-07-13 22:00:00,3.25,3.25,3.25,29991200,29991200,29991200
2001-07-16 22:00:00,3.068000078201294,3.068000078201294,3.068000078201294,29991200,29991200,29991200
2001-07-17 22:00:00,3.164999961853028,3.164999961853028,3.164999961853028,29991200,29991200,29991200
2001-07-18 22:00:00,3.086999893188477,3.086999893188477,3.086999893188477,29991200,29991200,29991200
2001-07-19 22:00:00,2.938999891281128,2.938999891281128,2.938999891281128,29991200,29991200,29991200
2001-07-20 22:00:00,2.9549999237060547,2.9549999237060547,2.9549999237060547,29991200,29991200,29991200
2001-07-23 22:00:00,2.977999925613404,2.977999925613404,2.977999925613404,29991200,29991200,29991200
2001-07-24 22:00:00,2.970000028610229,2.970000028610229,2.970000028610229,29991200,29991200,29991200
2001-07-25 22:00:00,3.276000022888184,3.276000022888184,3.276000022888184,29991200,29991200,29991200
2001-07-26 22:00:00,3.128000020980835,3.128000020980835,3.128000020980835,29991200,29991200,29991200
2001-07-27 22:00:00,3.1670000553131104,3.1670000553131104,3.1670000553131104,29991200,29991200,29991200
2001-07-30 22:00:00,3.352999925613404,3.352999925613404,3.352999925613404,29991200,29991200,29991200
2001-07-31 22:00:00,3.2960000038146973,3.2960000038146973,3.2960000038146973,29991200,29991200,29991200
2001-08-01 22:00:00,3.0810000896453857,3.0810000896453857,3.0810000896453857,29991200,29991200,29991200
2001-08-02 22:00:00,3.191999912261963,3.191999912261963,3.191999912261963,29991200,29991200,29991200
2001-08-03 22:00:00,2.970999956130981,2.970999956130981,2.970999956130981,29991200,29991200,29991200
2001-08-06 22:00:00,3.0269999504089355,3.0269999504089355,3.0269999504089355,29991200,29991200,29991200
2001-08-07 22:00:00,2.970999956130981,2.970999956130981,2.970999956130981,29991200,29991200,29991200
2001-08-08 22:00:00,3.0360000133514404,3.0360000133514404,3.0360000133514404,29991200,29991200,29991200
2001-08-09 22:00:00,2.9560000896453857,2.9560000896453857,2.9560000896453857,29991200,29991200,29991200
2001-08-10 22:00:00,3.039999961853028,3.039999961853028,3.039999961853028,29991200,29991200,29991200
2001-08-13 22:00:00,2.999000072479248,2.999000072479248,2.999000072479248,29991200,29991200,29991200
2001-08-14 22:00:00,3.094000101089477,3.094000101089477,3.094000101089477,29991200,29991200,29991200
2001-08-15 22:00:00,3.4679999351501465,3.4679999351501465,3.4679999351501465,29991200,29991200,29991200
2001-08-16 22:00:00,3.359999895095825,3.359999895095825,3.359999895095825,29991200,29991200,29991200
2001-08-17 22:00:00,3.302999973297119,3.302999973297119,3.302999973297119,29991200,29991200,29991200
2001-08-20 22:00:00,3.187000036239624,3.187000036239624,3.187000036239624,29991200,29991200,29991200
2001-08-21 22:00:00,3.16599988937378,3.16599988937378,3.16599988937378,29991200,29991200,29991200
2001-08-22 22:00:00,2.845000028610229,2.845000028610229,2.845000028610229,29991200,29991200,29991200
2001-08-23 22:00:00,2.811000108718872,2.811000108718872,2.811000108718872,29991200,29991200,29991200
2001-08-24 22:00:00,2.7060000896453857,2.7060000896453857,2.7060000896453857,29991200,29991200,29991200
2001-08-27 22:00:00,2.5439999103546143,2.5439999103546143,2.5439999103546143,29991200,29991200,29991200
2001-08-28 22:00:00,2.4200000762939453,2.4200000762939453,2.4200000762939453,29991200,29991200,29991200
2001-08-29 22:00:00,2.3399999141693115,2.3399999141693115,2.3399999141693115,29991200,29991200,29991200
2001-08-30 22:00:00,2.3949999809265137,2.3949999809265137,2.3949999809265137,29991200,29991200,29991200
2001-08-31 22:00:00,2.380000114440918,2.380000114440918,2.380000114440918,29991200,29991200,29991200
2001-09-04 22:00:00,2.358999967575073,2.358999967575073,2.358999967575073,29991200,29991200,29991200
2001-09-05 22:00:00,2.4200000762939453,2.4200000762939453,2.4200000762939453,29991200,29991200,29991200
2001-09-06 22:00:00,2.440000057220459,2.440000057220459,2.440000057220459,29991200,29991200,29991200
2001-09-07 22:00:00,2.5,2.5,2.5,29991200,29991200,29991200
2001-09-10 22:00:00,2.3919999599456787,2.3919999599456787,2.3919999599456787,29991200,29991200,29991200
2001-09-14 22:00:00,2.552000045776367,2.552000045776367,2.552000045776367,29991200,29991200,29991200
2001-09-17 22:00:00,2.36899995803833,2.36899995803833,2.36899995803833,29991200,29991200,29991200
2001-09-18 22:00:00,2.2249999046325684,2.2249999046325684,2.2249999046325684,29991200,29991200,29991200
2001-09-19 22:00:00,2.101999998092652,2.101999998092652,2.101999998092652,29991200,29991200,29991200
2001-09-20 22:00:00,2.13700008392334,2.13700008392334,2.13700008392334,29991200,29991200,29991200
2001-09-21 22:00:00,2.102999925613404,2.102999925613404,2.102999925613404,29991200,29991200,29991200
2001-09-24 22:00:00,1.909999966621399,1.909999966621399,1.909999966621399,29991200,29991200,29991200
2001-09-25 22:00:00,1.924999952316284,1.924999952316284,1.924999952316284,29991200,29991200,29991200
2001-09-26 22:00:00,1.830000042915344,1.830000042915344,1.830000042915344,29991200,29991200,29991200
2001-09-27 22:00:00,2.253000020980835,2.253000020980835,2.253000020980835,29991200,29991200,29991200
2001-09-28 22:00:00,2.24399995803833,2.24399995803833,2.24399995803833,29991200,29991200,29991200
2001-10-01 22:00:00,2.2079999446868896,2.2079999446868896,2.2079999446868896,29991200,29991200,29991200
2001-10-02 22:00:00,2.2679998874664307,2.2679998874664307,2.2679998874664307,29991200,29991200,29991200
2001-10-03 22:00:00,2.319999933242798,2.319999933242798,2.319999933242798,29991200,29991200,29991200
2001-10-04 22:00:00,2.4140000343322754,2.4140000343322754,2.4140000343322754,29991200,29991200,29991200
2001-10-05 22:00:00,2.226999998092652,2.226999998092652,2.226999998092652,29991200,29991200,29991200
2001-10-08 22:00:00,2.2699999809265137,2.2699999809265137,2.2699999809265137,29991200,29991200,29991200
2001-10-09 22:00:00,2.388000011444092,2.388000011444092,2.388000011444092,29991200,29991200,29991200
2001-10-10 22:00:00,2.4800000190734863,2.4800000190734863,2.4800000190734863,29991200,29991200,29991200
2001-10-11 22:00:00,2.5309998989105225,2.5309998989105225,2.5309998989105225,29991200,29991200,29991200
2001-10-12 22:00:00,2.430000066757202,2.430000066757202,2.430000066757202,29991200,29991200,29991200
2001-10-15 22:00:00,2.378000020980835,2.378000020980835,2.378000020980835,29991200,29991200,29991200
2001-10-16 22:00:00,2.5920000076293945,2.5920000076293945,2.5920000076293945,29991200,29991200,29991200
2001-10-17 22:00:00,2.4179999828338623,2.4179999828338623,2.4179999828338623,29991200,29991200,29991200
2001-10-18 22:00:00,2.486000061035156,2.486000061035156,2.486000061035156,29991200,29991200,29991200
2001-10-19 22:00:00,2.680999994277954,2.680999994277954,2.680999994277954,29991200,29991200,29991200
2001-10-22 22:00:00,2.806999921798706,2.806999921798706,2.806999921798706,29991200,29991200,29991200
2001-10-23 22:00:00,2.680999994277954,2.680999994277954,2.680999994277954,29991200,29991200,29991200
2001-10-24 22:00:00,2.9809999465942383,2.9809999465942383,2.9809999465942383,29991200,29991200,29991200
2001-10-25 22:00:00,2.937999963760376,2.937999963760376,2.937999963760376,29991200,29991200,29991200
2001-10-26 22:00:00,3.04099988937378,3.04099988937378,3.04099988937378,29991200,29991200,29991200
2001-10-29 22:00:00,3.20199990272522,3.20199990272522,3.20199990272522,29991200,29991200,29991200
2001-10-30 22:00:00,3.183000087738037,3.183000087738037,3.183000087738037,29991200,29991200,29991200
2001-10-31 22:00:00,3.29099988937378,3.29099988937378,3.29099988937378,29991200,29991200,29991200
2001-11-01 22:00:00,3.289999961853028,3.289999961853028,3.289999961853028,29991200,29991200,29991200
2001-11-02 22:00:00,3.247999906539917,3.247999906539917,3.247999906539917,29991200,29991200,29991200
2001-11-05 22:00:00,2.921999931335449,2.921999931335449,2.921999931335449,29991200,29991200,29991200
2001-11-06 22:00:00,2.880000114440918,2.880000114440918,2.880000114440918,29991200,29991200,29991200
2001-11-07 22:00:00,2.869999885559082,2.869999885559082,2.869999885559082,29991200,29991200,29991200
2001-11-08 22:00:00,2.9600000381469727,2.9600000381469727,2.9600000381469727,29991200,29991200,29991200
2001-11-09 22:00:00,2.924999952316284,2.924999952316284,2.924999952316284,29991200,29991200,29991200
2001-11-12 22:00:00,2.7330000400543213,2.7330000400543213,2.7330000400543213,29991200,29991200,29991200
2001-11-13 22:00:00,2.7980000972747803,2.7980000972747803,2.7980000972747803,29991200,29991200,29991200
2001-11-14 22:00:00,2.6760001182556152,2.6760001182556152,2.6760001182556152,29991200,29991200,29991200
2001-11-15 22:00:00,2.5510001182556152,2.5510001182556152,2.5510001182556152,29991200,29991200,29991200
2001-11-16 22:00:00,2.63700008392334,2.63700008392334,2.63700008392334,29991200,29991200,29991200
2001-11-19 22:00:00,2.79099988937378,2.79099988937378,2.79099988937378,29991200,29991200,29991200
2001-11-20 22:00:00,2.851999998092652,2.851999998092652,2.851999998092652,29991200,29991200,29991200
2001-11-21 22:00:00,2.812999963760376,2.812999963760376,2.812999963760376,29991200,29991200,29991200
2001-11-26 22:00:00,2.696000099182129,2.696000099182129,2.696000099182129,29991200,29991200,29991200
2001-11-27 22:00:00,2.6059999465942383,2.6059999465942383,2.6059999465942383,29991200,29991200,29991200
2001-11-28 22:00:00,2.315999984741211,2.315999984741211,2.315999984741211,29991200,29991200,29991200
2001-11-29 22:00:00,2.561000108718872,2.561000108718872,2.561000108718872,29991200,29991200,29991200
2001-11-30 22:00:00,2.700999975204468,2.700999975204468,2.700999975204468,29991200,29991200,29991200
2001-12-03 22:00:00,2.634000062942505,2.634000062942505,2.634000062942505,29991200,29991200,29991200
2001-12-04 22:00:00,2.562999963760376,2.562999963760376,2.562999963760376,29991200,29991200,29991200
2001-12-05 22:00:00,2.490999937057495,2.490999937057495,2.490999937057495,29991200,29991200,29991200
2001-12-06 22:00:00,2.565000057220459,2.565000057220459,2.565000057220459,29991200,29991200,29991200
2001-12-07 22:00:00,2.568000078201294,2.568000078201294,2.568000078201294,29991200,29991200,29991200
2001-12-10 22:00:00,2.746999979019165,2.746999979019165,2.746999979019165,29991200,29991200,29991200
2001-12-11 22:00:00,2.802999973297119,2.802999973297119,2.802999973297119,29991200,29991200,29991200
2001-12-12 22:00:00,2.719000101089477,2.719000101089477,2.719000101089477,29991200,29991200,29991200
2001-12-13 22:00:00,2.75600004196167,2.75600004196167,2.75600004196167,29991200,29991200,29991200
2001-12-14 22:00:00,2.845999956130981,2.845999956130981,2.845999956130981,29991200,29991200,29991200
2001-12-17 22:00:00,2.686000108718872,2.686000108718872,2.686000108718872,29991200,29991200,29991200
2001-12-18 22:00:00,2.657000064849853,2.657000064849853,2.657000064849853,29991200,29991200,29991200
2001-12-19 22:00:00,2.615999937057495,2.615999937057495,2.615999937057495,29991200,29991200,29991200
2001-12-20 22:00:00,2.686000108718872,2.686000108718872,2.686000108718872,29991200,29991200,29991200
2001-12-21 22:00:00,2.8949999809265137,2.8949999809265137,2.8949999809265137,29991200,29991200,29991200
2001-12-26 22:00:00,2.9110000133514404,2.9110000133514404,2.9110000133514404,29991200,29991200,29991200
2001-12-27 22:00:00,2.555000066757202,2.555000066757202,2.555000066757202,29991200,29991200,29991200
2001-12-28 22:00:00,2.7739999294281006,2.7739999294281006,2.7739999294281006,29991200,29991200,29991200
2001-12-31 22:00:00,2.569999933242798,2.569999933242798,2.569999933242798,29991200,29991200,29991200
2002-01-02 22:00:00,2.4649999141693115,2.4649999141693115,2.4649999141693115,29991200,29991200,29991200
2002-01-03 22:00:00,2.2679998874664307,2.2679998874664307,2.2679998874664307,29991200,29991200,29991200
2002-01-04 22:00:00,2.275000095367432,2.275000095367432,2.275000095367432,29991200,29991200,29991200
2002-01-07 22:00:00,2.2720000743865967,2.2720000743865967,2.2720000743865967,29991200,29991200,29991200
2002-01-08 22:00:00,2.2809998989105225,2.2809998989105225,2.2809998989105225,29991200,29991200,29991200
2002-01-09 22:00:00,2.227999925613404,2.227999925613404,2.227999925613404,29991200,29991200,29991200
2002-01-10 22:00:00,2.184999942779541,2.184999942779541,2.184999942779541,29991200,29991200,29991200
2002-01-11 22:00:00,2.2039999961853027,2.2039999961853027,2.2039999961853027,29991200,29991200,29991200
2002-01-14 22:00:00,2.25,2.25,2.25,29991200,29991200,29991200
2002-01-15 22:00:00,2.29099988937378,2.29099988937378,2.29099988937378,29991200,29991200,29991200
2002-01-16 22:00:00,2.3940000534057617,2.3940000534057617,2.3940000534057617,29991200,29991200,29991200
2002-01-17 22:00:00,2.255000114440918,2.255000114440918,2.255000114440918,29991200,29991200,29991200
2002-01-18 22:00:00,2.236000061035156,2.236000061035156,2.236000061035156,29991200,29991200,29991200
2002-01-22 22:00:00,2.125,2.125,2.125,29991200,29991200,29991200
2002-01-23 22:00:00,2.075000047683716,2.075000047683716,2.075000047683716,29991200,29991200,29991200
2002-01-24 22:00:00,2.059999942779541,2.059999942779541,2.059999942779541,29991200,29991200,29991200
2002-01-25 22:00:00,2.1050000190734863,2.1050000190734863,2.1050000190734863,29991200,29991200,29991200
2002-01-28 22:00:00,1.940000057220459,1.940000057220459,1.940000057220459,29991200,29991200,29991200
2002-01-29 22:00:00,2.025000095367432,2.025000095367432,2.025000095367432,29991200,29991200,29991200
2002-01-30 22:00:00,2.0899999141693115,2.0899999141693115,2.0899999141693115,29991200,29991200,29991200
2002-01-31 22:00:00,2.150000095367432,2.150000095367432,2.150000095367432,29991200,29991200,29991200
2002-02-01 22:00:00,2.140000104904175,2.140000104904175,2.140000104904175,29991200,29991200,29991200
2002-02-04 22:00:00,2.125,2.125,2.125,29991200,29991200,29991200
2002-02-05 22:00:00,2.069999933242798,2.069999933242798,2.069999933242798,29991200,29991200,29991200
2002-02-06 22:00:00,2.109999895095825,2.109999895095825,2.109999895095825,29991200,29991200,29991200
2002-02-07 22:00:00,2.1600000858306885,2.1600000858306885,2.1600000858306885,29991200,29991200,29991200
2002-02-08 22:00:00,2.180000066757202,2.180000066757202,2.180000066757202,29991200,29991200,29991200
2002-02-11 22:00:00,2.2850000858306885,2.2850000858306885,2.2850000858306885,29991200,29991200,29991200
2002-02-12 22:00:00,2.299999952316284,2.299999952316284,2.299999952316284,29991200,29991200,29991200
2002-02-13 22:00:00,2.259999990463257,2.259999990463257,2.259999990463257,29991200,29991200,29991200
2002-02-14 22:00:00,2.190000057220459,2.190000057220459,2.190000057220459,29991200,29991200,29991200
2002-02-15 22:00:00,2.2060000896453857,2.2060000896453857,2.2060000896453857,29991200,29991200,29991200
2002-02-19 22:00:00,2.3949999809265137,2.3949999809265137,2.3949999809265137,29991200,29991200,29991200
2002-02-20 22:00:00,2.384999990463257,2.384999990463257,2.384999990463257,29991200,29991200,29991200
2002-02-21 22:00:00,2.424999952316284,2.424999952316284,2.424999952316284,29991200,29991200,29991200
2002-02-22 22:00:00,2.434999942779541,2.434999942779541,2.434999942779541,29991200,29991200,29991200
2002-02-25 22:00:00,2.315000057220459,2.315000057220459,2.315000057220459,29991200,29991200,29991200
2002-02-26 22:00:00,2.3949999809265137,2.3949999809265137,2.3949999809265137,29991200,29991200,29991200
2002-02-27 22:00:00,2.434999942779541,2.434999942779541,2.434999942779541,29991200,29991200,29991200
2002-02-28 22:00:00,2.3550000190734863,2.3550000190734863,2.3550000190734863,29991200,29991200,29991200
2002-03-01 22:00:00,2.380000114440918,2.380000114440918,2.380000114440918,29991200,29991200,29991200
2002-03-04 22:00:00,2.48799991607666,2.48799991607666,2.48799991607666,29991200,29991200,29991200
2002-03-05 22:00:00,2.470000028610229,2.470000028610229,2.470000028610229,29991200,29991200,29991200
2002-03-06 22:00:00,2.5799999237060547,2.5799999237060547,2.5799999237060547,29991200,29991200,29991200
2002-03-07 22:00:00,2.755000114440918,2.755000114440918,2.755000114440918,29991200,29991200,29991200
2002-03-08 22:00:00,2.809999942779541,2.809999942779541,2.809999942779541,29991200,29991200,29991200
2002-03-11 22:00:00,3.0299999713897705,3.0299999713897705,3.0299999713897705,29991200,29991200,29991200
2002-03-12 22:00:00,3.0299999713897705,3.0299999713897705,3.0299999713897705,29991200,29991200,29991200
2002-03-13 22:00:00,2.8499999046325684,2.8499999046325684,2.8499999046325684,29991200,29991200,29991200
2002-03-14 22:00:00,2.924999952316284,2.924999952316284,2.924999952316284,29991200,29991200,29991200
2002-03-15 22:00:00,3.059999942779541,3.059999942779541,3.059999942779541,29991200,29991200,29991200
2002-03-18 22:00:00,3.299999952316284,3.299999952316284,3.299999952316284,29991200,29991200,29991200
2002-03-19 22:00:00,3.240000009536743,3.240000009536743,3.240000009536743,29991200,29991200,29991200
2002-03-20 22:00:00,3.109999895095825,3.109999895095825,3.109999895095825,29991200,29991200,29991200
2002-03-21 22:00:00,3.400000095367432,3.400000095367432,3.400000095367432,29991200,29991200,29991200
2002-03-22 22:00:00,3.319999933242798,3.319999933242798,3.319999933242798,29991200,29991200,29991200
2002-03-25 22:00:00,3.434999942779541,3.434999942779541,3.434999942779541,29991200,29991200,29991200
2002-03-26 22:00:00,3.4100000858306885,3.4100000858306885,3.4100000858306885,29991200,29991200,29991200
2002-03-27 22:00:00,3.289999961853028,3.289999961853028,3.289999961853028,29991200,29991200,29991200
2002-03-28 22:00:00,3.244999885559082,3.244999885559082,3.244999885559082,29991200,29991200,29991200
2002-04-01 22:00:00,3.5199999809265137,3.5199999809265137,3.5199999809265137,29991200,29991200,29991200
2002-04-02 22:00:00,3.630000114440918,3.630000114440918,3.630000114440918,29991200,29991200,29991200
2002-04-03 22:00:00,3.490000009536743,3.490000009536743,3.490000009536743,29991200,29991200,29991200
2002-04-04 22:00:00,3.345000028610229,3.345000028610229,3.345000028610229,29991200,29991200,29991200
2002-04-05 22:00:00,3.2699999809265137,3.2699999809265137,3.2699999809265137,29991200,29991200,29991200
2002-04-08 22:00:00,3.319999933242798,3.319999933242798,3.319999933242798,29991200,29991200,29991200
2002-04-09 22:00:00,3.200999975204468,3.200999975204468,3.200999975204468,29991200,29991200,29991200
2002-04-10 22:00:00,3.1700000762939453,3.1700000762939453,3.1700000762939453,29991200,29991200,29991200
2002-04-11 22:00:00,3.1050000190734863,3.1050000190734863,3.1050000190734863,29991200,29991200,29991200
2002-04-12 22:00:00,3.130000114440918,3.130000114440918,3.130000114440918,29991200,29991200,29991200
2002-04-15 22:00:00,3.4200000762939453,3.4200000762939453,3.4200000762939453,29991200,29991200,29991200
2002-04-16 22:00:00,3.309999942779541,3.309999942779541,3.309999942779541,29991200,29991200,29991200
2002-04-17 22:00:00,3.484999895095825,3.484999895095825,3.484999895095825,29991200,29991200,29991200
2002-04-18 22:00:00,3.440000057220459,3.440000057220459,3.440000057220459,29991200,29991200,29991200
2002-04-19 22:00:00,3.5299999713897705,3.5299999713897705,3.5299999713897705,29991200,29991200,29991200
2002-04-22 22:00:00,3.5999999046325684,3.5999999046325684,3.5999999046325684,29991200,29991200,29991200
2002-04-23 22:00:00,3.5910000801086426,3.5910000801086426,3.5910000801086426,29991200,29991200,29991200
2002-04-24 22:00:00,3.4049999713897705,3.4049999713897705,3.4049999713897705,29991200,29991200,29991200
2002-04-25 22:00:00,3.2950000762939453,3.2950000762939453,3.2950000762939453,29991200,29991200,29991200
2002-04-26 22:00:00,3.3399999141693115,3.3399999141693115,3.3399999141693115,29991200,29991200,29991200
2002-04-29 22:00:00,3.549999952316284,3.549999952316284,3.549999952316284,29991200,29991200,29991200
2002-04-30 22:00:00,3.765000104904175,3.765000104904175,3.765000104904175,29991200,29991200,29991200
2002-05-01 22:00:00,3.714999914169312,3.714999914169312,3.714999914169312,29991200,29991200,29991200
2002-05-02 22:00:00,3.684000015258789,3.684000015258789,3.684000015258789,29991200,29991200,29991200
2002-05-03 22:00:00,3.734999895095825,3.734999895095825,3.734999895095825,29991200,29991200,29991200
2002-05-06 22:00:00,3.595000028610229,3.595000028610229,3.595000028610229,29991200,29991200,29991200
2002-05-07 22:00:00,3.680000066757202,3.680000066757202,3.680000066757202,29991200,29991200,29991200
2002-05-08 22:00:00,3.734999895095825,3.734999895095825,3.734999895095825,29991200,29991200,29991200
2002-05-09 22:00:00,3.7100000381469727,3.7100000381469727,3.7100000381469727,29991200,29991200,29991200
2002-05-10 22:00:00,3.749000072479248,3.749000072479248,3.749000072479248,29991200,29991200,29991200
2002-05-13 22:00:00,3.7799999713897705,3.7799999713897705,3.7799999713897705,29991200,29991200,29991200
2002-05-14 22:00:00,3.8550000190734863,3.8550000190734863,3.8550000190734863,29991200,29991200,29991200
2002-05-15 22:00:00,3.640000104904175,3.640000104904175,3.640000104904175,29991200,29991200,29991200
2002-05-16 22:00:00,3.608999967575073,3.608999967575073,3.608999967575073,29991200,29991200,29991200
2002-05-17 22:00:00,3.565000057220459,3.565000057220459,3.565000057220459,29991200,29991200,29991200
2002-05-20 22:00:00,3.490000009536743,3.490000009536743,3.490000009536743,29991200,29991200,29991200
2002-05-21 22:00:00,3.3949999809265137,3.3949999809265137,3.3949999809265137,29991200,29991200,29991200
2002-05-22 22:00:00,3.4590001106262207,3.4590001106262207,3.4590001106262207,29991200,29991200,29991200
2002-05-23 22:00:00,3.437999963760376,3.437999963760376,3.437999963760376,29991200,29991200,29991200
2002-05-24 22:00:00,3.3469998836517334,3.3469998836517334,3.3469998836517334,29991200,29991200,29991200
2002-05-28 22:00:00,3.2799999713897705,3.2799999713897705,3.2799999713897705,29991200,29991200,29991200
2002-05-29 22:00:00,3.430000066757202,3.430000066757202,3.430000066757202,29991200,29991200,29991200
2002-05-30 22:00:00,3.2219998836517334,3.2219998836517334,3.2219998836517334,29991200,29991200,29991200
2002-05-31 22:00:00,3.2170000076293945,3.2170000076293945,3.2170000076293945,29991200,29991200,29991200
2002-06-03 22:00:00,3.242000102996826,3.242000102996826,3.242000102996826,29991200,29991200,29991200
2002-06-04 22:00:00,3.328000068664551,3.328000068664551,3.328000068664551,29991200,29991200,29991200
2002-06-05 22:00:00,3.259999990463257,3.259999990463257,3.259999990463257,29991200,29991200,29991200
2002-06-06 22:00:00,3.184999942779541,3.184999942779541,3.184999942779541,29991200,29991200,29991200
2002-06-07 22:00:00,3.2039999961853027,3.2039999961853027,3.2039999961853027,29991200,29991200,29991200
2002-06-10 22:00:00,3.134999990463257,3.134999990463257,3.134999990463257,29991200,29991200,29991200
2002-06-11 22:00:00,3.131999969482422,3.131999969482422,3.131999969482422,29991200,29991200,29991200
2002-06-12 22:00:00,3.056999921798706,3.056999921798706,3.056999921798706,29991200,29991200,29991200
2002-06-13 22:00:00,3.2109999656677246,3.2109999656677246,3.2109999656677246,29991200,29991200,29991200
2002-06-14 22:00:00,3.345000028610229,3.345000028610229,3.345000028610229,29991200,29991200,29991200
2002-06-17 22:00:00,3.377000093460083,3.377000093460083,3.377000093460083,29991200,29991200,29991200
2002-06-18 22:00:00,3.312000036239624,3.312000036239624,3.312000036239624,29991200,29991200,29991200
2002-06-19 22:00:00,3.313999891281128,3.313999891281128,3.313999891281128,29991200,29991200,29991200
2002-06-20 22:00:00,3.2160000801086426,3.2160000801086426,3.2160000801086426,29991200,29991200,29991200
2002-06-21 22:00:00,3.236999988555908,3.236999988555908,3.236999988555908,29991200,29991200,29991200
2002-06-24 22:00:00,3.470000028610229,3.470000028610229,3.470000028610229,29991200,29991200,29991200
2002-06-25 22:00:00,3.4489998817443848,3.4489998817443848,3.4489998817443848,29991200,29991200,29991200
2002-06-26 22:00:00,3.2780001163482666,3.2780001163482666,3.2780001163482666,29991200,29991200,29991200
2002-06-27 22:00:00,3.236000061035156,3.236000061035156,3.236000061035156,29991200,29991200,29991200
2002-06-28 22:00:00,3.244999885559082,3.244999885559082,3.244999885559082,29991200,29991200,29991200
2002-07-01 22:00:00,3.191999912261963,3.191999912261963,3.191999912261963,29991200,29991200,29991200
2002-07-02 22:00:00,3.1449999809265137,3.1449999809265137,3.1449999809265137,29991200,29991200,29991200
2002-07-03 22:00:00,3.1419999599456787,3.1419999599456787,3.1419999599456787,29991200,29991200,29991200
2002-07-04 22:00:00,3.109999895095825,3.109999895095825,3.109999895095825,29991200,29991200,29991200
2002-07-08 22:00:00,2.938999891281128,2.938999891281128,2.938999891281128,29991200,29991200,29991200
2002-07-09 22:00:00,2.990999937057495,2.990999937057495,2.990999937057495,29991200,29991200,29991200
2002-07-10 22:00:00,2.864000082015991,2.864000082015991,2.864000082015991,29991200,29991200,29991200
2002-07-11 22:00:00,2.8299999237060547,2.8299999237060547,2.8299999237060547,29991200,29991200,29991200
2002-07-12 22:00:00,2.7869999408721924,2.7869999408721924,2.7869999408721924,29991200,29991200,29991200
2002-07-15 22:00:00,2.7839999198913574,2.7839999198913574,2.7839999198913574,29991200,29991200,29991200
2002-07-16 22:00:00,2.86299991607666,2.86299991607666,2.86299991607666,29991200,29991200,29991200
2002-07-17 22:00:00,2.8410000801086426,2.8410000801086426,2.8410000801086426,29991200,29991200,29991200
2002-07-18 22:00:00,2.943000078201294,2.943000078201294,2.943000078201294,29991200,29991200,29991200
2002-07-19 22:00:00,2.933000087738037,2.933000087738037,2.933000087738037,29991200,29991200,29991200
2002-07-22 22:00:00,2.947000026702881,2.947000026702881,2.947000026702881,29991200,29991200,29991200
2002-07-23 22:00:00,2.888999938964844,2.888999938964844,2.888999938964844,29991200,29991200,29991200
2002-07-24 22:00:00,3.0420000553131104,3.0420000553131104,3.0420000553131104,29991200,29991200,29991200
2002-07-25 22:00:00,2.9019999504089355,2.9019999504089355,2.9019999504089355,29991200,29991200,29991200
2002-07-26 22:00:00,2.936000108718872,2.936000108718872,2.936000108718872,29991200,29991200,29991200
2002-07-29 22:00:00,2.9760000705718994,2.9760000705718994,2.9760000705718994,29991200,29991200,29991200
2002-07-30 22:00:00,2.8910000324249268,2.8910000324249268,2.8910000324249268,29991200,29991200,29991200
2002-07-31 22:00:00,2.9539999961853027,2.9539999961853027,2.9539999961853027,29991200,29991200,29991200
2002-08-01 22:00:00,2.8420000076293945,2.8420000076293945,2.8420000076293945,29991200,29991200,29991200
2002-08-02 22:00:00,2.8580000400543213,2.8580000400543213,2.8580000400543213,29991200,29991200,29991200
2002-08-05 22:00:00,2.6700000762939453,2.6700000762939453,2.6700000762939453,29991200,29991200,29991200
2002-08-06 22:00:00,2.7160000801086426,2.7160000801086426,2.7160000801086426,29991200,29991200,29991200
2002-08-07 22:00:00,2.6600000858306885,2.6600000858306885,2.6600000858306885,29991200,29991200,29991200
2002-08-08 22:00:00,2.744999885559082,2.744999885559082,2.744999885559082,29991200,29991200,29991200
2002-08-09 22:00:00,2.760999917984009,2.760999917984009,2.760999917984009,29991200,29991200,29991200
2002-08-12 22:00:00,2.9649999141693115,2.9649999141693115,2.9649999141693115,29991200,29991200,29991200
2002-08-13 22:00:00,2.9749999046325684,2.9749999046325684,2.9749999046325684,29991200,29991200,29991200
2002-08-14 22:00:00,2.9100000858306885,2.9100000858306885,2.9100000858306885,29991200,29991200,29991200
2002-08-15 22:00:00,3.134999990463257,3.134999990463257,3.134999990463257,29991200,29991200,29991200
2002-08-16 22:00:00,3.1489999294281006,3.1489999294281006,3.1489999294281006,29991200,29991200,29991200
2002-08-19 22:00:00,3.289999961853028,3.289999961853028,3.289999961853028,29991200,29991200,29991200
2002-08-20 22:00:00,3.16599988937378,3.16599988937378,3.16599988937378,29991200,29991200,29991200
2002-08-21 22:00:00,3.2739999294281006,3.2739999294281006,3.2739999294281006,29991200,29991200,29991200
2002-08-22 22:00:00,3.515000104904175,3.515000104904175,3.515000104904175,29991200,29991200,29991200
2002-08-23 22:00:00,3.486999988555908,3.486999988555908,3.486999988555908,29991200,29991200,29991200
2002-08-26 22:00:00,3.617000102996826,3.617000102996826,3.617000102996826,29991200,29991200,29991200
2002-08-27 22:00:00,3.4830000400543213,3.4830000400543213,3.4830000400543213,29991200,29991200,29991200
2002-08-28 22:00:00,3.2880001068115234,3.2880001068115234,3.2880001068115234,29991200,29991200,29991200
2002-08-29 22:00:00,3.25,3.25,3.25,29991200,29991200,29991200
2002-08-30 22:00:00,3.2960000038146973,3.2960000038146973,3.2960000038146973,29991200,29991200,29991200
2002-09-03 22:00:00,3.131999969482422,3.131999969482422,3.131999969482422,29991200,29991200,29991200
2002-09-04 22:00:00,3.193000078201294,3.193000078201294,3.193000078201294,29991200,29991200,29991200
2002-09-05 22:00:00,3.3420000076293945,3.3420000076293945,3.3420000076293945,29991200,29991200,29991200
2002-09-06 22:00:00,3.265000104904175,3.265000104904175,3.265000104904175,29991200,29991200,29991200
2002-09-09 22:00:00,3.3989999294281006,3.3989999294281006,3.3989999294281006,29991200,29991200,29991200
2002-09-10 22:00:00,3.3559999465942383,3.3559999465942383,3.3559999465942383,29991200,29991200,29991200
2002-09-11 22:00:00,3.25,3.25,3.25,29991200,29991200,29991200
2002-09-12 22:00:00,3.3289999961853027,3.3289999961853027,3.3289999961853027,29991200,29991200,29991200
2002-09-13 22:00:00,3.4670000076293945,3.4670000076293945,3.4670000076293945,29991200,29991200,29991200
2002-09-16 22:00:00,3.506999969482422,3.506999969482422,3.506999969482422,29991200,29991200,29991200
2002-09-17 22:00:00,3.678999900817871,3.678999900817871,3.678999900817871,29991200,29991200,29991200
2002-09-18 22:00:00,3.786999940872192,3.786999940872192,3.786999940872192,29991200,29991200,29991200
2002-09-19 22:00:00,3.8559999465942383,3.8559999465942383,3.8559999465942383,29991200,29991200,29991200
2002-09-20 22:00:00,3.757999897003174,3.757999897003174,3.757999897003174,29991200,29991200,29991200
2002-09-23 22:00:00,3.9779999256134033,3.9779999256134033,3.9779999256134033,29991200,29991200,29991200
2002-09-24 22:00:00,3.742000102996826,3.742000102996826,3.742000102996826,29991200,29991200,29991200
2002-09-25 22:00:00,3.49399995803833,3.49399995803833,3.49399995803833,29991200,29991200,29991200
2002-09-26 22:00:00,3.686000108718872,3.686000108718872,3.686000108718872,29991200,29991200,29991200
2002-09-27 22:00:00,4.040999889373779,4.040999889373779,4.040999889373779,29991200,29991200,29991200
2002-09-30 22:00:00,4.139999866485596,4.139999866485596,4.139999866485596,29991200,29991200,29991200
2002-10-01 22:00:00,4.066999912261963,4.066999912261963,4.066999912261963,29991200,29991200,29991200
2002-10-02 22:00:00,4.159999847412109,4.159999847412109,4.159999847412109,29991200,29991200,29991200
2002-10-03 22:00:00,3.723999977111816,3.723999977111816,3.723999977111816,29991200,29991200,29991200
2002-10-04 22:00:00,3.739000082015991,3.739000082015991,3.739000082015991,29991200,29991200,29991200
2002-10-07 22:00:00,3.740000009536743,3.740000009536743,3.740000009536743,29991200,29991200,29991200
2002-10-08 22:00:00,3.861999988555908,3.861999988555908,3.861999988555908,29991200,29991200,29991200
2002-10-09 22:00:00,3.9179999828338623,3.9179999828338623,3.9179999828338623,29991200,29991200,29991200
2002-10-10 22:00:00,3.828000068664551,3.828000068664551,3.828000068664551,29991200,29991200,29991200
2002-10-11 22:00:00,4.145999908447266,4.145999908447266,4.145999908447266,29991200,29991200,29991200
2002-10-14 22:00:00,4.302999973297119,4.302999973297119,4.302999973297119,29991200,29991200,29991200
2002-10-15 22:00:00,4.247000217437744,4.247000217437744,4.247000217437744,29991200,29991200,29991200
2002-10-16 22:00:00,4.227000236511231,4.227000236511231,4.227000236511231,29991200,29991200,29991200
2002-10-17 22:00:00,4.298999786376953,4.298999786376953,4.298999786376953,29991200,29991200,29991200
2002-10-18 22:00:00,4.238999843597412,4.238999843597412,4.238999843597412,29991200,29991200,29991200
2002-10-21 22:00:00,4.1570000648498535,4.1570000648498535,4.1570000648498535,29991200,29991200,29991200
2002-10-22 22:00:00,4.119999885559082,4.119999885559082,4.119999885559082,29991200,29991200,29991200
2002-10-23 22:00:00,4.260000228881836,4.260000228881836,4.260000228881836,29991200,29991200,29991200
2002-10-24 22:00:00,4.132999897003174,4.132999897003174,4.132999897003174,29991200,29991200,29991200
2002-10-25 22:00:00,4.027999877929688,4.027999877929688,4.027999877929688,29991200,29991200,29991200
2002-10-28 22:00:00,4.176000118255615,4.176000118255615,4.176000118255615,29991200,29991200,29991200
2002-10-29 22:00:00,4.125999927520752,4.125999927520752,4.125999927520752,29991200,29991200,29991200
2002-10-30 22:00:00,4.388999938964844,4.388999938964844,4.388999938964844,29991200,29991200,29991200
2002-10-31 22:00:00,4.156000137329102,4.156000137329102,4.156000137329102,29991200,29991200,29991200
2002-11-01 22:00:00,4.059999942779541,4.059999942779541,4.059999942779541,29991200,29991200,29991200
2002-11-04 22:00:00,3.86299991607666,3.86299991607666,3.86299991607666,29991200,29991200,29991200
2002-11-05 22:00:00,3.882999897003174,3.882999897003174,3.882999897003174,29991200,29991200,29991200
2002-11-06 22:00:00,3.8540000915527344,3.8540000915527344,3.8540000915527344,29991200,29991200,29991200
2002-11-07 22:00:00,3.8310000896453857,3.8310000896453857,3.8310000896453857,29991200,29991200,29991200
2002-11-08 22:00:00,3.9030001163482666,3.9030001163482666,3.9030001163482666,29991200,29991200,29991200
2002-11-11 22:00:00,3.7780001163482666,3.7780001163482666,3.7780001163482666,29991200,29991200,29991200
2002-11-12 22:00:00,3.871999979019165,3.871999979019165,3.871999979019165,29991200,29991200,29991200
2002-11-13 22:00:00,3.877000093460083,3.877000093460083,3.877000093460083,29991200,29991200,29991200
2002-11-14 22:00:00,3.86899995803833,3.86899995803833,3.86899995803833,29991200,29991200,29991200
2002-11-15 22:00:00,3.9809999465942383,3.9809999465942383,3.9809999465942383,29991200,29991200,29991200
2002-11-18 22:00:00,4.263000011444092,4.263000011444092,4.263000011444092,29991200,29991200,29991200
2002-11-19 22:00:00,4.261000156402588,4.261000156402588,4.261000156402588,29991200,29991200,29991200
2002-11-20 22:00:00,4.254000186920166,4.254000186920166,4.254000186920166,29991200,29991200,29991200
2002-11-21 22:00:00,4.35099983215332,4.35099983215332,4.35099983215332,29991200,29991200,29991200
2002-11-22 22:00:00,4.260000228881836,4.260000228881836,4.260000228881836,29991200,29991200,29991200
2002-11-25 22:00:00,4.261000156402588,4.261000156402588,4.261000156402588,29991200,29991200,29991200
2002-11-26 22:00:00,4.139999866485596,4.139999866485596,4.139999866485596,29991200,29991200,29991200
2002-11-27 22:00:00,4.199999809265137,4.199999809265137,4.199999809265137,29991200,29991200,29991200
2002-12-02 22:00:00,4.320000171661377,4.320000171661377,4.320000171661377,29991200,29991200,29991200
2002-12-03 22:00:00,4.22599983215332,4.22599983215332,4.22599983215332,29991200,29991200,29991200
2002-12-04 22:00:00,4.297999858856201,4.297999858856201,4.297999858856201,29991200,29991200,29991200
2002-12-05 22:00:00,4.40500020980835,4.40500020980835,4.40500020980835,29991200,29991200,29991200
2002-12-06 22:00:00,4.382999897003174,4.382999897003174,4.382999897003174,29991200,29991200,29991200
2002-12-09 22:00:00,4.369999885559082,4.369999885559082,4.369999885559082,29991200,29991200,29991200
2002-12-10 22:00:00,4.639999866485596,4.639999866485596,4.639999866485596,29991200,29991200,29991200
2002-12-11 22:00:00,4.709000110626221,4.709000110626221,4.709000110626221,29991200,29991200,29991200
2002-12-12 22:00:00,5.099999904632568,5.099999904632568,5.099999904632568,29991200,29991200,29991200
2002-12-13 22:00:00,5.283999919891357,5.283999919891357,5.283999919891357,29991200,29991200,29991200
2002-12-16 22:00:00,5.341000080108643,5.341000080108643,5.341000080108643,29991200,29991200,29991200
2002-12-17 22:00:00,5.239999771118164,5.239999771118164,5.239999771118164,29991200,29991200,29991200
2002-12-18 22:00:00,5.277999877929688,5.277999877929688,5.277999877929688,29991200,29991200,29991200
2002-12-19 22:00:00,5.046999931335449,5.046999931335449,5.046999931335449,29991200,29991200,29991200
2002-12-20 22:00:00,5.195000171661377,5.195000171661377,5.195000171661377,29991200,29991200,29991200
2002-12-23 22:00:00,5.116000175476074,5.116000175476074,5.116000175476074,29991200,29991200,29991200
2002-12-24 22:00:00,5.150000095367432,5.150000095367432,5.150000095367432,29991200,29991200,29991200
2002-12-26 22:00:00,4.961999893188477,4.961999893188477,4.961999893188477,29991200,29991200,29991200
2002-12-27 22:00:00,4.96999979019165,4.96999979019165,4.96999979019165,29991200,29991200,29991200
2002-12-30 22:00:00,4.800000190734863,4.800000190734863,4.800000190734863,29991200,29991200,29991200
2002-12-31 22:00:00,4.789000034332275,4.789000034332275,4.789000034332275,29991200,29991200,29991200
2003-01-02 22:00:00,5.250999927520752,5.250999927520752,5.250999927520752,29991200,29991200,29991200
2003-01-03 22:00:00,5.343999862670898,5.343999862670898,5.343999862670898,29991200,29991200,29991200
2003-01-06 22:00:00,4.934999942779541,4.934999942779541,4.934999942779541,29991200,29991200,29991200
2003-01-07 22:00:00,5.126999855041504,5.126999855041504,5.126999855041504,29991200,29991200,29991200
2003-01-08 22:00:00,5.160999774932861,5.160999774932861,5.160999774932861,29991200,29991200,29991200
2003-01-09 22:00:00,5.303999900817871,5.303999900817871,5.303999900817871,29991200,29991200,29991200
2003-01-10 22:00:00,5.14300012588501,5.14300012588501,5.14300012588501,29991200,29991200,29991200
2003-01-13 22:00:00,5.250999927520752,5.250999927520752,5.250999927520752,29991200,29991200,29991200
2003-01-14 22:00:00,5.10699987411499,5.10699987411499,5.10699987411499,29991200,29991200,29991200
2003-01-15 22:00:00,5.429999828338623,5.429999828338623,5.429999828338623,29991200,29991200,29991200
2003-01-16 22:00:00,5.644999980926514,5.644999980926514,5.644999980926514,29991200,29991200,29991200
2003-01-17 22:00:00,5.535999774932861,5.535999774932861,5.535999774932861,29991200,29991200,29991200
2003-01-21 22:00:00,5.433000087738037,5.433000087738037,5.433000087738037,29991200,29991200,29991200
2003-01-22 22:00:00,5.672999858856201,5.672999858856201,5.672999858856201,29991200,29991200,29991200
2003-01-23 22:00:00,5.420000076293945,5.420000076293945,5.420000076293945,29991200,29991200,29991200
2003-01-24 22:00:00,5.52400016784668,5.52400016784668,5.52400016784668,29991200,29991200,29991200
2003-01-27 22:00:00,5.395999908447266,5.395999908447266,5.395999908447266,29991200,29991200,29991200
2003-01-28 22:00:00,5.443999767303467,5.443999767303467,5.443999767303467,29991200,29991200,29991200
2003-01-29 22:00:00,5.659999847412109,5.659999847412109,5.659999847412109,29991200,29991200,29991200
2003-01-30 22:00:00,5.583000183105469,5.583000183105469,5.583000183105469,29991200,29991200,29991200
2003-01-31 22:00:00,5.605000019073486,5.605000019073486,5.605000019073486,29991200,29991200,29991200
2003-02-03 22:00:00,5.765999794006348,5.765999794006348,5.765999794006348,29991200,29991200,29991200
2003-02-04 22:00:00,5.76200008392334,5.76200008392334,5.76200008392334,29991200,29991200,29991200
2003-02-05 22:00:00,5.644000053405762,5.644000053405762,5.644000053405762,29991200,29991200,29991200
2003-02-06 22:00:00,5.828000068664551,5.828000068664551,5.828000068664551,29991200,29991200,29991200
2003-02-07 22:00:00,6.043000221252441,6.043000221252441,6.043000221252441,29991200,29991200,29991200
2003-02-10 22:00:00,5.852000236511231,5.852000236511231,5.852000236511231,29991200,29991200,29991200
2003-02-11 22:00:00,5.977000236511231,5.977000236511231,5.977000236511231,29991200,29991200,29991200
2003-02-12 22:00:00,5.784999847412109,5.784999847412109,5.784999847412109,29991200,29991200,29991200
2003-02-13 22:00:00,5.739999771118164,5.739999771118164,5.739999771118164,29991200,29991200,29991200
2003-02-14 22:00:00,5.85099983215332,5.85099983215332,5.85099983215332,29991200,29991200,29991200
2003-02-18 22:00:00,5.910999774932861,5.910999774932861,5.910999774932861,29991200,29991200,29991200
2003-02-19 22:00:00,6.133999824523926,6.133999824523926,6.133999824523926,29991200,29991200,29991200
2003-02-20 22:00:00,6.162000179290772,6.162000179290772,6.162000179290772,29991200,29991200,29991200
2003-02-21 22:00:00,6.610000133514404,6.610000133514404,6.610000133514404,29991200,29991200,29991200
2003-02-24 22:00:00,9.13700008392334,9.13700008392334,9.13700008392334,29991200,29991200,29991200
2003-02-25 22:00:00,9.57699966430664,9.57699966430664,9.57699966430664,29991200,29991200,29991200
2003-02-26 22:00:00,9.133000373840332,9.133000373840332,9.133000373840332,29991200,29991200,29991200
2003-02-27 22:00:00,7.485000133514404,7.485000133514404,7.485000133514404,29991200,29991200,29991200
2003-02-28 22:00:00,8.10099983215332,8.10099983215332,8.10099983215332,29991200,29991200,29991200
2003-03-03 22:00:00,7.162000179290772,7.162000179290772,7.162000179290772,29991200,29991200,29991200
2003-03-04 22:00:00,7.040999889373779,7.040999889373779,7.040999889373779,29991200,29991200,29991200
2003-03-05 22:00:00,7.020999908447266,7.020999908447266,7.020999908447266,29991200,29991200,29991200
2003-03-06 22:00:00,6.843999862670898,6.843999862670898,6.843999862670898,29991200,29991200,29991200
2003-03-07 22:00:00,6.974999904632568,6.974999904632568,6.974999904632568,29991200,29991200,29991200
2003-03-10 22:00:00,6.514999866485596,6.514999866485596,6.514999866485596,29991200,29991200,29991200
2003-03-11 22:00:00,5.943999767303467,5.943999767303467,5.943999767303467,29991200,29991200,29991200
2003-03-12 22:00:00,5.864999771118164,5.864999771118164,5.864999771118164,29991200,29991200,29991200
2003-03-13 22:00:00,5.360000133514404,5.360000133514404,5.360000133514404,29991200,29991200,29991200
2003-03-14 22:00:00,5.428999900817871,5.428999900817871,5.428999900817871,29991200,29991200,29991200
2003-03-17 22:00:00,5.506999969482422,5.506999969482422,5.506999969482422,29991200,29991200,29991200
2003-03-18 22:00:00,5.339000225067139,5.339000225067139,5.339000225067139,29991200,29991200,29991200
2003-03-19 22:00:00,5.277999877929688,5.277999877929688,5.277999877929688,29991200,29991200,29991200
2003-03-20 22:00:00,5.306000232696533,5.306000232696533,5.306000232696533,29991200,29991200,29991200
2003-03-21 22:00:00,5.119999885559082,5.119999885559082,5.119999885559082,29991200,29991200,29991200
2003-03-24 22:00:00,5.252999782562256,5.252999782562256,5.252999782562256,29991200,29991200,29991200
2003-03-25 22:00:00,5.077000141143799,5.077000141143799,5.077000141143799,29991200,29991200,29991200
2003-03-26 22:00:00,5.0970001220703125,5.0970001220703125,5.0970001220703125,29991200,29991200,29991200
2003-03-27 22:00:00,5.145999908447266,5.145999908447266,5.145999908447266,29991200,29991200,29991200
2003-03-28 22:00:00,5.145999908447266,5.145999908447266,5.145999908447266,29991200,29991200,29991200
2003-03-31 22:00:00,5.059999942779541,5.059999942779541,5.059999942779541,29991200,29991200,29991200
2003-04-01 22:00:00,5.125,5.125,5.125,29991200,29991200,29991200
2003-04-02 22:00:00,5.065000057220459,5.065000057220459,5.065000057220459,29991200,29991200,29991200
2003-04-03 22:00:00,4.919000148773193,4.919000148773193,4.919000148773193,29991200,29991200,29991200
2003-04-04 22:00:00,4.942999839782715,4.942999839782715,4.942999839782715,29991200,29991200,29991200
2003-04-07 22:00:00,5.133999824523926,5.133999824523926,5.133999824523926,29991200,29991200,29991200
2003-04-08 22:00:00,5.107999801635742,5.107999801635742,5.107999801635742,29991200,29991200,29991200
2003-04-09 22:00:00,5.195000171661377,5.195000171661377,5.195000171661377,29991200,29991200,29991200
2003-04-10 22:00:00,5.419000148773193,5.419000148773193,5.419000148773193,29991200,29991200,29991200
2003-04-11 22:00:00,5.410999774932861,5.410999774932861,5.410999774932861,29991200,29991200,29991200
2003-04-14 22:00:00,5.552000045776367,5.552000045776367,5.552000045776367,29991200,29991200,29991200
2003-04-15 22:00:00,5.652999877929688,5.652999877929688,5.652999877929688,29991200,29991200,29991200
2003-04-16 22:00:00,5.677000045776367,5.677000045776367,5.677000045776367,29991200,29991200,29991200
2003-04-17 22:00:00,5.709000110626221,5.709000110626221,5.709000110626221,29991200,29991200,29991200
2003-04-21 22:00:00,5.7129998207092285,5.7129998207092285,5.7129998207092285,29991200,29991200,29991200
2003-04-22 22:00:00,5.644999980926514,5.644999980926514,5.644999980926514,29991200,29991200,29991200
2003-04-23 22:00:00,5.568999767303467,5.568999767303467,5.568999767303467,29991200,29991200,29991200
2003-04-24 22:00:00,5.473999977111816,5.473999977111816,5.473999977111816,29991200,29991200,29991200
2003-04-25 22:00:00,5.477000236511231,5.477000236511231,5.477000236511231,29991200,29991200,29991200
2003-04-28 22:00:00,5.123000144958496,5.123000144958496,5.123000144958496,29991200,29991200,29991200
2003-04-29 22:00:00,5.236000061035156,5.236000061035156,5.236000061035156,29991200,29991200,29991200
2003-04-30 22:00:00,5.385000228881836,5.385000228881836,5.385000228881836,29991200,29991200,29991200
2003-05-01 22:00:00,5.267000198364258,5.267000198364258,5.267000198364258,29991200,29991200,29991200
2003-05-02 22:00:00,5.255000114440918,5.255000114440918,5.255000114440918,29991200,29991200,29991200
2003-05-05 22:00:00,5.715000152587891,5.715000152587891,5.715000152587891,29991200,29991200,29991200
2003-05-06 22:00:00,5.567999839782715,5.567999839782715,5.567999839782715,29991200,29991200,29991200
2003-05-07 22:00:00,5.659999847412109,5.659999847412109,5.659999847412109,29991200,29991200,29991200
2003-05-08 22:00:00,5.771999835968018,5.771999835968018,5.771999835968018,29991200,29991200,29991200
2003-05-09 22:00:00,5.806000232696533,5.806000232696533,5.806000232696533,29991200,29991200,29991200
2003-05-12 22:00:00,5.982999801635742,5.982999801635742,5.982999801635742,29991200,29991200,29991200
2003-05-13 22:00:00,6.308000087738037,6.308000087738037,6.308000087738037,29991200,29991200,29991200
2003-05-14 22:00:00,6.314000129699707,6.314000129699707,6.314000129699707,29991200,29991200,29991200
2003-05-15 22:00:00,6.13100004196167,6.13100004196167,6.13100004196167,29991200,29991200,29991200
2003-05-16 22:00:00,6.122000217437744,6.122000217437744,6.122000217437744,29991200,29991200,29991200
2003-05-19 22:00:00,6.014999866485596,6.014999866485596,6.014999866485596,29991200,29991200,29991200
2003-05-20 22:00:00,6.056000232696533,6.056000232696533,6.056000232696533,29991200,29991200,29991200
2003-05-21 22:00:00,6.197999954223633,6.197999954223633,6.197999954223633,29991200,29991200,29991200
2003-05-22 22:00:00,6.034999847412109,6.034999847412109,6.034999847412109,29991200,29991200,29991200
2003-05-23 22:00:00,6.11899995803833,6.11899995803833,6.11899995803833,29991200,29991200,29991200
2003-05-27 22:00:00,5.894999980926514,5.894999980926514,5.894999980926514,29991200,29991200,29991200
2003-05-28 22:00:00,5.945000171661377,5.945000171661377,5.945000171661377,29991200,29991200,29991200
2003-05-29 22:00:00,6.065999984741211,6.065999984741211,6.065999984741211,29991200,29991200,29991200
2003-05-30 22:00:00,6.25,6.25,6.25,29991200,29991200,29991200
2003-06-02 22:00:00,6.412000179290772,6.412000179290772,6.412000179290772,29991200,29991200,29991200
2003-06-03 22:00:00,6.360000133514404,6.360000133514404,6.360000133514404,29991200,29991200,29991200
2003-06-04 22:00:00,6.375,6.375,6.375,29991200,29991200,29991200
2003-06-05 22:00:00,6.539999961853027,6.539999961853027,6.539999961853027,29991200,29991200,29991200
2003-06-06 22:00:00,6.510000228881836,6.510000228881836,6.510000228881836,29991200,29991200,29991200
2003-06-09 22:00:00,6.314000129699707,6.314000129699707,6.314000129699707,29991200,29991200,29991200
2003-06-10 22:00:00,6.329999923706055,6.329999923706055,6.329999923706055,29991200,29991200,29991200
2003-06-11 22:00:00,6.2129998207092285,6.2129998207092285,6.2129998207092285,29991200,29991200,29991200
2003-06-12 22:00:00,5.630000114440918,5.630000114440918,5.630000114440918,29991200,29991200,29991200
2003-06-13 22:00:00,5.675000190734863,5.675000190734863,5.675000190734863,29991200,29991200,29991200
2003-06-16 22:00:00,5.705999851226807,5.705999851226807,5.705999851226807,29991200,29991200,29991200
2003-06-17 22:00:00,5.711999893188477,5.711999893188477,5.711999893188477,29991200,29991200,29991200
2003-06-18 22:00:00,5.580999851226807,5.580999851226807,5.580999851226807,29991200,29991200,29991200
2003-06-19 22:00:00,5.940999984741211,5.940999984741211,5.940999984741211,29991200,29991200,29991200
2003-06-20 22:00:00,5.804999828338623,5.804999828338623,5.804999828338623,29991200,29991200,29991200
2003-06-23 22:00:00,5.86299991607666,5.86299991607666,5.86299991607666,29991200,29991200,29991200
2003-06-24 22:00:00,5.697000026702881,5.697000026702881,5.697000026702881,29991200,29991200,29991200
2003-06-25 22:00:00,5.756999969482422,5.756999969482422,5.756999969482422,29991200,29991200,29991200
2003-06-26 22:00:00,5.290999889373779,5.290999889373779,5.290999889373779,29991200,29991200,29991200
2003-06-27 22:00:00,5.361999988555908,5.361999988555908,5.361999988555908,29991200,29991200,29991200
2003-06-30 22:00:00,5.410999774932861,5.410999774932861,5.410999774932861,29991200,29991200,29991200
2003-07-01 22:00:00,5.316999912261963,5.316999912261963,5.316999912261963,29991200,29991200,29991200
2003-07-02 22:00:00,5.198999881744385,5.198999881744385,5.198999881744385,29991200,29991200,29991200
2003-07-03 22:00:00,5.22599983215332,5.22599983215332,5.22599983215332,29991200,29991200,29991200
2003-07-07 22:00:00,5.38100004196167,5.38100004196167,5.38100004196167,29991200,29991200,29991200
2003-07-08 22:00:00,5.502999782562256,5.502999782562256,5.502999782562256,29991200,29991200,29991200
2003-07-09 22:00:00,5.519999980926514,5.519999980926514,5.519999980926514,29991200,29991200,29991200
2003-07-10 22:00:00,5.257999897003174,5.257999897003174,5.257999897003174,29991200,29991200,29991200
2003-07-11 22:00:00,5.15399980545044,5.15399980545044,5.15399980545044,29991200,29991200,29991200
2003-07-14 22:00:00,5.102000236511231,5.102000236511231,5.102000236511231,29991200,29991200,29991200
2003-07-15 22:00:00,5.019999980926514,5.019999980926514,5.019999980926514,29991200,29991200,29991200
2003-07-16 22:00:00,4.934000015258789,4.934000015258789,4.934000015258789,29991200,29991200,29991200
2003-07-17 22:00:00,5.050000190734863,5.050000190734863,5.050000190734863,29991200,29991200,29991200
2003-07-18 22:00:00,5.0,5.0,5.0,29991200,29991200,29991200
2003-07-21 22:00:00,5.10699987411499,5.10699987411499,5.10699987411499,29991200,29991200,29991200
2003-07-22 22:00:00,4.868000030517578,4.868000030517578,4.868000030517578,29991200,29991200,29991200
2003-07-23 22:00:00,4.875999927520752,4.875999927520752,4.875999927520752,29991200,29991200,29991200
2003-07-24 22:00:00,4.730999946594238,4.730999946594238,4.730999946594238,29991200,29991200,29991200
2003-07-25 22:00:00,4.705999851226807,4.705999851226807,4.705999851226807,29991200,29991200,29991200
2003-07-28 22:00:00,4.699999809265137,4.699999809265137,4.699999809265137,29991200,29991200,29991200
2003-07-29 22:00:00,4.692999839782715,4.692999839782715,4.692999839782715,29991200,29991200,29991200
2003-07-30 22:00:00,4.668000221252441,4.668000221252441,4.668000221252441,29991200,29991200,29991200
2003-07-31 22:00:00,4.7179999351501465,4.7179999351501465,4.7179999351501465,29991200,29991200,29991200
2003-08-01 22:00:00,4.874000072479248,4.874000072479248,4.874000072479248,29991200,29991200,29991200
2003-08-04 22:00:00,4.630000114440918,4.630000114440918,4.630000114440918,29991200,29991200,29991200
2003-08-05 22:00:00,4.677000045776367,4.677000045776367,4.677000045776367,29991200,29991200,29991200
2003-08-06 22:00:00,4.744999885559082,4.744999885559082,4.744999885559082,29991200,29991200,29991200
2003-08-07 22:00:00,5.081999778747559,5.081999778747559,5.081999778747559,29991200,29991200,29991200
2003-08-08 22:00:00,5.037000179290772,5.037000179290772,5.037000179290772,29991200,29991200,29991200
2003-08-11 22:00:00,5.129000186920166,5.129000186920166,5.129000186920166,29991200,29991200,29991200
2003-08-12 22:00:00,5.2170000076293945,5.2170000076293945,5.2170000076293945,29991200,29991200,29991200
2003-08-13 22:00:00,5.178999900817871,5.178999900817871,5.178999900817871,29991200,29991200,29991200
2003-08-14 22:00:00,4.890999794006348,4.890999794006348,4.890999794006348,29991200,29991200,29991200
2003-08-15 22:00:00,4.8480000495910645,4.8480000495910645,4.8480000495910645,29991200,29991200,29991200
2003-08-18 22:00:00,4.882999897003174,4.882999897003174,4.882999897003174,29991200,29991200,29991200
2003-08-19 22:00:00,4.964000225067139,4.964000225067139,4.964000225067139,29991200,29991200,29991200
2003-08-20 22:00:00,5.11899995803833,5.11899995803833,5.11899995803833,29991200,29991200,29991200
2003-08-21 22:00:00,5.275000095367432,5.275000095367432,5.275000095367432,29991200,29991200,29991200
2003-08-22 22:00:00,5.28000020980835,5.28000020980835,5.28000020980835,29991200,29991200,29991200
2003-08-25 22:00:00,5.083000183105469,5.083000183105469,5.083000183105469,29991200,29991200,29991200
2003-08-26 22:00:00,5.038000106811523,5.038000106811523,5.038000106811523,29991200,29991200,29991200
2003-08-27 22:00:00,4.880000114440918,4.880000114440918,4.880000114440918,29991200,29991200,29991200
2003-08-28 22:00:00,4.943999767303467,4.943999767303467,4.943999767303467,29991200,29991200,29991200
2003-08-29 22:00:00,4.730999946594238,4.730999946594238,4.730999946594238,29991200,29991200,29991200
2003-09-02 22:00:00,4.638999938964844,4.638999938964844,4.638999938964844,29991200,29991200,29991200
2003-09-03 22:00:00,4.693999767303467,4.693999767303467,4.693999767303467,29991200,29991200,29991200
2003-09-04 22:00:00,4.809999942779541,4.809999942779541,4.809999942779541,29991200,29991200,29991200
2003-09-05 22:00:00,4.770999908447266,4.770999908447266,4.770999908447266,29991200,29991200,29991200
2003-09-08 22:00:00,4.660999774932861,4.660999774932861,4.660999774932861,29991200,29991200,29991200
2003-09-09 22:00:00,4.730000019073486,4.730000019073486,4.730000019073486,29991200,29991200,29991200
2003-09-10 22:00:00,4.9679999351501465,4.9679999351501465,4.9679999351501465,29991200,29991200,29991200
2003-09-11 22:00:00,4.73799991607666,4.73799991607666,4.73799991607666,29991200,29991200,29991200
2003-09-12 22:00:00,4.765999794006348,4.765999794006348,4.765999794006348,29991200,29991200,29991200
2003-09-15 22:00:00,4.684999942779541,4.684999942779541,4.684999942779541,29991200,29991200,29991200
2003-09-16 22:00:00,4.660999774932861,4.660999774932861,4.660999774932861,29991200,29991200,29991200
2003-09-17 22:00:00,4.642000198364258,4.642000198364258,4.642000198364258,29991200,29991200,29991200
2003-09-18 22:00:00,4.4710001945495605,4.4710001945495605,4.4710001945495605,29991200,29991200,29991200
2003-09-19 22:00:00,4.482999801635742,4.482999801635742,4.482999801635742,29991200,29991200,29991200
2003-09-22 22:00:00,4.49399995803833,4.49399995803833,4.49399995803833,29991200,29991200,29991200
2003-09-23 22:00:00,4.511000156402588,4.511000156402588,4.511000156402588,29991200,29991200,29991200
2003-09-24 22:00:00,4.5879998207092285,4.5879998207092285,4.5879998207092285,29991200,29991200,29991200
2003-09-25 22:00:00,4.541999816894531,4.541999816894531,4.541999816894531,29991200,29991200,29991200
2003-09-26 22:00:00,4.429999828338623,4.429999828338623,4.429999828338623,29991200,29991200,29991200
2003-09-29 22:00:00,4.894999980926514,4.894999980926514,4.894999980926514,29991200,29991200,29991200
2003-09-30 22:00:00,4.829999923706055,4.829999923706055,4.829999923706055,29991200,29991200,29991200
2003-10-01 22:00:00,4.677000045776367,4.677000045776367,4.677000045776367,29991200,29991200,29991200
2003-10-02 22:00:00,4.685999870300293,4.685999870300293,4.685999870300293,29991200,29991200,29991200
2003-10-03 22:00:00,4.767000198364258,4.767000198364258,4.767000198364258,29991200,29991200,29991200
2003-10-06 22:00:00,4.90399980545044,4.90399980545044,4.90399980545044,29991200,29991200,29991200
2003-10-07 22:00:00,5.139999866485596,5.139999866485596,5.139999866485596,29991200,29991200,29991200
2003-10-08 22:00:00,5.1479997634887695,5.1479997634887695,5.1479997634887695,29991200,29991200,29991200
2003-10-09 22:00:00,5.570000171661377,5.570000171661377,5.570000171661377,29991200,29991200,29991200
2003-10-10 22:00:00,5.651999950408936,5.651999950408936,5.651999950408936,29991200,29991200,29991200
2003-10-13 22:00:00,5.546999931335449,5.546999931335449,5.546999931335449,29991200,29991200,29991200
2003-10-14 22:00:00,5.474999904632568,5.474999904632568,5.474999904632568,29991200,29991200,29991200
2003-10-15 22:00:00,5.431000232696533,5.431000232696533,5.431000232696533,29991200,29991200,29991200
2003-10-16 22:00:00,5.410999774932861,5.410999774932861,5.410999774932861,29991200,29991200,29991200
2003-10-17 22:00:00,5.035999774932861,5.035999774932861,5.035999774932861,29991200,29991200,29991200
2003-10-20 22:00:00,4.771999835968018,4.771999835968018,4.771999835968018,29991200,29991200,29991200
2003-10-21 22:00:00,4.875,4.875,4.875,29991200,29991200,29991200
2003-10-22 22:00:00,4.923999786376953,4.923999786376953,4.923999786376953,29991200,29991200,29991200
2003-10-23 22:00:00,4.913000106811523,4.913000106811523,4.913000106811523,29991200,29991200,29991200
2003-10-24 22:00:00,4.785999774932861,4.785999774932861,4.785999774932861,29991200,29991200,29991200
2003-10-27 22:00:00,4.51200008392334,4.51200008392334,4.51200008392334,29991200,29991200,29991200
2003-10-28 22:00:00,4.486000061035156,4.486000061035156,4.486000061035156,29991200,29991200,29991200
2003-10-29 22:00:00,4.459000110626221,4.459000110626221,4.459000110626221,29991200,29991200,29991200
2003-10-30 22:00:00,4.710000038146973,4.710000038146973,4.710000038146973,29991200,29991200,29991200
2003-10-31 22:00:00,4.89300012588501,4.89300012588501,4.89300012588501,29991200,29991200,29991200
2003-11-03 22:00:00,4.704999923706055,4.704999923706055,4.704999923706055,29991200,29991200,29991200
2003-11-04 22:00:00,4.727000236511231,4.727000236511231,4.727000236511231,29991200,29991200,29991200
2003-11-05 22:00:00,4.896999835968018,4.896999835968018,4.896999835968018,29991200,29991200,29991200
2003-11-06 22:00:00,4.6579999923706055,4.6579999923706055,4.6579999923706055,29991200,29991200,29991200
2003-11-07 22:00:00,4.705999851226807,4.705999851226807,4.705999851226807,29991200,29991200,29991200
2003-11-10 22:00:00,4.710999965667725,4.710999965667725,4.710999965667725,29991200,29991200,29991200
2003-11-11 22:00:00,4.86899995803833,4.86899995803833,4.86899995803833,29991200,29991200,29991200
2003-11-12 22:00:00,4.738999843597412,4.738999843597412,4.738999843597412,29991200,29991200,29991200
2003-11-13 22:00:00,4.796999931335449,4.796999931335449,4.796999931335449,29991200,29991200,29991200
2003-11-14 22:00:00,5.111999988555908,5.111999988555908,5.111999988555908,29991200,29991200,29991200
2003-11-17 22:00:00,4.763999938964844,4.763999938964844,4.763999938964844,29991200,29991200,29991200
2003-11-18 22:00:00,4.864999771118164,4.864999771118164,4.864999771118164,29991200,29991200,29991200
2003-11-19 22:00:00,4.73799991607666,4.73799991607666,4.73799991607666,29991200,29991200,29991200
2003-11-20 22:00:00,4.618000030517578,4.618000030517578,4.618000030517578,29991200,29991200,29991200
2003-11-21 22:00:00,4.633999824523926,4.633999824523926,4.633999824523926,29991200,29991200,29991200
2003-11-24 22:00:00,4.682000160217285,4.682000160217285,4.682000160217285,29991200,29991200,29991200
2003-11-25 22:00:00,4.860000133514404,4.860000133514404,4.860000133514404,29991200,29991200,29991200
2003-11-26 22:00:00,4.925000190734863,4.925000190734863,4.925000190734863,29991200,29991200,29991200
2003-12-01 22:00:00,5.2829999923706055,5.2829999923706055,5.2829999923706055,29991200,29991200,29991200
2003-12-02 22:00:00,5.578999996185303,5.578999996185303,5.578999996185303,29991200,29991200,29991200
2003-12-03 22:00:00,5.75600004196167,5.75600004196167,5.75600004196167,29991200,29991200,29991200
2003-12-04 22:00:00,6.336999893188477,6.336999893188477,6.336999893188477,29991200,29991200,29991200
2003-12-05 22:00:00,6.135000228881836,6.135000228881836,6.135000228881836,29991200,29991200,29991200
2003-12-08 22:00:00,6.901999950408936,6.901999950408936,6.901999950408936,29991200,29991200,29991200
2003-12-09 22:00:00,6.7220001220703125,6.7220001220703125,6.7220001220703125,29991200,29991200,29991200
2003-12-10 22:00:00,6.710999965667725,6.710999965667725,6.710999965667725,29991200,29991200,29991200
2003-12-11 22:00:00,6.614999771118164,6.614999771118164,6.614999771118164,29991200,29991200,29991200
2003-12-12 22:00:00,7.22100019454956,7.22100019454956,7.22100019454956,29991200,29991200,29991200
2003-12-15 22:00:00,6.953999996185303,6.953999996185303,6.953999996185303,29991200,29991200,29991200
2003-12-16 22:00:00,6.747000217437744,6.747000217437744,6.747000217437744,29991200,29991200,29991200
2003-12-17 22:00:00,6.993000030517578,6.993000030517578,6.993000030517578,29991200,29991200,29991200
2003-12-18 22:00:00,7.122000217437744,7.122000217437744,7.122000217437744,29991200,29991200,29991200
2003-12-19 22:00:00,6.98199987411499,6.98199987411499,6.98199987411499,29991200,29991200,29991200
2003-12-22 22:00:00,6.323999881744385,6.323999881744385,6.323999881744385,29991200,29991200,29991200
2003-12-23 22:00:00,6.14300012588501,6.14300012588501,6.14300012588501,29991200,29991200,29991200
2003-12-24 22:00:00,6.379000186920166,6.379000186920166,6.379000186920166,29991200,29991200,29991200
2003-12-29 22:00:00,6.150000095367432,6.150000095367432,6.150000095367432,29991200,29991200,29991200
2003-12-30 22:00:00,6.599999904632568,6.599999904632568,6.599999904632568,29991200,29991200,29991200
2003-12-31 22:00:00,6.189000129699707,6.189000129699707,6.189000129699707,29991200,29991200,29991200
2004-01-05 22:00:00,6.827000141143799,6.827000141143799,6.827000141143799,29991200,29991200,29991200
2004-01-06 22:00:00,7.081999778747559,7.081999778747559,7.081999778747559,29991200,29991200,29991200
2004-01-07 22:00:00,6.877999782562256,6.877999782562256,6.877999782562256,29991200,29991200,29991200
2004-01-08 22:00:00,7.093999862670898,7.093999862670898,7.093999862670898,29991200,29991200,29991200
2004-01-09 22:00:00,7.2870001792907715,7.2870001792907715,7.2870001792907715,29991200,29991200,29991200
2004-01-12 22:00:00,6.906000137329102,6.906000137329102,6.906000137329102,29991200,29991200,29991200
2004-01-13 22:00:00,6.300000190734863,6.300000190734863,6.300000190734863,29991200,29991200,29991200
2004-01-14 22:00:00,6.385000228881836,6.385000228881836,6.385000228881836,29991200,29991200,29991200
2004-01-15 22:00:00,5.84499979019165,5.84499979019165,5.84499979019165,29991200,29991200,29991200
2004-01-16 22:00:00,5.940000057220459,5.940000057220459,5.940000057220459,29991200,29991200,29991200
2004-01-20 22:00:00,6.290999889373779,6.290999889373779,6.290999889373779,29991200,29991200,29991200
2004-01-21 22:00:00,6.150000095367432,6.150000095367432,6.150000095367432,29991200,29991200,29991200
2004-01-22 22:00:00,5.834000110626221,5.834000110626221,5.834000110626221,29991200,29991200,29991200
2004-01-23 22:00:00,6.059000015258789,6.059000015258789,6.059000015258789,29991200,29991200,29991200
2004-01-26 22:00:00,5.727000236511231,5.727000236511231,5.727000236511231,29991200,29991200,29991200
2004-01-27 22:00:00,5.716000080108643,5.716000080108643,5.716000080108643,29991200,29991200,29991200
2004-01-28 22:00:00,5.775000095367432,5.775000095367432,5.775000095367432,29991200,29991200,29991200
2004-01-29 22:00:00,5.658999919891357,5.658999919891357,5.658999919891357,29991200,29991200,29991200
2004-01-30 22:00:00,5.396999835968018,5.396999835968018,5.396999835968018,29991200,29991200,29991200
2004-02-02 22:00:00,5.573999881744385,5.573999881744385,5.573999881744385,29991200,29991200,29991200
2004-02-03 22:00:00,5.651000022888184,5.651000022888184,5.651000022888184,29991200,29991200,29991200
2004-02-04 22:00:00,5.65399980545044,5.65399980545044,5.65399980545044,29991200,29991200,29991200
2004-02-05 22:00:00,5.400000095367432,5.400000095367432,5.400000095367432,29991200,29991200,29991200
2004-02-06 22:00:00,5.354000091552734,5.354000091552734,5.354000091552734,29991200,29991200,29991200
2004-02-09 22:00:00,5.348999977111816,5.348999977111816,5.348999977111816,29991200,29991200,29991200
2004-02-10 22:00:00,5.40399980545044,5.40399980545044,5.40399980545044,29991200,29991200,29991200
2004-02-11 22:00:00,5.260000228881836,5.260000228881836,5.260000228881836,29991200,29991200,29991200
2004-02-12 22:00:00,5.451000213623047,5.451000213623047,5.451000213623047,29991200,29991200,29991200
2004-02-13 22:00:00,5.535999774932861,5.535999774932861,5.535999774932861,29991200,29991200,29991200
2004-02-17 22:00:00,5.320000171661377,5.320000171661377,5.320000171661377,29991200,29991200,29991200
2004-02-18 22:00:00,5.355999946594238,5.355999946594238,5.355999946594238,29991200,29991200,29991200
2004-02-19 22:00:00,5.235000133514404,5.235000133514404,5.235000133514404,29991200,29991200,29991200
2004-02-20 22:00:00,5.192999839782715,5.192999839782715,5.192999839782715,29991200,29991200,29991200
2004-02-23 22:00:00,5.126999855041504,5.126999855041504,5.126999855041504,29991200,29991200,29991200
2004-02-24 22:00:00,5.077000141143799,5.077000141143799,5.077000141143799,29991200,29991200,29991200
2004-02-25 22:00:00,5.150000095367432,5.150000095367432,5.150000095367432,29991200,29991200,29991200
2004-02-26 22:00:00,5.390999794006348,5.390999794006348,5.390999794006348,29991200,29991200,29991200
2004-02-27 22:00:00,5.415999889373779,5.415999889373779,5.415999889373779,29991200,29991200,29991200
2004-03-01 22:00:00,5.550000190734863,5.550000190734863,5.550000190734863,29991200,29991200,29991200
2004-03-02 22:00:00,5.565000057220459,5.565000057220459,5.565000057220459,29991200,29991200,29991200
2004-03-03 22:00:00,5.375,5.375,5.375,29991200,29991200,29991200
2004-03-04 22:00:00,5.456999778747559,5.456999778747559,5.456999778747559,29991200,29991200,29991200
2004-03-05 22:00:00,5.442999839782715,5.442999839782715,5.442999839782715,29991200,29991200,29991200
2004-03-08 22:00:00,5.39300012588501,5.39300012588501,5.39300012588501,29991200,29991200,29991200
2004-03-09 22:00:00,5.438000202178955,5.438000202178955,5.438000202178955,29991200,29991200,29991200
2004-03-10 22:00:00,5.396999835968018,5.396999835968018,5.396999835968018,29991200,29991200,29991200
2004-03-11 22:00:00,5.64300012588501,5.64300012588501,5.64300012588501,29991200,29991200,29991200
2004-03-12 22:00:00,5.5960001945495605,5.5960001945495605,5.5960001945495605,29991200,29991200,29991200
2004-03-15 22:00:00,5.7179999351501465,5.7179999351501465,5.7179999351501465,29991200,29991200,29991200
2004-03-16 22:00:00,5.688000202178955,5.688000202178955,5.688000202178955,29991200,29991200,29991200
2004-03-17 22:00:00,5.7220001220703125,5.7220001220703125,5.7220001220703125,29991200,29991200,29991200
2004-03-18 22:00:00,5.63100004196167,5.63100004196167,5.63100004196167,29991200,29991200,29991200
2004-03-19 22:00:00,5.581999778747559,5.581999778747559,5.581999778747559,29991200,29991200,29991200
2004-03-22 22:00:00,5.546000003814697,5.546000003814697,5.546000003814697,29991200,29991200,29991200
2004-03-23 22:00:00,5.53000020980835,5.53000020980835,5.53000020980835,29991200,29991200,29991200
2004-03-24 22:00:00,5.428999900817871,5.428999900817871,5.428999900817871,29991200,29991200,29991200
2004-03-25 22:00:00,5.335999965667725,5.335999965667725,5.335999965667725,29991200,29991200,29991200
2004-03-26 22:00:00,5.394999980926514,5.394999980926514,5.394999980926514,29991200,29991200,29991200
2004-03-29 22:00:00,5.364999771118164,5.364999771118164,5.364999771118164,29991200,29991200,29991200
2004-03-30 22:00:00,5.745999813079834,5.745999813079834,5.745999813079834,29991200,29991200,29991200
2004-03-31 22:00:00,5.933000087738037,5.933000087738037,5.933000087738037,29991200,29991200,29991200
2004-04-01 22:00:00,5.764999866485596,5.764999866485596,5.764999866485596,29991200,29991200,29991200
2004-04-02 22:00:00,5.811999797821045,5.811999797821045,5.811999797821045,29991200,29991200,29991200
2004-04-05 22:00:00,5.803999900817871,5.803999900817871,5.803999900817871,29991200,29991200,29991200
2004-04-06 22:00:00,5.809000015258789,5.809000015258789,5.809000015258789,29991200,29991200,29991200
2004-04-07 22:00:00,5.872000217437744,5.872000217437744,5.872000217437744,29991200,29991200,29991200
2004-04-08 22:00:00,5.940999984741211,5.940999984741211,5.940999984741211,29991200,29991200,29991200
2004-04-12 22:00:00,6.008999824523926,6.008999824523926,6.008999824523926,29991200,29991200,29991200
2004-04-13 22:00:00,5.788000106811523,5.788000106811523,5.788000106811523,29991200,29991200,29991200
2004-04-14 22:00:00,5.74399995803833,5.74399995803833,5.74399995803833,29991200,29991200,29991200
2004-04-15 22:00:00,5.734000205993652,5.734000205993652,5.734000205993652,29991200,29991200,29991200
2004-04-16 22:00:00,5.610000133514404,5.610000133514404,5.610000133514404,29991200,29991200,29991200
2004-04-19 22:00:00,5.508999824523926,5.508999824523926,5.508999824523926,29991200,29991200,29991200
2004-04-20 22:00:00,5.552999973297119,5.552999973297119,5.552999973297119,29991200,29991200,29991200
2004-04-21 22:00:00,5.581999778747559,5.581999778747559,5.581999778747559,29991200,29991200,29991200
2004-04-22 22:00:00,5.623000144958496,5.623000144958496,5.623000144958496,29991200,29991200,29991200
2004-04-23 22:00:00,5.571000099182129,5.571000099182129,5.571000099182129,29991200,29991200,29991200
2004-04-26 22:00:00,5.763999938964844,5.763999938964844,5.763999938964844,29991200,29991200,29991200
2004-04-27 22:00:00,5.874000072479248,5.874000072479248,5.874000072479248,29991200,29991200,29991200
2004-04-28 22:00:00,5.934999942779541,5.934999942779541,5.934999942779541,29991200,29991200,29991200
2004-04-29 22:00:00,5.923999786376953,5.923999786376953,5.923999786376953,29991200,29991200,29991200
2004-04-30 22:00:00,5.861999988555908,5.861999988555908,5.861999988555908,29991200,29991200,29991200
2004-05-03 22:00:00,6.230999946594238,6.230999946594238,6.230999946594238,29991200,29991200,29991200
2004-05-04 22:00:00,6.269000053405762,6.269000053405762,6.269000053405762,29991200,29991200,29991200
2004-05-05 22:00:00,6.309999942779541,6.309999942779541,6.309999942779541,29991200,29991200,29991200
2004-05-06 22:00:00,6.218999862670898,6.218999862670898,6.218999862670898,29991200,29991200,29991200
2004-05-07 22:00:00,6.294000148773193,6.294000148773193,6.294000148773193,29991200,29991200,29991200
2004-05-10 22:00:00,6.184000015258789,6.184000015258789,6.184000015258789,29991200,29991200,29991200
2004-05-11 22:00:00,6.386000156402588,6.386000156402588,6.386000156402588,29991200,29991200,29991200
2004-05-12 22:00:00,6.40500020980835,6.40500020980835,6.40500020980835,29991200,29991200,29991200
2004-05-13 22:00:00,6.480000019073486,6.480000019073486,6.480000019073486,29991200,29991200,29991200
2004-05-14 22:00:00,6.401000022888184,6.401000022888184,6.401000022888184,29991200,29991200,29991200
2004-05-17 22:00:00,6.423999786376953,6.423999786376953,6.423999786376953,29991200,29991200,29991200
2004-05-18 22:00:00,6.15399980545044,6.15399980545044,6.15399980545044,29991200,29991200,29991200
2004-05-19 22:00:00,6.454999923706055,6.454999923706055,6.454999923706055,29991200,29991200,29991200
2004-05-20 22:00:00,6.323999881744385,6.323999881744385,6.323999881744385,29991200,29991200,29991200
2004-05-21 22:00:00,6.353000164031982,6.353000164031982,6.353000164031982,29991200,29991200,29991200
2004-05-24 22:00:00,6.704999923706055,6.704999923706055,6.704999923706055,29991200,29991200,29991200
2004-05-25 22:00:00,6.684000015258789,6.684000015258789,6.684000015258789,29991200,29991200,29991200
2004-05-26 22:00:00,6.679999828338623,6.679999828338623,6.679999828338623,29991200,29991200,29991200
2004-05-27 22:00:00,6.572999954223633,6.572999954223633,6.572999954223633,29991200,29991200,29991200
2004-05-28 22:00:00,6.441999912261963,6.441999912261963,6.441999912261963,29991200,29991200,29991200
2004-06-01 22:00:00,6.681000232696533,6.681000232696533,6.681000232696533,29991200,29991200,29991200
2004-06-02 22:00:00,6.519000053405762,6.519000053405762,6.519000053405762,29991200,29991200,29991200
2004-06-03 22:00:00,6.36299991607666,6.36299991607666,6.36299991607666,29991200,29991200,29991200
2004-06-04 22:00:00,6.261000156402588,6.261000156402588,6.261000156402588,29991200,29991200,29991200
2004-06-07 22:00:00,6.206999778747559,6.206999778747559,6.206999778747559,29991200,29991200,29991200
2004-06-08 22:00:00,6.114999771118164,6.114999771118164,6.114999771118164,29991200,29991200,29991200
2004-06-09 22:00:00,6.081999778747559,6.081999778747559,6.081999778747559,29991200,29991200,29991200
2004-06-10 22:00:00,6.176000118255615,6.176000118255615,6.176000118255615,29991200,29991200,29991200
2004-06-14 22:00:00,6.24399995803833,6.24399995803833,6.24399995803833,29991200,29991200,29991200
2004-06-15 22:00:00,6.303999900817871,6.303999900817871,6.303999900817871,29991200,29991200,29991200
2004-06-16 22:00:00,6.488999843597412,6.488999843597412,6.488999843597412,29991200,29991200,29991200
2004-06-17 22:00:00,6.581999778747559,6.581999778747559,6.581999778747559,29991200,29991200,29991200
2004-06-18 22:00:00,6.519999980926514,6.519999980926514,6.519999980926514,29991200,29991200,29991200
2004-06-21 22:00:00,6.339000225067139,6.339000225067139,6.339000225067139,29991200,29991200,29991200
2004-06-22 22:00:00,6.412000179290772,6.412000179290772,6.412000179290772,29991200,29991200,29991200
2004-06-23 22:00:00,6.414999961853027,6.414999961853027,6.414999961853027,29991200,29991200,29991200
2004-06-24 22:00:00,6.485000133514404,6.485000133514404,6.485000133514404,29991200,29991200,29991200
2004-06-25 22:00:00,6.353000164031982,6.353000164031982,6.353000164031982,29991200,29991200,29991200
2004-06-28 22:00:00,6.140999794006348,6.140999794006348,6.140999794006348,29991200,29991200,29991200
2004-06-29 22:00:00,6.118000030517578,6.118000030517578,6.118000030517578,29991200,29991200,29991200
2004-06-30 22:00:00,6.15500020980835,6.15500020980835,6.15500020980835,29991200,29991200,29991200
2004-07-01 22:00:00,6.2170000076293945,6.2170000076293945,6.2170000076293945,29991200,29991200,29991200
2004-07-02 22:00:00,6.1479997634887695,6.1479997634887695,6.1479997634887695,29991200,29991200,29991200
2004-07-06 22:00:00,6.423999786376953,6.423999786376953,6.423999786376953,29991200,29991200,29991200
2004-07-07 22:00:00,6.369999885559082,6.369999885559082,6.369999885559082,29991200,29991200,29991200
2004-07-08 22:00:00,6.184999942779541,6.184999942779541,6.184999942779541,29991200,29991200,29991200
2004-07-09 22:00:00,6.140999794006348,6.140999794006348,6.140999794006348,29991200,29991200,29991200
2004-07-12 22:00:00,5.85699987411499,5.85699987411499,5.85699987411499,29991200,29991200,29991200
2004-07-13 22:00:00,5.90500020980835,5.90500020980835,5.90500020980835,29991200,29991200,29991200
2004-07-14 22:00:00,5.977000236511231,5.977000236511231,5.977000236511231,29991200,29991200,29991200
2004-07-15 22:00:00,5.8460001945495605,5.8460001945495605,5.8460001945495605,29991200,29991200,29991200
2004-07-16 22:00:00,5.88700008392334,5.88700008392334,5.88700008392334,29991200,29991200,29991200
2004-07-19 22:00:00,5.817999839782715,5.817999839782715,5.817999839782715,29991200,29991200,29991200
2004-07-20 22:00:00,5.836999893188477,5.836999893188477,5.836999893188477,29991200,29991200,29991200
2004-07-21 22:00:00,5.931000232696533,5.931000232696533,5.931000232696533,29991200,29991200,29991200
2004-07-22 22:00:00,6.151999950408936,6.151999950408936,6.151999950408936,29991200,29991200,29991200
2004-07-23 22:00:00,6.133999824523926,6.133999824523926,6.133999824523926,29991200,29991200,29991200
2004-07-26 22:00:00,5.956999778747559,5.956999778747559,5.956999778747559,29991200,29991200,29991200
2004-07-27 22:00:00,5.988999843597412,5.988999843597412,5.988999843597412,29991200,29991200,29991200
2004-07-28 22:00:00,6.047999858856201,6.047999858856201,6.047999858856201,29991200,29991200,29991200
2004-07-29 22:00:00,6.179999828338623,6.179999828338623,6.179999828338623,29991200,29991200,29991200
2004-07-30 22:00:00,6.111999988555908,6.111999988555908,6.111999988555908,29991200,29991200,29991200
2004-08-02 22:00:00,5.813000202178955,5.813000202178955,5.813000202178955,29991200,29991200,29991200
2004-08-03 22:00:00,5.815999984741211,5.815999984741211,5.815999984741211,29991200,29991200,29991200
2004-08-04 22:00:00,5.660999774932861,5.660999774932861,5.660999774932861,29991200,29991200,29991200
2004-08-05 22:00:00,5.711999893188477,5.711999893188477,5.711999893188477,29991200,29991200,29991200
2004-08-06 22:00:00,5.5879998207092285,5.5879998207092285,5.5879998207092285,29991200,29991200,29991200
2004-08-09 22:00:00,5.692999839782715,5.692999839782715,5.692999839782715,29991200,29991200,29991200
2004-08-10 22:00:00,5.790999889373779,5.790999889373779,5.790999889373779,29991200,29991200,29991200
2004-08-11 22:00:00,5.613999843597412,5.613999843597412,5.613999843597412,29991200,29991200,29991200
2004-08-12 22:00:00,5.441999912261963,5.441999912261963,5.441999912261963,29991200,29991200,29991200
2004-08-13 22:00:00,5.5329999923706055,5.5329999923706055,5.5329999923706055,29991200,29991200,29991200
2004-08-16 22:00:00,5.377999782562256,5.377999782562256,5.377999782562256,29991200,29991200,29991200
2004-08-17 22:00:00,5.373000144958496,5.373000144958496,5.373000144958496,29991200,29991200,29991200
2004-08-18 22:00:00,5.381999969482422,5.381999969482422,5.381999969482422,29991200,29991200,29991200
2004-08-19 22:00:00,5.506999969482422,5.506999969482422,5.506999969482422,29991200,29991200,29991200
2004-08-20 22:00:00,5.552000045776367,5.552000045776367,5.552000045776367,29991200,29991200,29991200
2004-08-23 22:00:00,5.309999942779541,5.309999942779541,5.309999942779541,29991200,29991200,29991200
2004-08-24 22:00:00,5.3379998207092285,5.3379998207092285,5.3379998207092285,29991200,29991200,29991200
2004-08-25 22:00:00,5.297999858856201,5.297999858856201,5.297999858856201,29991200,29991200,29991200
2004-08-26 22:00:00,5.189000129699707,5.189000129699707,5.189000129699707,29991200,29991200,29991200
2004-08-27 22:00:00,5.081999778747559,5.081999778747559,5.081999778747559,29991200,29991200,29991200
2004-08-30 22:00:00,5.234000205993652,5.234000205993652,5.234000205993652,29991200,29991200,29991200
2004-08-31 22:00:00,5.073999881744385,5.073999881744385,5.073999881744385,29991200,29991200,29991200
2004-09-01 22:00:00,4.965000152587891,4.965000152587891,4.965000152587891,29991200,29991200,29991200
2004-09-02 22:00:00,4.767000198364258,4.767000198364258,4.767000198364258,29991200,29991200,29991200
2004-09-03 22:00:00,4.675000190734863,4.675000190734863,4.675000190734863,29991200,29991200,29991200
2004-09-07 22:00:00,4.789999961853027,4.789999961853027,4.789999961853027,29991200,29991200,29991200
2004-09-08 22:00:00,4.63100004196167,4.63100004196167,4.63100004196167,29991200,29991200,29991200
2004-09-09 22:00:00,4.6579999923706055,4.6579999923706055,4.6579999923706055,29991200,29991200,29991200
2004-09-10 22:00:00,4.570000171661377,4.570000171661377,4.570000171661377,29991200,29991200,29991200
2004-09-13 22:00:00,4.849999904632568,4.849999904632568,4.849999904632568,29991200,29991200,29991200
2004-09-14 22:00:00,4.927999973297119,4.927999973297119,4.927999973297119,29991200,29991200,29991200
2004-09-15 22:00:00,4.823999881744385,4.823999881744385,4.823999881744385,29991200,29991200,29991200
2004-09-16 22:00:00,4.718999862670898,4.718999862670898,4.718999862670898,29991200,29991200,29991200
2004-09-17 22:00:00,5.107999801635742,5.107999801635742,5.107999801635742,29991200,29991200,29991200
2004-09-20 22:00:00,5.249000072479248,5.249000072479248,5.249000072479248,29991200,29991200,29991200
2004-09-21 22:00:00,5.607999801635742,5.607999801635742,5.607999801635742,29991200,29991200,29991200
2004-09-22 22:00:00,5.629000186920166,5.629000186920166,5.629000186920166,29991200,29991200,29991200
2004-09-23 22:00:00,5.564000129699707,5.564000129699707,5.564000129699707,29991200,29991200,29991200
2004-09-24 22:00:00,5.392000198364258,5.392000198364258,5.392000198364258,29991200,29991200,29991200
2004-09-27 22:00:00,5.26200008392334,5.26200008392334,5.26200008392334,29991200,29991200,29991200
2004-09-28 22:00:00,5.7230000495910645,5.7230000495910645,5.7230000495910645,29991200,29991200,29991200
2004-09-29 22:00:00,6.910999774932861,6.910999774932861,6.910999774932861,29991200,29991200,29991200
2004-09-30 22:00:00,6.795000076293945,6.795000076293945,6.795000076293945,29991200,29991200,29991200
2004-10-01 22:00:00,6.771999835968018,6.771999835968018,6.771999835968018,29991200,29991200,29991200
2004-10-04 22:00:00,6.724999904632568,6.724999904632568,6.724999904632568,29991200,29991200,29991200
2004-10-05 22:00:00,7.164000034332275,7.164000034332275,7.164000034332275,29991200,29991200,29991200
2004-10-06 22:00:00,7.045000076293945,7.045000076293945,7.045000076293945,29991200,29991200,29991200
2004-10-07 22:00:00,7.255000114440918,7.255000114440918,7.255000114440918,29991200,29991200,29991200
2004-10-08 22:00:00,7.163000106811523,7.163000106811523,7.163000106811523,29991200,29991200,29991200
2004-10-11 22:00:00,6.993000030517578,6.993000030517578,6.993000030517578,29991200,29991200,29991200
2004-10-12 22:00:00,6.636000156402588,6.636000156402588,6.636000156402588,29991200,29991200,29991200
2004-10-13 22:00:00,6.85099983215332,6.85099983215332,6.85099983215332,29991200,29991200,29991200
2004-10-14 22:00:00,6.802999973297119,6.802999973297119,6.802999973297119,29991200,29991200,29991200
2004-10-15 22:00:00,6.709000110626221,6.709000110626221,6.709000110626221,29991200,29991200,29991200
2004-10-18 22:00:00,6.806000232696533,6.806000232696533,6.806000232696533,29991200,29991200,29991200
2004-10-19 22:00:00,7.123000144958496,7.123000144958496,7.123000144958496,29991200,29991200,29991200
2004-10-20 22:00:00,7.623000144958496,7.623000144958496,7.623000144958496,29991200,29991200,29991200
2004-10-21 22:00:00,7.697000026702881,7.697000026702881,7.697000026702881,29991200,29991200,29991200
2004-10-22 22:00:00,8.104999542236328,8.104999542236328,8.104999542236328,29991200,29991200,29991200
2004-10-25 22:00:00,7.889999866485596,7.889999866485596,7.889999866485596,29991200,29991200,29991200
2004-10-26 22:00:00,8.402000427246094,8.402000427246094,8.402000427246094,29991200,29991200,29991200
2004-10-27 22:00:00,7.690000057220459,7.690000057220459,7.690000057220459,29991200,29991200,29991200
2004-10-28 22:00:00,8.684000015258789,8.684000015258789,8.684000015258789,29991200,29991200,29991200
2004-10-29 22:00:00,8.725000381469727,8.725000381469727,8.725000381469727,29991200,29991200,29991200
2004-11-01 22:00:00,8.720000267028809,8.720000267028809,8.720000267028809,29991200,29991200,29991200
2004-11-02 22:00:00,8.567000389099121,8.567000389099121,8.567000389099121,29991200,29991200,29991200
2004-11-03 22:00:00,8.751999855041504,8.751999855041504,8.751999855041504,29991200,29991200,29991200
2004-11-04 22:00:00,8.199000358581543,8.199000358581543,8.199000358581543,29991200,29991200,29991200
2004-11-05 22:00:00,7.953999996185303,7.953999996185303,7.953999996185303,29991200,29991200,29991200
2004-11-08 22:00:00,7.599999904632568,7.599999904632568,7.599999904632568,29991200,29991200,29991200
2004-11-09 22:00:00,7.47100019454956,7.47100019454956,7.47100019454956,29991200,29991200,29991200
2004-11-10 22:00:00,7.677999973297119,7.677999973297119,7.677999973297119,29991200,29991200,29991200
2004-11-11 22:00:00,7.236000061035156,7.236000061035156,7.236000061035156,29991200,29991200,29991200
2004-11-12 22:00:00,7.176000118255615,7.176000118255615,7.176000118255615,29991200,29991200,29991200
2004-11-15 22:00:00,7.435999870300293,7.435999870300293,7.435999870300293,29991200,29991200,29991200
2004-11-16 22:00:00,7.124000072479248,7.124000072479248,7.124000072479248,29991200,29991200,29991200
2004-11-17 22:00:00,7.282999992370605,7.282999992370605,7.282999992370605,29991200,29991200,29991200
2004-11-18 22:00:00,6.873000144958496,6.873000144958496,6.873000144958496,29991200,29991200,29991200
2004-11-19 22:00:00,7.114999771118164,7.114999771118164,7.114999771118164,29991200,29991200,29991200
2004-11-22 22:00:00,6.76200008392334,6.76200008392334,6.76200008392334,29991200,29991200,29991200
2004-11-23 22:00:00,6.793000221252441,6.793000221252441,6.793000221252441,29991200,29991200,29991200
2004-11-24 22:00:00,7.97599983215332,7.97599983215332,7.97599983215332,29991200,29991200,29991200
2004-11-29 22:00:00,7.836999893188477,7.836999893188477,7.836999893188477,29991200,29991200,29991200
2004-11-30 22:00:00,7.619999885559082,7.619999885559082,7.619999885559082,29991200,29991200,29991200
2004-12-01 22:00:00,7.413000106811523,7.413000106811523,7.413000106811523,29991200,29991200,29991200
2004-12-02 22:00:00,6.810999870300293,6.810999870300293,6.810999870300293,29991200,29991200,29991200
2004-12-03 22:00:00,6.796000003814697,6.796000003814697,6.796000003814697,29991200,29991200,29991200
2004-12-06 22:00:00,6.922999858856201,6.922999858856201,6.922999858856201,29991200,29991200,29991200
2004-12-07 22:00:00,6.620999813079834,6.620999813079834,6.620999813079834,29991200,29991200,29991200
2004-12-08 22:00:00,6.683000087738037,6.683000087738037,6.683000087738037,29991200,29991200,29991200
2004-12-09 22:00:00,6.886000156402588,6.886000156402588,6.886000156402588,29991200,29991200,29991200
2004-12-10 22:00:00,6.8429999351501465,6.8429999351501465,6.8429999351501465,29991200,29991200,29991200
2004-12-13 22:00:00,7.165999889373779,7.165999889373779,7.165999889373779,29991200,29991200,29991200
2004-12-14 22:00:00,7.333000183105469,7.333000183105469,7.333000183105469,29991200,29991200,29991200
2004-12-15 22:00:00,7.236000061035156,7.236000061035156,7.236000061035156,29991200,29991200,29991200
2004-12-16 22:00:00,7.0,7.0,7.0,29991200,29991200,29991200
2004-12-17 22:00:00,7.456999778747559,7.456999778747559,7.456999778747559,29991200,29991200,29991200
2004-12-20 22:00:00,6.952000141143799,6.952000141143799,6.952000141143799,29991200,29991200,29991200
2004-12-21 22:00:00,6.855999946594238,6.855999946594238,6.855999946594238,29991200,29991200,29991200
2004-12-22 22:00:00,6.820000171661377,6.820000171661377,6.820000171661377,29991200,29991200,29991200
2004-12-23 22:00:00,6.668000221252441,6.668000221252441,6.668000221252441,29991200,29991200,29991200
2004-12-27 22:00:00,6.159999847412109,6.159999847412109,6.159999847412109,29991200,29991200,29991200
2004-12-28 22:00:00,6.2129998207092285,6.2129998207092285,6.2129998207092285,29991200,29991200,29991200
2004-12-29 22:00:00,6.401999950408936,6.401999950408936,6.401999950408936,29991200,29991200,29991200
2004-12-30 22:00:00,6.14900016784668,6.14900016784668,6.14900016784668,29991200,29991200,29991200
2005-01-03 22:00:00,5.789999961853027,5.789999961853027,5.789999961853027,29991200,29991200,29991200
2005-01-04 22:00:00,5.901999950408936,5.901999950408936,5.901999950408936,29991200,29991200,29991200
2005-01-05 22:00:00,5.833000183105469,5.833000183105469,5.833000183105469,29991200,29991200,29991200
2005-01-06 22:00:00,6.048999786376953,6.048999786376953,6.048999786376953,29991200,29991200,29991200
2005-01-07 22:00:00,6.000999927520752,6.000999927520752,6.000999927520752,29991200,29991200,29991200
2005-01-10 22:00:00,6.158999919891357,6.158999919891357,6.158999919891357,29991200,29991200,29991200
2005-01-11 22:00:00,6.09499979019165,6.09499979019165,6.09499979019165,29991200,29991200,29991200
2005-01-12 22:00:00,5.942999839782715,5.942999839782715,5.942999839782715,29991200,29991200,29991200
2005-01-13 22:00:00,6.445000171661377,6.445000171661377,6.445000171661377,29991200,29991200,29991200
2005-01-14 22:00:00,6.394999980926514,6.394999980926514,6.394999980926514,29991200,29991200,29991200
2005-01-18 22:00:00,6.13700008392334,6.13700008392334,6.13700008392334,29991200,29991200,29991200
2005-01-19 22:00:00,6.293000221252441,6.293000221252441,6.293000221252441,29991200,29991200,29991200
2005-01-20 22:00:00,6.308000087738037,6.308000087738037,6.308000087738037,29991200,29991200,29991200
2005-01-21 22:00:00,6.239999771118164,6.239999771118164,6.239999771118164,29991200,29991200,29991200
2005-01-24 22:00:00,6.47599983215332,6.47599983215332,6.47599983215332,29991200,29991200,29991200
2005-01-25 22:00:00,6.402999877929688,6.402999877929688,6.402999877929688,29991200,29991200,29991200
2005-01-26 22:00:00,6.388000011444092,6.388000011444092,6.388000011444092,29991200,29991200,29991200
2005-01-27 22:00:00,6.288000106811523,6.288000106811523,6.288000106811523,29991200,29991200,29991200
2005-01-28 22:00:00,6.258999824523926,6.258999824523926,6.258999824523926,29991200,29991200,29991200
2005-01-31 22:00:00,6.321000099182129,6.321000099182129,6.321000099182129,29991200,29991200,29991200
2005-02-01 22:00:00,6.315999984741211,6.315999984741211,6.315999984741211,29991200,29991200,29991200
2005-02-02 22:00:00,6.375999927520752,6.375999927520752,6.375999927520752,29991200,29991200,29991200
2005-02-03 22:00:00,6.14900016784668,6.14900016784668,6.14900016784668,29991200,29991200,29991200
2005-02-04 22:00:00,6.0960001945495605,6.0960001945495605,6.0960001945495605,29991200,29991200,29991200
2005-02-07 22:00:00,5.968999862670898,5.968999862670898,5.968999862670898,29991200,29991200,29991200
2005-02-08 22:00:00,6.164000034332275,6.164000034332275,6.164000034332275,29991200,29991200,29991200
2005-02-09 22:00:00,6.164999961853027,6.164999961853027,6.164999961853027,29991200,29991200,29991200
2005-02-10 22:00:00,6.159999847412109,6.159999847412109,6.159999847412109,29991200,29991200,29991200
2005-02-11 22:00:00,6.0929999351501465,6.0929999351501465,6.0929999351501465,29991200,29991200,29991200
2005-02-14 22:00:00,6.0929999351501465,6.0929999351501465,6.0929999351501465,29991200,29991200,29991200
2005-02-15 22:00:00,6.175000190734863,6.175000190734863,6.175000190734863,29991200,29991200,29991200
2005-02-16 22:00:00,6.109000205993652,6.109000205993652,6.109000205993652,29991200,29991200,29991200
2005-02-17 22:00:00,5.922999858856201,5.922999858856201,5.922999858856201,29991200,29991200,29991200
2005-02-18 22:00:00,5.9079999923706055,5.9079999923706055,5.9079999923706055,29991200,29991200,29991200
2005-02-22 22:00:00,6.103000164031982,6.103000164031982,6.103000164031982,29991200,29991200,29991200
2005-02-23 22:00:00,6.310999870300293,6.310999870300293,6.310999870300293,29991200,29991200,29991200
2005-02-24 22:00:00,6.303999900817871,6.303999900817871,6.303999900817871,29991200,29991200,29991200
2005-02-25 22:00:00,6.715000152587891,6.715000152587891,6.715000152587891,29991200,29991200,29991200
2005-02-28 22:00:00,6.730000019073486,6.730000019073486,6.730000019073486,29991200,29991200,29991200
2005-03-01 22:00:00,6.679999828338623,6.679999828338623,6.679999828338623,29991200,29991200,29991200
2005-03-02 22:00:00,6.7170000076293945,6.7170000076293945,6.7170000076293945,29991200,29991200,29991200
2005-03-03 22:00:00,6.6570000648498535,6.6570000648498535,6.6570000648498535,29991200,29991200,29991200
2005-03-04 22:00:00,6.74399995803833,6.74399995803833,6.74399995803833,29991200,29991200,29991200
2005-03-07 22:00:00,6.714000225067139,6.714000225067139,6.714000225067139,29991200,29991200,29991200
2005-03-08 22:00:00,6.8470001220703125,6.8470001220703125,6.8470001220703125,29991200,29991200,29991200
2005-03-09 22:00:00,6.880000114440918,6.880000114440918,6.880000114440918,29991200,29991200,29991200
2005-03-10 22:00:00,6.76800012588501,6.76800012588501,6.76800012588501,29991200,29991200,29991200
2005-03-11 22:00:00,6.771999835968018,6.771999835968018,6.771999835968018,29991200,29991200,29991200
2005-03-14 22:00:00,7.138000011444092,7.138000011444092,7.138000011444092,29991200,29991200,29991200
2005-03-15 22:00:00,7.178999900817871,7.178999900817871,7.178999900817871,29991200,29991200,29991200
2005-03-16 22:00:00,7.191999912261963,7.191999912261963,7.191999912261963,29991200,29991200,29991200
2005-03-17 22:00:00,7.23799991607666,7.23799991607666,7.23799991607666,29991200,29991200,29991200
2005-03-18 22:00:00,7.2729997634887695,7.2729997634887695,7.2729997634887695,29991200,29991200,29991200
2005-03-21 22:00:00,7.317999839782715,7.317999839782715,7.317999839782715,29991200,29991200,29991200
2005-03-22 22:00:00,7.248000144958496,7.248000144958496,7.248000144958496,29991200,29991200,29991200
2005-03-23 22:00:00,7.138000011444092,7.138000011444092,7.138000011444092,29991200,29991200,29991200
2005-03-24 22:00:00,7.061999797821045,7.061999797821045,7.061999797821045,29991200,29991200,29991200
2005-03-28 22:00:00,6.999000072479248,6.999000072479248,6.999000072479248,29991200,29991200,29991200
2005-03-29 22:00:00,7.322999954223633,7.322999954223633,7.322999954223633,29991200,29991200,29991200
2005-03-30 22:00:00,7.460000038146973,7.460000038146973,7.460000038146973,29991200,29991200,29991200
2005-03-31 22:00:00,7.652999877929687,7.652999877929687,7.652999877929687,29991200,29991200,29991200
2005-04-01 22:00:00,7.749000072479248,7.749000072479248,7.749000072479248,29991200,29991200,29991200
2005-04-04 22:00:00,7.593999862670898,7.593999862670898,7.593999862670898,29991200,29991200,29991200
2005-04-05 22:00:00,7.572000026702881,7.572000026702881,7.572000026702881,29991200,29991200,29991200
2005-04-06 22:00:00,7.558000087738037,7.558000087738037,7.558000087738037,29991200,29991200,29991200
2005-04-07 22:00:00,7.366000175476074,7.366000175476074,7.366000175476074,29991200,29991200,29991200
2005-04-08 22:00:00,7.242000102996826,7.242000102996826,7.242000102996826,29991200,29991200,29991200
2005-04-11 22:00:00,7.309000015258789,7.309000015258789,7.309000015258789,29991200,29991200,29991200
2005-04-12 22:00:00,7.093999862670898,7.093999862670898,7.093999862670898,29991200,29991200,29991200
2005-04-13 22:00:00,6.978000164031982,6.978000164031982,6.978000164031982,29991200,29991200,29991200
2005-04-14 22:00:00,7.068999767303467,7.068999767303467,7.068999767303467,29991200,29991200,29991200
2005-04-15 22:00:00,6.997000217437744,6.997000217437744,6.997000217437744,29991200,29991200,29991200
2005-04-18 22:00:00,6.949999809265137,6.949999809265137,6.949999809265137,29991200,29991200,29991200
2005-04-19 22:00:00,7.045000076293945,7.045000076293945,7.045000076293945,29991200,29991200,29991200
2005-04-20 22:00:00,7.057000160217285,7.057000160217285,7.057000160217285,29991200,29991200,29991200
2005-04-21 22:00:00,7.0320000648498535,7.0320000648498535,7.0320000648498535,29991200,29991200,29991200
2005-04-22 22:00:00,7.195000171661377,7.195000171661377,7.195000171661377,29991200,29991200,29991200
2005-04-25 22:00:00,7.152999877929688,7.152999877929688,7.152999877929688,29991200,29991200,29991200
2005-04-26 22:00:00,7.119999885559082,7.119999885559082,7.119999885559082,29991200,29991200,29991200
2005-04-27 22:00:00,6.748000144958496,6.748000144958496,6.748000144958496,29991200,29991200,29991200
2005-04-28 22:00:00,6.748000144958496,6.748000144958496,6.748000144958496,29991200,29991200,29991200
2005-04-29 22:00:00,6.585000038146973,6.585000038146973,6.585000038146973,29991200,29991200,29991200
2005-05-02 22:00:00,6.697000026702881,6.697000026702881,6.697000026702881,29991200,29991200,29991200
2005-05-03 22:00:00,6.514999866485596,6.514999866485596,6.514999866485596,29991200,29991200,29991200
2005-05-04 22:00:00,6.630000114440918,6.630000114440918,6.630000114440918,29991200,29991200,29991200
2005-05-05 22:00:00,6.690999984741211,6.690999984741211,6.690999984741211,29991200,29991200,29991200
2005-05-06 22:00:00,6.620999813079834,6.620999813079834,6.620999813079834,29991200,29991200,29991200
2005-05-09 22:00:00,6.673999786376953,6.673999786376953,6.673999786376953,29991200,29991200,29991200
2005-05-10 22:00:00,6.693999767303467,6.693999767303467,6.693999767303467,29991200,29991200,29991200
2005-05-11 22:00:00,6.683000087738037,6.683000087738037,6.683000087738037,29991200,29991200,29991200
2005-05-12 22:00:00,6.511000156402588,6.511000156402588,6.511000156402588,29991200,29991200,29991200
2005-05-13 22:00:00,6.535999774932861,6.535999774932861,6.535999774932861,29991200,29991200,29991200
2005-05-16 22:00:00,6.446000099182129,6.446000099182129,6.446000099182129,29991200,29991200,29991200
2005-05-17 22:00:00,6.47599983215332,6.47599983215332,6.47599983215332,29991200,29991200,29991200
2005-05-18 22:00:00,6.392000198364258,6.392000198364258,6.392000198364258,29991200,29991200,29991200
2005-05-19 22:00:00,6.35699987411499,6.35699987411499,6.35699987411499,29991200,29991200,29991200
2005-05-20 22:00:00,6.3429999351501465,6.3429999351501465,6.3429999351501465,29991200,29991200,29991200
2005-05-23 22:00:00,6.4070000648498535,6.4070000648498535,6.4070000648498535,29991200,29991200,29991200
2005-05-24 22:00:00,6.348999977111816,6.348999977111816,6.348999977111816,29991200,29991200,29991200
2005-05-25 22:00:00,6.315000057220459,6.315000057220459,6.315000057220459,29991200,29991200,29991200
2005-05-26 22:00:00,6.123000144958496,6.123000144958496,6.123000144958496,29991200,29991200,29991200
2005-05-27 22:00:00,6.369999885559082,6.369999885559082,6.369999885559082,29991200,29991200,29991200
2005-05-31 22:00:00,6.379000186920166,6.379000186920166,6.379000186920166,29991200,29991200,29991200
2005-06-01 22:00:00,6.789000034332275,6.789000034332275,6.789000034332275,29991200,29991200,29991200
2005-06-02 22:00:00,6.818999767303467,6.818999767303467,6.818999767303467,29991200,29991200,29991200
2005-06-03 22:00:00,6.880000114440918,6.880000114440918,6.880000114440918,29991200,29991200,29991200
2005-06-06 22:00:00,7.122000217437744,7.122000217437744,7.122000217437744,29991200,29991200,29991200
2005-06-07 22:00:00,7.126999855041504,7.126999855041504,7.126999855041504,29991200,29991200,29991200
2005-06-08 22:00:00,7.0,7.0,7.0,29991200,29991200,29991200
2005-06-09 22:00:00,7.045000076293945,7.045000076293945,7.045000076293945,29991200,29991200,29991200
2005-06-10 22:00:00,6.932000160217285,6.932000160217285,6.932000160217285,29991200,29991200,29991200
2005-06-13 22:00:00,7.260000228881836,7.260000228881836,7.260000228881836,29991200,29991200,29991200
2005-06-14 22:00:00,7.228000164031982,7.228000164031982,7.228000164031982,29991200,29991200,29991200
2005-06-15 22:00:00,7.440999984741211,7.440999984741211,7.440999984741211,29991200,29991200,29991200
2005-06-16 22:00:00,7.61299991607666,7.61299991607666,7.61299991607666,29991200,29991200,29991200
2005-06-17 22:00:00,7.690000057220459,7.690000057220459,7.690000057220459,29991200,29991200,29991200
2005-06-20 22:00:00,7.670000076293945,7.670000076293945,7.670000076293945,29991200,29991200,29991200
2005-06-21 22:00:00,7.473999977111816,7.473999977111816,7.473999977111816,29991200,29991200,29991200
2005-06-22 22:00:00,7.441999912261963,7.441999912261963,7.441999912261963,29991200,29991200,29991200
2005-06-23 22:00:00,7.473000049591064,7.473000049591064,7.473000049591064,29991200,29991200,29991200
2005-06-24 22:00:00,7.360000133514404,7.360000133514404,7.360000133514404,29991200,29991200,29991200
2005-06-27 22:00:00,7.138000011444092,7.138000011444092,7.138000011444092,29991200,29991200,29991200
2005-06-28 22:00:00,6.97599983215332,6.97599983215332,6.97599983215332,29991200,29991200,29991200
2005-06-29 22:00:00,7.086999893188477,7.086999893188477,7.086999893188477,29991200,29991200,29991200
2005-06-30 22:00:00,6.980999946594238,6.980999946594238,6.980999946594238,29991200,29991200,29991200
2005-07-01 22:00:00,7.171000003814697,7.171000003814697,7.171000003814697,29991200,29991200,29991200
2005-07-05 22:00:00,7.474999904632568,7.474999904632568,7.474999904632568,29991200,29991200,29991200
2005-07-06 22:00:00,7.688000202178955,7.688000202178955,7.688000202178955,29991200,29991200,29991200
2005-07-07 22:00:00,7.3979997634887695,7.3979997634887695,7.3979997634887695,29991200,29991200,29991200
2005-07-08 22:00:00,7.472000122070312,7.472000122070312,7.472000122070312,29991200,29991200,29991200
2005-07-11 22:00:00,7.494999885559082,7.494999885559082,7.494999885559082,29991200,29991200,29991200
2005-07-12 22:00:00,7.885000228881836,7.885000228881836,7.885000228881836,29991200,29991200,29991200
2005-07-13 22:00:00,7.900000095367432,7.900000095367432,7.900000095367432,29991200,29991200,29991200
2005-07-14 22:00:00,7.843999862670898,7.843999862670898,7.843999862670898,29991200,29991200,29991200
2005-07-15 22:00:00,7.848999977111816,7.848999977111816,7.848999977111816,29991200,29991200,29991200
2005-07-18 22:00:00,7.651999950408935,7.651999950408935,7.651999950408935,29991200,29991200,29991200
2005-07-19 22:00:00,7.585999965667725,7.585999965667725,7.585999965667725,29991200,29991200,29991200
2005-07-20 22:00:00,7.550000190734863,7.550000190734863,7.550000190734863,29991200,29991200,29991200
2005-07-21 22:00:00,7.300000190734863,7.300000190734863,7.300000190734863,29991200,29991200,29991200
2005-07-22 22:00:00,7.383999824523926,7.383999824523926,7.383999824523926,29991200,29991200,29991200
2005-07-25 22:00:00,7.283999919891357,7.283999919891357,7.283999919891357,29991200,29991200,29991200
2005-07-26 22:00:00,7.425000190734863,7.425000190734863,7.425000190734863,29991200,29991200,29991200
2005-07-27 22:00:00,7.646999835968018,7.646999835968018,7.646999835968018,29991200,29991200,29991200
2005-07-28 22:00:00,7.693999767303467,7.693999767303467,7.693999767303467,29991200,29991200,29991200
2005-07-29 22:00:00,7.885000228881836,7.885000228881836,7.885000228881836,29991200,29991200,29991200
2005-08-01 22:00:00,8.154000282287598,8.154000282287598,8.154000282287598,29991200,29991200,29991200
2005-08-02 22:00:00,8.378000259399414,8.378000259399414,8.378000259399414,29991200,29991200,29991200
2005-08-03 22:00:00,8.35099983215332,8.35099983215332,8.35099983215332,29991200,29991200,29991200
2005-08-04 22:00:00,8.470999717712402,8.470999717712402,8.470999717712402,29991200,29991200,29991200
2005-08-05 22:00:00,8.699999809265137,8.699999809265137,8.699999809265137,29991200,29991200,29991200
2005-08-08 22:00:00,8.684000015258789,8.684000015258789,8.684000015258789,29991200,29991200,29991200
2005-08-09 22:00:00,8.64900016784668,8.64900016784668,8.64900016784668,29991200,29991200,29991200
2005-08-10 22:00:00,9.071000099182127,9.071000099182127,9.071000099182127,29991200,29991200,29991200
2005-08-11 22:00:00,9.300999641418455,9.300999641418455,9.300999641418455,29991200,29991200,29991200
2005-08-12 22:00:00,9.588000297546388,9.588000297546388,9.588000297546388,29991200,29991200,29991200
2005-08-15 22:00:00,9.539999961853027,9.539999961853027,9.539999961853027,29991200,29991200,29991200
2005-08-16 22:00:00,9.751999855041504,9.751999855041504,9.751999855041504,29991200,29991200,29991200
2005-08-17 22:00:00,9.390999794006348,9.390999794006348,9.390999794006348,29991200,29991200,29991200
2005-08-18 22:00:00,8.928000450134277,8.928000450134277,8.928000450134277,29991200,29991200,29991200
2005-08-19 22:00:00,9.111000061035156,9.111000061035156,9.111000061035156,29991200,29991200,29991200
2005-08-22 22:00:00,9.564000129699709,9.564000129699709,9.564000129699709,29991200,29991200,29991200
2005-08-23 22:00:00,9.68299961090088,9.68299961090088,9.68299961090088,29991200,29991200,29991200
2005-08-24 22:00:00,9.984000205993652,9.984000205993652,9.984000205993652,29991200,29991200,29991200
2005-08-25 22:00:00,9.770000457763672,9.770000457763672,9.770000457763672,29991200,29991200,29991200
2005-08-26 22:00:00,9.791999816894531,9.791999816894531,9.791999816894531,29991200,29991200,29991200
2005-08-29 22:00:00,10.847000122070312,10.847000122070312,10.847000122070312,29991200,29991200,29991200
2005-08-30 22:00:00,11.659000396728516,11.659000396728516,11.659000396728516,29991200,29991200,29991200
2005-08-31 22:00:00,11.472000122070312,11.472000122070312,11.472000122070312,29991200,29991200,29991200
2005-09-01 22:00:00,11.756999969482422,11.756999969482422,11.756999969482422,29991200,29991200,29991200
2005-09-02 22:00:00,11.690999984741213,11.690999984741213,11.690999984741213,29991200,29991200,29991200
2005-09-06 22:00:00,11.656999588012695,11.656999588012695,11.656999588012695,29991200,29991200,29991200
2005-09-07 22:00:00,11.201000213623049,11.201000213623049,11.201000213623049,29991200,29991200,29991200
2005-09-08 22:00:00,11.347000122070312,11.347000122070312,11.347000122070312,29991200,29991200,29991200
2005-09-09 22:00:00,11.262999534606934,11.262999534606934,11.262999534606934,29991200,29991200,29991200
2005-09-12 22:00:00,11.031000137329102,11.031000137329102,11.031000137329102,29991200,29991200,29991200
2005-09-13 22:00:00,10.762999534606934,10.762999534606934,10.762999534606934,29991200,29991200,29991200
2005-09-14 22:00:00,11.166000366210938,11.166000366210938,11.166000366210938,29991200,29991200,29991200
2005-09-15 22:00:00,11.336000442504885,11.336000442504885,11.336000442504885,29991200,29991200,29991200
2005-09-16 22:00:00,11.144000053405762,11.144000053405762,11.144000053405762,29991200,29991200,29991200
2005-09-19 22:00:00,12.663000106811523,12.663000106811523,12.663000106811523,29991200,29991200,29991200
2005-09-20 22:00:00,12.491999626159668,12.491999626159668,12.491999626159668,29991200,29991200,29991200
2005-09-21 22:00:00,12.600000381469728,12.600000381469728,12.600000381469728,29991200,29991200,29991200
2005-09-22 22:00:00,12.789999961853027,12.789999961853027,12.789999961853027,29991200,29991200,29991200
2005-09-23 22:00:00,12.324000358581545,12.324000358581545,12.324000358581545,29991200,29991200,29991200
2005-09-26 22:00:00,12.4399995803833,12.4399995803833,12.4399995803833,29991200,29991200,29991200
2005-09-27 22:00:00,12.656000137329102,12.656000137329102,12.656000137329102,29991200,29991200,29991200
2005-09-28 22:00:00,13.906999588012695,13.906999588012695,13.906999588012695,29991200,29991200,29991200
2005-09-29 22:00:00,14.196000099182127,14.196000099182127,14.196000099182127,29991200,29991200,29991200
2005-09-30 22:00:00,13.92099952697754,13.92099952697754,13.92099952697754,29991200,29991200,29991200
2005-10-03 22:00:00,14.017000198364258,14.017000198364258,14.017000198364258,29991200,29991200,29991200
2005-10-04 22:00:00,14.223999977111816,14.223999977111816,14.223999977111816,29991200,29991200,29991200
2005-10-05 22:00:00,14.18299961090088,14.18299961090088,14.18299961090088,29991200,29991200,29991200
2005-10-06 22:00:00,13.375,13.375,13.375,29991200,29991200,29991200
2005-10-07 22:00:00,13.22599983215332,13.22599983215332,13.22599983215332,29991200,29991200,29991200
2005-10-10 22:00:00,12.975000381469728,12.975000381469728,12.975000381469728,29991200,29991200,29991200
2005-10-11 22:00:00,13.539999961853027,13.539999961853027,13.539999961853027,29991200,29991200,29991200
2005-10-12 22:00:00,13.52400016784668,13.52400016784668,13.52400016784668,29991200,29991200,29991200
2005-10-13 22:00:00,13.102999687194824,13.102999687194824,13.102999687194824,29991200,29991200,29991200
2005-10-14 22:00:00,13.218999862670898,13.218999862670898,13.218999862670898,29991200,29991200,29991200
2005-10-17 22:00:00,13.88700008392334,13.88700008392334,13.88700008392334,29991200,29991200,29991200
2005-10-18 22:00:00,13.42099952697754,13.42099952697754,13.42099952697754,29991200,29991200,29991200
2005-10-19 22:00:00,13.548999786376951,13.548999786376951,13.548999786376951,29991200,29991200,29991200
2005-10-20 22:00:00,12.97700023651123,12.97700023651123,12.97700023651123,29991200,29991200,29991200
2005-10-21 22:00:00,12.871999740600586,12.871999740600586,12.871999740600586,29991200,29991200,29991200
2005-10-24 22:00:00,13.003999710083008,13.003999710083008,13.003999710083008,29991200,29991200,29991200
2005-10-25 22:00:00,14.338000297546388,14.338000297546388,14.338000297546388,29991200,29991200,29991200
2005-10-26 22:00:00,14.039999961853027,14.039999961853027,14.039999961853027,29991200,29991200,29991200
2005-10-27 22:00:00,13.83199977874756,13.83199977874756,13.83199977874756,29991200,29991200,29991200
2005-10-28 22:00:00,13.05500030517578,13.05500030517578,13.05500030517578,29991200,29991200,29991200
2005-10-31 22:00:00,12.204999923706056,12.204999923706056,12.204999923706056,29991200,29991200,29991200
2005-11-01 22:00:00,11.859999656677246,11.859999656677246,11.859999656677246,29991200,29991200,29991200
2005-11-02 22:00:00,11.604000091552734,11.604000091552734,11.604000091552734,29991200,29991200,29991200
2005-11-03 22:00:00,11.689000129699709,11.689000129699709,11.689000129699709,29991200,29991200,29991200
2005-11-04 22:00:00,11.414999961853027,11.414999961853027,11.414999961853027,29991200,29991200,29991200
2005-11-07 22:00:00,11.873000144958496,11.873000144958496,11.873000144958496,29991200,29991200,29991200
2005-11-08 22:00:00,11.79300022125244,11.79300022125244,11.79300022125244,29991200,29991200,29991200
2005-11-09 22:00:00,11.668999671936035,11.668999671936035,11.668999671936035,29991200,29991200,29991200
2005-11-10 22:00:00,11.380000114440918,11.380000114440918,11.380000114440918,29991200,29991200,29991200
2005-11-11 22:00:00,11.711999893188477,11.711999893188477,11.711999893188477,29991200,29991200,29991200
2005-11-14 22:00:00,11.607000350952148,11.607000350952148,11.607000350952148,29991200,29991200,29991200
2005-11-15 22:00:00,11.562999725341797,11.562999725341797,11.562999725341797,29991200,29991200,29991200
2005-11-16 22:00:00,12.32900047302246,12.32900047302246,12.32900047302246,29991200,29991200,29991200
2005-11-17 22:00:00,11.94200038909912,11.94200038909912,11.94200038909912,29991200,29991200,29991200
2005-11-18 22:00:00,11.413999557495115,11.413999557495115,11.413999557495115,29991200,29991200,29991200
2005-11-21 22:00:00,11.331000328063965,11.331000328063965,11.331000328063965,29991200,29991200,29991200
2005-11-22 22:00:00,11.61400032043457,11.61400032043457,11.61400032043457,29991200,29991200,29991200
2005-11-23 22:00:00,11.619999885559082,11.619999885559082,11.619999885559082,29991200,29991200,29991200
2005-11-28 22:00:00,11.18000030517578,11.18000030517578,11.18000030517578,29991200,29991200,29991200
2005-11-29 22:00:00,11.736000061035156,11.736000061035156,11.736000061035156,29991200,29991200,29991200
2005-11-30 22:00:00,12.630000114440918,12.630000114440918,12.630000114440918,29991200,29991200,29991200
2005-12-01 22:00:00,13.027000427246094,13.027000427246094,13.027000427246094,29991200,29991200,29991200
2005-12-02 22:00:00,13.930999755859377,13.930999755859377,13.930999755859377,29991200,29991200,29991200
2005-12-05 22:00:00,13.65999984741211,13.65999984741211,13.65999984741211,29991200,29991200,29991200
2005-12-06 22:00:00,13.48900032043457,13.48900032043457,13.48900032043457,29991200,29991200,29991200
2005-12-07 22:00:00,13.699999809265137,13.699999809265137,13.699999809265137,29991200,29991200,29991200
2005-12-08 22:00:00,15.079999923706056,15.079999923706056,15.079999923706056,29991200,29991200,29991200
2005-12-09 22:00:00,14.312000274658203,14.312000274658203,14.312000274658203,29991200,29991200,29991200
2005-12-12 22:00:00,14.840999603271484,14.840999603271484,14.840999603271484,29991200,29991200,29991200
2005-12-13 22:00:00,15.378000259399414,15.378000259399414,15.378000259399414,29991200,29991200,29991200
2005-12-14 22:00:00,14.678999900817873,14.678999900817873,14.678999900817873,29991200,29991200,29991200
2005-12-15 22:00:00,13.781000137329102,13.781000137329102,13.781000137329102,29991200,29991200,29991200
2005-12-16 22:00:00,13.633000373840332,13.633000373840332,13.633000373840332,29991200,29991200,29991200
2005-12-19 22:00:00,14.04300022125244,14.04300022125244,14.04300022125244,29991200,29991200,29991200
2005-12-20 22:00:00,14.079999923706056,14.079999923706056,14.079999923706056,29991200,29991200,29991200
2005-12-21 22:00:00,14.270999908447266,14.270999908447266,14.270999908447266,29991200,29991200,29991200
2005-12-22 22:00:00,12.92300033569336,12.92300033569336,12.92300033569336,29991200,29991200,29991200
2005-12-23 22:00:00,12.282999992370604,12.282999992370604,12.282999992370604,29991200,29991200,29991200
2005-12-27 22:00:00,11.022000312805176,11.022000312805176,11.022000312805176,29991200,29991200,29991200
2005-12-28 22:00:00,11.430999755859377,11.430999755859377,11.430999755859377,29991200,29991200,29991200
2005-12-29 22:00:00,11.222999572753906,11.222999572753906,11.222999572753906,29991200,29991200,29991200
2005-12-30 22:00:00,11.225000381469728,11.225000381469728,11.225000381469728,29991200,29991200,29991200
2006-01-03 22:00:00,10.62600040435791,10.62600040435791,10.62600040435791,29991200,29991200,29991200
2006-01-04 22:00:00,10.196999549865724,10.196999549865724,10.196999549865724,29991200,29991200,29991200
2006-01-05 22:00:00,9.49899959564209,9.49899959564209,9.49899959564209,29991200,29991200,29991200
2006-01-06 22:00:00,9.631999969482422,9.631999969482422,9.631999969482422,29991200,29991200,29991200
2006-01-09 22:00:00,9.390000343322754,9.390000343322754,9.390000343322754,29991200,29991200,29991200
2006-01-10 22:00:00,9.336000442504885,9.336000442504885,9.336000442504885,29991200,29991200,29991200
2006-01-11 22:00:00,9.23799991607666,9.23799991607666,9.23799991607666,29991200,29991200,29991200
2006-01-12 22:00:00,8.942999839782715,8.942999839782715,8.942999839782715,29991200,29991200,29991200
2006-01-13 22:00:00,8.791000366210938,8.791000366210938,8.791000366210938,29991200,29991200,29991200
2006-01-17 22:00:00,9.16800022125244,9.16800022125244,9.16800022125244,29991200,29991200,29991200
2006-01-18 22:00:00,8.694000244140625,8.694000244140625,8.694000244140625,29991200,29991200,29991200
2006-01-19 22:00:00,8.904999732971191,8.904999732971191,8.904999732971191,29991200,29991200,29991200
2006-01-20 22:00:00,9.279999732971191,9.279999732971191,9.279999732971191,29991200,29991200,29991200
2006-01-23 22:00:00,8.574000358581543,8.574000358581543,8.574000358581543,29991200,29991200,29991200
2006-01-24 22:00:00,8.682000160217285,8.682000160217285,8.682000160217285,29991200,29991200,29991200
2006-01-25 22:00:00,8.460000038146973,8.460000038146973,8.460000038146973,29991200,29991200,29991200
2006-01-26 22:00:00,8.229000091552734,8.229000091552734,8.229000091552734,29991200,29991200,29991200
2006-01-27 22:00:00,8.399999618530273,8.399999618530273,8.399999618530273,29991200,29991200,29991200
2006-01-30 22:00:00,9.388999938964844,9.388999938964844,9.388999938964844,29991200,29991200,29991200
2006-01-31 22:00:00,9.315999984741213,9.315999984741213,9.315999984741213,29991200,29991200,29991200
2006-02-01 22:00:00,8.722999572753906,8.722999572753906,8.722999572753906,29991200,29991200,29991200
2006-02-02 22:00:00,8.347000122070312,8.347000122070312,8.347000122070312,29991200,29991200,29991200
2006-02-03 22:00:00,8.61299991607666,8.61299991607666,8.61299991607666,29991200,29991200,29991200
2006-02-06 22:00:00,7.994999885559082,7.994999885559082,7.994999885559082,29991200,29991200,29991200
2006-02-07 22:00:00,7.857999801635742,7.857999801635742,7.857999801635742,29991200,29991200,29991200
2006-02-08 22:00:00,7.735000133514404,7.735000133514404,7.735000133514404,29991200,29991200,29991200
2006-02-09 22:00:00,7.479000091552734,7.479000091552734,7.479000091552734,29991200,29991200,29991200
2006-02-10 22:00:00,7.315999984741211,7.315999984741211,7.315999984741211,29991200,29991200,29991200
2006-02-13 22:00:00,7.243000030517578,7.243000030517578,7.243000030517578,29991200,29991200,29991200
2006-02-14 22:00:00,7.113999843597412,7.113999843597412,7.113999843597412,29991200,29991200,29991200
2006-02-15 22:00:00,7.065999984741211,7.065999984741211,7.065999984741211,29991200,29991200,29991200
2006-02-16 22:00:00,7.133999824523926,7.133999824523926,7.133999824523926,29991200,29991200,29991200
2006-02-17 22:00:00,7.182000160217285,7.182000160217285,7.182000160217285,29991200,29991200,29991200
2006-02-21 22:00:00,7.730999946594238,7.730999946594238,7.730999946594238,29991200,29991200,29991200
2006-02-22 22:00:00,7.282999992370605,7.282999992370605,7.282999992370605,29991200,29991200,29991200
2006-02-23 22:00:00,7.458000183105469,7.458000183105469,7.458000183105469,29991200,29991200,29991200
2006-02-24 22:00:00,7.111999988555908,7.111999988555908,7.111999988555908,29991200,29991200,29991200
2006-02-27 22:00:00,6.789000034332275,6.789000034332275,6.789000034332275,29991200,29991200,29991200
2006-02-28 22:00:00,6.714000225067139,6.714000225067139,6.714000225067139,29991200,29991200,29991200
2006-03-01 22:00:00,6.732999801635742,6.732999801635742,6.732999801635742,29991200,29991200,29991200
2006-03-02 22:00:00,6.760000228881836,6.760000228881836,6.760000228881836,29991200,29991200,29991200
2006-03-03 22:00:00,6.789999961853027,6.789999961853027,6.789999961853027,29991200,29991200,29991200
2006-03-06 22:00:00,6.546999931335449,6.546999931335449,6.546999931335449,29991200,29991200,29991200
2006-03-07 22:00:00,6.677999973297119,6.677999973297119,6.677999973297119,29991200,29991200,29991200
2006-03-08 22:00:00,6.6479997634887695,6.6479997634887695,6.6479997634887695,29991200,29991200,29991200
2006-03-09 22:00:00,6.60099983215332,6.60099983215332,6.60099983215332,29991200,29991200,29991200
2006-03-10 22:00:00,6.645999908447266,6.645999908447266,6.645999908447266,29991200,29991200,29991200
2006-03-13 22:00:00,7.006999969482422,7.006999969482422,7.006999969482422,29991200,29991200,29991200
2006-03-14 22:00:00,7.166999816894531,7.166999816894531,7.166999816894531,29991200,29991200,29991200
2006-03-15 22:00:00,7.14300012588501,7.14300012588501,7.14300012588501,29991200,29991200,29991200
2006-03-16 22:00:00,7.267000198364258,7.267000198364258,7.267000198364258,29991200,29991200,29991200
2006-03-17 22:00:00,7.052999973297119,7.052999973297119,7.052999973297119,29991200,29991200,29991200
2006-03-20 22:00:00,6.835000038146973,6.835000038146973,6.835000038146973,29991200,29991200,29991200
2006-03-21 22:00:00,6.868000030517578,6.868000030517578,6.868000030517578,29991200,29991200,29991200
2006-03-22 22:00:00,6.953000068664551,6.953000068664551,6.953000068664551,29991200,29991200,29991200
2006-03-23 22:00:00,7.328000068664551,7.328000068664551,7.328000068664551,29991200,29991200,29991200
2006-03-24 22:00:00,7.289999961853027,7.289999961853027,7.289999961853027,29991200,29991200,29991200
2006-03-27 22:00:00,7.066999912261963,7.066999912261963,7.066999912261963,29991200,29991200,29991200
2006-03-28 22:00:00,7.214000225067139,7.214000225067139,7.214000225067139,29991200,29991200,29991200
2006-03-29 22:00:00,7.232999801635742,7.232999801635742,7.232999801635742,29991200,29991200,29991200
2006-03-30 22:00:00,7.486999988555908,7.486999988555908,7.486999988555908,29991200,29991200,29991200
2006-03-31 22:00:00,7.210000038146973,7.210000038146973,7.210000038146973,29991200,29991200,29991200
2006-04-03 22:00:00,7.24399995803833,7.24399995803833,7.24399995803833,29991200,29991200,29991200
2006-04-04 22:00:00,7.065000057220459,7.065000057220459,7.065000057220459,29991200,29991200,29991200
2006-04-05 22:00:00,7.068999767303467,7.068999767303467,7.068999767303467,29991200,29991200,29991200
2006-04-06 22:00:00,6.9720001220703125,6.9720001220703125,6.9720001220703125,29991200,29991200,29991200
2006-04-07 22:00:00,6.743000030517578,6.743000030517578,6.743000030517578,29991200,29991200,29991200
2006-04-10 22:00:00,6.881999969482422,6.881999969482422,6.881999969482422,29991200,29991200,29991200
2006-04-11 22:00:00,6.9079999923706055,6.9079999923706055,6.9079999923706055,29991200,29991200,29991200
2006-04-12 22:00:00,6.808000087738037,6.808000087738037,6.808000087738037,29991200,29991200,29991200
2006-04-13 22:00:00,7.139999866485596,7.139999866485596,7.139999866485596,29991200,29991200,29991200
2006-04-17 22:00:00,7.577000141143799,7.577000141143799,7.577000141143799,29991200,29991200,29991200
2006-04-18 22:00:00,8.008000373840332,8.008000373840332,8.008000373840332,29991200,29991200,29991200
2006-04-19 22:00:00,8.192000389099121,8.192000389099121,8.192000389099121,29991200,29991200,29991200
2006-04-20 22:00:00,8.064000129699707,8.064000129699707,8.064000129699707,29991200,29991200,29991200
2006-04-21 22:00:00,7.980999946594238,7.980999946594238,7.980999946594238,29991200,29991200,29991200
2006-04-24 22:00:00,7.558000087738037,7.558000087738037,7.558000087738037,29991200,29991200,29991200
2006-04-25 22:00:00,7.254000186920166,7.254000186920166,7.254000186920166,29991200,29991200,29991200
2006-04-26 22:00:00,7.197999954223633,7.197999954223633,7.197999954223633,29991200,29991200,29991200
2006-04-27 22:00:00,6.804999828338623,6.804999828338623,6.804999828338623,29991200,29991200,29991200
2006-04-28 22:00:00,6.554999828338623,6.554999828338623,6.554999828338623,29991200,29991200,29991200
2006-05-01 22:00:00,6.695000171661377,6.695000171661377,6.695000171661377,29991200,29991200,29991200
2006-05-02 22:00:00,6.745999813079834,6.745999813079834,6.745999813079834,29991200,29991200,29991200
2006-05-03 22:00:00,6.605999946594238,6.605999946594238,6.605999946594238,29991200,29991200,29991200
2006-05-04 22:00:00,6.906000137329102,6.906000137329102,6.906000137329102,29991200,29991200,29991200
2006-05-05 22:00:00,6.775000095367432,6.775000095367432,6.775000095367432,29991200,29991200,29991200
2006-05-08 22:00:00,6.696000099182129,6.696000099182129,6.696000099182129,29991200,29991200,29991200
2006-05-09 22:00:00,6.580999851226807,6.580999851226807,6.580999851226807,29991200,29991200,29991200
2006-05-10 22:00:00,6.900000095367432,6.900000095367432,6.900000095367432,29991200,29991200,29991200
2006-05-11 22:00:00,6.64900016784668,6.64900016784668,6.64900016784668,29991200,29991200,29991200
2006-05-12 22:00:00,6.28000020980835,6.28000020980835,6.28000020980835,29991200,29991200,29991200
2006-05-15 22:00:00,6.123000144958496,6.123000144958496,6.123000144958496,29991200,29991200,29991200
2006-05-16 22:00:00,6.251999855041504,6.251999855041504,6.251999855041504,29991200,29991200,29991200
2006-05-17 22:00:00,6.129000186920166,6.129000186920166,6.129000186920166,29991200,29991200,29991200
2006-05-18 22:00:00,5.997000217437744,5.997000217437744,5.997000217437744,29991200,29991200,29991200
2006-05-19 22:00:00,5.961999893188477,5.961999893188477,5.961999893188477,29991200,29991200,29991200
2006-05-22 22:00:00,6.276000022888184,6.276000022888184,6.276000022888184,29991200,29991200,29991200
2006-05-23 22:00:00,6.257999897003174,6.257999897003174,6.257999897003174,29991200,29991200,29991200
2006-05-24 22:00:00,5.964000225067139,5.964000225067139,5.964000225067139,29991200,29991200,29991200
2006-05-25 22:00:00,5.974999904632568,5.974999904632568,5.974999904632568,29991200,29991200,29991200
2006-05-26 22:00:00,5.925000190734863,5.925000190734863,5.925000190734863,29991200,29991200,29991200
2006-05-30 22:00:00,6.123000144958496,6.123000144958496,6.123000144958496,29991200,29991200,29991200
2006-05-31 22:00:00,6.383999824523926,6.383999824523926,6.383999824523926,29991200,29991200,29991200
2006-06-01 22:00:00,6.447999954223633,6.447999954223633,6.447999954223633,29991200,29991200,29991200
2006-06-02 22:00:00,6.623000144958496,6.623000144958496,6.623000144958496,29991200,29991200,29991200
2006-06-05 22:00:00,6.4629998207092285,6.4629998207092285,6.4629998207092285,29991200,29991200,29991200
2006-06-06 22:00:00,6.385000228881836,6.385000228881836,6.385000228881836,29991200,29991200,29991200
2006-06-07 22:00:00,5.973999977111816,5.973999977111816,5.973999977111816,29991200,29991200,29991200
2006-06-08 22:00:00,6.190999984741211,6.190999984741211,6.190999984741211,29991200,29991200,29991200
2006-06-09 22:00:00,6.171999931335449,6.171999931335449,6.171999931335449,29991200,29991200,29991200
2006-06-12 22:00:00,6.223999977111816,6.223999977111816,6.223999977111816,29991200,29991200,29991200
2006-06-13 22:00:00,6.163000106811523,6.163000106811523,6.163000106811523,29991200,29991200,29991200
2006-06-14 22:00:00,6.590000152587891,6.590000152587891,6.590000152587891,29991200,29991200,29991200
2006-06-15 22:00:00,7.206999778747559,7.206999778747559,7.206999778747559,29991200,29991200,29991200
2006-06-16 22:00:00,7.184999942779541,7.184999942779541,7.184999942779541,29991200,29991200,29991200
2006-06-19 22:00:00,6.89300012588501,6.89300012588501,6.89300012588501,29991200,29991200,29991200
2006-06-20 22:00:00,6.501999855041504,6.501999855041504,6.501999855041504,29991200,29991200,29991200
2006-06-21 22:00:00,6.5879998207092285,6.5879998207092285,6.5879998207092285,29991200,29991200,29991200
2006-06-22 22:00:00,6.439000129699707,6.439000129699707,6.439000129699707,29991200,29991200,29991200
2006-06-23 22:00:00,6.22599983215332,6.22599983215332,6.22599983215332,29991200,29991200,29991200
2006-06-26 22:00:00,5.968999862670898,5.968999862670898,5.968999862670898,29991200,29991200,29991200
2006-06-27 22:00:00,6.10699987411499,6.10699987411499,6.10699987411499,29991200,29991200,29991200
2006-06-28 22:00:00,5.88700008392334,5.88700008392334,5.88700008392334,29991200,29991200,29991200
2006-06-29 22:00:00,6.135000228881836,6.135000228881836,6.135000228881836,29991200,29991200,29991200
2006-06-30 22:00:00,6.085000038146973,6.085000038146973,6.085000038146973,29991200,29991200,29991200
2006-07-05 22:00:00,5.764999866485596,5.764999866485596,5.764999866485596,29991200,29991200,29991200
2006-07-06 22:00:00,5.664000034332275,5.664000034332275,5.664000034332275,29991200,29991200,29991200
2006-07-07 22:00:00,5.5229997634887695,5.5229997634887695,5.5229997634887695,29991200,29991200,29991200
2006-07-10 22:00:00,5.607999801635742,5.607999801635742,5.607999801635742,29991200,29991200,29991200
2006-07-11 22:00:00,5.632999897003174,5.632999897003174,5.632999897003174,29991200,29991200,29991200
2006-07-12 22:00:00,5.7820000648498535,5.7820000648498535,5.7820000648498535,29991200,29991200,29991200
2006-07-13 22:00:00,6.129000186920166,6.129000186920166,6.129000186920166,29991200,29991200,29991200
2006-07-14 22:00:00,6.3470001220703125,6.3470001220703125,6.3470001220703125,29991200,29991200,29991200
2006-07-17 22:00:00,5.7829999923706055,5.7829999923706055,5.7829999923706055,29991200,29991200,29991200
2006-07-18 22:00:00,5.554999828338623,5.554999828338623,5.554999828338623,29991200,29991200,29991200
2006-07-19 22:00:00,5.861999988555908,5.861999988555908,5.861999988555908,29991200,29991200,29991200
2006-07-20 22:00:00,6.091000080108643,6.091000080108643,6.091000080108643,29991200,29991200,29991200
2006-07-21 22:00:00,6.138999938964844,6.138999938964844,6.138999938964844,29991200,29991200,29991200
2006-07-24 22:00:00,6.605000019073486,6.605000019073486,6.605000019073486,29991200,29991200,29991200
2006-07-25 22:00:00,6.408999919891357,6.408999919891357,6.408999919891357,29991200,29991200,29991200
2006-07-26 22:00:00,6.88700008392334,6.88700008392334,6.88700008392334,29991200,29991200,29991200
2006-07-27 22:00:00,7.041999816894531,7.041999816894531,7.041999816894531,29991200,29991200,29991200
2006-07-28 22:00:00,7.184000015258789,7.184000015258789,7.184000015258789,29991200,29991200,29991200
2006-07-31 22:00:00,8.211000442504883,8.211000442504883,8.211000442504883,29991200,29991200,29991200
2006-08-01 22:00:00,7.573999881744385,7.573999881744385,7.573999881744385,29991200,29991200,29991200
2006-08-02 22:00:00,7.798999786376953,7.798999786376953,7.798999786376953,29991200,29991200,29991200
2006-08-03 22:00:00,7.291999816894531,7.291999816894531,7.291999816894531,29991200,29991200,29991200
2006-08-04 22:00:00,7.245999813079834,7.245999813079834,7.245999813079834,29991200,29991200,29991200
2006-08-07 22:00:00,6.9070000648498535,6.9070000648498535,6.9070000648498535,29991200,29991200,29991200
2006-08-08 22:00:00,7.1579999923706055,7.1579999923706055,7.1579999923706055,29991200,29991200,29991200
2006-08-09 22:00:00,7.651000022888184,7.651000022888184,7.651000022888184,29991200,29991200,29991200
2006-08-10 22:00:00,7.528999805450439,7.528999805450439,7.528999805450439,29991200,29991200,29991200
2006-08-11 22:00:00,7.269000053405762,7.269000053405762,7.269000053405762,29991200,29991200,29991200
2006-08-14 22:00:00,6.913000106811523,6.913000106811523,6.913000106811523,29991200,29991200,29991200
2006-08-15 22:00:00,6.861000061035156,6.861000061035156,6.861000061035156,29991200,29991200,29991200
2006-08-16 22:00:00,6.765999794006348,6.765999794006348,6.765999794006348,29991200,29991200,29991200
2006-08-17 22:00:00,6.689000129699707,6.689000129699707,6.689000129699707,29991200,29991200,29991200
2006-08-18 22:00:00,6.730999946594238,6.730999946594238,6.730999946594238,29991200,29991200,29991200
2006-08-21 22:00:00,6.624000072479248,6.624000072479248,6.624000072479248,29991200,29991200,29991200
2006-08-22 22:00:00,7.007999897003174,7.007999897003174,7.007999897003174,29991200,29991200,29991200
2006-08-23 22:00:00,6.875,6.875,6.875,29991200,29991200,29991200
2006-08-24 22:00:00,7.078999996185303,7.078999996185303,7.078999996185303,29991200,29991200,29991200
2006-08-25 22:00:00,7.1570000648498535,7.1570000648498535,7.1570000648498535,29991200,29991200,29991200
2006-08-28 22:00:00,6.4720001220703125,6.4720001220703125,6.4720001220703125,29991200,29991200,29991200
2006-08-29 22:00:00,6.815999984741211,6.815999984741211,6.815999984741211,29991200,29991200,29991200
2006-08-30 22:00:00,6.289999961853027,6.289999961853027,6.289999961853027,29991200,29991200,29991200
2006-08-31 22:00:00,6.047999858856201,6.047999858856201,6.047999858856201,29991200,29991200,29991200
2006-09-01 22:00:00,5.876999855041504,5.876999855041504,5.876999855041504,29991200,29991200,29991200
2006-09-04 22:00:00,5.824999809265137,5.824999809265137,5.824999809265137,29991200,29991200,29991200
2006-09-05 22:00:00,6.039000034332275,6.039000034332275,6.039000034332275,29991200,29991200,29991200
2006-09-06 22:00:00,5.965000152587891,5.965000152587891,5.965000152587891,29991200,29991200,29991200
2006-09-07 22:00:00,5.7179999351501465,5.7179999351501465,5.7179999351501465,29991200,29991200,29991200
2006-09-08 22:00:00,5.675000190734863,5.675000190734863,5.675000190734863,29991200,29991200,29991200
2006-09-11 22:00:00,5.670000076293945,5.670000076293945,5.670000076293945,29991200,29991200,29991200
2006-09-12 22:00:00,5.573999881744385,5.573999881744385,5.573999881744385,29991200,29991200,29991200
2006-09-13 22:00:00,5.448999881744385,5.448999881744385,5.448999881744385,29991200,29991200,29991200
2006-09-14 22:00:00,4.892000198364258,4.892000198364258,4.892000198364258,29991200,29991200,29991200
2006-09-15 22:00:00,4.98199987411499,4.98199987411499,4.98199987411499,29991200,29991200,29991200
2006-09-18 22:00:00,4.941999912261963,4.941999912261963,4.941999912261963,29991200,29991200,29991200
2006-09-19 22:00:00,5.00600004196167,5.00600004196167,5.00600004196167,29991200,29991200,29991200
2006-09-20 22:00:00,4.931000232696533,4.931000232696533,4.931000232696533,29991200,29991200,29991200
2006-09-21 22:00:00,4.781000137329102,4.781000137329102,4.781000137329102,29991200,29991200,29991200
2006-09-22 22:00:00,4.626999855041504,4.626999855041504,4.626999855041504,29991200,29991200,29991200
2006-09-25 22:00:00,4.474999904632568,4.474999904632568,4.474999904632568,29991200,29991200,29991200
2006-09-26 22:00:00,4.526000022888184,4.526000022888184,4.526000022888184,29991200,29991200,29991200
2006-09-27 22:00:00,4.201000213623047,4.201000213623047,4.201000213623047,29991200,29991200,29991200
2006-09-28 22:00:00,5.392000198364258,5.392000198364258,5.392000198364258,29991200,29991200,29991200
2006-09-29 22:00:00,5.619999885559082,5.619999885559082,5.619999885559082,29991200,29991200,29991200
2006-10-02 22:00:00,5.64300012588501,5.64300012588501,5.64300012588501,29991200,29991200,29991200
2006-10-03 22:00:00,5.758999824523926,5.758999824523926,5.758999824523926,29991200,29991200,29991200
2006-10-04 22:00:00,5.994999885559082,5.994999885559082,5.994999885559082,29991200,29991200,29991200
2006-10-05 22:00:00,6.297999858856201,6.297999858856201,6.297999858856201,29991200,29991200,29991200
2006-10-06 22:00:00,6.427000045776367,6.427000045776367,6.427000045776367,29991200,29991200,29991200
2006-10-09 22:00:00,6.428999900817871,6.428999900817871,6.428999900817871,29991200,29991200,29991200
2006-10-10 22:00:00,6.466000080108643,6.466000080108643,6.466000080108643,29991200,29991200,29991200
2006-10-11 22:00:00,6.150000095367432,6.150000095367432,6.150000095367432,29991200,29991200,29991200
2006-10-12 22:00:00,5.7820000648498535,5.7820000648498535,5.7820000648498535,29991200,29991200,29991200
2006-10-13 22:00:00,5.658999919891357,5.658999919891357,5.658999919891357,29991200,29991200,29991200
2006-10-16 22:00:00,6.443999767303467,6.443999767303467,6.443999767303467,29991200,29991200,29991200
2006-10-17 22:00:00,6.441999912261963,6.441999912261963,6.441999912261963,29991200,29991200,29991200
2006-10-18 22:00:00,6.807000160217285,6.807000160217285,6.807000160217285,29991200,29991200,29991200
2006-10-19 22:00:00,7.131999969482422,7.131999969482422,7.131999969482422,29991200,29991200,29991200
2006-10-20 22:00:00,7.241000175476074,7.241000175476074,7.241000175476074,29991200,29991200,29991200
2006-10-23 22:00:00,6.88100004196167,6.88100004196167,6.88100004196167,29991200,29991200,29991200
2006-10-24 22:00:00,7.091000080108643,7.091000080108643,7.091000080108643,29991200,29991200,29991200
2006-10-25 22:00:00,7.692999839782715,7.692999839782715,7.692999839782715,29991200,29991200,29991200
2006-10-26 22:00:00,7.497000217437744,7.497000217437744,7.497000217437744,29991200,29991200,29991200
2006-10-27 22:00:00,7.152999877929688,7.152999877929688,7.152999877929688,29991200,29991200,29991200
2006-10-30 22:00:00,7.415999889373779,7.415999889373779,7.415999889373779,29991200,29991200,29991200
2006-10-31 22:00:00,7.533999919891357,7.533999919891357,7.533999919891357,29991200,29991200,29991200
2006-11-01 22:00:00,7.711999893188477,7.711999893188477,7.711999893188477,29991200,29991200,29991200
2006-11-02 22:00:00,7.814000129699707,7.814000129699707,7.814000129699707,29991200,29991200,29991200
2006-11-03 22:00:00,7.883999824523926,7.883999824523926,7.883999824523926,29991200,29991200,29991200
2006-11-06 22:00:00,7.489999771118164,7.489999771118164,7.489999771118164,29991200,29991200,29991200
2006-11-07 22:00:00,7.755000114440918,7.755000114440918,7.755000114440918,29991200,29991200,29991200
2006-11-08 22:00:00,7.822999954223633,7.822999954223633,7.822999954223633,29991200,29991200,29991200
2006-11-09 22:00:00,7.954999923706055,7.954999923706055,7.954999923706055,29991200,29991200,29991200
2006-11-10 22:00:00,7.794000148773193,7.794000148773193,7.794000148773193,29991200,29991200,29991200
2006-11-13 22:00:00,7.894000053405762,7.894000053405762,7.894000053405762,29991200,29991200,29991200
2006-11-14 22:00:00,7.9770002365112305,7.9770002365112305,7.9770002365112305,29991200,29991200,29991200
2006-11-15 22:00:00,8.119999885559082,8.119999885559082,8.119999885559082,29991200,29991200,29991200
2006-11-16 22:00:00,7.755000114440918,7.755000114440918,7.755000114440918,29991200,29991200,29991200
2006-11-17 22:00:00,8.178999900817871,8.178999900817871,8.178999900817871,29991200,29991200,29991200
2006-11-20 22:00:00,8.019000053405762,8.019000053405762,8.019000053405762,29991200,29991200,29991200
2006-11-21 22:00:00,7.98799991607666,7.98799991607666,7.98799991607666,29991200,29991200,29991200
2006-11-22 22:00:00,7.717999935150146,7.717999935150146,7.717999935150146,29991200,29991200,29991200
2006-11-27 22:00:00,7.998000144958496,7.998000144958496,7.998000144958496,29991200,29991200,29991200
2006-11-28 22:00:00,8.317999839782715,8.317999839782715,8.317999839782715,29991200,29991200,29991200
2006-11-29 22:00:00,8.871000289916992,8.871000289916992,8.871000289916992,29991200,29991200,29991200
2006-11-30 22:00:00,8.843999862670898,8.843999862670898,8.843999862670898,29991200,29991200,29991200
2006-12-01 22:00:00,8.42199993133545,8.42199993133545,8.42199993133545,29991200,29991200,29991200
2006-12-04 22:00:00,7.806000232696533,7.806000232696533,7.806000232696533,29991200,29991200,29991200
2006-12-05 22:00:00,7.684999942779541,7.684999942779541,7.684999942779541,29991200,29991200,29991200
2006-12-06 22:00:00,7.7270002365112305,7.7270002365112305,7.7270002365112305,29991200,29991200,29991200
2006-12-07 22:00:00,7.671000003814697,7.671000003814697,7.671000003814697,29991200,29991200,29991200
2006-12-08 22:00:00,7.560999870300293,7.560999870300293,7.560999870300293,29991200,29991200,29991200
2006-12-11 22:00:00,7.427000045776367,7.427000045776367,7.427000045776367,29991200,29991200,29991200
2006-12-12 22:00:00,7.429999828338623,7.429999828338623,7.429999828338623,29991200,29991200,29991200
2006-12-13 22:00:00,7.672999858856201,7.672999858856201,7.672999858856201,29991200,29991200,29991200
2006-12-14 22:00:00,7.554999828338623,7.554999828338623,7.554999828338623,29991200,29991200,29991200
2006-12-15 22:00:00,7.408999919891357,7.408999919891357,7.408999919891357,29991200,29991200,29991200
2006-12-18 22:00:00,7.074999809265137,7.074999809265137,7.074999809265137,29991200,29991200,29991200
2006-12-19 22:00:00,7.083000183105469,7.083000183105469,7.083000183105469,29991200,29991200,29991200
2006-12-20 22:00:00,6.769000053405762,6.769000053405762,6.769000053405762,29991200,29991200,29991200
2006-12-21 22:00:00,6.800000190734863,6.800000190734863,6.800000190734863,29991200,29991200,29991200
2006-12-22 22:00:00,6.635000228881836,6.635000228881836,6.635000228881836,29991200,29991200,29991200
2006-12-26 22:00:00,6.11299991607666,6.11299991607666,6.11299991607666,29991200,29991200,29991200
2006-12-27 22:00:00,5.8379998207092285,5.8379998207092285,5.8379998207092285,29991200,29991200,29991200
2006-12-28 22:00:00,6.248000144958496,6.248000144958496,6.248000144958496,29991200,29991200,29991200
2006-12-29 22:00:00,6.298999786376953,6.298999786376953,6.298999786376953,29991200,29991200,29991200
2007-01-02 22:00:00,6.298999786376953,6.298999786376953,6.298999786376953,29991200,29991200,29991200
2007-01-03 22:00:00,6.163000106811523,6.163000106811523,6.163000106811523,29991200,29991200,29991200
2007-01-04 22:00:00,6.162000179290772,6.162000179290772,6.162000179290772,29991200,29991200,29991200
2007-01-05 22:00:00,6.184000015258789,6.184000015258789,6.184000015258789,29991200,29991200,29991200
2007-01-08 22:00:00,6.377999782562256,6.377999782562256,6.377999782562256,29991200,29991200,29991200
2007-01-09 22:00:00,6.63100004196167,6.63100004196167,6.63100004196167,29991200,29991200,29991200
2007-01-10 22:00:00,6.755000114440918,6.755000114440918,6.755000114440918,29991200,29991200,29991200
2007-01-11 22:00:00,6.291999816894531,6.291999816894531,6.291999816894531,29991200,29991200,29991200
2007-01-12 22:00:00,6.60099983215332,6.60099983215332,6.60099983215332,29991200,29991200,29991200
2007-01-16 22:00:00,6.638000011444092,6.638000011444092,6.638000011444092,29991200,29991200,29991200
2007-01-17 22:00:00,6.234000205993652,6.234000205993652,6.234000205993652,29991200,29991200,29991200
2007-01-18 22:00:00,6.323999881744385,6.323999881744385,6.323999881744385,29991200,29991200,29991200
2007-01-19 22:00:00,6.886000156402588,6.886000156402588,6.886000156402588,29991200,29991200,29991200
2007-01-22 22:00:00,7.318999767303467,7.318999767303467,7.318999767303467,29991200,29991200,29991200
2007-01-23 22:00:00,7.597000122070312,7.597000122070312,7.597000122070312,29991200,29991200,29991200
2007-01-24 22:00:00,7.421000003814697,7.421000003814697,7.421000003814697,29991200,29991200,29991200
2007-01-25 22:00:00,6.90500020980835,6.90500020980835,6.90500020980835,29991200,29991200,29991200
2007-01-26 22:00:00,7.175000190734863,7.175000190734863,7.175000190734863,29991200,29991200,29991200
2007-01-29 22:00:00,6.916999816894531,6.916999816894531,6.916999816894531,29991200,29991200,29991200
2007-01-30 22:00:00,7.739999771118164,7.739999771118164,7.739999771118164,29991200,29991200,29991200
2007-01-31 22:00:00,7.666999816894531,7.666999816894531,7.666999816894531,29991200,29991200,29991200
2007-02-01 22:00:00,7.53000020980835,7.53000020980835,7.53000020980835,29991200,29991200,29991200
2007-02-02 22:00:00,7.47599983215332,7.47599983215332,7.47599983215332,29991200,29991200,29991200
2007-02-05 22:00:00,7.633999824523926,7.633999824523926,7.633999824523926,29991200,29991200,29991200
2007-02-06 22:00:00,7.616000175476074,7.616000175476074,7.616000175476074,29991200,29991200,29991200
2007-02-07 22:00:00,7.709000110626221,7.709000110626221,7.709000110626221,29991200,29991200,29991200
2007-02-08 22:00:00,7.870999813079834,7.870999813079834,7.870999813079834,29991200,29991200,29991200
2007-02-09 22:00:00,7.827000141143799,7.827000141143799,7.827000141143799,29991200,29991200,29991200
2007-02-12 22:00:00,7.22599983215332,7.22599983215332,7.22599983215332,29991200,29991200,29991200
2007-02-13 22:00:00,7.367000102996826,7.367000102996826,7.367000102996826,29991200,29991200,29991200
2007-02-14 22:00:00,7.241000175476074,7.241000175476074,7.241000175476074,29991200,29991200,29991200
2007-02-15 22:00:00,7.291999816894531,7.291999816894531,7.291999816894531,29991200,29991200,29991200
2007-02-16 22:00:00,7.502999782562256,7.502999782562256,7.502999782562256,29991200,29991200,29991200
2007-02-20 22:00:00,7.585000038146973,7.585000038146973,7.585000038146973,29991200,29991200,29991200
2007-02-21 22:00:00,7.645999908447266,7.645999908447266,7.645999908447266,29991200,29991200,29991200
2007-02-22 22:00:00,7.7270002365112305,7.7270002365112305,7.7270002365112305,29991200,29991200,29991200
2007-02-23 22:00:00,7.755000114440918,7.755000114440918,7.755000114440918,29991200,29991200,29991200
2007-02-26 22:00:00,7.546999931335449,7.546999931335449,7.546999931335449,29991200,29991200,29991200
2007-02-27 22:00:00,7.532999992370605,7.532999992370605,7.532999992370605,29991200,29991200,29991200
2007-02-28 22:00:00,7.300000190734863,7.300000190734863,7.300000190734863,29991200,29991200,29991200
2007-03-01 22:00:00,7.288000106811523,7.288000106811523,7.288000106811523,29991200,29991200,29991200
2007-03-02 22:00:00,7.243000030517578,7.243000030517578,7.243000030517578,29991200,29991200,29991200
2007-03-05 22:00:00,7.254000186920166,7.254000186920166,7.254000186920166,29991200,29991200,29991200
2007-03-06 22:00:00,7.472000122070312,7.472000122070312,7.472000122070312,29991200,29991200,29991200
2007-03-07 22:00:00,7.366000175476074,7.366000175476074,7.366000175476074,29991200,29991200,29991200
2007-03-08 22:00:00,7.238999843597412,7.238999843597412,7.238999843597412,29991200,29991200,29991200
2007-03-09 22:00:00,7.083000183105469,7.083000183105469,7.083000183105469,29991200,29991200,29991200
2007-03-12 22:00:00,6.912000179290772,6.912000179290772,6.912000179290772,29991200,29991200,29991200
2007-03-13 22:00:00,6.892000198364258,6.892000198364258,6.892000198364258,29991200,29991200,29991200
2007-03-14 22:00:00,7.083000183105469,7.083000183105469,7.083000183105469,29991200,29991200,29991200
2007-03-15 22:00:00,6.959000110626221,6.959000110626221,6.959000110626221,29991200,29991200,29991200
2007-03-16 22:00:00,6.923999786376953,6.923999786376953,6.923999786376953,29991200,29991200,29991200
2007-03-19 22:00:00,6.8470001220703125,6.8470001220703125,6.8470001220703125,29991200,29991200,29991200
2007-03-20 22:00:00,6.909999847412109,6.909999847412109,6.909999847412109,29991200,29991200,29991200
2007-03-21 22:00:00,7.159999847412109,7.159999847412109,7.159999847412109,29991200,29991200,29991200
2007-03-22 22:00:00,7.320000171661377,7.320000171661377,7.320000171661377,29991200,29991200,29991200
2007-03-23 22:00:00,7.269000053405762,7.269000053405762,7.269000053405762,29991200,29991200,29991200
2007-03-26 22:00:00,7.254000186920166,7.254000186920166,7.254000186920166,29991200,29991200,29991200
2007-03-27 22:00:00,7.502999782562256,7.502999782562256,7.502999782562256,29991200,29991200,29991200
2007-03-28 22:00:00,7.558000087738037,7.558000087738037,7.558000087738037,29991200,29991200,29991200
2007-03-29 22:00:00,7.609000205993652,7.609000205993652,7.609000205993652,29991200,29991200,29991200
2007-03-30 22:00:00,7.730000019073486,7.730000019073486,7.730000019073486,29991200,29991200,29991200
2007-04-02 22:00:00,7.671000003814697,7.671000003814697,7.671000003814697,29991200,29991200,29991200
2007-04-03 22:00:00,7.426000118255615,7.426000118255615,7.426000118255615,29991200,29991200,29991200
2007-04-04 22:00:00,7.514999866485596,7.514999866485596,7.514999866485596,29991200,29991200,29991200
2007-04-05 22:00:00,7.60699987411499,7.60699987411499,7.60699987411499,29991200,29991200,29991200
2007-04-09 22:00:00,7.546000003814697,7.546000003814697,7.546000003814697,29991200,29991200,29991200
2007-04-10 22:00:00,7.86899995803833,7.86899995803833,7.86899995803833,29991200,29991200,29991200
2007-04-11 22:00:00,7.855000019073486,7.855000019073486,7.855000019073486,29991200,29991200,29991200
2007-04-12 22:00:00,7.923999786376953,7.923999786376953,7.923999786376953,29991200,29991200,29991200
2007-04-13 22:00:00,7.801000118255615,7.801000118255615,7.801000118255615,29991200,29991200,29991200
2007-04-16 22:00:00,7.53000020980835,7.53000020980835,7.53000020980835,29991200,29991200,29991200
2007-04-17 22:00:00,7.418000221252441,7.418000221252441,7.418000221252441,29991200,29991200,29991200
2007-04-18 22:00:00,7.497000217437744,7.497000217437744,7.497000217437744,29991200,29991200,29991200
2007-04-19 22:00:00,7.492000102996826,7.492000102996826,7.492000102996826,29991200,29991200,29991200
2007-04-20 22:00:00,7.38100004196167,7.38100004196167,7.38100004196167,29991200,29991200,29991200
2007-04-23 22:00:00,7.561999797821045,7.561999797821045,7.561999797821045,29991200,29991200,29991200
2007-04-24 22:00:00,7.598000049591064,7.598000049591064,7.598000049591064,29991200,29991200,29991200
2007-04-25 22:00:00,7.689000129699707,7.689000129699707,7.689000129699707,29991200,29991200,29991200
2007-04-26 22:00:00,7.507999897003174,7.507999897003174,7.507999897003174,29991200,29991200,29991200
2007-04-27 22:00:00,7.830999851226807,7.830999851226807,7.830999851226807,29991200,29991200,29991200
2007-04-30 22:00:00,7.86299991607666,7.86299991607666,7.86299991607666,29991200,29991200,29991200
2007-05-01 22:00:00,7.717999935150146,7.717999935150146,7.717999935150146,29991200,29991200,29991200
2007-05-02 22:00:00,7.730000019073486,7.730000019073486,7.730000019073486,29991200,29991200,29991200
2007-05-03 22:00:00,7.947000026702881,7.947000026702881,7.947000026702881,29991200,29991200,29991200
2007-05-04 22:00:00,7.938000202178955,7.938000202178955,7.938000202178955,29991200,29991200,29991200
2007-05-07 22:00:00,7.778999805450439,7.778999805450439,7.778999805450439,29991200,29991200,29991200
2007-05-08 22:00:00,7.63700008392334,7.63700008392334,7.63700008392334,29991200,29991200,29991200
2007-05-09 22:00:00,7.71999979019165,7.71999979019165,7.71999979019165,29991200,29991200,29991200
2007-05-10 22:00:00,7.72599983215332,7.72599983215332,7.72599983215332,29991200,29991200,29991200
2007-05-11 22:00:00,7.89900016784668,7.89900016784668,7.89900016784668,29991200,29991200,29991200
2007-05-14 22:00:00,7.952000141143799,7.952000141143799,7.952000141143799,29991200,29991200,29991200
2007-05-15 22:00:00,7.863999843597412,7.863999843597412,7.863999843597412,29991200,29991200,29991200
2007-05-16 22:00:00,7.889999866485596,7.889999866485596,7.889999866485596,29991200,29991200,29991200
2007-05-17 22:00:00,8.074999809265137,8.074999809265137,8.074999809265137,29991200,29991200,29991200
2007-05-18 22:00:00,7.943999767303467,7.943999767303467,7.943999767303467,29991200,29991200,29991200
2007-05-21 22:00:00,7.913000106811523,7.913000106811523,7.913000106811523,29991200,29991200,29991200
2007-05-22 22:00:00,7.801000118255615,7.801000118255615,7.801000118255615,29991200,29991200,29991200
2007-05-23 22:00:00,7.756999969482422,7.756999969482422,7.756999969482422,29991200,29991200,29991200
2007-05-24 22:00:00,7.681000232696533,7.681000232696533,7.681000232696533,29991200,29991200,29991200
2007-05-25 22:00:00,7.639999866485596,7.639999866485596,7.639999866485596,29991200,29991200,29991200
2007-05-29 22:00:00,7.591000080108643,7.591000080108643,7.591000080108643,29991200,29991200,29991200
2007-05-30 22:00:00,7.940999984741211,7.940999984741211,7.940999984741211,29991200,29991200,29991200
2007-05-31 22:00:00,7.934999942779541,7.934999942779541,7.934999942779541,29991200,29991200,29991200
2007-06-01 22:00:00,7.877999782562256,7.877999782562256,7.877999782562256,29991200,29991200,29991200
2007-06-04 22:00:00,8.190999984741211,8.190999984741211,8.190999984741211,29991200,29991200,29991200
2007-06-05 22:00:00,8.064000129699707,8.064000129699707,8.064000129699707,29991200,29991200,29991200
2007-06-06 22:00:00,8.079999923706055,8.079999923706055,8.079999923706055,29991200,29991200,29991200
2007-06-07 22:00:00,7.824999809265137,7.824999809265137,7.824999809265137,29991200,29991200,29991200
2007-06-08 22:00:00,7.663000106811523,7.663000106811523,7.663000106811523,29991200,29991200,29991200
2007-06-11 22:00:00,7.607999801635742,7.607999801635742,7.607999801635742,29991200,29991200,29991200
2007-06-12 22:00:00,7.682000160217285,7.682000160217285,7.682000160217285,29991200,29991200,29991200
2007-06-13 22:00:00,7.607999801635742,7.607999801635742,7.607999801635742,29991200,29991200,29991200
2007-06-14 22:00:00,7.808000087738037,7.808000087738037,7.808000087738037,29991200,29991200,29991200
2007-06-15 22:00:00,7.918000221252441,7.918000221252441,7.918000221252441,29991200,29991200,29991200
2007-06-18 22:00:00,7.690000057220459,7.690000057220459,7.690000057220459,29991200,29991200,29991200
2007-06-19 22:00:00,7.519000053405762,7.519000053405762,7.519000053405762,29991200,29991200,29991200
2007-06-20 22:00:00,7.390999794006348,7.390999794006348,7.390999794006348,29991200,29991200,29991200
2007-06-21 22:00:00,7.348000049591064,7.348000049591064,7.348000049591064,29991200,29991200,29991200
2007-06-22 22:00:00,7.130000114440918,7.130000114440918,7.130000114440918,29991200,29991200,29991200
2007-06-25 22:00:00,6.940000057220459,6.940000057220459,6.940000057220459,29991200,29991200,29991200
2007-06-26 22:00:00,6.876999855041504,6.876999855041504,6.876999855041504,29991200,29991200,29991200
2007-06-27 22:00:00,6.928999900817871,6.928999900817871,6.928999900817871,29991200,29991200,29991200
2007-06-28 22:00:00,6.65500020980835,6.65500020980835,6.65500020980835,29991200,29991200,29991200
2007-06-29 22:00:00,6.7729997634887695,6.7729997634887695,6.7729997634887695,29991200,29991200,29991200
2007-07-02 22:00:00,6.763999938964844,6.763999938964844,6.763999938964844,29991200,29991200,29991200
2007-07-03 22:00:00,6.754000186920166,6.754000186920166,6.754000186920166,29991200,29991200,29991200
2007-07-05 22:00:00,6.618000030517578,6.618000030517578,6.618000030517578,29991200,29991200,29991200
2007-07-06 22:00:00,6.443999767303467,6.443999767303467,6.443999767303467,29991200,29991200,29991200
2007-07-09 22:00:00,6.409999847412109,6.409999847412109,6.409999847412109,29991200,29991200,29991200
2007-07-10 22:00:00,6.698999881744385,6.698999881744385,6.698999881744385,29991200,29991200,29991200
2007-07-11 22:00:00,6.599999904632568,6.599999904632568,6.599999904632568,29991200,29991200,29991200
2007-07-12 22:00:00,6.497000217437744,6.497000217437744,6.497000217437744,29991200,29991200,29991200
2007-07-13 22:00:00,6.662000179290772,6.662000179290772,6.662000179290772,29991200,29991200,29991200
2007-07-16 22:00:00,6.375999927520752,6.375999927520752,6.375999927520752,29991200,29991200,29991200
2007-07-17 22:00:00,6.307000160217285,6.307000160217285,6.307000160217285,29991200,29991200,29991200
2007-07-18 22:00:00,6.527999877929688,6.527999877929688,6.527999877929688,29991200,29991200,29991200
2007-07-19 22:00:00,6.705999851226807,6.705999851226807,6.705999851226807,29991200,29991200,29991200
2007-07-20 22:00:00,6.446000099182129,6.446000099182129,6.446000099182129,29991200,29991200,29991200
2007-07-23 22:00:00,6.039000034332275,6.039000034332275,6.039000034332275,29991200,29991200,29991200
2007-07-24 22:00:00,5.86299991607666,5.86299991607666,5.86299991607666,29991200,29991200,29991200
2007-07-25 22:00:00,5.925000190734863,5.925000190734863,5.925000190734863,29991200,29991200,29991200
2007-07-26 22:00:00,5.942999839782715,5.942999839782715,5.942999839782715,29991200,29991200,29991200
2007-07-27 22:00:00,6.110000133514404,6.110000133514404,6.110000133514404,29991200,29991200,29991200
2007-07-30 22:00:00,6.499000072479248,6.499000072479248,6.499000072479248,29991200,29991200,29991200
2007-07-31 22:00:00,6.190999984741211,6.190999984741211,6.190999984741211,29991200,29991200,29991200
2007-08-01 22:00:00,6.352000236511231,6.352000236511231,6.352000236511231,29991200,29991200,29991200
2007-08-02 22:00:00,6.105999946594238,6.105999946594238,6.105999946594238,29991200,29991200,29991200
2007-08-03 22:00:00,6.090000152587891,6.090000152587891,6.090000152587891,29991200,29991200,29991200
2007-08-06 22:00:00,6.208000183105469,6.208000183105469,6.208000183105469,29991200,29991200,29991200
2007-08-07 22:00:00,6.201000213623047,6.201000213623047,6.201000213623047,29991200,29991200,29991200
2007-08-08 22:00:00,6.21999979019165,6.21999979019165,6.21999979019165,29991200,29991200,29991200
2007-08-09 22:00:00,6.585999965667725,6.585999965667725,6.585999965667725,29991200,29991200,29991200
2007-08-10 22:00:00,6.820000171661377,6.820000171661377,6.820000171661377,29991200,29991200,29991200
2007-08-13 22:00:00,6.794000148773193,6.794000148773193,6.794000148773193,29991200,29991200,29991200
2007-08-14 22:00:00,6.940000057220459,6.940000057220459,6.940000057220459,29991200,29991200,29991200
2007-08-15 22:00:00,6.863999843597412,6.863999843597412,6.863999843597412,29991200,29991200,29991200
2007-08-16 22:00:00,6.875,6.875,6.875,29991200,29991200,29991200
2007-08-17 22:00:00,7.010000228881836,7.010000228881836,7.010000228881836,29991200,29991200,29991200
2007-08-20 22:00:00,6.039999961853027,6.039999961853027,6.039999961853027,29991200,29991200,29991200
2007-08-21 22:00:00,5.816999912261963,5.816999912261963,5.816999912261963,29991200,29991200,29991200
2007-08-22 22:00:00,5.578000068664551,5.578000068664551,5.578000068664551,29991200,29991200,29991200
2007-08-23 22:00:00,5.622000217437744,5.622000217437744,5.622000217437744,29991200,29991200,29991200
2007-08-24 22:00:00,5.5229997634887695,5.5229997634887695,5.5229997634887695,29991200,29991200,29991200
2007-08-27 22:00:00,5.380000114440918,5.380000114440918,5.380000114440918,29991200,29991200,29991200
2007-08-28 22:00:00,5.5929999351501465,5.5929999351501465,5.5929999351501465,29991200,29991200,29991200
2007-08-29 22:00:00,5.429999828338623,5.429999828338623,5.429999828338623,29991200,29991200,29991200
2007-08-30 22:00:00,5.635000228881836,5.635000228881836,5.635000228881836,29991200,29991200,29991200
2007-08-31 22:00:00,5.4679999351501465,5.4679999351501465,5.4679999351501465,29991200,29991200,29991200
2007-09-04 22:00:00,5.629000186920166,5.629000186920166,5.629000186920166,29991200,29991200,29991200
2007-09-05 22:00:00,5.804999828338623,5.804999828338623,5.804999828338623,29991200,29991200,29991200
2007-09-06 22:00:00,5.650000095367432,5.650000095367432,5.650000095367432,29991200,29991200,29991200
2007-09-07 22:00:00,5.500999927520752,5.500999927520752,5.500999927520752,29991200,29991200,29991200
2007-09-10 22:00:00,5.890999794006348,5.890999794006348,5.890999794006348,29991200,29991200,29991200
2007-09-11 22:00:00,5.934000015258789,5.934000015258789,5.934000015258789,29991200,29991200,29991200
2007-09-12 22:00:00,6.438000202178955,6.438000202178955,6.438000202178955,29991200,29991200,29991200
2007-09-13 22:00:00,6.02899980545044,6.02899980545044,6.02899980545044,29991200,29991200,29991200
2007-09-14 22:00:00,6.27899980545044,6.27899980545044,6.27899980545044,29991200,29991200,29991200
2007-09-17 22:00:00,6.652999877929688,6.652999877929688,6.652999877929688,29991200,29991200,29991200
2007-09-18 22:00:00,6.567999839782715,6.567999839782715,6.567999839782715,29991200,29991200,29991200
2007-09-19 22:00:00,6.179999828338623,6.179999828338623,6.179999828338623,29991200,29991200,29991200
2007-09-20 22:00:00,6.007999897003174,6.007999897003174,6.007999897003174,29991200,29991200,29991200
2007-09-21 22:00:00,6.079999923706055,6.079999923706055,6.079999923706055,29991200,29991200,29991200
2007-09-24 22:00:00,6.369999885559082,6.369999885559082,6.369999885559082,29991200,29991200,29991200
2007-09-25 22:00:00,6.360000133514404,6.360000133514404,6.360000133514404,29991200,29991200,29991200
2007-09-26 22:00:00,6.422999858856201,6.422999858856201,6.422999858856201,29991200,29991200,29991200
2007-09-27 22:00:00,6.919000148773193,6.919000148773193,6.919000148773193,29991200,29991200,29991200
2007-09-28 22:00:00,6.869999885559082,6.869999885559082,6.869999885559082,29991200,29991200,29991200
2007-10-01 22:00:00,7.050000190734863,7.050000190734863,7.050000190734863,29991200,29991200,29991200
2007-10-02 22:00:00,7.427000045776367,7.427000045776367,7.427000045776367,29991200,29991200,29991200
2007-10-03 22:00:00,7.276999950408935,7.276999950408935,7.276999950408935,29991200,29991200,29991200
2007-10-04 22:00:00,7.4120001792907715,7.4120001792907715,7.4120001792907715,29991200,29991200,29991200
2007-10-05 22:00:00,7.072999954223633,7.072999954223633,7.072999954223633,29991200,29991200,29991200
2007-10-08 22:00:00,6.8460001945495605,6.8460001945495605,6.8460001945495605,29991200,29991200,29991200
2007-10-09 22:00:00,6.86299991607666,6.86299991607666,6.86299991607666,29991200,29991200,29991200
2007-10-10 22:00:00,7.010000228881836,7.010000228881836,7.010000228881836,29991200,29991200,29991200
2007-10-11 22:00:00,6.875999927520752,6.875999927520752,6.875999927520752,29991200,29991200,29991200
2007-10-12 22:00:00,6.973999977111816,6.973999977111816,6.973999977111816,29991200,29991200,29991200
2007-10-15 22:00:00,7.445000171661377,7.445000171661377,7.445000171661377,29991200,29991200,29991200
2007-10-16 22:00:00,7.367000102996826,7.367000102996826,7.367000102996826,29991200,29991200,29991200
2007-10-17 22:00:00,7.458000183105469,7.458000183105469,7.458000183105469,29991200,29991200,29991200
2007-10-18 22:00:00,7.374000072479248,7.374000072479248,7.374000072479248,29991200,29991200,29991200
2007-10-19 22:00:00,7.040999889373779,7.040999889373779,7.040999889373779,29991200,29991200,29991200
2007-10-22 22:00:00,6.890999794006348,6.890999794006348,6.890999794006348,29991200,29991200,29991200
2007-10-23 22:00:00,6.761000156402588,6.761000156402588,6.761000156402588,29991200,29991200,29991200
2007-10-24 22:00:00,6.9720001220703125,6.9720001220703125,6.9720001220703125,29991200,29991200,29991200
2007-10-25 22:00:00,7.188000202178955,7.188000202178955,7.188000202178955,29991200,29991200,29991200
2007-10-26 22:00:00,7.217999935150146,7.217999935150146,7.217999935150146,29991200,29991200,29991200
2007-10-29 22:00:00,7.269000053405762,7.269000053405762,7.269000053405762,29991200,29991200,29991200
2007-10-30 22:00:00,8.020999908447266,8.020999908447266,8.020999908447266,29991200,29991200,29991200
2007-10-31 22:00:00,8.329999923706055,8.329999923706055,8.329999923706055,29991200,29991200,29991200
2007-11-01 22:00:00,8.63700008392334,8.63700008392334,8.63700008392334,29991200,29991200,29991200
2007-11-02 22:00:00,8.418000221252441,8.418000221252441,8.418000221252441,29991200,29991200,29991200
2007-11-05 22:00:00,7.999000072479248,7.999000072479248,7.999000072479248,29991200,29991200,29991200
2007-11-06 22:00:00,7.86299991607666,7.86299991607666,7.86299991607666,29991200,29991200,29991200
2007-11-07 22:00:00,7.624000072479248,7.624000072479248,7.624000072479248,29991200,29991200,29991200
2007-11-08 22:00:00,7.7129998207092285,7.7129998207092285,7.7129998207092285,29991200,29991200,29991200
2007-11-09 22:00:00,7.896999835968018,7.896999835968018,7.896999835968018,29991200,29991200,29991200
2007-11-12 22:00:00,7.960999965667725,7.960999965667725,7.960999965667725,29991200,29991200,29991200
2007-11-13 22:00:00,7.948999881744385,7.948999881744385,7.948999881744385,29991200,29991200,29991200
2007-11-14 22:00:00,7.835000038146973,7.835000038146973,7.835000038146973,29991200,29991200,29991200
2007-11-15 22:00:00,7.699999809265137,7.699999809265137,7.699999809265137,29991200,29991200,29991200
2007-11-16 22:00:00,8.00100040435791,8.00100040435791,8.00100040435791,29991200,29991200,29991200
2007-11-19 22:00:00,7.7870001792907715,7.7870001792907715,7.7870001792907715,29991200,29991200,29991200
2007-11-20 22:00:00,7.4770002365112305,7.4770002365112305,7.4770002365112305,29991200,29991200,29991200
2007-11-21 22:00:00,7.550000190734863,7.550000190734863,7.550000190734863,29991200,29991200,29991200
2007-11-23 22:00:00,7.699999809265137,7.699999809265137,7.699999809265137,29991200,29991200,29991200
2007-11-26 22:00:00,7.723000049591064,7.723000049591064,7.723000049591064,29991200,29991200,29991200
2007-11-27 22:00:00,7.557000160217285,7.557000160217285,7.557000160217285,29991200,29991200,29991200
2007-11-28 22:00:00,7.203000068664551,7.203000068664551,7.203000068664551,29991200,29991200,29991200
2007-11-29 22:00:00,7.452000141143799,7.452000141143799,7.452000141143799,29991200,29991200,29991200
2007-11-30 22:00:00,7.302000045776367,7.302000045776367,7.302000045776367,29991200,29991200,29991200
2007-12-03 22:00:00,7.214000225067139,7.214000225067139,7.214000225067139,29991200,29991200,29991200
2007-12-04 22:00:00,7.15500020980835,7.15500020980835,7.15500020980835,29991200,29991200,29991200
2007-12-05 22:00:00,7.184999942779541,7.184999942779541,7.184999942779541,29991200,29991200,29991200
2007-12-06 22:00:00,7.329999923706055,7.329999923706055,7.329999923706055,29991200,29991200,29991200
2007-12-07 22:00:00,7.15500020980835,7.15500020980835,7.15500020980835,29991200,29991200,29991200
2007-12-10 22:00:00,7.0320000648498535,7.0320000648498535,7.0320000648498535,29991200,29991200,29991200
2007-12-11 22:00:00,7.085000038146973,7.085000038146973,7.085000038146973,29991200,29991200,29991200
2007-12-12 22:00:00,7.407999992370605,7.407999992370605,7.407999992370605,29991200,29991200,29991200
2007-12-13 22:00:00,7.192999839782715,7.192999839782715,7.192999839782715,29991200,29991200,29991200
2007-12-14 22:00:00,7.025000095367432,7.025000095367432,7.025000095367432,29991200,29991200,29991200
2007-12-17 22:00:00,7.034999847412109,7.034999847412109,7.034999847412109,29991200,29991200,29991200
2007-12-18 22:00:00,7.140999794006348,7.140999794006348,7.140999794006348,29991200,29991200,29991200
2007-12-19 22:00:00,7.178999900817871,7.178999900817871,7.178999900817871,29991200,29991200,29991200
2007-12-20 22:00:00,7.13700008392334,7.13700008392334,7.13700008392334,29991200,29991200,29991200
2007-12-21 22:00:00,7.190000057220459,7.190000057220459,7.190000057220459,29991200,29991200,29991200
2007-12-24 22:00:00,7.025000095367432,7.025000095367432,7.025000095367432,29991200,29991200,29991200
2007-12-26 22:00:00,7.046000003814697,7.046000003814697,7.046000003814697,29991200,29991200,29991200
2007-12-27 22:00:00,7.171999931335449,7.171999931335449,7.171999931335449,29991200,29991200,29991200
2007-12-28 22:00:00,7.386000156402588,7.386000156402588,7.386000156402588,29991200,29991200,29991200
2007-12-31 22:00:00,7.482999801635742,7.482999801635742,7.482999801635742,29991200,29991200,29991200
2008-01-02 22:00:00,7.849999904632568,7.849999904632568,7.849999904632568,29991200,29991200,29991200
2008-01-03 22:00:00,7.673999786376953,7.673999786376953,7.673999786376953,29991200,29991200,29991200
2008-01-04 22:00:00,7.841000080108643,7.841000080108643,7.841000080108643,29991200,29991200,29991200
2008-01-07 22:00:00,7.879000186920166,7.879000186920166,7.879000186920166,29991200,29991200,29991200
2008-01-08 22:00:00,7.967000007629394,7.967000007629394,7.967000007629394,29991200,29991200,29991200
2008-01-09 22:00:00,8.098999977111816,8.098999977111816,8.098999977111816,29991200,29991200,29991200
2008-01-10 22:00:00,8.258999824523926,8.258999824523926,8.258999824523926,29991200,29991200,29991200
2008-01-11 22:00:00,8.210000038146973,8.210000038146973,8.210000038146973,29991200,29991200,29991200
2008-01-14 22:00:00,8.352999687194824,8.352999687194824,8.352999687194824,29991200,29991200,29991200
2008-01-15 22:00:00,8.196000099182129,8.196000099182129,8.196000099182129,29991200,29991200,29991200
2008-01-16 22:00:00,8.133000373840332,8.133000373840332,8.133000373840332,29991200,29991200,29991200
2008-01-17 22:00:00,8.081000328063965,8.081000328063965,8.081000328063965,29991200,29991200,29991200
2008-01-18 22:00:00,7.993000030517578,7.993000030517578,7.993000030517578,29991200,29991200,29991200
2008-01-22 22:00:00,7.670000076293945,7.670000076293945,7.670000076293945,29991200,29991200,29991200
2008-01-23 22:00:00,7.620999813079834,7.620999813079834,7.620999813079834,29991200,29991200,29991200
2008-01-24 22:00:00,7.802000045776367,7.802000045776367,7.802000045776367,29991200,29991200,29991200
2008-01-25 22:00:00,7.982999801635742,7.982999801635742,7.982999801635742,29991200,29991200,29991200
2008-01-28 22:00:00,8.095000267028809,8.095000267028809,8.095000267028809,29991200,29991200,29991200
2008-01-29 22:00:00,7.995999813079834,7.995999813079834,7.995999813079834,29991200,29991200,29991200
2008-01-30 22:00:00,8.045000076293945,8.045000076293945,8.045000076293945,29991200,29991200,29991200
2008-01-31 22:00:00,8.074000358581543,8.074000358581543,8.074000358581543,29991200,29991200,29991200
2008-02-01 22:00:00,7.739999771118164,7.739999771118164,7.739999771118164,29991200,29991200,29991200
2008-02-04 22:00:00,7.86899995803833,7.86899995803833,7.86899995803833,29991200,29991200,29991200
2008-02-05 22:00:00,7.941999912261963,7.941999912261963,7.941999912261963,29991200,29991200,29991200
2008-02-06 22:00:00,7.99399995803833,7.99399995803833,7.99399995803833,29991200,29991200,29991200
2008-02-07 22:00:00,8.10200023651123,8.10200023651123,8.10200023651123,29991200,29991200,29991200
2008-02-08 22:00:00,8.300999641418457,8.300999641418457,8.300999641418457,29991200,29991200,29991200
2008-02-11 22:00:00,8.531000137329102,8.531000137329102,8.531000137329102,29991200,29991200,29991200
2008-02-12 22:00:00,8.435999870300293,8.435999870300293,8.435999870300293,29991200,29991200,29991200
2008-02-13 22:00:00,8.387999534606934,8.387999534606934,8.387999534606934,29991200,29991200,29991200
2008-02-14 22:00:00,8.772000312805176,8.772000312805176,8.772000312805176,29991200,29991200,29991200
2008-02-15 22:00:00,8.65999984741211,8.65999984741211,8.65999984741211,29991200,29991200,29991200
2008-02-19 22:00:00,8.97700023651123,8.97700023651123,8.97700023651123,29991200,29991200,29991200
2008-02-20 22:00:00,8.96500015258789,8.96500015258789,8.96500015258789,29991200,29991200,29991200
2008-02-21 22:00:00,8.890999794006348,8.890999794006348,8.890999794006348,29991200,29991200,29991200
2008-02-22 22:00:00,9.145999908447266,9.145999908447266,9.145999908447266,29991200,29991200,29991200
2008-02-25 22:00:00,9.185999870300291,9.185999870300291,9.185999870300291,29991200,29991200,29991200
2008-02-26 22:00:00,9.206000328063965,9.206000328063965,9.206000328063965,29991200,29991200,29991200
2008-02-27 22:00:00,8.930000305175781,8.930000305175781,8.930000305175781,29991200,29991200,29991200
2008-02-28 22:00:00,9.442999839782717,9.442999839782717,9.442999839782717,29991200,29991200,29991200
2008-02-29 22:00:00,9.366000175476074,9.366000175476074,9.366000175476074,29991200,29991200,29991200
2008-03-03 22:00:00,9.345999717712402,9.345999717712402,9.345999717712402,29991200,29991200,29991200
2008-03-04 22:00:00,9.352999687194824,9.352999687194824,9.352999687194824,29991200,29991200,29991200
2008-03-05 22:00:00,9.741000175476074,9.741000175476074,9.741000175476074,29991200,29991200,29991200
2008-03-06 22:00:00,9.741999626159668,9.741999626159668,9.741999626159668,29991200,29991200,29991200
2008-03-07 22:00:00,9.769000053405762,9.769000053405762,9.769000053405762,29991200,29991200,29991200
2008-03-10 22:00:00,10.02400016784668,10.02400016784668,10.02400016784668,29991200,29991200,29991200
2008-03-11 22:00:00,10.0,10.0,10.0,29991200,29991200,29991200
2008-03-12 22:00:00,10.01099967956543,10.01099967956543,10.01099967956543,29991200,29991200,29991200
2008-03-13 22:00:00,10.229999542236328,10.229999542236328,10.229999542236328,29991200,29991200,29991200
2008-03-14 22:00:00,9.868000030517578,9.868000030517578,9.868000030517578,29991200,29991200,29991200
2008-03-17 22:00:00,9.100000381469728,9.100000381469728,9.100000381469728,29991200,29991200,29991200
2008-03-18 22:00:00,9.413999557495115,9.413999557495115,9.413999557495115,29991200,29991200,29991200
2008-03-19 22:00:00,9.02400016784668,9.02400016784668,9.02400016784668,29991200,29991200,29991200
2008-03-20 22:00:00,9.0649995803833,9.0649995803833,9.0649995803833,29991200,29991200,29991200
2008-03-24 22:00:00,9.32900047302246,9.32900047302246,9.32900047302246,29991200,29991200,29991200
2008-03-25 22:00:00,9.418999671936035,9.418999671936035,9.418999671936035,29991200,29991200,29991200
2008-03-26 22:00:00,9.571999549865724,9.571999549865724,9.571999549865724,29991200,29991200,29991200
2008-03-27 22:00:00,9.57800006866455,9.57800006866455,9.57800006866455,29991200,29991200,29991200
2008-03-28 22:00:00,9.800000190734863,9.800000190734863,9.800000190734863,29991200,29991200,29991200
2008-03-31 22:00:00,10.10099983215332,10.10099983215332,10.10099983215332,29991200,29991200,29991200
2008-04-01 22:00:00,9.723999977111816,9.723999977111816,9.723999977111816,29991200,29991200,29991200
2008-04-02 22:00:00,9.83199977874756,9.83199977874756,9.83199977874756,29991200,29991200,29991200
2008-04-03 22:00:00,9.416999816894531,9.416999816894531,9.416999816894531,29991200,29991200,29991200
2008-04-04 22:00:00,9.321999549865724,9.321999549865724,9.321999549865724,29991200,29991200,29991200
2008-04-07 22:00:00,9.791000366210938,9.791000366210938,9.791000366210938,29991200,29991200,29991200
2008-04-08 22:00:00,9.696999549865724,9.696999549865724,9.696999549865724,29991200,29991200,29991200
2008-04-09 22:00:00,10.055999755859377,10.055999755859377,10.055999755859377,29991200,29991200,29991200
2008-04-10 22:00:00,10.097999572753906,10.097999572753906,10.097999572753906,29991200,29991200,29991200
2008-04-11 22:00:00,9.901000022888184,9.901000022888184,9.901000022888184,29991200,29991200,29991200
2008-04-14 22:00:00,10.053000450134276,10.053000450134276,10.053000450134276,29991200,29991200,29991200
2008-04-15 22:00:00,10.204999923706056,10.204999923706056,10.204999923706056,29991200,29991200,29991200
2008-04-16 22:00:00,10.43299961090088,10.43299961090088,10.43299961090088,29991200,29991200,29991200
2008-04-17 22:00:00,10.383000373840332,10.383000373840332,10.383000373840332,29991200,29991200,29991200
2008-04-18 22:00:00,10.586999893188477,10.586999893188477,10.586999893188477,29991200,29991200,29991200
2008-04-21 22:00:00,10.732999801635742,10.732999801635742,10.732999801635742,29991200,29991200,29991200
2008-04-22 22:00:00,10.607000350952148,10.607000350952148,10.607000350952148,29991200,29991200,29991200
2008-04-23 22:00:00,10.781000137329102,10.781000137329102,10.781000137329102,29991200,29991200,29991200
2008-04-24 22:00:00,10.789999961853027,10.789999961853027,10.789999961853027,29991200,29991200,29991200
2008-04-25 22:00:00,10.963000297546388,10.963000297546388,10.963000297546388,29991200,29991200,29991200
2008-04-28 22:00:00,11.279999732971191,11.279999732971191,11.279999732971191,29991200,29991200,29991200
2008-04-29 22:00:00,10.842000007629396,10.842000007629396,10.842000007629396,29991200,29991200,29991200
2008-04-30 22:00:00,10.843000411987305,10.843000411987305,10.843000411987305,29991200,29991200,29991200
2008-05-01 22:00:00,10.560999870300291,10.560999870300291,10.560999870300291,29991200,29991200,29991200
2008-05-02 22:00:00,10.777000427246094,10.777000427246094,10.777000427246094,29991200,29991200,29991200
2008-05-05 22:00:00,11.178000450134276,11.178000450134276,11.178000450134276,29991200,29991200,29991200
2008-05-06 22:00:00,11.149999618530272,11.149999618530272,11.149999618530272,29991200,29991200,29991200
2008-05-07 22:00:00,11.32699966430664,11.32699966430664,11.32699966430664,29991200,29991200,29991200
2008-05-08 22:00:00,11.262999534606934,11.262999534606934,11.262999534606934,29991200,29991200,29991200
2008-05-09 22:00:00,11.536999702453612,11.536999702453612,11.536999702453612,29991200,29991200,29991200
2008-05-12 22:00:00,11.300999641418455,11.300999641418455,11.300999641418455,29991200,29991200,29991200
2008-05-13 22:00:00,11.42199993133545,11.42199993133545,11.42199993133545,29991200,29991200,29991200
2008-05-14 22:00:00,11.597999572753906,11.597999572753906,11.597999572753906,29991200,29991200,29991200
2008-05-15 22:00:00,11.39900016784668,11.39900016784668,11.39900016784668,29991200,29991200,29991200
2008-05-16 22:00:00,11.093999862670898,11.093999862670898,11.093999862670898,29991200,29991200,29991200
2008-05-19 22:00:00,10.95400047302246,10.95400047302246,10.95400047302246,29991200,29991200,29991200
2008-05-20 22:00:00,11.364999771118164,11.364999771118164,11.364999771118164,29991200,29991200,29991200
2008-05-21 22:00:00,11.640000343322754,11.640000343322754,11.640000343322754,29991200,29991200,29991200
2008-05-22 22:00:00,11.696999549865724,11.696999549865724,11.696999549865724,29991200,29991200,29991200
2008-05-23 22:00:00,11.857000350952148,11.857000350952148,11.857000350952148,29991200,29991200,29991200
2008-05-27 22:00:00,11.800999641418455,11.800999641418455,11.800999641418455,29991200,29991200,29991200
2008-05-28 22:00:00,11.916000366210938,11.916000366210938,11.916000366210938,29991200,29991200,29991200
2008-05-29 22:00:00,11.473999977111816,11.473999977111816,11.473999977111816,29991200,29991200,29991200
2008-05-30 22:00:00,11.70300006866455,11.70300006866455,11.70300006866455,29991200,29991200,29991200
2008-06-02 22:00:00,11.968999862670898,11.968999862670898,11.968999862670898,29991200,29991200,29991200
2008-06-03 22:00:00,12.220999717712402,12.220999717712402,12.220999717712402,29991200,29991200,29991200
2008-06-04 22:00:00,12.378999710083008,12.378999710083008,12.378999710083008,29991200,29991200,29991200
2008-06-05 22:00:00,12.519000053405762,12.519000053405762,12.519000053405762,29991200,29991200,29991200
2008-06-06 22:00:00,12.692999839782717,12.692999839782717,12.692999839782717,29991200,29991200,29991200
2008-06-09 22:00:00,12.604000091552734,12.604000091552734,12.604000091552734,29991200,29991200,29991200
2008-06-10 22:00:00,12.4350004196167,12.4350004196167,12.4350004196167,29991200,29991200,29991200
2008-06-11 22:00:00,12.65999984741211,12.65999984741211,12.65999984741211,29991200,29991200,29991200
2008-06-12 22:00:00,12.79800033569336,12.79800033569336,12.79800033569336,29991200,29991200,29991200
2008-06-13 22:00:00,12.625,12.625,12.625,29991200,29991200,29991200
2008-06-16 22:00:00,12.93299961090088,12.93299961090088,12.93299961090088,29991200,29991200,29991200
2008-06-17 22:00:00,12.95199966430664,12.95199966430664,12.95199966430664,29991200,29991200,29991200
2008-06-18 22:00:00,13.210000038146973,13.210000038146973,13.210000038146973,29991200,29991200,29991200
2008-06-19 22:00:00,12.861000061035156,12.861000061035156,12.861000061035156,29991200,29991200,29991200
2008-06-20 22:00:00,12.994000434875488,12.994000434875488,12.994000434875488,29991200,29991200,29991200
2008-06-23 22:00:00,13.20300006866455,13.20300006866455,13.20300006866455,29991200,29991200,29991200
2008-06-24 22:00:00,13.01099967956543,13.01099967956543,13.01099967956543,29991200,29991200,29991200
2008-06-25 22:00:00,12.753000259399414,12.753000259399414,12.753000259399414,29991200,29991200,29991200
2008-06-26 22:00:00,13.104999542236328,13.104999542236328,13.104999542236328,29991200,29991200,29991200
2008-06-27 22:00:00,13.197999954223633,13.197999954223633,13.197999954223633,29991200,29991200,29991200
2008-06-30 22:00:00,13.352999687194824,13.352999687194824,13.352999687194824,29991200,29991200,29991200
2008-07-01 22:00:00,13.505000114440918,13.505000114440918,13.505000114440918,29991200,29991200,29991200
2008-07-02 22:00:00,13.388999938964844,13.388999938964844,13.388999938964844,29991200,29991200,29991200
2008-07-03 22:00:00,13.57699966430664,13.57699966430664,13.57699966430664,29991200,29991200,29991200
2008-07-07 22:00:00,12.97700023651123,12.97700023651123,12.97700023651123,29991200,29991200,29991200
2008-07-08 22:00:00,12.368000030517578,12.368000030517578,12.368000030517578,29991200,29991200,29991200
2008-07-09 22:00:00,12.005999565124512,12.005999565124512,12.005999565124512,29991200,29991200,29991200
2008-07-10 22:00:00,12.300000190734863,12.300000190734863,12.300000190734863,29991200,29991200,29991200
2008-07-11 22:00:00,11.904000282287598,11.904000282287598,11.904000282287598,29991200,29991200,29991200
2008-07-14 22:00:00,11.958999633789062,11.958999633789062,11.958999633789062,29991200,29991200,29991200
2008-07-15 22:00:00,11.47700023651123,11.47700023651123,11.47700023651123,29991200,29991200,29991200
2008-07-16 22:00:00,11.39799976348877,11.39799976348877,11.39799976348877,29991200,29991200,29991200
2008-07-17 22:00:00,10.536999702453612,10.536999702453612,10.536999702453612,29991200,29991200,29991200
2008-07-18 22:00:00,10.56999969482422,10.56999969482422,10.56999969482422,29991200,29991200,29991200
2008-07-21 22:00:00,10.510000228881836,10.510000228881836,10.510000228881836,29991200,29991200,29991200
2008-07-22 22:00:00,10.06700038909912,10.06700038909912,10.06700038909912,29991200,29991200,29991200
2008-07-23 22:00:00,9.788000106811523,9.788000106811523,9.788000106811523,29991200,29991200,29991200
2008-07-24 22:00:00,9.322999954223633,9.322999954223633,9.322999954223633,29991200,29991200,29991200
2008-07-25 22:00:00,9.083999633789062,9.083999633789062,9.083999633789062,29991200,29991200,29991200
2008-07-28 22:00:00,9.163000106811523,9.163000106811523,9.163000106811523,29991200,29991200,29991200
2008-07-29 22:00:00,9.217000007629396,9.217000007629396,9.217000007629396,29991200,29991200,29991200
2008-07-30 22:00:00,9.248000144958496,9.248000144958496,9.248000144958496,29991200,29991200,29991200
2008-07-31 22:00:00,9.119000434875488,9.119000434875488,9.119000434875488,29991200,29991200,29991200
2008-08-01 22:00:00,9.388999938964844,9.388999938964844,9.388999938964844,29991200,29991200,29991200
2008-08-04 22:00:00,8.72599983215332,8.72599983215332,8.72599983215332,29991200,29991200,29991200
2008-08-05 22:00:00,8.72599983215332,8.72599983215332,8.72599983215332,29991200,29991200,29991200
2008-08-06 22:00:00,8.77299976348877,8.77299976348877,8.77299976348877,29991200,29991200,29991200
2008-08-07 22:00:00,8.571000099182129,8.571000099182129,8.571000099182129,29991200,29991200,29991200
2008-08-08 22:00:00,8.248000144958496,8.248000144958496,8.248000144958496,29991200,29991200,29991200
2008-08-11 22:00:00,8.348999977111816,8.348999977111816,8.348999977111816,29991200,29991200,29991200
2008-08-12 22:00:00,8.329999923706055,8.329999923706055,8.329999923706055,29991200,29991200,29991200
2008-08-13 22:00:00,8.456000328063965,8.456000328063965,8.456000328063965,29991200,29991200,29991200
2008-08-14 22:00:00,8.13599967956543,8.13599967956543,8.13599967956543,29991200,29991200,29991200
2008-08-15 22:00:00,8.092000007629395,8.092000007629395,8.092000007629395,29991200,29991200,29991200
2008-08-18 22:00:00,7.888000011444092,7.888000011444092,7.888000011444092,29991200,29991200,29991200
2008-08-19 22:00:00,7.97599983215332,7.97599983215332,7.97599983215332,29991200,29991200,29991200
2008-08-20 22:00:00,8.07699966430664,8.07699966430664,8.07699966430664,29991200,29991200,29991200
2008-08-21 22:00:00,8.251999855041504,8.251999855041504,8.251999855041504,29991200,29991200,29991200
2008-08-22 22:00:00,7.842999935150146,7.842999935150146,7.842999935150146,29991200,29991200,29991200
2008-08-25 22:00:00,7.824999809265137,7.824999809265137,7.824999809265137,29991200,29991200,29991200
2008-08-26 22:00:00,8.277999877929688,8.277999877929688,8.277999877929688,29991200,29991200,29991200
2008-08-27 22:00:00,8.394000053405762,8.394000053405762,8.394000053405762,29991200,29991200,29991200
2008-08-28 22:00:00,8.050000190734863,8.050000190734863,8.050000190734863,29991200,29991200,29991200
2008-08-29 22:00:00,7.942999839782715,7.942999839782715,7.942999839782715,29991200,29991200,29991200
2008-09-02 22:00:00,7.261000156402588,7.261000156402588,7.261000156402588,29991200,29991200,29991200
2008-09-03 22:00:00,7.263999938964844,7.263999938964844,7.263999938964844,29991200,29991200,29991200
2008-09-04 22:00:00,7.322000026702881,7.322000026702881,7.322000026702881,29991200,29991200,29991200
2008-09-05 22:00:00,7.448999881744385,7.448999881744385,7.448999881744385,29991200,29991200,29991200
2008-09-08 22:00:00,7.526999950408935,7.526999950408935,7.526999950408935,29991200,29991200,29991200
2008-09-09 22:00:00,7.534999847412109,7.534999847412109,7.534999847412109,29991200,29991200,29991200
2008-09-10 22:00:00,7.39300012588501,7.39300012588501,7.39300012588501,29991200,29991200,29991200
2008-09-11 22:00:00,7.248000144958496,7.248000144958496,7.248000144958496,29991200,29991200,29991200
2008-09-12 22:00:00,7.366000175476074,7.366000175476074,7.366000175476074,29991200,29991200,29991200
2008-09-15 22:00:00,7.374000072479248,7.374000072479248,7.374000072479248,29991200,29991200,29991200
2008-09-16 22:00:00,7.278999805450439,7.278999805450439,7.278999805450439,29991200,29991200,29991200
2008-09-17 22:00:00,7.909999847412109,7.909999847412109,7.909999847412109,29991200,29991200,29991200
2008-09-18 22:00:00,7.620999813079834,7.620999813079834,7.620999813079834,29991200,29991200,29991200
2008-09-19 22:00:00,7.531000137329102,7.531000137329102,7.531000137329102,29991200,29991200,29991200
2008-09-22 22:00:00,7.657999992370605,7.657999992370605,7.657999992370605,29991200,29991200,29991200
2008-09-23 22:00:00,7.931000232696533,7.931000232696533,7.931000232696533,29991200,29991200,29991200
2008-09-24 22:00:00,7.678999900817871,7.678999900817871,7.678999900817871,29991200,29991200,29991200
2008-09-25 22:00:00,7.723999977111816,7.723999977111816,7.723999977111816,29991200,29991200,29991200
2008-09-26 22:00:00,7.472000122070312,7.472000122070312,7.472000122070312,29991200,29991200,29991200
2008-09-29 22:00:00,7.22100019454956,7.22100019454956,7.22100019454956,29991200,29991200,29991200
2008-09-30 22:00:00,7.438000202178955,7.438000202178955,7.438000202178955,29991200,29991200,29991200
2008-10-01 22:00:00,7.728000164031982,7.728000164031982,7.728000164031982,29991200,29991200,29991200
2008-10-02 22:00:00,7.480999946594238,7.480999946594238,7.480999946594238,29991200,29991200,29991200
2008-10-03 22:00:00,7.357999801635742,7.357999801635742,7.357999801635742,29991200,29991200,29991200
2008-10-06 22:00:00,6.835000038146973,6.835000038146973,6.835000038146973,29991200,29991200,29991200
2008-10-07 22:00:00,6.76800012588501,6.76800012588501,6.76800012588501,29991200,29991200,29991200
2008-10-08 22:00:00,6.742000102996826,6.742000102996826,6.742000102996826,29991200,29991200,29991200
2008-10-09 22:00:00,6.824999809265137,6.824999809265137,6.824999809265137,29991200,29991200,29991200
2008-10-10 22:00:00,6.534999847412109,6.534999847412109,6.534999847412109,29991200,29991200,29991200
2008-10-13 22:00:00,6.688000202178955,6.688000202178955,6.688000202178955,29991200,29991200,29991200
2008-10-14 22:00:00,6.727000236511231,6.727000236511231,6.727000236511231,29991200,29991200,29991200
2008-10-15 22:00:00,6.5920000076293945,6.5920000076293945,6.5920000076293945,29991200,29991200,29991200
2008-10-16 22:00:00,6.703000068664551,6.703000068664551,6.703000068664551,29991200,29991200,29991200
2008-10-17 22:00:00,6.785999774932861,6.785999774932861,6.785999774932861,29991200,29991200,29991200
2008-10-20 22:00:00,6.741000175476074,6.741000175476074,6.741000175476074,29991200,29991200,29991200
2008-10-21 22:00:00,6.843999862670898,6.843999862670898,6.843999862670898,29991200,29991200,29991200
2008-10-22 22:00:00,6.776999950408936,6.776999950408936,6.776999950408936,29991200,29991200,29991200
2008-10-23 22:00:00,6.419000148773193,6.419000148773193,6.419000148773193,29991200,29991200,29991200
2008-10-24 22:00:00,6.238999843597412,6.238999843597412,6.238999843597412,29991200,29991200,29991200
2008-10-27 22:00:00,6.120999813079834,6.120999813079834,6.120999813079834,29991200,29991200,29991200
2008-10-28 22:00:00,6.185999870300293,6.185999870300293,6.185999870300293,29991200,29991200,29991200
2008-10-29 22:00:00,6.468999862670898,6.468999862670898,6.468999862670898,29991200,29991200,29991200
2008-10-30 22:00:00,6.431000232696533,6.431000232696533,6.431000232696533,29991200,29991200,29991200
2008-10-31 22:00:00,6.7829999923706055,6.7829999923706055,6.7829999923706055,29991200,29991200,29991200
2008-11-03 22:00:00,6.8379998207092285,6.8379998207092285,6.8379998207092285,29991200,29991200,29991200
2008-11-04 22:00:00,7.218999862670898,7.218999862670898,7.218999862670898,29991200,29991200,29991200
2008-11-05 22:00:00,7.249000072479248,7.249000072479248,7.249000072479248,29991200,29991200,29991200
2008-11-06 22:00:00,6.979000091552734,6.979000091552734,6.979000091552734,29991200,29991200,29991200
2008-11-07 22:00:00,6.756999969482422,6.756999969482422,6.756999969482422,29991200,29991200,29991200
2008-11-10 22:00:00,7.248000144958496,7.248000144958496,7.248000144958496,29991200,29991200,29991200
2008-11-11 22:00:00,6.704999923706055,6.704999923706055,6.704999923706055,29991200,29991200,29991200
2008-11-12 22:00:00,6.40500020980835,6.40500020980835,6.40500020980835,29991200,29991200,29991200
2008-11-13 22:00:00,6.317999839782715,6.317999839782715,6.317999839782715,29991200,29991200,29991200
2008-11-14 22:00:00,6.311999797821045,6.311999797821045,6.311999797821045,29991200,29991200,29991200
2008-11-17 22:00:00,6.5329999923706055,6.5329999923706055,6.5329999923706055,29991200,29991200,29991200
2008-11-18 22:00:00,6.515999794006348,6.515999794006348,6.515999794006348,29991200,29991200,29991200
2008-11-19 22:00:00,6.743000030517578,6.743000030517578,6.743000030517578,29991200,29991200,29991200
2008-11-20 22:00:00,6.315999984741211,6.315999984741211,6.315999984741211,29991200,29991200,29991200
2008-11-21 22:00:00,6.480000019073486,6.480000019073486,6.480000019073486,29991200,29991200,29991200
2008-11-24 22:00:00,6.888000011444092,6.888000011444092,6.888000011444092,29991200,29991200,29991200
2008-11-25 22:00:00,6.386000156402588,6.386000156402588,6.386000156402588,29991200,29991200,29991200
2008-11-26 22:00:00,6.877999782562256,6.877999782562256,6.877999782562256,29991200,29991200,29991200
2008-11-28 22:00:00,6.510000228881836,6.510000228881836,6.510000228881836,29991200,29991200,29991200
2008-12-01 22:00:00,6.604000091552734,6.604000091552734,6.604000091552734,29991200,29991200,29991200
2008-12-02 22:00:00,6.423999786376953,6.423999786376953,6.423999786376953,29991200,29991200,29991200
2008-12-03 22:00:00,6.3470001220703125,6.3470001220703125,6.3470001220703125,29991200,29991200,29991200
2008-12-04 22:00:00,6.017000198364258,6.017000198364258,6.017000198364258,29991200,29991200,29991200
2008-12-05 22:00:00,5.742000102996826,5.742000102996826,5.742000102996826,29991200,29991200,29991200
2008-12-08 22:00:00,5.565999984741211,5.565999984741211,5.565999984741211,29991200,29991200,29991200
2008-12-09 22:00:00,5.578999996185303,5.578999996185303,5.578999996185303,29991200,29991200,29991200
2008-12-10 22:00:00,5.685999870300293,5.685999870300293,5.685999870300293,29991200,29991200,29991200
2008-12-11 22:00:00,5.5980000495910645,5.5980000495910645,5.5980000495910645,29991200,29991200,29991200
2008-12-12 22:00:00,5.48799991607666,5.48799991607666,5.48799991607666,29991200,29991200,29991200
2008-12-15 22:00:00,5.644999980926514,5.644999980926514,5.644999980926514,29991200,29991200,29991200
2008-12-16 22:00:00,5.750999927520752,5.750999927520752,5.750999927520752,29991200,29991200,29991200
2008-12-17 22:00:00,5.61899995803833,5.61899995803833,5.61899995803833,29991200,29991200,29991200
2008-12-18 22:00:00,5.547999858856201,5.547999858856201,5.547999858856201,29991200,29991200,29991200
2008-12-19 22:00:00,5.334000110626221,5.334000110626221,5.334000110626221,29991200,29991200,29991200
2008-12-22 22:00:00,5.294000148773193,5.294000148773193,5.294000148773193,29991200,29991200,29991200
2008-12-23 22:00:00,5.736999988555908,5.736999988555908,5.736999988555908,29991200,29991200,29991200
2008-12-24 22:00:00,5.909999847412109,5.909999847412109,5.909999847412109,29991200,29991200,29991200
2008-12-26 22:00:00,5.826000213623047,5.826000213623047,5.826000213623047,29991200,29991200,29991200
2008-12-29 22:00:00,6.136000156402588,6.136000156402588,6.136000156402588,29991200,29991200,29991200
2008-12-30 22:00:00,5.859000205993652,5.859000205993652,5.859000205993652,29991200,29991200,29991200
2008-12-31 22:00:00,5.622000217437744,5.622000217437744,5.622000217437744,29991200,29991200,29991200
2009-01-02 22:00:00,5.9710001945495605,5.9710001945495605,5.9710001945495605,29991200,29991200,29991200
2009-01-05 22:00:00,6.072000026702881,6.072000026702881,6.072000026702881,29991200,29991200,29991200
2009-01-06 22:00:00,5.982999801635742,5.982999801635742,5.982999801635742,29991200,29991200,29991200
2009-01-07 22:00:00,5.872000217437744,5.872000217437744,5.872000217437744,29991200,29991200,29991200
2009-01-08 22:00:00,5.583000183105469,5.583000183105469,5.583000183105469,29991200,29991200,29991200
2009-01-09 22:00:00,5.515999794006348,5.515999794006348,5.515999794006348,29991200,29991200,29991200
2009-01-12 22:00:00,5.541999816894531,5.541999816894531,5.541999816894531,29991200,29991200,29991200
2009-01-13 22:00:00,5.184000015258789,5.184000015258789,5.184000015258789,29991200,29991200,29991200
2009-01-14 22:00:00,4.96999979019165,4.96999979019165,4.96999979019165,29991200,29991200,29991200
2009-01-15 22:00:00,4.8429999351501465,4.8429999351501465,4.8429999351501465,29991200,29991200,29991200
2009-01-16 22:00:00,4.801000118255615,4.801000118255615,4.801000118255615,29991200,29991200,29991200
2009-01-20 22:00:00,4.642000198364258,4.642000198364258,4.642000198364258,29991200,29991200,29991200
2009-01-21 22:00:00,4.78000020980835,4.78000020980835,4.78000020980835,29991200,29991200,29991200
2009-01-22 22:00:00,4.681000232696533,4.681000232696533,4.681000232696533,29991200,29991200,29991200
2009-01-23 22:00:00,4.51800012588501,4.51800012588501,4.51800012588501,29991200,29991200,29991200
2009-01-26 22:00:00,4.489999771118164,4.489999771118164,4.489999771118164,29991200,29991200,29991200
2009-01-27 22:00:00,4.502999782562256,4.502999782562256,4.502999782562256,29991200,29991200,29991200
2009-01-28 22:00:00,4.47599983215332,4.47599983215332,4.47599983215332,29991200,29991200,29991200
2009-01-29 22:00:00,4.576000213623047,4.576000213623047,4.576000213623047,29991200,29991200,29991200
2009-01-30 22:00:00,4.416999816894531,4.416999816894531,4.416999816894531,29991200,29991200,29991200
2009-02-02 22:00:00,4.557000160217285,4.557000160217285,4.557000160217285,29991200,29991200,29991200
2009-02-03 22:00:00,4.513000011444092,4.513000011444092,4.513000011444092,29991200,29991200,29991200
2009-02-04 22:00:00,4.5970001220703125,4.5970001220703125,4.5970001220703125,29991200,29991200,29991200
2009-02-05 22:00:00,4.642000198364258,4.642000198364258,4.642000198364258,29991200,29991200,29991200
2009-02-06 22:00:00,4.77400016784668,4.77400016784668,4.77400016784668,29991200,29991200,29991200
2009-02-09 22:00:00,4.807000160217285,4.807000160217285,4.807000160217285,29991200,29991200,29991200
2009-02-10 22:00:00,4.543000221252441,4.543000221252441,4.543000221252441,29991200,29991200,29991200
2009-02-11 22:00:00,4.5320000648498535,4.5320000648498535,4.5320000648498535,29991200,29991200,29991200
2009-02-12 22:00:00,4.485000133514404,4.485000133514404,4.485000133514404,29991200,29991200,29991200
2009-02-13 22:00:00,4.452000141143799,4.452000141143799,4.452000141143799,29991200,29991200,29991200
2009-02-17 22:00:00,4.203000068664551,4.203000068664551,4.203000068664551,29991200,29991200,29991200
2009-02-18 22:00:00,4.214000225067139,4.214000225067139,4.214000225067139,29991200,29991200,29991200
2009-02-19 22:00:00,4.078000068664551,4.078000068664551,4.078000068664551,29991200,29991200,29991200
2009-02-20 22:00:00,4.00600004196167,4.00600004196167,4.00600004196167,29991200,29991200,29991200
2009-02-23 22:00:00,4.0970001220703125,4.0970001220703125,4.0970001220703125,29991200,29991200,29991200
2009-02-24 22:00:00,4.236000061035156,4.236000061035156,4.236000061035156,29991200,29991200,29991200
2009-02-25 22:00:00,4.056000232696533,4.056000232696533,4.056000232696533,29991200,29991200,29991200
2009-02-26 22:00:00,4.077000141143799,4.077000141143799,4.077000141143799,29991200,29991200,29991200
2009-02-27 22:00:00,4.197999954223633,4.197999954223633,4.197999954223633,29991200,29991200,29991200
2009-03-02 22:00:00,4.151999950408936,4.151999950408936,4.151999950408936,29991200,29991200,29991200
2009-03-03 22:00:00,4.2820000648498535,4.2820000648498535,4.2820000648498535,29991200,29991200,29991200
2009-03-04 22:00:00,4.340000152587891,4.340000152587891,4.340000152587891,29991200,29991200,29991200
2009-03-05 22:00:00,4.0879998207092285,4.0879998207092285,4.0879998207092285,29991200,29991200,29991200
2009-03-06 22:00:00,3.944999933242798,3.944999933242798,3.944999933242798,29991200,29991200,29991200
2009-03-09 22:00:00,3.865000009536743,3.865000009536743,3.865000009536743,29991200,29991200,29991200
2009-03-10 22:00:00,3.839999914169312,3.839999914169312,3.839999914169312,29991200,29991200,29991200
2009-03-11 22:00:00,3.79800009727478,3.79800009727478,3.79800009727478,29991200,29991200,29991200
2009-03-12 22:00:00,3.994999885559082,3.994999885559082,3.994999885559082,29991200,29991200,29991200
2009-03-13 22:00:00,3.931999921798706,3.931999921798706,3.931999921798706,29991200,29991200,29991200
2009-03-16 22:00:00,3.849999904632568,3.849999904632568,3.849999904632568,29991200,29991200,29991200
2009-03-17 22:00:00,3.812000036239624,3.812000036239624,3.812000036239624,29991200,29991200,29991200
2009-03-18 22:00:00,3.684000015258789,3.684000015258789,3.684000015258789,29991200,29991200,29991200
2009-03-19 22:00:00,4.173999786376953,4.173999786376953,4.173999786376953,29991200,29991200,29991200
2009-03-20 22:00:00,4.227000236511231,4.227000236511231,4.227000236511231,29991200,29991200,29991200
2009-03-23 22:00:00,4.294000148773193,4.294000148773193,4.294000148773193,29991200,29991200,29991200
2009-03-24 22:00:00,4.3470001220703125,4.3470001220703125,4.3470001220703125,29991200,29991200,29991200
2009-03-25 22:00:00,4.328999996185303,4.328999996185303,4.328999996185303,29991200,29991200,29991200
2009-03-26 22:00:00,3.947000026702881,3.947000026702881,3.947000026702881,29991200,29991200,29991200
2009-03-27 22:00:00,3.63100004196167,3.63100004196167,3.63100004196167,29991200,29991200,29991200
2009-03-30 22:00:00,3.739000082015991,3.739000082015991,3.739000082015991,29991200,29991200,29991200
2009-03-31 22:00:00,3.776000022888184,3.776000022888184,3.776000022888184,29991200,29991200,29991200
2009-04-01 22:00:00,3.694999933242798,3.694999933242798,3.694999933242798,29991200,29991200,29991200
2009-04-02 22:00:00,3.7820000648498535,3.7820000648498535,3.7820000648498535,29991200,29991200,29991200
2009-04-03 22:00:00,3.8010001182556152,3.8010001182556152,3.8010001182556152,29991200,29991200,29991200
2009-04-06 22:00:00,3.732000112533569,3.732000112533569,3.732000112533569,29991200,29991200,29991200
2009-04-07 22:00:00,3.562000036239624,3.562000036239624,3.562000036239624,29991200,29991200,29991200
2009-04-08 22:00:00,3.630000114440918,3.630000114440918,3.630000114440918,29991200,29991200,29991200
2009-04-09 22:00:00,3.609999895095825,3.609999895095825,3.609999895095825,29991200,29991200,29991200
2009-04-13 22:00:00,3.628000020980835,3.628000020980835,3.628000020980835,29991200,29991200,29991200
2009-04-14 22:00:00,3.688999891281128,3.688999891281128,3.688999891281128,29991200,29991200,29991200
2009-04-15 22:00:00,3.693000078201294,3.693000078201294,3.693000078201294,29991200,29991200,29991200
2009-04-16 22:00:00,3.5989999771118164,3.5989999771118164,3.5989999771118164,29991200,29991200,29991200
2009-04-17 22:00:00,3.7290000915527344,3.7290000915527344,3.7290000915527344,29991200,29991200,29991200
2009-04-20 22:00:00,3.539999961853028,3.539999961853028,3.539999961853028,29991200,29991200,29991200
2009-04-21 22:00:00,3.510999917984009,3.510999917984009,3.510999917984009,29991200,29991200,29991200
2009-04-22 22:00:00,3.532000064849853,3.532000064849853,3.532000064849853,29991200,29991200,29991200
2009-04-23 22:00:00,3.4089999198913574,3.4089999198913574,3.4089999198913574,29991200,29991200,29991200
2009-04-24 22:00:00,3.296999931335449,3.296999931335449,3.296999931335449,29991200,29991200,29991200
2009-04-27 22:00:00,3.253000020980835,3.253000020980835,3.253000020980835,29991200,29991200,29991200
2009-04-28 22:00:00,3.321000099182129,3.321000099182129,3.321000099182129,29991200,29991200,29991200
2009-04-29 22:00:00,3.4030001163482666,3.4030001163482666,3.4030001163482666,29991200,29991200,29991200
2009-04-30 22:00:00,3.372999906539917,3.372999906539917,3.372999906539917,29991200,29991200,29991200
2009-05-01 22:00:00,3.5460000038146973,3.5460000038146973,3.5460000038146973,29991200,29991200,29991200
2009-05-04 22:00:00,3.724999904632568,3.724999904632568,3.724999904632568,29991200,29991200,29991200
2009-05-05 22:00:00,3.615000009536743,3.615000009536743,3.615000009536743,29991200,29991200,29991200
2009-05-06 22:00:00,3.88700008392334,3.88700008392334,3.88700008392334,29991200,29991200,29991200
2009-05-07 22:00:00,4.080999851226807,4.080999851226807,4.080999851226807,29991200,29991200,29991200
2009-05-08 22:00:00,4.310999870300293,4.310999870300293,4.310999870300293,29991200,29991200,29991200
2009-05-11 22:00:00,4.302000045776367,4.302000045776367,4.302000045776367,29991200,29991200,29991200
2009-05-12 22:00:00,4.448999881744385,4.448999881744385,4.448999881744385,29991200,29991200,29991200
2009-05-13 22:00:00,4.333000183105469,4.333000183105469,4.333000183105469,29991200,29991200,29991200
2009-05-14 22:00:00,4.291999816894531,4.291999816894531,4.291999816894531,29991200,29991200,29991200
2009-05-15 22:00:00,4.0980000495910645,4.0980000495910645,4.0980000495910645,29991200,29991200,29991200
2009-05-18 22:00:00,4.138999938964844,4.138999938964844,4.138999938964844,29991200,29991200,29991200
2009-05-19 22:00:00,3.9140000343322754,3.9140000343322754,3.9140000343322754,29991200,29991200,29991200
2009-05-20 22:00:00,3.9700000286102295,3.9700000286102295,3.9700000286102295,29991200,29991200,29991200
2009-05-21 22:00:00,3.6029999256134033,3.6029999256134033,3.6029999256134033,29991200,29991200,29991200
2009-05-22 22:00:00,3.515000104904175,3.515000104904175,3.515000104904175,29991200,29991200,29991200
2009-05-26 22:00:00,3.5369999408721924,3.5369999408721924,3.5369999408721924,29991200,29991200,29991200
2009-05-27 22:00:00,3.5380001068115234,3.5380001068115234,3.5380001068115234,29991200,29991200,29991200
2009-05-28 22:00:00,3.9570000171661377,3.9570000171661377,3.9570000171661377,29991200,29991200,29991200
2009-05-29 22:00:00,3.8350000381469727,3.8350000381469727,3.8350000381469727,29991200,29991200,29991200
2009-06-01 22:00:00,4.249000072479248,4.249000072479248,4.249000072479248,29991200,29991200,29991200
2009-06-02 22:00:00,4.119999885559082,4.119999885559082,4.119999885559082,29991200,29991200,29991200
2009-06-03 22:00:00,3.766000032424927,3.766000032424927,3.766000032424927,29991200,29991200,29991200
2009-06-04 22:00:00,3.809999942779541,3.809999942779541,3.809999942779541,29991200,29991200,29991200
2009-06-05 22:00:00,3.868000030517578,3.868000030517578,3.868000030517578,29991200,29991200,29991200
2009-06-08 22:00:00,3.7309999465942383,3.7309999465942383,3.7309999465942383,29991200,29991200,29991200
2009-06-09 22:00:00,3.7309999465942383,3.7309999465942383,3.7309999465942383,29991200,29991200,29991200
2009-06-10 22:00:00,3.7079999446868896,3.7079999446868896,3.7079999446868896,29991200,29991200,29991200
2009-06-11 22:00:00,3.933000087738037,3.933000087738037,3.933000087738037,29991200,29991200,29991200
2009-06-12 22:00:00,3.857000112533569,3.857000112533569,3.857000112533569,29991200,29991200,29991200
2009-06-15 22:00:00,4.182000160217285,4.182000160217285,4.182000160217285,29991200,29991200,29991200
2009-06-16 22:00:00,4.129000186920166,4.129000186920166,4.129000186920166,29991200,29991200,29991200
2009-06-17 22:00:00,4.252999782562256,4.252999782562256,4.252999782562256,29991200,29991200,29991200
2009-06-18 22:00:00,4.0929999351501465,4.0929999351501465,4.0929999351501465,29991200,29991200,29991200
2009-06-19 22:00:00,4.0320000648498535,4.0320000648498535,4.0320000648498535,29991200,29991200,29991200
2009-06-22 22:00:00,3.933000087738037,3.933000087738037,3.933000087738037,29991200,29991200,29991200
2009-06-23 22:00:00,3.878999948501587,3.878999948501587,3.878999948501587,29991200,29991200,29991200
2009-06-24 22:00:00,3.760999917984009,3.760999917984009,3.760999917984009,29991200,29991200,29991200
2009-06-25 22:00:00,3.8440001010894775,3.8440001010894775,3.8440001010894775,29991200,29991200,29991200
2009-06-26 22:00:00,3.9489998817443848,3.9489998817443848,3.9489998817443848,29991200,29991200,29991200
2009-06-29 22:00:00,3.944000005722046,3.944000005722046,3.944000005722046,29991200,29991200,29991200
2009-06-30 22:00:00,3.8350000381469727,3.8350000381469727,3.8350000381469727,29991200,29991200,29991200
2009-07-01 22:00:00,3.795000076293945,3.795000076293945,3.795000076293945,29991200,29991200,29991200
2009-07-02 22:00:00,3.615000009536743,3.615000009536743,3.615000009536743,29991200,29991200,29991200
2009-07-06 22:00:00,3.486999988555908,3.486999988555908,3.486999988555908,29991200,29991200,29991200
2009-07-07 22:00:00,3.428999900817871,3.428999900817871,3.428999900817871,29991200,29991200,29991200
2009-07-08 22:00:00,3.352999925613404,3.352999925613404,3.352999925613404,29991200,29991200,29991200
2009-07-09 22:00:00,3.407999992370605,3.407999992370605,3.407999992370605,29991200,29991200,29991200
2009-07-10 22:00:00,3.372999906539917,3.372999906539917,3.372999906539917,29991200,29991200,29991200
2009-07-13 22:00:00,3.263000011444092,3.263000011444092,3.263000011444092,29991200,29991200,29991200
2009-07-14 22:00:00,3.428999900817871,3.428999900817871,3.428999900817871,29991200,29991200,29991200
2009-07-15 22:00:00,3.282999992370605,3.282999992370605,3.282999992370605,29991200,29991200,29991200
2009-07-16 22:00:00,3.6679999828338623,3.6679999828338623,3.6679999828338623,29991200,29991200,29991200
2009-07-17 22:00:00,3.6689999103546143,3.6689999103546143,3.6689999103546143,29991200,29991200,29991200
2009-07-20 22:00:00,3.688999891281128,3.688999891281128,3.688999891281128,29991200,29991200,29991200
2009-07-21 22:00:00,3.704999923706055,3.704999923706055,3.704999923706055,29991200,29991200,29991200
2009-07-22 22:00:00,3.7929999828338623,3.7929999828338623,3.7929999828338623,29991200,29991200,29991200
2009-07-23 22:00:00,3.549999952316284,3.549999952316284,3.549999952316284,29991200,29991200,29991200
2009-07-24 22:00:00,3.694999933242798,3.694999933242798,3.694999933242798,29991200,29991200,29991200
2009-07-27 22:00:00,3.6040000915527344,3.6040000915527344,3.6040000915527344,29991200,29991200,29991200
2009-07-28 22:00:00,3.5350000858306885,3.5350000858306885,3.5350000858306885,29991200,29991200,29991200
2009-07-29 22:00:00,3.378999948501587,3.378999948501587,3.378999948501587,29991200,29991200,29991200
2009-07-30 22:00:00,3.743000030517578,3.743000030517578,3.743000030517578,29991200,29991200,29991200
2009-07-31 22:00:00,3.6530001163482666,3.6530001163482666,3.6530001163482666,29991200,29991200,29991200
2009-08-03 22:00:00,4.031000137329102,4.031000137329102,4.031000137329102,29991200,29991200,29991200
2009-08-04 22:00:00,4.000999927520752,4.000999927520752,4.000999927520752,29991200,29991200,29991200
2009-08-05 22:00:00,4.041999816894531,4.041999816894531,4.041999816894531,29991200,29991200,29991200
2009-08-06 22:00:00,3.743000030517578,3.743000030517578,3.743000030517578,29991200,29991200,29991200
2009-08-07 22:00:00,3.674000024795532,3.674000024795532,3.674000024795532,29991200,29991200,29991200
2009-08-10 22:00:00,3.641000032424927,3.641000032424927,3.641000032424927,29991200,29991200,29991200
2009-08-11 22:00:00,3.54099988937378,3.54099988937378,3.54099988937378,29991200,29991200,29991200
2009-08-12 22:00:00,3.4790000915527344,3.4790000915527344,3.4790000915527344,29991200,29991200,29991200
2009-08-13 22:00:00,3.3359999656677246,3.3359999656677246,3.3359999656677246,29991200,29991200,29991200
2009-08-14 22:00:00,3.23799991607666,3.23799991607666,3.23799991607666,29991200,29991200,29991200
2009-08-17 22:00:00,3.1630001068115234,3.1630001068115234,3.1630001068115234,29991200,29991200,29991200
2009-08-18 22:00:00,3.095999956130981,3.095999956130981,3.095999956130981,29991200,29991200,29991200
2009-08-19 22:00:00,3.11899995803833,3.11899995803833,3.11899995803833,29991200,29991200,29991200
2009-08-20 22:00:00,2.944999933242798,2.944999933242798,2.944999933242798,29991200,29991200,29991200
2009-08-21 22:00:00,2.803999900817871,2.803999900817871,2.803999900817871,29991200,29991200,29991200
2009-08-24 22:00:00,2.9230000972747803,2.9230000972747803,2.9230000972747803,29991200,29991200,29991200
2009-08-25 22:00:00,2.881999969482422,2.881999969482422,2.881999969482422,29991200,29991200,29991200
2009-08-26 22:00:00,2.9100000858306885,2.9100000858306885,2.9100000858306885,29991200,29991200,29991200
2009-08-27 22:00:00,2.8429999351501465,2.8429999351501465,2.8429999351501465,29991200,29991200,29991200
2009-08-28 22:00:00,3.032999992370605,3.032999992370605,3.032999992370605,29991200,29991200,29991200
2009-08-31 22:00:00,2.976999998092652,2.976999998092652,2.976999998092652,29991200,29991200,29991200
2009-09-01 22:00:00,2.821000099182129,2.821000099182129,2.821000099182129,29991200,29991200,29991200
2009-09-02 22:00:00,2.7149999141693115,2.7149999141693115,2.7149999141693115,29991200,29991200,29991200
2009-09-03 22:00:00,2.507999897003174,2.507999897003174,2.507999897003174,29991200,29991200,29991200
2009-09-04 22:00:00,2.727999925613404,2.727999925613404,2.727999925613404,29991200,29991200,29991200
2009-09-08 22:00:00,2.806999921798706,2.806999921798706,2.806999921798706,29991200,29991200,29991200
2009-09-09 22:00:00,2.8289999961853027,2.8289999961853027,2.8289999961853027,29991200,29991200,29991200
2009-09-10 22:00:00,3.25600004196167,3.25600004196167,3.25600004196167,29991200,29991200,29991200
2009-09-11 22:00:00,2.9600000381469727,2.9600000381469727,2.9600000381469727,29991200,29991200,29991200
2009-09-14 22:00:00,3.296999931335449,3.296999931335449,3.296999931335449,29991200,29991200,29991200
2009-09-15 22:00:00,3.319999933242798,3.319999933242798,3.319999933242798,29991200,29991200,29991200
2009-09-16 22:00:00,3.759999990463257,3.759999990463257,3.759999990463257,29991200,29991200,29991200
2009-09-17 22:00:00,3.4579999446868896,3.4579999446868896,3.4579999446868896,29991200,29991200,29991200
2009-09-18 22:00:00,3.7780001163482666,3.7780001163482666,3.7780001163482666,29991200,29991200,29991200
2009-09-21 22:00:00,3.575999975204468,3.575999975204468,3.575999975204468,29991200,29991200,29991200
2009-09-22 22:00:00,3.608999967575073,3.608999967575073,3.608999967575073,29991200,29991200,29991200
2009-09-23 22:00:00,3.859999895095825,3.859999895095825,3.859999895095825,29991200,29991200,29991200
2009-09-24 22:00:00,3.954999923706055,3.954999923706055,3.954999923706055,29991200,29991200,29991200
2009-09-25 22:00:00,3.984999895095825,3.984999895095825,3.984999895095825,29991200,29991200,29991200
2009-09-28 22:00:00,3.7300000190734863,3.7300000190734863,3.7300000190734863,29991200,29991200,29991200
2009-09-29 22:00:00,4.875,4.875,4.875,29991200,29991200,29991200
2009-09-30 22:00:00,4.841000080108643,4.841000080108643,4.841000080108643,29991200,29991200,29991200
2009-10-01 22:00:00,4.466000080108643,4.466000080108643,4.466000080108643,29991200,29991200,29991200
2009-10-02 22:00:00,4.7179999351501465,4.7179999351501465,4.7179999351501465,29991200,29991200,29991200
2009-10-05 22:00:00,4.986999988555908,4.986999988555908,4.986999988555908,29991200,29991200,29991200
2009-10-06 22:00:00,4.880000114440918,4.880000114440918,4.880000114440918,29991200,29991200,29991200
2009-10-07 22:00:00,4.90399980545044,4.90399980545044,4.90399980545044,29991200,29991200,29991200
2009-10-08 22:00:00,4.9629998207092285,4.9629998207092285,4.9629998207092285,29991200,29991200,29991200
2009-10-09 22:00:00,4.769999980926514,4.769999980926514,4.769999980926514,29991200,29991200,29991200
2009-10-12 22:00:00,4.880000114440918,4.880000114440918,4.880000114440918,29991200,29991200,29991200
2009-10-13 22:00:00,4.5879998207092285,4.5879998207092285,4.5879998207092285,29991200,29991200,29991200
2009-10-14 22:00:00,4.435999870300293,4.435999870300293,4.435999870300293,29991200,29991200,29991200
2009-10-15 22:00:00,4.48199987411499,4.48199987411499,4.48199987411499,29991200,29991200,29991200
2009-10-16 22:00:00,4.781000137329102,4.781000137329102,4.781000137329102,29991200,29991200,29991200
2009-10-19 22:00:00,4.835000038146973,4.835000038146973,4.835000038146973,29991200,29991200,29991200
2009-10-20 22:00:00,5.160999774932861,5.160999774932861,5.160999774932861,29991200,29991200,29991200
2009-10-21 22:00:00,5.099999904632568,5.099999904632568,5.099999904632568,29991200,29991200,29991200
2009-10-22 22:00:00,4.947000026702881,4.947000026702881,4.947000026702881,29991200,29991200,29991200
2009-10-23 22:00:00,4.787000179290772,4.787000179290772,4.787000179290772,29991200,29991200,29991200
2009-10-26 22:00:00,4.513000011444092,4.513000011444092,4.513000011444092,29991200,29991200,29991200
2009-10-27 22:00:00,4.557000160217285,4.557000160217285,4.557000160217285,29991200,29991200,29991200
2009-10-28 22:00:00,4.289000034332275,4.289000034332275,4.289000034332275,29991200,29991200,29991200
2009-10-29 22:00:00,5.061999797821045,5.061999797821045,5.061999797821045,29991200,29991200,29991200
2009-10-30 22:00:00,5.045000076293945,5.045000076293945,5.045000076293945,29991200,29991200,29991200
2009-11-02 22:00:00,4.823999881744385,4.823999881744385,4.823999881744385,29991200,29991200,29991200
2009-11-03 22:00:00,4.921999931335449,4.921999931335449,4.921999931335449,29991200,29991200,29991200
2009-11-04 22:00:00,4.724999904632568,4.724999904632568,4.724999904632568,29991200,29991200,29991200
2009-11-05 22:00:00,4.7820000648498535,4.7820000648498535,4.7820000648498535,29991200,29991200,29991200
2009-11-06 22:00:00,4.59499979019165,4.59499979019165,4.59499979019165,29991200,29991200,29991200
2009-11-09 22:00:00,4.670000076293945,4.670000076293945,4.670000076293945,29991200,29991200,29991200
2009-11-10 22:00:00,4.4670000076293945,4.4670000076293945,4.4670000076293945,29991200,29991200,29991200
2009-11-11 22:00:00,4.502999782562256,4.502999782562256,4.502999782562256,29991200,29991200,29991200
2009-11-12 22:00:00,4.369999885559082,4.369999885559082,4.369999885559082,29991200,29991200,29991200
2009-11-13 22:00:00,4.392000198364258,4.392000198364258,4.392000198364258,29991200,29991200,29991200
2009-11-16 22:00:00,4.613999843597412,4.613999843597412,4.613999843597412,29991200,29991200,29991200
2009-11-17 22:00:00,4.53000020980835,4.53000020980835,4.53000020980835,29991200,29991200,29991200
2009-11-18 22:00:00,4.254000186920166,4.254000186920166,4.254000186920166,29991200,29991200,29991200
2009-11-19 22:00:00,4.3420000076293945,4.3420000076293945,4.3420000076293945,29991200,29991200,29991200
2009-11-20 22:00:00,4.423999786376953,4.423999786376953,4.423999786376953,29991200,29991200,29991200
2009-11-23 22:00:00,4.4730000495910645,4.4730000495910645,4.4730000495910645,29991200,29991200,29991200
2009-11-24 22:00:00,4.486000061035156,4.486000061035156,4.486000061035156,29991200,29991200,29991200
2009-11-25 22:00:00,5.163000106811523,5.163000106811523,5.163000106811523,29991200,29991200,29991200
2009-11-27 22:00:00,5.191999912261963,5.191999912261963,5.191999912261963,29991200,29991200,29991200
2009-11-30 22:00:00,4.8480000495910645,4.8480000495910645,4.8480000495910645,29991200,29991200,29991200
2009-12-01 22:00:00,4.76200008392334,4.76200008392334,4.76200008392334,29991200,29991200,29991200
2009-12-02 22:00:00,4.53000020980835,4.53000020980835,4.53000020980835,29991200,29991200,29991200
2009-12-03 22:00:00,4.459000110626221,4.459000110626221,4.459000110626221,29991200,29991200,29991200
2009-12-04 22:00:00,4.585999965667725,4.585999965667725,4.585999965667725,29991200,29991200,29991200
2009-12-07 22:00:00,4.9710001945495605,4.9710001945495605,4.9710001945495605,29991200,29991200,29991200
2009-12-08 22:00:00,5.113999843597412,5.113999843597412,5.113999843597412,29991200,29991200,29991200
2009-12-09 22:00:00,4.8979997634887695,4.8979997634887695,4.8979997634887695,29991200,29991200,29991200
2009-12-10 22:00:00,5.297999858856201,5.297999858856201,5.297999858856201,29991200,29991200,29991200
2009-12-11 22:00:00,5.163000106811523,5.163000106811523,5.163000106811523,29991200,29991200,29991200
2009-12-14 22:00:00,5.331999778747559,5.331999778747559,5.331999778747559,29991200,29991200,29991200
2009-12-15 22:00:00,5.5229997634887695,5.5229997634887695,5.5229997634887695,29991200,29991200,29991200
2009-12-16 22:00:00,5.461999893188477,5.461999893188477,5.461999893188477,29991200,29991200,29991200
2009-12-17 22:00:00,5.76800012588501,5.76800012588501,5.76800012588501,29991200,29991200,29991200
2009-12-18 22:00:00,5.7820000648498535,5.7820000648498535,5.7820000648498535,29991200,29991200,29991200
2009-12-21 22:00:00,5.669000148773193,5.669000148773193,5.669000148773193,29991200,29991200,29991200
2009-12-22 22:00:00,5.715000152587891,5.715000152587891,5.715000152587891,29991200,29991200,29991200
2009-12-23 22:00:00,5.821000099182129,5.821000099182129,5.821000099182129,29991200,29991200,29991200
2009-12-24 22:00:00,5.64300012588501,5.64300012588501,5.64300012588501,29991200,29991200,29991200
2009-12-28 22:00:00,5.989999771118164,5.989999771118164,5.989999771118164,29991200,29991200,29991200
2009-12-29 22:00:00,5.814000129699707,5.814000129699707,5.814000129699707,29991200,29991200,29991200
2009-12-30 22:00:00,5.709000110626221,5.709000110626221,5.709000110626221,29991200,29991200,29991200
2009-12-31 22:00:00,5.572000026702881,5.572000026702881,5.572000026702881,29991200,29991200,29991200
2010-01-04 22:00:00,5.883999824523926,5.883999824523926,5.883999824523926,29991200,29991200,29991200
2010-01-05 22:00:00,5.63700008392334,5.63700008392334,5.63700008392334,29991200,29991200,29991200
2010-01-06 22:00:00,6.008999824523926,6.008999824523926,6.008999824523926,29991200,29991200,29991200
2010-01-07 22:00:00,5.806000232696533,5.806000232696533,5.806000232696533,29991200,29991200,29991200
2010-01-08 22:00:00,5.749000072479248,5.749000072479248,5.749000072479248,29991200,29991200,29991200
2010-01-11 22:00:00,5.453999996185303,5.453999996185303,5.453999996185303,29991200,29991200,29991200
2010-01-12 22:00:00,5.591000080108643,5.591000080108643,5.591000080108643,29991200,29991200,29991200
2010-01-13 22:00:00,5.732999801635742,5.732999801635742,5.732999801635742,29991200,29991200,29991200
2010-01-14 22:00:00,5.5879998207092285,5.5879998207092285,5.5879998207092285,29991200,29991200,29991200
2010-01-15 22:00:00,5.690999984741211,5.690999984741211,5.690999984741211,29991200,29991200,29991200
2010-01-19 22:00:00,5.557000160217285,5.557000160217285,5.557000160217285,29991200,29991200,29991200
2010-01-20 22:00:00,5.495999813079834,5.495999813079834,5.495999813079834,29991200,29991200,29991200
2010-01-21 22:00:00,5.614999771118164,5.614999771118164,5.614999771118164,29991200,29991200,29991200
2010-01-22 22:00:00,5.818999767303467,5.818999767303467,5.818999767303467,29991200,29991200,29991200
2010-01-25 22:00:00,5.7220001220703125,5.7220001220703125,5.7220001220703125,29991200,29991200,29991200
2010-01-26 22:00:00,5.485000133514404,5.485000133514404,5.485000133514404,29991200,29991200,29991200
2010-01-27 22:00:00,5.27400016784668,5.27400016784668,5.27400016784668,29991200,29991200,29991200
2010-01-28 22:00:00,5.138000011444092,5.138000011444092,5.138000011444092,29991200,29991200,29991200
2010-01-29 22:00:00,5.13100004196167,5.13100004196167,5.13100004196167,29991200,29991200,29991200
2010-02-01 22:00:00,5.434000015258789,5.434000015258789,5.434000015258789,29991200,29991200,29991200
2010-02-02 22:00:00,5.453999996185303,5.453999996185303,5.453999996185303,29991200,29991200,29991200
2010-02-03 22:00:00,5.419000148773193,5.419000148773193,5.419000148773193,29991200,29991200,29991200
2010-02-04 22:00:00,5.415999889373779,5.415999889373779,5.415999889373779,29991200,29991200,29991200
2010-02-05 22:00:00,5.514999866485596,5.514999866485596,5.514999866485596,29991200,29991200,29991200
2010-02-08 22:00:00,5.401000022888184,5.401000022888184,5.401000022888184,29991200,29991200,29991200
2010-02-09 22:00:00,5.289999961853027,5.289999961853027,5.289999961853027,29991200,29991200,29991200
2010-02-10 22:00:00,5.291999816894531,5.291999816894531,5.291999816894531,29991200,29991200,29991200
2010-02-11 22:00:00,5.395999908447266,5.395999908447266,5.395999908447266,29991200,29991200,29991200
2010-02-12 22:00:00,5.4679999351501465,5.4679999351501465,5.4679999351501465,29991200,29991200,29991200
2010-02-16 22:00:00,5.309999942779541,5.309999942779541,5.309999942779541,29991200,29991200,29991200
2010-02-17 22:00:00,5.386000156402588,5.386000156402588,5.386000156402588,29991200,29991200,29991200
2010-02-18 22:00:00,5.171999931335449,5.171999931335449,5.171999931335449,29991200,29991200,29991200
2010-02-19 22:00:00,5.044000148773193,5.044000148773193,5.044000148773193,29991200,29991200,29991200
2010-02-22 22:00:00,4.894999980926514,4.894999980926514,4.894999980926514,29991200,29991200,29991200
2010-02-23 22:00:00,4.777999877929688,4.777999877929688,4.777999877929688,29991200,29991200,29991200
2010-02-24 22:00:00,4.815999984741211,4.815999984741211,4.815999984741211,29991200,29991200,29991200
2010-02-25 22:00:00,4.767000198364258,4.767000198364258,4.767000198364258,29991200,29991200,29991200
2010-02-26 22:00:00,4.813000202178955,4.813000202178955,4.813000202178955,29991200,29991200,29991200
2010-03-01 22:00:00,4.678999900817871,4.678999900817871,4.678999900817871,29991200,29991200,29991200
2010-03-02 22:00:00,4.708000183105469,4.708000183105469,4.708000183105469,29991200,29991200,29991200
2010-03-03 22:00:00,4.756999969482422,4.756999969482422,4.756999969482422,29991200,29991200,29991200
2010-03-04 22:00:00,4.574999809265137,4.574999809265137,4.574999809265137,29991200,29991200,29991200
2010-03-05 22:00:00,4.5929999351501465,4.5929999351501465,4.5929999351501465,29991200,29991200,29991200
2010-03-08 22:00:00,4.526999950408936,4.526999950408936,4.526999950408936,29991200,29991200,29991200
2010-03-09 22:00:00,4.515999794006348,4.515999794006348,4.515999794006348,29991200,29991200,29991200
2010-03-10 22:00:00,4.559000015258789,4.559000015258789,4.559000015258789,29991200,29991200,29991200
2010-03-11 22:00:00,4.440000057220459,4.440000057220459,4.440000057220459,29991200,29991200,29991200
2010-03-12 22:00:00,4.400000095367432,4.400000095367432,4.400000095367432,29991200,29991200,29991200
2010-03-15 22:00:00,4.390999794006348,4.390999794006348,4.390999794006348,29991200,29991200,29991200
2010-03-16 22:00:00,4.3470001220703125,4.3470001220703125,4.3470001220703125,29991200,29991200,29991200
2010-03-17 22:00:00,4.302999973297119,4.302999973297119,4.302999973297119,29991200,29991200,29991200
2010-03-18 22:00:00,4.085000038146973,4.085000038146973,4.085000038146973,29991200,29991200,29991200
2010-03-19 22:00:00,4.169000148773193,4.169000148773193,4.169000148773193,29991200,29991200,29991200
2010-03-22 22:00:00,4.078999996185303,4.078999996185303,4.078999996185303,29991200,29991200,29991200
2010-03-23 22:00:00,4.130000114440918,4.130000114440918,4.130000114440918,29991200,29991200,29991200
2010-03-24 22:00:00,4.105000019073486,4.105000019073486,4.105000019073486,29991200,29991200,29991200
2010-03-25 22:00:00,3.9809999465942383,3.9809999465942383,3.9809999465942383,29991200,29991200,29991200
2010-03-26 22:00:00,3.871999979019165,3.871999979019165,3.871999979019165,29991200,29991200,29991200
2010-03-29 22:00:00,3.8420000076293945,3.8420000076293945,3.8420000076293945,29991200,29991200,29991200
2010-03-30 22:00:00,3.973000049591065,3.973000049591065,3.973000049591065,29991200,29991200,29991200
2010-03-31 22:00:00,3.86899995803833,3.86899995803833,3.86899995803833,29991200,29991200,29991200
2010-04-01 22:00:00,4.085999965667725,4.085999965667725,4.085999965667725,29991200,29991200,29991200
2010-04-05 22:00:00,4.276999950408936,4.276999950408936,4.276999950408936,29991200,29991200,29991200
2010-04-06 22:00:00,4.0960001945495605,4.0960001945495605,4.0960001945495605,29991200,29991200,29991200
2010-04-07 22:00:00,4.019000053405762,4.019000053405762,4.019000053405762,29991200,29991200,29991200
2010-04-08 22:00:00,3.908999919891357,3.908999919891357,3.908999919891357,29991200,29991200,29991200
2010-04-09 22:00:00,4.070000171661377,4.070000171661377,4.070000171661377,29991200,29991200,29991200
2010-04-12 22:00:00,4.007999897003174,4.007999897003174,4.007999897003174,29991200,29991200,29991200
2010-04-13 22:00:00,4.159999847412109,4.159999847412109,4.159999847412109,29991200,29991200,29991200
2010-04-14 22:00:00,4.198999881744385,4.198999881744385,4.198999881744385,29991200,29991200,29991200
2010-04-15 22:00:00,3.984999895095825,3.984999895095825,3.984999895095825,29991200,29991200,29991200
2010-04-16 22:00:00,4.039000034332275,4.039000034332275,4.039000034332275,29991200,29991200,29991200
2010-04-19 22:00:00,3.944000005722046,3.944000005722046,3.944000005722046,29991200,29991200,29991200
2010-04-20 22:00:00,3.974999904632568,3.974999904632568,3.974999904632568,29991200,29991200,29991200
2010-04-21 22:00:00,3.954999923706055,3.954999923706055,3.954999923706055,29991200,29991200,29991200
2010-04-22 22:00:00,4.127999782562256,4.127999782562256,4.127999782562256,29991200,29991200,29991200
2010-04-23 22:00:00,4.256999969482422,4.256999969482422,4.256999969482422,29991200,29991200,29991200
2010-04-26 22:00:00,4.26200008392334,4.26200008392334,4.26200008392334,29991200,29991200,29991200
2010-04-27 22:00:00,4.216000080108643,4.216000080108643,4.216000080108643,29991200,29991200,29991200
2010-04-28 22:00:00,4.270999908447266,4.270999908447266,4.270999908447266,29991200,29991200,29991200
2010-04-29 22:00:00,3.9800000190734863,3.9800000190734863,3.9800000190734863,29991200,29991200,29991200
2010-04-30 22:00:00,3.920000076293945,3.920000076293945,3.920000076293945,29991200,29991200,29991200
2010-05-03 22:00:00,4.0,4.0,4.0,29991200,29991200,29991200
2010-05-04 22:00:00,4.013000011444092,4.013000011444092,4.013000011444092,29991200,29991200,29991200
2010-05-05 22:00:00,3.990999937057495,3.990999937057495,3.990999937057495,29991200,29991200,29991200
2010-05-06 22:00:00,3.928999900817871,3.928999900817871,3.928999900817871,29991200,29991200,29991200
2010-05-07 22:00:00,4.014999866485596,4.014999866485596,4.014999866485596,29991200,29991200,29991200
2010-05-10 22:00:00,4.170000076293945,4.170000076293945,4.170000076293945,29991200,29991200,29991200
2010-05-11 22:00:00,4.13100004196167,4.13100004196167,4.13100004196167,29991200,29991200,29991200
2010-05-12 22:00:00,4.283999919891357,4.283999919891357,4.283999919891357,29991200,29991200,29991200
2010-05-13 22:00:00,4.339000225067139,4.339000225067139,4.339000225067139,29991200,29991200,29991200
2010-05-14 22:00:00,4.311999797821045,4.311999797821045,4.311999797821045,29991200,29991200,29991200
2010-05-17 22:00:00,4.3979997634887695,4.3979997634887695,4.3979997634887695,29991200,29991200,29991200
2010-05-18 22:00:00,4.3420000076293945,4.3420000076293945,4.3420000076293945,29991200,29991200,29991200
2010-05-19 22:00:00,4.1579999923706055,4.1579999923706055,4.1579999923706055,29991200,29991200,29991200
2010-05-20 22:00:00,4.105999946594238,4.105999946594238,4.105999946594238,29991200,29991200,29991200
2010-05-21 22:00:00,4.034999847412109,4.034999847412109,4.034999847412109,29991200,29991200,29991200
2010-05-24 22:00:00,4.017000198364258,4.017000198364258,4.017000198364258,29991200,29991200,29991200
2010-05-25 22:00:00,4.051000118255615,4.051000118255615,4.051000118255615,29991200,29991200,29991200
2010-05-26 22:00:00,4.15500020980835,4.15500020980835,4.15500020980835,29991200,29991200,29991200
2010-05-27 22:00:00,4.294000148773193,4.294000148773193,4.294000148773193,29991200,29991200,29991200
2010-05-28 22:00:00,4.341000080108643,4.341000080108643,4.341000080108643,29991200,29991200,29991200
2010-06-01 22:00:00,4.248000144958496,4.248000144958496,4.248000144958496,29991200,29991200,29991200
2010-06-02 22:00:00,4.423999786376953,4.423999786376953,4.423999786376953,29991200,29991200,29991200
2010-06-03 22:00:00,4.690000057220459,4.690000057220459,4.690000057220459,29991200,29991200,29991200
2010-06-04 22:00:00,4.796999931335449,4.796999931335449,4.796999931335449,29991200,29991200,29991200
2010-06-07 22:00:00,4.915999889373779,4.915999889373779,4.915999889373779,29991200,29991200,29991200
2010-06-08 22:00:00,4.808000087738037,4.808000087738037,4.808000087738037,29991200,29991200,29991200
2010-06-09 22:00:00,4.677000045776367,4.677000045776367,4.677000045776367,29991200,29991200,29991200
2010-06-10 22:00:00,4.646999835968018,4.646999835968018,4.646999835968018,29991200,29991200,29991200
2010-06-11 22:00:00,4.781000137329102,4.781000137329102,4.781000137329102,29991200,29991200,29991200
2010-06-14 22:00:00,5.00600004196167,5.00600004196167,5.00600004196167,29991200,29991200,29991200
2010-06-15 22:00:00,5.189000129699707,5.189000129699707,5.189000129699707,29991200,29991200,29991200
2010-06-16 22:00:00,4.978000164031982,4.978000164031982,4.978000164031982,29991200,29991200,29991200
2010-06-17 22:00:00,5.162000179290772,5.162000179290772,5.162000179290772,29991200,29991200,29991200
2010-06-18 22:00:00,4.997000217437744,4.997000217437744,4.997000217437744,29991200,29991200,29991200
2010-06-21 22:00:00,4.873000144958496,4.873000144958496,4.873000144958496,29991200,29991200,29991200
2010-06-22 22:00:00,4.75600004196167,4.75600004196167,4.75600004196167,29991200,29991200,29991200
2010-06-23 22:00:00,4.803999900817871,4.803999900817871,4.803999900817871,29991200,29991200,29991200
2010-06-24 22:00:00,4.748000144958496,4.748000144958496,4.748000144958496,29991200,29991200,29991200
2010-06-25 22:00:00,4.861000061035156,4.861000061035156,4.861000061035156,29991200,29991200,29991200
2010-06-28 22:00:00,4.7170000076293945,4.7170000076293945,4.7170000076293945,29991200,29991200,29991200
2010-06-29 22:00:00,4.547999858856201,4.547999858856201,4.547999858856201,29991200,29991200,29991200
2010-06-30 22:00:00,4.616000175476074,4.616000175476074,4.616000175476074,29991200,29991200,29991200
2010-07-01 22:00:00,4.854000091552734,4.854000091552734,4.854000091552734,29991200,29991200,29991200
2010-07-02 22:00:00,4.686999797821045,4.686999797821045,4.686999797821045,29991200,29991200,29991200
2010-07-06 22:00:00,4.682000160217285,4.682000160217285,4.682000160217285,29991200,29991200,29991200
2010-07-07 22:00:00,4.565000057220459,4.565000057220459,4.565000057220459,29991200,29991200,29991200
2010-07-08 22:00:00,4.39900016784668,4.39900016784668,4.39900016784668,29991200,29991200,29991200
2010-07-09 22:00:00,4.401999950408936,4.401999950408936,4.401999950408936,29991200,29991200,29991200
2010-07-12 22:00:00,4.388000011444092,4.388000011444092,4.388000011444092,29991200,29991200,29991200
2010-07-13 22:00:00,4.354000091552734,4.354000091552734,4.354000091552734,29991200,29991200,29991200
2010-07-14 22:00:00,4.306000232696533,4.306000232696533,4.306000232696533,29991200,29991200,29991200
2010-07-15 22:00:00,4.585999965667725,4.585999965667725,4.585999965667725,29991200,29991200,29991200
2010-07-16 22:00:00,4.519000053405762,4.519000053405762,4.519000053405762,29991200,29991200,29991200
2010-07-19 22:00:00,4.510000228881836,4.510000228881836,4.510000228881836,29991200,29991200,29991200
2010-07-20 22:00:00,4.590000152587891,4.590000152587891,4.590000152587891,29991200,29991200,29991200
2010-07-21 22:00:00,4.513000011444092,4.513000011444092,4.513000011444092,29991200,29991200,29991200
2010-07-22 22:00:00,4.64300012588501,4.64300012588501,4.64300012588501,29991200,29991200,29991200
2010-07-23 22:00:00,4.579999923706055,4.579999923706055,4.579999923706055,29991200,29991200,29991200
2010-07-26 22:00:00,4.611999988555908,4.611999988555908,4.611999988555908,29991200,29991200,29991200
2010-07-27 22:00:00,4.675000190734863,4.675000190734863,4.675000190734863,29991200,29991200,29991200
2010-07-28 22:00:00,4.77400016784668,4.77400016784668,4.77400016784668,29991200,29991200,29991200
2010-07-29 22:00:00,4.827000141143799,4.827000141143799,4.827000141143799,29991200,29991200,29991200
2010-07-30 22:00:00,4.922999858856201,4.922999858856201,4.922999858856201,29991200,29991200,29991200
2010-08-02 22:00:00,4.701000213623047,4.701000213623047,4.701000213623047,29991200,29991200,29991200
2010-08-03 22:00:00,4.638999938964844,4.638999938964844,4.638999938964844,29991200,29991200,29991200
2010-08-04 22:00:00,4.736999988555908,4.736999988555908,4.736999988555908,29991200,29991200,29991200
2010-08-05 22:00:00,4.5980000495910645,4.5980000495910645,4.5980000495910645,29991200,29991200,29991200
2010-08-06 22:00:00,4.4670000076293945,4.4670000076293945,4.4670000076293945,29991200,29991200,29991200
2010-08-09 22:00:00,4.309000015258789,4.309000015258789,4.309000015258789,29991200,29991200,29991200
2010-08-10 22:00:00,4.296999931335449,4.296999931335449,4.296999931335449,29991200,29991200,29991200
2010-08-11 22:00:00,4.326000213623047,4.326000213623047,4.326000213623047,29991200,29991200,29991200
2010-08-12 22:00:00,4.296000003814697,4.296000003814697,4.296000003814697,29991200,29991200,29991200
2010-08-13 22:00:00,4.328000068664551,4.328000068664551,4.328000068664551,29991200,29991200,29991200
2010-08-16 22:00:00,4.228000164031982,4.228000164031982,4.228000164031982,29991200,29991200,29991200
2010-08-17 22:00:00,4.267000198364258,4.267000198364258,4.267000198364258,29991200,29991200,29991200
2010-08-18 22:00:00,4.238999843597412,4.238999843597412,4.238999843597412,29991200,29991200,29991200
2010-08-19 22:00:00,4.171000003814697,4.171000003814697,4.171000003814697,29991200,29991200,29991200
2010-08-20 22:00:00,4.117000102996826,4.117000102996826,4.117000102996826,29991200,29991200,29991200
2010-08-23 22:00:00,4.065999984741211,4.065999984741211,4.065999984741211,29991200,29991200,29991200
2010-08-24 22:00:00,4.039000034332275,4.039000034332275,4.039000034332275,29991200,29991200,29991200
2010-08-25 22:00:00,3.871000051498413,3.871000051498413,3.871000051498413,29991200,29991200,29991200
2010-08-26 22:00:00,3.816999912261963,3.816999912261963,3.816999912261963,29991200,29991200,29991200
2010-08-27 22:00:00,3.651000022888184,3.651000022888184,3.651000022888184,29991200,29991200,29991200
2010-08-30 22:00:00,3.812000036239624,3.812000036239624,3.812000036239624,29991200,29991200,29991200
2010-08-31 22:00:00,3.815999984741211,3.815999984741211,3.815999984741211,29991200,29991200,29991200
2010-09-01 22:00:00,3.76200008392334,3.76200008392334,3.76200008392334,29991200,29991200,29991200
2010-09-02 22:00:00,3.750999927520752,3.750999927520752,3.750999927520752,29991200,29991200,29991200
2010-09-03 22:00:00,3.938999891281128,3.938999891281128,3.938999891281128,29991200,29991200,29991200
2010-09-07 22:00:00,3.8519999980926514,3.8519999980926514,3.8519999980926514,29991200,29991200,29991200
2010-09-08 22:00:00,3.813999891281128,3.813999891281128,3.813999891281128,29991200,29991200,29991200
2010-09-09 22:00:00,3.767999887466431,3.767999887466431,3.767999887466431,29991200,29991200,29991200
2010-09-10 22:00:00,3.882999897003174,3.882999897003174,3.882999897003174,29991200,29991200,29991200
2010-09-13 22:00:00,3.937999963760376,3.937999963760376,3.937999963760376,29991200,29991200,29991200
2010-09-14 22:00:00,3.9660000801086426,3.9660000801086426,3.9660000801086426,29991200,29991200,29991200
2010-09-15 22:00:00,3.994999885559082,3.994999885559082,3.994999885559082,29991200,29991200,29991200
2010-09-16 22:00:00,4.061999797821045,4.061999797821045,4.061999797821045,29991200,29991200,29991200
2010-09-17 22:00:00,4.02400016784668,4.02400016784668,4.02400016784668,29991200,29991200,29991200
2010-09-20 22:00:00,3.822000026702881,3.822000026702881,3.822000026702881,29991200,29991200,29991200
2010-09-21 22:00:00,3.9189999103546143,3.9189999103546143,3.9189999103546143,29991200,29991200,29991200
2010-09-22 22:00:00,3.9660000801086426,3.9660000801086426,3.9660000801086426,29991200,29991200,29991200
2010-09-23 22:00:00,4.019000053405762,4.019000053405762,4.019000053405762,29991200,29991200,29991200
2010-09-24 22:00:00,3.88100004196167,3.88100004196167,3.88100004196167,29991200,29991200,29991200
2010-09-27 22:00:00,3.799999952316284,3.799999952316284,3.799999952316284,29991200,29991200,29991200
2010-09-28 22:00:00,3.836999893188477,3.836999893188477,3.836999893188477,29991200,29991200,29991200
2010-09-29 22:00:00,3.961999893188477,3.961999893188477,3.961999893188477,29991200,29991200,29991200
2010-09-30 22:00:00,3.871999979019165,3.871999979019165,3.871999979019165,29991200,29991200,29991200
2010-10-01 22:00:00,3.796999931335449,3.796999931335449,3.796999931335449,29991200,29991200,29991200
2010-10-04 22:00:00,3.7269999980926514,3.7269999980926514,3.7269999980926514,29991200,29991200,29991200
2010-10-05 22:00:00,3.743000030517578,3.743000030517578,3.743000030517578,29991200,29991200,29991200
2010-10-06 22:00:00,3.865000009536743,3.865000009536743,3.865000009536743,29991200,29991200,29991200
2010-10-07 22:00:00,3.617000102996826,3.617000102996826,3.617000102996826,29991200,29991200,29991200
2010-10-08 22:00:00,3.651000022888184,3.651000022888184,3.651000022888184,29991200,29991200,29991200
2010-10-11 22:00:00,3.6010000705718994,3.6010000705718994,3.6010000705718994,29991200,29991200,29991200
2010-10-12 22:00:00,3.628999948501587,3.628999948501587,3.628999948501587,29991200,29991200,29991200
2010-10-13 22:00:00,3.696000099182129,3.696000099182129,3.696000099182129,29991200,29991200,29991200
2010-10-14 22:00:00,3.6570000648498535,3.6570000648498535,3.6570000648498535,29991200,29991200,29991200
2010-10-15 22:00:00,3.5350000858306885,3.5350000858306885,3.5350000858306885,29991200,29991200,29991200
2010-10-18 22:00:00,3.430999994277954,3.430999994277954,3.430999994277954,29991200,29991200,29991200
2010-10-19 22:00:00,3.513000011444092,3.513000011444092,3.513000011444092,29991200,29991200,29991200
2010-10-20 22:00:00,3.5390000343322754,3.5390000343322754,3.5390000343322754,29991200,29991200,29991200
2010-10-21 22:00:00,3.368000030517578,3.368000030517578,3.368000030517578,29991200,29991200,29991200
2010-10-22 22:00:00,3.3320000171661377,3.3320000171661377,3.3320000171661377,29991200,29991200,29991200
2010-10-25 22:00:00,3.316999912261963,3.316999912261963,3.316999912261963,29991200,29991200,29991200
2010-10-26 22:00:00,3.3540000915527344,3.3540000915527344,3.3540000915527344,29991200,29991200,29991200
2010-10-27 22:00:00,3.2920000553131104,3.2920000553131104,3.2920000553131104,29991200,29991200,29991200
2010-10-28 22:00:00,3.890000104904175,3.890000104904175,3.890000104904175,29991200,29991200,29991200
2010-10-29 22:00:00,4.038000106811523,4.038000106811523,4.038000106811523,29991200,29991200,29991200
2010-11-01 22:00:00,3.8320000171661377,3.8320000171661377,3.8320000171661377,29991200,29991200,29991200
2010-11-02 22:00:00,3.869999885559082,3.869999885559082,3.869999885559082,29991200,29991200,29991200
2010-11-03 22:00:00,3.8359999656677246,3.8359999656677246,3.8359999656677246,29991200,29991200,29991200
2010-11-04 22:00:00,3.8559999465942383,3.8559999465942383,3.8559999465942383,29991200,29991200,29991200
2010-11-05 22:00:00,3.937000036239624,3.937000036239624,3.937000036239624,29991200,29991200,29991200
2010-11-08 22:00:00,4.0879998207092285,4.0879998207092285,4.0879998207092285,29991200,29991200,29991200
2010-11-09 22:00:00,4.210000038146973,4.210000038146973,4.210000038146973,29991200,29991200,29991200
2010-11-10 22:00:00,4.046000003814697,4.046000003814697,4.046000003814697,29991200,29991200,29991200
2010-11-11 22:00:00,3.927000045776367,3.927000045776367,3.927000045776367,29991200,29991200,29991200
2010-11-12 22:00:00,3.799000024795532,3.799000024795532,3.799000024795532,29991200,29991200,29991200
2010-11-15 22:00:00,3.8450000286102295,3.8450000286102295,3.8450000286102295,29991200,29991200,29991200
2010-11-16 22:00:00,3.818000078201294,3.818000078201294,3.818000078201294,29991200,29991200,29991200
2010-11-17 22:00:00,4.03000020980835,4.03000020980835,4.03000020980835,29991200,29991200,29991200
2010-11-18 22:00:00,4.006999969482422,4.006999969482422,4.006999969482422,29991200,29991200,29991200
2010-11-19 22:00:00,4.164000034332275,4.164000034332275,4.164000034332275,29991200,29991200,29991200
2010-11-22 22:00:00,4.270999908447266,4.270999908447266,4.270999908447266,29991200,29991200,29991200
2010-11-23 22:00:00,4.263999938964844,4.263999938964844,4.263999938964844,29991200,29991200,29991200
2010-11-24 22:00:00,4.267000198364258,4.267000198364258,4.267000198364258,29991200,29991200,29991200
2010-11-26 22:00:00,4.39900016784668,4.39900016784668,4.39900016784668,29991200,29991200,29991200
2010-11-29 22:00:00,4.210000038146973,4.210000038146973,4.210000038146973,29991200,29991200,29991200
2010-11-30 22:00:00,4.179999828338623,4.179999828338623,4.179999828338623,29991200,29991200,29991200
2010-12-01 22:00:00,4.269000053405762,4.269000053405762,4.269000053405762,29991200,29991200,29991200
2010-12-02 22:00:00,4.3429999351501465,4.3429999351501465,4.3429999351501465,29991200,29991200,29991200
2010-12-03 22:00:00,4.348999977111816,4.348999977111816,4.348999977111816,29991200,29991200,29991200
2010-12-06 22:00:00,4.48799991607666,4.48799991607666,4.48799991607666,29991200,29991200,29991200
2010-12-07 22:00:00,4.39300012588501,4.39300012588501,4.39300012588501,29991200,29991200,29991200
2010-12-08 22:00:00,4.605999946594238,4.605999946594238,4.605999946594238,29991200,29991200,29991200
2010-12-09 22:00:00,4.434999942779541,4.434999942779541,4.434999942779541,29991200,29991200,29991200
2010-12-10 22:00:00,4.416999816894531,4.416999816894531,4.416999816894531,29991200,29991200,29991200
2010-12-13 22:00:00,4.420000076293945,4.420000076293945,4.420000076293945,29991200,29991200,29991200
2010-12-14 22:00:00,4.255000114440918,4.255000114440918,4.255000114440918,29991200,29991200,29991200
2010-12-15 22:00:00,4.2220001220703125,4.2220001220703125,4.2220001220703125,29991200,29991200,29991200
2010-12-16 22:00:00,4.047999858856201,4.047999858856201,4.047999858856201,29991200,29991200,29991200
2010-12-17 22:00:00,4.065999984741211,4.065999984741211,4.065999984741211,29991200,29991200,29991200
2010-12-20 22:00:00,4.236999988555908,4.236999988555908,4.236999988555908,29991200,29991200,29991200
2010-12-21 22:00:00,4.059000015258789,4.059000015258789,4.059000015258789,29991200,29991200,29991200
2010-12-22 22:00:00,4.151999950408936,4.151999950408936,4.151999950408936,29991200,29991200,29991200
2010-12-23 22:00:00,4.083000183105469,4.083000183105469,4.083000183105469,29991200,29991200,29991200
2010-12-27 22:00:00,4.111999988555908,4.111999988555908,4.111999988555908,29991200,29991200,29991200
2010-12-28 22:00:00,4.216000080108643,4.216000080108643,4.216000080108643,29991200,29991200,29991200
2010-12-29 22:00:00,4.287000179290772,4.287000179290772,4.287000179290772,29991200,29991200,29991200
2010-12-30 22:00:00,4.3379998207092285,4.3379998207092285,4.3379998207092285,29991200,29991200,29991200
2010-12-31 22:00:00,4.40500020980835,4.40500020980835,4.40500020980835,29991200,29991200,29991200
2011-01-03 22:00:00,4.650000095367432,4.650000095367432,4.650000095367432,29991200,29991200,29991200
2011-01-04 22:00:00,4.669000148773193,4.669000148773193,4.669000148773193,29991200,29991200,29991200
2011-01-05 22:00:00,4.4730000495910645,4.4730000495910645,4.4730000495910645,29991200,29991200,29991200
2011-01-06 22:00:00,4.434000015258789,4.434000015258789,4.434000015258789,29991200,29991200,29991200
2011-01-07 22:00:00,4.421999931335449,4.421999931335449,4.421999931335449,29991200,29991200,29991200
2011-01-10 22:00:00,4.39900016784668,4.39900016784668,4.39900016784668,29991200,29991200,29991200
2011-01-11 22:00:00,4.480999946594238,4.480999946594238,4.480999946594238,29991200,29991200,29991200
2011-01-12 22:00:00,4.531000137329102,4.531000137329102,4.531000137329102,29991200,29991200,29991200
2011-01-13 22:00:00,4.4070000648498535,4.4070000648498535,4.4070000648498535,29991200,29991200,29991200
2011-01-14 22:00:00,4.480000019073486,4.480000019073486,4.480000019073486,29991200,29991200,29991200
2011-01-18 22:00:00,4.425000190734863,4.425000190734863,4.425000190734863,29991200,29991200,29991200
2011-01-19 22:00:00,4.560999870300293,4.560999870300293,4.560999870300293,29991200,29991200,29991200
2011-01-20 22:00:00,4.695000171661377,4.695000171661377,4.695000171661377,29991200,29991200,29991200
2011-01-21 22:00:00,4.736000061035156,4.736000061035156,4.736000061035156,29991200,29991200,29991200
2011-01-24 22:00:00,4.579999923706055,4.579999923706055,4.579999923706055,29991200,29991200,29991200
2011-01-25 22:00:00,4.4730000495910645,4.4730000495910645,4.4730000495910645,29991200,29991200,29991200
2011-01-26 22:00:00,4.491000175476074,4.491000175476074,4.491000175476074,29991200,29991200,29991200
2011-01-27 22:00:00,4.315999984741211,4.315999984741211,4.315999984741211,29991200,29991200,29991200
2011-01-28 22:00:00,4.322999954223633,4.322999954223633,4.322999954223633,29991200,29991200,29991200
2011-01-31 22:00:00,4.420000076293945,4.420000076293945,4.420000076293945,29991200,29991200,29991200
2011-02-01 22:00:00,4.3470001220703125,4.3470001220703125,4.3470001220703125,29991200,29991200,29991200
2011-02-02 22:00:00,4.428999900817871,4.428999900817871,4.428999900817871,29991200,29991200,29991200
2011-02-03 22:00:00,4.336999893188477,4.336999893188477,4.336999893188477,29991200,29991200,29991200
2011-02-04 22:00:00,4.309999942779541,4.309999942779541,4.309999942779541,29991200,29991200,29991200
2011-02-07 22:00:00,4.104000091552734,4.104000091552734,4.104000091552734,29991200,29991200,29991200
2011-02-08 22:00:00,4.039999961853027,4.039999961853027,4.039999961853027,29991200,29991200,29991200
2011-02-09 22:00:00,4.044000148773193,4.044000148773193,4.044000148773193,29991200,29991200,29991200
2011-02-10 22:00:00,3.986000061035156,3.986000061035156,3.986000061035156,29991200,29991200,29991200
2011-02-11 22:00:00,3.910000085830689,3.910000085830689,3.910000085830689,29991200,29991200,29991200
2011-02-14 22:00:00,3.924999952316284,3.924999952316284,3.924999952316284,29991200,29991200,29991200
2011-02-15 22:00:00,3.9760000705718994,3.9760000705718994,3.9760000705718994,29991200,29991200,29991200
2011-02-16 22:00:00,3.921000003814697,3.921000003814697,3.921000003814697,29991200,29991200,29991200
2011-02-17 22:00:00,3.868000030517578,3.868000030517578,3.868000030517578,29991200,29991200,29991200
2011-02-18 22:00:00,3.875999927520752,3.875999927520752,3.875999927520752,29991200,29991200,29991200
2011-02-22 22:00:00,3.867000102996826,3.867000102996826,3.867000102996826,29991200,29991200,29991200
2011-02-23 22:00:00,3.900000095367432,3.900000095367432,3.900000095367432,29991200,29991200,29991200
2011-02-24 22:00:00,3.7929999828338623,3.7929999828338623,3.7929999828338623,29991200,29991200,29991200
2011-02-25 22:00:00,4.005000114440918,4.005000114440918,4.005000114440918,29991200,29991200,29991200
2011-02-28 22:00:00,4.037000179290772,4.037000179290772,4.037000179290772,29991200,29991200,29991200
2011-03-01 22:00:00,3.872999906539917,3.872999906539917,3.872999906539917,29991200,29991200,29991200
2011-03-02 22:00:00,3.818000078201294,3.818000078201294,3.818000078201294,29991200,29991200,29991200
2011-03-03 22:00:00,3.7780001163482666,3.7780001163482666,3.7780001163482666,29991200,29991200,29991200
2011-03-04 22:00:00,3.809000015258789,3.809000015258789,3.809000015258789,29991200,29991200,29991200
2011-03-07 22:00:00,3.927000045776367,3.927000045776367,3.927000045776367,29991200,29991200,29991200
2011-03-08 22:00:00,3.864000082015991,3.864000082015991,3.864000082015991,29991200,29991200,29991200
2011-03-09 22:00:00,3.930000066757202,3.930000066757202,3.930000066757202,29991200,29991200,29991200
2011-03-10 22:00:00,3.829999923706055,3.829999923706055,3.829999923706055,29991200,29991200,29991200
2011-03-11 22:00:00,3.888999938964844,3.888999938964844,3.888999938964844,29991200,29991200,29991200
2011-03-14 22:00:00,3.9140000343322754,3.9140000343322754,3.9140000343322754,29991200,29991200,29991200
2011-03-15 22:00:00,3.940999984741211,3.940999984741211,3.940999984741211,29991200,29991200,29991200
2011-03-16 22:00:00,3.937999963760376,3.937999963760376,3.937999963760376,29991200,29991200,29991200
2011-03-17 22:00:00,4.1579999923706055,4.1579999923706055,4.1579999923706055,29991200,29991200,29991200
2011-03-18 22:00:00,4.168000221252441,4.168000221252441,4.168000221252441,29991200,29991200,29991200
2011-03-21 22:00:00,4.160999774932861,4.160999774932861,4.160999774932861,29991200,29991200,29991200
2011-03-22 22:00:00,4.254000186920166,4.254000186920166,4.254000186920166,29991200,29991200,29991200
2011-03-23 22:00:00,4.335000038146973,4.335000038146973,4.335000038146973,29991200,29991200,29991200
2011-03-24 22:00:00,4.24399995803833,4.24399995803833,4.24399995803833,29991200,29991200,29991200
2011-03-25 22:00:00,4.402999877929688,4.402999877929688,4.402999877929688,29991200,29991200,29991200
2011-03-28 22:00:00,4.374000072479248,4.374000072479248,4.374000072479248,29991200,29991200,29991200
2011-03-29 22:00:00,4.239999771118164,4.239999771118164,4.239999771118164,29991200,29991200,29991200
2011-03-30 22:00:00,4.355000019073486,4.355000019073486,4.355000019073486,29991200,29991200,29991200
2011-03-31 22:00:00,4.388999938964844,4.388999938964844,4.388999938964844,29991200,29991200,29991200
2011-04-01 22:00:00,4.361999988555908,4.361999988555908,4.361999988555908,29991200,29991200,29991200
2011-04-04 22:00:00,4.289000034332275,4.289000034332275,4.289000034332275,29991200,29991200,29991200
2011-04-05 22:00:00,4.230999946594238,4.230999946594238,4.230999946594238,29991200,29991200,29991200
2011-04-06 22:00:00,4.145999908447266,4.145999908447266,4.145999908447266,29991200,29991200,29991200
2011-04-07 22:00:00,4.057000160217285,4.057000160217285,4.057000160217285,29991200,29991200,29991200
2011-04-08 22:00:00,4.040999889373779,4.040999889373779,4.040999889373779,29991200,29991200,29991200
2011-04-11 22:00:00,4.107999801635742,4.107999801635742,4.107999801635742,29991200,29991200,29991200
2011-04-12 22:00:00,4.0980000495910645,4.0980000495910645,4.0980000495910645,29991200,29991200,29991200
2011-04-13 22:00:00,4.140999794006348,4.140999794006348,4.140999794006348,29991200,29991200,29991200
2011-04-14 22:00:00,4.211999893188477,4.211999893188477,4.211999893188477,29991200,29991200,29991200
2011-04-15 22:00:00,4.203999996185303,4.203999996185303,4.203999996185303,29991200,29991200,29991200
2011-04-18 22:00:00,4.138000011444092,4.138000011444092,4.138000011444092,29991200,29991200,29991200
2011-04-19 22:00:00,4.26200008392334,4.26200008392334,4.26200008392334,29991200,29991200,29991200
2011-04-20 22:00:00,4.309999942779541,4.309999942779541,4.309999942779541,29991200,29991200,29991200
2011-04-21 22:00:00,4.412000179290772,4.412000179290772,4.412000179290772,29991200,29991200,29991200
2011-04-25 22:00:00,4.388999938964844,4.388999938964844,4.388999938964844,29991200,29991200,29991200
2011-04-26 22:00:00,4.38700008392334,4.38700008392334,4.38700008392334,29991200,29991200,29991200
2011-04-27 22:00:00,4.376999855041504,4.376999855041504,4.376999855041504,29991200,29991200,29991200
2011-04-28 22:00:00,4.571000099182129,4.571000099182129,4.571000099182129,29991200,29991200,29991200
2011-04-29 22:00:00,4.697999954223633,4.697999954223633,4.697999954223633,29991200,29991200,29991200
2011-05-02 22:00:00,4.692999839782715,4.692999839782715,4.692999839782715,29991200,29991200,29991200
2011-05-03 22:00:00,4.670000076293945,4.670000076293945,4.670000076293945,29991200,29991200,29991200
2011-05-04 22:00:00,4.577000141143799,4.577000141143799,4.577000141143799,29991200,29991200,29991200
2011-05-05 22:00:00,4.261000156402588,4.261000156402588,4.261000156402588,29991200,29991200,29991200
2011-05-06 22:00:00,4.235000133514404,4.235000133514404,4.235000133514404,29991200,29991200,29991200
2011-05-09 22:00:00,4.15399980545044,4.15399980545044,4.15399980545044,29991200,29991200,29991200
2011-05-10 22:00:00,4.245999813079834,4.245999813079834,4.245999813079834,29991200,29991200,29991200
2011-05-11 22:00:00,4.181000232696533,4.181000232696533,4.181000232696533,29991200,29991200,29991200
2011-05-12 22:00:00,4.193999767303467,4.193999767303467,4.193999767303467,29991200,29991200,29991200
2011-05-13 22:00:00,4.245999813079834,4.245999813079834,4.245999813079834,29991200,29991200,29991200
2011-05-16 22:00:00,4.317999839782715,4.317999839782715,4.317999839782715,29991200,29991200,29991200
2011-05-17 22:00:00,4.182000160217285,4.182000160217285,4.182000160217285,29991200,29991200,29991200
2011-05-18 22:00:00,4.197999954223633,4.197999954223633,4.197999954223633,29991200,29991200,29991200
2011-05-19 22:00:00,4.093999862670898,4.093999862670898,4.093999862670898,29991200,29991200,29991200
2011-05-20 22:00:00,4.230000019073486,4.230000019073486,4.230000019073486,29991200,29991200,29991200
2011-05-23 22:00:00,4.3460001945495605,4.3460001945495605,4.3460001945495605,29991200,29991200,29991200
2011-05-24 22:00:00,4.34499979019165,4.34499979019165,4.34499979019165,29991200,29991200,29991200
2011-05-25 22:00:00,4.379000186920166,4.379000186920166,4.379000186920166,29991200,29991200,29991200
2011-05-26 22:00:00,4.326000213623047,4.326000213623047,4.326000213623047,29991200,29991200,29991200
2011-05-27 22:00:00,4.51800012588501,4.51800012588501,4.51800012588501,29991200,29991200,29991200
2011-05-31 22:00:00,4.665999889373779,4.665999889373779,4.665999889373779,29991200,29991200,29991200
2011-06-01 22:00:00,4.629000186920166,4.629000186920166,4.629000186920166,29991200,29991200,29991200
2011-06-02 22:00:00,4.794000148773193,4.794000148773193,4.794000148773193,29991200,29991200,29991200
2011-06-03 22:00:00,4.706999778747559,4.706999778747559,4.706999778747559,29991200,29991200,29991200
2011-06-06 22:00:00,4.827000141143799,4.827000141143799,4.827000141143799,29991200,29991200,29991200
2011-06-07 22:00:00,4.830999851226807,4.830999851226807,4.830999851226807,29991200,29991200,29991200
2011-06-08 22:00:00,4.8470001220703125,4.8470001220703125,4.8470001220703125,29991200,29991200,29991200
2011-06-09 22:00:00,4.673999786376953,4.673999786376953,4.673999786376953,29991200,29991200,29991200
2011-06-10 22:00:00,4.756999969482422,4.756999969482422,4.756999969482422,29991200,29991200,29991200
2011-06-13 22:00:00,4.645999908447266,4.645999908447266,4.645999908447266,29991200,29991200,29991200
2011-06-14 22:00:00,4.580999851226807,4.580999851226807,4.580999851226807,29991200,29991200,29991200
2011-06-15 22:00:00,4.577000141143799,4.577000141143799,4.577000141143799,29991200,29991200,29991200
2011-06-16 22:00:00,4.412000179290772,4.412000179290772,4.412000179290772,29991200,29991200,29991200
2011-06-17 22:00:00,4.324999809265137,4.324999809265137,4.324999809265137,29991200,29991200,29991200
2011-06-20 22:00:00,4.316999912261963,4.316999912261963,4.316999912261963,29991200,29991200,29991200
2011-06-21 22:00:00,4.388000011444092,4.388000011444092,4.388000011444092,29991200,29991200,29991200
2011-06-22 22:00:00,4.316999912261963,4.316999912261963,4.316999912261963,29991200,29991200,29991200
2011-06-23 22:00:00,4.192999839782715,4.192999839782715,4.192999839782715,29991200,29991200,29991200
2011-06-24 22:00:00,4.229000091552734,4.229000091552734,4.229000091552734,29991200,29991200,29991200
2011-06-27 22:00:00,4.25600004196167,4.25600004196167,4.25600004196167,29991200,29991200,29991200
2011-06-28 22:00:00,4.35699987411499,4.35699987411499,4.35699987411499,29991200,29991200,29991200
2011-06-29 22:00:00,4.315000057220459,4.315000057220459,4.315000057220459,29991200,29991200,29991200
2011-06-30 22:00:00,4.374000072479248,4.374000072479248,4.374000072479248,29991200,29991200,29991200
2011-07-01 22:00:00,4.310999870300293,4.310999870300293,4.310999870300293,29991200,29991200,29991200
2011-07-05 22:00:00,4.36299991607666,4.36299991607666,4.36299991607666,29991200,29991200,29991200
2011-07-06 22:00:00,4.2170000076293945,4.2170000076293945,4.2170000076293945,29991200,29991200,29991200
2011-07-07 22:00:00,4.132999897003174,4.132999897003174,4.132999897003174,29991200,29991200,29991200
2011-07-08 22:00:00,4.204999923706055,4.204999923706055,4.204999923706055,29991200,29991200,29991200
2011-07-11 22:00:00,4.288000106811523,4.288000106811523,4.288000106811523,29991200,29991200,29991200
2011-07-12 22:00:00,4.333000183105469,4.333000183105469,4.333000183105469,29991200,29991200,29991200
2011-07-13 22:00:00,4.402999877929688,4.402999877929688,4.402999877929688,29991200,29991200,29991200
2011-07-14 22:00:00,4.377999782562256,4.377999782562256,4.377999782562256,29991200,29991200,29991200
2011-07-15 22:00:00,4.546000003814697,4.546000003814697,4.546000003814697,29991200,29991200,29991200
2011-07-18 22:00:00,4.546000003814697,4.546000003814697,4.546000003814697,29991200,29991200,29991200
2011-07-19 22:00:00,4.5329999923706055,4.5329999923706055,4.5329999923706055,29991200,29991200,29991200
2011-07-20 22:00:00,4.5,4.5,4.5,29991200,29991200,29991200
2011-07-21 22:00:00,4.394999980926514,4.394999980926514,4.394999980926514,29991200,29991200,29991200
2011-07-22 22:00:00,4.39900016784668,4.39900016784668,4.39900016784668,29991200,29991200,29991200
2011-07-25 22:00:00,4.386000156402588,4.386000156402588,4.386000156402588,29991200,29991200,29991200
2011-07-26 22:00:00,4.369999885559082,4.369999885559082,4.369999885559082,29991200,29991200,29991200
2011-07-27 22:00:00,4.369999885559082,4.369999885559082,4.369999885559082,29991200,29991200,29991200
2011-07-28 22:00:00,4.24399995803833,4.24399995803833,4.24399995803833,29991200,29991200,29991200
2011-07-29 22:00:00,4.144999980926514,4.144999980926514,4.144999980926514,29991200,29991200,29991200
2011-08-01 22:00:00,4.188000202178955,4.188000202178955,4.188000202178955,29991200,29991200,29991200
2011-08-02 22:00:00,4.15500020980835,4.15500020980835,4.15500020980835,29991200,29991200,29991200
2011-08-03 22:00:00,4.090000152587891,4.090000152587891,4.090000152587891,29991200,29991200,29991200
2011-08-04 22:00:00,3.940999984741211,3.940999984741211,3.940999984741211,29991200,29991200,29991200
2011-08-05 22:00:00,3.940999984741211,3.940999984741211,3.940999984741211,29991200,29991200,29991200
2011-08-08 22:00:00,3.934999942779541,3.934999942779541,3.934999942779541,29991200,29991200,29991200
2011-08-09 22:00:00,3.99399995803833,3.99399995803833,3.99399995803833,29991200,29991200,29991200
2011-08-10 22:00:00,4.002999782562256,4.002999782562256,4.002999782562256,29991200,29991200,29991200
2011-08-11 22:00:00,4.107999801635742,4.107999801635742,4.107999801635742,29991200,29991200,29991200
2011-08-12 22:00:00,4.059999942779541,4.059999942779541,4.059999942779541,29991200,29991200,29991200
2011-08-15 22:00:00,4.02400016784668,4.02400016784668,4.02400016784668,29991200,29991200,29991200
2011-08-16 22:00:00,3.931999921798706,3.931999921798706,3.931999921798706,29991200,29991200,29991200
2011-08-17 22:00:00,3.933000087738037,3.933000087738037,3.933000087738037,29991200,29991200,29991200
2011-08-18 22:00:00,3.891999959945679,3.891999959945679,3.891999959945679,29991200,29991200,29991200
2011-08-19 22:00:00,3.940000057220459,3.940000057220459,3.940000057220459,29991200,29991200,29991200
2011-08-22 22:00:00,3.888999938964844,3.888999938964844,3.888999938964844,29991200,29991200,29991200
2011-08-23 22:00:00,3.993000030517578,3.993000030517578,3.993000030517578,29991200,29991200,29991200
2011-08-24 22:00:00,3.921999931335449,3.921999931335449,3.921999931335449,29991200,29991200,29991200
2011-08-25 22:00:00,3.930999994277954,3.930999994277954,3.930999994277954,29991200,29991200,29991200
2011-08-26 22:00:00,3.930999994277954,3.930999994277954,3.930999994277954,29991200,29991200,29991200
2011-08-29 22:00:00,3.857000112533569,3.857000112533569,3.857000112533569,29991200,29991200,29991200
2011-08-30 22:00:00,3.908999919891357,3.908999919891357,3.908999919891357,29991200,29991200,29991200
2011-08-31 22:00:00,4.053999900817871,4.053999900817871,4.053999900817871,29991200,29991200,29991200
2011-09-01 22:00:00,4.050000190734863,4.050000190734863,4.050000190734863,29991200,29991200,29991200
2011-09-02 22:00:00,3.871999979019165,3.871999979019165,3.871999979019165,29991200,29991200,29991200
2011-09-06 22:00:00,3.937999963760376,3.937999963760376,3.937999963760376,29991200,29991200,29991200
2011-09-07 22:00:00,3.940000057220459,3.940000057220459,3.940000057220459,29991200,29991200,29991200
2011-09-08 22:00:00,3.9800000190734863,3.9800000190734863,3.9800000190734863,29991200,29991200,29991200
2011-09-09 22:00:00,3.9149999618530273,3.9149999618530273,3.9149999618530273,29991200,29991200,29991200
2011-09-12 22:00:00,3.884999990463257,3.884999990463257,3.884999990463257,29991200,29991200,29991200
2011-09-13 22:00:00,3.9800000190734863,3.9800000190734863,3.9800000190734863,29991200,29991200,29991200
2011-09-14 22:00:00,4.039000034332275,4.039000034332275,4.039000034332275,29991200,29991200,29991200
2011-09-15 22:00:00,3.878000020980835,3.878000020980835,3.878000020980835,29991200,29991200,29991200
2011-09-16 22:00:00,3.809000015258789,3.809000015258789,3.809000015258789,29991200,29991200,29991200
2011-09-19 22:00:00,3.828999996185303,3.828999996185303,3.828999996185303,29991200,29991200,29991200
2011-09-20 22:00:00,3.79800009727478,3.79800009727478,3.79800009727478,29991200,29991200,29991200
2011-09-21 22:00:00,3.7300000190734863,3.7300000190734863,3.7300000190734863,29991200,29991200,29991200
2011-09-22 22:00:00,3.704999923706055,3.704999923706055,3.704999923706055,29991200,29991200,29991200
2011-09-23 22:00:00,3.700999975204468,3.700999975204468,3.700999975204468,29991200,29991200,29991200
2011-09-26 22:00:00,3.7820000648498535,3.7820000648498535,3.7820000648498535,29991200,29991200,29991200
2011-09-27 22:00:00,3.82699990272522,3.82699990272522,3.82699990272522,29991200,29991200,29991200
2011-09-28 22:00:00,3.759000062942505,3.759000062942505,3.759000062942505,29991200,29991200,29991200
2011-09-29 22:00:00,3.746999979019165,3.746999979019165,3.746999979019165,29991200,29991200,29991200
2011-09-30 22:00:00,3.6659998893737793,3.6659998893737793,3.6659998893737793,29991200,29991200,29991200
2011-10-03 22:00:00,3.617000102996826,3.617000102996826,3.617000102996826,29991200,29991200,29991200
2011-10-04 22:00:00,3.638000011444092,3.638000011444092,3.638000011444092,29991200,29991200,29991200
2011-10-05 22:00:00,3.569999933242798,3.569999933242798,3.569999933242798,29991200,29991200,29991200
2011-10-06 22:00:00,3.5980000495910645,3.5980000495910645,3.5980000495910645,29991200,29991200,29991200
2011-10-07 22:00:00,3.4809999465942383,3.4809999465942383,3.4809999465942383,29991200,29991200,29991200
2011-10-10 22:00:00,3.54099988937378,3.54099988937378,3.54099988937378,29991200,29991200,29991200
2011-10-11 22:00:00,3.615999937057495,3.615999937057495,3.615999937057495,29991200,29991200,29991200
2011-10-12 22:00:00,3.489000082015991,3.489000082015991,3.489000082015991,29991200,29991200,29991200
2011-10-13 22:00:00,3.5309998989105225,3.5309998989105225,3.5309998989105225,29991200,29991200,29991200
2011-10-14 22:00:00,3.703000068664551,3.703000068664551,3.703000068664551,29991200,29991200,29991200
2011-10-17 22:00:00,3.687999963760376,3.687999963760376,3.687999963760376,29991200,29991200,29991200
2011-10-18 22:00:00,3.552999973297119,3.552999973297119,3.552999973297119,29991200,29991200,29991200
2011-10-19 22:00:00,3.5859999656677246,3.5859999656677246,3.5859999656677246,29991200,29991200,29991200
2011-10-20 22:00:00,3.630000114440918,3.630000114440918,3.630000114440918,29991200,29991200,29991200
2011-10-21 22:00:00,3.628999948501587,3.628999948501587,3.628999948501587,29991200,29991200,29991200
2011-10-24 22:00:00,3.6040000915527344,3.6040000915527344,3.6040000915527344,29991200,29991200,29991200
2011-10-25 22:00:00,3.6579999923706055,3.6579999923706055,3.6579999923706055,29991200,29991200,29991200
2011-10-26 22:00:00,3.5899999141693115,3.5899999141693115,3.5899999141693115,29991200,29991200,29991200
2011-10-27 22:00:00,3.5239999294281006,3.5239999294281006,3.5239999294281006,29991200,29991200,29991200
2011-10-28 22:00:00,3.92300009727478,3.92300009727478,3.92300009727478,29991200,29991200,29991200
2011-10-31 22:00:00,3.934000015258789,3.934000015258789,3.934000015258789,29991200,29991200,29991200
2011-11-01 22:00:00,3.7809998989105225,3.7809998989105225,3.7809998989105225,29991200,29991200,29991200
2011-11-02 22:00:00,3.749000072479248,3.749000072479248,3.749000072479248,29991200,29991200,29991200
2011-11-03 22:00:00,3.7780001163482666,3.7780001163482666,3.7780001163482666,29991200,29991200,29991200
2011-11-04 22:00:00,3.7829999923706055,3.7829999923706055,3.7829999923706055,29991200,29991200,29991200
2011-11-07 22:00:00,3.696000099182129,3.696000099182129,3.696000099182129,29991200,29991200,29991200
2011-11-08 22:00:00,3.744999885559082,3.744999885559082,3.744999885559082,29991200,29991200,29991200
2011-11-09 22:00:00,3.651999950408936,3.651999950408936,3.651999950408936,29991200,29991200,29991200
2011-11-10 22:00:00,3.6489999294281006,3.6489999294281006,3.6489999294281006,29991200,29991200,29991200
2011-11-11 22:00:00,3.5840001106262207,3.5840001106262207,3.5840001106262207,29991200,29991200,29991200
2011-11-14 22:00:00,3.4579999446868896,3.4579999446868896,3.4579999446868896,29991200,29991200,29991200
2011-11-15 22:00:00,3.4040000438690186,3.4040000438690186,3.4040000438690186,29991200,29991200,29991200
2011-11-16 22:00:00,3.344000101089477,3.344000101089477,3.344000101089477,29991200,29991200,29991200
2011-11-17 22:00:00,3.4100000858306885,3.4100000858306885,3.4100000858306885,29991200,29991200,29991200
2011-11-18 22:00:00,3.315999984741211,3.315999984741211,3.315999984741211,29991200,29991200,29991200
2011-11-21 22:00:00,3.3989999294281006,3.3989999294281006,3.3989999294281006,29991200,29991200,29991200
2011-11-22 22:00:00,3.414999961853028,3.414999961853028,3.414999961853028,29991200,29991200,29991200
2011-11-23 22:00:00,3.4600000381469727,3.4600000381469727,3.4600000381469727,29991200,29991200,29991200
2011-11-25 22:00:00,3.5420000553131104,3.5420000553131104,3.5420000553131104,29991200,29991200,29991200
2011-11-28 22:00:00,3.364000082015991,3.364000082015991,3.364000082015991,29991200,29991200,29991200
2011-11-29 22:00:00,3.632999897003174,3.632999897003174,3.632999897003174,29991200,29991200,29991200
2011-11-30 22:00:00,3.549999952316284,3.549999952316284,3.549999952316284,29991200,29991200,29991200
2011-12-01 22:00:00,3.6480000019073486,3.6480000019073486,3.6480000019073486,29991200,29991200,29991200
2011-12-02 22:00:00,3.5840001106262207,3.5840001106262207,3.5840001106262207,29991200,29991200,29991200
2011-12-05 22:00:00,3.4609999656677246,3.4609999656677246,3.4609999656677246,29991200,29991200,29991200
2011-12-06 22:00:00,3.486999988555908,3.486999988555908,3.486999988555908,29991200,29991200,29991200
2011-12-07 22:00:00,3.4210000038146973,3.4210000038146973,3.4210000038146973,29991200,29991200,29991200
2011-12-08 22:00:00,3.4570000171661377,3.4570000171661377,3.4570000171661377,29991200,29991200,29991200
2011-12-09 22:00:00,3.316999912261963,3.316999912261963,3.316999912261963,29991200,29991200,29991200
2011-12-12 22:00:00,3.253999948501587,3.253999948501587,3.253999948501587,29991200,29991200,29991200
2011-12-13 22:00:00,3.2790000438690186,3.2790000438690186,3.2790000438690186,29991200,29991200,29991200
2011-12-14 22:00:00,3.135999917984009,3.135999917984009,3.135999917984009,29991200,29991200,29991200
2011-12-15 22:00:00,3.127000093460083,3.127000093460083,3.127000093460083,29991200,29991200,29991200
2011-12-16 22:00:00,3.127000093460083,3.127000093460083,3.127000093460083,29991200,29991200,29991200
2011-12-19 22:00:00,3.095999956130981,3.095999956130981,3.095999956130981,29991200,29991200,29991200
2011-12-20 22:00:00,3.128000020980835,3.128000020980835,3.128000020980835,29991200,29991200,29991200
2011-12-21 22:00:00,3.1549999713897705,3.1549999713897705,3.1549999713897705,29991200,29991200,29991200
2011-12-22 22:00:00,3.1689999103546143,3.1689999103546143,3.1689999103546143,29991200,29991200,29991200
2011-12-23 22:00:00,3.114000082015991,3.114000082015991,3.114000082015991,29991200,29991200,29991200
2011-12-27 22:00:00,3.111999988555908,3.111999988555908,3.111999988555908,29991200,29991200,29991200
2011-12-28 22:00:00,3.0840001106262207,3.0840001106262207,3.0840001106262207,29991200,29991200,29991200
2011-12-29 22:00:00,3.0269999504089355,3.0269999504089355,3.0269999504089355,29991200,29991200,29991200
2011-12-30 22:00:00,2.989000082015991,2.989000082015991,2.989000082015991,29991200,29991200,29991200
2012-01-03 22:00:00,2.993000030517578,2.993000030517578,2.993000030517578,29991200,29991200,29991200
2012-01-04 22:00:00,3.095999956130981,3.095999956130981,3.095999956130981,29991200,29991200,29991200
2012-01-05 22:00:00,2.9800000190734863,2.9800000190734863,2.9800000190734863,29991200,29991200,29991200
2012-01-06 22:00:00,3.062000036239624,3.062000036239624,3.062000036239624,29991200,29991200,29991200
2012-01-09 22:00:00,3.010999917984009,3.010999917984009,3.010999917984009,29991200,29991200,29991200
2012-01-10 22:00:00,2.940999984741211,2.940999984741211,2.940999984741211,29991200,29991200,29991200
2012-01-11 22:00:00,2.7739999294281006,2.7739999294281006,2.7739999294281006,29991200,29991200,29991200
2012-01-12 22:00:00,2.697000026702881,2.697000026702881,2.697000026702881,29991200,29991200,29991200
2012-01-13 22:00:00,2.6700000762939453,2.6700000762939453,2.6700000762939453,29991200,29991200,29991200
2012-01-17 22:00:00,2.48799991607666,2.48799991607666,2.48799991607666,29991200,29991200,29991200
2012-01-18 22:00:00,2.4719998836517334,2.4719998836517334,2.4719998836517334,29991200,29991200,29991200
2012-01-19 22:00:00,2.322000026702881,2.322000026702881,2.322000026702881,29991200,29991200,29991200
2012-01-20 22:00:00,2.3429999351501465,2.3429999351501465,2.3429999351501465,29991200,29991200,29991200
2012-01-23 22:00:00,2.525000095367432,2.525000095367432,2.525000095367432,29991200,29991200,29991200
2012-01-24 22:00:00,2.553999900817871,2.553999900817871,2.553999900817871,29991200,29991200,29991200
2012-01-25 22:00:00,2.7290000915527344,2.7290000915527344,2.7290000915527344,29991200,29991200,29991200
2012-01-26 22:00:00,2.6050000190734863,2.6050000190734863,2.6050000190734863,29991200,29991200,29991200
2012-01-27 22:00:00,2.677999973297119,2.677999973297119,2.677999973297119,29991200,29991200,29991200
2012-01-30 22:00:00,2.713000059127808,2.713000059127808,2.713000059127808,29991200,29991200,29991200
2012-01-31 22:00:00,2.503000020980835,2.503000020980835,2.503000020980835,29991200,29991200,29991200
2012-02-01 22:00:00,2.381999969482422,2.381999969482422,2.381999969482422,29991200,29991200,29991200
2012-02-02 22:00:00,2.553999900817871,2.553999900817871,2.553999900817871,29991200,29991200,29991200
2012-02-03 22:00:00,2.499000072479248,2.499000072479248,2.499000072479248,29991200,29991200,29991200
2012-02-06 22:00:00,2.549999952316284,2.549999952316284,2.549999952316284,29991200,29991200,29991200
2012-02-07 22:00:00,2.4719998836517334,2.4719998836517334,2.4719998836517334,29991200,29991200,29991200
2012-02-08 22:00:00,2.447999954223633,2.447999954223633,2.447999954223633,29991200,29991200,29991200
2012-02-09 22:00:00,2.476999998092652,2.476999998092652,2.476999998092652,29991200,29991200,29991200
2012-02-10 22:00:00,2.476999998092652,2.476999998092652,2.476999998092652,29991200,29991200,29991200
2012-02-13 22:00:00,2.430999994277954,2.430999994277954,2.430999994277954,29991200,29991200,29991200
2012-02-14 22:00:00,2.532000064849853,2.532000064849853,2.532000064849853,29991200,29991200,29991200
2012-02-15 22:00:00,2.424999952316284,2.424999952316284,2.424999952316284,29991200,29991200,29991200
2012-02-16 22:00:00,2.566999912261963,2.566999912261963,2.566999912261963,29991200,29991200,29991200
2012-02-17 22:00:00,2.684000015258789,2.684000015258789,2.684000015258789,29991200,29991200,29991200
2012-02-21 22:00:00,2.625999927520752,2.625999927520752,2.625999927520752,29991200,29991200,29991200
2012-02-22 22:00:00,2.6429998874664307,2.6429998874664307,2.6429998874664307,29991200,29991200,29991200
2012-02-23 22:00:00,2.621000051498413,2.621000051498413,2.621000051498413,29991200,29991200,29991200
2012-02-24 22:00:00,2.549999952316284,2.549999952316284,2.549999952316284,29991200,29991200,29991200
2012-02-27 22:00:00,2.446000099182129,2.446000099182129,2.446000099182129,29991200,29991200,29991200
2012-02-28 22:00:00,2.5190000534057617,2.5190000534057617,2.5190000534057617,29991200,29991200,29991200
2012-02-29 22:00:00,2.615999937057495,2.615999937057495,2.615999937057495,29991200,29991200,29991200
2012-03-01 22:00:00,2.463000059127808,2.463000059127808,2.463000059127808,29991200,29991200,29991200
2012-03-02 22:00:00,2.483999967575073,2.483999967575073,2.483999967575073,29991200,29991200,29991200
2012-03-05 22:00:00,2.3550000190734863,2.3550000190734863,2.3550000190734863,29991200,29991200,29991200
2012-03-06 22:00:00,2.3559999465942383,2.3559999465942383,2.3559999465942383,29991200,29991200,29991200
2012-03-07 22:00:00,2.302000045776367,2.302000045776367,2.302000045776367,29991200,29991200,29991200
2012-03-08 22:00:00,2.2720000743865967,2.2720000743865967,2.2720000743865967,29991200,29991200,29991200
2012-03-09 22:00:00,2.3239998817443848,2.3239998817443848,2.3239998817443848,29991200,29991200,29991200
2012-03-12 22:00:00,2.2690000534057617,2.2690000534057617,2.2690000534057617,29991200,29991200,29991200
2012-03-13 22:00:00,2.299000024795532,2.299000024795532,2.299000024795532,29991200,29991200,29991200
2012-03-14 22:00:00,2.2839999198913574,2.2839999198913574,2.2839999198913574,29991200,29991200,29991200
2012-03-15 22:00:00,2.2790000438690186,2.2790000438690186,2.2790000438690186,29991200,29991200,29991200
2012-03-16 22:00:00,2.325999975204468,2.325999975204468,2.325999975204468,29991200,29991200,29991200
2012-03-19 22:00:00,2.3510000705718994,2.3510000705718994,2.3510000705718994,29991200,29991200,29991200
2012-03-20 22:00:00,2.3350000381469727,2.3350000381469727,2.3350000381469727,29991200,29991200,29991200
2012-03-21 22:00:00,2.359999895095825,2.359999895095825,2.359999895095825,29991200,29991200,29991200
2012-03-22 22:00:00,2.2690000534057617,2.2690000534057617,2.2690000534057617,29991200,29991200,29991200
2012-03-23 22:00:00,2.275000095367432,2.275000095367432,2.275000095367432,29991200,29991200,29991200
2012-03-26 22:00:00,2.2260000705718994,2.2260000705718994,2.2260000705718994,29991200,29991200,29991200
2012-03-27 22:00:00,2.2079999446868896,2.2079999446868896,2.2079999446868896,29991200,29991200,29991200
2012-03-28 22:00:00,2.190999984741211,2.190999984741211,2.190999984741211,29991200,29991200,29991200
2012-03-29 22:00:00,2.1489999294281006,2.1489999294281006,2.1489999294281006,29991200,29991200,29991200
2012-03-30 22:00:00,2.125999927520752,2.125999927520752,2.125999927520752,29991200,29991200,29991200
2012-04-02 22:00:00,2.1519999504089355,2.1519999504089355,2.1519999504089355,29991200,29991200,29991200
2012-04-03 22:00:00,2.187000036239624,2.187000036239624,2.187000036239624,29991200,29991200,29991200
2012-04-04 22:00:00,2.1410000324249268,2.1410000324249268,2.1410000324249268,29991200,29991200,29991200
2012-04-05 22:00:00,2.08899998664856,2.08899998664856,2.08899998664856,29991200,29991200,29991200
2012-04-09 22:00:00,2.1070001125335693,2.1070001125335693,2.1070001125335693,29991200,29991200,29991200
2012-04-10 22:00:00,2.0309998989105225,2.0309998989105225,2.0309998989105225,29991200,29991200,29991200
2012-04-11 22:00:00,1.9839999675750728,1.9839999675750728,1.9839999675750728,29991200,29991200,29991200
2012-04-12 22:00:00,1.9830000400543213,1.9830000400543213,1.9830000400543213,29991200,29991200,29991200
2012-04-13 22:00:00,1.9809999465942385,1.9809999465942385,1.9809999465942385,29991200,29991200,29991200
2012-04-16 22:00:00,2.0160000324249268,2.0160000324249268,2.0160000324249268,29991200,29991200,29991200
2012-04-17 22:00:00,1.950999975204468,1.950999975204468,1.950999975204468,29991200,29991200,29991200
2012-04-18 22:00:00,1.950999975204468,1.950999975204468,1.950999975204468,29991200,29991200,29991200
2012-04-19 22:00:00,1.906999945640564,1.906999945640564,1.906999945640564,29991200,29991200,29991200
2012-04-20 22:00:00,1.9270000457763672,1.9270000457763672,1.9270000457763672,29991200,29991200,29991200
2012-04-23 22:00:00,2.006999969482422,2.006999969482422,2.006999969482422,29991200,29991200,29991200
2012-04-24 22:00:00,1.975000023841858,1.975000023841858,1.975000023841858,29991200,29991200,29991200
2012-04-25 22:00:00,2.068000078201294,2.068000078201294,2.068000078201294,29991200,29991200,29991200
2012-04-26 22:00:00,2.0360000133514404,2.0360000133514404,2.0360000133514404,29991200,29991200,29991200
2012-04-27 22:00:00,2.186000108718872,2.186000108718872,2.186000108718872,29991200,29991200,29991200
2012-04-30 22:00:00,2.2850000858306885,2.2850000858306885,2.2850000858306885,29991200,29991200,29991200
2012-05-01 22:00:00,2.371000051498413,2.371000051498413,2.371000051498413,29991200,29991200,29991200
2012-05-02 22:00:00,2.253000020980835,2.253000020980835,2.253000020980835,29991200,29991200,29991200
2012-05-03 22:00:00,2.3399999141693115,2.3399999141693115,2.3399999141693115,29991200,29991200,29991200
2012-05-04 22:00:00,2.2790000438690186,2.2790000438690186,2.2790000438690186,29991200,29991200,29991200
2012-05-07 22:00:00,2.3359999656677246,2.3359999656677246,2.3359999656677246,29991200,29991200,29991200
2012-05-08 22:00:00,2.3929998874664307,2.3929998874664307,2.3929998874664307,29991200,29991200,29991200
2012-05-09 22:00:00,2.4649999141693115,2.4649999141693115,2.4649999141693115,29991200,29991200,29991200
2012-05-10 22:00:00,2.486999988555908,2.486999988555908,2.486999988555908,29991200,29991200,29991200
2012-05-11 22:00:00,2.509000062942505,2.509000062942505,2.509000062942505,29991200,29991200,29991200
2012-05-14 22:00:00,2.430999994277954,2.430999994277954,2.430999994277954,29991200,29991200,29991200
2012-05-15 22:00:00,2.5,2.5,2.5,29991200,29991200,29991200
2012-05-16 22:00:00,2.618000030517578,2.618000030517578,2.618000030517578,29991200,29991200,29991200
2012-05-17 22:00:00,2.594000101089477,2.594000101089477,2.594000101089477,29991200,29991200,29991200
2012-05-18 22:00:00,2.742000102996826,2.742000102996826,2.742000102996826,29991200,29991200,29991200
2012-05-21 22:00:00,2.608999967575073,2.608999967575073,2.608999967575073,29991200,29991200,29991200
2012-05-22 22:00:00,2.7070000171661377,2.7070000171661377,2.7070000171661377,29991200,29991200,29991200
2012-05-23 22:00:00,2.736999988555908,2.736999988555908,2.736999988555908,29991200,29991200,29991200
2012-05-24 22:00:00,2.6470000743865967,2.6470000743865967,2.6470000743865967,29991200,29991200,29991200
2012-05-25 22:00:00,2.568000078201294,2.568000078201294,2.568000078201294,29991200,29991200,29991200
2012-05-29 22:00:00,2.428999900817871,2.428999900817871,2.428999900817871,29991200,29991200,29991200
2012-05-30 22:00:00,2.4179999828338623,2.4179999828338623,2.4179999828338623,29991200,29991200,29991200
2012-05-31 22:00:00,2.421999931335449,2.421999931335449,2.421999931335449,29991200,29991200,29991200
2012-06-01 22:00:00,2.325999975204468,2.325999975204468,2.325999975204468,29991200,29991200,29991200
2012-06-04 22:00:00,2.414999961853028,2.414999961853028,2.414999961853028,29991200,29991200,29991200
2012-06-05 22:00:00,2.446000099182129,2.446000099182129,2.446000099182129,29991200,29991200,29991200
2012-06-06 22:00:00,2.4210000038146973,2.4210000038146973,2.4210000038146973,29991200,29991200,29991200
2012-06-07 22:00:00,2.2739999294281006,2.2739999294281006,2.2739999294281006,29991200,29991200,29991200
2012-06-08 22:00:00,2.299000024795532,2.299000024795532,2.299000024795532,29991200,29991200,29991200
2012-06-11 22:00:00,2.2179999351501465,2.2179999351501465,2.2179999351501465,29991200,29991200,29991200
2012-06-12 22:00:00,2.2320001125335693,2.2320001125335693,2.2320001125335693,29991200,29991200,29991200
2012-06-13 22:00:00,2.184999942779541,2.184999942779541,2.184999942779541,29991200,29991200,29991200
2012-06-14 22:00:00,2.494999885559082,2.494999885559082,2.494999885559082,29991200,29991200,29991200
2012-06-15 22:00:00,2.4670000076293945,2.4670000076293945,2.4670000076293945,29991200,29991200,29991200
2012-06-18 22:00:00,2.634999990463257,2.634999990463257,2.634999990463257,29991200,29991200,29991200
2012-06-19 22:00:00,2.5450000762939453,2.5450000762939453,2.5450000762939453,29991200,29991200,29991200
2012-06-20 22:00:00,2.5169999599456787,2.5169999599456787,2.5169999599456787,29991200,29991200,29991200
2012-06-21 22:00:00,2.5820000171661377,2.5820000171661377,2.5820000171661377,29991200,29991200,29991200
2012-06-22 22:00:00,2.625,2.625,2.625,29991200,29991200,29991200
2012-06-25 22:00:00,2.694000005722046,2.694000005722046,2.694000005722046,29991200,29991200,29991200
2012-06-26 22:00:00,2.7669999599456787,2.7669999599456787,2.7669999599456787,29991200,29991200,29991200
2012-06-27 22:00:00,2.7739999294281006,2.7739999294281006,2.7739999294281006,29991200,29991200,29991200
2012-06-28 22:00:00,2.7219998836517334,2.7219998836517334,2.7219998836517334,29991200,29991200,29991200
2012-06-29 22:00:00,2.8239998817443848,2.8239998817443848,2.8239998817443848,29991200,29991200,29991200
2012-07-02 22:00:00,2.8239998817443848,2.8239998817443848,2.8239998817443848,29991200,29991200,29991200
2012-07-03 22:00:00,2.8989999294281006,2.8989999294281006,2.8989999294281006,29991200,29991200,29991200
2012-07-05 22:00:00,2.944999933242798,2.944999933242798,2.944999933242798,29991200,29991200,29991200
2012-07-06 22:00:00,2.776000022888184,2.776000022888184,2.776000022888184,29991200,29991200,29991200
2012-07-09 22:00:00,2.882999897003174,2.882999897003174,2.882999897003174,29991200,29991200,29991200
2012-07-10 22:00:00,2.736999988555908,2.736999988555908,2.736999988555908,29991200,29991200,29991200
2012-07-11 22:00:00,2.852999925613404,2.852999925613404,2.852999925613404,29991200,29991200,29991200
2012-07-12 22:00:00,2.874000072479248,2.874000072479248,2.874000072479248,29991200,29991200,29991200
2012-07-13 22:00:00,2.874000072479248,2.874000072479248,2.874000072479248,29991200,29991200,29991200
2012-07-16 22:00:00,2.8010001182556152,2.8010001182556152,2.8010001182556152,29991200,29991200,29991200
2012-07-17 22:00:00,2.7960000038146973,2.7960000038146973,2.7960000038146973,29991200,29991200,29991200
2012-07-18 22:00:00,2.9730000495910645,2.9730000495910645,2.9730000495910645,29991200,29991200,29991200
2012-07-19 22:00:00,2.999000072479248,2.999000072479248,2.999000072479248,29991200,29991200,29991200
2012-07-20 22:00:00,3.0810000896453857,3.0810000896453857,3.0810000896453857,29991200,29991200,29991200
2012-07-23 22:00:00,3.117000102996826,3.117000102996826,3.117000102996826,29991200,29991200,29991200
2012-07-24 22:00:00,3.187000036239624,3.187000036239624,3.187000036239624,29991200,29991200,29991200
2012-07-25 22:00:00,3.069999933242798,3.069999933242798,3.069999933242798,29991200,29991200,29991200
2012-07-26 22:00:00,3.1050000190734863,3.1050000190734863,3.1050000190734863,29991200,29991200,29991200
2012-07-27 22:00:00,3.009999990463257,3.009999990463257,3.009999990463257,29991200,29991200,29991200
2012-07-30 22:00:00,3.21399998664856,3.21399998664856,3.21399998664856,29991200,29991200,29991200
2012-07-31 22:00:00,3.2090001106262207,3.2090001106262207,3.2090001106262207,29991200,29991200,29991200
2012-08-01 22:00:00,3.1710000038146973,3.1710000038146973,3.1710000038146973,29991200,29991200,29991200
2012-08-02 22:00:00,2.9200000762939453,2.9200000762939453,2.9200000762939453,29991200,29991200,29991200
2012-08-03 22:00:00,2.877000093460083,2.877000093460083,2.877000093460083,29991200,29991200,29991200
2012-08-06 22:00:00,2.907999992370605,2.907999992370605,2.907999992370605,29991200,29991200,29991200
2012-08-07 22:00:00,2.96399998664856,2.96399998664856,2.96399998664856,29991200,29991200,29991200
2012-08-08 22:00:00,2.933000087738037,2.933000087738037,2.933000087738037,29991200,29991200,29991200
2012-08-09 22:00:00,2.944999933242798,2.944999933242798,2.944999933242798,29991200,29991200,29991200
2012-08-10 22:00:00,2.7699999809265137,2.7699999809265137,2.7699999809265137,29991200,29991200,29991200
2012-08-13 22:00:00,2.7290000915527344,2.7290000915527344,2.7290000915527344,29991200,29991200,29991200
2012-08-14 22:00:00,2.8340001106262207,2.8340001106262207,2.8340001106262207,29991200,29991200,29991200
2012-08-15 22:00:00,2.747999906539917,2.747999906539917,2.747999906539917,29991200,29991200,29991200
2012-08-16 22:00:00,2.7239999771118164,2.7239999771118164,2.7239999771118164,29991200,29991200,29991200
2012-08-17 22:00:00,2.719000101089477,2.719000101089477,2.719000101089477,29991200,29991200,29991200
2012-08-20 22:00:00,2.776000022888184,2.776000022888184,2.776000022888184,29991200,29991200,29991200
2012-08-21 22:00:00,2.775000095367432,2.775000095367432,2.775000095367432,29991200,29991200,29991200
2012-08-22 22:00:00,2.825999975204468,2.825999975204468,2.825999975204468,29991200,29991200,29991200
2012-08-23 22:00:00,2.802000045776367,2.802000045776367,2.802000045776367,29991200,29991200,29991200
2012-08-24 22:00:00,2.70199990272522,2.70199990272522,2.70199990272522,29991200,29991200,29991200
2012-08-27 22:00:00,2.6530001163482666,2.6530001163482666,2.6530001163482666,29991200,29991200,29991200
2012-08-28 22:00:00,2.614000082015991,2.614000082015991,2.614000082015991,29991200,29991200,29991200
2012-08-29 22:00:00,2.634000062942505,2.634000062942505,2.634000062942505,29991200,29991200,29991200
2012-08-30 22:00:00,2.747999906539917,2.747999906539917,2.747999906539917,29991200,29991200,29991200
2012-08-31 22:00:00,2.799000024795532,2.799000024795532,2.799000024795532,29991200,29991200,29991200
2012-09-04 22:00:00,2.8540000915527344,2.8540000915527344,2.8540000915527344,29991200,29991200,29991200
2012-09-05 22:00:00,2.7950000762939453,2.7950000762939453,2.7950000762939453,29991200,29991200,29991200
2012-09-06 22:00:00,2.776000022888184,2.776000022888184,2.776000022888184,29991200,29991200,29991200
2012-09-07 22:00:00,2.681999921798706,2.681999921798706,2.681999921798706,29991200,29991200,29991200
2012-09-10 22:00:00,2.812000036239624,2.812000036239624,2.812000036239624,29991200,29991200,29991200
2012-09-11 22:00:00,2.992000102996826,2.992000102996826,2.992000102996826,29991200,29991200,29991200
2012-09-12 22:00:00,3.062999963760376,3.062999963760376,3.062999963760376,29991200,29991200,29991200
2012-09-13 22:00:00,3.0369999408721924,3.0369999408721924,3.0369999408721924,29991200,29991200,29991200
2012-09-14 22:00:00,2.943000078201294,2.943000078201294,2.943000078201294,29991200,29991200,29991200
2012-09-17 22:00:00,2.865000009536743,2.865000009536743,2.865000009536743,29991200,29991200,29991200
2012-09-18 22:00:00,2.7730000019073486,2.7730000019073486,2.7730000019073486,29991200,29991200,29991200
2012-09-19 22:00:00,2.76200008392334,2.76200008392334,2.76200008392334,29991200,29991200,29991200
2012-09-20 22:00:00,2.796999931335449,2.796999931335449,2.796999931335449,29991200,29991200,29991200
2012-09-21 22:00:00,2.884999990463257,2.884999990463257,2.884999990463257,29991200,29991200,29991200
2012-09-24 22:00:00,2.836999893188477,2.836999893188477,2.836999893188477,29991200,29991200,29991200
2012-09-25 22:00:00,2.924000024795532,2.924000024795532,2.924000024795532,29991200,29991200,29991200
2012-09-26 22:00:00,3.0230000019073486,3.0230000019073486,3.0230000019073486,29991200,29991200,29991200
2012-09-27 22:00:00,3.296999931335449,3.296999931335449,3.296999931335449,29991200,29991200,29991200
2012-09-28 22:00:00,3.319999933242798,3.319999933242798,3.319999933242798,29991200,29991200,29991200
2012-10-01 22:00:00,3.4800000190734863,3.4800000190734863,3.4800000190734863,29991200,29991200,29991200
2012-10-02 22:00:00,3.5309998989105225,3.5309998989105225,3.5309998989105225,29991200,29991200,29991200
2012-10-03 22:00:00,3.3949999809265137,3.3949999809265137,3.3949999809265137,29991200,29991200,29991200
2012-10-04 22:00:00,3.4059998989105225,3.4059998989105225,3.4059998989105225,29991200,29991200,29991200
2012-10-05 22:00:00,3.3959999084472656,3.3959999084472656,3.3959999084472656,29991200,29991200,29991200
2012-10-08 22:00:00,3.4030001163482666,3.4030001163482666,3.4030001163482666,29991200,29991200,29991200
2012-10-09 22:00:00,3.4670000076293945,3.4670000076293945,3.4670000076293945,29991200,29991200,29991200
2012-10-10 22:00:00,3.4749999046325684,3.4749999046325684,3.4749999046325684,29991200,29991200,29991200
2012-10-11 22:00:00,3.6040000915527344,3.6040000915527344,3.6040000915527344,29991200,29991200,29991200
2012-10-12 22:00:00,3.611000061035156,3.611000061035156,3.611000061035156,29991200,29991200,29991200
2012-10-15 22:00:00,3.486000061035156,3.486000061035156,3.486000061035156,29991200,29991200,29991200
2012-10-16 22:00:00,3.437000036239624,3.437000036239624,3.437000036239624,29991200,29991200,29991200
2012-10-17 22:00:00,3.470000028610229,3.470000028610229,3.470000028610229,29991200,29991200,29991200
2012-10-18 22:00:00,3.586999893188477,3.586999893188477,3.586999893188477,29991200,29991200,29991200
2012-10-19 22:00:00,3.617000102996826,3.617000102996826,3.617000102996826,29991200,29991200,29991200
2012-10-22 22:00:00,3.45199990272522,3.45199990272522,3.45199990272522,29991200,29991200,29991200
2012-10-23 22:00:00,3.5350000858306885,3.5350000858306885,3.5350000858306885,29991200,29991200,29991200
2012-10-24 22:00:00,3.450000047683716,3.450000047683716,3.450000047683716,29991200,29991200,29991200
2012-10-25 22:00:00,3.434000015258789,3.434000015258789,3.434000015258789,29991200,29991200,29991200
2012-10-26 22:00:00,3.400000095367432,3.400000095367432,3.400000095367432,29991200,29991200,29991200
2012-10-31 22:00:00,3.691999912261963,3.691999912261963,3.691999912261963,29991200,29991200,29991200
2012-11-01 22:00:00,3.6989998817443848,3.6989998817443848,3.6989998817443848,29991200,29991200,29991200
2012-11-02 22:00:00,3.553999900817871,3.553999900817871,3.553999900817871,29991200,29991200,29991200
2012-11-05 22:00:00,3.553999900817871,3.553999900817871,3.553999900817871,29991200,29991200,29991200
2012-11-06 22:00:00,3.617000102996826,3.617000102996826,3.617000102996826,29991200,29991200,29991200
2012-11-07 22:00:00,3.578000068664551,3.578000068664551,3.578000068664551,29991200,29991200,29991200
2012-11-08 22:00:00,3.608000040054321,3.608000040054321,3.608000040054321,29991200,29991200,29991200
2012-11-09 22:00:00,3.503000020980835,3.503000020980835,3.503000020980835,29991200,29991200,29991200
2012-11-12 22:00:00,3.569999933242798,3.569999933242798,3.569999933242798,29991200,29991200,29991200
2012-11-13 22:00:00,3.739000082015991,3.739000082015991,3.739000082015991,29991200,29991200,29991200
2012-11-14 22:00:00,3.759999990463257,3.759999990463257,3.759999990463257,29991200,29991200,29991200
2012-11-15 22:00:00,3.703000068664551,3.703000068664551,3.703000068664551,29991200,29991200,29991200
2012-11-16 22:00:00,3.7899999618530273,3.7899999618530273,3.7899999618530273,29991200,29991200,29991200
2012-11-19 22:00:00,3.7190001010894775,3.7190001010894775,3.7190001010894775,29991200,29991200,29991200
2012-11-20 22:00:00,3.8320000171661377,3.8320000171661377,3.8320000171661377,29991200,29991200,29991200
2012-11-21 22:00:00,3.9030001163482666,3.9030001163482666,3.9030001163482666,29991200,29991200,29991200
2012-11-23 22:00:00,3.901000022888184,3.901000022888184,3.901000022888184,29991200,29991200,29991200
2012-11-26 22:00:00,3.7300000190734863,3.7300000190734863,3.7300000190734863,29991200,29991200,29991200
2012-11-27 22:00:00,3.7690000534057617,3.7690000534057617,3.7690000534057617,29991200,29991200,29991200
2012-11-28 22:00:00,3.696000099182129,3.696000099182129,3.696000099182129,29991200,29991200,29991200
2012-11-29 22:00:00,3.6480000019073486,3.6480000019073486,3.6480000019073486,29991200,29991200,29991200
2012-11-30 22:00:00,3.561000108718872,3.561000108718872,3.561000108718872,29991200,29991200,29991200
2012-12-03 22:00:00,3.5910000801086426,3.5910000801086426,3.5910000801086426,29991200,29991200,29991200
2012-12-04 22:00:00,3.5390000343322754,3.5390000343322754,3.5390000343322754,29991200,29991200,29991200
2012-12-05 22:00:00,3.700000047683716,3.700000047683716,3.700000047683716,29991200,29991200,29991200
2012-12-06 22:00:00,3.6659998893737793,3.6659998893737793,3.6659998893737793,29991200,29991200,29991200
2012-12-07 22:00:00,3.5510001182556152,3.5510001182556152,3.5510001182556152,29991200,29991200,29991200
2012-12-10 22:00:00,3.4600000381469727,3.4600000381469727,3.4600000381469727,29991200,29991200,29991200
2012-12-11 22:00:00,3.4119999408721924,3.4119999408721924,3.4119999408721924,29991200,29991200,29991200
2012-12-12 22:00:00,3.381999969482422,3.381999969482422,3.381999969482422,29991200,29991200,29991200
2012-12-13 22:00:00,3.3469998836517334,3.3469998836517334,3.3469998836517334,29991200,29991200,29991200
2012-12-14 22:00:00,3.313999891281128,3.313999891281128,3.313999891281128,29991200,29991200,29991200
2012-12-17 22:00:00,3.3580000400543213,3.3580000400543213,3.3580000400543213,29991200,29991200,29991200
2012-12-18 22:00:00,3.4179999828338623,3.4179999828338623,3.4179999828338623,29991200,29991200,29991200
2012-12-19 22:00:00,3.319999933242798,3.319999933242798,3.319999933242798,29991200,29991200,29991200
2012-12-20 22:00:00,3.461999893188477,3.461999893188477,3.461999893188477,29991200,29991200,29991200
2012-12-21 22:00:00,3.450999975204468,3.450999975204468,3.450999975204468,29991200,29991200,29991200
2012-12-24 22:00:00,3.345999956130981,3.345999956130981,3.345999956130981,29991200,29991200,29991200
2012-12-26 22:00:00,3.3919999599456787,3.3919999599456787,3.3919999599456787,29991200,29991200,29991200
2012-12-27 22:00:00,3.3540000915527344,3.3540000915527344,3.3540000915527344,29991200,29991200,29991200
2012-12-28 22:00:00,3.469000101089477,3.469000101089477,3.469000101089477,29991200,29991200,29991200
2012-12-31 22:00:00,3.3510000705718994,3.3510000705718994,3.3510000705718994,29991200,29991200,29991200
2013-01-02 22:00:00,3.2330000400543213,3.2330000400543213,3.2330000400543213,29991200,29991200,29991200
2013-01-03 22:00:00,3.197999954223633,3.197999954223633,3.197999954223633,29991200,29991200,29991200
2013-01-04 22:00:00,3.2869999408721924,3.2869999408721924,3.2869999408721924,29991200,29991200,29991200
2013-01-07 22:00:00,3.2660000324249268,3.2660000324249268,3.2660000324249268,29991200,29991200,29991200
2013-01-08 22:00:00,3.2179999351501465,3.2179999351501465,3.2179999351501465,29991200,29991200,29991200
2013-01-09 22:00:00,3.11299991607666,3.11299991607666,3.11299991607666,29991200,29991200,29991200
2013-01-10 22:00:00,3.193000078201294,3.193000078201294,3.193000078201294,29991200,29991200,29991200
2013-01-11 22:00:00,3.32699990272522,3.32699990272522,3.32699990272522,29991200,29991200,29991200
2013-01-14 22:00:00,3.372999906539917,3.372999906539917,3.372999906539917,29991200,29991200,29991200
2013-01-15 22:00:00,3.4549999237060547,3.4549999237060547,3.4549999237060547,29991200,29991200,29991200
2013-01-16 22:00:00,3.434999942779541,3.434999942779541,3.434999942779541,29991200,29991200,29991200
2013-01-17 22:00:00,3.49399995803833,3.49399995803833,3.49399995803833,29991200,29991200,29991200
2013-01-18 22:00:00,3.565999984741211,3.565999984741211,3.565999984741211,29991200,29991200,29991200
2013-01-22 22:00:00,3.558000087738037,3.558000087738037,3.558000087738037,29991200,29991200,29991200
2013-01-23 22:00:00,3.553999900817871,3.553999900817871,3.553999900817871,29991200,29991200,29991200
2013-01-24 22:00:00,3.446000099182129,3.446000099182129,3.446000099182129,29991200,29991200,29991200
2013-01-25 22:00:00,3.444000005722046,3.444000005722046,3.444000005722046,29991200,29991200,29991200
2013-01-28 22:00:00,3.2890000343322754,3.2890000343322754,3.2890000343322754,29991200,29991200,29991200
2013-01-29 22:00:00,3.2260000705718994,3.2260000705718994,3.2260000705718994,29991200,29991200,29991200
2013-01-30 22:00:00,3.3350000381469727,3.3350000381469727,3.3350000381469727,29991200,29991200,29991200
2013-01-31 22:00:00,3.33899998664856,3.33899998664856,3.33899998664856,29991200,29991200,29991200
2013-02-01 22:00:00,3.3010001182556152,3.3010001182556152,3.3010001182556152,29991200,29991200,29991200
2013-02-04 22:00:00,3.315000057220459,3.315000057220459,3.315000057220459,29991200,29991200,29991200
2013-02-05 22:00:00,3.3989999294281006,3.3989999294281006,3.3989999294281006,29991200,29991200,29991200
2013-02-06 22:00:00,3.4179999828338623,3.4179999828338623,3.4179999828338623,29991200,29991200,29991200
2013-02-07 22:00:00,3.2850000858306885,3.2850000858306885,3.2850000858306885,29991200,29991200,29991200
2013-02-08 22:00:00,3.2720000743865967,3.2720000743865967,3.2720000743865967,29991200,29991200,29991200
2013-02-11 22:00:00,3.2790000438690186,3.2790000438690186,3.2790000438690186,29991200,29991200,29991200
2013-02-12 22:00:00,3.2300000190734863,3.2300000190734863,3.2300000190734863,29991200,29991200,29991200
2013-02-13 22:00:00,3.305999994277954,3.305999994277954,3.305999994277954,29991200,29991200,29991200
2013-02-14 22:00:00,3.1630001068115234,3.1630001068115234,3.1630001068115234,29991200,29991200,29991200
2013-02-15 22:00:00,3.1530001163482666,3.1530001163482666,3.1530001163482666,29991200,29991200,29991200
2013-02-19 22:00:00,3.2720000743865967,3.2720000743865967,3.2720000743865967,29991200,29991200,29991200
2013-02-20 22:00:00,3.2790000438690186,3.2790000438690186,3.2790000438690186,29991200,29991200,29991200
2013-02-21 22:00:00,3.246000051498413,3.246000051498413,3.246000051498413,29991200,29991200,29991200
2013-02-22 22:00:00,3.29099988937378,3.29099988937378,3.29099988937378,29991200,29991200,29991200
2013-02-25 22:00:00,3.4140000343322754,3.4140000343322754,3.4140000343322754,29991200,29991200,29991200
2013-02-26 22:00:00,3.427000045776367,3.427000045776367,3.427000045776367,29991200,29991200,29991200
2013-02-27 22:00:00,3.434000015258789,3.434000015258789,3.434000015258789,29991200,29991200,29991200
2013-02-28 22:00:00,3.486000061035156,3.486000061035156,3.486000061035156,29991200,29991200,29991200
2013-03-01 22:00:00,3.4560000896453857,3.4560000896453857,3.4560000896453857,29991200,29991200,29991200
2013-03-04 22:00:00,3.5290000438690186,3.5290000438690186,3.5290000438690186,29991200,29991200,29991200
2013-03-05 22:00:00,3.5290000438690186,3.5290000438690186,3.5290000438690186,29991200,29991200,29991200
2013-03-06 22:00:00,3.470000028610229,3.470000028610229,3.470000028610229,29991200,29991200,29991200
2013-03-07 22:00:00,3.5820000171661377,3.5820000171661377,3.5820000171661377,29991200,29991200,29991200
2013-03-08 22:00:00,3.628999948501587,3.628999948501587,3.628999948501587,29991200,29991200,29991200
2013-03-11 22:00:00,3.6489999294281006,3.6489999294281006,3.6489999294281006,29991200,29991200,29991200
2013-03-12 22:00:00,3.6449999809265137,3.6449999809265137,3.6449999809265137,29991200,29991200,29991200
2013-03-13 22:00:00,3.680000066757202,3.680000066757202,3.680000066757202,29991200,29991200,29991200
2013-03-14 22:00:00,3.812000036239624,3.812000036239624,3.812000036239624,29991200,29991200,29991200
2013-03-15 22:00:00,3.871999979019165,3.871999979019165,3.871999979019165,29991200,29991200,29991200
2013-03-18 22:00:00,3.881999969482422,3.881999969482422,3.881999969482422,29991200,29991200,29991200
2013-03-19 22:00:00,3.9690001010894775,3.9690001010894775,3.9690001010894775,29991200,29991200,29991200
2013-03-20 22:00:00,3.9600000381469727,3.9600000381469727,3.9600000381469727,29991200,29991200,29991200
2013-03-21 22:00:00,3.934999942779541,3.934999942779541,3.934999942779541,29991200,29991200,29991200
2013-03-22 22:00:00,3.927000045776367,3.927000045776367,3.927000045776367,29991200,29991200,29991200
2013-03-25 22:00:00,3.865000009536743,3.865000009536743,3.865000009536743,29991200,29991200,29991200
2013-03-26 22:00:00,3.9760000705718994,3.9760000705718994,3.9760000705718994,29991200,29991200,29991200
2013-03-27 22:00:00,4.067999839782715,4.067999839782715,4.067999839782715,29991200,29991200,29991200
2013-03-28 22:00:00,4.02400016784668,4.02400016784668,4.02400016784668,29991200,29991200,29991200
2013-04-01 22:00:00,4.014999866485596,4.014999866485596,4.014999866485596,29991200,29991200,29991200
2013-04-02 22:00:00,3.9690001010894775,3.9690001010894775,3.9690001010894775,29991200,29991200,29991200
2013-04-03 22:00:00,3.900000095367432,3.900000095367432,3.900000095367432,29991200,29991200,29991200
2013-04-04 22:00:00,3.947000026702881,3.947000026702881,3.947000026702881,29991200,29991200,29991200
2013-04-05 22:00:00,4.125,4.125,4.125,29991200,29991200,29991200
2013-04-08 22:00:00,4.081999778747559,4.081999778747559,4.081999778747559,29991200,29991200,29991200
2013-04-09 22:00:00,4.017000198364258,4.017000198364258,4.017000198364258,29991200,29991200,29991200
2013-04-10 22:00:00,4.085000038146973,4.085000038146973,4.085000038146973,29991200,29991200,29991200
2013-04-11 22:00:00,4.138999938964844,4.138999938964844,4.138999938964844,29991200,29991200,29991200
2013-04-12 22:00:00,4.2220001220703125,4.2220001220703125,4.2220001220703125,29991200,29991200,29991200
2013-04-15 22:00:00,4.13700008392334,4.13700008392334,4.13700008392334,29991200,29991200,29991200
2013-04-16 22:00:00,4.159999847412109,4.159999847412109,4.159999847412109,29991200,29991200,29991200
2013-04-17 22:00:00,4.214000225067139,4.214000225067139,4.214000225067139,29991200,29991200,29991200
2013-04-18 22:00:00,4.401000022888184,4.401000022888184,4.401000022888184,29991200,29991200,29991200
2013-04-19 22:00:00,4.4079999923706055,4.4079999923706055,4.4079999923706055,29991200,29991200,29991200
2013-04-22 22:00:00,4.267000198364258,4.267000198364258,4.267000198364258,29991200,29991200,29991200
2013-04-23 22:00:00,4.23799991607666,4.23799991607666,4.23799991607666,29991200,29991200,29991200
2013-04-24 22:00:00,4.165999889373779,4.165999889373779,4.165999889373779,29991200,29991200,29991200
2013-04-25 22:00:00,4.166999816894531,4.166999816894531,4.166999816894531,29991200,29991200,29991200
2013-04-26 22:00:00,4.151000022888184,4.151000022888184,4.151000022888184,29991200,29991200,29991200
2013-04-29 22:00:00,4.392000198364258,4.392000198364258,4.392000198364258,29991200,29991200,29991200
2013-04-30 22:00:00,4.3429999351501465,4.3429999351501465,4.3429999351501465,29991200,29991200,29991200
2013-05-01 22:00:00,4.326000213623047,4.326000213623047,4.326000213623047,29991200,29991200,29991200
2013-05-02 22:00:00,4.025000095367432,4.025000095367432,4.025000095367432,29991200,29991200,29991200
2013-05-03 22:00:00,4.040999889373779,4.040999889373779,4.040999889373779,29991200,29991200,29991200
2013-05-06 22:00:00,4.011000156402588,4.011000156402588,4.011000156402588,29991200,29991200,29991200
2013-05-07 22:00:00,3.920000076293945,3.920000076293945,3.920000076293945,29991200,29991200,29991200
2013-05-08 22:00:00,3.9779999256134033,3.9779999256134033,3.9779999256134033,29991200,29991200,29991200
2013-05-09 22:00:00,3.983000040054321,3.983000040054321,3.983000040054321,29991200,29991200,29991200
2013-05-10 22:00:00,3.910000085830689,3.910000085830689,3.910000085830689,29991200,29991200,29991200
2013-05-13 22:00:00,3.924999952316284,3.924999952316284,3.924999952316284,29991200,29991200,29991200
2013-05-14 22:00:00,4.02400016784668,4.02400016784668,4.02400016784668,29991200,29991200,29991200
2013-05-15 22:00:00,4.070000171661377,4.070000171661377,4.070000171661377,29991200,29991200,29991200
2013-05-16 22:00:00,3.931999921798706,3.931999921798706,3.931999921798706,29991200,29991200,29991200
2013-05-17 22:00:00,4.054999828338623,4.054999828338623,4.054999828338623,29991200,29991200,29991200
2013-05-20 22:00:00,4.090000152587891,4.090000152587891,4.090000152587891,29991200,29991200,29991200
2013-05-21 22:00:00,4.191999912261963,4.191999912261963,4.191999912261963,29991200,29991200,29991200
2013-05-22 22:00:00,4.185999870300293,4.185999870300293,4.185999870300293,29991200,29991200,29991200
2013-05-23 22:00:00,4.261000156402588,4.261000156402588,4.261000156402588,29991200,29991200,29991200
2013-05-24 22:00:00,4.236999988555908,4.236999988555908,4.236999988555908,29991200,29991200,29991200
2013-05-28 22:00:00,4.173999786376953,4.173999786376953,4.173999786376953,29991200,29991200,29991200
2013-05-29 22:00:00,4.1479997634887695,4.1479997634887695,4.1479997634887695,29991200,29991200,29991200
2013-05-30 22:00:00,4.0229997634887695,4.0229997634887695,4.0229997634887695,29991200,29991200,29991200
2013-05-31 22:00:00,3.983999967575073,3.983999967575073,3.983999967575073,29991200,29991200,29991200
2013-06-03 22:00:00,3.990999937057495,3.990999937057495,3.990999937057495,29991200,29991200,29991200
2013-06-04 22:00:00,3.997999906539917,3.997999906539917,3.997999906539917,29991200,29991200,29991200
2013-06-05 22:00:00,4.000999927520752,4.000999927520752,4.000999927520752,29991200,29991200,29991200
2013-06-06 22:00:00,3.82699990272522,3.82699990272522,3.82699990272522,29991200,29991200,29991200
2013-06-07 22:00:00,3.828000068664551,3.828000068664551,3.828000068664551,29991200,29991200,29991200
2013-06-10 22:00:00,3.799999952316284,3.799999952316284,3.799999952316284,29991200,29991200,29991200
2013-06-11 22:00:00,3.723999977111816,3.723999977111816,3.723999977111816,29991200,29991200,29991200
2013-06-12 22:00:00,3.776999950408936,3.776999950408936,3.776999950408936,29991200,29991200,29991200
2013-06-13 22:00:00,3.813999891281128,3.813999891281128,3.813999891281128,29991200,29991200,29991200
2013-06-14 22:00:00,3.733000040054321,3.733000040054321,3.733000040054321,29991200,29991200,29991200
2013-06-17 22:00:00,3.875,3.875,3.875,29991200,29991200,29991200
2013-06-18 22:00:00,3.9049999713897705,3.9049999713897705,3.9049999713897705,29991200,29991200,29991200
2013-06-19 22:00:00,3.963000059127808,3.963000059127808,3.963000059127808,29991200,29991200,29991200
2013-06-20 22:00:00,3.877000093460083,3.877000093460083,3.877000093460083,29991200,29991200,29991200
2013-06-21 22:00:00,3.7709999084472656,3.7709999084472656,3.7709999084472656,29991200,29991200,29991200
2013-06-24 22:00:00,3.739000082015991,3.739000082015991,3.739000082015991,29991200,29991200,29991200
2013-06-25 22:00:00,3.6470000743865967,3.6470000743865967,3.6470000743865967,29991200,29991200,29991200
2013-06-26 22:00:00,3.7070000171661377,3.7070000171661377,3.7070000171661377,29991200,29991200,29991200
2013-06-27 22:00:00,3.5820000171661377,3.5820000171661377,3.5820000171661377,29991200,29991200,29991200
2013-06-28 22:00:00,3.565000057220459,3.565000057220459,3.565000057220459,29991200,29991200,29991200
2013-07-01 22:00:00,3.57699990272522,3.57699990272522,3.57699990272522,29991200,29991200,29991200
2013-07-02 22:00:00,3.6540000438690186,3.6540000438690186,3.6540000438690186,29991200,29991200,29991200
2013-07-03 22:00:00,3.690000057220459,3.690000057220459,3.690000057220459,29991200,29991200,29991200
2013-07-05 22:00:00,3.617000102996826,3.617000102996826,3.617000102996826,29991200,29991200,29991200
2013-07-08 22:00:00,3.740999937057495,3.740999937057495,3.740999937057495,29991200,29991200,29991200
2013-07-09 22:00:00,3.6570000648498535,3.6570000648498535,3.6570000648498535,29991200,29991200,29991200
2013-07-10 22:00:00,3.680000066757202,3.680000066757202,3.680000066757202,29991200,29991200,29991200
2013-07-11 22:00:00,3.61299991607666,3.61299991607666,3.61299991607666,29991200,29991200,29991200
2013-07-12 22:00:00,3.6440000534057617,3.6440000534057617,3.6440000534057617,29991200,29991200,29991200
2013-07-15 22:00:00,3.674000024795532,3.674000024795532,3.674000024795532,29991200,29991200,29991200
2013-07-16 22:00:00,3.677000045776367,3.677000045776367,3.677000045776367,29991200,29991200,29991200
2013-07-17 22:00:00,3.628999948501587,3.628999948501587,3.628999948501587,29991200,29991200,29991200
2013-07-18 22:00:00,3.812000036239624,3.812000036239624,3.812000036239624,29991200,29991200,29991200
2013-07-19 22:00:00,3.7890000343322754,3.7890000343322754,3.7890000343322754,29991200,29991200,29991200
2013-07-22 22:00:00,3.677000045776367,3.677000045776367,3.677000045776367,29991200,29991200,29991200
2013-07-23 22:00:00,3.743000030517578,3.743000030517578,3.743000030517578,29991200,29991200,29991200
2013-07-24 22:00:00,3.697999954223633,3.697999954223633,3.697999954223633,29991200,29991200,29991200
2013-07-25 22:00:00,3.6440000534057617,3.6440000534057617,3.6440000534057617,29991200,29991200,29991200
2013-07-26 22:00:00,3.555000066757202,3.555000066757202,3.555000066757202,29991200,29991200,29991200
2013-07-29 22:00:00,3.4590001106262207,3.4590001106262207,3.4590001106262207,29991200,29991200,29991200
2013-07-30 22:00:00,3.431999921798706,3.431999921798706,3.431999921798706,29991200,29991200,29991200
2013-07-31 22:00:00,3.446000099182129,3.446000099182129,3.446000099182129,29991200,29991200,29991200
2013-08-01 22:00:00,3.38700008392334,3.38700008392334,3.38700008392334,29991200,29991200,29991200
2013-08-02 22:00:00,3.3469998836517334,3.3469998836517334,3.3469998836517334,29991200,29991200,29991200
2013-08-05 22:00:00,3.319000005722046,3.319000005722046,3.319000005722046,29991200,29991200,29991200
2013-08-06 22:00:00,3.318000078201294,3.318000078201294,3.318000078201294,29991200,29991200,29991200
2013-08-07 22:00:00,3.246999979019165,3.246999979019165,3.246999979019165,29991200,29991200,29991200
2013-08-08 22:00:00,3.296999931335449,3.296999931335449,3.296999931335449,29991200,29991200,29991200
2013-08-09 22:00:00,3.2300000190734863,3.2300000190734863,3.2300000190734863,29991200,29991200,29991200
2013-08-12 22:00:00,3.309999942779541,3.309999942779541,3.309999942779541,29991200,29991200,29991200
2013-08-13 22:00:00,3.2850000858306885,3.2850000858306885,3.2850000858306885,29991200,29991200,29991200
2013-08-14 22:00:00,3.3420000076293945,3.3420000076293945,3.3420000076293945,29991200,29991200,29991200
2013-08-15 22:00:00,3.4189999103546143,3.4189999103546143,3.4189999103546143,29991200,29991200,29991200
2013-08-16 22:00:00,3.368000030517578,3.368000030517578,3.368000030517578,29991200,29991200,29991200
2013-08-19 22:00:00,3.463000059127808,3.463000059127808,3.463000059127808,29991200,29991200,29991200
2013-08-20 22:00:00,3.444000005722046,3.444000005722046,3.444000005722046,29991200,29991200,29991200
2013-08-21 22:00:00,3.4600000381469727,3.4600000381469727,3.4600000381469727,29991200,29991200,29991200
2013-08-22 22:00:00,3.5450000762939453,3.5450000762939453,3.5450000762939453,29991200,29991200,29991200
2013-08-23 22:00:00,3.484999895095825,3.484999895095825,3.484999895095825,29991200,29991200,29991200
2013-08-26 22:00:00,3.513000011444092,3.513000011444092,3.513000011444092,29991200,29991200,29991200
2013-08-27 22:00:00,3.5339999198913574,3.5339999198913574,3.5339999198913574,29991200,29991200,29991200
2013-08-28 22:00:00,3.565999984741211,3.565999984741211,3.565999984741211,29991200,29991200,29991200
2013-08-29 22:00:00,3.618000030517578,3.618000030517578,3.618000030517578,29991200,29991200,29991200
2013-08-30 22:00:00,3.5810000896453857,3.5810000896453857,3.5810000896453857,29991200,29991200,29991200
2013-09-03 22:00:00,3.6659998893737793,3.6659998893737793,3.6659998893737793,29991200,29991200,29991200
2013-09-04 22:00:00,3.683000087738037,3.683000087738037,3.683000087738037,29991200,29991200,29991200
2013-09-05 22:00:00,3.575000047683716,3.575000047683716,3.575000047683716,29991200,29991200,29991200
2013-09-06 22:00:00,3.5299999713897705,3.5299999713897705,3.5299999713897705,29991200,29991200,29991200
2013-09-09 22:00:00,3.6050000190734863,3.6050000190734863,3.6050000190734863,29991200,29991200,29991200
2013-09-10 22:00:00,3.5840001106262207,3.5840001106262207,3.5840001106262207,29991200,29991200,29991200
2013-09-11 22:00:00,3.566999912261963,3.566999912261963,3.566999912261963,29991200,29991200,29991200
2013-09-12 22:00:00,3.638000011444092,3.638000011444092,3.638000011444092,29991200,29991200,29991200
2013-09-13 22:00:00,3.677000045776367,3.677000045776367,3.677000045776367,29991200,29991200,29991200
2013-09-16 22:00:00,3.73799991607666,3.73799991607666,3.73799991607666,29991200,29991200,29991200
2013-09-17 22:00:00,3.744999885559082,3.744999885559082,3.744999885559082,29991200,29991200,29991200
2013-09-18 22:00:00,3.713000059127808,3.713000059127808,3.713000059127808,29991200,29991200,29991200
2013-09-19 22:00:00,3.7200000286102295,3.7200000286102295,3.7200000286102295,29991200,29991200,29991200
2013-09-20 22:00:00,3.687000036239624,3.687000036239624,3.687000036239624,29991200,29991200,29991200
2013-09-23 22:00:00,3.601999998092652,3.601999998092652,3.601999998092652,29991200,29991200,29991200
2013-09-24 22:00:00,3.492000102996826,3.492000102996826,3.492000102996826,29991200,29991200,29991200
2013-09-25 22:00:00,3.493000030517578,3.493000030517578,3.493000030517578,29991200,29991200,29991200
2013-09-26 22:00:00,3.497999906539917,3.497999906539917,3.497999906539917,29991200,29991200,29991200
2013-09-27 22:00:00,3.58899998664856,3.58899998664856,3.58899998664856,29991200,29991200,29991200
2013-09-30 22:00:00,3.559999942779541,3.559999942779541,3.559999942779541,29991200,29991200,29991200
2013-10-01 22:00:00,3.608999967575073,3.608999967575073,3.608999967575073,29991200,29991200,29991200
2013-10-02 22:00:00,3.5420000553131104,3.5420000553131104,3.5420000553131104,29991200,29991200,29991200
2013-10-03 22:00:00,3.499000072479248,3.499000072479248,3.499000072479248,29991200,29991200,29991200
2013-10-04 22:00:00,3.50600004196167,3.50600004196167,3.50600004196167,29991200,29991200,29991200
2013-10-07 22:00:00,3.628999948501587,3.628999948501587,3.628999948501587,29991200,29991200,29991200
2013-10-08 22:00:00,3.7160000801086426,3.7160000801086426,3.7160000801086426,29991200,29991200,29991200
2013-10-09 22:00:00,3.678999900817871,3.678999900817871,3.678999900817871,29991200,29991200,29991200
2013-10-10 22:00:00,3.723000049591065,3.723000049591065,3.723000049591065,29991200,29991200,29991200
2013-10-11 22:00:00,3.776000022888184,3.776000022888184,3.776000022888184,29991200,29991200,29991200
2013-10-14 22:00:00,3.819999933242798,3.819999933242798,3.819999933242798,29991200,29991200,29991200
2013-10-15 22:00:00,3.7899999618530273,3.7899999618530273,3.7899999618530273,29991200,29991200,29991200
2013-10-16 22:00:00,3.7690000534057617,3.7690000534057617,3.7690000534057617,29991200,29991200,29991200
2013-10-17 22:00:00,3.756999969482422,3.756999969482422,3.756999969482422,29991200,29991200,29991200
2013-10-18 22:00:00,3.763999938964844,3.763999938964844,3.763999938964844,29991200,29991200,29991200
2013-10-21 22:00:00,3.6679999828338623,3.6679999828338623,3.6679999828338623,29991200,29991200,29991200
2013-10-22 22:00:00,3.5810000896453857,3.5810000896453857,3.5810000896453857,29991200,29991200,29991200
2013-10-23 22:00:00,3.61899995803833,3.61899995803833,3.61899995803833,29991200,29991200,29991200
2013-10-24 22:00:00,3.628999948501587,3.628999948501587,3.628999948501587,29991200,29991200,29991200
2013-10-25 22:00:00,3.7070000171661377,3.7070000171661377,3.7070000171661377,29991200,29991200,29991200
2013-10-28 22:00:00,3.569000005722046,3.569000005722046,3.569000005722046,29991200,29991200,29991200
2013-10-29 22:00:00,3.496999979019165,3.496999979019165,3.496999979019165,29991200,29991200,29991200
2013-10-30 22:00:00,3.619999885559082,3.619999885559082,3.619999885559082,29991200,29991200,29991200
2013-10-31 22:00:00,3.5810000896453857,3.5810000896453857,3.5810000896453857,29991200,29991200,29991200
2013-11-01 22:00:00,3.513000011444092,3.513000011444092,3.513000011444092,29991200,29991200,29991200
2013-11-04 22:00:00,3.444999933242798,3.444999933242798,3.444999933242798,29991200,29991200,29991200
2013-11-05 22:00:00,3.4660000801086426,3.4660000801086426,3.4660000801086426,29991200,29991200,29991200
2013-11-06 22:00:00,3.497999906539917,3.497999906539917,3.497999906539917,29991200,29991200,29991200
2013-11-07 22:00:00,3.5190000534057617,3.5190000534057617,3.5190000534057617,29991200,29991200,29991200
2013-11-08 22:00:00,3.559000015258789,3.559000015258789,3.559000015258789,29991200,29991200,29991200
2013-11-11 22:00:00,3.5739998817443848,3.5739998817443848,3.5739998817443848,29991200,29991200,29991200
2013-11-12 22:00:00,3.617000102996826,3.617000102996826,3.617000102996826,29991200,29991200,29991200
2013-11-13 22:00:00,3.565999984741211,3.565999984741211,3.565999984741211,29991200,29991200,29991200
2013-11-14 22:00:00,3.6050000190734863,3.6050000190734863,3.6050000190734863,29991200,29991200,29991200
2013-11-15 22:00:00,3.660000085830689,3.660000085830689,3.660000085830689,29991200,29991200,29991200
2013-11-18 22:00:00,3.617000102996826,3.617000102996826,3.617000102996826,29991200,29991200,29991200
2013-11-19 22:00:00,3.555999994277954,3.555999994277954,3.555999994277954,29991200,29991200,29991200
2013-11-20 22:00:00,3.674000024795532,3.674000024795532,3.674000024795532,29991200,29991200,29991200
2013-11-21 22:00:00,3.70199990272522,3.70199990272522,3.70199990272522,29991200,29991200,29991200
2013-11-22 22:00:00,3.767999887466431,3.767999887466431,3.767999887466431,29991200,29991200,29991200
2013-11-25 22:00:00,3.7890000343322754,3.7890000343322754,3.7890000343322754,29991200,29991200,29991200
2013-11-26 22:00:00,3.818000078201294,3.818000078201294,3.818000078201294,29991200,29991200,29991200
2013-11-27 22:00:00,3.8949999809265137,3.8949999809265137,3.8949999809265137,29991200,29991200,29991200
2013-11-29 22:00:00,3.953999996185303,3.953999996185303,3.953999996185303,29991200,29991200,29991200
2013-12-02 22:00:00,3.98799991607666,3.98799991607666,3.98799991607666,29991200,29991200,29991200
2013-12-03 22:00:00,3.9760000705718994,3.9760000705718994,3.9760000705718994,29991200,29991200,29991200
2013-12-04 22:00:00,3.9600000381469727,3.9600000381469727,3.9600000381469727,29991200,29991200,29991200
2013-12-05 22:00:00,4.131999969482422,4.131999969482422,4.131999969482422,29991200,29991200,29991200
2013-12-06 22:00:00,4.113999843597412,4.113999843597412,4.113999843597412,29991200,29991200,29991200
2013-12-09 22:00:00,4.23199987411499,4.23199987411499,4.23199987411499,29991200,29991200,29991200
2013-12-10 22:00:00,4.236999988555908,4.236999988555908,4.236999988555908,29991200,29991200,29991200
2013-12-11 22:00:00,4.336999893188477,4.336999893188477,4.336999893188477,29991200,29991200,29991200
2013-12-12 22:00:00,4.408999919891357,4.408999919891357,4.408999919891357,29991200,29991200,29991200
2013-12-13 22:00:00,4.35099983215332,4.35099983215332,4.35099983215332,29991200,29991200,29991200
2013-12-16 22:00:00,4.27899980545044,4.27899980545044,4.27899980545044,29991200,29991200,29991200
2013-12-17 22:00:00,4.287000179290772,4.287000179290772,4.287000179290772,29991200,29991200,29991200
2013-12-18 22:00:00,4.250999927520752,4.250999927520752,4.250999927520752,29991200,29991200,29991200
2013-12-19 22:00:00,4.460000038146973,4.460000038146973,4.460000038146973,29991200,29991200,29991200
2013-12-20 22:00:00,4.418000221252441,4.418000221252441,4.418000221252441,29991200,29991200,29991200
2013-12-23 22:00:00,4.4629998207092285,4.4629998207092285,4.4629998207092285,29991200,29991200,29991200
2013-12-24 22:00:00,4.415999889373779,4.415999889373779,4.415999889373779,29991200,29991200,29991200
2013-12-26 22:00:00,4.433000087738037,4.433000087738037,4.433000087738037,29991200,29991200,29991200
2013-12-27 22:00:00,4.4070000648498535,4.4070000648498535,4.4070000648498535,29991200,29991200,29991200
2013-12-30 22:00:00,4.427000045776367,4.427000045776367,4.427000045776367,29991200,29991200,29991200
2013-12-31 22:00:00,4.230000019073486,4.230000019073486,4.230000019073486,29991200,29991200,29991200
2014-01-02 22:00:00,4.321000099182129,4.321000099182129,4.321000099182129,29991200,29991200,29991200
2014-01-03 22:00:00,4.303999900817871,4.303999900817871,4.303999900817871,29991200,29991200,29991200
2014-01-06 22:00:00,4.306000232696533,4.306000232696533,4.306000232696533,29991200,29991200,29991200
2014-01-07 22:00:00,4.298999786376953,4.298999786376953,4.298999786376953,29991200,29991200,29991200
2014-01-08 22:00:00,4.216000080108643,4.216000080108643,4.216000080108643,29991200,29991200,29991200
2014-01-09 22:00:00,4.005000114440918,4.005000114440918,4.005000114440918,29991200,29991200,29991200
2014-01-10 22:00:00,4.052999973297119,4.052999973297119,4.052999973297119,29991200,29991200,29991200
2014-01-13 22:00:00,4.27400016784668,4.27400016784668,4.27400016784668,29991200,29991200,29991200
2014-01-14 22:00:00,4.36899995803833,4.36899995803833,4.36899995803833,29991200,29991200,29991200
2014-01-15 22:00:00,4.324999809265137,4.324999809265137,4.324999809265137,29991200,29991200,29991200
2014-01-16 22:00:00,4.381999969482422,4.381999969482422,4.381999969482422,29991200,29991200,29991200
2014-01-17 22:00:00,4.326000213623047,4.326000213623047,4.326000213623047,29991200,29991200,29991200
2014-01-21 22:00:00,4.431000232696533,4.431000232696533,4.431000232696533,29991200,29991200,29991200
2014-01-22 22:00:00,4.689000129699707,4.689000129699707,4.689000129699707,29991200,29991200,29991200
2014-01-23 22:00:00,4.730000019073486,4.730000019073486,4.730000019073486,29991200,29991200,29991200
2014-01-24 22:00:00,5.182000160217285,5.182000160217285,5.182000160217285,29991200,29991200,29991200
2014-01-27 22:00:00,4.8470001220703125,4.8470001220703125,4.8470001220703125,29991200,29991200,29991200
2014-01-28 22:00:00,5.0329999923706055,5.0329999923706055,5.0329999923706055,29991200,29991200,29991200
2014-01-29 22:00:00,5.557000160217285,5.557000160217285,5.557000160217285,29991200,29991200,29991200
2014-01-30 22:00:00,5.011000156402588,5.011000156402588,5.011000156402588,29991200,29991200,29991200
2014-01-31 22:00:00,4.942999839782715,4.942999839782715,4.942999839782715,29991200,29991200,29991200
2014-02-03 22:00:00,4.90500020980835,4.90500020980835,4.90500020980835,29991200,29991200,29991200
2014-02-04 22:00:00,5.375,5.375,5.375,29991200,29991200,29991200
2014-02-05 22:00:00,5.03000020980835,5.03000020980835,5.03000020980835,29991200,29991200,29991200
2014-02-06 22:00:00,4.931000232696533,4.931000232696533,4.931000232696533,29991200,29991200,29991200
2014-02-07 22:00:00,4.775000095367432,4.775000095367432,4.775000095367432,29991200,29991200,29991200
2014-02-10 22:00:00,4.578999996185303,4.578999996185303,4.578999996185303,29991200,29991200,29991200
2014-02-11 22:00:00,4.823999881744385,4.823999881744385,4.823999881744385,29991200,29991200,29991200
2014-02-12 22:00:00,4.822000026702881,4.822000026702881,4.822000026702881,29991200,29991200,29991200
2014-02-13 22:00:00,5.2230000495910645,5.2230000495910645,5.2230000495910645,29991200,29991200,29991200
2014-02-14 22:00:00,5.214000225067139,5.214000225067139,5.214000225067139,29991200,29991200,29991200
2014-02-18 22:00:00,5.551000118255615,5.551000118255615,5.551000118255615,29991200,29991200,29991200
2014-02-19 22:00:00,6.14900016784668,6.14900016784668,6.14900016784668,29991200,29991200,29991200
2014-02-20 22:00:00,6.064000129699707,6.064000129699707,6.064000129699707,29991200,29991200,29991200
2014-02-21 22:00:00,6.135000228881836,6.135000228881836,6.135000228881836,29991200,29991200,29991200
2014-02-24 22:00:00,5.445000171661377,5.445000171661377,5.445000171661377,29991200,29991200,29991200
2014-02-25 22:00:00,5.0960001945495605,5.0960001945495605,5.0960001945495605,29991200,29991200,29991200
2014-02-26 22:00:00,4.855000019073486,4.855000019073486,4.855000019073486,29991200,29991200,29991200
2014-02-27 22:00:00,4.511000156402588,4.511000156402588,4.511000156402588,29991200,29991200,29991200
2014-02-28 22:00:00,4.609000205993652,4.609000205993652,4.609000205993652,29991200,29991200,29991200
2014-03-03 22:00:00,4.492000102996826,4.492000102996826,4.492000102996826,29991200,29991200,29991200
2014-03-04 22:00:00,4.666999816894531,4.666999816894531,4.666999816894531,29991200,29991200,29991200
2014-03-05 22:00:00,4.5229997634887695,4.5229997634887695,4.5229997634887695,29991200,29991200,29991200
2014-03-06 22:00:00,4.662000179290772,4.662000179290772,4.662000179290772,29991200,29991200,29991200
2014-03-07 22:00:00,4.618000030517578,4.618000030517578,4.618000030517578,29991200,29991200,29991200
2014-03-10 22:00:00,4.651000022888184,4.651000022888184,4.651000022888184,29991200,29991200,29991200
2014-03-11 22:00:00,4.605000019073486,4.605000019073486,4.605000019073486,29991200,29991200,29991200
2014-03-12 22:00:00,4.489999771118164,4.489999771118164,4.489999771118164,29991200,29991200,29991200
2014-03-13 22:00:00,4.382999897003174,4.382999897003174,4.382999897003174,29991200,29991200,29991200
2014-03-14 22:00:00,4.425000190734863,4.425000190734863,4.425000190734863,29991200,29991200,29991200
2014-03-17 22:00:00,4.535999774932861,4.535999774932861,4.535999774932861,29991200,29991200,29991200
2014-03-18 22:00:00,4.455999851226807,4.455999851226807,4.455999851226807,29991200,29991200,29991200
2014-03-19 22:00:00,4.484000205993652,4.484000205993652,4.484000205993652,29991200,29991200,29991200
2014-03-20 22:00:00,4.36899995803833,4.36899995803833,4.36899995803833,29991200,29991200,29991200
2014-03-21 22:00:00,4.313000202178955,4.313000202178955,4.313000202178955,29991200,29991200,29991200
2014-03-24 22:00:00,4.276000022888184,4.276000022888184,4.276000022888184,29991200,29991200,29991200
2014-03-25 22:00:00,4.410999774932861,4.410999774932861,4.410999774932861,29991200,29991200,29991200
2014-03-26 22:00:00,4.401999950408936,4.401999950408936,4.401999950408936,29991200,29991200,29991200
2014-03-27 22:00:00,4.584000110626221,4.584000110626221,4.584000110626221,29991200,29991200,29991200
2014-03-28 22:00:00,4.485000133514404,4.485000133514404,4.485000133514404,29991200,29991200,29991200
2014-03-31 22:00:00,4.370999813079834,4.370999813079834,4.370999813079834,29991200,29991200,29991200
2014-04-01 22:00:00,4.276000022888184,4.276000022888184,4.276000022888184,29991200,29991200,29991200
2014-04-02 22:00:00,4.363999843597412,4.363999843597412,4.363999843597412,29991200,29991200,29991200
2014-04-03 22:00:00,4.46999979019165,4.46999979019165,4.46999979019165,29991200,29991200,29991200
2014-04-04 22:00:00,4.439000129699707,4.439000129699707,4.439000129699707,29991200,29991200,29991200
2014-04-07 22:00:00,4.47599983215332,4.47599983215332,4.47599983215332,29991200,29991200,29991200
2014-04-08 22:00:00,4.533999919891357,4.533999919891357,4.533999919891357,29991200,29991200,29991200
2014-04-09 22:00:00,4.585999965667725,4.585999965667725,4.585999965667725,29991200,29991200,29991200
2014-04-10 22:00:00,4.65500020980835,4.65500020980835,4.65500020980835,29991200,29991200,29991200
2014-04-11 22:00:00,4.619999885559082,4.619999885559082,4.619999885559082,29991200,29991200,29991200
2014-04-14 22:00:00,4.559999942779541,4.559999942779541,4.559999942779541,29991200,29991200,29991200
2014-04-15 22:00:00,4.566999912261963,4.566999912261963,4.566999912261963,29991200,29991200,29991200
2014-04-16 22:00:00,4.53000020980835,4.53000020980835,4.53000020980835,29991200,29991200,29991200
2014-04-17 22:00:00,4.741000175476074,4.741000175476074,4.741000175476074,29991200,29991200,29991200
2014-04-21 22:00:00,4.697000026702881,4.697000026702881,4.697000026702881,29991200,29991200,29991200
2014-04-22 22:00:00,4.738999843597412,4.738999843597412,4.738999843597412,29991200,29991200,29991200
2014-04-23 22:00:00,4.730000019073486,4.730000019073486,4.730000019073486,29991200,29991200,29991200
2014-04-24 22:00:00,4.704999923706055,4.704999923706055,4.704999923706055,29991200,29991200,29991200
2014-04-25 22:00:00,4.646999835968018,4.646999835968018,4.646999835968018,29991200,29991200,29991200
2014-04-28 22:00:00,4.795000076293945,4.795000076293945,4.795000076293945,29991200,29991200,29991200
2014-04-29 22:00:00,4.830999851226807,4.830999851226807,4.830999851226807,29991200,29991200,29991200
2014-04-30 22:00:00,4.815000057220459,4.815000057220459,4.815000057220459,29991200,29991200,29991200
2014-05-01 22:00:00,4.718999862670898,4.718999862670898,4.718999862670898,29991200,29991200,29991200
2014-05-02 22:00:00,4.673999786376953,4.673999786376953,4.673999786376953,29991200,29991200,29991200
2014-05-05 22:00:00,4.688000202178955,4.688000202178955,4.688000202178955,29991200,29991200,29991200
2014-05-06 22:00:00,4.798999786376953,4.798999786376953,4.798999786376953,29991200,29991200,29991200
2014-05-07 22:00:00,4.739999771118164,4.739999771118164,4.739999771118164,29991200,29991200,29991200
2014-05-08 22:00:00,4.572000026702881,4.572000026702881,4.572000026702881,29991200,29991200,29991200
2014-05-09 22:00:00,4.531000137329102,4.531000137329102,4.531000137329102,29991200,29991200,29991200
2014-05-12 22:00:00,4.434000015258789,4.434000015258789,4.434000015258789,29991200,29991200,29991200
2014-05-13 22:00:00,4.357999801635742,4.357999801635742,4.357999801635742,29991200,29991200,29991200
2014-05-14 22:00:00,4.367000102996826,4.367000102996826,4.367000102996826,29991200,29991200,29991200
2014-05-15 22:00:00,4.468999862670898,4.468999862670898,4.468999862670898,29991200,29991200,29991200
2014-05-16 22:00:00,4.413000106811523,4.413000106811523,4.413000106811523,29991200,29991200,29991200
2014-05-19 22:00:00,4.46999979019165,4.46999979019165,4.46999979019165,29991200,29991200,29991200
2014-05-20 22:00:00,4.552000045776367,4.552000045776367,4.552000045776367,29991200,29991200,29991200
2014-05-21 22:00:00,4.4730000495910645,4.4730000495910645,4.4730000495910645,29991200,29991200,29991200
2014-05-22 22:00:00,4.359000205993652,4.359000205993652,4.359000205993652,29991200,29991200,29991200
2014-05-23 22:00:00,4.40500020980835,4.40500020980835,4.40500020980835,29991200,29991200,29991200
2014-05-27 22:00:00,4.505000114440918,4.505000114440918,4.505000114440918,29991200,29991200,29991200
2014-05-28 22:00:00,4.61899995803833,4.61899995803833,4.61899995803833,29991200,29991200,29991200
2014-05-29 22:00:00,4.559000015258789,4.559000015258789,4.559000015258789,29991200,29991200,29991200
2014-05-30 22:00:00,4.541999816894531,4.541999816894531,4.541999816894531,29991200,29991200,29991200
2014-06-02 22:00:00,4.611999988555908,4.611999988555908,4.611999988555908,29991200,29991200,29991200
2014-06-03 22:00:00,4.629000186920166,4.629000186920166,4.629000186920166,29991200,29991200,29991200
2014-06-04 22:00:00,4.639999866485596,4.639999866485596,4.639999866485596,29991200,29991200,29991200
2014-06-05 22:00:00,4.701000213623047,4.701000213623047,4.701000213623047,29991200,29991200,29991200
2014-06-06 22:00:00,4.710000038146973,4.710000038146973,4.710000038146973,29991200,29991200,29991200
2014-06-09 22:00:00,4.644999980926514,4.644999980926514,4.644999980926514,29991200,29991200,29991200
2014-06-10 22:00:00,4.53000020980835,4.53000020980835,4.53000020980835,29991200,29991200,29991200
2014-06-11 22:00:00,4.507999897003174,4.507999897003174,4.507999897003174,29991200,29991200,29991200
2014-06-12 22:00:00,4.76200008392334,4.76200008392334,4.76200008392334,29991200,29991200,29991200
2014-06-13 22:00:00,4.738999843597412,4.738999843597412,4.738999843597412,29991200,29991200,29991200
2014-06-16 22:00:00,4.706999778747559,4.706999778747559,4.706999778747559,29991200,29991200,29991200
2014-06-17 22:00:00,4.709000110626221,4.709000110626221,4.709000110626221,29991200,29991200,29991200
2014-06-18 22:00:00,4.658999919891357,4.658999919891357,4.658999919891357,29991200,29991200,29991200
2014-06-19 22:00:00,4.584000110626221,4.584000110626221,4.584000110626221,29991200,29991200,29991200
2014-06-20 22:00:00,4.531000137329102,4.531000137329102,4.531000137329102,29991200,29991200,29991200
2014-06-23 22:00:00,4.446000099182129,4.446000099182129,4.446000099182129,29991200,29991200,29991200
2014-06-24 22:00:00,4.534999847412109,4.534999847412109,4.534999847412109,29991200,29991200,29991200
2014-06-25 22:00:00,4.552999973297119,4.552999973297119,4.552999973297119,29991200,29991200,29991200
2014-06-26 22:00:00,4.400000095367432,4.400000095367432,4.400000095367432,29991200,29991200,29991200
2014-06-27 22:00:00,4.408999919891357,4.408999919891357,4.408999919891357,29991200,29991200,29991200
2014-06-30 22:00:00,4.460999965667725,4.460999965667725,4.460999965667725,29991200,29991200,29991200
2014-07-01 22:00:00,4.454999923706055,4.454999923706055,4.454999923706055,29991200,29991200,29991200
2014-07-02 22:00:00,4.35699987411499,4.35699987411499,4.35699987411499,29991200,29991200,29991200
2014-07-03 22:00:00,4.406000137329102,4.406000137329102,4.406000137329102,29991200,29991200,29991200
2014-07-07 22:00:00,4.224999904632568,4.224999904632568,4.224999904632568,29991200,29991200,29991200
2014-07-08 22:00:00,4.203999996185303,4.203999996185303,4.203999996185303,29991200,29991200,29991200
2014-07-09 22:00:00,4.170000076293945,4.170000076293945,4.170000076293945,29991200,29991200,29991200
2014-07-10 22:00:00,4.119999885559082,4.119999885559082,4.119999885559082,29991200,29991200,29991200
2014-07-11 22:00:00,4.145999908447266,4.145999908447266,4.145999908447266,29991200,29991200,29991200
2014-07-14 22:00:00,4.146999835968018,4.146999835968018,4.146999835968018,29991200,29991200,29991200
2014-07-15 22:00:00,4.0970001220703125,4.0970001220703125,4.0970001220703125,29991200,29991200,29991200
2014-07-16 22:00:00,4.11899995803833,4.11899995803833,4.11899995803833,29991200,29991200,29991200
2014-07-17 22:00:00,3.953999996185303,3.953999996185303,3.953999996185303,29991200,29991200,29991200
2014-07-18 22:00:00,3.950999975204468,3.950999975204468,3.950999975204468,29991200,29991200,29991200
2014-07-21 22:00:00,3.848999977111816,3.848999977111816,3.848999977111816,29991200,29991200,29991200
2014-07-22 22:00:00,3.7720000743865967,3.7720000743865967,3.7720000743865967,29991200,29991200,29991200
2014-07-23 22:00:00,3.76200008392334,3.76200008392334,3.76200008392334,29991200,29991200,29991200
2014-07-24 22:00:00,3.846999883651733,3.846999883651733,3.846999883651733,29991200,29991200,29991200
2014-07-25 22:00:00,3.7809998989105225,3.7809998989105225,3.7809998989105225,29991200,29991200,29991200
2014-07-28 22:00:00,3.746999979019165,3.746999979019165,3.746999979019165,29991200,29991200,29991200
2014-07-29 22:00:00,3.808000087738037,3.808000087738037,3.808000087738037,29991200,29991200,29991200
2014-07-30 22:00:00,3.78600001335144,3.78600001335144,3.78600001335144,29991200,29991200,29991200
2014-07-31 22:00:00,3.8410000801086426,3.8410000801086426,3.8410000801086426,29991200,29991200,29991200
2014-08-01 22:00:00,3.79800009727478,3.79800009727478,3.79800009727478,29991200,29991200,29991200
2014-08-04 22:00:00,3.8340001106262207,3.8340001106262207,3.8340001106262207,29991200,29991200,29991200
2014-08-05 22:00:00,3.8970000743865967,3.8970000743865967,3.8970000743865967,29991200,29991200,29991200
2014-08-06 22:00:00,3.933000087738037,3.933000087738037,3.933000087738037,29991200,29991200,29991200
2014-08-07 22:00:00,3.875999927520752,3.875999927520752,3.875999927520752,29991200,29991200,29991200
2014-08-08 22:00:00,3.961999893188477,3.961999893188477,3.961999893188477,29991200,29991200,29991200
2014-08-11 22:00:00,3.964999914169312,3.964999914169312,3.964999914169312,29991200,29991200,29991200
2014-08-12 22:00:00,3.973999977111816,3.973999977111816,3.973999977111816,29991200,29991200,29991200
2014-08-13 22:00:00,3.8310000896453857,3.8310000896453857,3.8310000896453857,29991200,29991200,29991200
2014-08-14 22:00:00,3.9059998989105225,3.9059998989105225,3.9059998989105225,29991200,29991200,29991200
2014-08-15 22:00:00,3.776000022888184,3.776000022888184,3.776000022888184,29991200,29991200,29991200
2014-08-18 22:00:00,3.7920000553131104,3.7920000553131104,3.7920000553131104,29991200,29991200,29991200
2014-08-19 22:00:00,3.877000093460083,3.877000093460083,3.877000093460083,29991200,29991200,29991200
2014-08-20 22:00:00,3.822999954223633,3.822999954223633,3.822999954223633,29991200,29991200,29991200
2014-08-21 22:00:00,3.888999938964844,3.888999938964844,3.888999938964844,29991200,29991200,29991200
2014-08-22 22:00:00,3.839999914169312,3.839999914169312,3.839999914169312,29991200,29991200,29991200
2014-08-25 22:00:00,3.937000036239624,3.937000036239624,3.937000036239624,29991200,29991200,29991200
2014-08-26 22:00:00,3.91100001335144,3.91100001335144,3.91100001335144,29991200,29991200,29991200
2014-08-27 22:00:00,3.9570000171661377,3.9570000171661377,3.9570000171661377,29991200,29991200,29991200
2014-08-28 22:00:00,4.044000148773193,4.044000148773193,4.044000148773193,29991200,29991200,29991200
2014-08-29 22:00:00,4.065000057220459,4.065000057220459,4.065000057220459,29991200,29991200,29991200
2014-09-02 22:00:00,3.890000104904175,3.890000104904175,3.890000104904175,29991200,29991200,29991200
2014-09-03 22:00:00,3.846999883651733,3.846999883651733,3.846999883651733,29991200,29991200,29991200
2014-09-04 22:00:00,3.819000005722046,3.819000005722046,3.819000005722046,29991200,29991200,29991200
2014-09-05 22:00:00,3.7929999828338623,3.7929999828338623,3.7929999828338623,29991200,29991200,29991200
2014-09-08 22:00:00,3.875999927520752,3.875999927520752,3.875999927520752,29991200,29991200,29991200
2014-09-09 22:00:00,3.983999967575073,3.983999967575073,3.983999967575073,29991200,29991200,29991200
2014-09-10 22:00:00,3.953999996185303,3.953999996185303,3.953999996185303,29991200,29991200,29991200
2014-09-11 22:00:00,3.822999954223633,3.822999954223633,3.822999954223633,29991200,29991200,29991200
2014-09-12 22:00:00,3.857000112533569,3.857000112533569,3.857000112533569,29991200,29991200,29991200
2014-09-15 22:00:00,3.930999994277954,3.930999994277954,3.930999994277954,29991200,29991200,29991200
2014-09-16 22:00:00,3.994999885559082,3.994999885559082,3.994999885559082,29991200,29991200,29991200
2014-09-17 22:00:00,4.013000011444092,4.013000011444092,4.013000011444092,29991200,29991200,29991200
2014-09-18 22:00:00,3.910000085830689,3.910000085830689,3.910000085830689,29991200,29991200,29991200
2014-09-19 22:00:00,3.836999893188477,3.836999893188477,3.836999893188477,29991200,29991200,29991200
2014-09-22 22:00:00,3.849999904632568,3.849999904632568,3.849999904632568,29991200,29991200,29991200
2014-09-23 22:00:00,3.815999984741211,3.815999984741211,3.815999984741211,29991200,29991200,29991200
2014-09-24 22:00:00,3.91100001335144,3.91100001335144,3.91100001335144,29991200,29991200,29991200
2014-09-25 22:00:00,3.970999956130981,3.970999956130981,3.970999956130981,29991200,29991200,29991200
2014-09-26 22:00:00,3.983999967575073,3.983999967575073,3.983999967575073,29991200,29991200,29991200
2014-09-29 22:00:00,4.15399980545044,4.15399980545044,4.15399980545044,29991200,29991200,29991200
2014-09-30 22:00:00,4.120999813079834,4.120999813079834,4.120999813079834,29991200,29991200,29991200
2014-10-01 22:00:00,4.0229997634887695,4.0229997634887695,4.0229997634887695,29991200,29991200,29991200
2014-10-02 22:00:00,3.931999921798706,3.931999921798706,3.931999921798706,29991200,29991200,29991200
2014-10-03 22:00:00,4.039000034332275,4.039000034332275,4.039000034332275,29991200,29991200,29991200
2014-10-06 22:00:00,3.8980000019073486,3.8980000019073486,3.8980000019073486,29991200,29991200,29991200
2014-10-07 22:00:00,3.9570000171661377,3.9570000171661377,3.9570000171661377,29991200,29991200,29991200
2014-10-08 22:00:00,3.8550000190734863,3.8550000190734863,3.8550000190734863,29991200,29991200,29991200
2014-10-09 22:00:00,3.8450000286102295,3.8450000286102295,3.8450000286102295,29991200,29991200,29991200
2014-10-10 22:00:00,3.858999967575073,3.858999967575073,3.858999967575073,29991200,29991200,29991200
2014-10-13 22:00:00,3.9159998893737793,3.9159998893737793,3.9159998893737793,29991200,29991200,29991200
2014-10-14 22:00:00,3.815999984741211,3.815999984741211,3.815999984741211,29991200,29991200,29991200
2014-10-15 22:00:00,3.799999952316284,3.799999952316284,3.799999952316284,29991200,29991200,29991200
2014-10-16 22:00:00,3.796000003814697,3.796000003814697,3.796000003814697,29991200,29991200,29991200
2014-10-17 22:00:00,3.766000032424927,3.766000032424927,3.766000032424927,29991200,29991200,29991200
2014-10-20 22:00:00,3.670000076293945,3.670000076293945,3.670000076293945,29991200,29991200,29991200
2014-10-21 22:00:00,3.7109999656677246,3.7109999656677246,3.7109999656677246,29991200,29991200,29991200
2014-10-22 22:00:00,3.658999919891357,3.658999919891357,3.658999919891357,29991200,29991200,29991200
2014-10-23 22:00:00,3.621999979019165,3.621999979019165,3.621999979019165,29991200,29991200,29991200
2014-10-24 22:00:00,3.622999906539917,3.622999906539917,3.622999906539917,29991200,29991200,29991200
2014-10-27 22:00:00,3.561000108718872,3.561000108718872,3.561000108718872,29991200,29991200,29991200
2014-10-28 22:00:00,3.6489999294281006,3.6489999294281006,3.6489999294281006,29991200,29991200,29991200
2014-10-29 22:00:00,3.7279999256134033,3.7279999256134033,3.7279999256134033,29991200,29991200,29991200
2014-10-30 22:00:00,3.82699990272522,3.82699990272522,3.82699990272522,29991200,29991200,29991200
2014-10-31 22:00:00,3.872999906539917,3.872999906539917,3.872999906539917,29991200,29991200,29991200
2014-11-03 22:00:00,4.046000003814697,4.046000003814697,4.046000003814697,29991200,29991200,29991200
2014-11-04 22:00:00,4.129000186920166,4.129000186920166,4.129000186920166,29991200,29991200,29991200
2014-11-05 22:00:00,4.193999767303467,4.193999767303467,4.193999767303467,29991200,29991200,29991200
2014-11-06 22:00:00,4.40399980545044,4.40399980545044,4.40399980545044,29991200,29991200,29991200
2014-11-07 22:00:00,4.412000179290772,4.412000179290772,4.412000179290772,29991200,29991200,29991200
2014-11-10 22:00:00,4.255000114440918,4.255000114440918,4.255000114440918,29991200,29991200,29991200
2014-11-11 22:00:00,4.247000217437744,4.247000217437744,4.247000217437744,29991200,29991200,29991200
2014-11-12 22:00:00,4.184999942779541,4.184999942779541,4.184999942779541,29991200,29991200,29991200
2014-11-13 22:00:00,3.9769999980926514,3.9769999980926514,3.9769999980926514,29991200,29991200,29991200
2014-11-14 22:00:00,4.019999980926514,4.019999980926514,4.019999980926514,29991200,29991200,29991200
2014-11-17 22:00:00,4.341000080108643,4.341000080108643,4.341000080108643,29991200,29991200,29991200
2014-11-18 22:00:00,4.24399995803833,4.24399995803833,4.24399995803833,29991200,29991200,29991200
2014-11-19 22:00:00,4.370999813079834,4.370999813079834,4.370999813079834,29991200,29991200,29991200
2014-11-20 22:00:00,4.488999843597412,4.488999843597412,4.488999843597412,29991200,29991200,29991200
2014-11-21 22:00:00,4.265999794006348,4.265999794006348,4.265999794006348,29991200,29991200,29991200
2014-11-24 22:00:00,4.151000022888184,4.151000022888184,4.151000022888184,29991200,29991200,29991200
2014-11-25 22:00:00,4.2820000648498535,4.2820000648498535,4.2820000648498535,29991200,29991200,29991200
2014-11-26 22:00:00,4.355000019073486,4.355000019073486,4.355000019073486,29991200,29991200,29991200
2014-11-28 22:00:00,4.0879998207092285,4.0879998207092285,4.0879998207092285,29991200,29991200,29991200
2014-12-01 22:00:00,4.006999969482422,4.006999969482422,4.006999969482422,29991200,29991200,29991200
2014-12-02 22:00:00,3.874000072479248,3.874000072479248,3.874000072479248,29991200,29991200,29991200
2014-12-03 22:00:00,3.805000066757202,3.805000066757202,3.805000066757202,29991200,29991200,29991200
2014-12-04 22:00:00,3.6489999294281006,3.6489999294281006,3.6489999294281006,29991200,29991200,29991200
2014-12-05 22:00:00,3.802000045776367,3.802000045776367,3.802000045776367,29991200,29991200,29991200
2014-12-08 22:00:00,3.595000028610229,3.595000028610229,3.595000028610229,29991200,29991200,29991200
2014-12-09 22:00:00,3.651999950408936,3.651999950408936,3.651999950408936,29991200,29991200,29991200
2014-12-10 22:00:00,3.7060000896453857,3.7060000896453857,3.7060000896453857,29991200,29991200,29991200
2014-12-11 22:00:00,3.634000062942505,3.634000062942505,3.634000062942505,29991200,29991200,29991200
2014-12-12 22:00:00,3.795000076293945,3.795000076293945,3.795000076293945,29991200,29991200,29991200
2014-12-15 22:00:00,3.7190001010894775,3.7190001010894775,3.7190001010894775,29991200,29991200,29991200
2014-12-16 22:00:00,3.61899995803833,3.61899995803833,3.61899995803833,29991200,29991200,29991200
2014-12-17 22:00:00,3.70199990272522,3.70199990272522,3.70199990272522,29991200,29991200,29991200
2014-12-18 22:00:00,3.641999959945679,3.641999959945679,3.641999959945679,29991200,29991200,29991200
2014-12-19 22:00:00,3.46399998664856,3.46399998664856,3.46399998664856,29991200,29991200,29991200
2014-12-22 22:00:00,3.1440000534057617,3.1440000534057617,3.1440000534057617,29991200,29991200,29991200
2014-12-23 22:00:00,3.1710000038146973,3.1710000038146973,3.1710000038146973,29991200,29991200,29991200
2014-12-24 22:00:00,3.0299999713897705,3.0299999713897705,3.0299999713897705,29991200,29991200,29991200
2014-12-26 22:00:00,3.006999969482422,3.006999969482422,3.006999969482422,29991200,29991200,29991200
2014-12-29 22:00:00,3.188999891281128,3.188999891281128,3.188999891281128,29991200,29991200,29991200
2014-12-30 22:00:00,3.094000101089477,3.094000101089477,3.094000101089477,29991200,29991200,29991200
2014-12-31 22:00:00,2.888999938964844,2.888999938964844,2.888999938964844,29991200,29991200,29991200
2015-01-02 22:00:00,3.003000020980835,3.003000020980835,3.003000020980835,29991200,29991200,29991200
2015-01-05 22:00:00,2.881999969482422,2.881999969482422,2.881999969482422,29991200,29991200,29991200
2015-01-06 22:00:00,2.937999963760376,2.937999963760376,2.937999963760376,29991200,29991200,29991200
2015-01-07 22:00:00,2.871000051498413,2.871000051498413,2.871000051498413,29991200,29991200,29991200
2015-01-08 22:00:00,2.927000045776367,2.927000045776367,2.927000045776367,29991200,29991200,29991200
2015-01-09 22:00:00,2.946000099182129,2.946000099182129,2.946000099182129,29991200,29991200,29991200
2015-01-12 22:00:00,2.7950000762939453,2.7950000762939453,2.7950000762939453,29991200,29991200,29991200
2015-01-13 22:00:00,2.943000078201294,2.943000078201294,2.943000078201294,29991200,29991200,29991200
2015-01-14 22:00:00,3.2330000400543213,3.2330000400543213,3.2330000400543213,29991200,29991200,29991200
2015-01-15 22:00:00,3.157999992370605,3.157999992370605,3.157999992370605,29991200,29991200,29991200
2015-01-16 22:00:00,3.127000093460083,3.127000093460083,3.127000093460083,29991200,29991200,29991200
2015-01-20 22:00:00,2.8310000896453857,2.8310000896453857,2.8310000896453857,29991200,29991200,29991200
2015-01-21 22:00:00,2.9739999771118164,2.9739999771118164,2.9739999771118164,29991200,29991200,29991200
2015-01-22 22:00:00,2.8350000381469727,2.8350000381469727,2.8350000381469727,29991200,29991200,29991200
2015-01-23 22:00:00,2.986000061035156,2.986000061035156,2.986000061035156,29991200,29991200,29991200
2015-01-26 22:00:00,2.88100004196167,2.88100004196167,2.88100004196167,29991200,29991200,29991200
2015-01-27 22:00:00,2.9809999465942383,2.9809999465942383,2.9809999465942383,29991200,29991200,29991200
2015-01-28 22:00:00,2.865999937057495,2.865999937057495,2.865999937057495,29991200,29991200,29991200
2015-01-29 22:00:00,2.719000101089477,2.719000101089477,2.719000101089477,29991200,29991200,29991200
2015-01-30 22:00:00,2.690999984741211,2.690999984741211,2.690999984741211,29991200,29991200,29991200
2015-02-02 22:00:00,2.680000066757202,2.680000066757202,2.680000066757202,29991200,29991200,29991200
2015-02-03 22:00:00,2.753999948501587,2.753999948501587,2.753999948501587,29991200,29991200,29991200
2015-02-04 22:00:00,2.6619999408721924,2.6619999408721924,2.6619999408721924,29991200,29991200,29991200
2015-02-05 22:00:00,2.5999999046325684,2.5999999046325684,2.5999999046325684,29991200,29991200,29991200
2015-02-06 22:00:00,2.5789999961853027,2.5789999961853027,2.5789999961853027,29991200,29991200,29991200
2015-02-09 22:00:00,2.5969998836517334,2.5969998836517334,2.5969998836517334,29991200,29991200,29991200
2015-02-10 22:00:00,2.677000045776367,2.677000045776367,2.677000045776367,29991200,29991200,29991200
2015-02-11 22:00:00,2.796999931335449,2.796999931335449,2.796999931335449,29991200,29991200,29991200
2015-02-12 22:00:00,2.713000059127808,2.713000059127808,2.713000059127808,29991200,29991200,29991200
2015-02-13 22:00:00,2.803999900817871,2.803999900817871,2.803999900817871,29991200,29991200,29991200
2015-02-17 22:00:00,2.759000062942505,2.759000062942505,2.759000062942505,29991200,29991200,29991200
2015-02-18 22:00:00,2.8310000896453857,2.8310000896453857,2.8310000896453857,29991200,29991200,29991200
2015-02-19 22:00:00,2.8340001106262207,2.8340001106262207,2.8340001106262207,29991200,29991200,29991200
2015-02-20 22:00:00,2.950999975204468,2.950999975204468,2.950999975204468,29991200,29991200,29991200
2015-02-23 22:00:00,2.878999948501587,2.878999948501587,2.878999948501587,29991200,29991200,29991200
2015-02-24 22:00:00,2.9019999504089355,2.9019999504089355,2.9019999504089355,29991200,29991200,29991200
2015-02-25 22:00:00,2.8940000534057617,2.8940000534057617,2.8940000534057617,29991200,29991200,29991200
2015-02-26 22:00:00,2.697000026702881,2.697000026702881,2.697000026702881,29991200,29991200,29991200
2015-02-27 22:00:00,2.733999967575073,2.733999967575073,2.733999967575073,29991200,29991200,29991200
2015-03-02 22:00:00,2.697999954223633,2.697999954223633,2.697999954223633,29991200,29991200,29991200
2015-03-03 22:00:00,2.711999893188477,2.711999893188477,2.711999893188477,29991200,29991200,29991200
2015-03-04 22:00:00,2.7690000534057617,2.7690000534057617,2.7690000534057617,29991200,29991200,29991200
2015-03-05 22:00:00,2.8410000801086426,2.8410000801086426,2.8410000801086426,29991200,29991200,29991200
2015-03-06 22:00:00,2.83899998664856,2.83899998664856,2.83899998664856,29991200,29991200,29991200
2015-03-09 22:00:00,2.677999973297119,2.677999973297119,2.677999973297119,29991200,29991200,29991200
2015-03-10 22:00:00,2.7320001125335693,2.7320001125335693,2.7320001125335693,29991200,29991200,29991200
2015-03-11 22:00:00,2.8239998817443848,2.8239998817443848,2.8239998817443848,29991200,29991200,29991200
2015-03-12 22:00:00,2.733999967575073,2.733999967575073,2.733999967575073,29991200,29991200,29991200
2015-03-13 22:00:00,2.726999998092652,2.726999998092652,2.726999998092652,29991200,29991200,29991200
2015-03-16 22:00:00,2.7160000801086426,2.7160000801086426,2.7160000801086426,29991200,29991200,29991200
2015-03-17 22:00:00,2.8550000190734863,2.8550000190734863,2.8550000190734863,29991200,29991200,29991200
2015-03-18 22:00:00,2.9200000762939453,2.9200000762939453,2.9200000762939453,29991200,29991200,29991200
2015-03-19 22:00:00,2.812999963760376,2.812999963760376,2.812999963760376,29991200,29991200,29991200
2015-03-20 22:00:00,2.7860000133514404,2.7860000133514404,2.7860000133514404,29991200,29991200,29991200
2015-03-23 22:00:00,2.7330000400543213,2.7330000400543213,2.7330000400543213,29991200,29991200,29991200
2015-03-24 22:00:00,2.7860000133514404,2.7860000133514404,2.7860000133514404,29991200,29991200,29991200
2015-03-25 22:00:00,2.7230000495910645,2.7230000495910645,2.7230000495910645,29991200,29991200,29991200
2015-03-26 22:00:00,2.671999931335449,2.671999931335449,2.671999931335449,29991200,29991200,29991200
2015-03-27 22:00:00,2.5899999141693115,2.5899999141693115,2.5899999141693115,29991200,29991200,29991200
2015-03-30 22:00:00,2.6440000534057617,2.6440000534057617,2.6440000534057617,29991200,29991200,29991200
2015-03-31 22:00:00,2.640000104904175,2.640000104904175,2.640000104904175,29991200,29991200,29991200
2015-04-01 22:00:00,2.6050000190734863,2.6050000190734863,2.6050000190734863,29991200,29991200,29991200
2015-04-02 22:00:00,2.713000059127808,2.713000059127808,2.713000059127808,29991200,29991200,29991200
2015-04-06 22:00:00,2.650000095367432,2.650000095367432,2.650000095367432,29991200,29991200,29991200
2015-04-07 22:00:00,2.680000066757202,2.680000066757202,2.680000066757202,29991200,29991200,29991200
2015-04-08 22:00:00,2.61899995803833,2.61899995803833,2.61899995803833,29991200,29991200,29991200
2015-04-09 22:00:00,2.5280001163482666,2.5280001163482666,2.5280001163482666,29991200,29991200,29991200
2015-04-10 22:00:00,2.510999917984009,2.510999917984009,2.510999917984009,29991200,29991200,29991200
2015-04-13 22:00:00,2.510999917984009,2.510999917984009,2.510999917984009,29991200,29991200,29991200
2015-04-14 22:00:00,2.5299999713897705,2.5299999713897705,2.5299999713897705,29991200,29991200,29991200
2015-04-15 22:00:00,2.609999895095825,2.609999895095825,2.609999895095825,29991200,29991200,29991200
2015-04-16 22:00:00,2.684000015258789,2.684000015258789,2.684000015258789,29991200,29991200,29991200
2015-04-17 22:00:00,2.634000062942505,2.634000062942505,2.634000062942505,29991200,29991200,29991200
2015-04-20 22:00:00,2.5360000133514404,2.5360000133514404,2.5360000133514404,29991200,29991200,29991200
2015-04-21 22:00:00,2.575000047683716,2.575000047683716,2.575000047683716,29991200,29991200,29991200
2015-04-22 22:00:00,2.6059999465942383,2.6059999465942383,2.6059999465942383,29991200,29991200,29991200
2015-04-23 22:00:00,2.5309998989105225,2.5309998989105225,2.5309998989105225,29991200,29991200,29991200
2015-04-24 22:00:00,2.5309998989105225,2.5309998989105225,2.5309998989105225,29991200,29991200,29991200
2015-04-27 22:00:00,2.490000009536743,2.490000009536743,2.490000009536743,29991200,29991200,29991200
2015-04-28 22:00:00,2.5169999599456787,2.5169999599456787,2.5169999599456787,29991200,29991200,29991200
2015-04-29 22:00:00,2.6059999465942383,2.6059999465942383,2.6059999465942383,29991200,29991200,29991200
2015-04-30 22:00:00,2.750999927520752,2.750999927520752,2.750999927520752,29991200,29991200,29991200
2015-05-01 22:00:00,2.776000022888184,2.776000022888184,2.776000022888184,29991200,29991200,29991200
2015-05-04 22:00:00,2.821000099182129,2.821000099182129,2.821000099182129,29991200,29991200,29991200
2015-05-05 22:00:00,2.7799999713897705,2.7799999713897705,2.7799999713897705,29991200,29991200,29991200
2015-05-06 22:00:00,2.776000022888184,2.776000022888184,2.776000022888184,29991200,29991200,29991200
2015-05-07 22:00:00,2.733999967575073,2.733999967575073,2.733999967575073,29991200,29991200,29991200
2015-05-08 22:00:00,2.880000114440918,2.880000114440918,2.880000114440918,29991200,29991200,29991200
2015-05-11 22:00:00,2.802000045776367,2.802000045776367,2.802000045776367,29991200,29991200,29991200
2015-05-12 22:00:00,2.8970000743865967,2.8970000743865967,2.8970000743865967,29991200,29991200,29991200
2015-05-13 22:00:00,2.934999942779541,2.934999942779541,2.934999942779541,29991200,29991200,29991200
2015-05-14 22:00:00,3.007999897003174,3.007999897003174,3.007999897003174,29991200,29991200,29991200
2015-05-15 22:00:00,3.0160000324249268,3.0160000324249268,3.0160000324249268,29991200,29991200,29991200
2015-05-18 22:00:00,3.009999990463257,3.009999990463257,3.009999990463257,29991200,29991200,29991200
2015-05-19 22:00:00,2.947999954223633,2.947999954223633,2.947999954223633,29991200,29991200,29991200
2015-05-20 22:00:00,2.914999961853028,2.914999961853028,2.914999961853028,29991200,29991200,29991200
2015-05-21 22:00:00,2.9489998817443848,2.9489998817443848,2.9489998817443848,29991200,29991200,29991200
2015-05-22 22:00:00,2.88700008392334,2.88700008392334,2.88700008392334,29991200,29991200,29991200
2015-05-26 22:00:00,2.822000026702881,2.822000026702881,2.822000026702881,29991200,29991200,29991200
2015-05-27 22:00:00,2.815000057220459,2.815000057220459,2.815000057220459,29991200,29991200,29991200
2015-05-28 22:00:00,2.7060000896453857,2.7060000896453857,2.7060000896453857,29991200,29991200,29991200
2015-05-29 22:00:00,2.6419999599456787,2.6419999599456787,2.6419999599456787,29991200,29991200,29991200
2015-06-01 22:00:00,2.6489999294281006,2.6489999294281006,2.6489999294281006,29991200,29991200,29991200
2015-06-02 22:00:00,2.697999954223633,2.697999954223633,2.697999954223633,29991200,29991200,29991200
2015-06-03 22:00:00,2.634000062942505,2.634000062942505,2.634000062942505,29991200,29991200,29991200
2015-06-04 22:00:00,2.625999927520752,2.625999927520752,2.625999927520752,29991200,29991200,29991200
2015-06-05 22:00:00,2.5899999141693115,2.5899999141693115,2.5899999141693115,29991200,29991200,29991200
2015-06-08 22:00:00,2.7049999237060547,2.7049999237060547,2.7049999237060547,29991200,29991200,29991200
2015-06-09 22:00:00,2.845999956130981,2.845999956130981,2.845999956130981,29991200,29991200,29991200
2015-06-10 22:00:00,2.8910000324249268,2.8910000324249268,2.8910000324249268,29991200,29991200,29991200
2015-06-11 22:00:00,2.825000047683716,2.825000047683716,2.825000047683716,29991200,29991200,29991200
2015-06-12 22:00:00,2.75,2.75,2.75,29991200,29991200,29991200
2015-06-15 22:00:00,2.888999938964844,2.888999938964844,2.888999938964844,29991200,29991200,29991200
2015-06-16 22:00:00,2.8940000534057617,2.8940000534057617,2.8940000534057617,29991200,29991200,29991200
2015-06-17 22:00:00,2.8550000190734863,2.8550000190734863,2.8550000190734863,29991200,29991200,29991200
2015-06-18 22:00:00,2.7769999504089355,2.7769999504089355,2.7769999504089355,29991200,29991200,29991200
2015-06-19 22:00:00,2.815999984741211,2.815999984741211,2.815999984741211,29991200,29991200,29991200
2015-06-22 22:00:00,2.7330000400543213,2.7330000400543213,2.7330000400543213,29991200,29991200,29991200
2015-06-23 22:00:00,2.7260000705718994,2.7260000705718994,2.7260000705718994,29991200,29991200,29991200
2015-06-24 22:00:00,2.759000062942505,2.759000062942505,2.759000062942505,29991200,29991200,29991200
2015-06-25 22:00:00,2.8499999046325684,2.8499999046325684,2.8499999046325684,29991200,29991200,29991200
2015-06-26 22:00:00,2.7730000019073486,2.7730000019073486,2.7730000019073486,29991200,29991200,29991200
2015-06-29 22:00:00,2.805000066757202,2.805000066757202,2.805000066757202,29991200,29991200,29991200
2015-06-30 22:00:00,2.8320000171661377,2.8320000171661377,2.8320000171661377,29991200,29991200,29991200
2015-07-01 22:00:00,2.782999992370605,2.782999992370605,2.782999992370605,29991200,29991200,29991200
2015-07-02 22:00:00,2.822000026702881,2.822000026702881,2.822000026702881,29991200,29991200,29991200
2015-07-06 22:00:00,2.75600004196167,2.75600004196167,2.75600004196167,29991200,29991200,29991200
2015-07-07 22:00:00,2.7160000801086426,2.7160000801086426,2.7160000801086426,29991200,29991200,29991200
2015-07-08 22:00:00,2.684999942779541,2.684999942779541,2.684999942779541,29991200,29991200,29991200
2015-07-09 22:00:00,2.7260000705718994,2.7260000705718994,2.7260000705718994,29991200,29991200,29991200
2015-07-10 22:00:00,2.7699999809265137,2.7699999809265137,2.7699999809265137,29991200,29991200,29991200
2015-07-13 22:00:00,2.864000082015991,2.864000082015991,2.864000082015991,29991200,29991200,29991200
2015-07-14 22:00:00,2.8399999141693115,2.8399999141693115,2.8399999141693115,29991200,29991200,29991200
2015-07-15 22:00:00,2.9179999828338623,2.9179999828338623,2.9179999828338623,29991200,29991200,29991200
2015-07-16 22:00:00,2.8540000915527344,2.8540000915527344,2.8540000915527344,29991200,29991200,29991200
2015-07-17 22:00:00,2.869999885559082,2.869999885559082,2.869999885559082,29991200,29991200,29991200
2015-07-20 22:00:00,2.822999954223633,2.822999954223633,2.822999954223633,29991200,29991200,29991200
2015-07-21 22:00:00,2.881999969482422,2.881999969482422,2.881999969482422,29991200,29991200,29991200
2015-07-22 22:00:00,2.8970000743865967,2.8970000743865967,2.8970000743865967,29991200,29991200,29991200
2015-07-23 22:00:00,2.815999984741211,2.815999984741211,2.815999984741211,29991200,29991200,29991200
2015-07-24 22:00:00,2.776000022888184,2.776000022888184,2.776000022888184,29991200,29991200,29991200
2015-07-27 22:00:00,2.7890000343322754,2.7890000343322754,2.7890000343322754,29991200,29991200,29991200
2015-07-28 22:00:00,2.821000099182129,2.821000099182129,2.821000099182129,29991200,29991200,29991200
2015-07-29 22:00:00,2.885999917984009,2.885999917984009,2.885999917984009,29991200,29991200,29991200
2015-07-30 22:00:00,2.7679998874664307,2.7679998874664307,2.7679998874664307,29991200,29991200,29991200
2015-07-31 22:00:00,2.7160000801086426,2.7160000801086426,2.7160000801086426,29991200,29991200,29991200
2015-08-03 22:00:00,2.747999906539917,2.747999906539917,2.747999906539917,29991200,29991200,29991200
2015-08-04 22:00:00,2.812000036239624,2.812000036239624,2.812000036239624,29991200,29991200,29991200
2015-08-05 22:00:00,2.7980000972747803,2.7980000972747803,2.7980000972747803,29991200,29991200,29991200
2015-08-06 22:00:00,2.812999963760376,2.812999963760376,2.812999963760376,29991200,29991200,29991200
2015-08-07 22:00:00,2.7980000972747803,2.7980000972747803,2.7980000972747803,29991200,29991200,29991200
2015-08-10 22:00:00,2.8420000076293945,2.8420000076293945,2.8420000076293945,29991200,29991200,29991200
2015-08-11 22:00:00,2.844000101089477,2.844000101089477,2.844000101089477,29991200,29991200,29991200
2015-08-12 22:00:00,2.930999994277954,2.930999994277954,2.930999994277954,29991200,29991200,29991200
2015-08-13 22:00:00,2.7869999408721924,2.7869999408721924,2.7869999408721924,29991200,29991200,29991200
2015-08-14 22:00:00,2.8010001182556152,2.8010001182556152,2.8010001182556152,29991200,29991200,29991200
2015-08-17 22:00:00,2.727999925613404,2.727999925613404,2.727999925613404,29991200,29991200,29991200
2015-08-18 22:00:00,2.7039999961853027,2.7039999961853027,2.7039999961853027,29991200,29991200,29991200
2015-08-19 22:00:00,2.7160000801086426,2.7160000801086426,2.7160000801086426,29991200,29991200,29991200
2015-08-20 22:00:00,2.755000114440918,2.755000114440918,2.755000114440918,29991200,29991200,29991200
2015-08-21 22:00:00,2.6760001182556152,2.6760001182556152,2.6760001182556152,29991200,29991200,29991200
2015-08-24 22:00:00,2.650000095367432,2.650000095367432,2.650000095367432,29991200,29991200,29991200
2015-08-25 22:00:00,2.684999942779541,2.684999942779541,2.684999942779541,29991200,29991200,29991200
2015-08-26 22:00:00,2.693000078201294,2.693000078201294,2.693000078201294,29991200,29991200,29991200
2015-08-27 22:00:00,2.638000011444092,2.638000011444092,2.638000011444092,29991200,29991200,29991200
2015-08-28 22:00:00,2.7149999141693115,2.7149999141693115,2.7149999141693115,29991200,29991200,29991200
2015-08-31 22:00:00,2.688999891281128,2.688999891281128,2.688999891281128,29991200,29991200,29991200
2015-09-01 22:00:00,2.70199990272522,2.70199990272522,2.70199990272522,29991200,29991200,29991200
2015-09-02 22:00:00,2.6480000019073486,2.6480000019073486,2.6480000019073486,29991200,29991200,29991200
2015-09-03 22:00:00,2.7249999046325684,2.7249999046325684,2.7249999046325684,29991200,29991200,29991200
2015-09-04 22:00:00,2.6549999713897705,2.6549999713897705,2.6549999713897705,29991200,29991200,29991200
2015-09-08 22:00:00,2.7100000381469727,2.7100000381469727,2.7100000381469727,29991200,29991200,29991200
2015-09-09 22:00:00,2.651000022888184,2.651000022888184,2.651000022888184,29991200,29991200,29991200
2015-09-10 22:00:00,2.683000087738037,2.683000087738037,2.683000087738037,29991200,29991200,29991200
2015-09-11 22:00:00,2.693000078201294,2.693000078201294,2.693000078201294,29991200,29991200,29991200
2015-09-14 22:00:00,2.757999897003174,2.757999897003174,2.757999897003174,29991200,29991200,29991200
2015-09-15 22:00:00,2.727999925613404,2.727999925613404,2.727999925613404,29991200,29991200,29991200
2015-09-16 22:00:00,2.6600000858306885,2.6600000858306885,2.6600000858306885,29991200,29991200,29991200
2015-09-17 22:00:00,2.6519999504089355,2.6519999504089355,2.6519999504089355,29991200,29991200,29991200
2015-09-18 22:00:00,2.6050000190734863,2.6050000190734863,2.6050000190734863,29991200,29991200,29991200
2015-09-21 22:00:00,2.572999954223633,2.572999954223633,2.572999954223633,29991200,29991200,29991200
2015-09-22 22:00:00,2.57699990272522,2.57699990272522,2.57699990272522,29991200,29991200,29991200
2015-09-23 22:00:00,2.569000005722046,2.569000005722046,2.569000005722046,29991200,29991200,29991200
2015-09-24 22:00:00,2.5910000801086426,2.5910000801086426,2.5910000801086426,29991200,29991200,29991200
2015-09-25 22:00:00,2.563999891281128,2.563999891281128,2.563999891281128,29991200,29991200,29991200
2015-09-28 22:00:00,2.562999963760376,2.562999963760376,2.562999963760376,29991200,29991200,29991200
2015-09-29 22:00:00,2.5859999656677246,2.5859999656677246,2.5859999656677246,29991200,29991200,29991200
2015-09-30 22:00:00,2.5239999294281006,2.5239999294281006,2.5239999294281006,29991200,29991200,29991200
2015-10-01 22:00:00,2.433000087738037,2.433000087738037,2.433000087738037,29991200,29991200,29991200
2015-10-02 22:00:00,2.450999975204468,2.450999975204468,2.450999975204468,29991200,29991200,29991200
2015-10-05 22:00:00,2.450000047683716,2.450000047683716,2.450000047683716,29991200,29991200,29991200
2015-10-06 22:00:00,2.470000028610229,2.470000028610229,2.470000028610229,29991200,29991200,29991200
2015-10-07 22:00:00,2.4739999771118164,2.4739999771118164,2.4739999771118164,29991200,29991200,29991200
2015-10-08 22:00:00,2.497999906539917,2.497999906539917,2.497999906539917,29991200,29991200,29991200
2015-10-09 22:00:00,2.502000093460083,2.502000093460083,2.502000093460083,29991200,29991200,29991200
2015-10-12 22:00:00,2.5350000858306885,2.5350000858306885,2.5350000858306885,29991200,29991200,29991200
2015-10-13 22:00:00,2.497999906539917,2.497999906539917,2.497999906539917,29991200,29991200,29991200
2015-10-14 22:00:00,2.5179998874664307,2.5179998874664307,2.5179998874664307,29991200,29991200,29991200
2015-10-15 22:00:00,2.453000068664551,2.453000068664551,2.453000068664551,29991200,29991200,29991200
2015-10-16 22:00:00,2.430000066757202,2.430000066757202,2.430000066757202,29991200,29991200,29991200
2015-10-19 22:00:00,2.441999912261963,2.441999912261963,2.441999912261963,29991200,29991200,29991200
2015-10-20 22:00:00,2.4760000705718994,2.4760000705718994,2.4760000705718994,29991200,29991200,29991200
2015-10-21 22:00:00,2.4040000438690186,2.4040000438690186,2.4040000438690186,29991200,29991200,29991200
2015-10-22 22:00:00,2.385999917984009,2.385999917984009,2.385999917984009,29991200,29991200,29991200
2015-10-23 22:00:00,2.2860000133514404,2.2860000133514404,2.2860000133514404,29991200,29991200,29991200
2015-10-26 22:00:00,2.062000036239624,2.062000036239624,2.062000036239624,29991200,29991200,29991200
2015-10-27 22:00:00,2.0920000076293945,2.0920000076293945,2.0920000076293945,29991200,29991200,29991200
2015-10-28 22:00:00,2.032999992370605,2.032999992370605,2.032999992370605,29991200,29991200,29991200
2015-10-29 22:00:00,2.256999969482422,2.256999969482422,2.256999969482422,29991200,29991200,29991200
2015-10-30 22:00:00,2.321000099182129,2.321000099182129,2.321000099182129,29991200,29991200,29991200
2015-11-02 22:00:00,2.25600004196167,2.25600004196167,2.25600004196167,29991200,29991200,29991200
2015-11-03 22:00:00,2.253000020980835,2.253000020980835,2.253000020980835,29991200,29991200,29991200
2015-11-04 22:00:00,2.26200008392334,2.26200008392334,2.26200008392334,29991200,29991200,29991200
2015-11-05 22:00:00,2.364000082015991,2.364000082015991,2.364000082015991,29991200,29991200,29991200
2015-11-06 22:00:00,2.371000051498413,2.371000051498413,2.371000051498413,29991200,29991200,29991200
2015-11-09 22:00:00,2.299999952316284,2.299999952316284,2.299999952316284,29991200,29991200,29991200
2015-11-10 22:00:00,2.319999933242798,2.319999933242798,2.319999933242798,29991200,29991200,29991200
2015-11-11 22:00:00,2.263000011444092,2.263000011444092,2.263000011444092,29991200,29991200,29991200
2015-11-12 22:00:00,2.259999990463257,2.259999990463257,2.259999990463257,29991200,29991200,29991200
2015-11-13 22:00:00,2.361000061035156,2.361000061035156,2.361000061035156,29991200,29991200,29991200
2015-11-16 22:00:00,2.384999990463257,2.384999990463257,2.384999990463257,29991200,29991200,29991200
2015-11-17 22:00:00,2.371000051498413,2.371000051498413,2.371000051498413,29991200,29991200,29991200
2015-11-18 22:00:00,2.3469998836517334,2.3469998836517334,2.3469998836517334,29991200,29991200,29991200
2015-11-19 22:00:00,2.276000022888184,2.276000022888184,2.276000022888184,29991200,29991200,29991200
2015-11-20 22:00:00,2.1449999809265137,2.1449999809265137,2.1449999809265137,29991200,29991200,29991200
2015-11-23 22:00:00,2.2100000381469727,2.2100000381469727,2.2100000381469727,29991200,29991200,29991200
2015-11-24 22:00:00,2.200000047683716,2.200000047683716,2.200000047683716,29991200,29991200,29991200
2015-11-25 22:00:00,2.2060000896453857,2.2060000896453857,2.2060000896453857,29991200,29991200,29991200
2015-11-27 22:00:00,2.211999893188477,2.211999893188477,2.211999893188477,29991200,29991200,29991200
2015-11-30 22:00:00,2.234999895095825,2.234999895095825,2.234999895095825,29991200,29991200,29991200
2015-12-01 22:00:00,2.2309999465942383,2.2309999465942383,2.2309999465942383,29991200,29991200,29991200
2015-12-02 22:00:00,2.164999961853028,2.164999961853028,2.164999961853028,29991200,29991200,29991200
2015-12-03 22:00:00,2.180999994277954,2.180999994277954,2.180999994277954,29991200,29991200,29991200
2015-12-04 22:00:00,2.186000108718872,2.186000108718872,2.186000108718872,29991200,29991200,29991200
2015-12-07 22:00:00,2.066999912261963,2.066999912261963,2.066999912261963,29991200,29991200,29991200
2015-12-08 22:00:00,2.069999933242798,2.069999933242798,2.069999933242798,29991200,29991200,29991200
2015-12-09 22:00:00,2.062000036239624,2.062000036239624,2.062000036239624,29991200,29991200,29991200
2015-12-10 22:00:00,2.015000104904175,2.015000104904175,2.015000104904175,29991200,29991200,29991200
2015-12-11 22:00:00,1.9900000095367432,1.9900000095367432,1.9900000095367432,29991200,29991200,29991200
2015-12-14 22:00:00,1.8940000534057613,1.8940000534057613,1.8940000534057613,29991200,29991200,29991200
2015-12-15 22:00:00,1.8220000267028809,1.8220000267028809,1.8220000267028809,29991200,29991200,29991200
2015-12-16 22:00:00,1.7899999618530271,1.7899999618530271,1.7899999618530271,29991200,29991200,29991200
2015-12-17 22:00:00,1.7549999952316284,1.7549999952316284,1.7549999952316284,29991200,29991200,29991200
2015-12-18 22:00:00,1.7669999599456787,1.7669999599456787,1.7669999599456787,29991200,29991200,29991200
2015-12-21 22:00:00,1.9110000133514404,1.9110000133514404,1.9110000133514404,29991200,29991200,29991200
2015-12-22 22:00:00,1.888000011444092,1.888000011444092,1.888000011444092,29991200,29991200,29991200
2015-12-23 22:00:00,1.9830000400543213,1.9830000400543213,1.9830000400543213,29991200,29991200,29991200
2015-12-24 22:00:00,2.0290000438690186,2.0290000438690186,2.0290000438690186,29991200,29991200,29991200
2015-12-28 22:00:00,2.227999925613404,2.227999925613404,2.227999925613404,29991200,29991200,29991200
2015-12-29 22:00:00,2.371999979019165,2.371999979019165,2.371999979019165,29991200,29991200,29991200
2015-12-30 22:00:00,2.21399998664856,2.21399998664856,2.21399998664856,29991200,29991200,29991200
2015-12-31 22:00:00,2.336999893188477,2.336999893188477,2.336999893188477,29991200,29991200,29991200
2016-01-04 22:00:00,2.3340001106262207,2.3340001106262207,2.3340001106262207,29991200,29991200,29991200
2016-01-05 22:00:00,2.325000047683716,2.325000047683716,2.325000047683716,29991200,29991200,29991200
2016-01-06 22:00:00,2.2669999599456787,2.2669999599456787,2.2669999599456787,29991200,29991200,29991200
2016-01-07 22:00:00,2.381999969482422,2.381999969482422,2.381999969482422,29991200,29991200,29991200
2016-01-08 22:00:00,2.4719998836517334,2.4719998836517334,2.4719998836517334,29991200,29991200,29991200
2016-01-11 22:00:00,2.3959999084472656,2.3959999084472656,2.3959999084472656,29991200,29991200,29991200
2016-01-12 22:00:00,2.256999969482422,2.256999969482422,2.256999969482422,29991200,29991200,29991200
2016-01-13 22:00:00,2.2690000534057617,2.2690000534057617,2.2690000534057617,29991200,29991200,29991200
2016-01-14 22:00:00,2.138999938964844,2.138999938964844,2.138999938964844,29991200,29991200,29991200
2016-01-15 22:00:00,2.0999999046325684,2.0999999046325684,2.0999999046325684,29991200,29991200,29991200
2016-01-19 22:00:00,2.0910000801086426,2.0910000801086426,2.0910000801086426,29991200,29991200,29991200
2016-01-20 22:00:00,2.118000030517578,2.118000030517578,2.118000030517578,29991200,29991200,29991200
2016-01-21 22:00:00,2.138000011444092,2.138000011444092,2.138000011444092,29991200,29991200,29991200
2016-01-22 22:00:00,2.138999938964844,2.138999938964844,2.138999938964844,29991200,29991200,29991200
2016-01-25 22:00:00,2.157999992370605,2.157999992370605,2.157999992370605,29991200,29991200,29991200
2016-01-26 22:00:00,2.180000066757202,2.180000066757202,2.180000066757202,29991200,29991200,29991200
2016-01-27 22:00:00,2.188999891281128,2.188999891281128,2.188999891281128,29991200,29991200,29991200
2016-01-28 22:00:00,2.181999921798706,2.181999921798706,2.181999921798706,29991200,29991200,29991200
2016-01-29 22:00:00,2.2980000972747803,2.2980000972747803,2.2980000972747803,29991200,29991200,29991200
2016-02-01 22:00:00,2.1519999504089355,2.1519999504089355,2.1519999504089355,29991200,29991200,29991200
2016-02-02 22:00:00,2.025000095367432,2.025000095367432,2.025000095367432,29991200,29991200,29991200
2016-02-03 22:00:00,2.0380001068115234,2.0380001068115234,2.0380001068115234,29991200,29991200,29991200
2016-02-04 22:00:00,1.972000002861023,1.972000002861023,1.972000002861023,29991200,29991200,29991200
2016-02-05 22:00:00,2.062999963760376,2.062999963760376,2.062999963760376,29991200,29991200,29991200
2016-02-08 22:00:00,2.140000104904175,2.140000104904175,2.140000104904175,29991200,29991200,29991200
2016-02-09 22:00:00,2.0980000495910645,2.0980000495910645,2.0980000495910645,29991200,29991200,29991200
2016-02-10 22:00:00,2.0460000038146973,2.0460000038146973,2.0460000038146973,29991200,29991200,29991200
2016-02-11 22:00:00,1.99399995803833,1.99399995803833,1.99399995803833,29991200,29991200,29991200
2016-02-12 22:00:00,1.965999960899353,1.965999960899353,1.965999960899353,29991200,29991200,29991200
2016-02-16 22:00:00,1.902999997138977,1.902999997138977,1.902999997138977,29991200,29991200,29991200
2016-02-17 22:00:00,1.9420000314712524,1.9420000314712524,1.9420000314712524,29991200,29991200,29991200
2016-02-18 22:00:00,1.851999998092652,1.851999998092652,1.851999998092652,29991200,29991200,29991200
2016-02-19 22:00:00,1.8040000200271609,1.8040000200271609,1.8040000200271609,29991200,29991200,29991200
2016-02-22 22:00:00,1.82099997997284,1.82099997997284,1.82099997997284,29991200,29991200,29991200
2016-02-23 22:00:00,1.781999945640564,1.781999945640564,1.781999945640564,29991200,29991200,29991200
2016-02-24 22:00:00,1.777999997138977,1.777999997138977,1.777999997138977,29991200,29991200,29991200
2016-02-25 22:00:00,1.7109999656677246,1.7109999656677246,1.7109999656677246,29991200,29991200,29991200
2016-02-26 22:00:00,1.7910000085830688,1.7910000085830688,1.7910000085830688,29991200,29991200,29991200
2016-02-29 22:00:00,1.7109999656677246,1.7109999656677246,1.7109999656677246,29991200,29991200,29991200
2016-03-01 22:00:00,1.7419999837875366,1.7419999837875366,1.7419999837875366,29991200,29991200,29991200
2016-03-02 22:00:00,1.6779999732971191,1.6779999732971191,1.6779999732971191,29991200,29991200,29991200
2016-03-03 22:00:00,1.6390000581741333,1.6390000581741333,1.6390000581741333,29991200,29991200,29991200
2016-03-04 22:00:00,1.6660000085830688,1.6660000085830688,1.6660000085830688,29991200,29991200,29991200
2016-03-07 22:00:00,1.690000057220459,1.690000057220459,1.690000057220459,29991200,29991200,29991200
2016-03-08 22:00:00,1.712000012397766,1.712000012397766,1.712000012397766,29991200,29991200,29991200
2016-03-09 22:00:00,1.7519999742507937,1.7519999742507937,1.7519999742507937,29991200,29991200,29991200
2016-03-10 22:00:00,1.787999987602234,1.787999987602234,1.787999987602234,29991200,29991200,29991200
2016-03-11 22:00:00,1.8220000267028809,1.8220000267028809,1.8220000267028809,29991200,29991200,29991200
2016-03-14 22:00:00,1.819000005722046,1.819000005722046,1.819000005722046,29991200,29991200,29991200
2016-03-15 22:00:00,1.8509999513626096,1.8509999513626096,1.8509999513626096,29991200,29991200,29991200
2016-03-16 22:00:00,1.868000030517578,1.868000030517578,1.868000030517578,29991200,29991200,29991200
2016-03-17 22:00:00,1.9359999895095823,1.9359999895095823,1.9359999895095823,29991200,29991200,29991200
2016-03-18 22:00:00,1.906999945640564,1.906999945640564,1.906999945640564,29991200,29991200,29991200
2016-03-21 22:00:00,1.8279999494552608,1.8279999494552608,1.8279999494552608,29991200,29991200,29991200
2016-03-22 22:00:00,1.8630000352859497,1.8630000352859497,1.8630000352859497,29991200,29991200,29991200
2016-03-23 22:00:00,1.7940000295639038,1.7940000295639038,1.7940000295639038,29991200,29991200,29991200
2016-03-24 22:00:00,1.805999994277954,1.805999994277954,1.805999994277954,29991200,29991200,29991200
2016-03-28 22:00:00,1.8480000495910645,1.8480000495910645,1.8480000495910645,29991200,29991200,29991200
2016-03-29 22:00:00,1.902999997138977,1.902999997138977,1.902999997138977,29991200,29991200,29991200
2016-03-30 22:00:00,1.996000051498413,1.996000051498413,1.996000051498413,29991200,29991200,29991200
2016-03-31 22:00:00,1.9589999914169312,1.9589999914169312,1.9589999914169312,29991200,29991200,29991200
2016-04-01 22:00:00,1.955999970436096,1.955999970436096,1.955999970436096,29991200,29991200,29991200
2016-04-04 22:00:00,1.9980000257492063,1.9980000257492063,1.9980000257492063,29991200,29991200,29991200
2016-04-05 22:00:00,1.9539999961853027,1.9539999961853027,1.9539999961853027,29991200,29991200,29991200
2016-04-06 22:00:00,1.9110000133514404,1.9110000133514404,1.9110000133514404,29991200,29991200,29991200
2016-04-07 22:00:00,2.0179998874664307,2.0179998874664307,2.0179998874664307,29991200,29991200,29991200
2016-04-08 22:00:00,1.9900000095367432,1.9900000095367432,1.9900000095367432,29991200,29991200,29991200
2016-04-11 22:00:00,1.9119999408721924,1.9119999408721924,1.9119999408721924,29991200,29991200,29991200
2016-04-12 22:00:00,2.003999948501587,2.003999948501587,2.003999948501587,29991200,29991200,29991200
2016-04-13 22:00:00,2.0360000133514404,2.0360000133514404,2.0360000133514404,29991200,29991200,29991200
2016-04-14 22:00:00,1.9700000286102293,1.9700000286102293,1.9700000286102293,29991200,29991200,29991200
2016-04-15 22:00:00,1.9019999504089355,1.9019999504089355,1.9019999504089355,29991200,29991200,29991200
2016-04-18 22:00:00,1.940000057220459,1.940000057220459,1.940000057220459,29991200,29991200,29991200
2016-04-19 22:00:00,2.088000059127808,2.088000059127808,2.088000059127808,29991200,29991200,29991200
2016-04-20 22:00:00,2.069000005722046,2.069000005722046,2.069000005722046,29991200,29991200,29991200
2016-04-21 22:00:00,2.068000078201294,2.068000078201294,2.068000078201294,29991200,29991200,29991200
2016-04-22 22:00:00,2.140000104904175,2.140000104904175,2.140000104904175,29991200,29991200,29991200
2016-04-25 22:00:00,2.062999963760376,2.062999963760376,2.062999963760376,29991200,29991200,29991200
2016-04-26 22:00:00,2.032000064849853,2.032000064849853,2.032000064849853,29991200,29991200,29991200
2016-04-27 22:00:00,1.995000004768372,1.995000004768372,1.995000004768372,29991200,29991200,29991200
2016-04-28 22:00:00,2.078000068664551,2.078000068664551,2.078000068664551,29991200,29991200,29991200
2016-04-29 22:00:00,2.177999973297119,2.177999973297119,2.177999973297119,29991200,29991200,29991200
2016-05-02 22:00:00,2.0420000553131104,2.0420000553131104,2.0420000553131104,29991200,29991200,29991200
2016-05-03 22:00:00,2.0859999656677246,2.0859999656677246,2.0859999656677246,29991200,29991200,29991200
2016-05-04 22:00:00,2.1410000324249268,2.1410000324249268,2.1410000324249268,29991200,29991200,29991200
2016-05-05 22:00:00,2.075999975204468,2.075999975204468,2.075999975204468,29991200,29991200,29991200
2016-05-06 22:00:00,2.1010000705718994,2.1010000705718994,2.1010000705718994,29991200,29991200,29991200
2016-05-09 22:00:00,2.0980000495910645,2.0980000495910645,2.0980000495910645,29991200,29991200,29991200
2016-05-10 22:00:00,2.157999992370605,2.157999992370605,2.157999992370605,29991200,29991200,29991200
2016-05-11 22:00:00,2.1730000972747803,2.1730000972747803,2.1730000972747803,29991200,29991200,29991200
2016-05-12 22:00:00,2.1549999713897705,2.1549999713897705,2.1549999713897705,29991200,29991200,29991200
2016-05-13 22:00:00,2.095999956130981,2.095999956130981,2.095999956130981,29991200,29991200,29991200
2016-05-16 22:00:00,2.0290000438690186,2.0290000438690186,2.0290000438690186,29991200,29991200,29991200
2016-05-17 22:00:00,2.0480000972747803,2.0480000972747803,2.0480000972747803,29991200,29991200,29991200
2016-05-18 22:00:00,2.000999927520752,2.000999927520752,2.000999927520752,29991200,29991200,29991200
2016-05-19 22:00:00,2.0390000343322754,2.0390000343322754,2.0390000343322754,29991200,29991200,29991200
2016-05-20 22:00:00,2.062000036239624,2.062000036239624,2.062000036239624,29991200,29991200,29991200
2016-05-23 22:00:00,2.055000066757202,2.055000066757202,2.055000066757202,29991200,29991200,29991200
2016-05-24 22:00:00,1.9800000190734863,1.9800000190734863,1.9800000190734863,29991200,29991200,29991200
2016-05-25 22:00:00,1.9919999837875368,1.9919999837875368,1.9919999837875368,29991200,29991200,29991200
2016-05-26 22:00:00,1.963000059127808,1.963000059127808,1.963000059127808,29991200,29991200,29991200
2016-05-27 22:00:00,2.1689999103546143,2.1689999103546143,2.1689999103546143,29991200,29991200,29991200
2016-05-31 22:00:00,2.2880001068115234,2.2880001068115234,2.2880001068115234,29991200,29991200,29991200
2016-06-01 22:00:00,2.38100004196167,2.38100004196167,2.38100004196167,29991200,29991200,29991200
2016-06-02 22:00:00,2.4049999713897705,2.4049999713897705,2.4049999713897705,29991200,29991200,29991200
2016-06-03 22:00:00,2.3980000019073486,2.3980000019073486,2.3980000019073486,29991200,29991200,29991200
2016-06-06 22:00:00,2.4660000801086426,2.4660000801086426,2.4660000801086426,29991200,29991200,29991200
2016-06-07 22:00:00,2.4739999771118164,2.4739999771118164,2.4739999771118164,29991200,29991200,29991200
2016-06-08 22:00:00,2.4679999351501465,2.4679999351501465,2.4679999351501465,29991200,29991200,29991200
2016-06-09 22:00:00,2.617000102996826,2.617000102996826,2.617000102996826,29991200,29991200,29991200
2016-06-10 22:00:00,2.555999994277954,2.555999994277954,2.555999994277954,29991200,29991200,29991200
2016-06-13 22:00:00,2.5850000381469727,2.5850000381469727,2.5850000381469727,29991200,29991200,29991200
2016-06-14 22:00:00,2.6040000915527344,2.6040000915527344,2.6040000915527344,29991200,29991200,29991200
2016-06-15 22:00:00,2.595000028610229,2.595000028610229,2.595000028610229,29991200,29991200,29991200
2016-06-16 22:00:00,2.5799999237060547,2.5799999237060547,2.5799999237060547,29991200,29991200,29991200
2016-06-17 22:00:00,2.622999906539917,2.622999906539917,2.622999906539917,29991200,29991200,29991200
2016-06-20 22:00:00,2.746999979019165,2.746999979019165,2.746999979019165,29991200,29991200,29991200
2016-06-21 22:00:00,2.7679998874664307,2.7679998874664307,2.7679998874664307,29991200,29991200,29991200
2016-06-22 22:00:00,2.677000045776367,2.677000045776367,2.677000045776367,29991200,29991200,29991200
2016-06-23 22:00:00,2.697999954223633,2.697999954223633,2.697999954223633,29991200,29991200,29991200
2016-06-24 22:00:00,2.6619999408721924,2.6619999408721924,2.6619999408721924,29991200,29991200,29991200
2016-06-27 22:00:00,2.7160000801086426,2.7160000801086426,2.7160000801086426,29991200,29991200,29991200
2016-06-28 22:00:00,2.9170000553131104,2.9170000553131104,2.9170000553131104,29991200,29991200,29991200
2016-06-29 22:00:00,2.86299991607666,2.86299991607666,2.86299991607666,29991200,29991200,29991200
2016-06-30 22:00:00,2.924000024795532,2.924000024795532,2.924000024795532,29991200,29991200,29991200
2016-07-01 22:00:00,2.986999988555908,2.986999988555908,2.986999988555908,29991200,29991200,29991200
2016-07-05 22:00:00,2.763999938964844,2.763999938964844,2.763999938964844,29991200,29991200,29991200
2016-07-06 22:00:00,2.7860000133514404,2.7860000133514404,2.7860000133514404,29991200,29991200,29991200
2016-07-07 22:00:00,2.7769999504089355,2.7769999504089355,2.7769999504089355,29991200,29991200,29991200
2016-07-08 22:00:00,2.8010001182556152,2.8010001182556152,2.8010001182556152,29991200,29991200,29991200
2016-07-11 22:00:00,2.70199990272522,2.70199990272522,2.70199990272522,29991200,29991200,29991200
2016-07-12 22:00:00,2.733999967575073,2.733999967575073,2.733999967575073,29991200,29991200,29991200
2016-07-13 22:00:00,2.736999988555908,2.736999988555908,2.736999988555908,29991200,29991200,29991200
2016-07-14 22:00:00,2.726999998092652,2.726999998092652,2.726999998092652,29991200,29991200,29991200
2016-07-15 22:00:00,2.75600004196167,2.75600004196167,2.75600004196167,29991200,29991200,29991200
2016-07-18 22:00:00,2.7219998836517334,2.7219998836517334,2.7219998836517334,29991200,29991200,29991200
2016-07-19 22:00:00,2.727999925613404,2.727999925613404,2.727999925613404,29991200,29991200,29991200
2016-07-20 22:00:00,2.657999992370605,2.657999992370605,2.657999992370605,29991200,29991200,29991200
2016-07-21 22:00:00,2.691999912261963,2.691999912261963,2.691999912261963,29991200,29991200,29991200
2016-07-22 22:00:00,2.7769999504089355,2.7769999504089355,2.7769999504089355,29991200,29991200,29991200
2016-07-25 22:00:00,2.746999979019165,2.746999979019165,2.746999979019165,29991200,29991200,29991200
2016-07-26 22:00:00,2.711999893188477,2.711999893188477,2.711999893188477,29991200,29991200,29991200
2016-07-27 22:00:00,2.671999931335449,2.671999931335449,2.671999931335449,29991200,29991200,29991200
2016-07-28 22:00:00,2.872999906539917,2.872999906539917,2.872999906539917,29991200,29991200,29991200
2016-07-29 22:00:00,2.875999927520752,2.875999927520752,2.875999927520752,29991200,29991200,29991200
2016-08-01 22:00:00,2.7709999084472656,2.7709999084472656,2.7709999084472656,29991200,29991200,29991200
2016-08-02 22:00:00,2.7330000400543213,2.7330000400543213,2.7330000400543213,29991200,29991200,29991200
2016-08-03 22:00:00,2.83899998664856,2.83899998664856,2.83899998664856,29991200,29991200,29991200
2016-08-04 22:00:00,2.8340001106262207,2.8340001106262207,2.8340001106262207,29991200,29991200,29991200
2016-08-05 22:00:00,2.7720000743865967,2.7720000743865967,2.7720000743865967,29991200,29991200,29991200
2016-08-08 22:00:00,2.747999906539917,2.747999906539917,2.747999906539917,29991200,29991200,29991200
2016-08-09 22:00:00,2.615000009536743,2.615000009536743,2.615000009536743,29991200,29991200,29991200
2016-08-10 22:00:00,2.561000108718872,2.561000108718872,2.561000108718872,29991200,29991200,29991200
2016-08-11 22:00:00,2.5510001182556152,2.5510001182556152,2.5510001182556152,29991200,29991200,29991200
2016-08-12 22:00:00,2.5859999656677246,2.5859999656677246,2.5859999656677246,29991200,29991200,29991200
2016-08-15 22:00:00,2.5899999141693115,2.5899999141693115,2.5899999141693115,29991200,29991200,29991200
2016-08-16 22:00:00,2.617000102996826,2.617000102996826,2.617000102996826,29991200,29991200,29991200
2016-08-17 22:00:00,2.61899995803833,2.61899995803833,2.61899995803833,29991200,29991200,29991200
2016-08-18 22:00:00,2.674000024795532,2.674000024795532,2.674000024795532,29991200,29991200,29991200
2016-08-19 22:00:00,2.5840001106262207,2.5840001106262207,2.5840001106262207,29991200,29991200,29991200
2016-08-22 22:00:00,2.678999900817871,2.678999900817871,2.678999900817871,29991200,29991200,29991200
2016-08-23 22:00:00,2.760999917984009,2.760999917984009,2.760999917984009,29991200,29991200,29991200
2016-08-24 22:00:00,2.7960000038146973,2.7960000038146973,2.7960000038146973,29991200,29991200,29991200
2016-08-25 22:00:00,2.845999956130981,2.845999956130981,2.845999956130981,29991200,29991200,29991200
2016-08-26 22:00:00,2.871000051498413,2.871000051498413,2.871000051498413,29991200,29991200,29991200
2016-08-29 22:00:00,2.852999925613404,2.852999925613404,2.852999925613404,29991200,29991200,29991200
2016-08-30 22:00:00,2.82699990272522,2.82699990272522,2.82699990272522,29991200,29991200,29991200
2016-08-31 22:00:00,2.88700008392334,2.88700008392334,2.88700008392334,29991200,29991200,29991200
2016-09-01 22:00:00,2.7920000553131104,2.7920000553131104,2.7920000553131104,29991200,29991200,29991200
2016-09-02 22:00:00,2.7920000553131104,2.7920000553131104,2.7920000553131104,29991200,29991200,29991200
2016-09-06 22:00:00,2.7170000076293945,2.7170000076293945,2.7170000076293945,29991200,29991200,29991200
2016-09-07 22:00:00,2.6760001182556152,2.6760001182556152,2.6760001182556152,29991200,29991200,29991200
2016-09-08 22:00:00,2.805999994277954,2.805999994277954,2.805999994277954,29991200,29991200,29991200
2016-09-09 22:00:00,2.796999931335449,2.796999931335449,2.796999931335449,29991200,29991200,29991200
2016-09-12 22:00:00,2.914999961853028,2.914999961853028,2.914999961853028,29991200,29991200,29991200
2016-09-13 22:00:00,2.9089999198913574,2.9089999198913574,2.9089999198913574,29991200,29991200,29991200
2016-09-14 22:00:00,2.888999938964844,2.888999938964844,2.888999938964844,29991200,29991200,29991200
2016-09-15 22:00:00,2.927000045776367,2.927000045776367,2.927000045776367,29991200,29991200,29991200
2016-09-16 22:00:00,2.947999954223633,2.947999954223633,2.947999954223633,29991200,29991200,29991200
2016-09-19 22:00:00,2.934000015258789,2.934000015258789,2.934000015258789,29991200,29991200,29991200
2016-09-20 22:00:00,3.046999931335449,3.046999931335449,3.046999931335449,29991200,29991200,29991200
2016-09-21 22:00:00,3.056999921798706,3.056999921798706,3.056999921798706,29991200,29991200,29991200
2016-09-22 22:00:00,2.990000009536743,2.990000009536743,2.990000009536743,29991200,29991200,29991200
2016-09-23 22:00:00,2.9549999237060547,2.9549999237060547,2.9549999237060547,29991200,29991200,29991200
2016-09-26 22:00:00,2.996999979019165,2.996999979019165,2.996999979019165,29991200,29991200,29991200
2016-09-27 22:00:00,2.996000051498413,2.996000051498413,2.996000051498413,29991200,29991200,29991200
2016-09-28 22:00:00,2.95199990272522,2.95199990272522,2.95199990272522,29991200,29991200,29991200
2016-09-29 22:00:00,2.9590001106262207,2.9590001106262207,2.9590001106262207,29991200,29991200,29991200
2016-09-30 22:00:00,2.9059998989105225,2.9059998989105225,2.9059998989105225,29991200,29991200,29991200
2016-10-03 22:00:00,2.9230000972747803,2.9230000972747803,2.9230000972747803,29991200,29991200,29991200
2016-10-04 22:00:00,2.96399998664856,2.96399998664856,2.96399998664856,29991200,29991200,29991200
2016-10-05 22:00:00,3.04099988937378,3.04099988937378,3.04099988937378,29991200,29991200,29991200
2016-10-06 22:00:00,3.049000024795532,3.049000024795532,3.049000024795532,29991200,29991200,29991200
2016-10-07 22:00:00,3.193000078201294,3.193000078201294,3.193000078201294,29991200,29991200,29991200
2016-10-11 22:00:00,3.236999988555908,3.236999988555908,3.236999988555908,29991200,29991200,29991200
2016-10-12 22:00:00,3.2100000381469727,3.2100000381469727,3.2100000381469727,29991200,29991200,29991200
2016-10-13 22:00:00,3.3410000801086426,3.3410000801086426,3.3410000801086426,29991200,29991200,29991200
2016-10-14 22:00:00,3.2850000858306885,3.2850000858306885,3.2850000858306885,29991200,29991200,29991200
2016-10-17 22:00:00,3.24399995803833,3.24399995803833,3.24399995803833,29991200,29991200,29991200
2016-10-18 22:00:00,3.263000011444092,3.263000011444092,3.263000011444092,29991200,29991200,29991200
2016-10-19 22:00:00,3.1700000762939453,3.1700000762939453,3.1700000762939453,29991200,29991200,29991200
2016-10-20 22:00:00,3.1410000324249268,3.1410000324249268,3.1410000324249268,29991200,29991200,29991200
2016-10-21 22:00:00,2.993000030517578,2.993000030517578,2.993000030517578,29991200,29991200,29991200
2016-10-24 22:00:00,2.8310000896453857,2.8310000896453857,2.8310000896453857,29991200,29991200,29991200
2016-10-25 22:00:00,2.7739999294281006,2.7739999294281006,2.7739999294281006,29991200,29991200,29991200
2016-10-26 22:00:00,2.7309999465942383,2.7309999465942383,2.7309999465942383,29991200,29991200,29991200
2016-10-27 22:00:00,2.763999938964844,2.763999938964844,2.763999938964844,29991200,29991200,29991200
2016-10-28 22:00:00,3.1050000190734863,3.1050000190734863,3.1050000190734863,29991200,29991200,29991200
2016-10-31 22:00:00,3.026000022888184,3.026000022888184,3.026000022888184,29991200,29991200,29991200
2016-11-01 22:00:00,2.9019999504089355,2.9019999504089355,2.9019999504089355,29991200,29991200,29991200
2016-11-02 22:00:00,2.7920000553131104,2.7920000553131104,2.7920000553131104,29991200,29991200,29991200
2016-11-03 22:00:00,2.7690000534057617,2.7690000534057617,2.7690000534057617,29991200,29991200,29991200
2016-11-04 22:00:00,2.7669999599456787,2.7669999599456787,2.7669999599456787,29991200,29991200,29991200
2016-11-07 22:00:00,2.815999984741211,2.815999984741211,2.815999984741211,29991200,29991200,29991200
2016-11-08 22:00:00,2.632999897003174,2.632999897003174,2.632999897003174,29991200,29991200,29991200
2016-11-09 22:00:00,2.690000057220459,2.690000057220459,2.690000057220459,29991200,29991200,29991200
2016-11-10 22:00:00,2.631999969482422,2.631999969482422,2.631999969482422,29991200,29991200,29991200
2016-11-14 22:00:00,2.749000072479248,2.749000072479248,2.749000072479248,29991200,29991200,29991200
2016-11-15 22:00:00,2.7090001106262207,2.7090001106262207,2.7090001106262207,29991200,29991200,29991200
2016-11-16 22:00:00,2.763999938964844,2.763999938964844,2.763999938964844,29991200,29991200,29991200
2016-11-17 22:00:00,2.703000068664551,2.703000068664551,2.703000068664551,29991200,29991200,29991200
2016-11-18 22:00:00,2.8429999351501465,2.8429999351501465,2.8429999351501465,29991200,29991200,29991200
2016-11-21 22:00:00,2.950000047683716,2.950000047683716,2.950000047683716,29991200,29991200,29991200
2016-11-22 22:00:00,2.9820001125335693,2.9820001125335693,2.9820001125335693,29991200,29991200,29991200
2016-11-23 22:00:00,3.026000022888184,3.026000022888184,3.026000022888184,29991200,29991200,29991200
2016-11-25 22:00:00,3.0850000381469727,3.0850000381469727,3.0850000381469727,29991200,29991200,29991200
2016-11-28 22:00:00,3.2320001125335693,3.2320001125335693,3.2320001125335693,29991200,29991200,29991200
2016-11-29 22:00:00,3.315000057220459,3.315000057220459,3.315000057220459,29991200,29991200,29991200
2016-11-30 22:00:00,3.351999998092652,3.351999998092652,3.351999998092652,29991200,29991200,29991200
2016-12-01 22:00:00,3.505000114440918,3.505000114440918,3.505000114440918,29991200,29991200,29991200
2016-12-02 22:00:00,3.436000108718872,3.436000108718872,3.436000108718872,29991200,29991200,29991200
2016-12-05 22:00:00,3.6540000438690186,3.6540000438690186,3.6540000438690186,29991200,29991200,29991200
2016-12-06 22:00:00,3.634999990463257,3.634999990463257,3.634999990463257,29991200,29991200,29991200
2016-12-07 22:00:00,3.6029999256134033,3.6029999256134033,3.6029999256134033,29991200,29991200,29991200
2016-12-08 22:00:00,3.694999933242798,3.694999933242798,3.694999933242798,29991200,29991200,29991200
2016-12-09 22:00:00,3.746000051498413,3.746000051498413,3.746000051498413,29991200,29991200,29991200
2016-12-12 22:00:00,3.506999969482422,3.506999969482422,3.506999969482422,29991200,29991200,29991200
2016-12-13 22:00:00,3.4739999771118164,3.4739999771118164,3.4739999771118164,29991200,29991200,29991200
2016-12-14 22:00:00,3.539999961853028,3.539999961853028,3.539999961853028,29991200,29991200,29991200
2016-12-15 22:00:00,3.434000015258789,3.434000015258789,3.434000015258789,29991200,29991200,29991200
2016-12-16 22:00:00,3.414999961853028,3.414999961853028,3.414999961853028,29991200,29991200,29991200
2016-12-19 22:00:00,3.3919999599456787,3.3919999599456787,3.3919999599456787,29991200,29991200,29991200
2016-12-20 22:00:00,3.263000011444092,3.263000011444092,3.263000011444092,29991200,29991200,29991200
2016-12-21 22:00:00,3.5420000553131104,3.5420000553131104,3.5420000553131104,29991200,29991200,29991200
2016-12-22 22:00:00,3.5380001068115234,3.5380001068115234,3.5380001068115234,29991200,29991200,29991200
2016-12-23 22:00:00,3.661999940872192,3.661999940872192,3.661999940872192,29991200,29991200,29991200
2016-12-27 22:00:00,3.760999917984009,3.760999917984009,3.760999917984009,29991200,29991200,29991200
2016-12-28 22:00:00,3.930000066757202,3.930000066757202,3.930000066757202,29991200,29991200,29991200
2016-12-29 22:00:00,3.802000045776367,3.802000045776367,3.802000045776367,29991200,29991200,29991200
2016-12-30 22:00:00,3.723999977111816,3.723999977111816,3.723999977111816,29991200,29991200,29991200
2017-01-03 22:00:00,3.32699990272522,3.32699990272522,3.32699990272522,29991200,29991200,29991200
2017-01-04 22:00:00,3.2669999599456787,3.2669999599456787,3.2669999599456787,29991200,29991200,29991200
2017-01-05 22:00:00,3.2730000019073486,3.2730000019073486,3.2730000019073486,29991200,29991200,29991200
2017-01-06 22:00:00,3.2850000858306885,3.2850000858306885,3.2850000858306885,29991200,29991200,29991200
2017-01-09 22:00:00,3.102999925613404,3.102999925613404,3.102999925613404,29991200,29991200,29991200
2017-01-10 22:00:00,3.2780001163482666,3.2780001163482666,3.2780001163482666,29991200,29991200,29991200
2017-01-11 22:00:00,3.2239999771118164,3.2239999771118164,3.2239999771118164,29991200,29991200,29991200
2017-01-12 22:00:00,3.385999917984009,3.385999917984009,3.385999917984009,29991200,29991200,29991200
2017-01-13 22:00:00,3.4189999103546143,3.4189999103546143,3.4189999103546143,29991200,29991200,29991200
2017-01-17 22:00:00,3.4119999408721924,3.4119999408721924,3.4119999408721924,29991200,29991200,29991200
2017-01-18 22:00:00,3.302000045776367,3.302000045776367,3.302000045776367,29991200,29991200,29991200
2017-01-19 22:00:00,3.368000030517578,3.368000030517578,3.368000030517578,29991200,29991200,29991200
2017-01-20 22:00:00,3.2039999961853027,3.2039999961853027,3.2039999961853027,29991200,29991200,29991200
2017-01-23 22:00:00,3.243000030517578,3.243000030517578,3.243000030517578,29991200,29991200,29991200
2017-01-24 22:00:00,3.2790000438690186,3.2790000438690186,3.2790000438690186,29991200,29991200,29991200
2017-01-25 22:00:00,3.3320000171661377,3.3320000171661377,3.3320000171661377,29991200,29991200,29991200
2017-01-26 22:00:00,3.381999969482422,3.381999969482422,3.381999969482422,29991200,29991200,29991200
2017-01-27 22:00:00,3.3910000324249268,3.3910000324249268,3.3910000324249268,29991200,29991200,29991200
2017-01-30 22:00:00,3.2320001125335693,3.2320001125335693,3.2320001125335693,29991200,29991200,29991200
2017-01-31 22:00:00,3.117000102996826,3.117000102996826,3.117000102996826,29991200,29991200,29991200
2017-02-01 22:00:00,3.1679999828338623,3.1679999828338623,3.1679999828338623,29991200,29991200,29991200
2017-02-02 22:00:00,3.187000036239624,3.187000036239624,3.187000036239624,29991200,29991200,29991200
2017-02-03 22:00:00,3.062999963760376,3.062999963760376,3.062999963760376,29991200,29991200,29991200
2017-02-06 22:00:00,3.049999952316284,3.049999952316284,3.049999952316284,29991200,29991200,29991200
2017-02-07 22:00:00,3.130000114440918,3.130000114440918,3.130000114440918,29991200,29991200,29991200
2017-02-08 22:00:00,3.125999927520752,3.125999927520752,3.125999927520752,29991200,29991200,29991200
2017-02-09 22:00:00,3.1410000324249268,3.1410000324249268,3.1410000324249268,29991200,29991200,29991200
2017-02-10 22:00:00,3.0339999198913574,3.0339999198913574,3.0339999198913574,29991200,29991200,29991200
2017-02-13 22:00:00,2.944000005722046,2.944000005722046,2.944000005722046,29991200,29991200,29991200
2017-02-14 22:00:00,2.9049999713897705,2.9049999713897705,2.9049999713897705,29991200,29991200,29991200
2017-02-15 22:00:00,2.924999952316284,2.924999952316284,2.924999952316284,29991200,29991200,29991200
2017-02-16 22:00:00,2.8540000915527344,2.8540000915527344,2.8540000915527344,29991200,29991200,29991200
2017-02-17 22:00:00,2.8340001106262207,2.8340001106262207,2.8340001106262207,29991200,29991200,29991200
2017-02-21 22:00:00,2.563999891281128,2.563999891281128,2.563999891281128,29991200,29991200,29991200
2017-02-22 22:00:00,2.5920000076293945,2.5920000076293945,2.5920000076293945,29991200,29991200,29991200
2017-02-23 22:00:00,2.617000102996826,2.617000102996826,2.617000102996826,29991200,29991200,29991200
2017-02-24 22:00:00,2.627000093460083,2.627000093460083,2.627000093460083,29991200,29991200,29991200
2017-02-27 22:00:00,2.693000078201294,2.693000078201294,2.693000078201294,29991200,29991200,29991200
2017-02-28 22:00:00,2.7739999294281006,2.7739999294281006,2.7739999294281006,29991200,29991200,29991200
2017-03-01 22:00:00,2.799000024795532,2.799000024795532,2.799000024795532,29991200,29991200,29991200
2017-03-02 22:00:00,2.803999900817871,2.803999900817871,2.803999900817871,29991200,29991200,29991200
2017-03-03 22:00:00,2.82699990272522,2.82699990272522,2.82699990272522,29991200,29991200,29991200
2017-03-06 22:00:00,2.901000022888184,2.901000022888184,2.901000022888184,29991200,29991200,29991200
2017-03-07 22:00:00,2.8239998817443848,2.8239998817443848,2.8239998817443848,29991200,29991200,29991200
2017-03-08 22:00:00,2.901000022888184,2.901000022888184,2.901000022888184,29991200,29991200,29991200
2017-03-09 22:00:00,2.9739999771118164,2.9739999771118164,2.9739999771118164,29991200,29991200,29991200
2017-03-10 22:00:00,3.007999897003174,3.007999897003174,3.007999897003174,29991200,29991200,29991200
2017-03-13 22:00:00,3.0429999828338623,3.0429999828338623,3.0429999828338623,29991200,29991200,29991200
2017-03-14 22:00:00,2.937999963760376,2.937999963760376,2.937999963760376,29991200,29991200,29991200
2017-03-15 22:00:00,2.9809999465942383,2.9809999465942383,2.9809999465942383,29991200,29991200,29991200
2017-03-16 22:00:00,2.9019999504089355,2.9019999504089355,2.9019999504089355,29991200,29991200,29991200
2017-03-17 22:00:00,2.947999954223633,2.947999954223633,2.947999954223633,29991200,29991200,29991200
2017-03-20 22:00:00,3.04099988937378,3.04099988937378,3.04099988937378,29991200,29991200,29991200
2017-03-21 22:00:00,3.0929999351501465,3.0929999351501465,3.0929999351501465,29991200,29991200,29991200
2017-03-22 22:00:00,3.010999917984009,3.010999917984009,3.010999917984009,29991200,29991200,29991200
2017-03-23 22:00:00,3.0510001182556152,3.0510001182556152,3.0510001182556152,29991200,29991200,29991200
2017-03-24 22:00:00,3.075999975204468,3.075999975204468,3.075999975204468,29991200,29991200,29991200
2017-03-27 22:00:00,3.052000045776367,3.052000045776367,3.052000045776367,29991200,29991200,29991200
2017-03-28 22:00:00,3.095999956130981,3.095999956130981,3.095999956130981,29991200,29991200,29991200
2017-03-29 22:00:00,3.174999952316284,3.174999952316284,3.174999952316284,29991200,29991200,29991200
2017-03-30 22:00:00,3.190999984741211,3.190999984741211,3.190999984741211,29991200,29991200,29991200
2017-03-31 22:00:00,3.190000057220459,3.190000057220459,3.190000057220459,29991200,29991200,29991200
2017-04-03 22:00:00,3.128000020980835,3.128000020980835,3.128000020980835,29991200,29991200,29991200
2017-04-04 22:00:00,3.2929999828338623,3.2929999828338623,3.2929999828338623,29991200,29991200,29991200
2017-04-05 22:00:00,3.2660000324249268,3.2660000324249268,3.2660000324249268,29991200,29991200,29991200
2017-04-06 22:00:00,3.3310000896453857,3.3310000896453857,3.3310000896453857,29991200,29991200,29991200
2017-04-07 22:00:00,3.260999917984009,3.260999917984009,3.260999917984009,29991200,29991200,29991200
2017-04-10 22:00:00,3.23799991607666,3.23799991607666,3.23799991607666,29991200,29991200,29991200
2017-04-11 22:00:00,3.150000095367432,3.150000095367432,3.150000095367432,29991200,29991200,29991200
2017-04-12 22:00:00,3.187000036239624,3.187000036239624,3.187000036239624,29991200,29991200,29991200
2017-04-13 22:00:00,3.226999998092652,3.226999998092652,3.226999998092652,29991200,29991200,29991200
2017-04-17 22:00:00,3.1630001068115234,3.1630001068115234,3.1630001068115234,29991200,29991200,29991200
2017-04-18 22:00:00,3.1449999809265137,3.1449999809265137,3.1449999809265137,29991200,29991200,29991200
2017-04-19 22:00:00,3.184999942779541,3.184999942779541,3.184999942779541,29991200,29991200,29991200
2017-04-20 22:00:00,3.1589999198913574,3.1589999198913574,3.1589999198913574,29991200,29991200,29991200
2017-04-21 22:00:00,3.1010000705718994,3.1010000705718994,3.1010000705718994,29991200,29991200,29991200
2017-04-24 22:00:00,3.065999984741211,3.065999984741211,3.065999984741211,29991200,29991200,29991200
2017-04-25 22:00:00,3.0429999828338623,3.0429999828338623,3.0429999828338623,29991200,29991200,29991200
2017-04-26 22:00:00,3.1419999599456787,3.1419999599456787,3.1419999599456787,29991200,29991200,29991200
2017-04-27 22:00:00,3.239000082015991,3.239000082015991,3.239000082015991,29991200,29991200,29991200
2017-04-28 22:00:00,3.276000022888184,3.276000022888184,3.276000022888184,29991200,29991200,29991200
2017-05-01 22:00:00,3.2149999141693115,3.2149999141693115,3.2149999141693115,29991200,29991200,29991200
2017-05-02 22:00:00,3.194999933242798,3.194999933242798,3.194999933242798,29991200,29991200,29991200
2017-05-03 22:00:00,3.227999925613404,3.227999925613404,3.227999925613404,29991200,29991200,29991200
2017-05-04 22:00:00,3.186000108718872,3.186000108718872,3.186000108718872,29991200,29991200,29991200
2017-05-05 22:00:00,3.2660000324249268,3.2660000324249268,3.2660000324249268,29991200,29991200,29991200
2017-05-08 22:00:00,3.171999931335449,3.171999931335449,3.171999931335449,29991200,29991200,29991200
2017-05-09 22:00:00,3.226999998092652,3.226999998092652,3.226999998092652,29991200,29991200,29991200
2017-05-10 22:00:00,3.2920000553131104,3.2920000553131104,3.2920000553131104,29991200,29991200,29991200
2017-05-11 22:00:00,3.375999927520752,3.375999927520752,3.375999927520752,29991200,29991200,29991200
2017-05-12 22:00:00,3.424000024795532,3.424000024795532,3.424000024795532,29991200,29991200,29991200
2017-05-15 22:00:00,3.3489999771118164,3.3489999771118164,3.3489999771118164,29991200,29991200,29991200
2017-05-16 22:00:00,3.2300000190734863,3.2300000190734863,3.2300000190734863,29991200,29991200,29991200
2017-05-17 22:00:00,3.191999912261963,3.191999912261963,3.191999912261963,29991200,29991200,29991200
2017-05-18 22:00:00,3.181999921798706,3.181999921798706,3.181999921798706,29991200,29991200,29991200
2017-05-19 22:00:00,3.25600004196167,3.25600004196167,3.25600004196167,29991200,29991200,29991200
2017-05-22 22:00:00,3.3299999237060547,3.3299999237060547,3.3299999237060547,29991200,29991200,29991200
2017-05-23 22:00:00,3.219000101089477,3.219000101089477,3.219000101089477,29991200,29991200,29991200
2017-05-24 22:00:00,3.2090001106262207,3.2090001106262207,3.2090001106262207,29991200,29991200,29991200
2017-05-25 22:00:00,3.184000015258789,3.184000015258789,3.184000015258789,29991200,29991200,29991200
2017-05-26 22:00:00,3.236000061035156,3.236000061035156,3.236000061035156,29991200,29991200,29991200
2017-05-30 22:00:00,3.1449999809265137,3.1449999809265137,3.1449999809265137,29991200,29991200,29991200
2017-05-31 22:00:00,3.071000099182129,3.071000099182129,3.071000099182129,29991200,29991200,29991200
2017-06-01 22:00:00,3.007999897003174,3.007999897003174,3.007999897003174,29991200,29991200,29991200
2017-06-02 22:00:00,2.999000072479248,2.999000072479248,2.999000072479248,29991200,29991200,29991200
2017-06-05 22:00:00,2.9820001125335693,2.9820001125335693,2.9820001125335693,29991200,29991200,29991200
2017-06-06 22:00:00,3.0420000553131104,3.0420000553131104,3.0420000553131104,29991200,29991200,29991200
2017-06-07 22:00:00,3.0199999809265137,3.0199999809265137,3.0199999809265137,29991200,29991200,29991200
2017-06-08 22:00:00,3.0280001163482666,3.0280001163482666,3.0280001163482666,29991200,29991200,29991200
2017-06-09 22:00:00,3.0390000343322754,3.0390000343322754,3.0390000343322754,29991200,29991200,29991200
2017-06-12 22:00:00,3.0239999294281006,3.0239999294281006,3.0239999294281006,29991200,29991200,29991200
2017-06-13 22:00:00,2.9660000801086426,2.9660000801086426,2.9660000801086426,29991200,29991200,29991200
2017-06-14 22:00:00,2.933000087738037,2.933000087738037,2.933000087738037,29991200,29991200,29991200
2017-06-15 22:00:00,3.055999994277954,3.055999994277954,3.055999994277954,29991200,29991200,29991200
2017-06-16 22:00:00,3.0369999408721924,3.0369999408721924,3.0369999408721924,29991200,29991200,29991200
2017-06-19 22:00:00,2.8940000534057617,2.8940000534057617,2.8940000534057617,29991200,29991200,29991200
2017-06-20 22:00:00,2.907000064849853,2.907000064849853,2.907000064849853,29991200,29991200,29991200
2017-06-21 22:00:00,2.8929998874664307,2.8929998874664307,2.8929998874664307,29991200,29991200,29991200
2017-06-22 22:00:00,2.8940000534057617,2.8940000534057617,2.8940000534057617,29991200,29991200,29991200
2017-06-23 22:00:00,2.928999900817871,2.928999900817871,2.928999900817871,29991200,29991200,29991200
2017-06-26 22:00:00,3.0269999504089355,3.0269999504089355,3.0269999504089355,29991200,29991200,29991200
2017-06-27 22:00:00,3.0369999408721924,3.0369999408721924,3.0369999408721924,29991200,29991200,29991200
2017-06-28 22:00:00,3.066999912261963,3.066999912261963,3.066999912261963,29991200,29991200,29991200
2017-06-29 22:00:00,3.0420000553131104,3.0420000553131104,3.0420000553131104,29991200,29991200,29991200
2017-06-30 22:00:00,3.0350000858306885,3.0350000858306885,3.0350000858306885,29991200,29991200,29991200
2017-07-03 22:00:00,2.950999975204468,2.950999975204468,2.950999975204468,29991200,29991200,29991200
2017-07-05 22:00:00,2.8399999141693115,2.8399999141693115,2.8399999141693115,29991200,29991200,29991200
2017-07-06 22:00:00,2.888000011444092,2.888000011444092,2.888000011444092,29991200,29991200,29991200
2017-07-07 22:00:00,2.864000082015991,2.864000082015991,2.864000082015991,29991200,29991200,29991200
2017-07-10 22:00:00,2.928999900817871,2.928999900817871,2.928999900817871,29991200,29991200,29991200
2017-07-11 22:00:00,3.046999931335449,3.046999931335449,3.046999931335449,29991200,29991200,29991200
2017-07-12 22:00:00,2.984999895095825,2.984999895095825,2.984999895095825,29991200,29991200,29991200
2017-07-13 22:00:00,2.9609999656677246,2.9609999656677246,2.9609999656677246,29991200,29991200,29991200
2017-07-14 22:00:00,2.9800000190734863,2.9800000190734863,2.9800000190734863,29991200,29991200,29991200
2017-07-17 22:00:00,3.0199999809265137,3.0199999809265137,3.0199999809265137,29991200,29991200,29991200
2017-07-18 22:00:00,3.088000059127808,3.088000059127808,3.088000059127808,29991200,29991200,29991200
2017-07-19 22:00:00,3.065999984741211,3.065999984741211,3.065999984741211,29991200,29991200,29991200
2017-07-20 22:00:00,3.0429999828338623,3.0429999828338623,3.0429999828338623,29991200,29991200,29991200
2017-07-21 22:00:00,2.970000028610229,2.970000028610229,2.970000028610229,29991200,29991200,29991200
2017-07-24 22:00:00,2.8989999294281006,2.8989999294281006,2.8989999294281006,29991200,29991200,29991200
2017-07-25 22:00:00,2.944000005722046,2.944000005722046,2.944000005722046,29991200,29991200,29991200
2017-07-26 22:00:00,2.924000024795532,2.924000024795532,2.924000024795532,29991200,29991200,29991200
2017-07-27 22:00:00,2.969000101089477,2.969000101089477,2.969000101089477,29991200,29991200,29991200
2017-07-28 22:00:00,2.940999984741211,2.940999984741211,2.940999984741211,29991200,29991200,29991200
2017-07-31 22:00:00,2.7939999103546143,2.7939999103546143,2.7939999103546143,29991200,29991200,29991200
2017-08-01 22:00:00,2.819000005722046,2.819000005722046,2.819000005722046,29991200,29991200,29991200
2017-08-02 22:00:00,2.811000108718872,2.811000108718872,2.811000108718872,29991200,29991200,29991200
2017-08-03 22:00:00,2.799999952316284,2.799999952316284,2.799999952316284,29991200,29991200,29991200
2017-08-04 22:00:00,2.7739999294281006,2.7739999294281006,2.7739999294281006,29991200,29991200,29991200
2017-08-07 22:00:00,2.8010001182556152,2.8010001182556152,2.8010001182556152,29991200,29991200,29991200
2017-08-08 22:00:00,2.822000026702881,2.822000026702881,2.822000026702881,29991200,29991200,29991200
2017-08-09 22:00:00,2.882999897003174,2.882999897003174,2.882999897003174,29991200,29991200,29991200
2017-08-10 22:00:00,2.984999895095825,2.984999895095825,2.984999895095825,29991200,29991200,29991200
2017-08-11 22:00:00,2.9830000400543213,2.9830000400543213,2.9830000400543213,29991200,29991200,29991200
2017-08-14 22:00:00,2.9590001106262207,2.9590001106262207,2.9590001106262207,29991200,29991200,29991200
2017-08-15 22:00:00,2.934999942779541,2.934999942779541,2.934999942779541,29991200,29991200,29991200
2017-08-16 22:00:00,2.890000104904175,2.890000104904175,2.890000104904175,29991200,29991200,29991200
2017-08-17 22:00:00,2.928999900817871,2.928999900817871,2.928999900817871,29991200,29991200,29991200
2017-08-18 22:00:00,2.8929998874664307,2.8929998874664307,2.8929998874664307,29991200,29991200,29991200
2017-08-21 22:00:00,2.961999893188477,2.961999893188477,2.961999893188477,29991200,29991200,29991200
2017-08-22 22:00:00,2.938999891281128,2.938999891281128,2.938999891281128,29991200,29991200,29991200
2017-08-23 22:00:00,2.927999973297119,2.927999973297119,2.927999973297119,29991200,29991200,29991200
2017-08-24 22:00:00,2.9489998817443848,2.9489998817443848,2.9489998817443848,29991200,29991200,29991200
2017-08-25 22:00:00,2.8919999599456787,2.8919999599456787,2.8919999599456787,29991200,29991200,29991200
2017-08-28 22:00:00,2.924999952316284,2.924999952316284,2.924999952316284,29991200,29991200,29991200
2017-08-29 22:00:00,2.9609999656677246,2.9609999656677246,2.9609999656677246,29991200,29991200,29991200
2017-08-30 22:00:00,2.938999891281128,2.938999891281128,2.938999891281128,29991200,29991200,29991200
2017-08-31 22:00:00,3.039999961853028,3.039999961853028,3.039999961853028,29991200,29991200,29991200
2017-09-01 22:00:00,3.069999933242798,3.069999933242798,3.069999933242798,29991200,29991200,29991200
2017-09-05 22:00:00,2.9719998836517334,2.9719998836517334,2.9719998836517334,29991200,29991200,29991200
2017-09-06 22:00:00,3.0,3.0,3.0,29991200,29991200,29991200
2017-09-07 22:00:00,2.9809999465942383,2.9809999465942383,2.9809999465942383,29991200,29991200,29991200
2017-09-08 22:00:00,2.890000104904175,2.890000104904175,2.890000104904175,29991200,29991200,29991200
2017-09-11 22:00:00,2.950000047683716,2.950000047683716,2.950000047683716,29991200,29991200,29991200
2017-09-12 22:00:00,3.000999927520752,3.000999927520752,3.000999927520752,29991200,29991200,29991200
2017-09-13 22:00:00,3.058000087738037,3.058000087738037,3.058000087738037,29991200,29991200,29991200
2017-09-14 22:00:00,3.069999933242798,3.069999933242798,3.069999933242798,29991200,29991200,29991200
2017-09-15 22:00:00,3.0239999294281006,3.0239999294281006,3.0239999294281006,29991200,29991200,29991200
2017-09-18 22:00:00,3.1459999084472656,3.1459999084472656,3.1459999084472656,29991200,29991200,29991200
2017-09-19 22:00:00,3.121999979019165,3.121999979019165,3.121999979019165,29991200,29991200,29991200
2017-09-20 22:00:00,3.094000101089477,3.094000101089477,3.094000101089477,29991200,29991200,29991200
2017-09-21 22:00:00,2.946000099182129,2.946000099182129,2.946000099182129,29991200,29991200,29991200
2017-09-22 22:00:00,2.9590001106262207,2.9590001106262207,2.9590001106262207,29991200,29991200,29991200
2017-09-25 22:00:00,2.9189999103546143,2.9189999103546143,2.9189999103546143,29991200,29991200,29991200
2017-09-26 22:00:00,2.9179999828338623,2.9179999828338623,2.9179999828338623,29991200,29991200,29991200
2017-09-27 22:00:00,2.9739999771118164,2.9739999771118164,2.9739999771118164,29991200,29991200,29991200
2017-09-28 22:00:00,3.0169999599456787,3.0169999599456787,3.0169999599456787,29991200,29991200,29991200
2017-09-29 22:00:00,3.006999969482422,3.006999969482422,3.006999969482422,29991200,29991200,29991200
2017-10-02 22:00:00,2.91599988937378,2.91599988937378,2.91599988937378,29991200,29991200,29991200
2017-10-03 22:00:00,2.8949999809265137,2.8949999809265137,2.8949999809265137,29991200,29991200,29991200
2017-10-04 22:00:00,2.940000057220459,2.940000057220459,2.940000057220459,29991200,29991200,29991200
2017-10-05 22:00:00,2.9230000972747803,2.9230000972747803,2.9230000972747803,29991200,29991200,29991200
2017-10-06 22:00:00,2.86299991607666,2.86299991607666,2.86299991607666,29991200,29991200,29991200
2017-10-09 22:00:00,2.8329999446868896,2.8329999446868896,2.8329999446868896,29991200,29991200,29991200
2017-10-10 22:00:00,2.8910000324249268,2.8910000324249268,2.8910000324249268,29991200,29991200,29991200
2017-10-11 22:00:00,2.888999938964844,2.888999938964844,2.888999938964844,29991200,29991200,29991200
2017-10-12 22:00:00,2.989000082015991,2.989000082015991,2.989000082015991,29991200,29991200,29991200
2017-10-13 22:00:00,3.0,3.0,3.0,29991200,29991200,29991200
2017-10-16 22:00:00,2.946000099182129,2.946000099182129,2.946000099182129,29991200,29991200,29991200
2017-10-17 22:00:00,2.961999893188477,2.961999893188477,2.961999893188477,29991200,29991200,29991200
2017-10-18 22:00:00,2.8540000915527344,2.8540000915527344,2.8540000915527344,29991200,29991200,29991200
2017-10-19 22:00:00,2.872999906539917,2.872999906539917,2.872999906539917,29991200,29991200,29991200
2017-10-20 22:00:00,2.914999961853028,2.914999961853028,2.914999961853028,29991200,29991200,29991200
2017-10-23 22:00:00,2.990999937057495,2.990999937057495,2.990999937057495,29991200,29991200,29991200
2017-10-24 22:00:00,2.9739999771118164,2.9739999771118164,2.9739999771118164,29991200,29991200,29991200
2017-10-25 22:00:00,2.9189999103546143,2.9189999103546143,2.9189999103546143,29991200,29991200,29991200
2017-10-26 22:00:00,2.890000104904175,2.890000104904175,2.890000104904175,29991200,29991200,29991200
2017-10-27 22:00:00,2.752000093460083,2.752000093460083,2.752000093460083,29991200,29991200,29991200
2017-10-30 22:00:00,2.9660000801086426,2.9660000801086426,2.9660000801086426,29991200,29991200,29991200
2017-10-31 22:00:00,2.8959999084472656,2.8959999084472656,2.8959999084472656,29991200,29991200,29991200
2017-11-01 22:00:00,2.8929998874664307,2.8929998874664307,2.8929998874664307,29991200,29991200,29991200
2017-11-02 22:00:00,2.934999942779541,2.934999942779541,2.934999942779541,29991200,29991200,29991200
2017-11-03 22:00:00,2.983999967575073,2.983999967575073,2.983999967575073,29991200,29991200,29991200
2017-11-06 22:00:00,3.134000062942505,3.134000062942505,3.134000062942505,29991200,29991200,29991200
2017-11-07 22:00:00,3.1519999504089355,3.1519999504089355,3.1519999504089355,29991200,29991200,29991200
2017-11-08 22:00:00,3.174999952316284,3.174999952316284,3.174999952316284,29991200,29991200,29991200
2017-11-09 22:00:00,3.200000047683716,3.200000047683716,3.200000047683716,29991200,29991200,29991200
2017-11-10 22:00:00,3.213000059127808,3.213000059127808,3.213000059127808,29991200,29991200,29991200
2017-11-13 22:00:00,3.1670000553131104,3.1670000553131104,3.1670000553131104,29991200,29991200,29991200
2017-11-14 22:00:00,3.101999998092652,3.101999998092652,3.101999998092652,29991200,29991200,29991200
2017-11-15 22:00:00,3.0799999237060547,3.0799999237060547,3.0799999237060547,29991200,29991200,29991200
2017-11-16 22:00:00,3.052999973297119,3.052999973297119,3.052999973297119,29991200,29991200,29991200
2017-11-17 22:00:00,3.0969998836517334,3.0969998836517334,3.0969998836517334,29991200,29991200,29991200
2017-11-20 22:00:00,3.046999931335449,3.046999931335449,3.046999931335449,29991200,29991200,29991200
2017-11-21 22:00:00,3.0169999599456787,3.0169999599456787,3.0169999599456787,29991200,29991200,29991200
2017-11-22 22:00:00,2.9679999351501465,2.9679999351501465,2.9679999351501465,29991200,29991200,29991200
2017-11-24 22:00:00,2.812999963760376,2.812999963760376,2.812999963760376,29991200,29991200,29991200
2017-11-27 22:00:00,2.927999973297119,2.927999973297119,2.927999973297119,29991200,29991200,29991200
2017-11-28 22:00:00,3.0739998817443848,3.0739998817443848,3.0739998817443848,29991200,29991200,29991200
2017-11-29 22:00:00,3.178999900817871,3.178999900817871,3.178999900817871,29991200,29991200,29991200
2017-11-30 22:00:00,3.025000095367432,3.025000095367432,3.025000095367432,29991200,29991200,29991200
2017-12-01 22:00:00,3.061000108718872,3.061000108718872,3.061000108718872,29991200,29991200,29991200
2017-12-04 22:00:00,2.984999895095825,2.984999895095825,2.984999895095825,29991200,29991200,29991200
2017-12-05 22:00:00,2.9140000343322754,2.9140000343322754,2.9140000343322754,29991200,29991200,29991200
2017-12-06 22:00:00,2.921999931335449,2.921999931335449,2.921999931335449,29991200,29991200,29991200
2017-12-07 22:00:00,2.763000011444092,2.763000011444092,2.763000011444092,29991200,29991200,29991200
2017-12-08 22:00:00,2.7720000743865967,2.7720000743865967,2.7720000743865967,29991200,29991200,29991200
2017-12-11 22:00:00,2.828000068664551,2.828000068664551,2.828000068664551,29991200,29991200,29991200
2017-12-12 22:00:00,2.677999973297119,2.677999973297119,2.677999973297119,29991200,29991200,29991200
2017-12-13 22:00:00,2.7149999141693115,2.7149999141693115,2.7149999141693115,29991200,29991200,29991200
2017-12-14 22:00:00,2.684000015258789,2.684000015258789,2.684000015258789,29991200,29991200,29991200
2017-12-15 22:00:00,2.611999988555908,2.611999988555908,2.611999988555908,29991200,29991200,29991200
2017-12-18 22:00:00,2.744999885559082,2.744999885559082,2.744999885559082,29991200,29991200,29991200
2017-12-19 22:00:00,2.691999912261963,2.691999912261963,2.691999912261963,29991200,29991200,29991200
2017-12-20 22:00:00,2.63700008392334,2.63700008392334,2.63700008392334,29991200,29991200,29991200
2017-12-21 22:00:00,2.5980000495910645,2.5980000495910645,2.5980000495910645,29991200,29991200,29991200
2017-12-22 22:00:00,2.6670000553131104,2.6670000553131104,2.6670000553131104,29991200,29991200,29991200
2017-12-26 22:00:00,2.6429998874664307,2.6429998874664307,2.6429998874664307,29991200,29991200,29991200
2017-12-27 22:00:00,2.73799991607666,2.73799991607666,2.73799991607666,29991200,29991200,29991200
2017-12-28 22:00:00,2.9140000343322754,2.9140000343322754,2.9140000343322754,29991200,29991200,29991200
2017-12-29 22:00:00,2.953000068664551,2.953000068664551,2.953000068664551,29991200,29991200,29991200
2018-01-02 22:00:00,3.055999994277954,3.055999994277954,3.055999994277954,29991200,29991200,29991200
2018-01-03 22:00:00,3.007999897003174,3.007999897003174,3.007999897003174,29991200,29991200,29991200
2018-01-04 22:00:00,2.880000114440918,2.880000114440918,2.880000114440918,29991200,29991200,29991200
2018-01-05 22:00:00,2.7950000762939453,2.7950000762939453,2.7950000762939453,29991200,29991200,29991200
2018-01-08 22:00:00,2.8350000381469727,2.8350000381469727,2.8350000381469727,29991200,29991200,29991200
2018-01-09 22:00:00,2.9230000972747803,2.9230000972747803,2.9230000972747803,29991200,29991200,29991200
2018-01-10 22:00:00,2.9059998989105225,2.9059998989105225,2.9059998989105225,29991200,29991200,29991200
2018-01-11 22:00:00,3.0840001106262207,3.0840001106262207,3.0840001106262207,29991200,29991200,29991200
2018-01-12 22:00:00,3.200000047683716,3.200000047683716,3.200000047683716,29991200,29991200,29991200
2018-01-16 22:00:00,3.128999948501587,3.128999948501587,3.128999948501587,29991200,29991200,29991200
2018-01-17 22:00:00,3.2320001125335693,3.2320001125335693,3.2320001125335693,29991200,29991200,29991200
2018-01-18 22:00:00,3.188999891281128,3.188999891281128,3.188999891281128,29991200,29991200,29991200
2018-01-19 22:00:00,3.184999942779541,3.184999942779541,3.184999942779541,29991200,29991200,29991200
2018-01-22 22:00:00,3.2239999771118164,3.2239999771118164,3.2239999771118164,29991200,29991200,29991200
2018-01-23 22:00:00,3.444000005722046,3.444000005722046,3.444000005722046,29991200,29991200,29991200
2018-01-24 22:00:00,3.509000062942505,3.509000062942505,3.509000062942505,29991200,29991200,29991200
2018-01-25 22:00:00,3.447000026702881,3.447000026702881,3.447000026702881,29991200,29991200,29991200
2018-01-26 22:00:00,3.505000114440918,3.505000114440918,3.505000114440918,29991200,29991200,29991200
2018-01-29 22:00:00,3.63100004196167,3.63100004196167,3.63100004196167,29991200,29991200,29991200
2018-01-30 22:00:00,3.194999933242798,3.194999933242798,3.194999933242798,29991200,29991200,29991200
2018-01-31 22:00:00,2.994999885559082,2.994999885559082,2.994999885559082,29991200,29991200,29991200
2018-02-01 22:00:00,2.8559999465942383,2.8559999465942383,2.8559999465942383,29991200,29991200,29991200
2018-02-02 22:00:00,2.845999956130981,2.845999956130981,2.845999956130981,29991200,29991200,29991200
2018-02-05 22:00:00,2.746999979019165,2.746999979019165,2.746999979019165,29991200,29991200,29991200
2018-02-06 22:00:00,2.759000062942505,2.759000062942505,2.759000062942505,29991200,29991200,29991200
2018-02-07 22:00:00,2.70199990272522,2.70199990272522,2.70199990272522,29991200,29991200,29991200
2018-02-08 22:00:00,2.697000026702881,2.697000026702881,2.697000026702881,29991200,29991200,29991200
2018-02-09 22:00:00,2.5840001106262207,2.5840001106262207,2.5840001106262207,29991200,29991200,29991200
2018-02-12 22:00:00,2.552000045776367,2.552000045776367,2.552000045776367,29991200,29991200,29991200
2018-02-13 22:00:00,2.594000101089477,2.594000101089477,2.594000101089477,29991200,29991200,29991200
2018-02-14 22:00:00,2.586999893188477,2.586999893188477,2.586999893188477,29991200,29991200,29991200
2018-02-15 22:00:00,2.5799999237060547,2.5799999237060547,2.5799999237060547,29991200,29991200,29991200
2018-02-16 22:00:00,2.558000087738037,2.558000087738037,2.558000087738037,29991200,29991200,29991200
2018-02-20 22:00:00,2.615999937057495,2.615999937057495,2.615999937057495,29991200,29991200,29991200
2018-02-21 22:00:00,2.6589999198913574,2.6589999198913574,2.6589999198913574,29991200,29991200,29991200
2018-02-22 22:00:00,2.634000062942505,2.634000062942505,2.634000062942505,29991200,29991200,29991200
2018-02-23 22:00:00,2.625,2.625,2.625,29991200,29991200,29991200
2018-02-26 22:00:00,2.638999938964844,2.638999938964844,2.638999938964844,29991200,29991200,29991200
2018-02-27 22:00:00,2.683000087738037,2.683000087738037,2.683000087738037,29991200,29991200,29991200
2018-02-28 22:00:00,2.6670000553131104,2.6670000553131104,2.6670000553131104,29991200,29991200,29991200
2018-03-01 22:00:00,2.697999954223633,2.697999954223633,2.697999954223633,29991200,29991200,29991200
2018-03-02 22:00:00,2.694999933242798,2.694999933242798,2.694999933242798,29991200,29991200,29991200
2018-03-05 22:00:00,2.7039999961853027,2.7039999961853027,2.7039999961853027,29991200,29991200,29991200
2018-03-06 22:00:00,2.749000072479248,2.749000072479248,2.749000072479248,29991200,29991200,29991200
2018-03-07 22:00:00,2.7769999504089355,2.7769999504089355,2.7769999504089355,29991200,29991200,29991200
2018-03-08 22:00:00,2.75600004196167,2.75600004196167,2.75600004196167,29991200,29991200,29991200
2018-03-09 22:00:00,2.7320001125335693,2.7320001125335693,2.7320001125335693,29991200,29991200,29991200
2018-03-12 22:00:00,2.7780001163482666,2.7780001163482666,2.7780001163482666,29991200,29991200,29991200
2018-03-13 22:00:00,2.7860000133514404,2.7860000133514404,2.7860000133514404,29991200,29991200,29991200
2018-03-14 22:00:00,2.7309999465942383,2.7309999465942383,2.7309999465942383,29991200,29991200,29991200
2018-03-15 22:00:00,2.680999994277954,2.680999994277954,2.680999994277954,29991200,29991200,29991200
2018-03-16 22:00:00,2.687999963760376,2.687999963760376,2.687999963760376,29991200,29991200,29991200
2018-03-19 22:00:00,2.651000022888184,2.651000022888184,2.651000022888184,29991200,29991200,29991200
2018-03-20 22:00:00,2.674999952316284,2.674999952316284,2.674999952316284,29991200,29991200,29991200
2018-03-21 22:00:00,2.638000011444092,2.638000011444092,2.638000011444092,29991200,29991200,29991200
2018-03-22 22:00:00,2.617000102996826,2.617000102996826,2.617000102996826,29991200,29991200,29991200
2018-03-23 22:00:00,2.5910000801086426,2.5910000801086426,2.5910000801086426,29991200,29991200,29991200
2018-03-26 22:00:00,2.618000030517578,2.618000030517578,2.618000030517578,29991200,29991200,29991200
2018-03-27 22:00:00,2.690999984741211,2.690999984741211,2.690999984741211,29991200,29991200,29991200
2018-03-28 22:00:00,2.697999954223633,2.697999954223633,2.697999954223633,29991200,29991200,29991200
2018-03-29 22:00:00,2.7330000400543213,2.7330000400543213,2.7330000400543213,29991200,29991200,29991200
2018-04-02 22:00:00,2.683000087738037,2.683000087738037,2.683000087738037,29991200,29991200,29991200
2018-04-03 22:00:00,2.697000026702881,2.697000026702881,2.697000026702881,29991200,29991200,29991200
2018-04-04 22:00:00,2.7179999351501465,2.7179999351501465,2.7179999351501465,29991200,29991200,29991200
2018-04-05 22:00:00,2.674999952316284,2.674999952316284,2.674999952316284,29991200,29991200,29991200
2018-04-06 22:00:00,2.700999975204468,2.700999975204468,2.700999975204468,29991200,29991200,29991200
2018-04-09 22:00:00,2.693000078201294,2.693000078201294,2.693000078201294,29991200,29991200,29991200
2018-04-10 22:00:00,2.6559998989105225,2.6559998989105225,2.6559998989105225,29991200,29991200,29991200
2018-04-11 22:00:00,2.674999952316284,2.674999952316284,2.674999952316284,29991200,29991200,29991200
2018-04-12 22:00:00,2.686000108718872,2.686000108718872,2.686000108718872,29991200,29991200,29991200
2018-04-13 22:00:00,2.734999895095825,2.734999895095825,2.734999895095825,29991200,29991200,29991200
2018-04-16 22:00:00,2.752000093460083,2.752000093460083,2.752000093460083,29991200,29991200,29991200
2018-04-17 22:00:00,2.73799991607666,2.73799991607666,2.73799991607666,29991200,29991200,29991200
2018-04-18 22:00:00,2.739000082015991,2.739000082015991,2.739000082015991,29991200,29991200,29991200
2018-04-19 22:00:00,2.6600000858306885,2.6600000858306885,2.6600000858306885,29991200,29991200,29991200
2018-04-20 22:00:00,2.739000082015991,2.739000082015991,2.739000082015991,29991200,29991200,29991200
2018-04-23 22:00:00,2.740000009536743,2.740000009536743,2.740000009536743,29991200,29991200,29991200
2018-04-24 22:00:00,2.7809998989105225,2.7809998989105225,2.7809998989105225,29991200,29991200,29991200
2018-04-25 22:00:00,2.7860000133514404,2.7860000133514404,2.7860000133514404,29991200,29991200,29991200
2018-04-26 22:00:00,2.821000099182129,2.821000099182129,2.821000099182129,29991200,29991200,29991200
2018-04-27 22:00:00,2.7709999084472656,2.7709999084472656,2.7709999084472656,29991200,29991200,29991200
2018-04-30 22:00:00,2.763000011444092,2.763000011444092,2.763000011444092,29991200,29991200,29991200
2018-05-01 22:00:00,2.802000045776367,2.802000045776367,2.802000045776367,29991200,29991200,29991200
2018-05-02 22:00:00,2.753999948501587,2.753999948501587,2.753999948501587,29991200,29991200,29991200
2018-05-03 22:00:00,2.7260000705718994,2.7260000705718994,2.7260000705718994,29991200,29991200,29991200
2018-05-04 22:00:00,2.7109999656677246,2.7109999656677246,2.7109999656677246,29991200,29991200,29991200
2018-05-07 22:00:00,2.740999937057495,2.740999937057495,2.740999937057495,29991200,29991200,29991200
2018-05-08 22:00:00,2.7320001125335693,2.7320001125335693,2.7320001125335693,29991200,29991200,29991200
2018-05-09 22:00:00,2.736999988555908,2.736999988555908,2.736999988555908,29991200,29991200,29991200
2018-05-10 22:00:00,2.813999891281128,2.813999891281128,2.813999891281128,29991200,29991200,29991200
2018-05-11 22:00:00,2.805999994277954,2.805999994277954,2.805999994277954,29991200,29991200,29991200
2018-05-14 22:00:00,2.8420000076293945,2.8420000076293945,2.8420000076293945,29991200,29991200,29991200
2018-05-15 22:00:00,2.8359999656677246,2.8359999656677246,2.8359999656677246,29991200,29991200,29991200
2018-05-16 22:00:00,2.815000057220459,2.815000057220459,2.815000057220459,29991200,29991200,29991200
2018-05-17 22:00:00,2.858999967575073,2.858999967575073,2.858999967575073,29991200,29991200,29991200
2018-05-18 22:00:00,2.8469998836517334,2.8469998836517334,2.8469998836517334,29991200,29991200,29991200
2018-05-21 22:00:00,2.809999942779541,2.809999942779541,2.809999942779541,29991200,29991200,29991200
2018-05-22 22:00:00,2.907999992370605,2.907999992370605,2.907999992370605,29991200,29991200,29991200
2018-05-23 22:00:00,2.9140000343322754,2.9140000343322754,2.9140000343322754,29991200,29991200,29991200
2018-05-24 22:00:00,2.940000057220459,2.940000057220459,2.940000057220459,29991200,29991200,29991200
2018-05-25 22:00:00,2.938999891281128,2.938999891281128,2.938999891281128,29991200,29991200,29991200
2018-05-29 22:00:00,2.875,2.875,2.875,29991200,29991200,29991200
2018-05-30 22:00:00,2.884999990463257,2.884999990463257,2.884999990463257,29991200,29991200,29991200
2018-05-31 22:00:00,2.95199990272522,2.95199990272522,2.95199990272522,29991200,29991200,29991200
2018-06-01 22:00:00,2.961999893188477,2.961999893188477,2.961999893188477,29991200,29991200,29991200
2018-06-04 22:00:00,2.930000066757202,2.930000066757202,2.930000066757202,29991200,29991200,29991200
2018-06-05 22:00:00,2.890000104904175,2.890000104904175,2.890000104904175,29991200,29991200,29991200
2018-06-06 22:00:00,2.8959999084472656,2.8959999084472656,2.8959999084472656,29991200,29991200,29991200
2018-06-07 22:00:00,2.930000066757202,2.930000066757202,2.930000066757202,29991200,29991200,29991200
2018-06-08 22:00:00,2.890000104904175,2.890000104904175,2.890000104904175,29991200,29991200,29991200
2018-06-11 22:00:00,2.9489998817443848,2.9489998817443848,2.9489998817443848,29991200,29991200,29991200
2018-06-12 22:00:00,2.938999891281128,2.938999891281128,2.938999891281128,29991200,29991200,29991200
2018-06-13 22:00:00,2.963000059127808,2.963000059127808,2.963000059127808,29991200,29991200,29991200
2018-06-14 22:00:00,2.9649999141693115,2.9649999141693115,2.9649999141693115,29991200,29991200,29991200
2018-06-15 22:00:00,3.0220000743865967,3.0220000743865967,3.0220000743865967,29991200,29991200,29991200
2018-06-18 22:00:00,2.950999975204468,2.950999975204468,2.950999975204468,29991200,29991200,29991200
2018-06-19 22:00:00,2.900000095367432,2.900000095367432,2.900000095367432,29991200,29991200,29991200
2018-06-20 22:00:00,2.96399998664856,2.96399998664856,2.96399998664856,29991200,29991200,29991200
2018-06-21 22:00:00,2.9749999046325684,2.9749999046325684,2.9749999046325684,29991200,29991200,29991200
2018-06-22 22:00:00,2.944999933242798,2.944999933242798,2.944999933242798,29991200,29991200,29991200
2018-06-25 22:00:00,2.9230000972747803,2.9230000972747803,2.9230000972747803,29991200,29991200,29991200
2018-06-26 22:00:00,2.938999891281128,2.938999891281128,2.938999891281128,29991200,29991200,29991200
2018-06-27 22:00:00,2.996000051498413,2.996000051498413,2.996000051498413,29991200,29991200,29991200
2018-06-28 22:00:00,2.940000057220459,2.940000057220459,2.940000057220459,29991200,29991200,29991200
2018-06-29 22:00:00,2.924000024795532,2.924000024795532,2.924000024795532,29991200,29991200,29991200
2018-07-02 22:00:00,2.861999988555908,2.861999988555908,2.861999988555908,29991200,29991200,29991200
2018-07-03 22:00:00,2.869999885559082,2.869999885559082,2.869999885559082,29991200,29991200,29991200
2018-07-05 22:00:00,2.836999893188477,2.836999893188477,2.836999893188477,29991200,29991200,29991200
2018-07-06 22:00:00,2.8580000400543213,2.8580000400543213,2.8580000400543213,29991200,29991200,29991200
2018-07-09 22:00:00,2.828000068664551,2.828000068664551,2.828000068664551,29991200,29991200,29991200
2018-07-10 22:00:00,2.7880001068115234,2.7880001068115234,2.7880001068115234,29991200,29991200,29991200
2018-07-11 22:00:00,2.8289999961853027,2.8289999961853027,2.8289999961853027,29991200,29991200,29991200
2018-07-12 22:00:00,2.796999931335449,2.796999931335449,2.796999931335449,29991200,29991200,29991200
2018-07-13 22:00:00,2.752000093460083,2.752000093460083,2.752000093460083,29991200,29991200,29991200
2018-07-16 22:00:00,2.759000062942505,2.759000062942505,2.759000062942505,29991200,29991200,29991200
2018-07-17 22:00:00,2.740000009536743,2.740000009536743,2.740000009536743,29991200,29991200,29991200
2018-07-18 22:00:00,2.720999956130981,2.720999956130981,2.720999956130981,29991200,29991200,29991200
2018-07-19 22:00:00,2.7690000534057617,2.7690000534057617,2.7690000534057617,29991200,29991200,29991200
2018-07-20 22:00:00,2.756999969482422,2.756999969482422,2.756999969482422,29991200,29991200,29991200
2018-07-23 22:00:00,2.720999956130981,2.720999956130981,2.720999956130981,29991200,29991200,29991200
2018-07-24 22:00:00,2.7320001125335693,2.7320001125335693,2.7320001125335693,29991200,29991200,29991200
2018-07-25 22:00:00,2.775000095367432,2.775000095367432,2.775000095367432,29991200,29991200,29991200
2018-07-26 22:00:00,2.7799999713897705,2.7799999713897705,2.7799999713897705,29991200,29991200,29991200
2018-07-27 22:00:00,2.822000026702881,2.822000026702881,2.822000026702881,29991200,29991200,29991200
2018-07-30 22:00:00,2.796999931335449,2.796999931335449,2.796999931335449,29991200,29991200,29991200
2018-07-31 22:00:00,2.782000064849853,2.782000064849853,2.782000064849853,29991200,29991200,29991200
2018-08-01 22:00:00,2.757999897003174,2.757999897003174,2.757999897003174,29991200,29991200,29991200
2018-08-02 22:00:00,2.815999984741211,2.815999984741211,2.815999984741211,29991200,29991200,29991200
2018-08-03 22:00:00,2.852999925613404,2.852999925613404,2.852999925613404,29991200,29991200,29991200
2018-08-06 22:00:00,2.859999895095825,2.859999895095825,2.859999895095825,29991200,29991200,29991200
2018-08-07 22:00:00,2.8970000743865967,2.8970000743865967,2.8970000743865967,29991200,29991200,29991200
2018-08-08 22:00:00,2.9489998817443848,2.9489998817443848,2.9489998817443848,29991200,29991200,29991200
2018-08-09 22:00:00,2.9549999237060547,2.9549999237060547,2.9549999237060547,29991200,29991200,29991200
2018-08-10 22:00:00,2.944000005722046,2.944000005722046,2.944000005722046,29991200,29991200,29991200
2018-08-13 22:00:00,2.930000066757202,2.930000066757202,2.930000066757202,29991200,29991200,29991200
2018-08-14 22:00:00,2.9590001106262207,2.9590001106262207,2.9590001106262207,29991200,29991200,29991200
2018-08-15 22:00:00,2.940000057220459,2.940000057220459,2.940000057220459,29991200,29991200,29991200
2018-08-16 22:00:00,2.907999992370605,2.907999992370605,2.907999992370605,29991200,29991200,29991200
2018-08-17 22:00:00,2.946000099182129,2.946000099182129,2.946000099182129,29991200,29991200,29991200
2018-08-20 22:00:00,2.940999984741211,2.940999984741211,2.940999984741211,29991200,29991200,29991200
2018-08-21 22:00:00,2.9800000190734863,2.9800000190734863,2.9800000190734863,29991200,29991200,29991200
2018-08-22 22:00:00,2.9560000896453857,2.9560000896453857,2.9560000896453857,29991200,29991200,29991200
2018-08-23 22:00:00,2.96399998664856,2.96399998664856,2.96399998664856,29991200,29991200,29991200
2018-08-24 22:00:00,2.9170000553131104,2.9170000553131104,2.9170000553131104,29991200,29991200,29991200
2018-08-27 22:00:00,2.875999927520752,2.875999927520752,2.875999927520752,29991200,29991200,29991200
2018-08-28 22:00:00,2.851999998092652,2.851999998092652,2.851999998092652,29991200,29991200,29991200
2018-08-29 22:00:00,2.8949999809265137,2.8949999809265137,2.8949999809265137,29991200,29991200,29991200
2018-08-30 22:00:00,2.874000072479248,2.874000072479248,2.874000072479248,29991200,29991200,29991200
2018-08-31 22:00:00,2.91599988937378,2.91599988937378,2.91599988937378,29991200,29991200,29991200
2018-09-04 22:00:00,2.822999954223633,2.822999954223633,2.822999954223633,29991200,29991200,29991200
2018-09-05 22:00:00,2.7950000762939453,2.7950000762939453,2.7950000762939453,29991200,29991200,29991200
2018-09-06 22:00:00,2.7720000743865967,2.7720000743865967,2.7720000743865967,29991200,29991200,29991200
2018-09-07 22:00:00,2.776000022888184,2.776000022888184,2.776000022888184,29991200,29991200,29991200
2018-09-10 22:00:00,2.803999900817871,2.803999900817871,2.803999900817871,29991200,29991200,29991200
2018-09-11 22:00:00,2.828000068664551,2.828000068664551,2.828000068664551,29991200,29991200,29991200
2018-09-12 22:00:00,2.8289999961853027,2.8289999961853027,2.8289999961853027,29991200,29991200,29991200
2018-09-13 22:00:00,2.816999912261963,2.816999912261963,2.816999912261963,29991200,29991200,29991200
2018-09-14 22:00:00,2.7669999599456787,2.7669999599456787,2.7669999599456787,29991200,29991200,29991200
2018-09-17 22:00:00,2.813999891281128,2.813999891281128,2.813999891281128,29991200,29991200,29991200
2018-09-18 22:00:00,2.933000087738037,2.933000087738037,2.933000087738037,29991200,29991200,29991200
2018-09-19 22:00:00,2.907999992370605,2.907999992370605,2.907999992370605,29991200,29991200,29991200
2018-09-20 22:00:00,2.9760000705718994,2.9760000705718994,2.9760000705718994,29991200,29991200,29991200
2018-09-21 22:00:00,2.976999998092652,2.976999998092652,2.976999998092652,29991200,29991200,29991200
2018-09-24 22:00:00,3.0380001068115234,3.0380001068115234,3.0380001068115234,29991200,29991200,29991200
2018-09-25 22:00:00,3.0820000171661377,3.0820000171661377,3.0820000171661377,29991200,29991200,29991200
2018-09-26 22:00:00,3.0209999084472656,3.0209999084472656,3.0209999084472656,29991200,29991200,29991200
2018-09-27 22:00:00,3.055999994277954,3.055999994277954,3.055999994277954,29991200,29991200,29991200
2018-09-28 22:00:00,3.007999897003174,3.007999897003174,3.007999897003174,29991200,29991200,29991200
2018-10-01 22:00:00,3.094000101089477,3.094000101089477,3.094000101089477,29991200,29991200,29991200
2018-10-02 22:00:00,3.16599988937378,3.16599988937378,3.16599988937378,29991200,29991200,29991200
2018-10-03 22:00:00,3.2300000190734863,3.2300000190734863,3.2300000190734863,29991200,29991200,29991200
2018-10-04 22:00:00,3.164999961853028,3.164999961853028,3.164999961853028,29991200,29991200,29991200
2018-10-05 22:00:00,3.1429998874664307,3.1429998874664307,3.1429998874664307,29991200,29991200,29991200
2018-10-08 22:00:00,3.2669999599456787,3.2669999599456787,3.2669999599456787,29991200,29991200,29991200
2018-10-09 22:00:00,3.2660000324249268,3.2660000324249268,3.2660000324249268,29991200,29991200,29991200
2018-10-10 22:00:00,3.2839999198913574,3.2839999198913574,3.2839999198913574,29991200,29991200,29991200
2018-10-11 22:00:00,3.2219998836517334,3.2219998836517334,3.2219998836517334,29991200,29991200,29991200
2018-10-12 22:00:00,3.1610000133514404,3.1610000133514404,3.1610000133514404,29991200,29991200,29991200
2018-10-15 22:00:00,3.242000102996826,3.242000102996826,3.242000102996826,29991200,29991200,29991200
2018-10-16 22:00:00,3.239000082015991,3.239000082015991,3.239000082015991,29991200,29991200,29991200
2018-10-17 22:00:00,3.319999933242798,3.319999933242798,3.319999933242798,29991200,29991200,29991200
2018-10-18 22:00:00,3.197999954223633,3.197999954223633,3.197999954223633,29991200,29991200,29991200
2018-10-19 22:00:00,3.25,3.25,3.25,29991200,29991200,29991200
2018-10-22 22:00:00,3.138000011444092,3.138000011444092,3.138000011444092,29991200,29991200,29991200
2018-10-23 22:00:00,3.211999893188477,3.211999893188477,3.211999893188477,29991200,29991200,29991200
2018-10-24 22:00:00,3.16599988937378,3.16599988937378,3.16599988937378,29991200,29991200,29991200
2018-10-25 22:00:00,3.20199990272522,3.20199990272522,3.20199990272522,29991200,29991200,29991200
2018-10-26 22:00:00,3.184999942779541,3.184999942779541,3.184999942779541,29991200,29991200,29991200
2018-10-29 22:00:00,3.184999942779541,3.184999942779541,3.184999942779541,29991200,29991200,29991200
2018-10-30 22:00:00,3.187000036239624,3.187000036239624,3.187000036239624,29991200,29991200,29991200
2018-10-31 22:00:00,3.260999917984009,3.260999917984009,3.260999917984009,29991200,29991200,29991200
2018-11-01 22:00:00,3.236999988555908,3.236999988555908,3.236999988555908,29991200,29991200,29991200
2018-11-02 22:00:00,3.2839999198913574,3.2839999198913574,3.2839999198913574,29991200,29991200,29991200
2018-11-05 22:00:00,3.566999912261963,3.566999912261963,3.566999912261963,29991200,29991200,29991200
2018-11-06 22:00:00,3.555000066757202,3.555000066757202,3.555000066757202,29991200,29991200,29991200
2018-11-07 22:00:00,3.555000066757202,3.555000066757202,3.555000066757202,29991200,29991200,29991200
2018-11-08 22:00:00,3.5429999828338623,3.5429999828338623,3.5429999828338623,29991200,29991200,29991200
2018-11-09 22:00:00,3.7190001010894775,3.7190001010894775,3.7190001010894775,29991200,29991200,29991200
2018-11-12 22:00:00,3.788000106811523,3.788000106811523,3.788000106811523,29991200,29991200,29991200
2018-11-13 22:00:00,4.10099983215332,4.10099983215332,4.10099983215332,29991200,29991200,29991200
2018-11-14 22:00:00,4.836999893188477,4.836999893188477,4.836999893188477,29991200,29991200,29991200
2018-11-15 22:00:00,4.038000106811523,4.038000106811523,4.038000106811523,29991200,29991200,29991200
2018-11-16 22:00:00,4.271999835968018,4.271999835968018,4.271999835968018,29991200,29991200,29991200
2018-11-19 22:00:00,4.699999809265137,4.699999809265137,4.699999809265137,29991200,29991200,29991200
2018-11-20 22:00:00,4.5229997634887695,4.5229997634887695,4.5229997634887695,29991200,29991200,29991200
2018-11-21 22:00:00,4.451000213623047,4.451000213623047,4.451000213623047,29991200,29991200,29991200
2018-11-23 22:00:00,4.308000087738037,4.308000087738037,4.308000087738037,29991200,29991200,29991200
2018-11-26 22:00:00,4.248000144958496,4.248000144958496,4.248000144958496,29991200,29991200,29991200
2018-11-27 22:00:00,4.26200008392334,4.26200008392334,4.26200008392334,29991200,29991200,29991200
2018-11-28 22:00:00,4.715000152587891,4.715000152587891,4.715000152587891,29991200,29991200,29991200
2018-11-29 22:00:00,4.645999908447266,4.645999908447266,4.645999908447266,29991200,29991200,29991200
2018-11-30 22:00:00,4.611999988555908,4.611999988555908,4.611999988555908,29991200,29991200,29991200
2018-12-03 22:00:00,4.339000225067139,4.339000225067139,4.339000225067139,29991200,29991200,29991200
2018-12-04 22:00:00,4.456999778747559,4.456999778747559,4.456999778747559,29991200,29991200,29991200
2018-12-06 22:00:00,4.327000141143799,4.327000141143799,4.327000141143799,29991200,29991200,29991200
2018-12-07 22:00:00,4.48799991607666,4.48799991607666,4.48799991607666,29991200,29991200,29991200
2018-12-10 22:00:00,4.545000076293945,4.545000076293945,4.545000076293945,29991200,29991200,29991200
2018-12-11 22:00:00,4.4070000648498535,4.4070000648498535,4.4070000648498535,29991200,29991200,29991200
2018-12-12 22:00:00,4.136000156402588,4.136000156402588,4.136000156402588,29991200,29991200,29991200
2018-12-13 22:00:00,4.124000072479248,4.124000072479248,4.124000072479248,29991200,29991200,29991200
2018-12-14 22:00:00,3.82699990272522,3.82699990272522,3.82699990272522,29991200,29991200,29991200
2018-12-17 22:00:00,3.5280001163482666,3.5280001163482666,3.5280001163482666,29991200,29991200,29991200
2018-12-18 22:00:00,3.838000059127808,3.838000059127808,3.838000059127808,29991200,29991200,29991200
2018-12-19 22:00:00,3.7260000705718994,3.7260000705718994,3.7260000705718994,29991200,29991200,29991200
2018-12-20 22:00:00,3.5829999446868896,3.5829999446868896,3.5829999446868896,29991200,29991200,29991200
2018-12-21 22:00:00,3.815999984741211,3.815999984741211,3.815999984741211,29991200,29991200,29991200
2018-12-24 22:00:00,3.4670000076293945,3.4670000076293945,3.4670000076293945,29991200,29991200,29991200
2018-12-26 22:00:00,3.5429999828338623,3.5429999828338623,3.5429999828338623,29991200,29991200,29991200
2018-12-27 22:00:00,3.641999959945679,3.641999959945679,3.641999959945679,29991200,29991200,29991200
2018-12-28 22:00:00,3.302999973297119,3.302999973297119,3.302999973297119,29991200,29991200,29991200
2018-12-31 22:00:00,2.940000057220459,2.940000057220459,2.940000057220459,29991200,29991200,29991200
2019-01-02 22:00:00,2.9579999446868896,2.9579999446868896,2.9579999446868896,29991200,29991200,29991200
2019-01-03 22:00:00,2.944999933242798,2.944999933242798,2.944999933242798,29991200,29991200,29991200
2019-01-04 22:00:00,3.0439999103546143,3.0439999103546143,3.0439999103546143,29991200,29991200,29991200
2019-01-07 22:00:00,2.944000005722046,2.944000005722046,2.944000005722046,29991200,29991200,29991200
2019-01-08 22:00:00,2.9670000076293945,2.9670000076293945,2.9670000076293945,29991200,29991200,29991200
2019-01-09 22:00:00,2.983999967575073,2.983999967575073,2.983999967575073,29991200,29991200,29991200
2019-01-10 22:00:00,2.969000101089477,2.969000101089477,2.969000101089477,29991200,29991200,29991200
2019-01-11 22:00:00,3.0989999771118164,3.0989999771118164,3.0989999771118164,29991200,29991200,29991200
2019-01-14 22:00:00,3.5910000801086426,3.5910000801086426,3.5910000801086426,29991200,29991200,29991200
2019-01-15 22:00:00,3.500999927520752,3.500999927520752,3.500999927520752,29991200,29991200,29991200
2019-01-16 22:00:00,3.384000062942505,3.384000062942505,3.384000062942505,29991200,29991200,29991200
2019-01-17 22:00:00,3.4130001068115234,3.4130001068115234,3.4130001068115234,29991200,29991200,29991200
2019-01-18 22:00:00,3.4820001125335693,3.4820001125335693,3.4820001125335693,29991200,29991200,29991200
2019-01-22 22:00:00,3.039999961853028,3.039999961853028,3.039999961853028,29991200,29991200,29991200
2019-01-23 22:00:00,2.9800000190734863,2.9800000190734863,2.9800000190734863,29991200,29991200,29991200
2019-01-24 22:00:00,3.0989999771118164,3.0989999771118164,3.0989999771118164,29991200,29991200,29991200
2019-01-25 22:00:00,3.177999973297119,3.177999973297119,3.177999973297119,29991200,29991200,29991200
2019-01-28 22:00:00,2.9110000133514404,2.9110000133514404,2.9110000133514404,29991200,29991200,29991200
2019-01-29 22:00:00,2.950000047683716,2.950000047683716,2.950000047683716,29991200,29991200,29991200
2019-01-30 22:00:00,2.8540000915527344,2.8540000915527344,2.8540000915527344,29991200,29991200,29991200
2019-01-31 22:00:00,2.813999891281128,2.813999891281128,2.813999891281128,29991200,29991200,29991200
2019-02-01 22:00:00,2.733999967575073,2.733999967575073,2.733999967575073,29991200,29991200,29991200
2019-02-04 22:00:00,2.6600000858306885,2.6600000858306885,2.6600000858306885,29991200,29991200,29991200
2019-02-05 22:00:00,2.6619999408721924,2.6619999408721924,2.6619999408721924,29991200,29991200,29991200
2019-02-06 22:00:00,2.6619999408721924,2.6619999408721924,2.6619999408721924,29991200,29991200,29991200
2019-02-07 22:00:00,2.5510001182556152,2.5510001182556152,2.5510001182556152,29991200,29991200,29991200
2019-02-08 22:00:00,2.5829999446868896,2.5829999446868896,2.5829999446868896,29991200,29991200,29991200
2019-02-11 22:00:00,2.6419999599456787,2.6419999599456787,2.6419999599456787,29991200,29991200,29991200
2019-02-12 22:00:00,2.687999963760376,2.687999963760376,2.687999963760376,29991200,29991200,29991200
2019-02-13 22:00:00,2.575000047683716,2.575000047683716,2.575000047683716,29991200,29991200,29991200
2019-02-14 22:00:00,2.572999954223633,2.572999954223633,2.572999954223633,29991200,29991200,29991200
2019-02-15 22:00:00,2.625,2.625,2.625,29991200,29991200,29991200
2019-02-19 22:00:00,2.6619999408721924,2.6619999408721924,2.6619999408721924,29991200,29991200,29991200
2019-02-20 22:00:00,2.635999917984009,2.635999917984009,2.635999917984009,29991200,29991200,29991200
2019-02-21 22:00:00,2.697000026702881,2.697000026702881,2.697000026702881,29991200,29991200,29991200
2019-02-22 22:00:00,2.7170000076293945,2.7170000076293945,2.7170000076293945,29991200,29991200,29991200
2019-02-25 22:00:00,2.8359999656677246,2.8359999656677246,2.8359999656677246,29991200,29991200,29991200
2019-02-26 22:00:00,2.8550000190734863,2.8550000190734863,2.8550000190734863,29991200,29991200,29991200
2019-02-27 22:00:00,2.799000024795532,2.799000024795532,2.799000024795532,29991200,29991200,29991200
2019-02-28 22:00:00,2.812000036239624,2.812000036239624,2.812000036239624,29991200,29991200,29991200
2019-03-01 22:00:00,2.858999967575073,2.858999967575073,2.858999967575073,29991200,29991200,29991200
2019-03-04 22:00:00,2.8570001125335693,2.8570001125335693,2.8570001125335693,29991200,29991200,29991200
2019-03-05 22:00:00,2.884000062942505,2.884000062942505,2.884000062942505,29991200,29991200,29991200
2019-03-06 22:00:00,2.8410000801086426,2.8410000801086426,2.8410000801086426,29991200,29991200,29991200
2019-03-07 22:00:00,2.865999937057495,2.865999937057495,2.865999937057495,29991200,29991200,29991200
2019-03-08 22:00:00,2.865000009536743,2.865000009536743,2.865000009536743,29991200,29991200,29991200
2019-03-11 22:00:00,2.7720000743865967,2.7720000743865967,2.7720000743865967,29991200,29991200,29991200
2019-03-12 22:00:00,2.7839999198913574,2.7839999198913574,2.7839999198913574,29991200,29991200,29991200
2019-03-13 22:00:00,2.819999933242798,2.819999933242798,2.819999933242798,29991200,29991200,29991200
2019-03-14 22:00:00,2.8550000190734863,2.8550000190734863,2.8550000190734863,29991200,29991200,29991200
2019-03-15 22:00:00,2.7950000762939453,2.7950000762939453,2.7950000762939453,29991200,29991200,29991200
2019-03-18 22:00:00,2.8499999046325684,2.8499999046325684,2.8499999046325684,29991200,29991200,29991200
2019-03-19 22:00:00,2.874000072479248,2.874000072479248,2.874000072479248,29991200,29991200,29991200
2019-03-20 22:00:00,2.819999933242798,2.819999933242798,2.819999933242798,29991200,29991200,29991200
2019-03-21 22:00:00,2.821000099182129,2.821000099182129,2.821000099182129,29991200,29991200,29991200
2019-03-22 22:00:00,2.753000020980835,2.753000020980835,2.753000020980835,29991200,29991200,29991200
2019-03-25 22:00:00,2.755000114440918,2.755000114440918,2.755000114440918,29991200,29991200,29991200
2019-03-26 22:00:00,2.740000009536743,2.740000009536743,2.740000009536743,29991200,29991200,29991200
2019-03-27 22:00:00,2.713000059127808,2.713000059127808,2.713000059127808,29991200,29991200,29991200
2019-03-28 22:00:00,2.711999893188477,2.711999893188477,2.711999893188477,29991200,29991200,29991200
2019-03-29 22:00:00,2.6619999408721924,2.6619999408721924,2.6619999408721924,29991200,29991200,29991200
2019-04-01 22:00:00,2.7079999446868896,2.7079999446868896,2.7079999446868896,29991200,29991200,29991200
2019-04-02 22:00:00,2.684000015258789,2.684000015258789,2.684000015258789,29991200,29991200,29991200
2019-04-03 22:00:00,2.677000045776367,2.677000045776367,2.677000045776367,29991200,29991200,29991200
2019-04-04 22:00:00,2.6429998874664307,2.6429998874664307,2.6429998874664307,29991200,29991200,29991200
2019-04-05 22:00:00,2.6640000343322754,2.6640000343322754,2.6640000343322754,29991200,29991200,29991200
2019-04-08 22:00:00,2.7079999446868896,2.7079999446868896,2.7079999446868896,29991200,29991200,29991200
2019-04-09 22:00:00,2.6989998817443848,2.6989998817443848,2.6989998817443848,29991200,29991200,29991200
2019-04-10 22:00:00,2.700000047683716,2.700000047683716,2.700000047683716,29991200,29991200,29991200
2019-04-11 22:00:00,2.6640000343322754,2.6640000343322754,2.6640000343322754,29991200,29991200,29991200
2019-04-12 22:00:00,2.6600000858306885,2.6600000858306885,2.6600000858306885,29991200,29991200,29991200
2019-04-15 22:00:00,2.5899999141693115,2.5899999141693115,2.5899999141693115,29991200,29991200,29991200
2019-04-16 22:00:00,2.572000026702881,2.572000026702881,2.572000026702881,29991200,29991200,29991200
2019-04-17 22:00:00,2.5169999599456787,2.5169999599456787,2.5169999599456787,29991200,29991200,29991200
2019-04-18 22:00:00,2.490000009536743,2.490000009536743,2.490000009536743,29991200,29991200,29991200
2019-04-22 22:00:00,2.5239999294281006,2.5239999294281006,2.5239999294281006,29991200,29991200,29991200
2019-04-23 22:00:00,2.4549999237060547,2.4549999237060547,2.4549999237060547,29991200,29991200,29991200
2019-04-24 22:00:00,2.461999893188477,2.461999893188477,2.461999893188477,29991200,29991200,29991200
2019-04-25 22:00:00,2.513999938964844,2.513999938964844,2.513999938964844,29991200,29991200,29991200
2019-04-26 22:00:00,2.565999984741211,2.565999984741211,2.565999984741211,29991200,29991200,29991200
2019-04-29 22:00:00,2.5929999351501465,2.5929999351501465,2.5929999351501465,29991200,29991200,29991200
2019-04-30 22:00:00,2.575000047683716,2.575000047683716,2.575000047683716,29991200,29991200,29991200
2019-05-01 22:00:00,2.619999885559082,2.619999885559082,2.619999885559082,29991200,29991200,29991200
2019-05-02 22:00:00,2.58899998664856,2.58899998664856,2.58899998664856,29991200,29991200,29991200
2019-05-03 22:00:00,2.566999912261963,2.566999912261963,2.566999912261963,29991200,29991200,29991200
2019-05-06 22:00:00,2.5239999294281006,2.5239999294281006,2.5239999294281006,29991200,29991200,29991200
2019-05-07 22:00:00,2.5369999408721924,2.5369999408721924,2.5369999408721924,29991200,29991200,29991200
2019-05-08 22:00:00,2.609999895095825,2.609999895095825,2.609999895095825,29991200,29991200,29991200
2019-05-09 22:00:00,2.595000028610229,2.595000028610229,2.595000028610229,29991200,29991200,29991200
2019-05-10 22:00:00,2.61899995803833,2.61899995803833,2.61899995803833,29991200,29991200,29991200
2019-05-13 22:00:00,2.621000051498413,2.621000051498413,2.621000051498413,29991200,29991200,29991200
2019-05-14 22:00:00,2.6589999198913574,2.6589999198913574,2.6589999198913574,29991200,29991200,29991200
2019-05-15 22:00:00,2.6010000705718994,2.6010000705718994,2.6010000705718994,29991200,29991200,29991200
2019-05-16 22:00:00,2.638999938964844,2.638999938964844,2.638999938964844,29991200,29991200,29991200
2019-05-17 22:00:00,2.63100004196167,2.63100004196167,2.63100004196167,29991200,29991200,29991200
2019-05-20 22:00:00,2.6730000972747803,2.6730000972747803,2.6730000972747803,29991200,29991200,29991200
2019-05-21 22:00:00,2.61299991607666,2.61299991607666,2.61299991607666,29991200,29991200,29991200
2019-05-22 22:00:00,2.5429999828338623,2.5429999828338623,2.5429999828338623,29991200,29991200,29991200
2019-05-23 22:00:00,2.578000068664551,2.578000068664551,2.578000068664551,29991200,29991200,29991200
2019-05-24 22:00:00,2.5980000495910645,2.5980000495910645,2.5980000495910645,29991200,29991200,29991200
2019-05-28 22:00:00,2.5820000171661377,2.5820000171661377,2.5820000171661377,29991200,29991200,29991200
2019-05-29 22:00:00,2.632999897003174,2.632999897003174,2.632999897003174,29991200,29991200,29991200
2019-05-30 22:00:00,2.546999931335449,2.546999931335449,2.546999931335449,29991200,29991200,29991200
2019-05-31 22:00:00,2.4539999961853027,2.4539999961853027,2.4539999961853027,29991200,29991200,29991200
2019-06-03 22:00:00,2.4030001163482666,2.4030001163482666,2.4030001163482666,29991200,29991200,29991200
2019-06-04 22:00:00,2.41599988937378,2.41599988937378,2.41599988937378,29991200,29991200,29991200
2019-06-05 22:00:00,2.378000020980835,2.378000020980835,2.378000020980835,29991200,29991200,29991200
2019-06-06 22:00:00,2.3239998817443848,2.3239998817443848,2.3239998817443848,29991200,29991200,29991200
2019-06-07 22:00:00,2.336999893188477,2.336999893188477,2.336999893188477,29991200,29991200,29991200
2019-06-10 22:00:00,2.3570001125335693,2.3570001125335693,2.3570001125335693,29991200,29991200,29991200
2019-06-11 22:00:00,2.3989999294281006,2.3989999294281006,2.3989999294281006,29991200,29991200,29991200
2019-06-12 22:00:00,2.385999917984009,2.385999917984009,2.385999917984009,29991200,29991200,29991200
2019-06-13 22:00:00,2.325000047683716,2.325000047683716,2.325000047683716,29991200,29991200,29991200
2019-06-14 22:00:00,2.38700008392334,2.38700008392334,2.38700008392334,29991200,29991200,29991200
2019-06-17 22:00:00,2.385999917984009,2.385999917984009,2.385999917984009,29991200,29991200,29991200
2019-06-18 22:00:00,2.328000068664551,2.328000068664551,2.328000068664551,29991200,29991200,29991200
2019-06-19 22:00:00,2.276000022888184,2.276000022888184,2.276000022888184,29991200,29991200,29991200
2019-06-20 22:00:00,2.184999942779541,2.184999942779541,2.184999942779541,29991200,29991200,29991200
2019-06-21 22:00:00,2.186000108718872,2.186000108718872,2.186000108718872,29991200,29991200,29991200
2019-06-24 22:00:00,2.302999973297119,2.302999973297119,2.302999973297119,29991200,29991200,29991200
2019-06-25 22:00:00,2.308000087738037,2.308000087738037,2.308000087738037,29991200,29991200,29991200
2019-06-26 22:00:00,2.29099988937378,2.29099988937378,2.29099988937378,29991200,29991200,29991200
2019-06-27 22:00:00,2.3239998817443848,2.3239998817443848,2.3239998817443848,29991200,29991200,29991200
2019-06-28 22:00:00,2.308000087738037,2.308000087738037,2.308000087738037,29991200,29991200,29991200
2019-07-01 22:00:00,2.2669999599456787,2.2669999599456787,2.2669999599456787,29991200,29991200,29991200
2019-07-02 22:00:00,2.240000009536743,2.240000009536743,2.240000009536743,29991200,29991200,29991200
2019-07-03 22:00:00,2.289999961853028,2.289999961853028,2.289999961853028,29991200,29991200,29991200
2019-07-05 22:00:00,2.4179999828338623,2.4179999828338623,2.4179999828338623,29991200,29991200,29991200
2019-07-08 22:00:00,2.4030001163482666,2.4030001163482666,2.4030001163482666,29991200,29991200,29991200
2019-07-09 22:00:00,2.424999952316284,2.424999952316284,2.424999952316284,29991200,29991200,29991200
2019-07-10 22:00:00,2.444000005722046,2.444000005722046,2.444000005722046,29991200,29991200,29991200
2019-07-11 22:00:00,2.41599988937378,2.41599988937378,2.41599988937378,29991200,29991200,29991200
2019-07-12 22:00:00,2.453000068664551,2.453000068664551,2.453000068664551,29991200,29991200,29991200
2019-07-15 22:00:00,2.407999992370605,2.407999992370605,2.407999992370605,29991200,29991200,29991200
2019-07-16 22:00:00,2.305999994277954,2.305999994277954,2.305999994277954,29991200,29991200,29991200
2019-07-17 22:00:00,2.303999900817871,2.303999900817871,2.303999900817871,29991200,29991200,29991200
2019-07-18 22:00:00,2.2869999408721924,2.2869999408721924,2.2869999408721924,29991200,29991200,29991200
2019-07-19 22:00:00,2.250999927520752,2.250999927520752,2.250999927520752,29991200,29991200,29991200
2019-07-22 22:00:00,2.312000036239624,2.312000036239624,2.312000036239624,29991200,29991200,29991200
2019-07-23 22:00:00,2.299999952316284,2.299999952316284,2.299999952316284,29991200,29991200,29991200
2019-07-24 22:00:00,2.220000028610229,2.220000028610229,2.220000028610229,29991200,29991200,29991200
2019-07-25 22:00:00,2.24399995803833,2.24399995803833,2.24399995803833,29991200,29991200,29991200
2019-07-26 22:00:00,2.1689999103546143,2.1689999103546143,2.1689999103546143,29991200,29991200,29991200
2019-07-29 22:00:00,2.1410000324249268,2.1410000324249268,2.1410000324249268,29991200,29991200,29991200
2019-07-30 22:00:00,2.13700008392334,2.13700008392334,2.13700008392334,29991200,29991200,29991200
2019-07-31 22:00:00,2.2330000400543213,2.2330000400543213,2.2330000400543213,29991200,29991200,29991200
2019-08-01 22:00:00,2.20199990272522,2.20199990272522,2.20199990272522,29991200,29991200,29991200
2019-08-02 22:00:00,2.121000051498413,2.121000051498413,2.121000051498413,29991200,29991200,29991200
2019-08-05 22:00:00,2.069999933242798,2.069999933242798,2.069999933242798,29991200,29991200,29991200
2019-08-06 22:00:00,2.111000061035156,2.111000061035156,2.111000061035156,29991200,29991200,29991200
2019-08-07 22:00:00,2.0829999446868896,2.0829999446868896,2.0829999446868896,29991200,29991200,29991200
2019-08-08 22:00:00,2.128000020980835,2.128000020980835,2.128000020980835,29991200,29991200,29991200
2019-08-09 22:00:00,2.11899995803833,2.11899995803833,2.11899995803833,29991200,29991200,29991200
2019-08-12 22:00:00,2.1050000190734863,2.1050000190734863,2.1050000190734863,29991200,29991200,29991200
2019-08-13 22:00:00,2.1470000743865967,2.1470000743865967,2.1470000743865967,29991200,29991200,29991200
2019-08-14 22:00:00,2.1429998874664307,2.1429998874664307,2.1429998874664307,29991200,29991200,29991200
2019-08-15 22:00:00,2.2320001125335693,2.2320001125335693,2.2320001125335693,29991200,29991200,29991200
2019-08-16 22:00:00,2.200000047683716,2.200000047683716,2.200000047683716,29991200,29991200,29991200
2019-08-19 22:00:00,2.2100000381469727,2.2100000381469727,2.2100000381469727,29991200,29991200,29991200
2019-08-20 22:00:00,2.2179999351501465,2.2179999351501465,2.2179999351501465,29991200,29991200,29991200
2019-08-21 22:00:00,2.1700000762939453,2.1700000762939453,2.1700000762939453,29991200,29991200,29991200
2019-08-22 22:00:00,2.1589999198913574,2.1589999198913574,2.1589999198913574,29991200,29991200,29991200
2019-08-23 22:00:00,2.1519999504089355,2.1519999504089355,2.1519999504089355,29991200,29991200,29991200
2019-08-26 22:00:00,2.2300000190734863,2.2300000190734863,2.2300000190734863,29991200,29991200,29991200
2019-08-27 22:00:00,2.20199990272522,2.20199990272522,2.20199990272522,29991200,29991200,29991200
2019-08-28 22:00:00,2.250999927520752,2.250999927520752,2.250999927520752,29991200,29991200,29991200
2019-08-29 22:00:00,2.2960000038146973,2.2960000038146973,2.2960000038146973,29991200,29991200,29991200
2019-08-30 22:00:00,2.2850000858306885,2.2850000858306885,2.2850000858306885,29991200,29991200,29991200
2019-09-03 22:00:00,2.3580000400543213,2.3580000400543213,2.3580000400543213,29991200,29991200,29991200
2019-09-04 22:00:00,2.444999933242798,2.444999933242798,2.444999933242798,29991200,29991200,29991200
2019-09-05 22:00:00,2.434999942779541,2.434999942779541,2.434999942779541,29991200,29991200,29991200
2019-09-06 22:00:00,2.496000051498413,2.496000051498413,2.496000051498413,29991200,29991200,29991200
2019-09-09 22:00:00,2.5850000381469727,2.5850000381469727,2.5850000381469727,29991200,29991200,29991200
2019-09-10 22:00:00,2.5799999237060547,2.5799999237060547,2.5799999237060547,29991200,29991200,29991200
2019-09-11 22:00:00,2.552000045776367,2.552000045776367,2.552000045776367,29991200,29991200,29991200
2019-09-12 22:00:00,2.5739998817443848,2.5739998817443848,2.5739998817443848,29991200,29991200,29991200
2019-09-13 22:00:00,2.614000082015991,2.614000082015991,2.614000082015991,29991200,29991200,29991200
2019-09-16 22:00:00,2.680999994277954,2.680999994277954,2.680999994277954,29991200,29991200,29991200
2019-09-17 22:00:00,2.6679999828338623,2.6679999828338623,2.6679999828338623,29991200,29991200,29991200
2019-09-18 22:00:00,2.63700008392334,2.63700008392334,2.63700008392334,29991200,29991200,29991200
2019-09-19 22:00:00,2.5380001068115234,2.5380001068115234,2.5380001068115234,29991200,29991200,29991200
2019-09-20 22:00:00,2.5339999198913574,2.5339999198913574,2.5339999198913574,29991200,29991200,29991200
2019-09-23 22:00:00,2.5269999504089355,2.5269999504089355,2.5269999504089355,29991200,29991200,29991200
2019-09-24 22:00:00,2.503000020980835,2.503000020980835,2.503000020980835,29991200,29991200,29991200
2019-09-25 22:00:00,2.502000093460083,2.502000093460083,2.502000093460083,29991200,29991200,29991200
2019-09-26 22:00:00,2.427999973297119,2.427999973297119,2.427999973297119,29991200,29991200,29991200
2019-09-27 22:00:00,2.4040000438690186,2.4040000438690186,2.4040000438690186,29991200,29991200,29991200
2019-09-30 22:00:00,2.3299999237060547,2.3299999237060547,2.3299999237060547,29991200,29991200,29991200
2019-10-01 22:00:00,2.282999992370605,2.282999992370605,2.282999992370605,29991200,29991200,29991200
2019-10-02 22:00:00,2.246999979019165,2.246999979019165,2.246999979019165,29991200,29991200,29991200
2019-10-03 22:00:00,2.3289999961853027,2.3289999961853027,2.3289999961853027,29991200,29991200,29991200
2019-10-04 22:00:00,2.351999998092652,2.351999998092652,2.351999998092652,29991200,29991200,29991200
2019-10-07 22:00:00,2.302999973297119,2.302999973297119,2.302999973297119,29991200,29991200,29991200
2019-10-08 22:00:00,2.2880001068115234,2.2880001068115234,2.2880001068115234,29991200,29991200,29991200
2019-10-09 22:00:00,2.233999967575073,2.233999967575073,2.233999967575073,29991200,29991200,29991200
2019-10-10 22:00:00,2.2179999351501465,2.2179999351501465,2.2179999351501465,29991200,29991200,29991200
2019-10-11 22:00:00,2.21399998664856,2.21399998664856,2.21399998664856,29991200,29991200,29991200
2019-10-14 22:00:00,2.2799999713897705,2.2799999713897705,2.2799999713897705,29991200,29991200,29991200
2019-10-15 22:00:00,2.33899998664856,2.33899998664856,2.33899998664856,29991200,29991200,29991200
2019-10-16 22:00:00,2.302999973297119,2.302999973297119,2.302999973297119,29991200,29991200,29991200
2019-10-17 22:00:00,2.318000078201294,2.318000078201294,2.318000078201294,29991200,29991200,29991200
2019-10-18 22:00:00,2.319999933242798,2.319999933242798,2.319999933242798,29991200,29991200,29991200
2019-10-21 22:00:00,2.23799991607666,2.23799991607666,2.23799991607666,29991200,29991200,29991200
2019-10-22 22:00:00,2.2720000743865967,2.2720000743865967,2.2720000743865967,29991200,29991200,29991200
2019-10-23 22:00:00,2.282000064849853,2.282000064849853,2.282000064849853,29991200,29991200,29991200
2019-10-24 22:00:00,2.315999984741211,2.315999984741211,2.315999984741211,29991200,29991200,29991200
2019-10-25 22:00:00,2.299999952316284,2.299999952316284,2.299999952316284,29991200,29991200,29991200
2019-10-28 22:00:00,2.446000099182129,2.446000099182129,2.446000099182129,29991200,29991200,29991200
2019-10-29 22:00:00,2.5969998836517334,2.5969998836517334,2.5969998836517334,29991200,29991200,29991200
2019-10-30 22:00:00,2.690999984741211,2.690999984741211,2.690999984741211,29991200,29991200,29991200
2019-10-31 22:00:00,2.632999897003174,2.632999897003174,2.632999897003174,29991200,29991200,29991200
2019-11-01 22:00:00,2.71399998664856,2.71399998664856,2.71399998664856,29991200,29991200,29991200
2019-11-04 22:00:00,2.821000099182129,2.821000099182129,2.821000099182129,29991200,29991200,29991200
2019-11-05 22:00:00,2.861999988555908,2.861999988555908,2.861999988555908,29991200,29991200,29991200
2019-11-06 22:00:00,2.828000068664551,2.828000068664551,2.828000068664551,29991200,29991200,29991200
2019-11-07 22:00:00,2.7720000743865967,2.7720000743865967,2.7720000743865967,29991200,29991200,29991200
2019-11-08 22:00:00,2.7890000343322754,2.7890000343322754,2.7890000343322754,29991200,29991200,29991200
2019-11-11 22:00:00,2.63700008392334,2.63700008392334,2.63700008392334,29991200,29991200,29991200
2019-11-12 22:00:00,2.621000051498413,2.621000051498413,2.621000051498413,29991200,29991200,29991200
2019-11-13 22:00:00,2.5999999046325684,2.5999999046325684,2.5999999046325684,29991200,29991200,29991200
2019-11-14 22:00:00,2.6470000743865967,2.6470000743865967,2.6470000743865967,29991200,29991200,29991200
2019-11-15 22:00:00,2.687999963760376,2.687999963760376,2.687999963760376,29991200,29991200,29991200
2019-11-18 22:00:00,2.565999984741211,2.565999984741211,2.565999984741211,29991200,29991200,29991200
2019-11-19 22:00:00,2.509999990463257,2.509999990463257,2.509999990463257,29991200,29991200,29991200
2019-11-20 22:00:00,2.559000015258789,2.559000015258789,2.559000015258789,29991200,29991200,29991200
2019-11-21 22:00:00,2.566999912261963,2.566999912261963,2.566999912261963,29991200,29991200,29991200
2019-11-22 22:00:00,2.664999961853028,2.664999961853028,2.664999961853028,29991200,29991200,29991200
2019-11-25 22:00:00,2.5309998989105225,2.5309998989105225,2.5309998989105225,29991200,29991200,29991200
2019-11-26 22:00:00,2.470000028610229,2.470000028610229,2.470000028610229,29991200,29991200,29991200
2019-11-27 22:00:00,2.500999927520752,2.500999927520752,2.500999927520752,29991200,29991200,29991200
2019-11-29 22:00:00,2.2809998989105225,2.2809998989105225,2.2809998989105225,29991200,29991200,29991200
2019-12-02 22:00:00,2.3289999961853027,2.3289999961853027,2.3289999961853027,29991200,29991200,29991200
2019-12-03 22:00:00,2.440999984741211,2.440999984741211,2.440999984741211,29991200,29991200,29991200
2019-12-04 22:00:00,2.3989999294281006,2.3989999294281006,2.3989999294281006,29991200,29991200,29991200
2019-12-05 22:00:00,2.427000045776367,2.427000045776367,2.427000045776367,29991200,29991200,29991200
2019-12-06 22:00:00,2.3340001106262207,2.3340001106262207,2.3340001106262207,29991200,29991200,29991200
2019-12-09 22:00:00,2.2320001125335693,2.2320001125335693,2.2320001125335693,29991200,29991200,29991200
2019-12-10 22:00:00,2.263999938964844,2.263999938964844,2.263999938964844,29991200,29991200,29991200
2019-12-11 22:00:00,2.243000030517578,2.243000030517578,2.243000030517578,29991200,29991200,29991200
2019-12-12 22:00:00,2.328000068664551,2.328000068664551,2.328000068664551,29991200,29991200,29991200
2019-12-13 22:00:00,2.2960000038146973,2.2960000038146973,2.2960000038146973,29991200,29991200,29991200
2019-12-16 22:00:00,2.3410000801086426,2.3410000801086426,2.3410000801086426,29991200,29991200,29991200
2019-12-17 22:00:00,2.319000005722046,2.319000005722046,2.319000005722046,29991200,29991200,29991200
2019-12-18 22:00:00,2.2860000133514404,2.2860000133514404,2.2860000133514404,29991200,29991200,29991200
2019-12-19 22:00:00,2.2730000019073486,2.2730000019073486,2.2730000019073486,29991200,29991200,29991200
2019-12-20 22:00:00,2.328000068664551,2.328000068664551,2.328000068664551,29991200,29991200,29991200
2019-12-23 22:00:00,2.21399998664856,2.21399998664856,2.21399998664856,29991200,29991200,29991200
2019-12-24 22:00:00,2.171999931335449,2.171999931335449,2.171999931335449,29991200,29991200,29991200
2019-12-26 22:00:00,2.2939999103546143,2.2939999103546143,2.2939999103546143,29991200,29991200,29991200
2019-12-27 22:00:00,2.157999992370605,2.157999992370605,2.157999992370605,29991200,29991200,29991200
2019-12-30 22:00:00,2.186000108718872,2.186000108718872,2.186000108718872,29991200,29991200,29991200
2019-12-31 22:00:00,2.188999891281128,2.188999891281128,2.188999891281128,29991200,29991200,29991200
2020-01-02 22:00:00,2.121999979019165,2.121999979019165,2.121999979019165,29991200,29991200,29991200
2020-01-03 22:00:00,2.130000114440918,2.130000114440918,2.130000114440918,29991200,29991200,29991200
2020-01-06 22:00:00,2.134999990463257,2.134999990463257,2.134999990463257,29991200,29991200,29991200
2020-01-07 22:00:00,2.1619999408721924,2.1619999408721924,2.1619999408721924,29991200,29991200,29991200
2020-01-08 22:00:00,2.1410000324249268,2.1410000324249268,2.1410000324249268,29991200,29991200,29991200
2020-01-09 22:00:00,2.16599988937378,2.16599988937378,2.16599988937378,29991200,29991200,29991200
2020-01-10 22:00:00,2.20199990272522,2.20199990272522,2.20199990272522,29991200,29991200,29991200
2020-01-13 22:00:00,2.181999921798706,2.181999921798706,2.181999921798706,29991200,29991200,29991200
2020-01-14 22:00:00,2.187000036239624,2.187000036239624,2.187000036239624,29991200,29991200,29991200
2020-01-15 22:00:00,2.119999885559082,2.119999885559082,2.119999885559082,29991200,29991200,29991200
2020-01-16 22:00:00,2.07699990272522,2.07699990272522,2.07699990272522,29991200,29991200,29991200
2020-01-17 22:00:00,2.003000020980835,2.003000020980835,2.003000020980835,29991200,29991200,29991200
2020-01-21 22:00:00,1.8949999809265137,1.8949999809265137,1.8949999809265137,29991200,29991200,29991200
2020-01-22 22:00:00,1.9049999713897705,1.9049999713897705,1.9049999713897705,29991200,29991200,29991200
2020-01-23 22:00:00,1.9259999990463257,1.9259999990463257,1.9259999990463257,29991200,29991200,29991200
2020-01-24 22:00:00,1.89300000667572,1.89300000667572,1.89300000667572,29991200,29991200,29991200
2020-01-27 22:00:00,1.9019999504089355,1.9019999504089355,1.9019999504089355,29991200,29991200,29991200
2020-01-28 22:00:00,1.934000015258789,1.934000015258789,1.934000015258789,29991200,29991200,29991200
2020-01-29 22:00:00,1.8769999742507928,1.8769999742507928,1.8769999742507928,29991200,29991200,29991200
2020-01-30 22:00:00,1.8289999961853027,1.8289999961853027,1.8289999961853027,29991200,29991200,29991200
2020-01-31 22:00:00,1.840999960899353,1.840999960899353,1.840999960899353,29991200,29991200,29991200
2020-02-03 22:00:00,1.819000005722046,1.819000005722046,1.819000005722046,29991200,29991200,29991200
2020-02-04 22:00:00,1.871999979019165,1.871999979019165,1.871999979019165,29991200,29991200,29991200
2020-02-05 22:00:00,1.8609999418258667,1.8609999418258667,1.8609999418258667,29991200,29991200,29991200
2020-02-06 22:00:00,1.861999988555908,1.861999988555908,1.861999988555908,29991200,29991200,29991200
2020-02-07 22:00:00,1.8580000400543213,1.8580000400543213,1.8580000400543213,29991200,29991200,29991200
2020-02-10 22:00:00,1.7660000324249268,1.7660000324249268,1.7660000324249268,29991200,29991200,29991200
2020-02-11 22:00:00,1.787999987602234,1.787999987602234,1.787999987602234,29991200,29991200,29991200
2020-02-12 22:00:00,1.843999981880188,1.843999981880188,1.843999981880188,29991200,29991200,29991200
2020-02-13 22:00:00,1.825999975204468,1.825999975204468,1.825999975204468,29991200,29991200,29991200
2020-02-14 22:00:00,1.837000012397766,1.837000012397766,1.837000012397766,29991200,29991200,29991200
2020-02-18 22:00:00,1.9809999465942385,1.9809999465942385,1.9809999465942385,29991200,29991200,29991200
2020-02-19 22:00:00,1.955000042915344,1.955000042915344,1.955000042915344,29991200,29991200,29991200
2020-02-20 22:00:00,1.919999957084656,1.919999957084656,1.919999957084656,29991200,29991200,29991200
2020-02-21 22:00:00,1.9049999713897705,1.9049999713897705,1.9049999713897705,29991200,29991200,29991200
2020-02-24 22:00:00,1.8270000219345093,1.8270000219345093,1.8270000219345093,29991200,29991200,29991200
2020-02-25 22:00:00,1.847000002861023,1.847000002861023,1.847000002861023,29991200,29991200,29991200
2020-02-26 22:00:00,1.82099997997284,1.82099997997284,1.82099997997284,29991200,29991200,29991200
2020-02-27 22:00:00,1.7519999742507937,1.7519999742507937,1.7519999742507937,29991200,29991200,29991200
2020-02-28 22:00:00,1.684000015258789,1.684000015258789,1.684000015258789,29991200,29991200,29991200
2020-03-02 22:00:00,1.75600004196167,1.75600004196167,1.75600004196167,29991200,29991200,29991200
2020-03-03 22:00:00,1.7999999523162842,1.7999999523162842,1.7999999523162842,29991200,29991200,29991200
2020-03-04 22:00:00,1.8270000219345093,1.8270000219345093,1.8270000219345093,29991200,29991200,29991200
2020-03-05 22:00:00,1.7719999551773071,1.7719999551773071,1.7719999551773071,29991200,29991200,29991200
2020-03-06 22:00:00,1.7079999446868896,1.7079999446868896,1.7079999446868896,29991200,29991200,29991200
2020-03-09 22:00:00,1.777999997138977,1.777999997138977,1.777999997138977,29991200,29991200,29991200
2020-03-10 22:00:00,1.9359999895095823,1.9359999895095823,1.9359999895095823,29991200,29991200,29991200
2020-03-11 22:00:00,1.878000020980835,1.878000020980835,1.878000020980835,29991200,29991200,29991200
2020-03-12 22:00:00,1.840999960899353,1.840999960899353,1.840999960899353,29991200,29991200,29991200
2020-03-13 22:00:00,1.86899995803833,1.86899995803833,1.86899995803833,29991200,29991200,29991200
2020-03-16 22:00:00,1.815000057220459,1.815000057220459,1.815000057220459,29991200,29991200,29991200
2020-03-17 22:00:00,1.7289999723434448,1.7289999723434448,1.7289999723434448,29991200,29991200,29991200
2020-03-18 22:00:00,1.6039999723434448,1.6039999723434448,1.6039999723434448,29991200,29991200,29991200
2020-03-19 22:00:00,1.6540000438690186,1.6540000438690186,1.6540000438690186,29991200,29991200,29991200
2020-03-20 22:00:00,1.6039999723434448,1.6039999723434448,1.6039999723434448,29991200,29991200,29991200
2020-03-23 22:00:00,1.6019999980926514,1.6019999980926514,1.6019999980926514,29991200,29991200,29991200
2020-03-24 22:00:00,1.652999997138977,1.652999997138977,1.652999997138977,29991200,29991200,29991200
2020-03-25 22:00:00,1.659000039100647,1.659000039100647,1.659000039100647,29991200,29991200,29991200
2020-03-26 22:00:00,1.6369999647140503,1.6369999647140503,1.6369999647140503,29991200,29991200,29991200
2020-03-27 22:00:00,1.633999943733215,1.633999943733215,1.633999943733215,29991200,29991200,29991200
2020-03-30 22:00:00,1.690000057220459,1.690000057220459,1.690000057220459,29991200,29991200,29991200
2020-03-31 22:00:00,1.6399999856948853,1.6399999856948853,1.6399999856948853,29991200,29991200,29991200
2020-04-01 22:00:00,1.587000012397766,1.587000012397766,1.587000012397766,29991200,29991200,29991200
2020-04-02 22:00:00,1.5520000457763672,1.5520000457763672,1.5520000457763672,29991200,29991200,29991200
2020-04-03 22:00:00,1.621000051498413,1.621000051498413,1.621000051498413,29991200,29991200,29991200
2020-04-06 22:00:00,1.7309999465942385,1.7309999465942385,1.7309999465942385,29991200,29991200,29991200
2020-04-07 22:00:00,1.851999998092652,1.851999998092652,1.851999998092652,29991200,29991200,29991200
2020-04-08 22:00:00,1.7829999923706057,1.7829999923706057,1.7829999923706057,29991200,29991200,29991200
2020-04-09 22:00:00,1.7330000400543213,1.7330000400543213,1.7330000400543213,29991200,29991200,29991200
2020-04-13 22:00:00,1.7239999771118164,1.7239999771118164,1.7239999771118164,29991200,29991200,29991200
2020-04-14 22:00:00,1.649999976158142,1.649999976158142,1.649999976158142,29991200,29991200,29991200
2020-04-15 22:00:00,1.5980000495910645,1.5980000495910645,1.5980000495910645,29991200,29991200,29991200
2020-04-16 22:00:00,1.6859999895095823,1.6859999895095823,1.6859999895095823,29991200,29991200,29991200
2020-04-17 22:00:00,1.753000020980835,1.753000020980835,1.753000020980835,29991200,29991200,29991200
2020-04-20 22:00:00,1.924000024795532,1.924000024795532,1.924000024795532,29991200,29991200,29991200
2020-04-21 22:00:00,1.82099997997284,1.82099997997284,1.82099997997284,29991200,29991200,29991200
2020-04-22 22:00:00,1.9390000104904173,1.9390000104904173,1.9390000104904173,29991200,29991200,29991200
2020-04-23 22:00:00,1.815000057220459,1.815000057220459,1.815000057220459,29991200,29991200,29991200
2020-04-24 22:00:00,1.746000051498413,1.746000051498413,1.746000051498413,29991200,29991200,29991200
2020-04-27 22:00:00,1.819000005722046,1.819000005722046,1.819000005722046,29991200,29991200,29991200
2020-04-28 22:00:00,1.7940000295639038,1.7940000295639038,1.7940000295639038,29991200,29991200,29991200
2020-04-29 22:00:00,1.86899995803833,1.86899995803833,1.86899995803833,29991200,29991200,29991200
2020-04-30 22:00:00,1.9490000009536743,1.9490000009536743,1.9490000009536743,29991200,29991200,29991200
2020-05-01 22:00:00,1.8899999856948853,1.8899999856948853,1.8899999856948853,29991200,29991200,29991200
2020-05-04 22:00:00,1.993000030517578,1.993000030517578,1.993000030517578,29991200,29991200,29991200
2020-05-05 22:00:00,2.134000062942505,2.134000062942505,2.134000062942505,29991200,29991200,29991200
2020-05-06 22:00:00,1.944000005722046,1.944000005722046,1.944000005722046,29991200,29991200,29991200
2020-05-07 22:00:00,1.8940000534057613,1.8940000534057613,1.8940000534057613,29991200,29991200,29991200
2020-05-08 22:00:00,1.8229999542236328,1.8229999542236328,1.8229999542236328,29991200,29991200,29991200
2020-05-11 22:00:00,1.825999975204468,1.825999975204468,1.825999975204468,29991200,29991200,29991200
2020-05-12 22:00:00,1.7200000286102295,1.7200000286102295,1.7200000286102295,29991200,29991200,29991200
2020-05-13 22:00:00,1.616000056266785,1.616000056266785,1.616000056266785,29991200,29991200,29991200
2020-05-14 22:00:00,1.680999994277954,1.680999994277954,1.680999994277954,29991200,29991200,29991200
2020-05-15 22:00:00,1.6460000276565552,1.6460000276565552,1.6460000276565552,29991200,29991200,29991200
2020-05-18 22:00:00,1.7829999923706057,1.7829999923706057,1.7829999923706057,29991200,29991200,29991200
2020-05-19 22:00:00,1.830000042915344,1.830000042915344,1.830000042915344,29991200,29991200,29991200
2020-05-20 22:00:00,1.7710000276565552,1.7710000276565552,1.7710000276565552,29991200,29991200,29991200
2020-05-21 22:00:00,1.7100000381469729,1.7100000381469729,1.7100000381469729,29991200,29991200,29991200
2020-05-22 22:00:00,1.7309999465942385,1.7309999465942385,1.7309999465942385,29991200,29991200,29991200
2020-05-26 22:00:00,1.7929999828338623,1.7929999828338623,1.7929999828338623,29991200,29991200,29991200
2020-05-27 22:00:00,1.722000002861023,1.722000002861023,1.722000002861023,29991200,29991200,29991200
2020-05-28 22:00:00,1.8270000219345093,1.8270000219345093,1.8270000219345093,29991200,29991200,29991200
2020-05-29 22:00:00,1.8489999771118164,1.8489999771118164,1.8489999771118164,29991200,29991200,29991200
2020-06-01 22:00:00,1.77400004863739,1.77400004863739,1.77400004863739,29991200,29991200,29991200
2020-06-02 22:00:00,1.7769999504089355,1.7769999504089355,1.7769999504089355,29991200,29991200,29991200
2020-06-03 22:00:00,1.82099997997284,1.82099997997284,1.82099997997284,29991200,29991200,29991200
2020-06-04 22:00:00,1.8220000267028809,1.8220000267028809,1.8220000267028809,29991200,29991200,29991200
2020-06-05 22:00:00,1.781999945640564,1.781999945640564,1.781999945640564,29991200,29991200,29991200
2020-06-08 22:00:00,1.7890000343322754,1.7890000343322754,1.7890000343322754,29991200,29991200,29991200
2020-06-09 22:00:00,1.7669999599456787,1.7669999599456787,1.7669999599456787,29991200,29991200,29991200
2020-06-10 22:00:00,1.7799999713897705,1.7799999713897705,1.7799999713897705,29991200,29991200,29991200
2020-06-11 22:00:00,1.812999963760376,1.812999963760376,1.812999963760376,29991200,29991200,29991200
2020-06-12 22:00:00,1.7309999465942385,1.7309999465942385,1.7309999465942385,29991200,29991200,29991200
2020-06-15 22:00:00,1.6690000295639038,1.6690000295639038,1.6690000295639038,29991200,29991200,29991200
2020-06-16 22:00:00,1.6139999628067017,1.6139999628067017,1.6139999628067017,29991200,29991200,29991200
2020-06-17 22:00:00,1.6380000114440918,1.6380000114440918,1.6380000114440918,29991200,29991200,29991200
2020-06-18 22:00:00,1.6380000114440918,1.6380000114440918,1.6380000114440918,29991200,29991200,29991200
2020-06-19 22:00:00,1.6690000295639038,1.6690000295639038,1.6690000295639038,29991200,29991200,29991200
2020-06-22 22:00:00,1.6640000343322754,1.6640000343322754,1.6640000343322754,29991200,29991200,29991200
2020-06-23 22:00:00,1.6369999647140503,1.6369999647140503,1.6369999647140503,29991200,29991200,29991200
2020-06-24 22:00:00,1.597000002861023,1.597000002861023,1.597000002861023,29991200,29991200,29991200
2020-06-25 22:00:00,1.4819999933242798,1.4819999933242798,1.4819999933242798,29991200,29991200,29991200
2020-06-26 22:00:00,1.4950000047683716,1.4950000047683716,1.4950000047683716,29991200,29991200,29991200
2020-06-29 22:00:00,1.7089999914169312,1.7089999914169312,1.7089999914169312,29991200,29991200,29991200
2020-06-30 22:00:00,1.7510000467300415,1.7510000467300415,1.7510000467300415,29991200,29991200,29991200
2020-07-01 22:00:00,1.6710000038146973,1.6710000038146973,1.6710000038146973,29991200,29991200,29991200
2020-07-02 22:00:00,1.7339999675750732,1.7339999675750732,1.7339999675750732,29991200,29991200,29991200
2020-07-06 22:00:00,1.830000042915344,1.830000042915344,1.830000042915344,29991200,29991200,29991200
2020-07-07 22:00:00,1.8760000467300413,1.8760000467300413,1.8760000467300413,29991200,29991200,29991200
2020-07-08 22:00:00,1.8240000009536743,1.8240000009536743,1.8240000009536743,29991200,29991200,29991200
2020-07-09 22:00:00,1.7790000438690186,1.7790000438690186,1.7790000438690186,29991200,29991200,29991200
2020-07-10 22:00:00,1.8049999475479128,1.8049999475479128,1.8049999475479128,29991200,29991200,29991200
2020-07-13 22:00:00,1.7389999628067017,1.7389999628067017,1.7389999628067017,29991200,29991200,29991200
2020-07-14 22:00:00,1.746000051498413,1.746000051498413,1.746000051498413,29991200,29991200,29991200
2020-07-15 22:00:00,1.777999997138977,1.777999997138977,1.777999997138977,29991200,29991200,29991200
2020-07-16 22:00:00,1.7230000495910645,1.7230000495910645,1.7230000495910645,29991200,29991200,29991200
2020-07-17 22:00:00,1.718000054359436,1.718000054359436,1.718000054359436,29991200,29991200,29991200
2020-07-20 22:00:00,1.6410000324249268,1.6410000324249268,1.6410000324249268,29991200,29991200,29991200
2020-07-21 22:00:00,1.6749999523162842,1.6749999523162842,1.6749999523162842,29991200,29991200,29991200
2020-07-22 22:00:00,1.680999994277954,1.680999994277954,1.680999994277954,29991200,29991200,29991200
2020-07-23 22:00:00,1.784999966621399,1.784999966621399,1.784999966621399,29991200,29991200,29991200
2020-07-24 22:00:00,1.807999968528748,1.807999968528748,1.807999968528748,29991200,29991200,29991200
2020-07-27 22:00:00,1.7339999675750732,1.7339999675750732,1.7339999675750732,29991200,29991200,29991200
2020-07-28 22:00:00,1.7999999523162842,1.7999999523162842,1.7999999523162842,29991200,29991200,29991200
2020-07-29 22:00:00,1.8539999723434448,1.8539999723434448,1.8539999723434448,29991200,29991200,29991200
2020-07-30 22:00:00,1.8289999961853027,1.8289999961853027,1.8289999961853027,29991200,29991200,29991200
2020-07-31 22:00:00,1.7990000247955322,1.7990000247955322,1.7990000247955322,29991200,29991200,29991200
2020-08-03 22:00:00,2.1010000705718994,2.1010000705718994,2.1010000705718994,29991200,29991200,29991200
2020-08-04 22:00:00,2.193000078201294,2.193000078201294,2.193000078201294,29991200,29991200,29991200
2020-08-05 22:00:00,2.190999984741211,2.190999984741211,2.190999984741211,29991200,29991200,29991200
2020-08-06 22:00:00,2.164999961853028,2.164999961853028,2.164999961853028,29991200,29991200,29991200
2020-08-07 22:00:00,2.23799991607666,2.23799991607666,2.23799991607666,29991200,29991200,29991200
2020-08-10 22:00:00,2.1530001163482666,2.1530001163482666,2.1530001163482666,29991200,29991200,29991200
2020-08-11 22:00:00,2.1710000038146973,2.1710000038146973,2.1710000038146973,29991200,29991200,29991200
2020-08-12 22:00:00,2.1519999504089355,2.1519999504089355,2.1519999504089355,29991200,29991200,29991200
2020-08-13 22:00:00,2.181999921798706,2.181999921798706,2.181999921798706,29991200,29991200,29991200
2020-08-14 22:00:00,2.3559999465942383,2.3559999465942383,2.3559999465942383,29991200,29991200,29991200
2020-08-17 22:00:00,2.33899998664856,2.33899998664856,2.33899998664856,29991200,29991200,29991200
2020-08-18 22:00:00,2.4170000553131104,2.4170000553131104,2.4170000553131104,29991200,29991200,29991200
2020-08-19 22:00:00,2.4260001182556152,2.4260001182556152,2.4260001182556152,29991200,29991200,29991200
2020-08-20 22:00:00,2.351999998092652,2.351999998092652,2.351999998092652,29991200,29991200,29991200
2020-08-21 22:00:00,2.447999954223633,2.447999954223633,2.447999954223633,29991200,29991200,29991200
2020-08-24 22:00:00,2.513000011444092,2.513000011444092,2.513000011444092,29991200,29991200,29991200
2020-08-25 22:00:00,2.489000082015991,2.489000082015991,2.489000082015991,29991200,29991200,29991200
2020-08-26 22:00:00,2.4609999656677246,2.4609999656677246,2.4609999656677246,29991200,29991200,29991200
2020-08-27 22:00:00,2.5789999961853027,2.5789999961853027,2.5789999961853027,29991200,29991200,29991200
2020-08-28 22:00:00,2.657000064849853,2.657000064849853,2.657000064849853,29991200,29991200,29991200
2020-08-31 22:00:00,2.630000114440918,2.630000114440918,2.630000114440918,29991200,29991200,29991200
2020-09-01 22:00:00,2.5269999504089355,2.5269999504089355,2.5269999504089355,29991200,29991200,29991200
2020-09-02 22:00:00,2.486000061035156,2.486000061035156,2.486000061035156,29991200,29991200,29991200
2020-09-03 22:00:00,2.486999988555908,2.486999988555908,2.486999988555908,29991200,29991200,29991200
2020-09-04 22:00:00,2.588000059127808,2.588000059127808,2.588000059127808,29991200,29991200,29991200
2020-09-08 22:00:00,2.400000095367432,2.400000095367432,2.400000095367432,29991200,29991200,29991200
2020-09-09 22:00:00,2.4059998989105225,2.4059998989105225,2.4059998989105225,29991200,29991200,29991200
2020-09-10 22:00:00,2.322999954223633,2.322999954223633,2.322999954223633,29991200,29991200,29991200
2020-09-11 22:00:00,2.2690000534057617,2.2690000534057617,2.2690000534057617,29991200,29991200,29991200
2020-09-14 22:00:00,2.309999942779541,2.309999942779541,2.309999942779541,29991200,29991200,29991200
2020-09-15 22:00:00,2.361999988555908,2.361999988555908,2.361999988555908,29991200,29991200,29991200
2020-09-16 22:00:00,2.2669999599456787,2.2669999599456787,2.2669999599456787,29991200,29991200,29991200
2020-09-17 22:00:00,2.0420000553131104,2.0420000553131104,2.0420000553131104,29991200,29991200,29991200
2020-09-18 22:00:00,2.0480000972747803,2.0480000972747803,2.0480000972747803,29991200,29991200,29991200
2020-09-21 22:00:00,1.8350000381469729,1.8350000381469729,1.8350000381469729,29991200,29991200,29991200
2020-09-22 22:00:00,1.8339999914169312,1.8339999914169312,1.8339999914169312,29991200,29991200,29991200
2020-09-23 22:00:00,2.125,2.125,2.125,29991200,29991200,29991200
2020-09-24 22:00:00,2.247999906539917,2.247999906539917,2.247999906539917,29991200,29991200,29991200
2020-09-25 22:00:00,2.138999938964844,2.138999938964844,2.138999938964844,29991200,29991200,29991200
2020-09-28 22:00:00,2.1010000705718994,2.1010000705718994,2.1010000705718994,29991200,29991200,29991200
2020-09-29 22:00:00,2.561000108718872,2.561000108718872,2.561000108718872,29991200,29991200,29991200
2020-09-30 22:00:00,2.5269999504089355,2.5269999504089355,2.5269999504089355,29991200,29991200,29991200
2020-10-01 22:00:00,2.5269999504089355,2.5269999504089355,2.5269999504089355,29991200,29991200,29991200
2020-10-02 22:00:00,2.437999963760376,2.437999963760376,2.437999963760376,29991200,29991200,29991200
2020-10-05 22:00:00,2.615000009536743,2.615000009536743,2.615000009536743,29991200,29991200,29991200
2020-10-06 22:00:00,2.5199999809265137,2.5199999809265137,2.5199999809265137,29991200,29991200,29991200
2020-10-07 22:00:00,2.6059999465942383,2.6059999465942383,2.6059999465942383,29991200,29991200,29991200
2020-10-08 22:00:00,2.627000093460083,2.627000093460083,2.627000093460083,29991200,29991200,29991200
2020-10-09 22:00:00,2.740999937057495,2.740999937057495,2.740999937057495,29991200,29991200,29991200
2020-10-12 22:00:00,2.88100004196167,2.88100004196167,2.88100004196167,29991200,29991200,29991200
2020-10-13 22:00:00,2.8550000190734863,2.8550000190734863,2.8550000190734863,29991200,29991200,29991200
2020-10-14 22:00:00,2.635999917984009,2.635999917984009,2.635999917984009,29991200,29991200,29991200
2020-10-15 22:00:00,2.775000095367432,2.775000095367432,2.775000095367432,29991200,29991200,29991200
2020-10-16 22:00:00,2.7730000019073486,2.7730000019073486,2.7730000019073486,29991200,29991200,29991200
2020-10-19 22:00:00,2.7950000762939453,2.7950000762939453,2.7950000762939453,29991200,29991200,29991200
2020-10-20 22:00:00,2.9130001068115234,2.9130001068115234,2.9130001068115234,29991200,29991200,29991200
2020-10-21 22:00:00,3.0230000019073486,3.0230000019073486,3.0230000019073486,29991200,29991200,29991200
2020-10-22 22:00:00,3.006999969482422,3.006999969482422,3.006999969482422,29991200,29991200,29991200
2020-10-23 22:00:00,2.970999956130981,2.970999956130981,2.970999956130981,29991200,29991200,29991200
2020-10-26 22:00:00,3.0239999294281006,3.0239999294281006,3.0239999294281006,29991200,29991200,29991200
2020-10-27 22:00:00,3.0190000534057617,3.0190000534057617,3.0190000534057617,29991200,29991200,29991200
2020-10-28 22:00:00,2.996000051498413,2.996000051498413,2.996000051498413,29991200,29991200,29991200
2020-10-29 22:00:00,3.3010001182556152,3.3010001182556152,3.3010001182556152,29991200,29991200,29991200
2020-10-30 22:00:00,3.3540000915527344,3.3540000915527344,3.3540000915527344,29991200,29991200,29991200
2020-11-02 22:00:00,3.24399995803833,3.24399995803833,3.24399995803833,29991200,29991200,29991200
2020-11-03 22:00:00,3.059000015258789,3.059000015258789,3.059000015258789,29991200,29991200,29991200
2020-11-04 22:00:00,3.0460000038146973,3.0460000038146973,3.0460000038146973,29991200,29991200,29991200
2020-11-05 22:00:00,2.941999912261963,2.941999912261963,2.941999912261963,29991200,29991200,29991200
2020-11-06 22:00:00,2.888000011444092,2.888000011444092,2.888000011444092,29991200,29991200,29991200
2020-11-09 22:00:00,2.858999967575073,2.858999967575073,2.858999967575073,29991200,29991200,29991200
2020-11-10 22:00:00,2.9489998817443848,2.9489998817443848,2.9489998817443848,29991200,29991200,29991200
2020-11-11 22:00:00,3.0309998989105225,3.0309998989105225,3.0309998989105225,29991200,29991200,29991200
2020-11-12 22:00:00,2.9760000705718994,2.9760000705718994,2.9760000705718994,29991200,29991200,29991200
2020-11-13 22:00:00,2.994999885559082,2.994999885559082,2.994999885559082,29991200,29991200,29991200
2020-11-16 22:00:00,2.697000026702881,2.697000026702881,2.697000026702881,29991200,29991200,29991200
2020-11-17 22:00:00,2.691999912261963,2.691999912261963,2.691999912261963,29991200,29991200,29991200
2020-11-18 22:00:00,2.711999893188477,2.711999893188477,2.711999893188477,29991200,29991200,29991200
2020-11-19 22:00:00,2.5920000076293945,2.5920000076293945,2.5920000076293945,29991200,29991200,29991200
2020-11-20 22:00:00,2.650000095367432,2.650000095367432,2.650000095367432,29991200,29991200,29991200
2020-11-23 22:00:00,2.7109999656677246,2.7109999656677246,2.7109999656677246,29991200,29991200,29991200
2020-11-24 22:00:00,2.775000095367432,2.775000095367432,2.775000095367432,29991200,29991200,29991200
2020-11-25 22:00:00,2.8959999084472656,2.8959999084472656,2.8959999084472656,29991200,29991200,29991200
2020-11-27 22:00:00,2.8429999351501465,2.8429999351501465,2.8429999351501465,29991200,29991200,29991200
2020-11-30 22:00:00,2.881999969482422,2.881999969482422,2.881999969482422,29991200,29991200,29991200
2020-12-01 22:00:00,2.880000114440918,2.880000114440918,2.880000114440918,29991200,29991200,29991200
2020-12-02 22:00:00,2.7799999713897705,2.7799999713897705,2.7799999713897705,29991200,29991200,29991200
2020-12-03 22:00:00,2.506999969482422,2.506999969482422,2.506999969482422,29991200,29991200,29991200
2020-12-04 22:00:00,2.575000047683716,2.575000047683716,2.575000047683716,29991200,29991200,29991200
2020-12-07 22:00:00,2.4059998989105225,2.4059998989105225,2.4059998989105225,29991200,29991200,29991200
2020-12-08 22:00:00,2.3989999294281006,2.3989999294281006,2.3989999294281006,29991200,29991200,29991200
2020-12-09 22:00:00,2.441999912261963,2.441999912261963,2.441999912261963,29991200,29991200,29991200
2020-12-10 22:00:00,2.552999973297119,2.552999973297119,2.552999973297119,29991200,29991200,29991200
2020-12-11 22:00:00,2.5910000801086426,2.5910000801086426,2.5910000801086426,29991200,29991200,29991200
2020-12-14 22:00:00,2.681999921798706,2.681999921798706,2.681999921798706,29991200,29991200,29991200
2020-12-15 22:00:00,2.681999921798706,2.681999921798706,2.681999921798706,29991200,29991200,29991200
2020-12-16 22:00:00,2.677000045776367,2.677000045776367,2.677000045776367,29991200,29991200,29991200
2020-12-17 22:00:00,2.635999917984009,2.635999917984009,2.635999917984009,29991200,29991200,29991200
2020-12-18 22:00:00,2.700000047683716,2.700000047683716,2.700000047683716,29991200,29991200,29991200
2020-12-21 22:00:00,2.7049999237060547,2.7049999237060547,2.7049999237060547,29991200,29991200,29991200
2020-12-22 22:00:00,2.7799999713897705,2.7799999713897705,2.7799999713897705,29991200,29991200,29991200
2020-12-23 22:00:00,2.6080000400543213,2.6080000400543213,2.6080000400543213,29991200,29991200,29991200
2020-12-24 22:00:00,2.5179998874664307,2.5179998874664307,2.5179998874664307,29991200,29991200,29991200
2020-12-28 22:00:00,2.305000066757202,2.305000066757202,2.305000066757202,29991200,29991200,29991200
2020-12-29 22:00:00,2.4670000076293945,2.4670000076293945,2.4670000076293945,29991200,29991200,29991200
2020-12-30 22:00:00,2.421999931335449,2.421999931335449,2.421999931335449,29991200,29991200,29991200
2020-12-31 22:00:00,2.5390000343322754,2.5390000343322754,2.5390000343322754,29991200,29991200,29991200
2021-01-04 22:00:00,2.5810000896453857,2.5810000896453857,2.5810000896453857,29991200,29991200,29991200
2021-01-05 22:00:00,2.70199990272522,2.70199990272522,2.70199990272522,29991200,29991200,29991200
2021-01-06 22:00:00,2.7160000801086426,2.7160000801086426,2.7160000801086426,29991200,29991200,29991200
2021-01-07 22:00:00,2.7290000915527344,2.7290000915527344,2.7290000915527344,29991200,29991200,29991200
2021-01-08 22:00:00,2.700000047683716,2.700000047683716,2.700000047683716,29991200,29991200,29991200
2021-01-11 22:00:00,2.746999979019165,2.746999979019165,2.746999979019165,29991200,29991200,29991200
2021-01-12 22:00:00,2.753000020980835,2.753000020980835,2.753000020980835,29991200,29991200,29991200
2021-01-13 22:00:00,2.726999998092652,2.726999998092652,2.726999998092652,29991200,29991200,29991200
2021-01-14 22:00:00,2.66599988937378,2.66599988937378,2.66599988937378,29991200,29991200,29991200
2021-01-15 22:00:00,2.736999988555908,2.736999988555908,2.736999988555908,29991200,29991200,29991200
2021-01-19 22:00:00,2.5460000038146973,2.5460000038146973,2.5460000038146973,29991200,29991200,29991200
2021-01-20 22:00:00,2.5390000343322754,2.5390000343322754,2.5390000343322754,29991200,29991200,29991200
2021-01-21 22:00:00,2.490999937057495,2.490999937057495,2.490999937057495,29991200,29991200,29991200
2021-01-22 22:00:00,2.446000099182129,2.446000099182129,2.446000099182129,29991200,29991200,29991200
2021-01-25 22:00:00,2.601999998092652,2.601999998092652,2.601999998092652,29991200,29991200,29991200
2021-01-26 22:00:00,2.6559998989105225,2.6559998989105225,2.6559998989105225,29991200,29991200,29991200
2021-01-27 22:00:00,2.759999990463257,2.759999990463257,2.759999990463257,29991200,29991200,29991200
2021-01-28 22:00:00,2.6640000343322754,2.6640000343322754,2.6640000343322754,29991200,29991200,29991200
2021-01-29 22:00:00,2.563999891281128,2.563999891281128,2.563999891281128,29991200,29991200,29991200
2021-02-01 22:00:00,2.8499999046325684,2.8499999046325684,2.8499999046325684,29991200,29991200,29991200
2021-02-02 22:00:00,2.845000028610229,2.845000028610229,2.845000028610229,29991200,29991200,29991200
2021-02-03 22:00:00,2.7890000343322754,2.7890000343322754,2.7890000343322754,29991200,29991200,29991200
2021-02-04 22:00:00,2.934999942779541,2.934999942779541,2.934999942779541,29991200,29991200,29991200
2021-02-05 22:00:00,2.86299991607666,2.86299991607666,2.86299991607666,29991200,29991200,29991200
2021-02-08 22:00:00,2.881999969482422,2.881999969482422,2.881999969482422,29991200,29991200,29991200
2021-02-09 22:00:00,2.8350000381469727,2.8350000381469727,2.8350000381469727,29991200,29991200,29991200
2021-02-10 22:00:00,2.9110000133514404,2.9110000133514404,2.9110000133514404,29991200,29991200,29991200
2021-02-11 22:00:00,2.868000030517578,2.868000030517578,2.868000030517578,29991200,29991200,29991200
2021-02-12 22:00:00,2.9119999408721924,2.9119999408721924,2.9119999408721924,29991200,29991200,29991200
2021-02-16 22:00:00,3.128999948501587,3.128999948501587,3.128999948501587,29991200,29991200,29991200
2021-02-17 22:00:00,3.219000101089477,3.219000101089477,3.219000101089477,29991200,29991200,29991200
2021-02-18 22:00:00,3.0820000171661377,3.0820000171661377,3.0820000171661377,29991200,29991200,29991200
2021-02-19 22:00:00,3.069000005722046,3.069000005722046,3.069000005722046,29991200,29991200,29991200
2021-02-22 22:00:00,2.953000068664551,2.953000068664551,2.953000068664551,29991200,29991200,29991200
2021-02-23 22:00:00,2.878999948501587,2.878999948501587,2.878999948501587,29991200,29991200,29991200
2021-02-24 22:00:00,2.8540000915527344,2.8540000915527344,2.8540000915527344,29991200,29991200,29991200
2021-02-25 22:00:00,2.7769999504089355,2.7769999504089355,2.7769999504089355,29991200,29991200,29991200
2021-02-26 22:00:00,2.7709999084472656,2.7709999084472656,2.7709999084472656,29991200,29991200,29991200
2021-03-01 22:00:00,2.7769999504089355,2.7769999504089355,2.7769999504089355,29991200,29991200,29991200
2021-03-02 22:00:00,2.83899998664856,2.83899998664856,2.83899998664856,29991200,29991200,29991200
2021-03-03 22:00:00,2.815999984741211,2.815999984741211,2.815999984741211,29991200,29991200,29991200
2021-03-04 22:00:00,2.746000051498413,2.746000051498413,2.746000051498413,29991200,29991200,29991200
2021-03-05 22:00:00,2.700999975204468,2.700999975204468,2.700999975204468,29991200,29991200,29991200
2021-03-08 22:00:00,2.6640000343322754,2.6640000343322754,2.6640000343322754,29991200,29991200,29991200
2021-03-09 22:00:00,2.6619999408721924,2.6619999408721924,2.6619999408721924,29991200,29991200,29991200
2021-03-10 22:00:00,2.691999912261963,2.691999912261963,2.691999912261963,29991200,29991200,29991200
2021-03-11 22:00:00,2.6679999828338623,2.6679999828338623,2.6679999828338623,29991200,29991200,29991200
2021-03-12 22:00:00,2.5999999046325684,2.5999999046325684,2.5999999046325684,29991200,29991200,29991200
2021-03-15 22:00:00,2.483999967575073,2.483999967575073,2.483999967575073,29991200,29991200,29991200
2021-03-16 22:00:00,2.562000036239624,2.562000036239624,2.562000036239624,29991200,29991200,29991200
2021-03-17 22:00:00,2.5280001163482666,2.5280001163482666,2.5280001163482666,29991200,29991200,29991200
2021-03-18 22:00:00,2.4809999465942383,2.4809999465942383,2.4809999465942383,29991200,29991200,29991200
2021-03-19 22:00:00,2.5350000858306885,2.5350000858306885,2.5350000858306885,29991200,29991200,29991200
2021-03-22 22:00:00,2.5820000171661377,2.5820000171661377,2.5820000171661377,29991200,29991200,29991200
2021-03-23 22:00:00,2.507999897003174,2.507999897003174,2.507999897003174,29991200,29991200,29991200
2021-03-24 22:00:00,2.5179998874664307,2.5179998874664307,2.5179998874664307,29991200,29991200,29991200
2021-03-25 22:00:00,2.569999933242798,2.569999933242798,2.569999933242798,29991200,29991200,29991200
2021-03-26 22:00:00,2.556999921798706,2.556999921798706,2.556999921798706,29991200,29991200,29991200
2021-03-29 22:00:00,2.5859999656677246,2.5859999656677246,2.5859999656677246,29991200,29991200,29991200
2021-03-30 22:00:00,2.622999906539917,2.622999906539917,2.622999906539917,29991200,29991200,29991200
2021-03-31 22:00:00,2.6080000400543213,2.6080000400543213,2.6080000400543213,29991200,29991200,29991200
2021-04-01 22:00:00,2.638999938964844,2.638999938964844,2.638999938964844,29991200,29991200,29991200
2021-04-05 22:00:00,2.510999917984009,2.510999917984009,2.510999917984009,29991200,29991200,29991200
2021-04-06 22:00:00,2.4560000896453857,2.4560000896453857,2.4560000896453857,29991200,29991200,29991200
2021-04-07 22:00:00,2.5199999809265137,2.5199999809265137,2.5199999809265137,29991200,29991200,29991200
2021-04-08 22:00:00,2.5220000743865967,2.5220000743865967,2.5220000743865967,29991200,29991200,29991200
2021-04-09 22:00:00,2.526000022888184,2.526000022888184,2.526000022888184,29991200,29991200,29991200
2021-04-12 22:00:00,2.561000108718872,2.561000108718872,2.561000108718872,29991200,29991200,29991200
2021-04-13 22:00:00,2.61899995803833,2.61899995803833,2.61899995803833,29991200,29991200,29991200
2021-04-14 22:00:00,2.618000030517578,2.618000030517578,2.618000030517578,29991200,29991200,29991200
2021-04-15 22:00:00,2.657999992370605,2.657999992370605,2.657999992370605,29991200,29991200,29991200
2021-04-16 22:00:00,2.680000066757202,2.680000066757202,2.680000066757202,29991200,29991200,29991200
2021-04-19 22:00:00,2.749000072479248,2.749000072479248,2.749000072479248,29991200,29991200,29991200
2021-04-20 22:00:00,2.726999998092652,2.726999998092652,2.726999998092652,29991200,29991200,29991200
2021-04-21 22:00:00,2.691999912261963,2.691999912261963,2.691999912261963,29991200,29991200,29991200
2021-04-22 22:00:00,2.749000072479248,2.749000072479248,2.749000072479248,29991200,29991200,29991200
2021-04-23 22:00:00,2.7300000190734863,2.7300000190734863,2.7300000190734863,29991200,29991200,29991200
2021-04-26 22:00:00,2.789999961853028,2.789999961853028,2.789999961853028,29991200,29991200,29991200
2021-04-27 22:00:00,2.872999906539917,2.872999906539917,2.872999906539917,29991200,29991200,29991200
2021-04-28 22:00:00,2.924999952316284,2.924999952316284,2.924999952316284,29991200,29991200,29991200
2021-04-29 22:00:00,2.9110000133514404,2.9110000133514404,2.9110000133514404,29991200,29991200,29991200
2021-04-30 22:00:00,2.930999994277954,2.930999994277954,2.930999994277954,29991200,29991200,29991200
2021-05-03 22:00:00,2.9660000801086426,2.9660000801086426,2.9660000801086426,29991200,29991200,29991200
2021-05-04 22:00:00,2.9670000076293945,2.9670000076293945,2.9670000076293945,29991200,29991200,29991200
2021-05-05 22:00:00,2.937999963760376,2.937999963760376,2.937999963760376,29991200,29991200,29991200
2021-05-06 22:00:00,2.927999973297119,2.927999973297119,2.927999973297119,29991200,29991200,29991200
2021-05-07 22:00:00,2.9579999446868896,2.9579999446868896,2.9579999446868896,29991200,29991200,29991200
2021-05-10 22:00:00,2.931999921798706,2.931999921798706,2.931999921798706,29991200,29991200,29991200
2021-05-11 22:00:00,2.9549999237060547,2.9549999237060547,2.9549999237060547,29991200,29991200,29991200
2021-05-12 22:00:00,2.969000101089477,2.969000101089477,2.969000101089477,29991200,29991200,29991200
2021-05-13 22:00:00,2.9730000495910645,2.9730000495910645,2.9730000495910645,29991200,29991200,29991200
2021-05-14 22:00:00,2.9609999656677246,2.9609999656677246,2.9609999656677246,29991200,29991200,29991200
2021-05-17 22:00:00,3.108999967575073,3.108999967575073,3.108999967575073,29991200,29991200,29991200
2021-05-18 22:00:00,3.01200008392334,3.01200008392334,3.01200008392334,29991200,29991200,29991200
2021-05-19 22:00:00,2.96399998664856,2.96399998664856,2.96399998664856,29991200,29991200,29991200
2021-05-20 22:00:00,2.924999952316284,2.924999952316284,2.924999952316284,29991200,29991200,29991200
2021-05-21 22:00:00,2.9059998989105225,2.9059998989105225,2.9059998989105225,29991200,29991200,29991200
2021-05-24 22:00:00,2.885999917984009,2.885999917984009,2.885999917984009,29991200,29991200,29991200
2021-05-25 22:00:00,2.9130001068115234,2.9130001068115234,2.9130001068115234,29991200,29991200,29991200
2021-05-26 22:00:00,2.983999967575073,2.983999967575073,2.983999967575073,29991200,29991200,29991200
2021-05-27 22:00:00,2.9579999446868896,2.9579999446868896,2.9579999446868896,29991200,29991200,29991200
2021-05-28 22:00:00,2.986000061035156,2.986000061035156,2.986000061035156,29991200,29991200,29991200
2021-06-01 22:00:00,3.1040000915527344,3.1040000915527344,3.1040000915527344,29991200,29991200,29991200
2021-06-02 22:00:00,3.075000047683716,3.075000047683716,3.075000047683716,29991200,29991200,29991200
2021-06-03 22:00:00,3.04099988937378,3.04099988937378,3.04099988937378,29991200,29991200,29991200
2021-06-04 22:00:00,3.0969998836517334,3.0969998836517334,3.0969998836517334,29991200,29991200,29991200
2021-06-07 22:00:00,3.069999933242798,3.069999933242798,3.069999933242798,29991200,29991200,29991200
2021-06-08 22:00:00,3.128000020980835,3.128000020980835,3.128000020980835,29991200,29991200,29991200
2021-06-09 22:00:00,3.128999948501587,3.128999948501587,3.128999948501587,29991200,29991200,29991200
2021-06-10 22:00:00,3.1489999294281006,3.1489999294281006,3.1489999294281006,29991200,29991200,29991200
2021-06-11 22:00:00,3.2960000038146973,3.2960000038146973,3.2960000038146973,29991200,29991200,29991200
2021-06-14 22:00:00,3.351999998092652,3.351999998092652,3.351999998092652,29991200,29991200,29991200
2021-06-15 22:00:00,3.240000009536743,3.240000009536743,3.240000009536743,29991200,29991200,29991200
2021-06-16 22:00:00,3.250999927520752,3.250999927520752,3.250999927520752,29991200,29991200,29991200
2021-06-17 22:00:00,3.253000020980835,3.253000020980835,3.253000020980835,29991200,29991200,29991200
2021-06-18 22:00:00,3.2149999141693115,3.2149999141693115,3.2149999141693115,29991200,29991200,29991200
2021-06-21 22:00:00,3.190999984741211,3.190999984741211,3.190999984741211,29991200,29991200,29991200
2021-06-22 22:00:00,3.257999897003174,3.257999897003174,3.257999897003174,29991200,29991200,29991200
2021-06-23 22:00:00,3.3329999446868896,3.3329999446868896,3.3329999446868896,29991200,29991200,29991200
2021-06-24 22:00:00,3.4179999828338623,3.4179999828338623,3.4179999828338623,29991200,29991200,29991200
2021-06-25 22:00:00,3.496000051498413,3.496000051498413,3.496000051498413,29991200,29991200,29991200
2021-06-28 22:00:00,3.617000102996826,3.617000102996826,3.617000102996826,29991200,29991200,29991200
2021-06-29 22:00:00,3.630000114440918,3.630000114440918,3.630000114440918,29991200,29991200,29991200
2021-06-30 22:00:00,3.650000095367432,3.650000095367432,3.650000095367432,29991200,29991200,29991200
2021-07-01 22:00:00,3.66100001335144,3.66100001335144,3.66100001335144,29991200,29991200,29991200
2021-07-02 22:00:00,3.700000047683716,3.700000047683716,3.700000047683716,29991200,29991200,29991200
2021-07-06 22:00:00,3.63700008392334,3.63700008392334,3.63700008392334,29991200,29991200,29991200
2021-07-07 22:00:00,3.595999956130981,3.595999956130981,3.595999956130981,29991200,29991200,29991200
2021-07-08 22:00:00,3.687999963760376,3.687999963760376,3.687999963760376,29991200,29991200,29991200
2021-07-09 22:00:00,3.674000024795532,3.674000024795532,3.674000024795532,29991200,29991200,29991200
2021-07-12 22:00:00,3.749000072479248,3.749000072479248,3.749000072479248,29991200,29991200,29991200
2021-07-13 22:00:00,3.696000099182129,3.696000099182129,3.696000099182129,29991200,29991200,29991200
2021-07-14 22:00:00,3.660000085830689,3.660000085830689,3.660000085830689,29991200,29991200,29991200
2021-07-15 22:00:00,3.614000082015991,3.614000082015991,3.614000082015991,29991200,29991200,29991200
2021-07-16 22:00:00,3.674000024795532,3.674000024795532,3.674000024795532,29991200,29991200,29991200
2021-07-19 22:00:00,3.7790000438690186,3.7790000438690186,3.7790000438690186,29991200,29991200,29991200
2021-07-20 22:00:00,3.875999927520752,3.875999927520752,3.875999927520752,29991200,29991200,29991200
2021-07-21 22:00:00,3.9590001106262207,3.9590001106262207,3.9590001106262207,29991200,29991200,29991200
2021-07-22 22:00:00,4.002999782562256,4.002999782562256,4.002999782562256,29991200,29991200,29991200
2021-07-23 22:00:00,4.059999942779541,4.059999942779541,4.059999942779541,29991200,29991200,29991200
2021-07-26 22:00:00,4.102000236511231,4.102000236511231,4.102000236511231,29991200,29991200,29991200
2021-07-27 22:00:00,3.970999956130981,3.970999956130981,3.970999956130981,29991200,29991200,29991200
2021-07-28 22:00:00,4.044000148773193,4.044000148773193,4.044000148773193,29991200,29991200,29991200
2021-07-29 22:00:00,4.059000015258789,4.059000015258789,4.059000015258789,29991200,29991200,29991200
2021-07-30 22:00:00,3.9140000343322754,3.9140000343322754,3.9140000343322754,29991200,29991200,29991200
2021-08-02 22:00:00,3.934999942779541,3.934999942779541,3.934999942779541,29991200,29991200,29991200
2021-08-03 22:00:00,4.026999950408936,4.026999950408936,4.026999950408936,29991200,29991200,29991200
2021-08-04 22:00:00,4.1579999923706055,4.1579999923706055,4.1579999923706055,29991200,29991200,29991200
2021-08-05 22:00:00,4.139999866485596,4.139999866485596,4.139999866485596,29991200,29991200,29991200
2021-08-06 22:00:00,4.139999866485596,4.139999866485596,4.139999866485596,29991200,29991200,29991200
2021-08-09 22:00:00,4.059999942779541,4.059999942779541,4.059999942779541,29991200,29991200,29991200
2021-08-10 22:00:00,4.089000225067139,4.089000225067139,4.089000225067139,29991200,29991200,29991200
2021-08-11 22:00:00,4.059000015258789,4.059000015258789,4.059000015258789,29991200,29991200,29991200
2021-08-12 22:00:00,3.933000087738037,3.933000087738037,3.933000087738037,29991200,29991200,29991200
2021-08-13 22:00:00,3.861000061035156,3.861000061035156,3.861000061035156,29991200,29991200,29991200
2021-08-16 22:00:00,3.946000099182129,3.946000099182129,3.946000099182129,29991200,29991200,29991200
2021-08-17 22:00:00,3.836999893188477,3.836999893188477,3.836999893188477,29991200,29991200,29991200
2021-08-18 22:00:00,3.8519999980926514,3.8519999980926514,3.8519999980926514,29991200,29991200,29991200
2021-08-19 22:00:00,3.829999923706055,3.829999923706055,3.829999923706055,29991200,29991200,29991200
2021-08-20 22:00:00,3.8510000705718994,3.8510000705718994,3.8510000705718994,29991200,29991200,29991200
2021-08-23 22:00:00,3.944999933242798,3.944999933242798,3.944999933242798,29991200,29991200,29991200
2021-08-24 22:00:00,3.8959999084472656,3.8959999084472656,3.8959999084472656,29991200,29991200,29991200
2021-08-25 22:00:00,3.8970000743865967,3.8970000743865967,3.8970000743865967,29991200,29991200,29991200
2021-08-26 22:00:00,4.184000015258789,4.184000015258789,4.184000015258789,29991200,29991200,29991200
2021-08-27 22:00:00,4.369999885559082,4.369999885559082,4.369999885559082,29991200,29991200,29991200
2021-08-30 22:00:00,4.304999828338623,4.304999828338623,4.304999828338623,29991200,29991200,29991200
2021-08-31 22:00:00,4.376999855041504,4.376999855041504,4.376999855041504,29991200,29991200,29991200
2021-09-01 22:00:00,4.614999771118164,4.614999771118164,4.614999771118164,29991200,29991200,29991200
2021-09-02 22:00:00,4.640999794006348,4.640999794006348,4.640999794006348,29991200,29991200,29991200
2021-09-03 22:00:00,4.711999893188477,4.711999893188477,4.711999893188477,29991200,29991200,29991200
2021-09-07 22:00:00,4.567999839782715,4.567999839782715,4.567999839782715,29991200,29991200,29991200
2021-09-08 22:00:00,4.914000034332275,4.914000034332275,4.914000034332275,29991200,29991200,29991200
2021-09-09 22:00:00,5.031000137329102,5.031000137329102,5.031000137329102,29991200,29991200,29991200
2021-09-10 22:00:00,4.938000202178955,4.938000202178955,4.938000202178955,29991200,29991200,29991200
2021-09-13 22:00:00,5.230999946594238,5.230999946594238,5.230999946594238,29991200,29991200,29991200
2021-09-14 22:00:00,5.260000228881836,5.260000228881836,5.260000228881836,29991200,29991200,29991200
2021-09-15 22:00:00,5.460000038146973,5.460000038146973,5.460000038146973,29991200,29991200,29991200
2021-09-16 22:00:00,5.335000038146973,5.335000038146973,5.335000038146973,29991200,29991200,29991200
2021-09-17 22:00:00,5.105000019073486,5.105000019073486,5.105000019073486,29991200,29991200,29991200
2021-09-20 22:00:00,4.985000133514404,4.985000133514404,4.985000133514404,29991200,29991200,29991200
2021-09-21 22:00:00,4.804999828338623,4.804999828338623,4.804999828338623,29991200,29991200,29991200
2021-09-22 22:00:00,4.804999828338623,4.804999828338623,4.804999828338623,29991200,29991200,29991200
2021-09-23 22:00:00,4.97599983215332,4.97599983215332,4.97599983215332,29991200,29991200,29991200
2021-09-24 22:00:00,5.139999866485596,5.139999866485596,5.139999866485596,29991200,29991200,29991200
2021-09-27 22:00:00,5.705999851226807,5.705999851226807,5.705999851226807,29991200,29991200,29991200
2021-09-28 22:00:00,5.841000080108643,5.841000080108643,5.841000080108643,29991200,29991200,29991200
2021-09-29 22:00:00,5.477000236511231,5.477000236511231,5.477000236511231,29991200,29991200,29991200
2021-09-30 22:00:00,5.867000102996826,5.867000102996826,5.867000102996826,29991200,29991200,29991200
2021-10-01 22:00:00,5.61899995803833,5.61899995803833,5.61899995803833,29991200,29991200,29991200
2021-10-04 22:00:00,5.765999794006348,5.765999794006348,5.765999794006348,29991200,29991200,29991200
2021-10-05 22:00:00,6.311999797821045,6.311999797821045,6.311999797821045,29991200,29991200,29991200
2021-10-06 22:00:00,5.675000190734863,5.675000190734863,5.675000190734863,29991200,29991200,29991200
2021-10-07 22:00:00,5.677000045776367,5.677000045776367,5.677000045776367,29991200,29991200,29991200
2021-10-08 22:00:00,5.565000057220459,5.565000057220459,5.565000057220459,29991200,29991200,29991200
2021-10-11 22:00:00,5.34499979019165,5.34499979019165,5.34499979019165,29991200,29991200,29991200
2021-10-12 22:00:00,5.505000114440918,5.505000114440918,5.505000114440918,29991200,29991200,29991200
2021-10-13 22:00:00,5.590000152587891,5.590000152587891,5.590000152587891,29991200,29991200,29991200
2021-10-14 22:00:00,5.686999797821045,5.686999797821045,5.686999797821045,29991200,29991200,29991200
2021-10-15 22:00:00,5.409999847412109,5.409999847412109,5.409999847412109,29991200,29991200,29991200
2021-10-18 22:00:00,4.988999843597412,4.988999843597412,4.988999843597412,29991200,29991200,29991200
2021-10-19 22:00:00,5.0879998207092285,5.0879998207092285,5.0879998207092285,29991200,29991200,29991200
2021-10-20 22:00:00,5.170000076293945,5.170000076293945,5.170000076293945,29991200,29991200,29991200
2021-10-21 22:00:00,5.114999771118164,5.114999771118164,5.114999771118164,29991200,29991200,29991200
2021-10-22 22:00:00,5.28000020980835,5.28000020980835,5.28000020980835,29991200,29991200,29991200
2021-10-25 22:00:00,5.8979997634887695,5.8979997634887695,5.8979997634887695,29991200,29991200,29991200
2021-10-26 22:00:00,5.881999969482422,5.881999969482422,5.881999969482422,29991200,29991200,29991200
2021-10-27 22:00:00,6.202000141143799,6.202000141143799,6.202000141143799,29991200,29991200,29991200
2021-10-28 22:00:00,5.7820000648498535,5.7820000648498535,5.7820000648498535,29991200,29991200,29991200
2021-10-29 22:00:00,5.426000118255615,5.426000118255615,5.426000118255615,29991200,29991200,29991200
2021-11-01 22:00:00,5.185999870300293,5.185999870300293,5.185999870300293,29991200,29991200,29991200
2021-11-02 22:00:00,5.541999816894531,5.541999816894531,5.541999816894531,29991200,29991200,29991200
2021-11-03 22:00:00,5.670000076293945,5.670000076293945,5.670000076293945,29991200,29991200,29991200
2021-11-04 22:00:00,5.716000080108643,5.716000080108643,5.716000080108643,29991200,29991200,29991200
2021-11-05 22:00:00,5.515999794006348,5.515999794006348,5.515999794006348,29991200,29991200,29991200
2021-11-08 22:00:00,5.427000045776367,5.427000045776367,5.427000045776367,29991200,29991200,29991200
2021-11-09 22:00:00,4.979000091552734,4.979000091552734,4.979000091552734,29991200,29991200,29991200
2021-11-10 22:00:00,4.880000114440918,4.880000114440918,4.880000114440918,29991200,29991200,29991200
2021-11-11 22:00:00,5.14900016784668,5.14900016784668,5.14900016784668,29991200,29991200,29991200
2021-11-12 22:00:00,4.790999889373779,4.790999889373779,4.790999889373779,29991200,29991200,29991200
2021-11-15 22:00:00,5.017000198364258,5.017000198364258,5.017000198364258,29991200,29991200,29991200
2021-11-16 22:00:00,5.177000045776367,5.177000045776367,5.177000045776367,29991200,29991200,29991200
2021-11-17 22:00:00,4.815999984741211,4.815999984741211,4.815999984741211,29991200,29991200,29991200
2021-11-18 22:00:00,4.901999950408936,4.901999950408936,4.901999950408936,29991200,29991200,29991200
2021-11-19 22:00:00,5.065000057220459,5.065000057220459,5.065000057220459,29991200,29991200,29991200
2021-11-22 22:00:00,4.789000034332275,4.789000034332275,4.789000034332275,29991200,29991200,29991200
2021-11-23 22:00:00,4.9670000076293945,4.9670000076293945,4.9670000076293945,29991200,29991200,29991200
2021-11-24 22:00:00,5.067999839782715,5.067999839782715,5.067999839782715,29991200,29991200,29991200
2021-11-26 22:00:00,5.447000026702881,5.447000026702881,5.447000026702881,29991200,29991200,29991200
2021-11-29 22:00:00,4.854000091552734,4.854000091552734,4.854000091552734,29991200,29991200,29991200
2021-11-30 22:00:00,4.566999912261963,4.566999912261963,4.566999912261963,29991200,29991200,29991200
2021-12-01 22:00:00,4.257999897003174,4.257999897003174,4.257999897003174,29991200,29991200,29991200
2021-12-02 22:00:00,4.056000232696533,4.056000232696533,4.056000232696533,29991200,29991200,29991200
2021-12-03 22:00:00,4.131999969482422,4.131999969482422,4.131999969482422,29991200,29991200,29991200
2021-12-06 22:00:00,3.6570000648498535,3.6570000648498535,3.6570000648498535,29991200,29991200,29991200
2021-12-07 22:00:00,3.7079999446868896,3.7079999446868896,3.7079999446868896,29991200,29991200,29991200
2021-12-08 22:00:00,3.815000057220459,3.815000057220459,3.815000057220459,29991200,29991200,29991200
2021-12-09 22:00:00,3.813999891281128,3.813999891281128,3.813999891281128,29991200,29991200,29991200
2021-12-10 22:00:00,3.924999952316284,3.924999952316284,3.924999952316284,29991200,29991200,29991200
2021-12-13 22:00:00,3.7939999103546143,3.7939999103546143,3.7939999103546143,29991200,29991200,29991200
2021-12-14 22:00:00,3.746999979019165,3.746999979019165,3.746999979019165,29991200,29991200,29991200
2021-12-15 22:00:00,3.802000045776367,3.802000045776367,3.802000045776367,29991200,29991200,29991200
2021-12-16 22:00:00,3.766000032424927,3.766000032424927,3.766000032424927,29991200,29991200,29991200
2021-12-17 22:00:00,3.690000057220459,3.690000057220459,3.690000057220459,29991200,29991200,29991200
2021-12-20 22:00:00,3.8340001106262207,3.8340001106262207,3.8340001106262207,29991200,29991200,29991200
2021-12-21 22:00:00,3.86899995803833,3.86899995803833,3.86899995803833,29991200,29991200,29991200
2021-12-22 22:00:00,3.9760000705718994,3.9760000705718994,3.9760000705718994,29991200,29991200,29991200
2021-12-23 22:00:00,3.7309999465942383,3.7309999465942383,3.7309999465942383,29991200,29991200,29991200
2021-12-27 22:00:00,4.059999942779541,4.059999942779541,4.059999942779541,29991200,29991200,29991200
2021-12-28 22:00:00,4.054999828338623,4.054999828338623,4.054999828338623,29991200,29991200,29991200
2021-12-29 22:00:00,4.02400016784668,4.02400016784668,4.02400016784668,29991200,29991200,29991200
2021-12-30 22:00:00,3.561000108718872,3.561000108718872,3.561000108718872,29991200,29991200,29991200
2021-12-31 22:00:00,3.7300000190734863,3.7300000190734863,3.7300000190734863,29991200,29991200,29991200
2022-01-03 22:00:00,3.815000057220459,3.815000057220459,3.815000057220459,29991200,29991200,29991200
2022-01-04 22:00:00,3.7170000076293945,3.7170000076293945,3.7170000076293945,29991200,29991200,29991200
2022-01-05 22:00:00,3.881999969482422,3.881999969482422,3.881999969482422,29991200,29991200,29991200
2022-01-06 22:00:00,3.812000036239624,3.812000036239624,3.812000036239624,29991200,29991200,29991200
2022-01-07 22:00:00,3.9159998893737793,3.9159998893737793,3.9159998893737793,29991200,29991200,29991200
2022-01-10 22:00:00,4.078999996185303,4.078999996185303,4.078999996185303,29991200,29991200,29991200
2022-01-11 22:00:00,4.249000072479248,4.249000072479248,4.249000072479248,29991200,29991200,29991200
2022-01-12 22:00:00,4.85699987411499,4.85699987411499,4.85699987411499,29991200,29991200,29991200
2022-01-13 22:00:00,4.269999980926514,4.269999980926514,4.269999980926514,29991200,29991200,29991200
2022-01-14 22:00:00,4.26200008392334,4.26200008392334,4.26200008392334,29991200,29991200,29991200
2022-01-18 22:00:00,4.2829999923706055,4.2829999923706055,4.2829999923706055,29991200,29991200,29991200
2022-01-19 22:00:00,4.031000137329102,4.031000137329102,4.031000137329102,29991200,29991200,29991200
2022-01-20 22:00:00,3.802000045776367,3.802000045776367,3.802000045776367,29991200,29991200,29991200
2022-01-21 22:00:00,3.999000072479248,3.999000072479248,3.999000072479248,29991200,29991200,29991200
2022-01-24 22:00:00,4.026999950408936,4.026999950408936,4.026999950408936,29991200,29991200,29991200
2022-01-25 22:00:00,4.052999973297119,4.052999973297119,4.052999973297119,29991200,29991200,29991200
2022-01-26 22:00:00,4.276999950408936,4.276999950408936,4.276999950408936,29991200,29991200,29991200
2022-01-27 22:00:00,6.264999866485596,6.264999866485596,6.264999866485596,29991200,29991200,29991200
2022-01-28 22:00:00,4.638999938964844,4.638999938964844,4.638999938964844,29991200,29991200,29991200
2022-01-31 22:00:00,4.874000072479248,4.874000072479248,4.874000072479248,29991200,29991200,29991200
2022-02-01 22:00:00,4.750999927520752,4.750999927520752,4.750999927520752,29991200,29991200,29991200
2022-02-02 22:00:00,5.500999927520752,5.500999927520752,5.500999927520752,29991200,29991200,29991200
2022-02-03 22:00:00,4.888000011444092,4.888000011444092,4.888000011444092,29991200,29991200,29991200
2022-02-04 22:00:00,4.572000026702881,4.572000026702881,4.572000026702881,29991200,29991200,29991200
2022-02-07 22:00:00,4.23199987411499,4.23199987411499,4.23199987411499,29991200,29991200,29991200
2022-02-08 22:00:00,4.248000144958496,4.248000144958496,4.248000144958496,29991200,29991200,29991200
2022-02-09 22:00:00,4.008999824523926,4.008999824523926,4.008999824523926,29991200,29991200,29991200
2022-02-10 22:00:00,3.9590001106262207,3.9590001106262207,3.9590001106262207,29991200,29991200,29991200
2022-02-11 22:00:00,3.940999984741211,3.940999984741211,3.940999984741211,29991200,29991200,29991200
2022-02-14 22:00:00,4.195000171661377,4.195000171661377,4.195000171661377,29991200,29991200,29991200
2022-02-15 22:00:00,4.306000232696533,4.306000232696533,4.306000232696533,29991200,29991200,29991200
2022-02-16 22:00:00,4.7170000076293945,4.7170000076293945,4.7170000076293945,29991200,29991200,29991200
2022-02-17 22:00:00,4.486000061035156,4.486000061035156,4.486000061035156,29991200,29991200,29991200
2022-02-18 22:00:00,4.431000232696533,4.431000232696533,4.431000232696533,29991200,29991200,29991200
2022-02-22 22:00:00,4.498000144958496,4.498000144958496,4.498000144958496,29991200,29991200,29991200
2022-02-23 22:00:00,4.623000144958496,4.623000144958496,4.623000144958496,29991200,29991200,29991200
2022-02-24 22:00:00,4.567999839782715,4.567999839782715,4.567999839782715,29991200,29991200,29991200
2022-02-25 22:00:00,4.46999979019165,4.46999979019165,4.46999979019165,29991200,29991200,29991200
2022-02-28 22:00:00,4.401999950408936,4.401999950408936,4.401999950408936,29991200,29991200,29991200
2022-03-01 22:00:00,4.572999954223633,4.572999954223633,4.572999954223633,29991200,29991200,29991200
2022-03-02 22:00:00,4.76200008392334,4.76200008392334,4.76200008392334,29991200,29991200,29991200
2022-03-03 22:00:00,4.7220001220703125,4.7220001220703125,4.7220001220703125,29991200,29991200,29991200
2022-03-04 22:00:00,5.015999794006348,5.015999794006348,5.015999794006348,29991200,29991200,29991200
2022-03-07 22:00:00,4.833000183105469,4.833000183105469,4.833000183105469,29991200,29991200,29991200
2022-03-08 22:00:00,4.526999950408936,4.526999950408936,4.526999950408936,29991200,29991200,29991200
2022-03-09 22:00:00,4.526000022888184,4.526000022888184,4.526000022888184,29991200,29991200,29991200
2022-03-10 22:00:00,4.63100004196167,4.63100004196167,4.63100004196167,29991200,29991200,29991200
2022-03-11 22:00:00,4.724999904632568,4.724999904632568,4.724999904632568,29991200,29991200,29991200
2022-03-14 22:00:00,4.6579999923706055,4.6579999923706055,4.6579999923706055,29991200,29991200,29991200
2022-03-15 22:00:00,4.567999839782715,4.567999839782715,4.567999839782715,29991200,29991200,29991200
2022-03-16 22:00:00,4.748000144958496,4.748000144958496,4.748000144958496,29991200,29991200,29991200
2022-03-17 22:00:00,4.989999771118164,4.989999771118164,4.989999771118164,29991200,29991200,29991200
2022-03-18 22:00:00,4.86299991607666,4.86299991607666,4.86299991607666,29991200,29991200,29991200
2022-03-21 22:00:00,4.900000095367432,4.900000095367432,4.900000095367432,29991200,29991200,29991200
2022-03-22 22:00:00,5.186999797821045,5.186999797821045,5.186999797821045,29991200,29991200,29991200
2022-03-23 22:00:00,5.23199987411499,5.23199987411499,5.23199987411499,29991200,29991200,29991200
2022-03-24 22:00:00,5.401000022888184,5.401000022888184,5.401000022888184,29991200,29991200,29991200
2022-03-25 22:00:00,5.571000099182129,5.571000099182129,5.571000099182129,29991200,29991200,29991200
2022-03-28 22:00:00,5.507999897003174,5.507999897003174,5.507999897003174,29991200,29991200,29991200
2022-03-29 22:00:00,5.335999965667725,5.335999965667725,5.335999965667725,29991200,29991200,29991200
2022-03-30 22:00:00,5.605000019073486,5.605000019073486,5.605000019073486,29991200,29991200,29991200
2022-03-31 22:00:00,5.642000198364258,5.642000198364258,5.642000198364258,29991200,29991200,29991200
2022-04-01 22:00:00,5.71999979019165,5.71999979019165,5.71999979019165,29991200,29991200,29991200
2022-04-04 22:00:00,5.711999893188477,5.711999893188477,5.711999893188477,29991200,29991200,29991200
2022-04-05 22:00:00,6.0320000648498535,6.0320000648498535,6.0320000648498535,29991200,29991200,29991200
2022-04-06 22:00:00,6.02899980545044,6.02899980545044,6.02899980545044,29991200,29991200,29991200
2022-04-07 22:00:00,6.359000205993652,6.359000205993652,6.359000205993652,29991200,29991200,29991200
2022-04-08 22:00:00,6.277999877929688,6.277999877929688,6.277999877929688,29991200,29991200,29991200
2022-04-11 22:00:00,6.64300012588501,6.64300012588501,6.64300012588501,29991200,29991200,29991200
2022-04-12 22:00:00,6.679999828338623,6.679999828338623,6.679999828338623,29991200,29991200,29991200
2022-04-13 22:00:00,6.997000217437744,6.997000217437744,6.997000217437744,29991200,29991200,29991200
2022-04-14 22:00:00,7.300000190734863,7.300000190734863,7.300000190734863,29991200,29991200,29991200
2022-04-18 22:00:00,7.820000171661377,7.820000171661377,7.820000171661377,29991200,29991200,29991200
2022-04-19 22:00:00,7.176000118255615,7.176000118255615,7.176000118255615,29991200,29991200,29991200
2022-04-20 22:00:00,6.936999797821045,6.936999797821045,6.936999797821045,29991200,29991200,29991200
2022-04-21 22:00:00,6.956999778747559,6.956999778747559,6.956999778747559,29991200,29991200,29991200
2022-04-22 22:00:00,6.533999919891357,6.533999919891357,6.533999919891357,29991200,29991200,29991200
2022-04-25 22:00:00,6.669000148773193,6.669000148773193,6.669000148773193,29991200,29991200,29991200
2022-04-26 22:00:00,6.849999904632568,6.849999904632568,6.849999904632568,29991200,29991200,29991200
2022-04-27 22:00:00,7.267000198364258,7.267000198364258,7.267000198364258,29991200,29991200,29991200
2022-04-28 22:00:00,6.888000011444092,6.888000011444092,6.888000011444092,29991200,29991200,29991200
2022-04-29 22:00:00,7.24399995803833,7.24399995803833,7.24399995803833,29991200,29991200,29991200
2022-05-02 22:00:00,7.474999904632568,7.474999904632568,7.474999904632568,29991200,29991200,29991200
2022-05-03 22:00:00,7.953999996185303,7.953999996185303,7.953999996185303,29991200,29991200,29991200
2022-05-04 22:00:00,8.414999961853027,8.414999961853027,8.414999961853027,29991200,29991200,29991200
2022-05-05 22:00:00,8.782999992370605,8.782999992370605,8.782999992370605,29991200,29991200,29991200
2022-05-06 22:00:00,8.043000221252441,8.043000221252441,8.043000221252441,29991200,29991200,29991200
2022-05-09 22:00:00,7.026000022888184,7.026000022888184,7.026000022888184,29991200,29991200,29991200
2022-05-10 22:00:00,7.385000228881836,7.385000228881836,7.385000228881836,29991200,29991200,29991200
2022-05-11 22:00:00,7.639999866485596,7.639999866485596,7.639999866485596,29991200,29991200,29991200
2022-05-12 22:00:00,7.738999843597412,7.738999843597412,7.738999843597412,29991200,29991200,29991200
2022-05-13 22:00:00,7.663000106811523,7.663000106811523,7.663000106811523,29991200,29991200,29991200
2022-05-16 22:00:00,7.955999851226807,7.955999851226807,7.955999851226807,29991200,29991200,29991200
2022-05-17 22:00:00,8.303999900817871,8.303999900817871,8.303999900817871,29991200,29991200,29991200
2022-05-18 22:00:00,8.368000030517578,8.368000030517578,8.368000030517578,29991200,29991200,29991200
2022-05-19 22:00:00,8.307999610900879,8.307999610900879,8.307999610900879,29991200,29991200,29991200
2022-05-20 22:00:00,8.083000183105469,8.083000183105469,8.083000183105469,29991200,29991200,29991200
2022-05-23 22:00:00,8.744000434875488,8.744000434875488,8.744000434875488,29991200,29991200,29991200
2022-05-24 22:00:00,8.795999526977539,8.795999526977539,8.795999526977539,29991200,29991200,29991200
2022-05-25 22:00:00,8.970999717712402,8.970999717712402,8.970999717712402,29991200,29991200,29991200
2022-05-26 22:00:00,8.907999992370605,8.907999992370605,8.907999992370605,29991200,29991200,29991200
2022-05-27 22:00:00,8.72700023651123,8.72700023651123,8.72700023651123,29991200,29991200,29991200
2022-05-31 22:00:00,8.145000457763672,8.145000457763672,8.145000457763672,29991200,29991200,29991200
2022-06-01 22:00:00,8.696000099182129,8.696000099182129,8.696000099182129,29991200,29991200,29991200
2022-06-02 22:00:00,8.484999656677246,8.484999656677246,8.484999656677246,29991200,29991200,29991200
2022-06-03 22:00:00,8.52299976348877,8.52299976348877,8.52299976348877,29991200,29991200,29991200
2022-06-06 22:00:00,9.321999549865724,9.321999549865724,9.321999549865724,29991200,29991200,29991200
2022-06-07 22:00:00,9.29300022125244,9.29300022125244,9.29300022125244,29991200,29991200,29991200
2022-06-08 22:00:00,8.699000358581543,8.699000358581543,8.699000358581543,29991200,29991200,29991200
2022-06-09 22:00:00,8.963000297546387,8.963000297546387,8.963000297546387,29991200,29991200,29991200
2022-06-10 22:00:00,8.850000381469727,8.850000381469727,8.850000381469727,29991200,29991200,29991200
2022-06-13 22:00:00,8.609000205993652,8.609000205993652,8.609000205993652,29991200,29991200,29991200
2022-06-14 22:00:00,7.189000129699707,7.189000129699707,7.189000129699707,29991200,29991200,29991200
2022-06-15 22:00:00,7.420000076293945,7.420000076293945,7.420000076293945,29991200,29991200,29991200
2022-06-16 22:00:00,7.464000225067139,7.464000225067139,7.464000225067139,29991200,29991200,29991200
2022-06-17 22:00:00,6.943999767303467,6.943999767303467,6.943999767303467,29991200,29991200,29991200
2022-06-21 22:00:00,6.808000087738037,6.808000087738037,6.808000087738037,29991200,29991200,29991200
2022-06-22 22:00:00,6.857999801635742,6.857999801635742,6.857999801635742,29991200,29991200,29991200
2022-06-23 22:00:00,6.238999843597412,6.238999843597412,6.238999843597412,29991200,29991200,29991200
2022-06-24 22:00:00,6.21999979019165,6.21999979019165,6.21999979019165,29991200,29991200,29991200
2022-06-27 22:00:00,6.500999927520752,6.500999927520752,6.500999927520752,29991200,29991200,29991200
2022-06-28 22:00:00,6.551000118255615,6.551000118255615,6.551000118255615,29991200,29991200,29991200
2022-06-29 22:00:00,6.498000144958496,6.498000144958496,6.498000144958496,29991200,29991200,29991200
2022-06-30 22:00:00,5.423999786376953,5.423999786376953,5.423999786376953,29991200,29991200,29991200
2022-07-01 22:00:00,5.730000019073486,5.730000019073486,5.730000019073486,29991200,29991200,29991200
2022-07-05 22:00:00,5.5229997634887695,5.5229997634887695,5.5229997634887695,29991200,29991200,29991200
2022-07-06 22:00:00,5.510000228881836,5.510000228881836,5.510000228881836,29991200,29991200,29991200
2022-07-07 22:00:00,6.296999931335449,6.296999931335449,6.296999931335449,29991200,29991200,29991200
2022-07-08 22:00:00,6.033999919891357,6.033999919891357,6.033999919891357,29991200,29991200,29991200
2022-07-11 22:00:00,6.426000118255615,6.426000118255615,6.426000118255615,29991200,29991200,29991200
2022-07-12 22:00:00,6.163000106811523,6.163000106811523,6.163000106811523,29991200,29991200,29991200
2022-07-13 22:00:00,6.689000129699707,6.689000129699707,6.689000129699707,29991200,29991200,29991200
2022-07-14 22:00:00,6.599999904632568,6.599999904632568,6.599999904632568,29991200,29991200,29991200
2022-07-15 22:00:00,7.015999794006348,7.015999794006348,7.015999794006348,29991200,29991200,29991200
2022-07-18 22:00:00,7.479000091552734,7.479000091552734,7.479000091552734,29991200,29991200,29991200
2022-07-19 22:00:00,7.263999938964844,7.263999938964844,7.263999938964844,29991200,29991200,29991200
2022-07-20 22:00:00,8.006999969482422,8.006999969482422,8.006999969482422,29991200,29991200,29991200
2022-07-21 22:00:00,7.932000160217285,7.932000160217285,7.932000160217285,29991200,29991200,29991200
2022-07-22 22:00:00,8.298999786376953,8.298999786376953,8.298999786376953,29991200,29991200,29991200
2022-07-25 22:00:00,8.72700023651123,8.72700023651123,8.72700023651123,29991200,29991200,29991200
2022-07-26 22:00:00,8.993000030517578,8.993000030517578,8.993000030517578,29991200,29991200,29991200
2022-07-27 22:00:00,8.687000274658203,8.687000274658203,8.687000274658203,29991200,29991200,29991200
2022-07-28 22:00:00,8.133999824523926,8.133999824523926,8.133999824523926,29991200,29991200,29991200
2022-07-29 22:00:00,8.229000091552734,8.229000091552734,8.229000091552734,29991200,29991200,29991200
2022-08-01 22:00:00,8.282999992370605,8.282999992370605,8.282999992370605,29991200,29991200,29991200
2022-08-02 22:00:00,7.705999851226807,7.705999851226807,7.705999851226807,29991200,29991200,29991200
2022-08-03 22:00:00,8.265999794006348,8.265999794006348,8.265999794006348,29991200,29991200,29991200
2022-08-04 22:00:00,8.121999740600586,8.121999740600586,8.121999740600586,29991200,29991200,29991200
2022-08-05 22:00:00,8.064000129699707,8.064000129699707,8.064000129699707,29991200,29991200,29991200
2022-08-08 22:00:00,7.589000225067139,7.589000225067139,7.589000225067139,29991200,29991200,29991200
2022-08-09 22:00:00,7.833000183105469,7.833000183105469,7.833000183105469,29991200,29991200,29991200
2022-08-10 22:00:00,8.20199966430664,8.20199966430664,8.20199966430664,29991200,29991200,29991200
2022-08-11 22:00:00,8.87399959564209,8.87399959564209,8.87399959564209,29991200,29991200,29991200
2022-08-12 22:00:00,8.767999649047852,8.767999649047852,8.767999649047852,29991200,29991200,29991200
2022-08-15 22:00:00,8.727999687194824,8.727999687194824,8.727999687194824,29991200,29991200,29991200
2022-08-16 22:00:00,9.32900047302246,9.32900047302246,9.32900047302246,29991200,29991200,29991200
2022-08-17 22:00:00,9.244000434875488,9.244000434875488,9.244000434875488,29991200,29991200,29991200
2022-08-18 22:00:00,9.187999725341797,9.187999725341797,9.187999725341797,29991200,29991200,29991200
2022-08-19 22:00:00,9.336000442504885,9.336000442504885,9.336000442504885,29991200,29991200,29991200
2022-08-22 22:00:00,9.68000030517578,9.68000030517578,9.68000030517578,29991200,29991200,29991200
2022-08-23 22:00:00,9.192999839782717,9.192999839782717,9.192999839782717,29991200,29991200,29991200
2022-08-24 22:00:00,9.329999923706056,9.329999923706056,9.329999923706056,29991200,29991200,29991200
2022-08-25 22:00:00,9.375,9.375,9.375,29991200,29991200,29991200
2022-08-26 22:00:00,9.29599952697754,9.29599952697754,9.29599952697754,29991200,29991200,29991200
2022-08-29 22:00:00,9.352999687194824,9.352999687194824,9.352999687194824,29991200,29991200,29991200
2022-08-30 22:00:00,9.041999816894531,9.041999816894531,9.041999816894531,29991200,29991200,29991200
2022-08-31 22:00:00,9.126999855041504,9.126999855041504,9.126999855041504,29991200,29991200,29991200
2022-09-01 22:00:00,9.26200008392334,9.26200008392334,9.26200008392334,29991200,29991200,29991200
2022-09-02 22:00:00,8.78600025177002,8.78600025177002,8.78600025177002,29991200,29991200,29991200
2022-09-06 22:00:00,8.145000457763672,8.145000457763672,8.145000457763672,29991200,29991200,29991200
2022-09-07 22:00:00,7.842000007629394,7.842000007629394,7.842000007629394,29991200,29991200,29991200
2022-09-08 22:00:00,7.914999961853027,7.914999961853027,7.914999961853027,29991200,29991200,29991200
2022-09-09 22:00:00,7.995999813079834,7.995999813079834,7.995999813079834,29991200,29991200,29991200
2022-09-12 22:00:00,8.24899959564209,8.24899959564209,8.24899959564209,29991200,29991200,29991200
2022-09-13 22:00:00,8.284000396728516,8.284000396728516,8.284000396728516,29991200,29991200,29991200
2022-09-14 22:00:00,9.11400032043457,9.11400032043457,9.11400032043457,29991200,29991200,29991200
2022-09-15 22:00:00,8.324000358581543,8.324000358581543,8.324000358581543,29991200,29991200,29991200
2022-09-16 22:00:00,7.763999938964844,7.763999938964844,7.763999938964844,29991200,29991200,29991200
2022-09-19 22:00:00,7.751999855041504,7.751999855041504,7.751999855041504,29991200,29991200,29991200
2022-09-20 22:00:00,7.717000007629394,7.717000007629394,7.717000007629394,29991200,29991200,29991200
2022-09-21 22:00:00,7.778999805450439,7.778999805450439,7.778999805450439,29991200,29991200,29991200
2022-09-22 22:00:00,7.089000225067139,7.089000225067139,7.089000225067139,29991200,29991200,29991200
2022-09-23 22:00:00,6.828000068664551,6.828000068664551,6.828000068664551,29991200,29991200,29991200
2022-09-26 22:00:00,6.902999877929688,6.902999877929688,6.902999877929688,29991200,29991200,29991200
2022-09-27 22:00:00,6.651000022888184,6.651000022888184,6.651000022888184,29991200,29991200,29991200
2022-09-28 22:00:00,6.868000030517578,6.868000030517578,6.868000030517578,29991200,29991200,29991200
2022-09-29 22:00:00,6.874000072479248,6.874000072479248,6.874000072479248,29991200,29991200,29991200
2022-09-30 22:00:00,6.765999794006348,6.765999794006348,6.765999794006348,29991200,29991200,29991200
2022-10-03 22:00:00,6.46999979019165,6.46999979019165,6.46999979019165,29991200,29991200,29991200
2022-10-04 22:00:00,6.836999893188477,6.836999893188477,6.836999893188477,29991200,29991200,29991200
2022-10-05 22:00:00,6.929999828338623,6.929999828338623,6.929999828338623,29991200,29991200,29991200
2022-10-06 22:00:00,6.9720001220703125,6.9720001220703125,6.9720001220703125,29991200,29991200,29991200
2022-10-07 22:00:00,6.748000144958496,6.748000144958496,6.748000144958496,29991200,29991200,29991200
2022-10-10 22:00:00,6.434999942779541,6.434999942779541,6.434999942779541,29991200,29991200,29991200
2022-10-11 22:00:00,6.5960001945495605,6.5960001945495605,6.5960001945495605,29991200,29991200,29991200
2022-10-12 22:00:00,6.434999942779541,6.434999942779541,6.434999942779541,29991200,29991200,29991200
2022-10-13 22:00:00,6.741000175476074,6.741000175476074,6.741000175476074,29991200,29991200,29991200
2022-10-14 22:00:00,6.453000068664551,6.453000068664551,6.453000068664551,29991200,29991200,29991200
2022-10-17 22:00:00,5.999000072479248,5.999000072479248,5.999000072479248,29991200,29991200,29991200
2022-10-18 22:00:00,5.744999885559082,5.744999885559082,5.744999885559082,29991200,29991200,29991200
2022-10-19 22:00:00,5.461999893188477,5.461999893188477,5.461999893188477,29991200,29991200,29991200
2022-10-20 22:00:00,5.357999801635742,5.357999801635742,5.357999801635742,29991200,29991200,29991200
2022-10-21 22:00:00,4.959000110626221,4.959000110626221,4.959000110626221,29991200,29991200,29991200
2022-10-24 22:00:00,5.198999881744385,5.198999881744385,5.198999881744385,29991200,29991200,29991200
2022-10-25 22:00:00,5.61299991607666,5.61299991607666,5.61299991607666,29991200,29991200,29991200
2022-10-26 22:00:00,5.605999946594238,5.605999946594238,5.605999946594238,29991200,29991200,29991200
2022-10-27 22:00:00,5.185999870300293,5.185999870300293,5.185999870300293,29991200,29991200,29991200
2022-10-28 22:00:00,5.684000015258789,5.684000015258789,5.684000015258789,29991200,29991200,29991200
2022-10-31 22:00:00,6.355000019073486,6.355000019073486,6.355000019073486,29991200,29991200,29991200
2022-11-01 22:00:00,5.714000225067139,5.714000225067139,5.714000225067139,29991200,29991200,29991200
2022-11-02 22:00:00,6.26800012588501,6.26800012588501,6.26800012588501,29991200,29991200,29991200
2022-11-03 22:00:00,5.974999904632568,5.974999904632568,5.974999904632568,29991200,29991200,29991200
2022-11-04 22:00:00,6.400000095367432,6.400000095367432,6.400000095367432,29991200,29991200,29991200
2022-11-07 22:00:00,6.943999767303467,6.943999767303467,6.943999767303467,29991200,29991200,29991200
2022-11-08 22:00:00,6.138000011444092,6.138000011444092,6.138000011444092,29991200,29991200,29991200
2022-11-09 22:00:00,5.864999771118164,5.864999771118164,5.864999771118164,29991200,29991200,29991200
2022-11-10 22:00:00,6.238999843597412,6.238999843597412,6.238999843597412,29991200,29991200,29991200
2022-11-11 22:00:00,5.879000186920166,5.879000186920166,5.879000186920166,29991200,29991200,29991200
2022-11-14 22:00:00,5.933000087738037,5.933000087738037,5.933000087738037,29991200,29991200,29991200
2022-11-15 22:00:00,6.033999919891357,6.033999919891357,6.033999919891357,29991200,29991200,29991200
2022-11-16 22:00:00,6.199999809265137,6.199999809265137,6.199999809265137,29991200,29991200,29991200
2022-11-17 22:00:00,6.36899995803833,6.36899995803833,6.36899995803833,29991200,29991200,29991200
2022-11-18 22:00:00,6.302999973297119,6.302999973297119,6.302999973297119,29991200,29991200,29991200
2022-11-21 22:00:00,6.776000022888184,6.776000022888184,6.776000022888184,29991200,29991200,29991200
2022-11-22 22:00:00,6.77899980545044,6.77899980545044,6.77899980545044,29991200,29991200,29991200
2022-11-23 22:00:00,7.308000087738037,7.308000087738037,7.308000087738037,29991200,29991200,29991200
2022-11-25 22:00:00,7.02400016784668,7.02400016784668,7.02400016784668,29991200,29991200,29991200
2022-11-28 22:00:00,6.711999893188477,6.711999893188477,6.711999893188477,29991200,29991200,29991200
2022-11-29 22:00:00,7.235000133514404,7.235000133514404,7.235000133514404,29991200,29991200,29991200
2022-11-30 22:00:00,6.929999828338623,6.929999828338623,6.929999828338623,29991200,29991200,29991200
2022-12-01 22:00:00,6.73799991607666,6.73799991607666,6.73799991607666,29991200,29991200,29991200
2022-12-02 22:00:00,6.281000137329102,6.281000137329102,6.281000137329102,29991200,29991200,29991200
2022-12-05 22:00:00,5.577000141143799,5.577000141143799,5.577000141143799,29991200,29991200,29991200
2022-12-06 22:00:00,5.468999862670898,5.468999862670898,5.468999862670898,29991200,29991200,29991200
2022-12-07 22:00:00,5.7230000495910645,5.7230000495910645,5.7230000495910645,29991200,29991200,29991200
2022-12-08 22:00:00,5.961999893188477,5.961999893188477,5.961999893188477,29991200,29991200,29991200
2022-12-09 22:00:00,6.244999885559082,6.244999885559082,6.244999885559082,29991200,29991200,29991200
2022-12-12 22:00:00,6.586999893188477,6.586999893188477,6.586999893188477,29991200,29991200,29991200
2022-12-13 22:00:00,6.934999942779541,6.934999942779541,6.934999942779541,29991200,29991200,29991200
2022-12-14 22:00:00,6.429999828338623,6.429999828338623,6.429999828338623,29991200,29991200,29991200
2022-12-15 22:00:00,6.96999979019165,6.96999979019165,6.96999979019165,29991200,29991200,29991200
2022-12-16 22:00:00,6.599999904632568,6.599999904632568,6.599999904632568,29991200,29991200,29991200
2022-12-19 22:00:00,5.85099983215332,5.85099983215332,5.85099983215332,29991200,29991200,29991200
2022-12-20 22:00:00,5.326000213623047,5.326000213623047,5.326000213623047,29991200,29991200,29991200
2022-12-21 22:00:00,5.331999778747559,5.331999778747559,5.331999778747559,29991200,29991200,29991200
2022-12-22 22:00:00,4.999000072479248,4.999000072479248,4.999000072479248,29991200,29991200,29991200
2022-12-23 22:00:00,5.078999996185303,5.078999996185303,5.078999996185303,29991200,29991200,29991200
2022-12-27 22:00:00,5.2820000648498535,5.2820000648498535,5.2820000648498535,29991200,29991200,29991200
2022-12-28 22:00:00,4.709000110626221,4.709000110626221,4.709000110626221,29991200,29991200,29991200
2022-12-29 22:00:00,4.559000015258789,4.559000015258789,4.559000015258789,29991200,29991200,29991200
2022-12-30 22:00:00,4.474999904632568,4.474999904632568,4.474999904632568,29991200,29991200,29991200
2023-01-03 22:00:00,3.98799991607666,3.98799991607666,3.98799991607666,29991200,29991200,29991200
2023-01-04 22:00:00,4.171999931335449,4.171999931335449,4.171999931335449,29991200,29991200,29991200
2023-01-05 22:00:00,3.7200000286102295,3.7200000286102295,3.7200000286102295,29991200,29991200,29991200
2023-01-06 22:00:00,3.7100000381469727,3.7100000381469727,3.7100000381469727,29991200,29991200,29991200
2023-01-09 22:00:00,3.910000085830689,3.910000085830689,3.910000085830689,29991200,29991200,29991200
2023-01-10 22:00:00,3.638999938964844,3.638999938964844,3.638999938964844,29991200,29991200,29991200
2023-01-11 22:00:00,3.671000003814697,3.671000003814697,3.671000003814697,29991200,29991200,29991200
2023-01-12 22:00:00,3.694999933242798,3.694999933242798,3.694999933242798,29991200,29991200,29991200
2023-01-13 22:00:00,3.4189999103546143,3.4189999103546143,3.4189999103546143,29991200,29991200,29991200
2023-01-17 22:00:00,3.5859999656677246,3.5859999656677246,3.5859999656677246,29991200,29991200,29991200
2023-01-18 22:00:00,3.311000108718872,3.311000108718872,3.311000108718872,29991200,29991200,29991200
2023-01-19 22:00:00,3.275000095367432,3.275000095367432,3.275000095367432,29991200,29991200,29991200
2023-01-20 22:00:00,3.174000024795532,3.174000024795532,3.174000024795532,29991200,29991200,29991200
2023-01-23 22:00:00,3.447000026702881,3.447000026702881,3.447000026702881,29991200,29991200,29991200
2023-01-24 22:00:00,3.257999897003174,3.257999897003174,3.257999897003174,29991200,29991200,29991200
2023-01-25 22:00:00,3.066999912261963,3.066999912261963,3.066999912261963,29991200,29991200,29991200
2023-01-26 22:00:00,2.944000005722046,2.944000005722046,2.944000005722046,29991200,29991200,29991200
2023-01-27 22:00:00,3.108999967575073,3.108999967575073,3.108999967575073,29991200,29991200,29991200
2023-01-30 22:00:00,2.677000045776367,2.677000045776367,2.677000045776367,29991200,29991200,29991200
2023-01-31 22:00:00,2.684000015258789,2.684000015258789,2.684000015258789,29991200,29991200,29991200
2023-02-01 22:00:00,2.4679999351501465,2.4679999351501465,2.4679999351501465,29991200,29991200,29991200
2023-02-02 22:00:00,2.4560000896453857,2.4560000896453857,2.4560000896453857,29991200,29991200,29991200
2023-02-03 22:00:00,2.4100000858306885,2.4100000858306885,2.4100000858306885,29991200,29991200,29991200
2023-02-06 22:00:00,2.4570000171661377,2.4570000171661377,2.4570000171661377,29991200,29991200,29991200
2023-02-07 22:00:00,2.5840001106262207,2.5840001106262207,2.5840001106262207,29991200,29991200,29991200
2023-02-08 22:00:00,2.3959999084472656,2.3959999084472656,2.3959999084472656,29991200,29991200,29991200
2023-02-09 22:00:00,2.430000066757202,2.430000066757202,2.430000066757202,29991200,29991200,29991200
2023-02-10 22:00:00,2.513999938964844,2.513999938964844,2.513999938964844,29991200,29991200,29991200
2023-02-13 22:00:00,2.4049999713897705,2.4049999713897705,2.4049999713897705,29991200,29991200,29991200
2023-02-14 22:00:00,2.566999912261963,2.566999912261963,2.566999912261963,29991200,29991200,29991200
2023-02-15 22:00:00,2.470999956130981,2.470999956130981,2.470999956130981,29991200,29991200,29991200
2023-02-16 22:00:00,2.388999938964844,2.388999938964844,2.388999938964844,29991200,29991200,29991200
2023-02-17 22:00:00,2.275000095367432,2.275000095367432,2.275000095367432,29991200,29991200,29991200
2023-02-21 22:00:00,2.072999954223633,2.072999954223633,2.072999954223633,29991200,29991200,29991200
2023-02-22 22:00:00,2.174000024795532,2.174000024795532,2.174000024795532,29991200,29991200,29991200
2023-02-23 22:00:00,2.313999891281128,2.313999891281128,2.313999891281128,29991200,29991200,29991200
2023-02-24 22:00:00,2.450999975204468,2.450999975204468,2.450999975204468,29991200,29991200,29991200
2023-02-27 22:00:00,2.7309999465942383,2.7309999465942383,2.7309999465942383,29991200,29991200,29991200
2023-02-28 22:00:00,2.746999979019165,2.746999979019165,2.746999979019165,29991200,29991200,29991200
2023-03-01 22:00:00,2.811000108718872,2.811000108718872,2.811000108718872,29991200,29991200,29991200
2023-03-02 22:00:00,2.765000104904175,2.765000104904175,2.765000104904175,29991200,29991200,29991200
2023-03-03 22:00:00,3.009000062942505,3.009000062942505,3.009000062942505,29991200,29991200,29991200
2023-03-06 22:00:00,2.572000026702881,2.572000026702881,2.572000026702881,29991200,29991200,29991200
2023-03-07 22:00:00,2.687000036239624,2.687000036239624,2.687000036239624,29991200,29991200,29991200
2023-03-08 22:00:00,2.5510001182556152,2.5510001182556152,2.5510001182556152,29991200,29991200,29991200
2023-03-09 22:00:00,2.5429999828338623,2.5429999828338623,2.5429999828338623,29991200,29991200,29991200
2023-03-10 22:00:00,2.430000066757202,2.430000066757202,2.430000066757202,29991200,29991200,29991200
2023-03-13 22:00:00,2.6059999465942383,2.6059999465942383,2.6059999465942383,29991200,29991200,29991200
2023-03-14 22:00:00,2.572999954223633,2.572999954223633,2.572999954223633,29991200,29991200,29991200
2023-03-15 22:00:00,2.438999891281128,2.438999891281128,2.438999891281128,29991200,29991200,29991200
2023-03-16 22:00:00,2.513999938964844,2.513999938964844,2.513999938964844,29991200,29991200,29991200
2023-03-17 22:00:00,2.338000059127808,2.338000059127808,2.338000059127808,29991200,29991200,29991200
2023-03-20 22:00:00,2.2230000495910645,2.2230000495910645,2.2230000495910645,29991200,29991200,29991200
2023-03-21 22:00:00,2.3480000495910645,2.3480000495910645,2.3480000495910645,29991200,29991200,29991200
2023-03-22 22:00:00,2.1710000038146973,2.1710000038146973,2.1710000038146973,29991200,29991200,29991200
2023-03-23 22:00:00,2.1540000438690186,2.1540000438690186,2.1540000438690186,29991200,29991200,29991200
2023-03-24 22:00:00,2.2160000801086426,2.2160000801086426,2.2160000801086426,29991200,29991200,29991200
2023-03-27 22:00:00,2.088000059127808,2.088000059127808,2.088000059127808,29991200,29991200,29991200
2023-03-28 22:00:00,2.0299999713897705,2.0299999713897705,2.0299999713897705,29991200,29991200,29991200
2023-03-29 22:00:00,1.991000056266785,1.991000056266785,1.991000056266785,29991200,29991200,29991200
2023-03-30 22:00:00,2.1040000915527344,2.1040000915527344,2.1040000915527344,29991200,29991200,29991200
2023-03-31 22:00:00,2.2160000801086426,2.2160000801086426,2.2160000801086426,29991200,29991200,29991200
2023-04-03 22:00:00,2.0969998836517334,2.0969998836517334,2.0969998836517334,29991200,29991200,29991200
2023-04-04 22:00:00,2.1059999465942383,2.1059999465942383,2.1059999465942383,29991200,29991200,29991200
2023-04-05 22:00:00,2.1549999713897705,2.1549999713897705,2.1549999713897705,29991200,29991200,29991200
2023-04-06 22:00:00,2.010999917984009,2.010999917984009,2.010999917984009,29991200,29991200,29991200
2023-04-10 22:00:00,2.171999931335449,2.171999931335449,2.171999931335449,29991200,29991200,29991200
2023-04-11 22:00:00,2.186000108718872,2.186000108718872,2.186000108718872,29991200,29991200,29991200
2023-04-12 22:00:00,2.0929999351501465,2.0929999351501465,2.0929999351501465,29991200,29991200,29991200
2023-04-13 22:00:00,2.006999969482422,2.006999969482422,2.006999969482422,29991200,29991200,29991200
2023-04-14 22:00:00,2.114000082015991,2.114000082015991,2.114000082015991,29991200,29991200,29991200
2023-04-17 22:00:00,2.275000095367432,2.275000095367432,2.275000095367432,29991200,29991200,29991200
2023-04-18 22:00:00,2.365999937057495,2.365999937057495,2.365999937057495,29991200,29991200,29991200
2023-04-19 22:00:00,2.2219998836517334,2.2219998836517334,2.2219998836517334,29991200,29991200,29991200
2023-04-20 22:00:00,2.249000072479248,2.249000072479248,2.249000072479248,29991200,29991200,29991200
2023-04-21 22:00:00,2.2330000400543213,2.2330000400543213,2.2330000400543213,29991200,29991200,29991200
2023-04-24 22:00:00,2.2730000019073486,2.2730000019073486,2.2730000019073486,29991200,29991200,29991200
2023-04-25 22:00:00,2.306999921798706,2.306999921798706,2.306999921798706,29991200,29991200,29991200
2023-04-26 22:00:00,2.117000102996826,2.117000102996826,2.117000102996826,29991200,29991200,29991200
2023-04-27 22:00:00,2.3550000190734863,2.3550000190734863,2.3550000190734863,29991200,29991200,29991200
2023-04-28 22:00:00,2.4100000858306885,2.4100000858306885,2.4100000858306885,29991200,29991200,29991200
2023-05-01 22:00:00,2.318000078201294,2.318000078201294,2.318000078201294,29991200,29991200,29991200
2023-05-02 22:00:00,2.21399998664856,2.21399998664856,2.21399998664856,29991200,29991200,29991200
2023-05-03 22:00:00,2.1700000762939453,2.1700000762939453,2.1700000762939453,29991200,29991200,29991200
2023-05-04 22:00:00,2.1010000705718994,2.1010000705718994,2.1010000705718994,29991200,29991200,29991200
2023-05-05 22:00:00,2.13700008392334,2.13700008392334,2.13700008392334,29991200,29991200,29991200
2023-05-08 22:00:00,2.23799991607666,2.23799991607666,2.23799991607666,29991200,29991200,29991200
2023-05-09 22:00:00,2.2669999599456787,2.2669999599456787,2.2669999599456787,29991200,29991200,29991200
2023-05-10 22:00:00,2.190999984741211,2.190999984741211,2.190999984741211,29991200,29991200,29991200
2023-05-11 22:00:00,2.190000057220459,2.190000057220459,2.190000057220459,29991200,29991200,29991200
2023-05-12 22:00:00,2.2660000324249268,2.2660000324249268,2.2660000324249268,29991200,29991200,29991200
2023-05-15 22:00:00,2.375,2.375,2.375,29991200,29991200,29991200
2023-05-16 22:00:00,2.375999927520752,2.375999927520752,2.375999927520752,29991200,29991200,29991200
2023-05-17 22:00:00,2.365000009536743,2.365000009536743,2.365000009536743,29991200,29991200,29991200
2023-05-18 22:00:00,2.5920000076293945,2.5920000076293945,2.5920000076293945,29991200,29991200,29991200
2023-05-19 22:00:00,2.5850000381469727,2.5850000381469727,2.5850000381469727,29991200,29991200,29991200
2023-05-22 22:00:00,2.400000095367432,2.400000095367432,2.400000095367432,29991200,29991200,29991200
2023-05-23 22:00:00,2.321000099182129,2.321000099182129,2.321000099182129,29991200,29991200,29991200
2023-05-24 22:00:00,2.3980000019073486,2.3980000019073486,2.3980000019073486,29991200,29991200,29991200
2023-05-25 22:00:00,2.306999921798706,2.306999921798706,2.306999921798706,29991200,29991200,29991200
2023-05-26 22:00:00,2.180999994277954,2.180999994277954,2.180999994277954,29991200,29991200,29991200
2023-05-30 22:00:00,2.32699990272522,2.32699990272522,2.32699990272522,29991200,29991200,29991200
2023-05-31 22:00:00,2.2660000324249268,2.2660000324249268,2.2660000324249268,29991200,29991200,29991200
2023-06-01 22:00:00,2.157999992370605,2.157999992370605,2.157999992370605,29991200,29991200,29991200
2023-06-02 22:00:00,2.171999931335449,2.171999931335449,2.171999931335449,29991200,29991200,29991200
2023-06-05 22:00:00,2.244999885559082,2.244999885559082,2.244999885559082,29991200,29991200,29991200
2023-06-06 22:00:00,2.26200008392334,2.26200008392334,2.26200008392334,29991200,29991200,29991200
2023-06-07 22:00:00,2.3289999961853027,2.3289999961853027,2.3289999961853027,29991200,29991200,29991200
2023-06-08 22:00:00,2.351999998092652,2.351999998092652,2.351999998092652,29991200,29991200,29991200
2023-06-09 22:00:00,2.253999948501587,2.253999948501587,2.253999948501587,29991200,29991200,29991200
2023-06-12 22:00:00,2.2660000324249268,2.2660000324249268,2.2660000324249268,29991200,29991200,29991200
2023-06-13 22:00:00,2.3399999141693115,2.3399999141693115,2.3399999141693115,29991200,29991200,29991200
2023-06-14 22:00:00,2.3420000076293945,2.3420000076293945,2.3420000076293945,29991200,29991200,29991200
2023-06-15 22:00:00,2.532999992370605,2.532999992370605,2.532999992370605,29991200,29991200,29991200
2023-06-16 22:00:00,2.631999969482422,2.631999969482422,2.631999969482422,29991200,29991200,29991200
2023-06-20 22:00:00,2.492000102996826,2.492000102996826,2.492000102996826,29991200,29991200,29991200
2023-06-21 22:00:00,2.5969998836517334,2.5969998836517334,2.5969998836517334,29991200,29991200,29991200
2023-06-22 22:00:00,2.6080000400543213,2.6080000400543213,2.6080000400543213,29991200,29991200,29991200
2023-06-23 22:00:00,2.7290000915527344,2.7290000915527344,2.7290000915527344,29991200,29991200,29991200
2023-06-26 22:00:00,2.79099988937378,2.79099988937378,2.79099988937378,29991200,29991200,29991200
2023-06-27 22:00:00,2.763000011444092,2.763000011444092,2.763000011444092,29991200,29991200,29991200
2023-06-28 22:00:00,2.602999925613404,2.602999925613404,2.602999925613404,29991200,29991200,29991200
2023-06-29 22:00:00,2.700999975204468,2.700999975204468,2.700999975204468,29991200,29991200,29991200
2023-06-30 22:00:00,2.7980000972747803,2.7980000972747803,2.7980000972747803,29991200,29991200,29991200
2023-07-03 22:00:00,2.7090001106262207,2.7090001106262207,2.7090001106262207,29991200,29991200,29991200
2023-07-05 22:00:00,2.657000064849853,2.657000064849853,2.657000064849853,29991200,29991200,29991200
2023-07-06 22:00:00,2.608999967575073,2.608999967575073,2.608999967575073,29991200,29991200,29991200
2023-07-07 22:00:00,2.5820000171661377,2.5820000171661377,2.5820000171661377,29991200,29991200,29991200
2023-07-10 22:00:00,2.6689999103546143,2.6689999103546143,2.6689999103546143,29991200,29991200,29991200
2023-07-11 22:00:00,2.7309999465942383,2.7309999465942383,2.7309999465942383,29991200,29991200,29991200
2023-07-12 22:00:00,2.631999969482422,2.631999969482422,2.631999969482422,29991200,29991200,29991200
2023-07-13 22:00:00,2.5450000762939453,2.5450000762939453,2.5450000762939453,29991200,29991200,29991200
2023-07-14 22:00:00,2.5390000343322754,2.5390000343322754,2.5390000343322754,29991200,29991200,29991200
2023-07-17 22:00:00,2.51200008392334,2.51200008392334,2.51200008392334,29991200,29991200,29991200
2023-07-18 22:00:00,2.628999948501587,2.628999948501587,2.628999948501587,29991200,29991200,29991200
2023-07-19 22:00:00,2.602999925613404,2.602999925613404,2.602999925613404,29991200,29991200,29991200
2023-07-20 22:00:00,2.756999969482422,2.756999969482422,2.756999969482422,29991200,29991200,29991200
2023-07-21 22:00:00,2.713000059127808,2.713000059127808,2.713000059127808,29991200,29991200,29991200
2023-07-24 22:00:00,2.684999942779541,2.684999942779541,2.684999942779541,29991200,29991200,29991200
2023-07-25 22:00:00,2.7300000190734863,2.7300000190734863,2.7300000190734863,29991200,29991200,29991200
2023-07-26 22:00:00,2.664999961853028,2.664999961853028,2.664999961853028,29991200,29991200,29991200
2023-07-27 22:00:00,2.492000102996826,2.492000102996826,2.492000102996826,29991200,29991200,29991200
2023-07-28 22:00:00,2.638000011444092,2.638000011444092,2.638000011444092,29991200,29991200,29991200
2023-07-31 22:00:00,2.634000062942505,2.634000062942505,2.634000062942505,29991200,29991200,29991200
2023-08-01 22:00:00,2.559999942779541,2.559999942779541,2.559999942779541,29991200,29991200,29991200
2023-08-02 22:00:00,2.476999998092652,2.476999998092652,2.476999998092652,29991200,29991200,29991200
2023-08-03 22:00:00,2.565000057220459,2.565000057220459,2.565000057220459,29991200,29991200,29991200
2023-08-04 22:00:00,2.57699990272522,2.57699990272522,2.57699990272522,29991200,29991200,29991200
2023-08-07 22:00:00,2.7249999046325684,2.7249999046325684,2.7249999046325684,29991200,29991200,29991200
2023-08-08 22:00:00,2.7769999504089355,2.7769999504089355,2.7769999504089355,29991200,29991200,29991200
2023-08-09 22:00:00,2.9590001106262207,2.9590001106262207,2.9590001106262207,29991200,29991200,29991200
2023-08-10 22:00:00,2.763000011444092,2.763000011444092,2.763000011444092,29991200,29991200,29991200
2023-08-11 22:00:00,2.7699999809265137,2.7699999809265137,2.7699999809265137,29991200,29991200,29991200
2023-08-14 22:00:00,2.7950000762939453,2.7950000762939453,2.7950000762939453,29991200,29991200,29991200
2023-08-15 22:00:00,2.6589999198913574,2.6589999198913574,2.6589999198913574,29991200,29991200,29991200
2023-08-16 22:00:00,2.5920000076293945,2.5920000076293945,2.5920000076293945,29991200,29991200,29991200
2023-08-17 22:00:00,2.621000051498413,2.621000051498413,2.621000051498413,29991200,29991200,29991200
2023-08-18 22:00:00,2.5510001182556152,2.5510001182556152,2.5510001182556152,29991200,29991200,29991200
2023-08-21 22:00:00,2.631999969482422,2.631999969482422,2.631999969482422,29991200,29991200,29991200
2023-08-22 22:00:00,2.559999942779541,2.559999942779541,2.559999942779541,29991200,29991200,29991200
2023-08-23 22:00:00,2.496999979019165,2.496999979019165,2.496999979019165,29991200,29991200,29991200
2023-08-24 22:00:00,2.5190000534057617,2.5190000534057617,2.5190000534057617,29991200,29991200,29991200
2023-08-25 22:00:00,2.539999961853028,2.539999961853028,2.539999961853028,29991200,29991200,29991200
2023-08-28 22:00:00,2.5789999961853027,2.5789999961853027,2.5789999961853027,29991200,29991200,29991200
2023-08-29 22:00:00,2.555999994277954,2.555999994277954,2.555999994277954,29991200,29991200,29991200
2023-08-30 22:00:00,2.7960000038146973,2.7960000038146973,2.7960000038146973,29991200,29991200,29991200
2023-08-31 22:00:00,2.7679998874664307,2.7679998874664307,2.7679998874664307,29991200,29991200,29991200
2023-09-01 22:00:00,2.765000104904175,2.765000104904175,2.765000104904175,29991200,29991200,29991200
2023-09-05 22:00:00,2.5820000171661377,2.5820000171661377,2.5820000171661377,29991200,29991200,29991200
2023-09-06 22:00:00,2.509999990463257,2.509999990463257,2.509999990463257,29991200,29991200,29991200
2023-09-07 22:00:00,2.5789999961853027,2.5789999961853027,2.5789999961853027,29991200,29991200,29991200
2023-09-08 22:00:00,2.6050000190734863,2.6050000190734863,2.6050000190734863,29991200,29991200,29991200
2023-09-11 22:00:00,2.6080000400543213,2.6080000400543213,2.6080000400543213,29991200,29991200,29991200
2023-09-12 22:00:00,2.743000030517578,2.743000030517578,2.743000030517578,29991200,29991200,29991200
2023-09-13 22:00:00,2.680000066757202,2.680000066757202,2.680000066757202,29991200,29991200,29991200
2023-09-14 22:00:00,2.7079999446868896,2.7079999446868896,2.7079999446868896,29991200,29991200,29991200
2023-09-15 22:00:00,2.6440000534057617,2.6440000534057617,2.6440000534057617,29991200,29991200,29991200
2023-09-18 22:00:00,2.727999925613404,2.727999925613404,2.727999925613404,29991200,29991200,29991200
2023-09-19 22:00:00,2.8480000495910645,2.8480000495910645,2.8480000495910645,29991200,29991200,29991200
2023-09-20 22:00:00,2.7330000400543213,2.7330000400543213,2.7330000400543213,29991200,29991200,29991200
2023-09-21 22:00:00,2.609999895095825,2.609999895095825,2.609999895095825,29991200,29991200,29991200
2023-09-22 22:00:00,2.63700008392334,2.63700008392334,2.63700008392334,29991200,29991200,29991200
2023-09-25 22:00:00,2.638999938964844,2.638999938964844,2.638999938964844,29991200,29991200,29991200
2023-09-26 22:00:00,2.6559998989105225,2.6559998989105225,2.6559998989105225,29991200,29991200,29991200
2023-09-27 22:00:00,2.763999938964844,2.763999938964844,2.763999938964844,29991200,29991200,29991200
2023-09-28 22:00:00,2.944999933242798,2.944999933242798,2.944999933242798,29991200,29991200,29991200
2023-09-29 22:00:00,2.928999900817871,2.928999900817871,2.928999900817871,29991200,29991200,29991200
2023-10-02 22:00:00,2.8399999141693115,2.8399999141693115,2.8399999141693115,29991200,29991200,29991200
2023-10-03 22:00:00,2.9489998817443848,2.9489998817443848,2.9489998817443848,29991200,29991200,29991200
2023-10-04 22:00:00,2.961999893188477,2.961999893188477,2.961999893188477,29991200,29991200,29991200
2023-10-05 22:00:00,3.16599988937378,3.16599988937378,3.16599988937378,29991200,29991200,29991200
2023-10-06 22:00:00,3.338000059127808,3.338000059127808,3.338000059127808,29991200,29991200,29991200
2023-10-09 22:00:00,3.375999927520752,3.375999927520752,3.375999927520752,29991200,29991200,29991200
2023-10-10 22:00:00,3.381999969482422,3.381999969482422,3.381999969482422,29991200,29991200,29991200
2023-10-11 22:00:00,3.377000093460083,3.377000093460083,3.377000093460083,29991200,29991200,29991200
2023-10-12 22:00:00,3.344000101089477,3.344000101089477,3.344000101089477,29991200,29991200,29991200
2023-10-13 22:00:00,3.236000061035156,3.236000061035156,3.236000061035156,29991200,29991200,29991200
2023-10-16 22:00:00,3.108999967575073,3.108999967575073,3.108999967575073,29991200,29991200,29991200
2023-10-17 22:00:00,3.0789999961853027,3.0789999961853027,3.0789999961853027,29991200,29991200,29991200
2023-10-18 22:00:00,3.055999994277954,3.055999994277954,3.055999994277954,29991200,29991200,29991200
2023-10-19 22:00:00,2.9570000171661377,2.9570000171661377,2.9570000171661377,29991200,29991200,29991200
2023-10-20 22:00:00,2.8989999294281006,2.8989999294281006,2.8989999294281006,29991200,29991200,29991200
2023-10-23 22:00:00,2.9260001182556152,2.9260001182556152,2.9260001182556152,29991200,29991200,29991200
2023-10-24 22:00:00,2.970999956130981,2.970999956130981,2.970999956130981,29991200,29991200,29991200
2023-10-25 22:00:00,3.009999990463257,3.009999990463257,3.009999990463257,29991200,29991200,29991200
2023-10-26 22:00:00,3.21399998664856,3.21399998664856,3.21399998664856,29991200,29991200,29991200
2023-10-27 22:00:00,3.1640000343322754,3.1640000343322754,3.1640000343322754,29991200,29991200,29991200
2023-10-30 22:00:00,3.351999998092652,3.351999998092652,3.351999998092652,29991200,29991200,29991200
2023-10-31 22:00:00,3.575000047683716,3.575000047683716,3.575000047683716,29991200,29991200,29991200
2023-11-01 22:00:00,3.49399995803833,3.49399995803833,3.49399995803833,29991200,29991200,29991200
2023-11-02 22:00:00,3.4719998836517334,3.4719998836517334,3.4719998836517334,29991200,29991200,29991200
2023-11-03 22:00:00,3.515000104904175,3.515000104904175,3.515000104904175,29991200,29991200,29991200
2023-11-06 22:00:00,3.263999938964844,3.263999938964844,3.263999938964844,29991200,29991200,29991200
2023-11-07 22:00:00,3.140000104904175,3.140000104904175,3.140000104904175,29991200,29991200,29991200
2023-11-08 22:00:00,3.1059999465942383,3.1059999465942383,3.1059999465942383,29991200,29991200,29991200
2023-11-09 22:00:00,3.04099988937378,3.04099988937378,3.04099988937378,29991200,29991200,29991200
2023-11-10 22:00:00,3.032999992370605,3.032999992370605,3.032999992370605,29991200,29991200,29991200
2023-11-13 22:00:00,3.197000026702881,3.197000026702881,3.197000026702881,29991200,29991200,29991200
2023-11-14 22:00:00,3.1059999465942383,3.1059999465942383,3.1059999465942383,29991200,29991200,29991200
2023-11-15 22:00:00,3.190000057220459,3.190000057220459,3.190000057220459,29991200,29991200,29991200
2023-11-16 22:00:00,3.062000036239624,3.062000036239624,3.062000036239624,29991200,29991200,29991200
2023-11-17 22:00:00,2.9600000381469727,2.9600000381469727,2.9600000381469727,29991200,29991200,29991200
2023-11-20 22:00:00,2.881999969482422,2.881999969482422,2.881999969482422,29991200,29991200,29991200
2023-11-21 22:00:00,2.845999956130981,2.845999956130981,2.845999956130981,29991200,29991200,29991200
2023-11-22 22:00:00,2.8970000743865967,2.8970000743865967,2.8970000743865967,29991200,29991200,29991200
2023-11-23 22:00:00,2.934000015258789,2.934000015258789,2.934000015258789,29991200,29991200,29991200
2023-11-24 22:00:00,2.8550000190734863,2.8550000190734863,2.8550000190734863,29991200,29991200,29991200
2023-11-27 22:00:00,2.7939999103546143,2.7939999103546143,2.7939999103546143,29991200,29991200,29991200
2023-11-28 22:00:00,2.7060000896453857,2.7060000896453857,2.7060000896453857,29991200,29991200,29991200
2023-11-29 22:00:00,2.803999900817871,2.803999900817871,2.803999900817871,29991200,29991200,29991200
2023-11-30 22:00:00,2.802000045776367,2.802000045776367,2.802000045776367,29991200,29991200,29991200
2023-12-01 22:00:00,2.813999891281128,2.813999891281128,2.813999891281128,29991200,29991200,29991200
2023-12-04 22:00:00,2.694000005722046,2.694000005722046,2.694000005722046,29991200,29991200,29991200
2023-12-05 22:00:00,2.7100000381469727,2.7100000381469727,2.7100000381469727,29991200,29991200,29991200
2023-12-06 22:00:00,2.569000005722046,2.569000005722046,2.569000005722046,29991200,29991200,29991200
2023-12-07 22:00:00,2.5850000381469727,2.5850000381469727,2.5850000381469727,29991200,29991200,29991200
2023-12-08 22:00:00,2.5810000896453857,2.5810000896453857,2.5810000896453857,29991200,29991200,29991200
2023-12-11 22:00:00,2.430999994277954,2.430999994277954,2.430999994277954,29991200,29991200,29991200
2023-12-12 22:00:00,2.311000108718872,2.311000108718872,2.311000108718872,29991200,29991200,29991200
2023-12-13 22:00:00,2.3350000381469727,2.3350000381469727,2.3350000381469727,29991200,29991200,29991200
2023-12-14 22:00:00,2.3919999599456787,2.3919999599456787,2.3919999599456787,29991200,29991200,29991200
2023-12-15 22:00:00,2.490999937057495,2.490999937057495,2.490999937057495,29991200,29991200,29991200
2023-12-18 22:00:00,2.503000020980835,2.503000020980835,2.503000020980835,29991200,29991200,29991200
2023-12-19 22:00:00,2.492000102996826,2.492000102996826,2.492000102996826,29991200,29991200,29991200
2023-12-20 22:00:00,2.447000026702881,2.447000026702881,2.447000026702881,29991200,29991200,29991200
2023-12-21 22:00:00,2.572000026702881,2.572000026702881,2.572000026702881,29991200,29991200,29991200
2023-12-22 22:00:00,2.609999895095825,2.609999895095825,2.609999895095825,29991200,29991200,29991200
2023-12-26 22:00:00,2.549999952316284,2.549999952316284,2.549999952316284,29991200,29991200,29991200
2023-12-27 22:00:00,2.61899995803833,2.61899995803833,2.61899995803833,29991200,29991200,29991200
2023-12-28 22:00:00,2.556999921798706,2.556999921798706,2.556999921798706,29991200,29991200,29991200
2023-12-29 22:00:00,2.513999938964844,2.513999938964844,2.513999938964844,29991200,29991200,29991200
2024-01-02 22:00:00,2.568000078201294,2.568000078201294,2.568000078201294,29991200,29991200,29991200
2024-01-03 22:00:00,2.6679999828338623,2.6679999828338623,2.6679999828338623,29991200,29991200,29991200
2024-01-04 22:00:00,2.821000099182129,2.821000099182129,2.821000099182129,29991200,29991200,29991200
2024-01-05 22:00:00,2.8929998874664307,2.8929998874664307,2.8929998874664307,29991200,29991200,29991200
2024-01-08 22:00:00,2.9800000190734863,2.9800000190734863,2.9800000190734863,29991200,29991200,29991200
2024-01-09 22:00:00,3.190000057220459,3.190000057220459,3.190000057220459,29991200,29991200,29991200
2024-01-10 22:00:00,3.0390000343322754,3.0390000343322754,3.0390000343322754,29991200,29991200,29991200
2024-01-11 22:00:00,3.0969998836517334,3.0969998836517334,3.0969998836517334,29991200,29991200,29991200
2024-01-12 22:00:00,3.312999963760376,3.312999963760376,3.312999963760376,29991200,29991200,29991200
2024-01-16 22:00:00,2.900000095367432,2.900000095367432,2.900000095367432,29991200,29991200,29991200
2024-01-17 22:00:00,2.869999885559082,2.869999885559082,2.869999885559082,29991200,29991200,29991200
2024-01-18 22:00:00,2.697000026702881,2.697000026702881,2.697000026702881,29991200,29991200,29991200
2024-01-19 22:00:00,2.5190000534057617,2.5190000534057617,2.5190000534057617,29991200,29991200,29991200
2024-01-22 22:00:00,2.4189999103546143,2.4189999103546143,2.4189999103546143,29991200,29991200,29991200
2024-01-23 22:00:00,2.450000047683716,2.450000047683716,2.450000047683716,29991200,29991200,29991200
2024-01-24 22:00:00,2.6410000324249268,2.6410000324249268,2.6410000324249268,29991200,29991200,29991200
2024-01-25 22:00:00,2.571000099182129,2.571000099182129,2.571000099182129,29991200,29991200,29991200
2024-01-26 22:00:00,2.711999893188477,2.711999893188477,2.711999893188477,29991200,29991200,29991200
2024-01-29 22:00:00,2.490000009536743,2.490000009536743,2.490000009536743,29991200,29991200,29991200
2024-01-30 22:00:00,2.07699990272522,2.07699990272522,2.07699990272522,29991200,29991200,29991200
2024-01-31 22:00:00,2.0999999046325684,2.0999999046325684,2.0999999046325684,29991200,29991200,29991200
2024-02-01 22:00:00,2.049999952316284,2.049999952316284,2.049999952316284,29991200,29991200,29991200
2024-02-02 22:00:00,2.0789999961853027,2.0789999961853027,2.0789999961853027,29991200,29991200,29991200
2024-02-05 22:00:00,2.0820000171661377,2.0820000171661377,2.0820000171661377,29991200,29991200,29991200
2024-02-06 22:00:00,2.009000062942505,2.009000062942505,2.009000062942505,29991200,29991200,29991200
2024-02-07 22:00:00,1.9670000076293943,1.9670000076293943,1.9670000076293943,29991200,29991200,29991200
2024-02-08 22:00:00,1.9170000553131104,1.9170000553131104,1.9170000553131104,29991200,29991200,29991200
2024-02-09 22:00:00,1.847000002861023,1.847000002861023,1.847000002861023,29991200,29991200,29991200
2024-02-12 22:00:00,1.7680000066757202,1.7680000066757202,1.7680000066757202,29991200,29991200,29991200
2024-02-13 22:00:00,1.6890000104904177,1.6890000104904177,1.6890000104904177,29991200,29991200,29991200
2024-02-14 22:00:00,1.6089999675750732,1.6089999675750732,1.6089999675750732,29991200,29991200,29991200
2024-02-15 22:00:00,1.5809999704360962,1.5809999704360962,1.5809999704360962,29991200,29991200,29991200
2024-02-16 22:00:00,1.6089999675750732,1.6089999675750732,1.6089999675750732,29991200,29991200,29991200
2024-02-20 22:00:00,1.5759999752044678,1.5759999752044678,1.5759999752044678,29991200,29991200,29991200
2024-02-21 22:00:00,1.7730000019073486,1.7730000019073486,1.7730000019073486,29991200,29991200,29991200
2024-02-22 22:00:00,1.7319999933242798,1.7319999933242798,1.7319999933242798,29991200,29991200,29991200
2024-02-23 22:00:00,1.6030000448226929,1.6030000448226929,1.6030000448226929,29991200,29991200,29991200
2024-02-26 22:00:00,1.659000039100647,1.659000039100647,1.659000039100647,29991200,29991200,29991200
2024-02-27 22:00:00,1.6150000095367432,1.6150000095367432,1.6150000095367432,29991200,29991200,29991200
2024-02-28 22:00:00,1.8849999904632568,1.8849999904632568,1.8849999904632568,29991200,29991200,29991200
2024-02-29 22:00:00,1.8600000143051147,1.8600000143051147,1.8600000143051147,29991200,29991200,29991200
2024-03-01 22:00:00,1.8350000381469729,1.8350000381469729,1.8350000381469729,29991200,29991200,29991200
2024-03-04 22:00:00,1.9160000085830688,1.9160000085830688,1.9160000085830688,29991200,29991200,29991200
2024-03-05 22:00:00,1.9570000171661377,1.9570000171661377,1.9570000171661377,29991200,29991200,29991200
2024-03-06 22:00:00,1.9290000200271609,1.9290000200271609,1.9290000200271609,29991200,29991200,29991200
2024-03-07 22:00:00,1.8179999589920044,1.8179999589920044,1.8179999589920044,29991200,29991200,29991200
2024-03-08 22:00:00,1.8049999475479128,1.8049999475479128,1.8049999475479128,29991200,29991200,29991200
2024-03-11 22:00:00,1.758999943733215,1.758999943733215,1.758999943733215,29991200,29991200,29991200
2024-03-12 22:00:00,1.7139999866485596,1.7139999866485596,1.7139999866485596,29991200,29991200,29991200
2024-03-13 22:00:00,1.6579999923706057,1.6579999923706057,1.6579999923706057,29991200,29991200,29991200
2024-03-14 22:00:00,1.741000056266785,1.741000056266785,1.741000056266785,29991200,29991200,29991200
2024-03-15 22:00:00,1.6549999713897705,1.6549999713897705,1.6549999713897705,29991200,29991200,29991200
2024-03-18 22:00:00,1.7029999494552612,1.7029999494552612,1.7029999494552612,29991200,29991200,29991200
2024-03-19 22:00:00,1.74399995803833,1.74399995803833,1.74399995803833,29991200,29991200,29991200
2024-03-20 22:00:00,1.6990000009536743,1.6990000009536743,1.6990000009536743,29991200,29991200,29991200
2024-03-21 22:00:00,1.6829999685287476,1.6829999685287476,1.6829999685287476,29991200,29991200,29991200
2024-03-22 22:00:00,1.659000039100647,1.659000039100647,1.659000039100647,29991200,29991200,29991200
2024-03-25 22:00:00,1.6150000095367432,1.6150000095367432,1.6150000095367432,29991200,29991200,29991200
2024-03-26 22:00:00,1.5750000476837158,1.5750000476837158,1.5750000476837158,29991200,29991200,29991200
2024-03-27 22:00:00,1.718000054359436,1.718000054359436,1.718000054359436,29991200,29991200,29991200
2024-03-28 22:00:00,1.7630000114440918,1.7630000114440918,1.7630000114440918,29991200,29991200,29991200
2024-04-01 22:00:00,1.837000012397766,1.837000012397766,1.837000012397766,29991200,29991200,29991200
2024-04-02 22:00:00,1.861999988555908,1.861999988555908,1.861999988555908,29991200,29991200,29991200
2024-04-03 22:00:00,1.840999960899353,1.840999960899353,1.840999960899353,29991200,29991200,29991200
2024-04-04 22:00:00,1.77400004863739,1.77400004863739,1.77400004863739,29991200,29991200,29991200
2024-04-05 22:00:00,1.784999966621399,1.784999966621399,1.784999966621399,29991200,29991200,29991200
2024-04-08 22:00:00,1.843999981880188,1.843999981880188,1.843999981880188,29991200,29991200,29991200
2024-04-09 22:00:00,1.871999979019165,1.871999979019165,1.871999979019165,29991200,29991200,29991200
2024-04-10 22:00:00,1.8849999904632568,1.8849999904632568,1.8849999904632568,29991200,29991200,29991200
2024-04-11 22:00:00,1.7640000581741333,1.7640000581741333,1.7640000581741333,29991200,29991200,29991200
2024-04-12 22:00:00,1.7699999809265137,1.7699999809265137,1.7699999809265137,29991200,29991200,29991200
2024-04-15 22:00:00,1.690999984741211,1.690999984741211,1.690999984741211,29991200,29991200,29991200
2024-04-16 22:00:00,1.7319999933242798,1.7319999933242798,1.7319999933242798,29991200,29991200,29991200
2024-04-17 22:00:00,1.712000012397766,1.712000012397766,1.712000012397766,29991200,29991200,29991200
2024-04-18 22:00:00,1.756999969482422,1.756999969482422,1.756999969482422,29991200,29991200,29991200
2024-04-19 22:00:00,1.7519999742507937,1.7519999742507937,1.7519999742507937,29991200,29991200,29991200
2024-04-22 22:00:00,1.7910000085830688,1.7910000085830688,1.7910000085830688,29991200,29991200,29991200
2024-04-23 22:00:00,1.812000036239624,1.812000036239624,1.812000036239624,29991200,29991200,29991200
2024-04-24 22:00:00,1.652999997138977,1.652999997138977,1.652999997138977,29991200,29991200,29991200
2024-04-25 22:00:00,1.6380000114440918,1.6380000114440918,1.6380000114440918,29991200,29991200,29991200
2024-04-26 22:00:00,1.6139999628067017,1.6139999628067017,1.6139999628067017,29991200,29991200,29991200
2024-04-29 22:00:00,2.0299999713897705,2.0299999713897705,2.0299999713897705,29991200,29991200,29991200
2024-04-30 22:00:00,1.991000056266785,1.991000056266785,1.991000056266785,29991200,29991200,29991200
2024-05-01 22:00:00,1.932000041007996,1.932000041007996,1.932000041007996,29991200,29991200,29991200
2024-05-02 22:00:00,2.0350000858306885,2.0350000858306885,2.0350000858306885,29991200,29991200,29991200
2024-05-03 22:00:00,2.1419999599456787,2.1419999599456787,2.1419999599456787,29991200,29991200,29991200
2024-05-06 22:00:00,2.194999933242798,2.194999933242798,2.194999933242798,29991200,29991200,29991200
2024-05-07 22:00:00,2.2070000171661377,2.2070000171661377,2.2070000171661377,29991200,29991200,29991200
2024-05-08 22:00:00,2.187000036239624,2.187000036239624,2.187000036239624,29991200,29991200,29991200
2024-05-09 22:00:00,2.3010001182556152,2.3010001182556152,2.3010001182556152,29991200,29991200,29991200
2024-05-10 22:00:00,2.252000093460083,2.252000093460083,2.252000093460083,29991200,29991200,29991200
2024-05-13 22:00:00,2.38100004196167,2.38100004196167,2.38100004196167,29991200,29991200,29991200
2024-05-14 22:00:00,2.344000101089477,2.344000101089477,2.344000101089477,29991200,29991200,29991200
2024-05-15 22:00:00,2.41599988937378,2.41599988937378,2.41599988937378,29991200,29991200,29991200
2024-05-16 22:00:00,2.494999885559082,2.494999885559082,2.494999885559082,29991200,29991200,29991200
2024-05-17 22:00:00,2.625999927520752,2.625999927520752,2.625999927520752,29991200,29991200,29991200
2024-05-20 22:00:00,2.750999927520752,2.750999927520752,2.750999927520752,29991200,29991200,29991200
2024-05-21 22:00:00,2.6710000038146973,2.6710000038146973,2.6710000038146973,29991200,29991200,29991200
2024-05-22 22:00:00,2.8420000076293945,2.8420000076293945,2.8420000076293945,29991200,29991200,29991200
2024-05-23 22:00:00,2.657000064849853,2.657000064849853,2.657000064849853,29991200,29991200,29991200
2024-05-24 22:00:00,2.5199999809265137,2.5199999809265137,2.5199999809265137,29991200,29991200,29991200
2024-05-28 22:00:00,2.5899999141693115,2.5899999141693115,2.5899999141693115,29991200,29991200,29991200
2024-05-29 22:00:00,2.493000030517578,2.493000030517578,2.493000030517578,29991200,29991200,29991200
2024-05-30 22:00:00,2.572000026702881,2.572000026702881,2.572000026702881,29991200,29991200,29991200
2024-05-31 22:00:00,2.586999893188477,2.586999893188477,2.586999893188477,29991200,29991200,29991200
2024-06-03 22:00:00,2.75600004196167,2.75600004196167,2.75600004196167,29991200,29991200,29991200
2024-06-04 22:00:00,2.5859999656677246,2.5859999656677246,2.5859999656677246,29991200,29991200,29991200
2024-06-05 22:00:00,2.756999969482422,2.756999969482422,2.756999969482422,29991200,29991200,29991200
2024-06-06 22:00:00,2.821000099182129,2.821000099182129,2.821000099182129,29991200,29991200,29991200
2024-06-07 22:00:00,2.9179999828338623,2.9179999828338623,2.9179999828338623,29991200,29991200,29991200
2024-06-10 22:00:00,2.9059998989105225,2.9059998989105225,2.9059998989105225,29991200,29991200,29991200
2024-06-11 22:00:00,3.128999948501587,3.128999948501587,3.128999948501587,29991200,29991200,29991200
2024-06-12 22:00:00,3.0450000762939453,3.0450000762939453,3.0450000762939453,29991200,29991200,29991200
2024-06-13 22:00:00,2.9590001106262207,2.9590001106262207,2.9590001106262207,29991200,29991200,29991200
2024-06-14 22:00:00,2.88100004196167,2.88100004196167,2.88100004196167,29991200,29991200,29991200
2024-06-17 22:00:00,2.7880001068115234,2.7880001068115234,2.7880001068115234,29991200,29991200,29991200
2024-06-18 22:00:00,2.9089999198913574,2.9089999198913574,2.9089999198913574,29991200,29991200,29991200
2024-06-20 22:00:00,2.740999937057495,2.740999937057495,2.740999937057495,29991200,29991200,29991200
2024-06-21 22:00:00,2.7049999237060547,2.7049999237060547,2.7049999237060547,29991200,29991200,29991200
2024-06-24 22:00:00,2.811000108718872,2.811000108718872,2.811000108718872,29991200,29991200,29991200
2024-06-25 22:00:00,2.75600004196167,2.75600004196167,2.75600004196167,29991200,29991200,29991200
2024-06-26 22:00:00,2.628000020980835,2.628000020980835,2.628000020980835,29991200,29991200,29991200
2024-06-27 22:00:00,2.684999942779541,2.684999942779541,2.684999942779541,29991200,29991200,29991200
2024-06-28 22:00:00,2.6010000705718994,2.6010000705718994,2.6010000705718994,29991200,29991200,29991200
2024-07-01 22:00:00,2.477999925613404,2.477999925613404,2.477999925613404,29991200,29991200,29991200
2024-07-02 22:00:00,2.434999942779541,2.434999942779541,2.434999942779541,29991200,29991200,29991200
2024-07-03 22:00:00,2.4179999828338623,2.4179999828338623,2.4179999828338623,29991200,29991200,29991200
2024-07-05 22:00:00,2.319000005722046,2.319000005722046,2.319000005722046,29991200,29991200,29991200
2024-07-08 22:00:00,2.365999937057495,2.365999937057495,2.365999937057495,29991200,29991200,29991200
2024-07-09 22:00:00,2.344000101089477,2.344000101089477,2.344000101089477,29991200,29991200,29991200
2024-07-10 22:00:00,2.3289999961853027,2.3289999961853027,2.3289999961853027,29991200,29991200,29991200
2024-07-11 22:00:00,2.2679998874664307,2.2679998874664307,2.2679998874664307,29991200,29991200,29991200
2024-07-12 22:00:00,2.3289999961853027,2.3289999961853027,2.3289999961853027,29991200,29991200,29991200
2024-07-15 22:00:00,2.157999992370605,2.157999992370605,2.157999992370605,29991200,29991200,29991200
2024-07-16 22:00:00,2.187999963760376,2.187999963760376,2.187999963760376,29991200,29991200,29991200
2024-07-17 22:00:00,2.0350000858306885,2.0350000858306885,2.0350000858306885,29991200,29991200,29991200
2024-07-18 22:00:00,2.125,2.125,2.125,29991200,29991200,29991200
2024-07-19 22:00:00,2.128000020980835,2.128000020980835,2.128000020980835,29991200,29991200,29991200
2024-07-22 22:00:00,2.250999927520752,2.250999927520752,2.250999927520752,29991200,29991200,29991200
2024-07-23 22:00:00,2.187000036239624,2.187000036239624,2.187000036239624,29991200,29991200,29991200
2024-07-24 22:00:00,2.117000102996826,2.117000102996826,2.117000102996826,29991200,29991200,29991200
2024-07-25 22:00:00,2.04099988937378,2.04099988937378,2.04099988937378,29991200,29991200,29991200
2024-07-26 22:00:00,2.00600004196167,2.00600004196167,2.00600004196167,29991200,29991200,29991200
2024-07-29 22:00:00,1.906999945640564,1.906999945640564,1.906999945640564,29991200,29991200,29991200
2024-07-30 22:00:00,2.125999927520752,2.125999927520752,2.125999927520752,29991200,29991200,29991200
2024-07-31 22:00:00,2.0360000133514404,2.0360000133514404,2.0360000133514404,29991200,29991200,29991200
2024-08-01 22:00:00,1.968000054359436,1.968000054359436,1.968000054359436,29991200,29991200,29991200
2024-08-02 22:00:00,1.9670000076293943,1.9670000076293943,1.9670000076293943,29991200,29991200,29991200
2024-08-05 22:00:00,1.9420000314712524,1.9420000314712524,1.9420000314712524,29991200,29991200,29991200
2024-08-06 22:00:00,2.009999990463257,2.009999990463257,2.009999990463257,29991200,29991200,29991200
2024-08-07 22:00:00,2.111999988555908,2.111999988555908,2.111999988555908,29991200,29991200,29991200
2024-08-08 22:00:00,2.127000093460083,2.127000093460083,2.127000093460083,29991200,29991200,29991200
2024-08-09 22:00:00,2.1429998874664307,2.1429998874664307,2.1429998874664307,29991200,29991200,29991200
2024-08-12 22:00:00,2.188999891281128,2.188999891281128,2.188999891281128,29991200,29991200,29991200
2024-08-13 22:00:00,2.1480000019073486,2.1480000019073486,2.1480000019073486,29991200,29991200,29991200
2024-08-14 22:00:00,2.219000101089477,2.219000101089477,2.219000101089477,29991200,29991200,29991200
2024-08-15 22:00:00,2.197000026702881,2.197000026702881,2.197000026702881,29991200,29991200,29991200
2024-08-16 22:00:00,2.122999906539917,2.122999906539917,2.122999906539917,29991200,29991200,29991200
2024-08-19 22:00:00,2.234999895095825,2.234999895095825,2.234999895095825,29991200,29991200,29991200
2024-08-20 22:00:00,2.197999954223633,2.197999954223633,2.197999954223633,29991200,29991200,29991200
2024-08-21 22:00:00,2.177000045776367,2.177000045776367,2.177000045776367,29991200,29991200,29991200
2024-08-22 22:00:00,2.052999973297119,2.052999973297119,2.052999973297119,29991200,29991200,29991200
2024-08-23 22:00:00,2.0220000743865967,2.0220000743865967,2.0220000743865967,29991200,29991200,29991200
2024-08-26 22:00:00,1.955999970436096,1.955999970436096,1.955999970436096,29991200,29991200,29991200
2024-08-27 22:00:00,1.9040000438690183,1.9040000438690183,1.9040000438690183,29991200,29991200,29991200
2024-08-28 22:00:00,1.9299999475479128,1.9299999475479128,1.9299999475479128,29991200,29991200,29991200
2024-08-29 22:00:00,2.13700008392334,2.13700008392334,2.13700008392334,29991200,29991200,29991200
2024-08-30 22:00:00,2.127000093460083,2.127000093460083,2.127000093460083,29991200,29991200,29991200
2024-09-03 22:00:00,2.203000068664551,2.203000068664551,2.203000068664551,29991200,29991200,29991200
2024-09-04 22:00:00,2.1449999809265137,2.1449999809265137,2.1449999809265137,29991200,29991200,29991200
2024-09-05 22:00:00,2.253999948501587,2.253999948501587,2.253999948501587,29991200,29991200,29991200
2024-09-06 22:00:00,2.275000095367432,2.275000095367432,2.275000095367432,29991200,29991200,29991200
2024-09-09 22:00:00,2.1700000762939453,2.1700000762939453,2.1700000762939453,29991200,29991200,29991200
2024-09-10 22:00:00,2.2320001125335693,2.2320001125335693,2.2320001125335693,29991200,29991200,29991200
2024-09-11 22:00:00,2.2699999809265137,2.2699999809265137,2.2699999809265137,29991200,29991200,29991200
2024-09-12 22:00:00,2.3570001125335693,2.3570001125335693,2.3570001125335693,29991200,29991200,29991200
2024-09-13 22:00:00,2.305000066757202,2.305000066757202,2.305000066757202,29991200,29991200,29991200
2024-09-16 22:00:00,2.372999906539917,2.372999906539917,2.372999906539917,29991200,29991200,29991200
2024-09-17 22:00:00,2.3239998817443848,2.3239998817443848,2.3239998817443848,29991200,29991200,29991200
2024-09-18 22:00:00,2.2839999198913574,2.2839999198913574,2.2839999198913574,29991200,29991200,29991200
2024-09-19 22:00:00,2.3480000495910645,2.3480000495910645,2.3480000495910645,29991200,29991200,29991200
2024-09-20 22:00:00,2.434000015258789,2.434000015258789,2.434000015258789,29991200,29991200,29991200
2024-09-23 22:00:00,2.61299991607666,2.61299991607666,2.61299991607666,29991200,29991200,29991200
2024-09-24 22:00:00,2.5510001182556152,2.5510001182556152,2.5510001182556152,29991200,29991200,29991200
2024-09-25 22:00:00,2.63700008392334,2.63700008392334,2.63700008392334,29991200,29991200,29991200
2024-09-26 22:00:00,2.5850000381469727,2.5850000381469727,2.5850000381469727,29991200,29991200,29991200
2024-09-27 22:00:00,2.9019999504089355,2.9019999504089355,2.9019999504089355,29991200,29991200,29991200
2024-09-30 22:00:00,2.9230000972747803,2.9230000972747803,2.9230000972747803,29991200,29991200,29991200
2024-10-01 22:00:00,2.8959999084472656,2.8959999084472656,2.8959999084472656,29991200,29991200,29991200
2024-10-02 22:00:00,2.885999917984009,2.885999917984009,2.885999917984009,29991200,29991200,29991200
2024-10-03 22:00:00,2.970000028610229,2.970000028610229,2.970000028610229,29991200,29991200,29991200
2024-10-04 22:00:00,2.8540000915527344,2.8540000915527344,2.8540000915527344,29991200,29991200,29991200
2024-10-07 22:00:00,2.746000051498413,2.746000051498413,2.746000051498413,29991200,29991200,29991200
2024-10-08 22:00:00,2.7330000400543213,2.7330000400543213,2.7330000400543213,29991200,29991200,29991200
2024-10-09 22:00:00,2.6600000858306885,2.6600000858306885,2.6600000858306885,29991200,29991200,29991200
2024-10-10 22:00:00,2.674999952316284,2.674999952316284,2.674999952316284,29991200,29991200,29991200
2024-10-11 22:00:00,2.631999969482422,2.631999969482422,2.631999969482422,29991200,29991200,29991200
2024-10-14 22:00:00,2.49399995803833,2.49399995803833,2.49399995803833,29991200,29991200,29991200
2024-10-15 22:00:00,2.497999906539917,2.497999906539917,2.497999906539917,29991200,29991200,29991200
2024-10-16 22:00:00,2.367000102996826,2.367000102996826,2.367000102996826,29991200,29991200,29991200
2024-10-17 22:00:00,2.3469998836517334,2.3469998836517334,2.3469998836517334,29991200,29991200,29991200
2024-10-18 22:00:00,2.257999897003174,2.257999897003174,2.257999897003174,29991200,29991200,29991200
2024-10-21 22:00:00,2.312000036239624,2.312000036239624,2.312000036239624,29991200,29991200,29991200
2024-10-22 22:00:00,2.311000108718872,2.311000108718872,2.311000108718872,29991200,29991200,29991200
2024-10-23 22:00:00,2.3420000076293945,2.3420000076293945,2.3420000076293945,29991200,29991200,29991200
2024-10-24 22:00:00,2.5220000743865967,2.5220000743865967,2.5220000743865967,29991200,29991200,29991200
2024-10-25 22:00:00,2.559999942779541,2.559999942779541,2.559999942779541,29991200,29991200,29991200
2024-10-28 22:00:00,2.309000015258789,2.309000015258789,2.309000015258789,29991200,29991200,29991200
2024-10-29 22:00:00,2.345999956130981,2.345999956130981,2.345999956130981,29991200,29991200,29991200
2024-10-30 22:00:00,2.845000028610229,2.845000028610229,2.845000028610229,29991200,29991200,29991200
2024-10-31 22:00:00,2.7070000171661377,2.7070000171661377,2.7070000171661377,29991200,29991200,29991200
2024-11-01 22:00:00,2.6630001068115234,2.6630001068115234,2.6630001068115234,29991200,29991200,29991200
2024-11-04 22:00:00,2.7809998989105225,2.7809998989105225,2.7809998989105225,29991200,29991200,29991200
2024-11-05 22:00:00,2.6700000762939453,2.6700000762939453,2.6700000762939453,29991200,29991200,29991200
2024-11-06 22:00:00,2.746999979019165,2.746999979019165,2.746999979019165,29991200,29991200,29991200
2024-11-07 22:00:00,2.693000078201294,2.693000078201294,2.693000078201294,29991200,29991200,29991200
2024-11-08 22:00:00,2.6689999103546143,2.6689999103546143,2.6689999103546143,29991200,29991200,29991200
2024-11-11 22:00:00,2.9200000762939453,2.9200000762939453,2.9200000762939453,29991200,29991200,29991200
2024-11-12 22:00:00,2.907000064849853,2.907000064849853,2.907000064849853,29991200,29991200,29991200
2024-11-13 22:00:00,2.9830000400543213,2.9830000400543213,2.9830000400543213,29991200,29991200,29991200
2024-11-14 22:00:00,2.7850000858306885,2.7850000858306885,2.7850000858306885,29991200,29991200,29991200
2024-11-15 22:00:00,2.822999954223633,2.822999954223633,2.822999954223633,29991200,29991200,29991200
2024-11-18 22:00:00,2.9730000495910645,2.9730000495910645,2.9730000495910645,29991200,29991200,29991200
2024-11-19 22:00:00,2.997999906539917,2.997999906539917,2.997999906539917,29991200,29991200,29991200
2024-11-20 22:00:00,3.193000078201294,3.193000078201294,3.193000078201294,29991200,29991200,29991200
2024-11-21 22:00:00,3.33899998664856,3.33899998664856,3.33899998664856,29991200,29991200,29991200
2024-11-22 22:00:00,3.128999948501587,3.128999948501587,3.128999948501587,29991200,29991200,29991200
2024-11-25 22:00:00,3.36899995803833,3.36899995803833,3.36899995803833,29991200,29991200,29991200
2024-11-26 22:00:00,3.430999994277954,3.430999994277954,3.430999994277954,29991200,29991200,29991200
2024-11-27 22:00:00,3.2039999961853027,3.2039999961853027,3.2039999961853027,29991200,29991200,29991200
2024-11-29 22:00:00,3.36299991607666,3.36299991607666,3.36299991607666,29991200,29991200,29991200
2024-12-02 22:00:00,3.213000059127808,3.213000059127808,3.213000059127808,29991200,29991200,29991200
2024-12-03 22:00:00,3.0420000553131104,3.0420000553131104,3.0420000553131104,29991200,29991200,29991200
2024-12-04 22:00:00,3.0429999828338623,3.0429999828338623,3.0429999828338623,29991200,29991200,29991200
2024-12-05 22:00:00,3.0789999961853027,3.0789999961853027,3.0789999961853027,29991200,29991200,29991200
2024-12-06 22:00:00,3.075999975204468,3.075999975204468,3.075999975204468,29991200,29991200,29991200
2024-12-09 22:00:00,3.181999921798706,3.181999921798706,3.181999921798706,29991200,29991200,29991200
2024-12-10 22:00:00,3.1630001068115234,3.1630001068115234,3.1630001068115234,29991200,29991200,29991200
2024-12-11 22:00:00,3.378000020980835,3.378000020980835,3.378000020980835,29991200,29991200,29991200
2024-12-12 22:00:00,3.4549999237060547,3.4549999237060547,3.4549999237060547,29991200,29991200,29991200
2024-12-13 22:00:00,3.2799999713897705,3.2799999713897705,3.2799999713897705,29991200,29991200,29991200
2024-12-16 22:00:00,3.21399998664856,3.21399998664856,3.21399998664856,29991200,29991200,29991200
2024-12-17 22:00:00,3.308000087738037,3.308000087738037,3.308000087738037,29991200,29991200,29991200
2024-12-18 22:00:00,3.374000072479248,3.374000072479248,3.374000072479248,29991200,29991200,29991200
2024-12-19 22:00:00,3.5840001106262207,3.5840001106262207,3.5840001106262207,29991200,29991200,29991200
2024-12-20 22:00:00,3.747999906539917,3.747999906539917,3.747999906539917,29991200,29991200,29991200
2024-12-23 22:00:00,3.6559998989105225,3.6559998989105225,3.6559998989105225,29991200,29991200,29991200
2024-12-24 22:00:00,3.946000099182129,3.946000099182129,3.946000099182129,29991200,29991200,29991200
2024-12-26 22:00:00,3.714999914169312,3.714999914169312,3.714999914169312,29991200,29991200,29991200
2024-12-27 22:00:00,3.513999938964844,3.513999938964844,3.513999938964844,29991200,29991200,29991200
2024-12-30 22:00:00,3.936000108718872,3.936000108718872,3.936000108718872,29991200,29991200,29991200
2024-12-31 22:00:00,3.632999897003174,3.632999897003174,3.632999897003174,29991200,29991200,29991200
2025-01-02 22:00:00,3.660000085830689,3.660000085830689,3.660000085830689,29991200,29991200,29991200
2025-01-03 22:00:00,3.3540000915527344,3.3540000915527344,3.3540000915527344,29991200,29991200,29991200
2025-01-06 22:00:00,3.671999931335449,3.671999931335449,3.671999931335449,29991200,29991200,29991200
2025-01-07 22:00:00,3.4489998817443848,3.4489998817443848,3.4489998817443848,29991200,29991200,29991200
2025-01-08 22:00:00,3.651000022888184,3.651000022888184,3.651000022888184,29991200,29991200,29991200
2025-01-09 22:00:00,3.700999975204468,3.700999975204468,3.700999975204468,29991200,29991200,29991200
2025-01-10 22:00:00,3.989000082015991,3.989000082015991,3.989000082015991,29991200,29991200,29991200
2025-01-13 22:00:00,3.934000015258789,3.934000015258789,3.934000015258789,29991200,29991200,29991200
2025-01-14 22:00:00,3.9679999351501465,3.9679999351501465,3.9679999351501465,29991200,29991200,29991200
2025-01-15 22:00:00,4.083000183105469,4.083000183105469,4.083000183105469,29991200,29991200,29991200
2025-01-16 22:00:00,4.257999897003174,4.257999897003174,4.257999897003174,29991200,29991200,29991200
2025-01-17 22:00:00,3.947999954223633,3.947999954223633,3.947999954223633,29991200,29991200,29991200
2025-01-21 22:00:00,3.75600004196167,3.75600004196167,3.75600004196167,29991200,29991200,29991200
2025-01-22 22:00:00,3.9600000381469727,3.9600000381469727,3.9600000381469727,29991200,29991200,29991200
2025-01-23 22:00:00,3.944999933242798,3.944999933242798,3.944999933242798,29991200,29991200,29991200
2025-01-24 22:00:00,4.026999950408936,4.026999950408936,4.026999950408936,29991200,29991200,29991200
2025-01-27 22:00:00,3.697000026702881,3.697000026702881,3.697000026702881,29991200,29991200,29991200
2025-01-28 22:00:00,3.470999956130981,3.470999956130981,3.470999956130981,29991200,29991200,29991200
2025-01-29 22:00:00,3.5350000858306885,3.5350000858306885,3.5350000858306885,29991200,29991200,29991200
2025-01-30 22:00:00,3.046999931335449,3.046999931335449,3.046999931335449,29991200,29991200,29991200
2025-01-31 22:00:00,3.0439999103546143,3.0439999103546143,3.0439999103546143,29991200,29991200,29991200
2025-02-03 22:00:00,3.351999998092652,3.351999998092652,3.351999998092652,29991200,29991200,29991200
2025-02-04 22:00:00,3.253000020980835,3.253000020980835,3.253000020980835,29991200,29991200,29991200
2025-02-05 22:00:00,3.359999895095825,3.359999895095825,3.359999895095825,29991200,29991200,29991200
2025-02-06 22:00:00,3.407999992370605,3.407999992370605,3.407999992370605,29991200,29991200,29991200
2025-02-07 22:00:00,3.309000015258789,3.309000015258789,3.309000015258789,29991200,29991200,29991200
2025-02-10 22:00:00,3.444000005722046,3.444000005722046,3.444000005722046,29991200,29991200,29991200
2025-02-11 22:00:00,3.5190000534057617,3.5190000534057617,3.5190000534057617,29991200,29991200,29991200
2025-02-12 22:00:00,3.565000057220459,3.565000057220459,3.565000057220459,29991200,29991200,29991200
2025-02-13 22:00:00,3.628000020980835,3.628000020980835,3.628000020980835,29991200,29991200,29991200
2025-02-14 22:00:00,3.724999904632568,3.724999904632568,3.724999904632568,29991200,29991200,29991200
2025-02-18 22:00:00,4.006999969482422,4.006999969482422,4.006999969482422,29991200,29991200,29991200
2025-02-19 22:00:00,4.28000020980835,4.28000020980835,4.28000020980835,29991200,29991200,29991200
2025-02-20 22:00:00,4.151999950408936,4.151999950408936,4.151999950408936,29991200,29991200,29991200
2025-02-21 22:00:00,4.234000205993652,4.234000205993652,4.234000205993652,29991200,29991200,29991200
2025-02-24 22:00:00,3.99399995803833,3.99399995803833,3.99399995803833,29991200,29991200,29991200
2025-02-25 22:00:00,4.173999786376953,4.173999786376953,4.173999786376953,29991200,29991200,29991200
2025-02-26 22:00:00,3.9059998989105225,3.9059998989105225,3.9059998989105225,29991200,29991200,29991200
2025-02-27 22:00:00,3.934000015258789,3.934000015258789,3.934000015258789,29991200,29991200,29991200
2025-02-28 22:00:00,3.8340001106262207,3.8340001106262207,3.8340001106262207,29991200,29991200,29991200
2025-03-03 22:00:00,4.122000217437744,4.122000217437744,4.122000217437744,29991200,29991200,29991200
2025-03-04 22:00:00,4.349999904632568,4.349999904632568,4.349999904632568,29991200,29991200,29991200
2025-03-05 22:00:00,4.449999809265137,4.449999809265137,4.449999809265137,29991200,29991200,29991200
2025-03-06 22:00:00,4.302000045776367,4.302000045776367,4.302000045776367,29991200,29991200,29991200
2025-03-07 22:00:00,4.39900016784668,4.39900016784668,4.39900016784668,29991200,29991200,29991200
2025-03-10 22:00:00,4.491000175476074,4.491000175476074,4.491000175476074,29991200,29991200,29991200
2025-03-11 22:00:00,4.453000068664551,4.453000068664551,4.453000068664551,29991200,29991200,29991200
2025-03-12 22:00:00,4.084000110626221,4.084000110626221,4.084000110626221,29991200,29991200,29991200
2025-03-13 22:00:00,4.111000061035156,4.111000061035156,4.111000061035156,29991200,29991200,29991200
2025-03-14 22:00:00,4.104000091552734,4.104000091552734,4.104000091552734,29991200,29991200,29991200
2025-03-17 22:00:00,4.01800012588501,4.01800012588501,4.01800012588501,29991200,29991200,29991200
2025-03-18 22:00:00,4.052000045776367,4.052000045776367,4.052000045776367,29991200,29991200,29991200
2025-03-19 22:00:00,4.247000217437744,4.247000217437744,4.247000217437744,29991200,29991200,29991200
2025-03-20 22:00:00,3.974999904632568,3.974999904632568,3.974999904632568,29991200,29991200,29991200
2025-03-21 22:00:00,3.9800000190734863,3.9800000190734863,3.9800000190734863,29991200,29991200,29991200
2025-03-24 22:00:00,3.9140000343322754,3.9140000343322754,3.9140000343322754,29991200,29991200,29991200
2025-03-25 22:00:00,3.839999914169312,3.839999914169312,3.839999914169312,29991200,29991200,29991200
2025-03-26 22:00:00,3.861000061035156,3.861000061035156,3.861000061035156,29991200,29991200,29991200
2025-03-27 22:00:00,3.950000047683716,3.950000047683716,3.950000047683716,29991200,29991200,29991200
2025-03-28 22:00:00,4.065000057220459,4.065000057220459,4.065000057220459,29991200,29991200,29991200
2025-03-31 22:00:00,4.11899995803833,4.11899995803833,4.11899995803833,29991200,29991200,29991200
2025-04-01 22:00:00,3.950999975204468,3.950999975204468,3.950999975204468,29991200,29991200,29991200
2025-04-02 22:00:00,4.054999828338623,4.054999828338623,4.054999828338623,29991200,29991200,29991200
2025-04-03 22:00:00,4.138000011444092,4.138000011444092,4.138000011444092,29991200,29991200,29991200
2025-04-04 22:00:00,3.836999893188477,3.836999893188477,3.836999893188477,29991200,29991200,29991200
2025-04-07 22:00:00,3.6549999713897705,3.6549999713897705,3.6549999713897705,29991200,29991200,29991200
2025-04-08 22:00:00,3.4649999141693115,3.4649999141693115,3.4649999141693115,29991200,29991200,29991200
2025-04-09 22:00:00,3.815999984741211,3.815999984741211,3.815999984741211,29991200,29991200,29991200
2025-04-10 22:00:00,3.556999921798706,3.556999921798706,3.556999921798706,29991200,29991200,29991200
2025-04-11 22:00:00,3.5269999504089355,3.5269999504089355,3.5269999504089355,29991200,29991200,29991200
2025-04-14 22:00:00,3.325000047683716,3.325000047683716,3.325000047683716,29991200,29991200,29991200
2025-04-15 22:00:00,3.3289999961853027,3.3289999961853027,3.3289999961853027,29991200,29991200,29991200
2025-04-16 22:00:00,3.246999979019165,3.246999979019165,3.246999979019165,29991200,29991200,29991200
2025-04-17 22:00:00,3.244999885559082,3.244999885559082,3.244999885559082,29991200,29991200,29991200
2025-04-21 22:00:00,3.0160000324249268,3.0160000324249268,3.0160000324249268,29991200,29991200,29991200
2025-04-22 22:00:00,3.006999969482422,3.006999969482422,3.006999969482422,29991200,29991200,29991200
2025-04-23 22:00:00,3.0220000743865967,3.0220000743865967,3.0220000743865967,29991200,29991200,29991200
2025-04-24 22:00:00,2.930000066757202,2.930000066757202,2.930000066757202,29991200,29991200,29991200
2025-04-25 22:00:00,2.937000036239624,2.937000036239624,2.937000036239624,29991200,29991200,29991200
2025-04-28 22:00:00,3.1700000762939453,3.1700000762939453,3.1700000762939453,29991200,29991200,29991200
2025-04-29 22:00:00,3.385999917984009,3.385999917984009,3.385999917984009,29991200,29991200,29991200
2025-04-30 22:00:00,3.325999975204468,3.325999975204468,3.325999975204468,29991200,29991200,29991200
2025-05-01 22:00:00,3.4790000915527344,3.4790000915527344,3.4790000915527344,29991200,29991200,29991200
2025-05-02 22:00:00,3.630000114440918,3.630000114440918,3.630000114440918,29991200,29991200,29991200
2025-05-05 22:00:00,3.549999952316284,3.549999952316284,3.549999952316284,29991200,29991200,29991200
2025-05-06 22:00:00,3.463000059127808,3.463000059127808,3.463000059127808,29991200,29991200,29991200
2025-05-07 22:00:00,3.621000051498413,3.621000051498413,3.621000051498413,29991200,29991200,29991200
2025-05-08 22:00:00,3.5920000076293945,3.5920000076293945,3.5920000076293945,29991200,29991200,29991200
2025-05-09 22:00:00,3.795000076293945,3.795000076293945,3.795000076293945,29991200,29991200,29991200
2025-05-12 22:00:00,3.6459999084472656,3.6459999084472656,3.6459999084472656,29991200,29991200,29991200
2025-05-13 22:00:00,3.6470000743865967,3.6470000743865967,3.6470000743865967,29991200,29991200,29991200
2025-05-14 22:00:00,3.492000102996826,3.492000102996826,3.492000102996826,29991200,29991200,29991200
2025-05-15 22:00:00,3.361999988555908,3.361999988555908,3.361999988555908,29991200,29991200,29991200
2025-05-16 22:00:00,3.3340001106262207,3.3340001106262207,3.3340001106262207,29991200,29991200,29991200
2025-05-19 22:00:00,3.11299991607666,3.11299991607666,3.11299991607666,29991200,29991200,29991200
2025-05-20 22:00:00,3.427000045776367,3.427000045776367,3.427000045776367,29991200,29991200,29991200
2025-05-21 22:00:00,3.368000030517578,3.368000030517578,3.368000030517578,29991200,29991200,29991200
2025-05-22 22:00:00,3.253000020980835,3.253000020980835,3.253000020980835,29991200,29991200,29991200
2025-05-23 22:00:00,3.3340001106262207,3.3340001106262207,3.3340001106262207,29991200,29991200,29991200
2025-05-27 22:00:00,3.3980000019073486,3.3980000019073486,3.3980000019073486,29991200,29991200,29991200
2025-05-28 22:00:00,3.2039999961853027,3.2039999961853027,3.2039999961853027,29991200,29991200,29991200
2025-05-29 22:00:00,3.5220000743865967,3.5220000743865967,3.5220000743865967,29991200,29991200,29991200
2025-05-30 22:00:00,3.447000026702881,3.447000026702881,3.447000026702881,29991200,29991200,29991200
2025-06-02 22:00:00,3.694000005722046,3.694000005722046,3.694000005722046,29991200,29991200,29991200
2025-06-03 22:00:00,3.721999883651733,3.721999883651733,3.721999883651733,29991200,29991200,29991200
2025-06-04 22:00:00,3.7160000801086426,3.7160000801086426,3.7160000801086426,29991200,29991200,29991200
2025-06-05 22:00:00,3.677000045776367,3.677000045776367,3.677000045776367,29991200,29991200,29991200
2025-06-06 22:00:00,3.783999919891357,3.783999919891357,3.783999919891357,29991200,29991200,29991200
2025-06-09 22:00:00,3.634999990463257,3.634999990463257,3.634999990463257,29991200,29991200,29991200
2025-06-10 22:00:00,3.532999992370605,3.532999992370605,3.532999992370605,29991200,29991200,29991200
2025-06-11 22:00:00,3.506999969482422,3.506999969482422,3.506999969482422,29991200,29991200,29991200
2025-06-12 22:00:00,3.492000102996826,3.492000102996826,3.492000102996826,29991200,29991200,29991200
2025-06-13 22:00:00,3.5810000896453857,3.5810000896453857,3.5810000896453857,29991200,29991200,29991200
2025-06-16 22:00:00,3.747999906539917,3.747999906539917,3.747999906539917,29991200,29991200,29991200
2025-06-17 22:00:00,3.8510000705718994,3.8510000705718994,3.8510000705718994,29991200,29991200,29991200
2025-06-18 22:00:00,3.989000082015991,3.989000082015991,3.989000082015991,29991200,29991200,29991200
2025-06-20 22:00:00,3.846999883651733,3.846999883651733,3.846999883651733,29991200,29991200,29991200
2025-06-23 22:00:00,3.697999954223633,3.697999954223633,3.697999954223633,29991200,29991200,29991200
2025-06-24 22:00:00,3.5369999408721924,3.5369999408721924,3.5369999408721924,29991200,29991200,29991200
2025-06-25 22:00:00,3.4059998989105225,3.4059998989105225,3.4059998989105225,29991200,29991200,29991200
2025-06-26 22:00:00,3.260999917984009,3.260999917984009,3.260999917984009,29991200,29991200,29991200
2025-06-27 22:00:00,3.739000082015991,3.739000082015991,3.739000082015991,29991200,29991200,29991200
2025-06-30 22:00:00,3.4560000896453857,3.4560000896453857,3.4560000896453857,29991200,29991200,29991200
2025-07-01 22:00:00,3.414999961853028,3.414999961853028,3.414999961853028,29991200,29991200,29991200
2025-07-02 22:00:00,3.48799991607666,3.48799991607666,3.48799991607666,29991200,29991200,29991200
2025-07-03 22:00:00,3.4089999198913574,3.4089999198913574,3.4089999198913574,29991200,29991200,29991200
2025-07-04 22:00:00,3.38700008392334,3.38700008392334,3.38700008392334,29991200,29991200,29991200
2025-07-07 22:00:00,3.4119999408721924,3.4119999408721924,3.4119999408721924,29991200,29991200,29991200
2025-07-08 22:00:00,3.3399999141693115,3.3399999141693115,3.3399999141693115,29991200,29991200,29991200
2025-07-09 22:00:00,3.21399998664856,3.21399998664856,3.21399998664856,29991200,29991200,29991200
2025-07-10 22:00:00,3.336999893188477,3.336999893188477,3.336999893188477,29991200,29991200,29991200
2025-07-11 22:00:00,3.313999891281128,3.313999891281128,3.313999891281128,29991200,29991200,29991200
2025-07-14 22:00:00,3.4660000801086426,3.4660000801086426,3.4660000801086426,29991200,29991200,29991200
2025-07-15 22:00:00,3.5230000019073486,3.5230000019073486,3.5230000019073486,29991200,29991200,29991200
2025-07-16 22:00:00,3.5510001182556152,3.5510001182556152,3.5510001182556152,29991200,29991200,29991200
2025-07-17 22:00:00,3.5420000553131104,3.5420000553131104,3.5420000553131104,29991200,29991200,29991200
2025-07-18 22:00:00,3.565000057220459,3.565000057220459,3.565000057220459,29991200,29991200,29991200
2025-07-21 22:00:00,3.325000047683716,3.325000047683716,3.325000047683716,29991200,29991200,29991200
2025-07-22 22:00:00,3.252000093460083,3.252000093460083,3.252000093460083,29991200,29991200,29991200
2025-07-23 22:00:00,3.07699990272522,3.07699990272522,3.07699990272522,29991200,29991200,29991200
2025-07-24 22:00:00,3.094000101089477,3.094000101089477,3.094000101089477,29991200,29991200,29991200
2025-07-25 22:00:00,3.109999895095825,3.109999895095825,3.109999895095825,29991200,29991200,29991200
2025-07-28 22:00:00,2.98799991607666,2.98799991607666,2.98799991607666,29991200,29991200,29991200
2025-07-29 22:00:00,3.0810000896453857,3.0810000896453857,3.0810000896453857,29991200,29991200,29991200
2025-07-30 22:00:00,3.0450000762939453,3.0450000762939453,3.0450000762939453,29991200,29991200,29991200
2025-07-31 22:00:00,3.1059999465942383,3.1059999465942383,3.1059999465942383,29991200,29991200,29991200
2025-08-01 22:00:00,3.0829999446868896,3.0829999446868896,3.0829999446868896,29991200,29991200,29991200
2025-08-04 22:00:00,2.931999921798706,2.931999921798706,2.931999921798706,29991200,29991200,29991200
2025-08-05 22:00:00,3.009999990463257,3.009999990463257,3.009999990463257,29991200,29991200,29991200
2025-08-06 22:00:00,3.07699990272522,3.07699990272522,3.07699990272522,29991200,29991200,29991200
2025-08-07 22:00:00,3.066999912261963,3.066999912261963,3.066999912261963,29991200,29991200,29991200
2025-08-08 22:00:00,2.990000009536743,2.990000009536743,2.990000009536743,29991200,29991200,29991200
2025-08-11 22:00:00,2.9539999961853027,2.9539999961853027,2.9539999961853027,29991200,29991200,29991200
2025-08-12 22:00:00,2.808000087738037,2.808000087738037,2.808000087738037,29991200,29991200,29991200
2025-08-13 22:00:00,2.828000068664551,2.828000068664551,2.828000068664551,29991200,29991200,29991200
2025-08-14 22:00:00,2.8410000801086426,2.8410000801086426,2.8410000801086426,29991200,29991200,29991200
2025-08-15 22:00:00,2.91599988937378,2.91599988937378,2.91599988937378,29991200,29991200,29991200
2025-08-18 22:00:00,2.890000104904175,2.890000104904175,2.890000104904175,29991200,29991200,29991200
2025-08-19 22:00:00,2.7660000324249268,2.7660000324249268,2.7660000324249268,29991200,29991200,29991200
2025-08-20 22:00:00,2.752000093460083,2.752000093460083,2.752000093460083,29991200,29991200,29991200
2025-08-21 22:00:00,2.825999975204468,2.825999975204468,2.825999975204468,29991200,29991200,29991200
2025-08-22 22:00:00,2.697999954223633,2.697999954223633,2.697999954223633,29991200,29991200,29991200
2025-08-25 22:00:00,2.696000099182129,2.696000099182129,2.696000099182129,29991200,29991200,29991200
2025-08-26 22:00:00,2.7170000076293945,2.7170000076293945,2.7170000076293945,29991200,29991200,29991200
2025-08-27 22:00:00,2.867000102996826,2.867000102996826,2.867000102996826,29991200,29991200,29991200
2025-08-28 22:00:00,2.944000005722046,2.944000005722046,2.944000005722046,29991200,29991200,29991200
2025-08-29 22:00:00,2.996999979019165,2.996999979019165,2.996999979019165,29991200,29991200,29991200
2025-09-02 22:00:00,3.009000062942505,3.009000062942505,3.009000062942505,29991200,29991200,29991200
2025-09-03 22:00:00,3.063999891281128,3.063999891281128,3.063999891281128,29991200,29991200,29991200
2025-09-04 22:00:00,3.0739998817443848,3.0739998817443848,3.0739998817443848,29991200,29991200,29991200
2025-09-05 22:00:00,3.0480000972747803,3.0480000972747803,3.0480000972747803,29991200,29991200,29991200
2025-09-08 22:00:00,3.0899999141693115,3.0899999141693115,3.0899999141693115,29991200,29991200,29991200
2025-09-09 22:00:00,3.117000102996826,3.117000102996826,3.117000102996826,29991200,29991200,29991200
2025-09-10 22:00:00,3.0290000438690186,3.0290000438690186,3.0290000438690186,29991200,29991200,29991200
2025-09-11 22:00:00,2.934000015258789,2.934000015258789,2.934000015258789,29991200,29991200,29991200
2025-09-12 22:00:00,2.940999984741211,2.940999984741211,2.940999984741211,29991200,29991200,29991200
2025-09-15 22:00:00,3.0429999828338623,3.0429999828338623,3.0429999828338623,29991200,29991200,29991200
2025-09-16 22:00:00,3.102999925613404,3.102999925613404,3.102999925613404,29991200,29991200,29991200
2025-09-17 22:00:00,3.0999999046325684,3.0999999046325684,3.0999999046325684,29991200,29991200,29991200
2025-09-18 22:00:00,2.938999891281128,2.938999891281128,2.938999891281128,29991200,29991200,29991200
2025-09-19 22:00:00,2.888000011444092,2.888000011444092,2.888000011444092,29991200,29991200,29991200
2025-09-22 22:00:00,2.805999994277954,2.805999994277954,2.805999994277954,29991200,29991200,29991200
2025-09-23 22:00:00,2.852999925613404,2.852999925613404,2.852999925613404,29991200,29991200,29991200
2025-09-24 22:00:00,2.8580000400543213,2.8580000400543213,2.8580000400543213,29991200,29991200,29991200
2025-09-25 22:00:00,2.9040000438690186,2.9040000438690186,2.9040000438690186,29991200,29991200,29991200
2025-09-26 22:00:00,2.8350000381469727,2.8350000381469727,2.8350000381469727,29991200,29991200,29991200
2025-09-29 22:00:00,3.2669999599456787,3.2669999599456787,3.2669999599456787,29991200,29991200,29991200
2025-09-30 22:00:00,3.302999973297119,3.302999973297119,3.302999973297119,29991200,29991200,29991200
2025-10-01 22:00:00,3.4760000705718994,3.4760000705718994,3.4760000705718994,29991200,29991200,29991200
2025-10-02 22:00:00,3.441999912261963,3.441999912261963,3.441999912261963,29991200,29991200,29991200
2025-10-03 22:00:00,3.3239998817443848,3.3239998817443848,3.3239998817443848,29991200,29991200,29991200
2025-10-06 22:00:00,3.3570001125335693,3.3570001125335693,3.3570001125335693,29991200,29991200,29991200
2025-10-07 22:00:00,3.497999906539917,3.497999906539917,3.497999906539917,29991200,29991200,29991200
2025-10-08 22:00:00,3.3329999446868896,3.3329999446868896,3.3329999446868896,29991200,29991200,29991200
2025-10-09 22:00:00,3.2690000534057617,3.2690000534057617,3.2690000534057617,29991200,29991200,29991200
2025-10-10 22:00:00,3.1059999465942383,3.1059999465942383,3.1059999465942383,29991200,29991200,29991200
2025-10-13 22:00:00,3.118000030517578,3.118000030517578,3.118000030517578,29991200,29991200,29991200
2025-10-14 22:00:00,3.0280001163482666,3.0280001163482666,3.0280001163482666,29991200,29991200,29991200
2025-10-15 22:00:00,3.0160000324249268,3.0160000324249268,3.0160000324249268,29991200,29991200,29991200
2025-10-16 22:00:00,2.937999963760376,2.937999963760376,2.937999963760376,29991200,29991200,29991200
2025-10-17 22:00:00,3.007999897003174,3.007999897003174,3.007999897003174,29991200,29991200,29991200
2025-10-20 22:00:00,3.3970000743865967,3.3970000743865967,3.3970000743865967,29991200,29991200,29991200
2025-10-21 22:00:00,3.4739999771118164,3.4739999771118164,3.4739999771118164,29991200,29991200,29991200
2025-10-22 22:00:00,3.450000047683716,3.450000047683716,3.450000047683716,29991200,29991200,29991200
2025-10-23 22:00:00,3.344000101089477,3.344000101089477,3.344000101089477,29991200,29991200,29991200
2025-10-24 22:00:00,3.303999900817871,3.303999900817871,3.303999900817871,29991200,29991200,29991200
2025-10-27 22:00:00,3.441999912261963,3.441999912261963,3.441999912261963,29991200,29991200,29991200
2025-10-28 22:00:00,3.345000028610229,3.345000028610229,3.345000028610229,29991200,29991200,29991200
2025-10-29 22:00:00,3.375999927520752,3.375999927520752,3.375999927520752,29991200,29991200,29991200
2025-10-30 22:00:00,3.9560000896453857,3.9560000896453857,3.9560000896453857,29991200,29991200,29991200
2025-10-31 22:00:00,4.124000072479248,4.124000072479248,4.124000072479248,29991200,29991200,29991200
2025-11-03 22:00:00,4.265999794006348,4.265999794006348,4.265999794006348,29991200,29991200,29991200
2025-11-04 22:00:00,4.3429999351501465,4.3429999351501465,4.3429999351501465,29991200,29991200,29991200
2025-11-05 22:00:00,4.23199987411499,4.23199987411499,4.23199987411499,29991200,29991200,29991200
2025-11-06 22:00:00,4.35699987411499,4.35699987411499,4.35699987411499,29991200,29991200,29991200
2025-11-07 22:00:00,4.315000057220459,4.315000057220459,4.315000057220459,29991200,29991200,29991200
2025-11-10 22:00:00,4.3379998207092285,4.3379998207092285,4.3379998207092285,29991200,29991200,29991200
2025-11-11 22:00:00,4.565000057220459,4.565000057220459,4.565000057220459,29991200,29991200,29991200
2025-11-12 22:00:00,4.5329999923706055,4.5329999923706055,4.5329999923706055,29991200,29991200,29991200
2025-11-13 22:00:00,4.645999908447266,4.645999908447266,4.645999908447266,29991200,29991200,29991200
2025-11-14 22:00:00,4.565999984741211,4.565999984741211,4.565999984741211,29991200,29991200,29991200
2025-11-17 22:00:00,4.361000061035156,4.361000061035156,4.361000061035156,29991200,29991200,29991200
2025-11-18 22:00:00,4.370999813079834,4.370999813079834,4.370999813079834,29991200,29991200,29991200
2025-11-19 22:00:00,4.550000190734863,4.550000190734863,4.550000190734863,29991200,29991200,29991200
2025-11-20 22:00:00,4.473999977111816,4.473999977111816,4.473999977111816,29991200,29991200,29991200
2025-11-21 22:00:00,4.579999923706055,4.579999923706055,4.579999923706055,29991200,29991200,29991200
2025-11-24 22:00:00,4.548999786376953,4.548999786376953,4.548999786376953,29991200,29991200,29991200
2025-11-25 22:00:00,4.423999786376953,4.423999786376953,4.423999786376953,29991200,29991200,29991200
2025-11-26 22:00:00,4.558000087738037,4.558000087738037,4.558000087738037,29991200,29991200,29991200
2025-11-28 22:00:00,4.849999904632568,4.849999904632568,4.849999904632568,29991200,29991200,29991200
2025-12-01 22:00:00,4.921000003814697,4.921000003814697,4.921000003814697,29991200,29991200,29991200
2025-12-02 22:00:00,4.840000152587891,4.840000152587891,4.840000152587891,29991200,29991200,29991200
2025-12-03 22:00:00,4.994999885559082,4.994999885559082,4.994999885559082,29991200,29991200,29991200
2025-12-04 22:00:00,5.063000202178955,5.063000202178955,5.063000202178955,29991200,29991200,29991200
2025-12-05 22:00:00,5.289000034332275,5.289000034332275,5.289000034332275,29991200,29991200,29991200
2025-12-08 22:00:00,4.912000179290772,4.912000179290772,4.912000179290772,29991200,29991200,29991200
2025-12-09 22:00:00,4.573999881744385,4.573999881744385,4.573999881744385,29991200,29991200,29991200
2025-12-10 22:00:00,4.59499979019165,4.59499979019165,4.59499979019165,29991200,29991200,29991200
2025-12-11 22:00:00,4.230999946594238,4.230999946594238,4.230999946594238,29991200,29991200,29991200
2025-12-12 22:00:00,4.11299991607666,4.11299991607666,4.11299991607666,29991200,29991200,29991200
2025-12-15 22:00:00,4.01200008392334,4.01200008392334,4.01200008392334,29991200,29991200,29991200
2025-12-16 22:00:00,3.885999917984009,3.885999917984009,3.885999917984009,29991200,29991200,29991200
2025-12-17 22:00:00,4.02400016784668,4.02400016784668,4.02400016784668,29991200,29991200,29991200
2025-12-18 22:00:00,3.9079999923706055,3.9079999923706055,3.9079999923706055,29991200,29991200,29991200
2025-12-19 22:00:00,3.983999967575073,3.983999967575073,3.983999967575073,29991200,29991200,29991200
2025-12-22 22:00:00,3.964999914169312,3.964999914169312,3.964999914169312,29991200,29991200,29991200
2025-12-23 22:00:00,4.4079999923706055,4.4079999923706055,4.4079999923706055,29991200,29991200,29991200
2025-12-24 22:00:00,4.242000102996826,4.242000102996826,4.242000102996826,29991200,29991200,29991200
2025-12-26 22:00:00,4.366000175476074,4.366000175476074,4.366000175476074,29991200,29991200,29991200
2025-12-29 22:00:00,4.686999797821045,4.686999797821045,4.686999797821045,29991200,29991200,29991200
2025-12-30 22:00:00,3.971999883651733,3.971999883651733,3.971999883651733,29991200,29991200,29991200
2025-12-31 22:00:00,3.686000108718872,3.686000108718872,3.686000108718872,29991200,29991200,29991200
2026-01-02 22:00:00,3.618000030517578,3.618000030517578,3.618000030517578,29991200,29991200,29991200
2026-01-05 22:00:00,3.5230000019073486,3.5230000019073486,3.5230000019073486,29991200,29991200,29991200
2026-01-06 22:00:00,3.3499999046325684,3.3499999046325684,3.3499999046325684,29991200,29991200,29991200
2026-01-07 22:00:00,3.525000095367432,3.525000095367432,3.525000095367432,29991200,29991200,29991200
2026-01-08 22:00:00,3.407000064849853,3.407000064849853,3.407000064849853,29991200,29991200,29991200
2026-01-09 22:00:00,3.1689999103546143,3.1689999103546143,3.1689999103546143,29991200,29991200,29991200
2026-01-12 22:00:00,3.4089999198913574,3.4089999198913574,3.4089999198913574,29991200,29991200,29991200
2026-01-13 22:00:00,3.4189999103546143,3.4189999103546143,3.4189999103546143,29991200,29991200,29991200
2026-01-14 22:00:00,3.119999885559082,3.119999885559082,3.119999885559082,29991200,29991200,29991200
2026-01-15 22:00:00,3.128000020980835,3.128000020980835,3.128000020980835,29991200,29991200,29991200
2026-01-16 22:00:00,3.102999925613404,3.102999925613404,3.102999925613404,29991200,29991200,29991200
2026-01-20 22:00:00,3.9070000648498535,3.9070000648498535,3.9070000648498535,29991200,29991200,29991200
2026-01-21 22:00:00,4.875,4.875,4.875,29991200,29991200,29991200
2026-01-22 22:00:00,5.045000076293945,5.045000076293945,5.045000076293945,29991200,29991200,29991200
2026-01-23 22:00:00,5.275000095367432,5.275000095367432,5.275000095367432,29991200,29991200,29991200
2026-01-26 22:00:00,6.800000190734863,6.800000190734863,6.800000190734863,29991200,29991200,29991200
2026-01-27 22:00:00,6.953999996185303,6.953999996185303,6.953999996185303,29991200,29991200,29991200
2026-01-28 22:00:00,7.460000038146973,7.460000038146973,7.460000038146973,29991200,29991200,29991200
2026-01-29 22:00:00,3.9179999828338623,3.9179999828338623,3.9179999828338623,29991200,29991200,29991200
2026-01-30 22:00:00,4.354000091552734,4.354000091552734,4.354000091552734,29991200,29991200,29991200
2026-02-02 22:00:00,3.236999988555908,3.236999988555908,3.236999988555908,29991200,29991200,29991200
2026-02-03 22:00:00,3.311000108718872,3.311000108718872,3.311000108718872,29991200,29991200,29991200
2026-02-04 22:00:00,3.4649999141693115,3.4649999141693115,3.4649999141693115,29991200,29991200,29991200
2026-02-05 22:00:00,3.509000062942505,3.509000062942505,3.509000062942505,29991200,29991200,29991200
2026-02-06 22:00:00,3.421999931335449,3.421999931335449,3.421999931335449,29991200,29991200,29991200
2026-02-09 22:00:00,3.138000011444092,3.138000011444092,3.138000011444092,29991200,29991200,29991200
2026-02-10 22:00:00,3.115000009536743,3.115000009536743,3.115000009536743,29991200,29991200,29991200
2026-02-11 22:00:00,3.1589999198913574,3.1589999198913574,3.1589999198913574,29991200,29991200,29991200
2026-02-12 22:00:00,3.2170000076293945,3.2170000076293945,3.2170000076293945,29991200,29991200,29991200
2026-02-13 22:00:00,3.243000030517578,3.243000030517578,3.243000030517578,29991200,29991200,29991200
2026-02-17 22:00:00,3.0309998989105225,3.0309998989105225,3.0309998989105225,29991200,29991200,29991200
2026-02-18 22:00:00,3.010999917984009,3.010999917984009,3.010999917984009,29991200,29991200,29991200
2026-02-19 22:00:00,2.996000051498413,2.996000051498413,2.996000051498413,29991200,29991200,29991200
2026-02-20 22:00:00,3.046999931335449,3.046999931335449,3.046999931335449,29991200,29991200,29991200
2026-02-23 22:00:00,2.984999895095825,2.984999895095825,2.984999895095825,29991200,29991200,29991200
2026-02-24 22:00:00,2.914999961853028,2.914999961853028,2.914999961853028,29991200,29991200,29991200
2026-02-25 22:00:00,2.969000101089477,2.969000101089477,2.969000101089477,29991200,29991200,29991200
2026-02-26 22:00:00,2.82699990272522,2.82699990272522,2.82699990272522,29991200,29991200,29991200
2026-02-27 22:00:00,2.858999967575073,2.858999967575073,2.858999967575073,29991200,29991200,29991200
2026-03-02 22:00:00,2.9600000381469727,2.9600000381469727,2.9600000381469727,29991200,29991200,29991200
2026-03-03 22:00:00,3.053999900817871,3.053999900817871,3.053999900817871,29991200,29991200,29991200
2026-03-04 22:00:00,2.9170000553131104,2.9170000553131104,2.9170000553131104,29991200,29991200,29991200
2026-03-05 22:00:00,3.003000020980835,3.003000020980835,3.003000020980835,29991200,29991200,29991200
2026-03-06 22:00:00,3.186000108718872,3.186000108718872,3.186000108718872,29991200,29991200,29991200
2026-03-09 22:00:00,3.119999885559082,3.119999885559082,3.119999885559082,29991200,29991200,29991200
2026-03-10 22:00:00,3.0199999809265137,3.0199999809265137,3.0199999809265137,29991200,29991200,29991200
2026-03-11 22:00:00,3.2090001106262207,3.2090001106262207,3.2090001106262207,29991200,29991200,29991200
2026-03-12 22:00:00,3.2330000400543213,3.2330000400543213,3.2330000400543213,29991200,29991200,29991200
2026-03-13 22:00:00,3.13100004196167,3.13100004196167,3.13100004196167,29991200,29991200,29991200
2026-03-16 22:00:00,3.0230000019073486,3.0230000019073486,3.0230000019073486,29991200,29991200,29991200
2026-03-17 22:00:00,3.032999992370605,3.032999992370605,3.032999992370605,29991200,29991200,29991200
2026-03-18 22:00:00,3.065000057220459,3.065000057220459,3.065000057220459,29991200,29991200,29991200
2026-03-19 22:00:00,3.16599988937378,3.16599988937378,3.16599988937378,29991200,29991200,29991200
2026-03-20 22:00:00,3.095000028610229,3.095000028610229,3.095000028610229,29991200,29991200,29991200
2026-03-23 22:00:00,2.8910000324249268,2.8910000324249268,2.8910000324249268,29991200,29991200,29991200
2026-03-24 22:00:00,2.943000078201294,2.943000078201294,2.943000078201294,29991200,29991200,29991200
2026-03-25 22:00:00,2.95199990272522,2.95199990272522,2.95199990272522,29991200,29991200,29991200
2026-03-26 22:00:00,2.999000072479248,2.999000072479248,2.999000072479248,29991200,29991200,29991200
2026-03-27 22:00:00,3.095000028610229,3.095000028610229,3.095000028610229,29991200,29991200,29991200
2026-03-30 22:00:00,2.88700008392334,2.88700008392334,2.88700008392334,29991200,29991200,29991200
2026-03-31 22:00:00,2.884000062942505,2.884000062942505,2.884000062942505,29991200,29991200,29991200
2026-04-01 22:00:00,2.819000005722046,2.819000005722046,2.819000005722046,29991200,29991200,29991200
2026-04-02 22:00:00,2.799999952316284,2.799999952316284,2.799999952316284,29991200,29991200,29991200
2026-04-06 22:00:00,2.811000108718872,2.811000108718872,2.811000108718872,29991200,29991200,29991200
2026-04-07 22:00:00,2.869999885559082,2.869999885559082,2.869999885559082,29991200,29991200,29991200
2026-04-08 22:00:00,2.7239999771118164,2.7239999771118164,2.7239999771118164,29991200,29991200,29991200
2026-04-09 22:00:00,2.6700000762939453,2.6700000762939453,2.6700000762939453,29991200,29991200,29991200
2026-04-10 22:00:00,2.6480000019073486,2.6480000019073486,2.6480000019073486,29991200,29991200,29991200
2026-04-13 22:00:00,2.627000093460083,2.627000093460083,2.627000093460083,29991200,29991200,29991200
2026-04-14 22:00:00,2.5989999771118164,2.5989999771118164,2.5989999771118164,29991200,29991200,29991200
2026-04-15 22:00:00,2.609999895095825,2.609999895095825,2.609999895095825,29991200,29991200,29991200
2026-04-16 22:00:00,2.6470000743865967,2.6470000743865967,2.6470000743865967,29991200,29991200,29991200
2026-04-17 22:00:00,2.674000024795532,2.674000024795532,2.674000024795532,29991200,29991200,29991200
2026-04-20 22:00:00,2.688999891281128,2.688999891281128,2.688999891281128,29991200,29991200,29991200
2026-04-21 22:00:00,2.697000026702881,2.697000026702881,2.697000026702881,29991200,29991200,29991200
2026-04-22 22:00:00,2.7219998836517334,2.7219998836517334,2.7219998836517334,29991200,29991200,29991200
2026-04-23 22:00:00,2.614000082015991,2.614000082015991,2.614000082015991,29991200,29991200,29991200
2026-04-24 22:00:00,2.5230000019073486,2.5230000019073486,2.5230000019073486,29991200,29991200,29991200
2026-04-27 22:00:00,2.549999952316284,2.549999952316284,2.549999952316284,29991200,29991200,29991200
2026-04-28 22:00:00,2.559000015258789,2.559000015258789,2.559000015258789,29991200,29991200,29991200
2026-04-29 22:00:00,2.6470000743865967,2.6470000743865967,2.6470000743865967,29991200,29991200,29991200
2026-04-30 22:00:00,2.7669999599456787,2.7669999599456787,2.7669999599456787,29991200,29991200,29991200
2026-05-01 22:00:00,2.7799999713897705,2.7799999713897705,2.7799999713897705,29991200,29991200,29991200
2026-05-04 22:00:00,2.867000102996826,2.867000102996826,2.867000102996826,29991200,29991200,29991200
2026-05-05 22:00:00,2.7880001068115234,2.7880001068115234,2.7880001068115234,29991200,29991200,29991200
2026-05-06 22:00:00,2.7300000190734863,2.7300000190734863,2.7300000190734863,29991200,29991200,29991200
2026-05-07 22:00:00,2.7690000534057617,2.7690000534057617,2.7690000534057617,29991200,29991200,29991200
2026-05-08 22:00:00,2.756999969482422,2.756999969482422,2.756999969482422,29991200,29991200,29991200
2026-05-11 22:00:00,2.9100000858306885,2.9100000858306885,2.9100000858306885,29991200,29991200,29991200
2026-05-12 22:00:00,2.8429999351501465,2.8429999351501465,2.8429999351501465,29991200,29991200,29991200
2026-05-13 22:00:00,2.864000082015991,2.864000082015991,2.864000082015991,29991200,29991200,29991200
2026-05-14 22:00:00,2.8940000534057617,2.8940000534057617,2.8940000534057617,29991200,29991200,29991200
2026-05-15 22:00:00,2.9600000381469727,2.9600000381469727,2.9600000381469727,29991200,29991200,29991200
2026-05-18 22:00:00,3.0239999294281006,3.0239999294281006,3.0239999294281006,29991200,29991200,29991200
2026-05-19 22:00:00,3.114000082015991,3.114000082015991,3.114000082015991,29991200,29991200,29991200
2026-05-20 22:00:00,3.003999948501587,3.003999948501587,3.003999948501587,29991200,29991200,29991200
2026-05-21 22:00:00,3.0179998874664307,3.0179998874664307,3.0179998874664307,29991200,29991200,29991200
2026-05-22 22:00:00,2.907000064849853,2.907000064849853,2.907000064849853,29991200,29991200,29991200
2026-05-26 22:00:00,2.8940000534057617,2.8940000534057617,2.8940000534057617,29991200,29991200,29991200
2026-05-27 22:00:00,3.039999961853028,3.039999961853028,3.039999961853028,29991200,29991200,29991200
2026-05-28 22:00:00,3.2850000858306885,3.2850000858306885,3.2850000858306885,29991200,29991200,29991200
2026-05-29 22:00:00,3.289999961853028,3.289999961853028,3.289999961853028,29991200,29991200,29991200
2026-06-01 22:00:00,3.178999900817871,3.178999900817871,3.178999900817871,29991200,29991200,29991200
2026-06-02 22:00:00,3.1670000553131104,3.1670000553131104,3.1670000553131104,29991200,29991200,29991200
2026-06-03 22:00:00,3.21399998664856,3.21399998664856,3.21399998664856,29991200,29991200,29991200
2026-06-04 22:00:00,3.3359999656677246,3.3359999656677246,3.3359999656677246,29991200,29991200,29991200
2026-06-05 22:00:00,3.2290000915527344,3.2290000915527344,3.2290000915527344,29991200,29991200,29991200
2026-06-08 22:00:00,3.1470000743865967,3.1470000743865967,3.1470000743865967,29991200,29991200,29991200
2026-06-09 22:00:00,3.140000104904175,3.140000104904175,3.140000104904175,29991200,29991200,29991200
2026-06-10 22:00:00,3.184999942779541,3.184999942779541,3.184999942779541,29991200,29991200,29991200
2026-06-11 22:00:00,3.086999893188477,3.086999893188477,3.086999893188477,29991200,29991200,29991200
2026-06-12 22:00:00,3.119999885559082,3.119999885559082,3.119999885559082,29991200,29991200,29991200
2026-06-15 22:00:00,3.1470000743865967,3.1470000743865967,3.1470000743865967,29991200,29991200,29991200
2026-06-16 22:00:00,3.239000082015991,3.239000082015991,3.239000082015991,29991200,29991200,29991200
2026-06-17 22:00:00,3.1449999809265137,3.1449999809265137,3.1449999809265137,29991200,29991200,29991200
2026-06-18 22:00:00,3.2330000400543213,3.2330000400543213,3.2330000400543213,29991200,29991200,29991200
2026-06-22 22:00:00,3.253000020980835,3.253000020980835,3.253000020980835,29991200,29991200,29991200
2026-06-23 22:00:00,3.1470000743865967,3.1470000743865967,3.1470000743865967,29991200,29991200,29991200
2026-06-24 22:00:00,3.220999956130981,3.220999956130981,3.220999956130981,29991200,29991200,29991200
2026-06-25 22:00:00,3.3429999351501465,3.3429999351501465,3.3429999351501465,29991200,29991200,29991200
2026-06-26 22:00:00,3.2309999465942383,3.2309999465942383,3.2309999465942383,29991200,29991200,29991200
2026-06-29 22:00:00,3.180999994277954,3.180999994277954,3.180999994277954,29991200,29991200,29991200
2026-06-30 22:00:00,3.275000095367432,3.275000095367432,3.275000095367432,29991200,29991200,29991200
2026-07-01 22:00:00,3.220000028610229,3.220000028610229,3.220000028610229,29991200,29991200,29991200
2026-07-02 22:00:00,3.196000099182129,3.196000099182129,3.196000099182129,29991200,29991200,29991200
2026-07-06 22:00:00,3.244999885559082,3.244999885559082,3.244999885559082,29991200,29991200,29991200
2026-07-07 22:00:00,3.265000104904175,3.265000104904175,3.265000104904175,29991200,29991200,29991200
2026-07-08 22:00:00,3.211999893188477,3.211999893188477,3.211999893188477,29991200,29991200,29991200
2026-07-09 22:00:00,3.01200008392334,3.01200008392334,3.01200008392334,29991200,29991200,29991200
2026-07-10 22:00:00,2.940000057220459,2.940000057220459,2.940000057220459,29991200,29991200,29991200
2026-07-13 22:00:00,2.8970000743865967,2.8970000743865967,2.8970000743865967,29991200,29991200,29991200
2026-07-14 22:00:00,2.9040000438690186,2.9040000438690186,2.9040000438690186,29991200,29991200,29991200
2026-07-15 22:00:00,2.924000024795532,2.924000024795532,2.924000024795532,29991200,29991200,29991200
2026-07-16 22:00:00,2.8580000400543213,2.8580000400543213,2.8580000400543213,29991200,29991200,29991200
2026-07-17 22:00:00,2.9110000133514404,2.9110000133514404,2.9110000133514404,29991200,29991200,29991200
2026-07-20 22:00:00,2.859999895095825,2.859999895095825,2.859999895095825,29991200,29991200,29991200
2026-07-21 22:00:00,2.865000009536743,2.865000009536743,2.865000009536743,29991200,29991200,29991200
2026-07-22 22:00:00,2.924999952316284,2.924999952316284,2.924999952316284,29991200,29991200,29991200
2026-07-23 22:00:00,2.91599988937378,2.91599988937378,2.91599988937378,29991200,29991200,29991200
2026-07-24 22:00:00,2.871000051498413,2.871000051498413,2.871000051498413,29991200,29991200,29991200
2026-07-27 22:00:00,2.7669999599456787,2.7669999599456787,2.7669999599456787,29991200,29991200,29991200
2026-07-28 22:00:00,2.6619999408721924,2.6619999408721924,2.6619999408721924,29991200,29991200,29991200
2026-07-29 22:00:00,2.7249999046325684,2.7249999046325684,2.7249999046325684,29991200,29991200,29991200
2026-07-30 22:00:00,2.757999897003174,2.757999897003174,2.757999897003174,29991200,29991200,29991200
2026-07-31 22:00:00,2.746999979019165,2.746999979019165,2.746999979019165,29991200,29991200,29991200
2026-08-03 22:00:00,2.7809998989105225,2.7809998989105225,2.7809998989105225,29991200,29991200,29991200
2026-08-04 22:00:00,2.681999921798706,2.681999921798706,2.681999921798706,29991200,29991200,29991200
2026-08-05 22:00:00,2.687999963760376,2.687999963760376,2.687999963760376,29991200,29991200,29991200
2026-08-06 22:00:00,2.640000104904175,2.640000104904175,2.640000104904175,29991200,29991200,29991200
2026-08-07 22:00:00,2.6619999408721924,2.6619999408721924,2.6619999408721924,29991200,29991200,29991200
2026-08-10 22:00:00,2.7939999103546143,2.7939999103546143,2.7939999103546143,29991200,29991200,29991200
2026-08-11 22:00:00,2.7669999599456787,2.7669999599456787,2.7669999599456787,29991200,29991200,29991200
2026-08-12 22:00:00,2.803999900817871,2.803999900817871,2.803999900817871,29991200,29991200,29991200
2026-08-13 22:00:00,2.726999998092652,2.726999998092652,2.726999998092652,29991200,29991200,29991200
2026-08-14 22:00:00,2.7330000400543213,2.7330000400543213,2.7330000400543213,29991200,29991200,29991200
2026-08-17 22:00:00,2.690000057220459,2.690000057220459,2.690000057220459,29991200,29991200,29991200
2026-08-18 22:00:00,2.776000022888184,2.776000022888184,2.776000022888184,29991200,29991200,29991200
2026-08-19 22:00:00,2.813999891281128,2.813999891281128,2.813999891281128,29991200,29991200,29991200
2026-08-20 22:00:00,2.7330000400543213,2.7330000400543213,2.7330000400543213,29991200,29991200,29991200
2026-08-21 22:00:00,2.7730000019073486,2.7730000019073486,2.7730000019073486,29991200,29991200,29991200
