DATETIME,price
1984-01-03 22:00:00,0.8973314270401959
1984-01-04 22:00:00,0.8973314270401959
1984-01-05 22:00:00,0.8993310513901461
1984-01-06 22:00:00,0.9093291731398977
1984-01-09 22:00:00,0.9106289289673655
1984-01-10 22:00:00,0.9085293233999175
1984-01-11 22:00:00,0.9011307133051014
1984-01-12 22:00:00,0.9033303000900468
1984-01-13 22:00:00,0.9073295487899473
1984-01-16 22:00:00,0.905329924439997
1984-01-17 22:00:00,0.9028303940025593
1984-01-18 22:00:00,0.9003308635651213
1984-01-19 22:00:00,0.9006308072176139
1984-01-20 22:00:00,0.9020305442625791
1984-01-23 22:00:00,0.9033303000900468
1984-01-24 22:00:00,0.905329924439997
1984-01-25 22:00:00,0.9083293609649224
1984-01-26 22:00:00,0.9108288914023605
1984-01-27 22:00:00,0.915627989842241
1984-01-30 22:00:00,0.9170277268872064
1984-01-31 22:00:00,0.9170277268872064
1984-02-01 22:00:00,0.9208270131521119
1984-02-02 22:00:00,0.9230265999370573
1984-02-03 22:00:00,0.9213269192395994
1984-02-06 22:00:00,0.9213269192395994
1984-02-07 22:00:00,0.921626862892092
1984-02-08 22:00:00,0.9276257359419429
1984-02-09 22:00:00,0.931325040989351
1984-02-10 22:00:00,0.9301252663793808
1984-02-14 22:00:00,0.9345244399492714
1984-02-15 22:00:00,0.9388236323016645
1984-02-16 22:00:00,0.9440226556115354
1984-02-17 22:00:00,0.9452224302215055
1984-02-21 22:00:00,0.9398234444766397
1984-02-22 22:00:00,0.9413231627391024
1984-02-23 22:00:00,0.9441226368290329
1984-02-24 22:00:00,0.9433227870890527
1984-02-27 22:00:00,0.9426229185665701
1984-02-28 22:00:00,0.9439226743940379
1984-02-29 22:00:00,0.9433227870890527
1984-03-01 22:00:00,0.9440226556115354
1984-03-02 22:00:00,0.9437227119590428
1984-03-05 22:00:00,0.9548206271012669
1984-03-06 22:00:00,0.9551205707537596
1984-03-07 22:00:00,0.9538208149262918
1984-03-08 22:00:00,0.9527210215338191
1984-03-09 22:00:00,0.9540207773612869
1984-03-12 22:00:00,0.955020589536262
1984-03-13 22:00:00,0.9628191245010681
1984-03-14 22:00:00,0.9646187864160234
1984-03-15 22:00:00,0.9638189366760432
1984-03-16 22:00:00,0.9633190305885557
1984-03-19 22:00:00,0.955220551971257
1984-03-20 22:00:00,0.9563203453637297
1984-03-21 22:00:00,0.9508213784013663
1984-03-22 22:00:00,0.9403233505641273
1984-03-23 22:00:00,0.94182306882659
1984-03-26 22:00:00,0.9518211905763414
1984-03-27 22:00:00,0.9483218479639285
1984-03-28 22:00:00,0.9376238576916943
1984-03-29 22:00:00,0.938523688649172
1984-03-30 22:00:00,0.9360241582117341
1984-04-02 22:00:00,0.9378238201266894
1984-04-03 22:00:00,0.9403233505641273
1984-04-04 22:00:00,0.9401233881291323
1984-04-05 22:00:00,0.927825698376938
1984-04-06 22:00:00,0.9206270507171168
1984-04-09 22:00:00,0.9128285157523107
1984-04-10 22:00:00,0.918327482714674
1984-04-11 22:00:00,0.9263259801144752
1984-04-12 22:00:00,0.9186274263671665
1984-04-13 22:00:00,0.9175276329746939
1984-04-16 22:00:00,0.9173276705396989
1984-04-17 22:00:00,0.9206270507171168
1984-04-18 22:00:00,0.9220267877620821
1984-04-19 22:00:00,0.9219268065445846
1984-04-20 22:00:00,0.9223267314145746
1984-04-23 22:00:00,0.921826825327087
1984-04-24 22:00:00,0.9178275766271865
1984-04-25 22:00:00,0.9193272948896491
1984-04-26 22:00:00,0.9193272948896491
1984-04-27 22:00:00,0.9188273888021616
1984-04-30 22:00:00,0.9188273888021616
1984-05-01 22:00:00,0.9233265435895498
1984-05-02 22:00:00,0.9285255668994205
1984-05-03 22:00:00,0.9328247592518137
1984-05-04 22:00:00,0.9261260176794802
1984-05-07 22:00:00,0.914828140102261
1984-05-08 22:00:00,0.9110288538373554
1984-05-09 22:00:00,0.9100290416623803
1984-05-10 22:00:00,0.9032303188725492
1984-05-11 22:00:00,0.9004308447826188
1984-05-14 22:00:00,0.8953318026902456
1984-05-15 22:00:00,0.8988311453026586
1984-05-16 22:00:00,0.9031303376550518
1984-05-17 22:00:00,0.8978313331276835
1984-05-18 22:00:00,0.8939320656452804
1984-05-21 22:00:00,0.8956317463427382
1984-05-22 22:00:00,0.897931314345181
1984-05-23 22:00:00,0.9033303000900468
1984-05-24 22:00:00,0.9013306757400965
1984-05-25 22:00:00,0.8978313331276835
1984-05-29 22:00:00,0.8985312016501661
1984-05-30 22:00:00,0.8984312204326685
1984-05-31 22:00:00,0.8988311453026586
1984-06-01 22:00:00,0.9031303376550518
1984-06-04 22:00:00,0.9033303000900468
1984-06-05 22:00:00,0.8935321407752904
1984-06-06 22:00:00,0.8970314833877033
1984-06-07 22:00:00,0.8958317087777332
1984-06-08 22:00:00,0.8968315209527083
1984-06-11 22:00:00,0.8966315585177134
1984-06-12 22:00:00,0.8935321407752904
1984-06-13 22:00:00,0.8921324037303251
1984-06-14 22:00:00,0.8918324600778326
1984-06-15 22:00:00,0.885333680940494
1984-06-18 22:00:00,0.8818343383280811
1984-06-19 22:00:00,0.8831340941555488
1984-06-20 22:00:00,0.8753355591907426
1984-06-21 22:00:00,0.8683368739659166
1984-06-22 22:00:00,0.8683368739659166
1984-06-25 22:00:00,0.854839409603752
1984-06-26 22:00:00,0.860838282653603
1984-06-27 22:00:00,0.8603383765661154
1984-06-28 22:00:00,0.8666371932684589
1984-06-29 22:00:00,0.8613381887410906
1984-07-02 22:00:00,0.85813878978117
1984-07-03 22:00:00,0.8615381511760856
1984-07-05 22:00:00,0.8468409122039509
1984-07-06 22:00:00,0.8418418513290751
1984-07-09 22:00:00,0.8300440676643684
1984-07-10 22:00:00,0.8358429782792243
1984-07-11 22:00:00,0.8318437295793236
1984-07-12 22:00:00,0.8288442930543982
1984-07-13 22:00:00,0.8353430721917366
1984-07-16 22:00:00,0.837342696541687
1984-07-17 22:00:00,0.8308439174043485
1984-07-18 22:00:00,0.8255449128769802
1984-07-19 22:00:00,0.8298441052293734
1984-07-20 22:00:00,0.8271446123569405
1984-07-23 22:00:00,0.8186462088696517
1984-07-24 22:00:00,0.8253449504419852
1984-07-25 22:00:00,0.8337433727117765
1984-07-26 22:00:00,0.8328435417542988
1984-07-27 22:00:00,0.827844480879423
1984-07-30 22:00:00,0.8288442930543982
1984-07-31 22:00:00,0.8263447626169603
1984-08-01 22:00:00,0.8313438234918361
1984-08-02 22:00:00,0.8361429219317168
1984-08-03 22:00:00,0.8428416635040502
1984-08-06 22:00:00,0.8410420015890949
1984-08-07 22:00:00,0.8408420391540999
1984-08-08 22:00:00,0.8425417198515578
1984-08-09 22:00:00,0.840642076719105
1984-08-10 22:00:00,0.8428416635040502
1984-08-13 22:00:00,0.8413419452415876
1984-08-14 22:00:00,0.8418418513290751
1984-08-15 22:00:00,0.8443413817665131
1984-08-16 22:00:00,0.855039372038747
1984-08-17 22:00:00,0.8523398791663143
1984-08-20 22:00:00,0.8555392781262346
1984-08-21 22:00:00,0.8526398228188068
1984-08-22 22:00:00,0.8543395035162645
1984-08-23 22:00:00,0.8568390339537023
1984-08-24 22:00:00,0.8553393156912397
1984-08-27 22:00:00,0.855039372038747
1984-08-28 22:00:00,0.8510401233388465
1984-08-29 22:00:00,0.8533396913412894
1984-08-30 22:00:00,0.8488405365539011
1984-08-31 22:00:00,0.8486405741189061
1984-09-04 22:00:00,0.8393423208916373
1984-09-05 22:00:00,0.8268446687044478
1984-09-06 22:00:00,0.8333434478417864
1984-09-07 22:00:00,0.827844480879423
1984-09-10 22:00:00,0.8298441052293734
1984-09-11 22:00:00,0.8333434478417864
1984-09-12 22:00:00,0.8329435229717963
1984-09-13 22:00:00,0.830344011316861
1984-09-14 22:00:00,0.8313438234918361
1984-09-17 22:00:00,0.8257448753119753
1984-09-18 22:00:00,0.8273445747919355
1984-09-19 22:00:00,0.8292442179243883
1984-09-20 22:00:00,0.8263447626169603
1984-09-21 22:00:00,0.8328435417542988
1984-09-24 22:00:00,0.8323436356668112
1984-09-25 22:00:00,0.8291442367068907
1984-09-26 22:00:00,0.8302440300993634
1984-09-27 22:00:00,0.8343432600167615
1984-09-28 22:00:00,0.8288442930543982
1984-10-01 22:00:00,0.8318437295793236
1984-10-02 22:00:00,0.8318437295793236
1984-10-03 22:00:00,0.8335434102767814
1984-10-04 22:00:00,0.8321436732318163
1984-10-05 22:00:00,0.8328435417542988
1984-10-09 22:00:00,0.8328435417542988
1984-10-10 22:00:00,0.8307439361868509
1984-10-11 22:00:00,0.8309438986218459
1984-10-12 22:00:00,0.8313438234918361
1984-10-15 22:00:00,0.8291442367068907
1984-10-16 22:00:00,0.8290442554893933
1984-10-17 22:00:00,0.8307439361868509
1984-10-18 22:00:00,0.8312438422743386
1984-10-19 22:00:00,0.8334434290592839
1984-10-22 22:00:00,0.8343432600167615
1984-10-23 22:00:00,0.8368427904541994
1984-10-24 22:00:00,0.8488405365539011
1984-10-25 22:00:00,0.8494404238588863
1984-10-26 22:00:00,0.847840724378926
1984-10-29 22:00:00,0.8414419264590851
1984-10-30 22:00:00,0.8465409685514583
1984-10-31 22:00:00,0.8500403111638714
1984-11-01 22:00:00,0.8558392217787272
1984-11-02 22:00:00,0.8582387709986676
1984-11-05 22:00:00,0.8618380948285781
1984-11-07 22:00:00,0.8631378506560458
1984-11-08 22:00:00,0.8638377191785284
1984-11-09 22:00:00,0.8598384704786278
1984-11-13 22:00:00,0.8634377943085384
1984-11-14 22:00:00,0.860638320218608
1984-11-15 22:00:00,0.8588386583036527
1984-11-16 22:00:00,0.8597384892611303
1984-11-19 22:00:00,0.85773886491118
1984-11-20 22:00:00,0.8562391466487174
1984-11-21 22:00:00,0.8531397289062943
1984-11-23 22:00:00,0.8566390715187073
1984-11-26 22:00:00,0.8531397289062943
1984-11-27 22:00:00,0.8563391278662148
1984-11-28 22:00:00,0.8587386770861551
1984-11-29 22:00:00,0.8605383390011104
1984-11-30 22:00:00,0.8570389963886974
1984-12-03 22:00:00,0.8540395598637719
1984-12-04 22:00:00,0.8553393156912397
1984-12-05 22:00:00,0.8543395035162645
1984-12-06 22:00:00,0.8518399730788266
1984-12-07 22:00:00,0.8486405741189061
1984-12-10 22:00:00,0.8413419452415876
1984-12-11 22:00:00,0.8434415508090354
1984-12-12 22:00:00,0.8461410436814684
1984-12-13 22:00:00,0.8419418325465726
1984-12-14 22:00:00,0.8363428843667119
1984-12-17 22:00:00,0.8385424711516571
1984-12-18 22:00:00,0.8358429782792243
1984-12-19 22:00:00,0.8324436168843088
1984-12-20 22:00:00,0.8316437671443286
1984-12-21 22:00:00,0.8335434102767814
1984-12-24 22:00:00,0.8363428843667119
1984-12-26 22:00:00,0.8333434478417864
1984-12-27 22:00:00,0.8288442930543982
1984-12-28 22:00:00,0.8281444245319156
1984-12-31 22:00:00,0.8248450443544976
1985-01-02 22:00:00,0.8162466596497113
1985-01-03 22:00:00,0.8147469413872486
1985-01-04 22:00:00,0.8121474297323132
1985-01-07 22:00:00,0.8040489511150145
1985-01-08 22:00:00,0.8116475236448256
1985-01-09 22:00:00,0.8143470165172586
1985-01-10 22:00:00,0.8183462652171591
1985-01-11 22:00:00,0.8218456078295722
1985-01-14 22:00:00,0.816946528172194
1985-01-15 22:00:00,0.8149469038222437
1985-01-16 22:00:00,0.8182462839996617
1985-01-17 22:00:00,0.8180463215646666
1985-01-18 22:00:00,0.814646960169751
1985-01-22 22:00:00,0.8131472419072884
1985-01-23 22:00:00,0.8111476175573381
1985-01-24 22:00:00,0.8156467723447263
1985-01-25 22:00:00,0.8153468286922337
1985-01-28 22:00:00,0.8160466972147163
1985-01-29 22:00:00,0.8158467347797212
1985-01-30 22:00:00,0.8160466972147163
1985-01-31 22:00:00,0.8136471479947759
1985-02-01 22:00:00,0.8080481998149152
1985-02-04 22:00:00,0.7931509984077854
1985-02-05 22:00:00,0.7783537782181532
1985-02-06 22:00:00,0.780453383785601
1985-02-07 22:00:00,0.7578576286311627
1985-02-08 22:00:00,0.7698553747308644
1985-02-11 22:00:00,0.7585574971536453
1985-02-13 22:00:00,0.7368615729566845
1985-02-14 22:00:00,0.7457599013139634
1985-02-15 22:00:00,0.7378613851316597
1985-02-19 22:00:00,0.6768728424581757
1985-02-20 22:00:00,0.6818719033330514
1985-02-21 22:00:00,0.7173652355446691
1985-02-22 22:00:00,0.7038677711825045
1985-02-25 22:00:00,0.6938696494327531
1985-02-26 22:00:00,0.7028679590075294
1985-02-27 22:00:00,0.7168653294571815
1985-02-28 22:00:00,0.7098666442323555
1985-03-01 22:00:00,0.7083669259698928
1985-03-04 22:00:00,0.703367865095017
1985-03-05 22:00:00,0.6913701189953153
1985-03-06 22:00:00,0.6810720535930713
1985-03-07 22:00:00,0.6905702692553352
1985-03-08 22:00:00,0.6898704007328526
1985-03-11 22:00:00,0.7028679590075294
1985-03-12 22:00:00,0.6958692737827034
1985-03-13 22:00:00,0.6943695555202407
1985-03-14 22:00:00,0.6900703631678476
1985-03-15 22:00:00,0.6886706261228823
1985-03-18 22:00:00,0.6918700250828028
1985-03-19 22:00:00,0.6973689920451662
1985-03-20 22:00:00,0.6948694616077282
1985-03-21 22:00:00,0.7058673955324549
1985-03-22 22:00:00,0.699868522482604
1985-03-25 22:00:00,0.696369179870191
1985-03-26 22:00:00,0.6988687103076289
1985-03-27 22:00:00,0.709366738144868
1985-03-28 22:00:00,0.7028679590075294
1985-03-29 22:00:00,0.699868522482604
1985-04-01 22:00:00,0.6768728424581757
1985-04-02 22:00:00,0.6743733120207377
1985-04-03 22:00:00,0.6598760354835981
1985-04-04 22:00:00,0.6498779137338466
1985-04-05 22:00:00,0.6518775380837969
1985-04-08 22:00:00,0.6523774441712844
1985-04-09 22:00:00,0.6673746267959116
1985-04-10 22:00:00,0.6703740633208372
1985-04-11 22:00:00,0.6723736876707874
1985-04-12 22:00:00,0.669374251145862
1985-04-15 22:00:00,0.6698741572333496
1985-04-16 22:00:00,0.665874908533449
1985-04-17 22:00:00,0.6413795102465578
1985-04-18 22:00:00,0.6468784772089212
1985-04-19 22:00:00,0.6438790406839957
1985-04-22 22:00:00,0.6333810128467566
1985-04-23 22:00:00,0.6418794163340454
1985-04-24 22:00:00,0.6578764111336478
1985-04-25 22:00:00,0.672873593758275
1985-04-26 22:00:00,0.6648750963584739
1985-04-29 22:00:00,0.6543770685212348
1985-04-30 22:00:00,0.6443789467714832
1985-05-01 22:00:00,0.6458786650339461
1985-05-02 22:00:00,0.652877350258772
1985-05-03 22:00:00,0.6598760354835981
1985-05-06 22:00:00,0.6638752841834987
1985-05-07 22:00:00,0.6703740633208372
1985-05-08 22:00:00,0.682571771855534
1985-05-09 22:00:00,0.6913701189953153
1985-05-10 22:00:00,0.6923699311702904
1985-05-13 22:00:00,0.6978688981326537
1985-05-14 22:00:00,0.6918700250828028
1985-05-15 22:00:00,0.6861710956854445
1985-05-16 22:00:00,0.678872466808126
1985-05-17 22:00:00,0.6836715652480065
1985-05-20 22:00:00,0.6948694616077282
1985-05-21 22:00:00,0.6903703068203402
1985-05-22 22:00:00,0.6918700250828028
1985-05-23 22:00:00,0.6778726546331508
1985-05-24 22:00:00,0.6813719972455637
1985-05-28 22:00:00,0.6633753780960111
1985-05-29 22:00:00,0.6638752841834987
1985-05-30 22:00:00,0.6631754156610161
1985-05-31 22:00:00,0.6630754344435186
1985-06-03 22:00:00,0.6633753780960111
1985-06-04 22:00:00,0.6618756598335485
1985-06-05 22:00:00,0.6583763172211353
1985-06-06 22:00:00,0.6618756598335485
1985-06-07 22:00:00,0.6641752278359913
1985-06-10 22:00:00,0.6616756973985534
1985-06-11 22:00:00,0.6641752278359913
1985-06-12 22:00:00,0.6703740633208372
1985-06-13 22:00:00,0.6648750963584739
1985-06-14 22:00:00,0.665874908533449
1985-06-17 22:00:00,0.6640752466184937
1985-06-18 22:00:00,0.665874908533449
1985-06-19 22:00:00,0.6671746643609167
1985-06-20 22:00:00,0.6646751339234788
1985-06-21 22:00:00,0.6653750024459614
1985-06-24 22:00:00,0.6643751902709862
1985-06-25 22:00:00,0.6663748146209365
1985-06-26 22:00:00,0.6701741008858422
1985-06-27 22:00:00,0.6663748146209365
1985-06-28 22:00:00,0.6683744389708869
1985-07-01 22:00:00,0.6676745704484042
1985-07-02 22:00:00,0.666074870968444
1985-07-03 22:00:00,0.6686743826233793
1985-07-05 22:00:00,0.6748732181082253
1985-07-08 22:00:00,0.6786725043731309
1985-07-09 22:00:00,0.6818719033330514
1985-07-10 22:00:00,0.6916700626478078
1985-07-11 22:00:00,0.7008683346575791
1985-07-12 22:00:00,0.7002684473525941
1985-07-15 22:00:00,0.7046676209224847
1985-07-16 22:00:00,0.7096666817973605
1985-07-17 22:00:00,0.7136659304972611
1985-07-18 22:00:00,0.7125661371047884
1985-07-19 22:00:00,0.716365423369694
1985-07-22 22:00:00,0.7118662685823058
1985-07-23 22:00:00,0.7146657426722363
1985-07-24 22:00:00,0.7063673016199425
1985-07-25 22:00:00,0.7073671137949177
1985-07-26 22:00:00,0.7068672077074301
1985-07-29 22:00:00,0.7185650101546394
1985-07-30 22:00:00,0.7108664564073306
1985-07-31 22:00:00,0.7224642776370425
1985-08-01 22:00:00,0.7158655172822064
1985-08-02 22:00:00,0.7173652355446691
1985-08-05 22:00:00,0.7183650477196443
1985-08-06 22:00:00,0.7113663624948182
1985-08-07 22:00:00,0.7053674894449674
1985-08-08 22:00:00,0.7043676772699923
1985-08-09 22:00:00,0.7078670198824052
1985-08-12 22:00:00,0.7151656487597239
1985-08-13 22:00:00,0.7123661746697935
1985-08-14 22:00:00,0.7050675457924749
1985-08-15 22:00:00,0.696369179870191
1985-08-16 22:00:00,0.7026679965725344
1985-08-19 22:00:00,0.7058673955324549
1985-08-20 22:00:00,0.7088668320573803
1985-08-21 22:00:00,0.7063673016199425
1985-08-22 22:00:00,0.7058673955324549
1985-08-23 22:00:00,0.7038677711825045
1985-08-26 22:00:00,0.7023680529200419
1985-08-27 22:00:00,0.6988687103076289
1985-08-28 22:00:00,0.7028679590075294
1985-08-29 22:00:00,0.7028679590075294
1985-08-30 22:00:00,0.7013682407450668
1985-09-03 22:00:00,0.6868709642079271
1985-09-04 22:00:00,0.6843714337704893
1985-09-05 22:00:00,0.6896704382978575
1985-09-06 22:00:00,0.6841714713354943
1985-09-09 22:00:00,0.6673746267959116
1985-09-10 22:00:00,0.6745732744557328
1985-09-11 22:00:00,0.6718737815832999
1985-09-12 22:00:00,0.6727736125407776
1985-09-13 22:00:00,0.6778726546331508
1985-09-16 22:00:00,0.6803721850705886
1985-09-17 22:00:00,0.682571771855534
1985-09-18 22:00:00,0.6818719033330514
1985-09-19 22:00:00,0.6813719972455637
1985-09-20 22:00:00,0.6983688042201414
1985-09-23 22:00:00,0.703367865095017
1985-09-24 22:00:00,0.7068672077074301
1985-09-25 22:00:00,0.712866080757281
1985-09-26 22:00:00,0.7193648598946195
1985-09-27 22:00:00,0.7108664564073306
1985-09-30 22:00:00,0.7018681468325543
1985-10-01 22:00:00,0.7108664564073306
1985-10-02 22:00:00,0.7090667944923754
1985-10-03 22:00:00,0.7118662685823058
1985-10-04 22:00:00,0.7075670762299127
1985-10-07 22:00:00,0.7036678087475096
1985-10-08 22:00:00,0.703367865095017
1985-10-09 22:00:00,0.6960692362176986
1985-10-10 22:00:00,0.7020681092675494
1985-10-11 22:00:00,0.703167902660022
1985-10-15 22:00:00,0.699868522482604
1985-10-16 22:00:00,0.6988687103076289
1985-10-17 22:00:00,0.702967940225027
1985-10-18 22:00:00,0.7045676397049873
1985-10-21 22:00:00,0.7028679590075294
1985-10-22 22:00:00,0.7011682783100718
1985-10-23 22:00:00,0.696369179870191
1985-10-24 22:00:00,0.6985687666551363
1985-10-25 22:00:00,0.699068672742624
1985-10-28 22:00:00,0.699868522482604
1985-10-29 22:00:00,0.6995685788301115
1985-10-30 22:00:00,0.7008683346575791
1985-10-31 22:00:00,0.6988687103076289
1985-11-01 22:00:00,0.6973689920451662
1985-11-04 22:00:00,0.6828717155080266
1985-11-05 22:00:00,0.6681744765358918
1985-11-06 22:00:00,0.6613757537460608
1985-11-07 22:00:00,0.6643751902709862
1985-11-08 22:00:00,0.672873593758275
1985-11-12 22:00:00,0.6608758476585733
1985-11-13 22:00:00,0.6630754344435186
1985-11-14 22:00:00,0.6696741947983545
1985-11-15 22:00:00,0.672873593758275
1985-11-18 22:00:00,0.6733734998457626
1985-11-19 22:00:00,0.6768728424581757
1985-11-20 22:00:00,0.6785725231556333
1985-11-21 22:00:00,0.6820718657680465
1985-11-22 22:00:00,0.6881707200353948
1985-11-25 22:00:00,0.6914701002128127
1985-11-26 22:00:00,0.6911701565603203
1985-11-27 22:00:00,0.6874708515129122
1985-11-29 22:00:00,0.6857711708154544
1985-12-02 22:00:00,0.6758730302832006
1985-12-03 22:00:00,0.6768728424581757
1985-12-04 22:00:00,0.6806721287230811
1985-12-05 22:00:00,0.6813719972455637
1985-12-06 22:00:00,0.6808720911580762
1985-12-09 22:00:00,0.6784725419381359
1985-12-10 22:00:00,0.6783725607206383
1985-12-11 22:00:00,0.6838715276830017
1985-12-12 22:00:00,0.6845713962054842
1985-12-13 22:00:00,0.6851712835104694
1985-12-16 22:00:00,0.6824717906380364
1985-12-17 22:00:00,0.679672316548106
1985-12-18 22:00:00,0.679472354113111
1985-12-19 22:00:00,0.6826717530730314
1985-12-20 22:00:00,0.682571771855534
1985-12-23 22:00:00,0.6798722789831011
1985-12-24 22:00:00,0.6818719033330514
1985-12-26 22:00:00,0.6818719033330514
1985-12-27 22:00:00,0.6820718657680465
1985-12-30 22:00:00,0.6808720911580762
1985-12-31 22:00:00,0.6816719408980563
1986-01-02 22:00:00,0.6818719033330514
1986-01-03 22:00:00,0.6808720911580762
1986-01-06 22:00:00,0.6805721475055836
1986-01-07 22:00:00,0.6883706824703898
1986-01-08 22:00:00,0.6884706636878873
1986-01-09 22:00:00,0.696369179870191
1986-01-10 22:00:00,0.6954693489127134
1986-01-13 22:00:00,0.6936696869977581
1986-01-14 22:00:00,0.6909701941253252
1986-01-15 22:00:00,0.6933697433452656
1986-01-16 22:00:00,0.7013682407450668
1986-01-17 22:00:00,0.6986687478726339
1986-01-21 22:00:00,0.7001684661350966
1986-01-22 22:00:00,0.7119662497998033
1986-01-23 22:00:00,0.713465968062266
1986-01-24 22:00:00,0.7113663624948182
1986-01-27 22:00:00,0.7126661183222859
1986-01-28 22:00:00,0.7141658365847487
1986-01-29 22:00:00,0.7149656863247288
1986-01-30 22:00:00,0.7148657051072312
1986-01-31 22:00:00,0.7136659304972611
1986-02-03 22:00:00,0.7046676209224847
1986-02-04 22:00:00,0.6925698936052854
1986-02-05 22:00:00,0.6941695930852457
1986-02-06 22:00:00,0.7005683910050866
1986-02-07 22:00:00,0.6941695930852457
1986-02-10 22:00:00,0.6938696494327531
1986-02-11 22:00:00,0.68917053221037
1986-02-12 22:00:00,0.6847713586404792
1986-02-13 22:00:00,0.6910701753428228
1986-02-14 22:00:00,0.7016681843975593
1986-02-18 22:00:00,0.7046676209224847
1986-02-19 22:00:00,0.7088668320573803
1986-02-20 22:00:00,0.7048675833574798
1986-02-21 22:00:00,0.7023680529200419
1986-02-24 22:00:00,0.7037677899650071
1986-02-25 22:00:00,0.7081669635348978
1986-02-26 22:00:00,0.7084669071873904
1986-02-27 22:00:00,0.6968690859576785
1986-02-28 22:00:00,0.6991686539601215
1986-03-03 22:00:00,0.696169217435196
1986-03-04 22:00:00,0.7008683346575791
1986-03-05 22:00:00,0.7026679965725344
1986-03-06 22:00:00,0.7004684097875892
1986-03-07 22:00:00,0.7019681280500518
1986-03-10 22:00:00,0.7014682219625643
1986-03-11 22:00:00,0.7048675833574798
1986-03-12 22:00:00,0.7038677711825045
1986-03-13 22:00:00,0.7043676772699923
1986-03-14 22:00:00,0.7030679214425246
1986-03-17 22:00:00,0.7081669635348978
1986-03-18 22:00:00,0.7126661183222859
1986-03-19 22:00:00,0.7098666442323555
1986-03-20 22:00:00,0.7129660619747784
1986-03-21 22:00:00,0.7135659492797636
1986-03-24 22:00:00,0.7179651228496542
1986-03-25 22:00:00,0.7208645781570822
1986-03-26 22:00:00,0.7122661934522959
1986-03-27 22:00:00,0.7119662497998033
1986-03-28 22:00:00,0.7123661746697935
1986-03-31 22:00:00,0.7114663437123158
1986-04-01 22:00:00,0.7218643903320573
1986-04-02 22:00:00,0.7197647847646095
1986-04-03 22:00:00,0.7151656487597239
1986-04-04 22:00:00,0.7168653294571815
1986-04-07 22:00:00,0.7174652167621667
1986-04-08 22:00:00,0.719864765982107
1986-04-09 22:00:00,0.7179651228496542
1986-04-10 22:00:00,0.7140658553672511
1986-04-11 22:00:00,0.7158655172822064
1986-04-14 22:00:00,0.7166653670221865
1986-04-15 22:00:00,0.7139658741497535
1986-04-16 22:00:00,0.7174652167621667
1986-04-17 22:00:00,0.7159654984997039
1986-04-18 22:00:00,0.7173652355446691
1986-04-21 22:00:00,0.7203646720695946
1986-04-22 22:00:00,0.729562944079366
1986-04-23 22:00:00,0.7298628877318585
1986-04-24 22:00:00,0.7304627750368436
1986-04-25 22:00:00,0.7305627562543411
1986-04-28 22:00:00,0.7378613851316597
1986-04-29 22:00:00,0.7399609906991075
1986-04-30 22:00:00,0.7405608780040926
1986-05-01 22:00:00,0.7351618922592268
1986-05-02 22:00:00,0.7345620049542417
1986-05-05 22:00:00,0.7386612348716398
1986-05-06 22:00:00,0.7353618546942219
1986-05-07 22:00:00,0.7373614790441722
1986-05-08 22:00:00,0.7433603520940231
1986-05-09 22:00:00,0.7446601079214907
1986-05-12 22:00:00,0.7463597886189485
1986-05-13 22:00:00,0.7305627562543411
1986-05-14 22:00:00,0.7108664564073306
1986-05-15 22:00:00,0.7146657426722363
1986-05-16 22:00:00,0.7206646157220872
1986-05-19 22:00:00,0.7260636014669529
1986-05-20 22:00:00,0.7230641649420274
1986-05-21 22:00:00,0.7201647096345996
1986-05-22 22:00:00,0.7136659304972611
1986-05-23 22:00:00,0.7171652731096742
1986-05-27 22:00:00,0.7202646908520971
1986-05-28 22:00:00,0.7210645405920771
1986-05-29 22:00:00,0.719864765982107
1986-05-30 22:00:00,0.7146657426722363
1986-06-02 22:00:00,0.7068672077074301
1986-06-03 22:00:00,0.7004684097875892
1986-06-04 22:00:00,0.7001684661350966
1986-06-05 22:00:00,0.6920699875177979
1986-06-06 22:00:00,0.6988687103076289
1986-06-09 22:00:00,0.6965691423051861
1986-06-10 22:00:00,0.6948694616077282
1986-06-11 22:00:00,0.6883706824703898
1986-06-12 22:00:00,0.6901703443853451
1986-06-13 22:00:00,0.6925698936052854
1986-06-16 22:00:00,0.6949694428252259
1986-06-17 22:00:00,0.6929698184752756
1986-06-18 22:00:00,0.6918700250828028
1986-06-19 22:00:00,0.6923699311702904
1986-06-20 22:00:00,0.6904702880378376
1986-06-23 22:00:00,0.682371809420539
1986-06-24 22:00:00,0.678872466808126
1986-06-25 22:00:00,0.6678745328833994
1986-06-26 22:00:00,0.6671746643609167
1986-06-27 22:00:00,0.6701741008858422
1986-06-30 22:00:00,0.6733734998457626
1986-07-01 22:00:00,0.6547769933912249
1986-07-02 22:00:00,0.6467784959914237
1986-07-03 22:00:00,0.6343808250217318
1986-07-07 22:00:00,0.6368803554591697
1986-07-08 22:00:00,0.6237828159669953
1986-07-09 22:00:00,0.631881294584294
1986-07-10 22:00:00,0.631881294584294
1986-07-11 22:00:00,0.6379801488516423
1986-07-14 22:00:00,0.6417794351165479
1986-07-15 22:00:00,0.6408796041590703
1986-07-16 22:00:00,0.6369803366766672
1986-07-17 22:00:00,0.6366803930241747
1986-07-18 22:00:00,0.6380801300691399
1986-07-21 22:00:00,0.6411795478115628
1986-07-22 22:00:00,0.6370803178941646
1986-07-23 22:00:00,0.6261823651869356
1986-07-24 22:00:00,0.6124849383897761
1986-07-25 22:00:00,0.6013870232475519
1986-07-28 22:00:00,0.6103853328223283
1986-07-29 22:00:00,0.609185558212358
1986-07-30 22:00:00,0.6102853516048308
1986-07-31 22:00:00,0.595788075067691
1986-08-01 22:00:00,0.6050863282949599
1986-08-04 22:00:00,0.6012870420300545
1986-08-05 22:00:00,0.6158842997846915
1986-08-06 22:00:00,0.6198835484845922
1986-08-07 22:00:00,0.6104853140398258
1986-08-08 22:00:00,0.6082857272548805
1986-08-11 22:00:00,0.6066860277749202
1986-08-12 22:00:00,0.6081857460373828
1986-08-13 22:00:00,0.6134847505647513
1986-08-14 22:00:00,0.6211833043120598
1986-08-15 22:00:00,0.6231829286620101
1986-08-18 22:00:00,0.6249825905769654
1986-08-19 22:00:00,0.6298816702343436
1986-08-20 22:00:00,0.611685088649796
1986-08-21 22:00:00,0.6113851449973035
1986-08-22 22:00:00,0.6068859902099152
1986-08-25 22:00:00,0.6050863282949599
1986-08-26 22:00:00,0.6067860089924177
1986-08-27 22:00:00,0.6088856145598655
1986-08-28 22:00:00,0.6083857084723779
1986-08-29 22:00:00,0.6088856145598655
1986-09-02 22:00:00,0.609185558212358
1986-09-03 22:00:00,0.612284975954781
1986-09-04 22:00:00,0.6160842622196866
1986-09-05 22:00:00,0.615984281002189
1986-09-08 22:00:00,0.615384393697204
1986-09-09 22:00:00,0.6129848444772636
1986-09-10 22:00:00,0.6073858962974028
1986-09-11 22:00:00,0.6173840180471544
1986-09-12 22:00:00,0.6194836236146021
1986-09-15 22:00:00,0.6258824215344431
1986-09-16 22:00:00,0.6245826657069754
1986-09-17 22:00:00,0.6231829286620101
1986-09-18 22:00:00,0.6251825530119604
1986-09-19 22:00:00,0.6281819895368859
1986-09-22 22:00:00,0.6304815575393288
1986-09-23 22:00:00,0.6323812006717815
1986-09-24 22:00:00,0.6303815763218311
1986-09-25 22:00:00,0.6304815575393288
1986-09-26 22:00:00,0.6290818204943635
1986-09-29 22:00:00,0.6273821397969057
1986-09-30 22:00:00,0.6277820646668958
1986-10-01 22:00:00,0.6306815199743238
1986-10-02 22:00:00,0.6308814824093187
1986-10-03 22:00:00,0.6341808625867368
1986-10-06 22:00:00,0.6349807123267169
1986-10-07 22:00:00,0.6343808250217318
1986-10-08 22:00:00,0.636380449371682
1986-10-09 22:00:00,0.6383800737216323
1986-10-10 22:00:00,0.6383800737216323
1986-10-14 22:00:00,0.635580599631702
1986-10-15 22:00:00,0.6407796229415728
1986-10-16 22:00:00,0.6398797919840952
1986-10-17 22:00:00,0.6376802051991498
1986-10-20 22:00:00,0.6368803554591697
1986-10-21 22:00:00,0.6368803554591697
1986-10-22 22:00:00,0.6375802239816524
1986-10-23 22:00:00,0.6465785335564287
1986-10-24 22:00:00,0.6413795102465578
1986-10-27 22:00:00,0.6410795665940653
1986-10-28 22:00:00,0.6429792097265181
1986-10-29 22:00:00,0.642379322421533
1986-10-30 22:00:00,0.6416794538990505
1986-10-31 22:00:00,0.6406796417240753
1986-11-03 22:00:00,0.6400797544190902
1986-11-04 22:00:00,0.6411795478115628
1986-11-05 22:00:00,0.6426792660740256
1986-11-06 22:00:00,0.641979397551543
1986-11-07 22:00:00,0.6436790782490007
1986-11-10 22:00:00,0.6458786650339461
1986-11-12 22:00:00,0.6449788340764684
1986-11-13 22:00:00,0.6448788528589708
1986-11-14 22:00:00,0.6451787965114634
1986-11-17 22:00:00,0.6413795102465578
1986-11-18 22:00:00,0.6426792660740256
1986-11-19 22:00:00,0.6439790219014933
1986-11-20 22:00:00,0.6434791158140056
1986-11-21 22:00:00,0.6440790031189907
1986-11-24 22:00:00,0.6450788152939659
1986-11-25 22:00:00,0.6473783832964087
1986-11-26 22:00:00,0.6503778198213341
1986-11-28 22:00:00,0.6502778386038367
1986-12-01 22:00:00,0.6498779137338466
1986-12-02 22:00:00,0.649178045211364
1986-12-03 22:00:00,0.6513776319963093
1986-12-04 22:00:00,0.6538771624337473
1986-12-05 22:00:00,0.6533772563462596
1986-12-08 22:00:00,0.652877350258772
1986-12-09 22:00:00,0.6509777071263193
1986-12-10 22:00:00,0.6525774066062795
1986-12-11 22:00:00,0.6580763735686428
1986-12-12 22:00:00,0.6584762984386329
1986-12-15 22:00:00,0.6608758476585733
1986-12-16 22:00:00,0.6635753405310061
1986-12-17 22:00:00,0.6643751902709862
1986-12-18 22:00:00,0.6643751902709862
1986-12-19 22:00:00,0.6692742699283645
1986-12-22 22:00:00,0.6750731805432204
1986-12-23 22:00:00,0.6643751902709862
1986-12-24 22:00:00,0.6608758476585733
1986-12-26 22:00:00,0.6608758476585733
1986-12-29 22:00:00,0.6626755095735285
1986-12-30 22:00:00,0.6636753217485036
1986-12-31 22:00:00,0.6651750400109664
1987-01-02 22:00:00,0.6656749460984539
1987-01-05 22:00:00,0.6690743074933695
1987-01-06 22:00:00,0.6640752466184937
1987-01-07 22:00:00,0.6633753780960111
1987-01-08 22:00:00,0.6663748146209365
1987-01-09 22:00:00,0.6668747207084241
1987-01-12 22:00:00,0.6668747207084241
1987-01-13 22:00:00,0.6550769370437174
1987-01-14 22:00:00,0.6438790406839957
1987-01-15 22:00:00,0.6496779512988516
1987-01-16 22:00:00,0.6519775193012944
1987-01-20 22:00:00,0.662975453226021
1987-01-21 22:00:00,0.6615757161810558
1987-01-22 22:00:00,0.6591761669611155
1987-01-23 22:00:00,0.6613757537460608
1987-01-26 22:00:00,0.662375565921036
1987-01-27 22:00:00,0.6615757161810558
1987-01-28 22:00:00,0.6601759791360906
1987-01-29 22:00:00,0.6612757725285633
1987-01-30 22:00:00,0.6616756973985534
1987-02-02 22:00:00,0.6608758476585733
1987-02-03 22:00:00,0.6653750024459614
1987-02-04 22:00:00,0.6691742887108669
1987-02-05 22:00:00,0.6680744953183944
1987-02-06 22:00:00,0.6691742887108669
1987-02-09 22:00:00,0.6648750963584739
1987-02-10 22:00:00,0.6672746455784142
1987-02-11 22:00:00,0.6678745328833994
1987-02-12 22:00:00,0.666474795838434
1987-02-13 22:00:00,0.6641752278359913
1987-02-17 22:00:00,0.6616756973985534
1987-02-18 22:00:00,0.6663748146209365
1987-02-19 22:00:00,0.6650750587934688
1987-02-20 22:00:00,0.6646751339234788
1987-02-23 22:00:00,0.6676745704484042
1987-02-24 22:00:00,0.669374251145862
1987-02-25 22:00:00,0.6740733683682453
1987-02-26 22:00:00,0.6741733495857427
1987-02-27 22:00:00,0.6768728424581757
1987-03-02 22:00:00,0.6811720348105688
1987-03-03 22:00:00,0.6784725419381359
1987-03-04 22:00:00,0.6800722414180961
1987-03-05 22:00:00,0.6786725043731309
1987-03-06 22:00:00,0.6773727485456632
1987-03-09 22:00:00,0.6793723728956135
1987-03-10 22:00:00,0.6833716215955141
1987-03-11 22:00:00,0.6875708327304096
1987-03-12 22:00:00,0.6893704946453649
1987-03-13 22:00:00,0.6773727485456632
1987-03-16 22:00:00,0.6791724104606185
1987-03-17 22:00:00,0.6874708515129122
1987-03-18 22:00:00,0.6868709642079271
1987-03-19 22:00:00,0.6855712083804594
1987-03-20 22:00:00,0.6855712083804594
1987-03-23 22:00:00,0.6882707012528924
1987-03-24 22:00:00,0.6927698560402804
1987-03-25 22:00:00,0.6948694616077282
1987-03-26 22:00:00,0.6952693864777184
1987-03-27 22:00:00,0.6978688981326537
1987-03-30 22:00:00,0.7023680529200419
1987-03-31 22:00:00,0.7043676772699923
1987-04-01 22:00:00,0.7055674518799624
1987-04-02 22:00:00,0.7040677336174997
1987-04-03 22:00:00,0.7095667005798629
1987-04-06 22:00:00,0.7108664564073306
1987-04-07 22:00:00,0.7082669447523953
1987-04-08 22:00:00,0.7089668132748779
1987-04-09 22:00:00,0.7143657990197437
1987-04-10 22:00:00,0.7180651040671517
1987-04-13 22:00:00,0.7227642212895349
1987-04-14 22:00:00,0.7222643152020474
1987-04-15 22:00:00,0.7256636765969628
1987-04-16 22:00:00,0.7151656487597239
1987-04-17 22:00:00,0.7118662685823058
1987-04-20 22:00:00,0.7120662310173009
1987-04-21 22:00:00,0.7079670010999027
1987-04-22 22:00:00,0.7055674518799624
1987-04-23 22:00:00,0.7113663624948182
1987-04-24 22:00:00,0.7092667569273705
1987-04-27 22:00:00,0.712866080757281
1987-04-28 22:00:00,0.703367865095017
1987-04-29 22:00:00,0.7061673391849476
1987-04-30 22:00:00,0.7018681468325543
1987-05-01 22:00:00,0.7016681843975593
1987-05-04 22:00:00,0.7044676584874897
1987-05-05 22:00:00,0.7101665878848481
1987-05-06 22:00:00,0.7101665878848481
1987-05-07 22:00:00,0.7109664376248281
1987-05-08 22:00:00,0.7115663249298133
1987-05-11 22:00:00,0.7129660619747784
1987-05-12 22:00:00,0.7159654984997039
1987-05-13 22:00:00,0.7118662685823058
1987-05-14 22:00:00,0.7140658553672511
1987-05-15 22:00:00,0.7174652167621667
1987-05-18 22:00:00,0.7218643903320573
1987-05-19 22:00:00,0.7209645593745796
1987-05-20 22:00:00,0.7234640898120176
1987-05-21 22:00:00,0.7211645218095748
1987-05-22 22:00:00,0.7201647096345996
1987-05-26 22:00:00,0.7126661183222859
1987-05-27 22:00:00,0.7147657238897337
1987-05-28 22:00:00,0.7120662310173009
1987-05-29 22:00:00,0.7120662310173009
1987-06-01 22:00:00,0.7145657614547387
1987-06-02 22:00:00,0.7150656675422262
1987-06-03 22:00:00,0.7166653670221865
1987-06-04 22:00:00,0.7138658929322561
1987-06-05 22:00:00,0.7137659117147586
1987-06-08 22:00:00,0.7138658929322561
1987-06-09 22:00:00,0.7145657614547387
1987-06-10 22:00:00,0.7184650289371418
1987-06-11 22:00:00,0.7160654797172014
1987-06-12 22:00:00,0.7180651040671517
1987-06-15 22:00:00,0.716565385804689
1987-06-16 22:00:00,0.7190649162421269
1987-06-17 22:00:00,0.72296418372453
1987-06-18 22:00:00,0.7218643903320573
1987-06-19 22:00:00,0.7209645593745796
1987-06-22 22:00:00,0.7211645218095748
1987-06-23 22:00:00,0.716365423369694
1987-06-24 22:00:00,0.7171652731096742
1987-06-25 22:00:00,0.720064728417102
1987-06-26 22:00:00,0.7189649350246293
1987-06-29 22:00:00,0.7206646157220872
1987-06-30 22:00:00,0.7207645969395846
1987-07-01 22:00:00,0.7207645969395846
1987-07-02 22:00:00,0.719864765982107
1987-07-03 22:00:00,0.7183650477196443
1987-07-06 22:00:00,0.7119662497998033
1987-07-07 22:00:00,0.699868522482604
1987-07-08 22:00:00,0.7057674143149574
1987-07-09 22:00:00,0.7095667005798629
1987-07-10 22:00:00,0.7075670762299127
1987-07-13 22:00:00,0.7073671137949177
1987-07-14 22:00:00,0.7068672077074301
1987-07-15 22:00:00,0.7098666442323555
1987-07-16 22:00:00,0.7114663437123158
1987-07-17 22:00:00,0.7096666817973605
1987-07-20 22:00:00,0.7065672640549375
1987-07-21 22:00:00,0.7083669259698928
1987-07-22 22:00:00,0.7101665878848481
1987-07-23 22:00:00,0.709766663014858
1987-07-24 22:00:00,0.7074670950124152
1987-07-27 22:00:00,0.703367865095017
1987-07-28 22:00:00,0.6993686163951165
1987-07-29 22:00:00,0.6978688981326537
1987-07-30 22:00:00,0.6983688042201414
1987-07-31 22:00:00,0.6980688605676488
1987-08-03 22:00:00,0.7001684661350966
1987-08-04 22:00:00,0.6987687290901313
1987-08-05 22:00:00,0.7016681843975593
1987-08-06 22:00:00,0.6991686539601215
1987-08-07 22:00:00,0.699268635177619
1987-08-10 22:00:00,0.6973689920451662
1987-08-11 22:00:00,0.7015682031800617
1987-08-12 22:00:00,0.7023680529200419
1987-08-13 22:00:00,0.7046676209224847
1987-08-14 22:00:00,0.7082669447523953
1987-08-17 22:00:00,0.7106664939723356
1987-08-18 22:00:00,0.7159654984997039
1987-08-19 22:00:00,0.709166775709873
1987-08-20 22:00:00,0.7086668696223853
1987-08-21 22:00:00,0.7121662122347984
1987-08-24 22:00:00,0.7152656299772213
1987-08-25 22:00:00,0.7133659868447686
1987-08-26 22:00:00,0.7118662685823058
1987-08-27 22:00:00,0.7116663061473107
1987-08-28 22:00:00,0.7113663624948182
1987-08-31 22:00:00,0.7143657990197437
1987-09-01 22:00:00,0.7176651791971617
1987-09-02 22:00:00,0.7206646157220872
1987-09-03 22:00:00,0.7219643715495548
1987-09-04 22:00:00,0.7232641273770226
1987-09-08 22:00:00,0.7276633009469132
1987-09-09 22:00:00,0.7285631319043908
1987-09-10 22:00:00,0.7268634512069331
1987-09-11 22:00:00,0.7303627938193461
1987-09-14 22:00:00,0.7274633385119181
1987-09-15 22:00:00,0.7292630004268734
1987-09-16 22:00:00,0.7327623430392864
1987-09-17 22:00:00,0.7332622491267741
1987-09-18 22:00:00,0.7345620049542417
1987-09-21 22:00:00,0.7361617044342019
1987-09-22 22:00:00,0.7323624181692964
1987-09-23 22:00:00,0.7320624745168038
1987-09-24 22:00:00,0.7283631694693958
1987-09-25 22:00:00,0.7243639207694952
1987-09-28 22:00:00,0.7277632821644107
1987-09-29 22:00:00,0.7168653294571815
1987-09-30 22:00:00,0.7086668696223853
1987-10-01 22:00:00,0.7098666442323555
1987-10-02 22:00:00,0.7136659304972611
1987-10-05 22:00:00,0.7140658553672511
1987-10-06 22:00:00,0.7175651979796642
1987-10-07 22:00:00,0.723564071029515
1987-10-08 22:00:00,0.72336410859452
1987-10-09 22:00:00,0.7242639395519977
1987-10-13 22:00:00,0.7219643715495548
1987-10-14 22:00:00,0.7230641649420274
1987-10-15 22:00:00,0.7274633385119181
1987-10-16 22:00:00,0.7208645781570822
1987-10-19 22:00:00,0.7221643339845499
1987-10-20 22:00:00,0.7153656111947189
1987-10-21 22:00:00,0.7133659868447686
1987-10-22 22:00:00,0.7152656299772213
1987-10-23 22:00:00,0.7160654797172014
1987-10-26 22:00:00,0.7063673016199425
1987-10-27 22:00:00,0.6980688605676488
1987-10-28 22:00:00,0.6868709642079271
1987-10-29 22:00:00,0.669374251145862
1987-10-30 22:00:00,0.6698741572333496
1987-11-02 22:00:00,0.6760729927181955
1987-11-03 22:00:00,0.6700741196683446
1987-11-04 22:00:00,0.67307355619327
1987-11-05 22:00:00,0.6753731241957129
1987-11-06 22:00:00,0.6836715652480065
1987-11-09 22:00:00,0.6828717155080266
1987-11-10 22:00:00,0.6793723728956135
1987-11-12 22:00:00,0.682371809420539
1987-11-13 22:00:00,0.6856711895979569
1987-11-16 22:00:00,0.6861710956854445
1987-11-17 22:00:00,0.6965691423051861
1987-11-18 22:00:00,0.6943695555202407
1987-11-19 22:00:00,0.6940696118677482
1987-11-20 22:00:00,0.6893704946453649
1987-11-23 22:00:00,0.682571771855534
1987-11-24 22:00:00,0.6883706824703898
1987-11-25 22:00:00,0.6919700063003004
1987-11-27 22:00:00,0.6940696118677482
1987-11-30 22:00:00,0.7048675833574798
1987-12-01 22:00:00,0.7048675833574798
1987-12-02 22:00:00,0.7024680341375394
1987-12-03 22:00:00,0.7012682595275692
1987-12-04 22:00:00,0.696169217435196
1987-12-07 22:00:00,0.6970690483926737
1987-12-08 22:00:00,0.6981688417851463
1987-12-09 22:00:00,0.7022680717025445
1987-12-10 22:00:00,0.7066672452724351
1987-12-11 22:00:00,0.7135659492797636
1987-12-14 22:00:00,0.7178651416321566
1987-12-15 22:00:00,0.7125661371047884
1987-12-16 22:00:00,0.7153656111947189
1987-12-17 22:00:00,0.7166653670221865
1987-12-18 22:00:00,0.7123661746697935
1987-12-21 22:00:00,0.7123661746697935
1987-12-22 22:00:00,0.7133659868447686
1987-12-23 22:00:00,0.7127660995397834
1987-12-24 22:00:00,0.7143657990197437
1987-12-28 22:00:00,0.7178651416321566
1987-12-29 22:00:00,0.7213644842445698
1987-12-30 22:00:00,0.7189649350246293
1987-12-31 22:00:00,0.7218643903320573
1988-01-04 22:00:00,0.7210645405920771
1988-01-05 22:00:00,0.709366738144868
1988-01-06 22:00:00,0.7048675833574798
1988-01-07 22:00:00,0.7067672264899325
1988-01-08 22:00:00,0.7056674330974598
1988-01-11 22:00:00,0.709366738144868
1988-01-12 22:00:00,0.7098666442323555
1988-01-13 22:00:00,0.7103665503198431
1988-01-14 22:00:00,0.7096666817973605
1988-01-15 22:00:00,0.7018681468325543
1988-01-19 22:00:00,0.7113663624948182
1988-01-20 22:00:00,0.7143657990197437
1988-01-21 22:00:00,0.7153656111947189
1988-01-22 22:00:00,0.7138658929322561
1988-01-25 22:00:00,0.7150656675422262
1988-01-26 22:00:00,0.7137659117147586
1988-01-27 22:00:00,0.713465968062266
1988-01-28 22:00:00,0.7136659304972611
1988-01-29 22:00:00,0.7078670198824052
1988-02-01 22:00:00,0.7090667944923754
1988-02-02 22:00:00,0.7133659868447686
1988-02-03 22:00:00,0.7111664000598232
1988-02-04 22:00:00,0.7104665315373406
1988-02-05 22:00:00,0.7103665503198431
1988-02-08 22:00:00,0.7110664188423258
1988-02-09 22:00:00,0.7096666817973605
1988-02-10 22:00:00,0.7114663437123158
1988-02-11 22:00:00,0.7133659868447686
1988-02-12 22:00:00,0.70646728283744
1988-02-16 22:00:00,0.7138658929322561
1988-02-17 22:00:00,0.7143657990197437
1988-02-18 22:00:00,0.7151656487597239
1988-02-19 22:00:00,0.7183650477196443
1988-02-22 22:00:00,0.7196648035471119
1988-02-23 22:00:00,0.7189649350246293
1988-02-24 22:00:00,0.716565385804689
1988-02-25 22:00:00,0.7167653482396841
1988-02-26 22:00:00,0.7188649538071319
1988-02-29 22:00:00,0.7184650289371418
1988-03-01 22:00:00,0.7201647096345996
1988-03-02 22:00:00,0.7226642400720374
1988-03-03 22:00:00,0.7243639207694952
1988-03-04 22:00:00,0.7260636014669529
1988-03-07 22:00:00,0.7286631131218884
1988-03-08 22:00:00,0.7308626999068336
1988-03-09 22:00:00,0.7283631694693958
1988-03-10 22:00:00,0.7285631319043908
1988-03-11 22:00:00,0.7312626247768238
1988-03-14 22:00:00,0.7290630379918783
1988-03-15 22:00:00,0.7312626247768238
1988-03-16 22:00:00,0.7343620425192467
1988-03-17 22:00:00,0.7338621364317591
1988-03-18 22:00:00,0.7379613663491572
1988-03-21 22:00:00,0.7384612724366448
1988-03-22 22:00:00,0.7390611597416298
1988-03-23 22:00:00,0.7408608216565852
1988-03-24 22:00:00,0.7421605774840527
1988-03-25 22:00:00,0.7383612912191473
1988-03-28 22:00:00,0.7325623806042915
1988-03-29 22:00:00,0.7352618734767243
1988-03-30 22:00:00,0.7386612348716398
1988-03-31 22:00:00,0.7410607840915802
1988-04-01 22:00:00,0.7413607277440728
1988-04-04 22:00:00,0.7413607277440728
1988-04-05 22:00:00,0.7417606526140628
1988-04-06 22:00:00,0.7401609531341025
1988-04-07 22:00:00,0.7375614414791671
1988-04-08 22:00:00,0.7407608404390876
1988-04-11 22:00:00,0.7450600327914807
1988-04-12 22:00:00,0.7428604460065354
1988-04-13 22:00:00,0.743760276964013
1988-04-14 22:00:00,0.7477595256639137
1988-04-15 22:00:00,0.7473596007939236
1988-04-18 22:00:00,0.7494592063613714
1988-04-19 22:00:00,0.7477595256639137
1988-04-20 22:00:00,0.7510589058413316
1988-04-21 22:00:00,0.7509589246238342
1988-04-22 22:00:00,0.7561579479337048
1988-04-25 22:00:00,0.7545582484537448
1988-04-26 22:00:00,0.7548581921062372
1988-04-27 22:00:00,0.7545582484537448
1988-04-28 22:00:00,0.7577576474136651
1988-04-29 22:00:00,0.7574577037611726
1988-05-02 22:00:00,0.7604571402860981
1988-05-03 22:00:00,0.7658561260309639
1988-05-04 22:00:00,0.7692554874258793
1988-05-05 22:00:00,0.7674558255109241
1988-05-06 22:00:00,0.7678557503809141
1988-05-09 22:00:00,0.7707552056883421
1988-05-10 22:00:00,0.7748544356057402
1988-05-11 22:00:00,0.7728548112557899
1988-05-12 22:00:00,0.7708551869058397
1988-05-13 22:00:00,0.7731547549082824
1988-05-16 22:00:00,0.7725548676032974
1988-05-17 22:00:00,0.7659561072484614
1988-05-18 22:00:00,0.7702552996008545
1988-05-19 22:00:00,0.7748544356057402
1988-05-20 22:00:00,0.7829529142230389
1988-05-23 22:00:00,0.7858523695304669
1988-05-24 22:00:00,0.7836527827455215
1988-05-25 22:00:00,0.7888518060553923
1988-05-26 22:00:00,0.797150247107686
1988-05-27 22:00:00,0.8048488008549947
1988-05-31 22:00:00,0.8019493455475667
1988-06-01 22:00:00,0.8107476926873479
1988-06-02 22:00:00,0.8022492892000592
1988-06-03 22:00:00,0.8063485191174573
1988-06-06 22:00:00,0.7948506791052432
1988-06-07 22:00:00,0.797550171977676
1988-06-08 22:00:00,0.8053487069424822
1988-06-09 22:00:00,0.8061485566824623
1988-06-10 22:00:00,0.8078482373799202
1988-06-13 22:00:00,0.8021493079825618
1988-06-14 22:00:00,0.7991498714576363
1988-06-15 22:00:00,0.8057486318124722
1988-06-16 22:00:00,0.806848425204945
1988-06-17 22:00:00,0.813847110429771
1988-06-20 22:00:00,0.8203458895671094
1988-06-21 22:00:00,0.8238452321795224
1988-06-22 22:00:00,0.8162466596497113
1988-06-23 22:00:00,0.8201459271321144
1988-06-24 22:00:00,0.8234453073095324
1988-06-27 22:00:00,0.8158467347797212
1988-06-28 22:00:00,0.8051487445074872
1988-06-29 22:00:00,0.7861523131829594
1988-06-30 22:00:00,0.7943507730177556
1988-07-01 22:00:00,0.78975163701287
1988-07-05 22:00:00,0.7833528390930289
1988-07-06 22:00:00,0.7966503410201984
1988-07-07 22:00:00,0.8046488384199996
1988-07-08 22:00:00,0.7963503973677059
1988-07-11 22:00:00,0.79055148675285
1988-07-12 22:00:00,0.7933509608427805
1988-07-13 22:00:00,0.7955505476277257
1988-07-14 22:00:00,0.797350209542681
1988-07-15 22:00:00,0.7863522756179544
1988-07-18 22:00:00,0.7953505851927307
1988-07-19 22:00:00,0.8020493267650642
1988-07-20 22:00:00,0.8091479932073878
1988-07-21 22:00:00,0.8119474672973183
1988-07-22 22:00:00,0.8117475048623232
1988-07-25 22:00:00,0.8096478992948754
1988-07-26 22:00:00,0.806848425204945
1988-07-27 22:00:00,0.8100478241648654
1988-07-28 22:00:00,0.803749007462522
1988-07-29 22:00:00,0.8023492704175568
1988-08-01 22:00:00,0.8028491765050444
1988-08-02 22:00:00,0.8028491765050444
1988-08-03 22:00:00,0.8039489698975171
1988-08-04 22:00:00,0.804348894767507
1988-08-05 22:00:00,0.8028491765050444
1988-08-08 22:00:00,0.7982500405001587
1988-08-09 22:00:00,0.7963503973677059
1988-08-10 22:00:00,0.7986499653701487
1988-08-11 22:00:00,0.8027491952875467
1988-08-12 22:00:00,0.8003496460676065
1988-08-15 22:00:00,0.8004496272851039
1988-08-16 22:00:00,0.8023492704175568
1988-08-17 22:00:00,0.8028491765050444
1988-08-18 22:00:00,0.8060485754649649
1988-08-19 22:00:00,0.8142470352997611
1988-08-22 22:00:00,0.8136471479947759
1988-08-23 22:00:00,0.8147469413872486
1988-08-24 22:00:00,0.8158467347797212
1988-08-25 22:00:00,0.8168465469546964
1988-08-26 22:00:00,0.8109476551223431
1988-08-29 22:00:00,0.8071483688574375
1988-08-30 22:00:00,0.8046488384199996
1988-08-31 22:00:00,0.8036490262450244
1988-09-01 22:00:00,0.7935509232777754
1988-09-02 22:00:00,0.7954505664102283
1988-09-06 22:00:00,0.8035490450275269
1988-09-07 22:00:00,0.8017493831125716
1988-09-08 22:00:00,0.8038489886800195
1988-09-09 22:00:00,0.804548857202502
1988-09-12 22:00:00,0.7996497775451238
1988-09-13 22:00:00,0.7966503410201984
1988-09-14 22:00:00,0.7931509984077854
1988-09-15 22:00:00,0.8003496460676065
1988-09-16 22:00:00,0.7952506039752332
1988-09-19 22:00:00,0.7861523131829594
1988-09-20 22:00:00,0.7862522944004569
1988-09-21 22:00:00,0.7785537406531482
1988-09-22 22:00:00,0.7837527639630191
1988-09-23 22:00:00,0.7838527451805165
1988-09-26 22:00:00,0.7794535716106258
1988-09-27 22:00:00,0.7832528578755314
1988-09-28 22:00:00,0.783552801528024
1988-09-29 22:00:00,0.783952726398014
1988-09-30 22:00:00,0.7828529330055414
1988-10-03 22:00:00,0.7842526700505066
1988-10-04 22:00:00,0.7889517872728898
1988-10-05 22:00:00,0.7908514304053426
1988-10-06 22:00:00,0.7962504161502084
1988-10-07 22:00:00,0.7986499653701487
1988-10-11 22:00:00,0.8022492892000592
1988-10-12 22:00:00,0.8050487632899898
1988-10-13 22:00:00,0.8098478617298704
1988-10-14 22:00:00,0.8131472419072884
1988-10-17 22:00:00,0.8073483312924326
1988-10-18 22:00:00,0.8091479932073878
1988-10-19 22:00:00,0.8198459834796218
1988-10-20 22:00:00,0.8203458895671094
1988-10-21 22:00:00,0.8206458332196019
1988-10-24 22:00:00,0.816946528172194
1988-10-25 22:00:00,0.8196460210446268
1988-10-26 22:00:00,0.8243451382670101
1988-10-27 22:00:00,0.8189461525221443
1988-10-28 22:00:00,0.8219455890470697
1988-10-31 22:00:00,0.8198459834796218
1988-11-01 22:00:00,0.820445870784607
1988-11-02 22:00:00,0.8249450255719951
1988-11-03 22:00:00,0.8298441052293734
1988-11-04 22:00:00,0.8279444620969205
1988-11-07 22:00:00,0.8310438798393436
1988-11-08 22:00:00,0.8298441052293734
1988-11-09 22:00:00,0.8422417761990653
1988-11-10 22:00:00,0.8433415695915379
1988-11-14 22:00:00,0.8493404426413887
1988-11-15 22:00:00,0.8533396913412894
1988-11-16 22:00:00,0.8553393156912397
1988-11-17 22:00:00,0.8583387522161652
1988-11-18 22:00:00,0.855039372038747
1988-11-21 22:00:00,0.8590386207386477
1988-11-22 22:00:00,0.8633378130910409
1988-11-23 22:00:00,0.8694366673583893
1988-11-25 22:00:00,0.8729360099708022
1988-11-28 22:00:00,0.8730359911882998
1988-11-29 22:00:00,0.8766353150182103
1988-11-30 22:00:00,0.8748356531032551
1988-12-01 22:00:00,0.871336310490842
1988-12-02 22:00:00,0.8706364419683594
1988-12-05 22:00:00,0.8784349769331656
1988-12-06 22:00:00,0.8813344322405935
1988-12-07 22:00:00,0.8638377191785284
1988-12-08 22:00:00,0.8273445747919355
1988-12-09 22:00:00,0.8675370242259365
1988-12-12 22:00:00,0.8571389776061948
1988-12-13 22:00:00,0.8469408934214484
1988-12-14 22:00:00,0.8545394659512595
1988-12-15 22:00:00,0.8536396349937819
1988-12-16 22:00:00,0.8463410061164633
1988-12-19 22:00:00,0.8538395974287769
1988-12-20 22:00:00,0.8518399730788266
1988-12-21 22:00:00,0.8513400669913391
1988-12-22 22:00:00,0.8518399730788266
1988-12-23 22:00:00,0.850340254816364
1988-12-27 22:00:00,0.8588386583036527
1988-12-28 22:00:00,0.8543395035162645
1988-12-29 22:00:00,0.8543395035162645
1988-12-30 22:00:00,0.8533396913412894
1989-01-03 22:00:00,0.867836967878429
1989-01-04 22:00:00,0.8696366297933843
1989-01-05 22:00:00,0.8677369866609315
1989-01-06 22:00:00,0.8623380009160657
1989-01-09 22:00:00,0.8635377755260359
1989-01-10 22:00:00,0.8662372683984687
1989-01-11 22:00:00,0.8627379257860558
1989-01-12 22:00:00,0.8671370993559464
1989-01-13 22:00:00,0.8663372496159664
1989-01-17 22:00:00,0.85773886491118
1989-01-18 22:00:00,0.8620380572635731
1989-01-19 22:00:00,0.8665372120509613
1989-01-20 22:00:00,0.8718362165783295
1989-01-23 22:00:00,0.8780350520631756
1989-01-24 22:00:00,0.8806345637181109
1989-01-25 22:00:00,0.8758354652782302
1989-01-26 22:00:00,0.877935070845678
1989-01-27 22:00:00,0.8743357470157676
1989-01-30 22:00:00,0.8815343946755886
1989-01-31 22:00:00,0.8872333240729469
1989-02-01 22:00:00,0.8883331174654195
1989-02-02 22:00:00,0.8903327418153698
1989-02-03 22:00:00,0.8765353338007128
1989-02-06 22:00:00,0.8813344322405935
1989-02-07 22:00:00,0.8872333240729469
1989-02-08 22:00:00,0.891332553990345
1989-02-09 22:00:00,0.887833211377932
1989-02-10 22:00:00,0.885333680940494
1989-02-13 22:00:00,0.8872333240729469
1989-02-14 22:00:00,0.8836340002430364
1989-02-15 22:00:00,0.8729360099708022
1989-02-16 22:00:00,0.837342696541687
1989-02-17 22:00:00,0.8228454200045473
1989-02-21 22:00:00,0.810147805382363
1989-02-22 22:00:00,0.8201459271321144
1989-02-23 22:00:00,0.8273445747919355
1989-02-24 22:00:00,0.8235452885270299
1989-02-27 22:00:00,0.7963503973677059
1989-02-28 22:00:00,0.7986499653701487
1989-03-01 22:00:00,0.8034490638100295
1989-03-02 22:00:00,0.8038489886800195
1989-03-03 22:00:00,0.8126473358198008
1989-03-06 22:00:00,0.8136471479947759
1989-03-07 22:00:00,0.8085481059024027
1989-03-08 22:00:00,0.8131472419072884
1989-03-09 22:00:00,0.8179463403471692
1989-03-10 22:00:00,0.8214456829595821
1989-03-13 22:00:00,0.8217456266120746
1989-03-14 22:00:00,0.8111476175573381
1989-03-15 22:00:00,0.8051487445074872
1989-03-16 22:00:00,0.8183462652171591
1989-03-17 22:00:00,0.8211457393070896
1989-03-20 22:00:00,0.8237452509620249
1989-03-21 22:00:00,0.8218456078295722
1989-03-22 22:00:00,0.8206458332196019
1989-03-23 22:00:00,0.827444556009433
1989-03-24 22:00:00,0.8268446687044478
1989-03-27 22:00:00,0.8233453260920349
1989-03-28 22:00:00,0.8158467347797212
1989-03-29 22:00:00,0.817146490607189
1989-03-30 22:00:00,0.817146490607189
1989-03-31 22:00:00,0.8188461713046467
1989-04-03 22:00:00,0.8248450443544976
1989-04-04 22:00:00,0.8219455890470697
1989-04-05 22:00:00,0.7980500780651637
1989-04-06 22:00:00,0.8066484627699498
1989-04-07 22:00:00,0.8055486693774773
1989-04-10 22:00:00,0.8066484627699498
1989-04-11 22:00:00,0.806848425204945
1989-04-12 22:00:00,0.8069484064224425
1989-04-13 22:00:00,0.8063485191174573
1989-04-14 22:00:00,0.8092479744248853
1989-04-17 22:00:00,0.8126473358198008
1989-04-18 22:00:00,0.7999497211976164
1989-04-19 22:00:00,0.7999497211976164
1989-04-20 22:00:00,0.8018493643300693
1989-04-21 22:00:00,0.7948506791052432
1989-04-24 22:00:00,0.7911513740578351
1989-04-25 22:00:00,0.7919512237978152
1989-04-26 22:00:00,0.7934509420602779
1989-04-27 22:00:00,0.7943507730177556
1989-04-28 22:00:00,0.7938508669302681
1989-05-01 22:00:00,0.7918512425803178
1989-05-02 22:00:00,0.7933509608427805
1989-05-03 22:00:00,0.7960504537152133
1989-05-04 22:00:00,0.8001496836326114
1989-05-05 22:00:00,0.7988499278051437
1989-05-08 22:00:00,0.7993498338926314
1989-05-09 22:00:00,0.7950506415402382
1989-05-10 22:00:00,0.7925511111028003
1989-05-11 22:00:00,0.7919512237978152
1989-05-12 22:00:00,0.7823530269180538
1989-05-15 22:00:00,0.7779538533481631
1989-05-16 22:00:00,0.7712551117758296
1989-05-17 22:00:00,0.7584575159361479
1989-05-18 22:00:00,0.7593573468936253
1989-05-19 22:00:00,0.7626567270710434
1989-05-22 22:00:00,0.7433603520940231
1989-05-23 22:00:00,0.7473596007939236
1989-05-24 22:00:00,0.746859694706436
1989-05-25 22:00:00,0.7563579103686999
1989-05-26 22:00:00,0.7518587555813118
1989-05-30 22:00:00,0.746859694706436
1989-05-31 22:00:00,0.7520587180163067
1989-06-01 22:00:00,0.7528585677562869
1989-06-02 22:00:00,0.7583575347186502
1989-06-05 22:00:00,0.7558580042812124
1989-06-06 22:00:00,0.7526586053212919
1989-06-07 22:00:00,0.7572577413261775
1989-06-08 22:00:00,0.7516587931463168
1989-06-09 22:00:00,0.7448600703564857
1989-06-12 22:00:00,0.7393611033941224
1989-06-13 22:00:00,0.7421605774840527
1989-06-14 22:00:00,0.7420605962665553
1989-06-15 22:00:00,0.7478595068814111
1989-06-16 22:00:00,0.7525586241037944
1989-06-19 22:00:00,0.753858379931262
1989-06-20 22:00:00,0.7571577601086801
1989-06-21 22:00:00,0.7688555625558893
1989-06-22 22:00:00,0.7758542477807153
1989-06-23 22:00:00,0.7718549990808148
1989-06-26 22:00:00,0.7718549990808148
1989-06-27 22:00:00,0.7649562950734862
1989-06-28 22:00:00,0.7571577601086801
1989-06-29 22:00:00,0.7556580418462173
1989-06-30 22:00:00,0.7555580606287199
1989-07-03 22:00:00,0.7653562199434762
1989-07-05 22:00:00,0.7694554498608743
1989-07-06 22:00:00,0.7648563138559887
1989-07-07 22:00:00,0.7661560696834564
1989-07-10 22:00:00,0.7641564453335061
1989-07-11 22:00:00,0.7582575535011526
1989-07-12 22:00:00,0.7609570463735856
1989-07-13 22:00:00,0.7550581545412323
1989-07-14 22:00:00,0.7555580606287199
1989-07-17 22:00:00,0.7568578164561875
1989-07-18 22:00:00,0.7558580042812124
1989-07-19 22:00:00,0.746859694706436
1989-07-20 22:00:00,0.750159074883854
1989-07-21 22:00:00,0.7491592627088788
1989-07-24 22:00:00,0.7463597886189485
1989-07-25 22:00:00,0.7485593754038938
1989-07-26 22:00:00,0.7544582672362472
1989-07-27 22:00:00,0.756557872803695
1989-07-28 22:00:00,0.7478595068814111
1989-07-31 22:00:00,0.7561579479337048
1989-08-01 22:00:00,0.7609570463735856
1989-08-02 22:00:00,0.7692554874258793
1989-08-03 22:00:00,0.7659561072484614
1989-08-04 22:00:00,0.7647563326384912
1989-08-07 22:00:00,0.7646563514209938
1989-08-08 22:00:00,0.7694554498608743
1989-08-09 22:00:00,0.7678557503809141
1989-08-10 22:00:00,0.763956482898511
1989-08-11 22:00:00,0.7588574408061378
1989-08-14 22:00:00,0.760257177851103
1989-08-15 22:00:00,0.7544582672362472
1989-08-16 22:00:00,0.7571577601086801
1989-08-17 22:00:00,0.7553580981937248
1989-08-18 22:00:00,0.7754543229107252
1989-08-21 22:00:00,0.7611570088085806
1989-08-22 22:00:00,0.7655561823784713
1989-08-23 22:00:00,0.7653562199434762
1989-08-24 22:00:00,0.759857252981113
1989-08-25 22:00:00,0.7578576286311627
1989-08-28 22:00:00,0.760257177851103
1989-08-29 22:00:00,0.7667559569884415
1989-08-30 22:00:00,0.7663560321184514
1989-08-31 22:00:00,0.7645563702034962
1989-09-01 22:00:00,0.7591573844586303
1989-09-05 22:00:00,0.7577576474136651
1989-09-06 22:00:00,0.7617568961135658
1989-09-07 22:00:00,0.7613569712435756
1989-09-08 22:00:00,0.7663560321184514
1989-09-11 22:00:00,0.7635565580285211
1989-09-12 22:00:00,0.7641564453335061
1989-09-13 22:00:00,0.7761541914332079
1989-09-14 22:00:00,0.7750543980407352
1989-09-15 22:00:00,0.7723549051683023
1989-09-18 22:00:00,0.7754543229107252
1989-09-19 22:00:00,0.7750543980407352
1989-09-20 22:00:00,0.7748544356057402
1989-09-21 22:00:00,0.7721549427333073
1989-09-22 22:00:00,0.7831528766580339
1989-09-25 22:00:00,0.7903515243178549
1989-09-26 22:00:00,0.7898516182303674
1989-09-27 22:00:00,0.7823530269180538
1989-09-28 22:00:00,0.7756542853457203
1989-09-29 22:00:00,0.7746544731707452
1989-10-02 22:00:00,0.777154003608183
1989-10-03 22:00:00,0.7776539096956706
1989-10-04 22:00:00,0.7766540975206955
1989-10-05 22:00:00,0.7773539660431781
1989-10-06 22:00:00,0.7821530644830588
1989-10-10 22:00:00,0.7762541726507054
1989-10-11 22:00:00,0.7753543416932277
1989-10-12 22:00:00,0.7680557128159091
1989-10-13 22:00:00,0.7681556940334067
1989-10-16 22:00:00,0.7616569148960682
1989-10-17 22:00:00,0.7676557879459192
1989-10-18 22:00:00,0.7705552432533471
1989-10-19 22:00:00,0.7753543416932277
1989-10-20 22:00:00,0.7715550554283223
1989-10-23 22:00:00,0.7702552996008545
1989-10-24 22:00:00,0.7649562950734862
1989-10-25 22:00:00,0.7737546422132675
1989-10-26 22:00:00,0.7780538345656607
1989-10-27 22:00:00,0.7773539660431781
1989-10-30 22:00:00,0.7829529142230389
1989-10-31 22:00:00,0.7824530081355513
1989-11-01 22:00:00,0.7810532710905861
1989-11-02 22:00:00,0.779653534045621
1989-11-03 22:00:00,0.7795535528281233
1989-11-06 22:00:00,0.7812532335255811
1989-11-07 22:00:00,0.7844526324855016
1989-11-08 22:00:00,0.7851525010079842
1989-11-09 22:00:00,0.7889517872728898
1989-11-10 22:00:00,0.7857523883129693
1989-11-13 22:00:00,0.7891517497078848
1989-11-14 22:00:00,0.7869521629229395
1989-11-15 22:00:00,0.7832528578755314
1989-11-16 22:00:00,0.7806533462205961
1989-11-17 22:00:00,0.7823530269180538
1989-11-20 22:00:00,0.7811532523080836
1989-11-21 22:00:00,0.777154003608183
1989-11-22 22:00:00,0.7759542289982129
1989-11-24 22:00:00,0.7830528954405364
1989-11-27 22:00:00,0.7844526324855016
1989-11-28 22:00:00,0.7861523131829594
1989-11-29 22:00:00,0.780453383785601
1989-11-30 22:00:00,0.7823530269180538
1989-12-01 22:00:00,0.779853496480616
1989-12-04 22:00:00,0.7807533274380936
1989-12-05 22:00:00,0.7813532147430786
1989-12-06 22:00:00,0.7829529142230389
1989-12-07 22:00:00,0.7814531959605762
1989-12-08 22:00:00,0.7823530269180538
1989-12-11 22:00:00,0.7834528203105264
1989-12-12 22:00:00,0.7861523131829594
1989-12-13 22:00:00,0.7850525197904867
1989-12-14 22:00:00,0.7848525573554918
1989-12-15 22:00:00,0.783552801528024
1989-12-18 22:00:00,0.7833528390930289
1989-12-19 22:00:00,0.7851525010079842
1989-12-20 22:00:00,0.786852181705442
1989-12-21 22:00:00,0.7862522944004569
1989-12-22 22:00:00,0.7883518999679047
1989-12-26 22:00:00,0.7913513364928301
1989-12-27 22:00:00,0.7985499841526512
1989-12-28 22:00:00,0.7934509420602779
1989-12-29 22:00:00,0.7891517497078848
1990-01-02 22:00:00,0.7853524634429793
1990-01-03 22:00:00,0.7816531583955713
1990-01-04 22:00:00,0.7865522380529494
1990-01-05 22:00:00,0.7858523695304669
1990-01-08 22:00:00,0.7847525761379942
1990-01-09 22:00:00,0.7864522568354518
1990-01-10 22:00:00,0.7884518811854022
1990-01-11 22:00:00,0.7908514304053426
1990-01-12 22:00:00,0.7937508857127705
1990-01-16 22:00:00,0.7892517309253824
1990-01-17 22:00:00,0.7915512989278252
1990-01-18 22:00:00,0.7939508481477655
1990-01-19 22:00:00,0.7933509608427805
1990-01-22 22:00:00,0.7952506039752332
1990-01-23 22:00:00,0.7749544168232377
1990-01-24 22:00:00,0.7620568397660583
1990-01-25 22:00:00,0.7581575722836552
1990-01-26 22:00:00,0.7603571590686005
1990-01-29 22:00:00,0.763356595593526
1990-01-30 22:00:00,0.7658561260309639
1990-01-31 22:00:00,0.7683556564684016
1990-02-01 22:00:00,0.7700553371658595
1990-02-02 22:00:00,0.7733547173432774
1990-02-05 22:00:00,0.7653562199434762
1990-02-06 22:00:00,0.7663560321184514
1990-02-07 22:00:00,0.7573577225436751
1990-02-08 22:00:00,0.7543582860187495
1990-02-09 22:00:00,0.7491592627088788
1990-02-12 22:00:00,0.7519587367988093
1990-02-13 22:00:00,0.7519587367988093
1990-02-14 22:00:00,0.7455599388789683
1990-02-15 22:00:00,0.7498591312313615
1990-02-16 22:00:00,0.756557872803695
1990-02-20 22:00:00,0.7593573468936253
1990-02-21 22:00:00,0.7584575159361479
1990-02-22 22:00:00,0.7644563889859985
1990-02-23 22:00:00,0.7650562762909837
1990-02-26 22:00:00,0.7648563138559887
1990-02-27 22:00:00,0.7603571590686005
1990-02-28 22:00:00,0.7599572341986105
1990-03-01 22:00:00,0.763356595593526
1990-03-02 22:00:00,0.759457328111123
1990-03-05 22:00:00,0.7583575347186502
1990-03-06 22:00:00,0.7609570463735856
1990-03-07 22:00:00,0.759457328111123
1990-03-08 22:00:00,0.7605571215035956
1990-03-09 22:00:00,0.7605571215035956
1990-03-12 22:00:00,0.7578576286311627
1990-03-13 22:00:00,0.7608570651560881
1990-03-14 22:00:00,0.763356595593526
1990-03-15 22:00:00,0.7561579479337048
1990-03-16 22:00:00,0.7534584550612721
1990-03-19 22:00:00,0.7547582108887397
1990-03-20 22:00:00,0.7563579103686999
1990-03-21 22:00:00,0.7518587555813118
1990-03-22 22:00:00,0.7502590561013515
1990-03-23 22:00:00,0.7472596195764261
1990-03-26 22:00:00,0.7467597134889385
1990-03-27 22:00:00,0.7450600327914807
1990-03-28 22:00:00,0.7469596759239335
1990-03-29 22:00:00,0.7521586992338043
1990-03-30 22:00:00,0.7546582296712422
1990-04-02 22:00:00,0.7559579854987099
1990-04-03 22:00:00,0.7603571590686005
1990-04-04 22:00:00,0.7667559569884415
1990-04-05 22:00:00,0.7648563138559887
1990-04-06 22:00:00,0.7648563138559887
1990-04-09 22:00:00,0.7628566895060385
1990-04-10 22:00:00,0.7641564453335061
1990-04-11 22:00:00,0.7661560696834564
1990-04-12 22:00:00,0.7661560696834564
1990-04-13 22:00:00,0.7648563138559887
1990-04-16 22:00:00,0.7652562387259787
1990-04-17 22:00:00,0.7651562575084813
1990-04-18 22:00:00,0.7698553747308644
1990-04-19 22:00:00,0.7730547736907849
1990-04-20 22:00:00,0.770355280818352
1990-04-23 22:00:00,0.7653562199434762
1990-04-24 22:00:00,0.7661560696834564
1990-04-25 22:00:00,0.7658561260309639
1990-04-26 22:00:00,0.7558580042812124
1990-04-27 22:00:00,0.750159074883854
1990-04-30 22:00:00,0.7498591312313615
1990-05-01 22:00:00,0.7455599388789683
1990-05-02 22:00:00,0.7518587555813118
1990-05-03 22:00:00,0.7550581545412323
1990-05-04 22:00:00,0.7544582672362472
1990-05-07 22:00:00,0.7563579103686999
1990-05-08 22:00:00,0.7575576849786702
1990-05-09 22:00:00,0.7583575347186502
1990-05-10 22:00:00,0.7585574971536453
1990-05-11 22:00:00,0.759857252981113
1990-05-14 22:00:00,0.7667559569884415
1990-05-15 22:00:00,0.7643564077685011
1990-05-16 22:00:00,0.7623567834185507
1990-05-17 22:00:00,0.7615569336785708
1990-05-18 22:00:00,0.7603571590686005
1990-05-21 22:00:00,0.7638565016810136
1990-05-22 22:00:00,0.7638565016810136
1990-05-23 22:00:00,0.7651562575084813
1990-05-24 22:00:00,0.7621568209835557
1990-05-25 22:00:00,0.766655975770944
1990-05-29 22:00:00,0.7658561260309639
1990-05-30 22:00:00,0.7718549990808148
1990-05-31 22:00:00,0.7676557879459192
1990-06-01 22:00:00,0.7691555062083818
1990-06-04 22:00:00,0.7674558255109241
1990-06-05 22:00:00,0.7708551869058397
1990-06-06 22:00:00,0.7716550366458198
1990-06-07 22:00:00,0.7773539660431781
1990-06-08 22:00:00,0.7723549051683023
1990-06-11 22:00:00,0.7749544168232377
1990-06-12 22:00:00,0.773854623430765
1990-06-13 22:00:00,0.7741545670832576
1990-06-14 22:00:00,0.7748544356057402
1990-06-15 22:00:00,0.7754543229107252
1990-06-18 22:00:00,0.7790536467406358
1990-06-19 22:00:00,0.7838527451805165
1990-06-20 22:00:00,0.7831528766580339
1990-06-21 22:00:00,0.789951599447865
1990-06-22 22:00:00,0.7850525197904867
1990-06-25 22:00:00,0.7849525385729892
1990-06-26 22:00:00,0.7844526324855016
1990-06-27 22:00:00,0.7873520877929295
1990-06-28 22:00:00,0.7851525010079842
1990-06-29 22:00:00,0.7914513177103276
1990-07-02 22:00:00,0.7962504161502084
1990-07-03 22:00:00,0.7972502283251836
1990-07-05 22:00:00,0.7988499278051437
1990-07-06 22:00:00,0.7972502283251836
1990-07-09 22:00:00,0.8023492704175568
1990-07-10 22:00:00,0.8064485003349549
1990-07-11 22:00:00,0.7963503973677059
1990-07-12 22:00:00,0.7911513740578351
1990-07-13 22:00:00,0.7802534213506059
1990-07-16 22:00:00,0.7813532147430786
1990-07-17 22:00:00,0.78975163701287
1990-07-18 22:00:00,0.7913513364928301
1990-07-19 22:00:00,0.7817531396130688
1990-07-20 22:00:00,0.7836527827455215
1990-07-23 22:00:00,0.7837527639630191
1990-07-24 22:00:00,0.7856524070954718
1990-07-25 22:00:00,0.7857523883129693
1990-07-26 22:00:00,0.7790536467406358
1990-07-27 22:00:00,0.7895516745778748
1990-07-30 22:00:00,0.7914513177103276
1990-07-31 22:00:00,0.793650904495273
1990-08-01 22:00:00,0.7938508669302681
1990-08-02 22:00:00,0.7857523883129693
1990-08-03 22:00:00,0.7848525573554918
1990-08-06 22:00:00,0.7898516182303674
1990-08-07 22:00:00,0.7923511486678053
1990-08-08 22:00:00,0.7951506227577357
1990-08-09 22:00:00,0.7990498902401388
1990-08-10 22:00:00,0.797550171977676
1990-08-13 22:00:00,0.8023492704175568
1990-08-14 22:00:00,0.8059485942474673
1990-08-15 22:00:00,0.8069484064224425
1990-08-16 22:00:00,0.804348894767507
1990-08-17 22:00:00,0.806848425204945
1990-08-20 22:00:00,0.8078482373799202
1990-08-21 22:00:00,0.8160466972147163
1990-08-22 22:00:00,0.8203458895671094
1990-08-23 22:00:00,0.8291442367068907
1990-08-24 22:00:00,0.8328435417542988
1990-08-27 22:00:00,0.8309438986218459
1990-08-28 22:00:00,0.8300440676643684
1990-08-29 22:00:00,0.8323436356668112
1990-08-30 22:00:00,0.8166465845197014
1990-08-31 22:00:00,0.8158467347797212
1990-09-04 22:00:00,0.8145469789522536
1990-09-05 22:00:00,0.827644518444428
1990-09-06 22:00:00,0.8235452885270299
1990-09-07 22:00:00,0.8206458332196019
1990-09-10 22:00:00,0.8121474297323132
1990-09-11 22:00:00,0.8168465469546964
1990-09-12 22:00:00,0.8185462276521541
1990-09-13 22:00:00,0.8208457956545969
1990-09-14 22:00:00,0.8265447250519553
1990-09-17 22:00:00,0.8314438047093337
1990-09-18 22:00:00,0.8333434478417864
1990-09-19 22:00:00,0.8289442742718957
1990-09-20 22:00:00,0.8264447438344579
1990-09-21 22:00:00,0.8286443306194031
1990-09-24 22:00:00,0.8313438234918361
1990-09-25 22:00:00,0.830144048881866
1990-09-26 22:00:00,0.8308439174043485
1990-09-27 22:00:00,0.8265447250519553
1990-09-28 22:00:00,0.8252449692244876
1990-10-01 22:00:00,0.8309438986218459
1990-10-02 22:00:00,0.8296441427943783
1990-10-03 22:00:00,0.8318437295793236
1990-10-04 22:00:00,0.8328435417542988
1990-10-05 22:00:00,0.8349431473217466
1990-10-09 22:00:00,0.8335434102767814
1990-10-10 22:00:00,0.8263447626169603
1990-10-11 22:00:00,0.813847110429771
1990-10-12 22:00:00,0.8181463027821642
1990-10-15 22:00:00,0.7886518436203972
1990-10-16 22:00:00,0.786852181705442
1990-10-17 22:00:00,0.7773539660431781
1990-10-18 22:00:00,0.7688555625558893
1990-10-19 22:00:00,0.7818531208305662
1990-10-22 22:00:00,0.7818531208305662
1990-10-23 22:00:00,0.7778538721306657
1990-10-24 22:00:00,0.7802534213506059
1990-10-25 22:00:00,0.7831528766580339
1990-10-26 22:00:00,0.7810532710905861
1990-10-29 22:00:00,0.7833528390930289
1990-10-30 22:00:00,0.7819531020480638
1990-10-31 22:00:00,0.7846525949204967
1990-11-01 22:00:00,0.783552801528024
1990-11-02 22:00:00,0.7763541538682028
1990-11-05 22:00:00,0.7818531208305662
1990-11-06 22:00:00,0.786852181705442
1990-11-07 22:00:00,0.7783537782181532
1990-11-08 22:00:00,0.7779538533481631
1990-11-09 22:00:00,0.7792536091756308
1990-11-13 22:00:00,0.7723549051683023
1990-11-14 22:00:00,0.7705552432533471
1990-11-15 22:00:00,0.7718549990808148
1990-11-16 22:00:00,0.7693554686433768
1990-11-19 22:00:00,0.763356595593526
1990-11-20 22:00:00,0.7651562575084813
1990-11-21 22:00:00,0.763356595593526
1990-11-23 22:00:00,0.7656561635959689
1990-11-26 22:00:00,0.7661560696834564
1990-11-27 22:00:00,0.7682556752509042
1990-11-28 22:00:00,0.7689555437733868
1990-11-29 22:00:00,0.7720549615158098
1990-11-30 22:00:00,0.773854623430765
1990-12-03 22:00:00,0.7766540975206955
1990-12-04 22:00:00,0.777154003608183
1990-12-05 22:00:00,0.7690555249908844
1990-12-06 22:00:00,0.7698553747308644
1990-12-07 22:00:00,0.7733547173432774
1990-12-10 22:00:00,0.7665559945534465
1990-12-11 22:00:00,0.7675558067284216
1990-12-12 22:00:00,0.7658561260309639
1990-12-13 22:00:00,0.7579576098486601
1990-12-14 22:00:00,0.7673558442934265
1990-12-17 22:00:00,0.7658561260309639
1990-12-18 22:00:00,0.769955355948362
1990-12-19 22:00:00,0.7708551869058397
1990-12-20 22:00:00,0.7732547361257799
1990-12-21 22:00:00,0.7728548112557899
1990-12-24 22:00:00,0.773854623430765
1990-12-26 22:00:00,0.773854623430765
1990-12-27 22:00:00,0.7673558442934265
1990-12-28 22:00:00,0.7698553747308644
1990-12-31 22:00:00,0.7718549990808148
1991-01-02 22:00:00,0.7733547173432774
1991-01-03 22:00:00,0.7782537970006557
1991-01-04 22:00:00,0.7791536279581334
1991-01-07 22:00:00,0.7773539660431781
1991-01-08 22:00:00,0.7783537782181532
1991-01-09 22:00:00,0.7726548488207949
1991-01-10 22:00:00,0.7731547549082824
1991-01-11 22:00:00,0.7726548488207949
1991-01-14 22:00:00,0.7763541538682028
1991-01-15 22:00:00,0.7808533086555911
1991-01-16 22:00:00,0.7887518248378947
1991-01-17 22:00:00,0.7815531771780736
1991-01-18 22:00:00,0.7776539096956706
1991-01-22 22:00:00,0.7818531208305662
1991-01-23 22:00:00,0.783952726398014
1991-01-24 22:00:00,0.7785537406531482
1991-01-25 22:00:00,0.7758542477807153
1991-01-28 22:00:00,0.7810532710905861
1991-01-29 22:00:00,0.7834528203105264
1991-01-30 22:00:00,0.7848525573554918
1991-01-31 22:00:00,0.7824530081355513
1991-02-01 22:00:00,0.7818531208305662
1991-02-04 22:00:00,0.7815531771780736
1991-02-05 22:00:00,0.7763541538682028
1991-02-06 22:00:00,0.7785537406531482
1991-02-07 22:00:00,0.7814531959605762
1991-02-08 22:00:00,0.7794535716106258
1991-02-11 22:00:00,0.7791536279581334
1991-02-12 22:00:00,0.7807533274380936
1991-02-13 22:00:00,0.7873520877929295
1991-02-14 22:00:00,0.7867522004879445
1991-02-15 22:00:00,0.7884518811854022
1991-02-19 22:00:00,0.7878519938804172
1991-02-20 22:00:00,0.7871521253579346
1991-02-21 22:00:00,0.7878519938804172
1991-02-22 22:00:00,0.7836527827455215
1991-02-25 22:00:00,0.7831528766580339
1991-02-26 22:00:00,0.7838527451805165
1991-02-27 22:00:00,0.7834528203105264
1991-02-28 22:00:00,0.7851525010079842
1991-03-01 22:00:00,0.7846525949204967
1991-03-04 22:00:00,0.7761541914332079
1991-03-05 22:00:00,0.7725548676032974
1991-03-06 22:00:00,0.7685556189033969
1991-03-07 22:00:00,0.7680557128159091
1991-03-08 22:00:00,0.7676557879459192
1991-03-11 22:00:00,0.7667559569884415
1991-03-12 22:00:00,0.7671558818584315
1991-03-13 22:00:00,0.7649562950734862
1991-03-14 22:00:00,0.7686556001208943
1991-03-15 22:00:00,0.7711551305583321
1991-03-18 22:00:00,0.7677557691634167
1991-03-19 22:00:00,0.7694554498608743
1991-03-20 22:00:00,0.7681556940334067
1991-03-21 22:00:00,0.7710551493408346
1991-03-22 22:00:00,0.7728548112557899
1991-03-25 22:00:00,0.7708551869058397
1991-03-26 22:00:00,0.7711551305583321
1991-03-27 22:00:00,0.77405458586576
1991-03-28 22:00:00,0.7748544356057402
1991-03-29 22:00:00,0.7728548112557899
1991-04-01 22:00:00,0.7748544356057402
1991-04-02 22:00:00,0.7748544356057402
1991-04-03 22:00:00,0.7784537594356506
1991-04-04 22:00:00,0.7840527076155116
1991-04-05 22:00:00,0.7858523695304669
1991-04-08 22:00:00,0.7844526324855016
1991-04-09 22:00:00,0.7855524258779742
1991-04-10 22:00:00,0.7869521629229395
1991-04-11 22:00:00,0.7816531583955713
1991-04-12 22:00:00,0.7842526700505066
1991-04-15 22:00:00,0.7801534401331085
1991-04-16 22:00:00,0.7797535152631184
1991-04-17 22:00:00,0.7788536843056408
1991-04-18 22:00:00,0.7774539472606755
1991-04-19 22:00:00,0.7726548488207949
1991-04-22 22:00:00,0.7701553183833569
1991-04-23 22:00:00,0.7748544356057402
1991-04-24 22:00:00,0.7739546046482626
1991-04-25 22:00:00,0.7766540975206955
1991-04-26 22:00:00,0.7793535903931283
1991-04-29 22:00:00,0.7790536467406358
1991-04-30 22:00:00,0.7812532335255811
1991-05-01 22:00:00,0.7786537218706457
1991-05-02 22:00:00,0.7778538721306657
1991-05-03 22:00:00,0.7762541726507054
1991-05-06 22:00:00,0.7793535903931283
1991-05-07 22:00:00,0.7805533650030985
1991-05-08 22:00:00,0.7836527827455215
1991-05-09 22:00:00,0.7828529330055414
1991-05-10 22:00:00,0.7836527827455215
1991-05-13 22:00:00,0.7789536655231383
1991-05-14 22:00:00,0.7786537218706457
1991-05-15 22:00:00,0.7833528390930289
1991-05-16 22:00:00,0.7832528578755314
1991-05-17 22:00:00,0.7823530269180538
1991-05-20 22:00:00,0.7822530457005563
1991-05-21 22:00:00,0.7763541538682028
1991-05-22 22:00:00,0.7713550929933272
1991-05-23 22:00:00,0.7563579103686999
1991-05-24 22:00:00,0.7588574408061378
1991-05-28 22:00:00,0.7601571966336055
1991-05-29 22:00:00,0.7603571590686005
1991-05-30 22:00:00,0.7563579103686999
1991-05-31 22:00:00,0.7592573656761278
1991-06-03 22:00:00,0.7573577225436751
1991-06-04 22:00:00,0.759857252981113
1991-06-05 22:00:00,0.7601571966336055
1991-06-06 22:00:00,0.7505589997538441
1991-06-07 22:00:00,0.7513588494938241
1991-06-10 22:00:00,0.7518587555813118
1991-06-11 22:00:00,0.7548581921062372
1991-06-12 22:00:00,0.7546582296712422
1991-06-13 22:00:00,0.753858379931262
1991-06-14 22:00:00,0.7543582860187495
1991-06-17 22:00:00,0.759657290546118
1991-06-18 22:00:00,0.7628566895060385
1991-06-19 22:00:00,0.7629566707235359
1991-06-20 22:00:00,0.763956482898511
1991-06-21 22:00:00,0.7648563138559887
1991-06-24 22:00:00,0.7643564077685011
1991-06-25 22:00:00,0.7648563138559887
1991-06-26 22:00:00,0.766855938205939
1991-06-27 22:00:00,0.7673558442934265
1991-06-28 22:00:00,0.766855938205939
1991-07-01 22:00:00,0.7649562950734862
1991-07-02 22:00:00,0.7641564453335061
1991-07-03 22:00:00,0.7640564641160086
1991-07-05 22:00:00,0.7649562950734862
1991-07-08 22:00:00,0.7663560321184514
1991-07-09 22:00:00,0.7648563138559887
1991-07-10 22:00:00,0.7662560509009538
1991-07-11 22:00:00,0.7662560509009538
1991-07-12 22:00:00,0.7698553747308644
1991-07-15 22:00:00,0.7736546609957701
1991-07-16 22:00:00,0.7753543416932277
1991-07-17 22:00:00,0.7758542477807153
1991-07-18 22:00:00,0.7728548112557899
1991-07-19 22:00:00,0.7783537782181532
1991-07-22 22:00:00,0.7753543416932277
1991-07-23 22:00:00,0.7736546609957701
1991-07-24 22:00:00,0.7749544168232377
1991-07-25 22:00:00,0.7708551869058397
1991-07-26 22:00:00,0.7756542853457203
1991-07-29 22:00:00,0.7759542289982129
1991-07-30 22:00:00,0.7790536467406358
1991-07-31 22:00:00,0.7778538721306657
1991-08-01 22:00:00,0.7763541538682028
1991-08-02 22:00:00,0.7788536843056408
1991-08-05 22:00:00,0.780053458915611
1991-08-06 22:00:00,0.7820530832655612
1991-08-07 22:00:00,0.7833528390930289
1991-08-08 22:00:00,0.7823530269180538
1991-08-09 22:00:00,0.7833528390930289
1991-08-12 22:00:00,0.7837527639630191
1991-08-13 22:00:00,0.7823530269180538
1991-08-14 22:00:00,0.7819531020480638
1991-08-15 22:00:00,0.7783537782181532
1991-08-16 22:00:00,0.7774539472606755
1991-08-19 22:00:00,0.7788536843056408
1991-08-20 22:00:00,0.7813532147430786
1991-08-21 22:00:00,0.7838527451805165
1991-08-22 22:00:00,0.7869521629229395
1991-08-23 22:00:00,0.7853524634429793
1991-08-26 22:00:00,0.784352651268004
1991-08-27 22:00:00,0.783952726398014
1991-08-28 22:00:00,0.784352651268004
1991-08-29 22:00:00,0.7840527076155116
1991-08-30 22:00:00,0.7850525197904867
1991-09-03 22:00:00,0.7779538533481631
1991-09-04 22:00:00,0.7846525949204967
1991-09-05 22:00:00,0.7854524446604767
1991-09-06 22:00:00,0.7865522380529494
1991-09-09 22:00:00,0.7903515243178549
1991-09-10 22:00:00,0.7876520314454221
1991-09-11 22:00:00,0.7894516933603773
1991-09-12 22:00:00,0.7956505288452232
1991-09-13 22:00:00,0.7961504349327109
1991-09-16 22:00:00,0.7989499090226413
1991-09-17 22:00:00,0.7993498338926314
1991-09-18 22:00:00,0.799849739980119
1991-09-19 22:00:00,0.7955505476277257
1991-09-20 22:00:00,0.7972502283251836
1991-09-23 22:00:00,0.8009495333725916
1991-09-24 22:00:00,0.800049702415114
1991-09-25 22:00:00,0.7959504724977159
1991-09-26 22:00:00,0.7933509608427805
1991-09-27 22:00:00,0.7963503973677059
1991-09-30 22:00:00,0.7993498338926314
1991-10-01 22:00:00,0.796950284672691
1991-10-02 22:00:00,0.800249664850109
1991-10-03 22:00:00,0.7951506227577357
1991-10-04 22:00:00,0.7938508669302681
1991-10-07 22:00:00,0.7958504912802183
1991-10-08 22:00:00,0.7932509796252829
1991-10-09 22:00:00,0.7953505851927307
1991-10-10 22:00:00,0.7941508105827606
1991-10-11 22:00:00,0.7968503034551935
1991-10-15 22:00:00,0.799849739980119
1991-10-16 22:00:00,0.7953505851927307
1991-10-17 22:00:00,0.7968503034551935
1991-10-18 22:00:00,0.7978501156301686
1991-10-21 22:00:00,0.7966503410201984
1991-10-22 22:00:00,0.7948506791052432
1991-10-23 22:00:00,0.7838527451805165
1991-10-24 22:00:00,0.7852524822254817
1991-10-25 22:00:00,0.7853524634429793
1991-10-28 22:00:00,0.7840527076155116
1991-10-29 22:00:00,0.7869521629229395
1991-10-30 22:00:00,0.784352651268004
1991-10-31 22:00:00,0.7789536655231383
1991-11-01 22:00:00,0.7808533086555911
1991-11-04 22:00:00,0.784352651268004
1991-11-05 22:00:00,0.7834528203105264
1991-11-06 22:00:00,0.7838527451805165
1991-11-07 22:00:00,0.784152688833009
1991-11-08 22:00:00,0.7852524822254817
1991-11-12 22:00:00,0.786652219270447
1991-11-13 22:00:00,0.7858523695304669
1991-11-14 22:00:00,0.7861523131829594
1991-11-15 22:00:00,0.7849525385729892
1991-11-18 22:00:00,0.7864522568354518
1991-11-19 22:00:00,0.7881519375329097
1991-11-20 22:00:00,0.7888518060553923
1991-11-21 22:00:00,0.7909514116228401
1991-11-22 22:00:00,0.7913513364928301
1991-11-25 22:00:00,0.7916512801453226
1991-11-26 22:00:00,0.7886518436203972
1991-11-27 22:00:00,0.786652219270447
1991-11-29 22:00:00,0.7842526700505066
1991-12-02 22:00:00,0.7838527451805165
1991-12-03 22:00:00,0.7853524634429793
1991-12-04 22:00:00,0.7849525385729892
1991-12-05 22:00:00,0.7816531583955713
1991-12-06 22:00:00,0.7782537970006557
1991-12-09 22:00:00,0.7733547173432774
1991-12-10 22:00:00,0.7726548488207949
1991-12-11 22:00:00,0.7718549990808148
1991-12-12 22:00:00,0.7709551681233371
1991-12-13 22:00:00,0.770355280818352
1991-12-16 22:00:00,0.7728548112557899
1991-12-17 22:00:00,0.7735546797782725
1991-12-18 22:00:00,0.7729547924732875
1991-12-19 22:00:00,0.7713550929933272
1991-12-20 22:00:00,0.766855938205939
1991-12-23 22:00:00,0.760257177851103
1991-12-24 22:00:00,0.7599572341986105
1991-12-26 22:00:00,0.7606571027210931
1991-12-27 22:00:00,0.7622568022010533
1991-12-30 22:00:00,0.7595573093286204
1991-12-31 22:00:00,0.7591573844586303
1992-01-02 22:00:00,0.7563579103686999
1992-01-03 22:00:00,0.7570577788911825
1992-01-06 22:00:00,0.763956482898511
1992-01-07 22:00:00,0.7549581733237347
1992-01-08 22:00:00,0.7562579291512024
1992-01-09 22:00:00,0.7463597886189485
1992-01-10 22:00:00,0.736361666869197
1992-01-13 22:00:00,0.7418606338315603
1992-01-14 22:00:00,0.7456599200964659
1992-01-15 22:00:00,0.7413607277440728
1992-01-16 22:00:00,0.7417606526140628
1992-01-17 22:00:00,0.7428604460065354
1992-01-21 22:00:00,0.7502590561013515
1992-01-22 22:00:00,0.7511588870588292
1992-01-23 22:00:00,0.7447600891389882
1992-01-24 22:00:00,0.739661047046615
1992-01-27 22:00:00,0.7381613287841522
1992-01-28 22:00:00,0.7441602018340031
1992-01-29 22:00:00,0.7429604272240329
1992-01-30 22:00:00,0.7478595068814111
1992-01-31 22:00:00,0.7519587367988093
1992-02-03 22:00:00,0.7522586804513017
1992-02-04 22:00:00,0.7488593190563864
1992-02-05 22:00:00,0.7455599388789683
1992-02-06 22:00:00,0.7478595068814111
1992-02-07 22:00:00,0.7508589434063366
1992-02-10 22:00:00,0.7479594880989087
1992-02-11 22:00:00,0.7508589434063366
1992-02-12 22:00:00,0.7512588682763266
1992-02-13 22:00:00,0.7533584738437744
1992-02-14 22:00:00,0.753858379931262
1992-02-18 22:00:00,0.7539583611487596
1992-02-19 22:00:00,0.7570577788911825
1992-02-20 22:00:00,0.7556580418462173
1992-02-21 22:00:00,0.753258492626277
1992-02-24 22:00:00,0.7508589434063366
1992-02-25 22:00:00,0.7523586616687993
1992-02-26 22:00:00,0.7485593754038938
1992-02-27 22:00:00,0.7531585114087794
1992-02-28 22:00:00,0.753658417496267
1992-03-02 22:00:00,0.7543582860187495
1992-03-03 22:00:00,0.7525586241037944
1992-03-04 22:00:00,0.7519587367988093
1992-03-05 22:00:00,0.7540583423662571
1992-03-06 22:00:00,0.7550581545412323
1992-03-09 22:00:00,0.756557872803695
1992-03-10 22:00:00,0.756957797673685
1992-03-11 22:00:00,0.7545582484537448
1992-03-12 22:00:00,0.7534584550612721
1992-03-13 22:00:00,0.7545582484537448
1992-03-16 22:00:00,0.7547582108887397
1992-03-17 22:00:00,0.7571577601086801
1992-03-18 22:00:00,0.7600572154161079
1992-03-19 22:00:00,0.7597572717636155
1992-03-20 22:00:00,0.7591573844586303
1992-03-23 22:00:00,0.7603571590686005
1992-03-24 22:00:00,0.7612569900260782
1992-03-25 22:00:00,0.7636565392460185
1992-03-26 22:00:00,0.7643564077685011
1992-03-27 22:00:00,0.7657561448134663
1992-03-30 22:00:00,0.766855938205939
1992-03-31 22:00:00,0.7698553747308644
1992-04-01 22:00:00,0.7664560133359489
1992-04-02 22:00:00,0.7661560696834564
1992-04-03 22:00:00,0.7663560321184514
1992-04-06 22:00:00,0.7630566519410334
1992-04-07 22:00:00,0.7626567270710434
1992-04-08 22:00:00,0.7593573468936253
1992-04-09 22:00:00,0.7626567270710434
1992-04-10 22:00:00,0.7635565580285211
1992-04-13 22:00:00,0.7636565392460185
1992-04-14 22:00:00,0.7659561072484614
1992-04-15 22:00:00,0.7648563138559887
1992-04-16 22:00:00,0.7665559945534465
1992-04-17 22:00:00,0.766855938205939
1992-04-20 22:00:00,0.7679557315984117
1992-04-21 22:00:00,0.7643564077685011
1992-04-22 22:00:00,0.7623567834185507
1992-04-23 22:00:00,0.7568578164561875
1992-04-24 22:00:00,0.753858379931262
1992-04-27 22:00:00,0.7560579667162074
1992-04-28 22:00:00,0.7550581545412323
1992-04-29 22:00:00,0.7587574595886403
1992-04-30 22:00:00,0.7563579103686999
1992-05-01 22:00:00,0.7553580981937248
1992-05-04 22:00:00,0.753658417496267
1992-05-05 22:00:00,0.7580575910661577
1992-05-06 22:00:00,0.7550581545412323
1992-05-07 22:00:00,0.7511588870588292
1992-05-08 22:00:00,0.7539583611487596
1992-05-11 22:00:00,0.750159074883854
1992-05-12 22:00:00,0.7521586992338043
1992-05-13 22:00:00,0.7523586616687993
1992-05-14 22:00:00,0.7572577413261775
1992-05-15 22:00:00,0.7572577413261775
1992-05-18 22:00:00,0.7581575722836552
1992-05-19 22:00:00,0.7573577225436751
1992-05-20 22:00:00,0.7564578915861975
1992-05-21 22:00:00,0.7580575910661577
1992-05-22 22:00:00,0.7571577601086801
1992-05-26 22:00:00,0.7583575347186502
1992-05-27 22:00:00,0.7578576286311627
1992-05-28 22:00:00,0.7580575910661577
1992-05-29 22:00:00,0.7566578540211925
1992-06-01 22:00:00,0.7572577413261775
1992-06-02 22:00:00,0.7573577225436751
1992-06-03 22:00:00,0.7628566895060385
1992-06-04 22:00:00,0.7627567082885409
1992-06-05 22:00:00,0.7628566895060385
1992-06-08 22:00:00,0.7638565016810136
1992-06-09 22:00:00,0.7629566707235359
1992-06-10 22:00:00,0.7615569336785708
1992-06-11 22:00:00,0.7614569524610733
1992-06-12 22:00:00,0.7584575159361479
1992-06-15 22:00:00,0.7533584738437744
1992-06-16 22:00:00,0.753258492626277
1992-06-17 22:00:00,0.7523586616687993
1992-06-18 22:00:00,0.7543582860187495
1992-06-19 22:00:00,0.7520587180163067
1992-06-22 22:00:00,0.749359225143874
1992-06-23 22:00:00,0.7516587931463168
1992-06-24 22:00:00,0.7516587931463168
1992-06-25 22:00:00,0.7498591312313615
1992-06-26 22:00:00,0.7463597886189485
1992-06-29 22:00:00,0.7469596759239335
1992-06-30 22:00:00,0.7475595632289187
1992-07-01 22:00:00,0.7467597134889385
1992-07-02 22:00:00,0.7419606150490577
1992-07-03 22:00:00,0.7442601830515005
1992-07-06 22:00:00,0.7445601267039932
1992-07-07 22:00:00,0.7434603333115205
1992-07-08 22:00:00,0.746459769836446
1992-07-09 22:00:00,0.7439602393990081
1992-07-10 22:00:00,0.7461598261839534
1992-07-13 22:00:00,0.7454599576614709
1992-07-14 22:00:00,0.7467597134889385
1992-07-15 22:00:00,0.7439602393990081
1992-07-16 22:00:00,0.7430604084415304
1992-07-17 22:00:00,0.7441602018340031
1992-07-20 22:00:00,0.7453599764439733
1992-07-21 22:00:00,0.7463597886189485
1992-07-22 22:00:00,0.7478595068814111
1992-07-23 22:00:00,0.7479594880989087
1992-07-24 22:00:00,0.7458598825314608
1992-07-27 22:00:00,0.743560314529018
1992-07-28 22:00:00,0.7436602957465156
1992-07-29 22:00:00,0.743560314529018
1992-07-30 22:00:00,0.7439602393990081
1992-07-31 22:00:00,0.7441602018340031
1992-08-03 22:00:00,0.743760276964013
1992-08-04 22:00:00,0.7412607465265751
1992-08-05 22:00:00,0.7361617044342019
1992-08-06 22:00:00,0.7370615353916795
1992-08-07 22:00:00,0.7370615353916795
1992-08-10 22:00:00,0.7373614790441722
1992-08-11 22:00:00,0.7285631319043908
1992-08-12 22:00:00,0.7180651040671517
1992-08-13 22:00:00,0.7185650101546394
1992-08-14 22:00:00,0.7209645593745796
1992-08-17 22:00:00,0.7227642212895349
1992-08-18 22:00:00,0.7201647096345996
1992-08-19 22:00:00,0.7253637329444703
1992-08-20 22:00:00,0.7218643903320573
1992-08-21 22:00:00,0.7205646345045896
1992-08-24 22:00:00,0.7135659492797636
1992-08-25 22:00:00,0.7110664188423258
1992-08-26 22:00:00,0.7147657238897337
1992-08-27 22:00:00,0.716365423369694
1992-08-28 22:00:00,0.7168653294571815
1992-08-31 22:00:00,0.7154655924122164
1992-09-01 22:00:00,0.7172652543271717
1992-09-02 22:00:00,0.7179651228496542
1992-09-03 22:00:00,0.719864765982107
1992-09-04 22:00:00,0.719864765982107
1992-09-08 22:00:00,0.7126661183222859
1992-09-09 22:00:00,0.7181650852846493
1992-09-10 22:00:00,0.7223642964195449
1992-09-11 22:00:00,0.7252637517269729
1992-09-14 22:00:00,0.7329623054742814
1992-09-15 22:00:00,0.7309626811243312
1992-09-16 22:00:00,0.7300628501668535
1992-09-17 22:00:00,0.7315625684293162
1992-09-18 22:00:00,0.7323624181692964
1992-09-21 22:00:00,0.7255636953794654
1992-09-22 22:00:00,0.72336410859452
1992-09-23 22:00:00,0.7218643903320573
1992-09-24 22:00:00,0.7231641461595251
1992-09-25 22:00:00,0.7223642964195449
1992-09-28 22:00:00,0.716365423369694
1992-09-29 22:00:00,0.712866080757281
1992-09-30 22:00:00,0.7137659117147586
1992-10-01 22:00:00,0.7139658741497535
1992-10-02 22:00:00,0.716365423369694
1992-10-05 22:00:00,0.7203646720695946
1992-10-06 22:00:00,0.7210645405920771
1992-10-07 22:00:00,0.719264878677122
1992-10-08 22:00:00,0.7206646157220872
1992-10-09 22:00:00,0.7174652167621667
1992-10-13 22:00:00,0.7220643527670523
1992-10-14 22:00:00,0.7221643339845499
1992-10-15 22:00:00,0.7222643152020474
1992-10-16 22:00:00,0.719464841112117
1992-10-19 22:00:00,0.7185650101546394
1992-10-20 22:00:00,0.7148657051072312
1992-10-21 22:00:00,0.7182650665021468
1992-10-22 22:00:00,0.7199647471996045
1992-10-23 22:00:00,0.7182650665021468
1992-10-26 22:00:00,0.7141658365847487
1992-10-27 22:00:00,0.7043676772699923
1992-10-28 22:00:00,0.696169217435196
1992-10-29 22:00:00,0.6933697433452656
1992-10-30 22:00:00,0.6950694240427233
1992-11-02 22:00:00,0.6908702129078277
1992-11-03 22:00:00,0.6948694616077282
1992-11-04 22:00:00,0.6907702316903301
1992-11-05 22:00:00,0.6966691235226835
1992-11-06 22:00:00,0.7001684661350966
1992-11-09 22:00:00,0.6988687103076289
1992-11-10 22:00:00,0.6888705885578773
1992-11-12 22:00:00,0.6933697433452656
1992-11-13 22:00:00,0.6934697245627631
1992-11-16 22:00:00,0.6879707576003998
1992-11-17 22:00:00,0.6840714901179967
1992-11-18 22:00:00,0.6879707576003998
1992-11-19 22:00:00,0.6837715464655041
1992-11-20 22:00:00,0.6841714713354943
1992-11-23 22:00:00,0.683171659160519
1992-11-24 22:00:00,0.6846713774229818
1992-11-25 22:00:00,0.6894704758628625
1992-11-27 22:00:00,0.68917053221037
1992-11-30 22:00:00,0.6820718657680465
1992-12-01 22:00:00,0.6841714713354943
1992-12-02 22:00:00,0.682771734290529
1992-12-03 22:00:00,0.6885706449053849
1992-12-04 22:00:00,0.6914701002128127
1992-12-07 22:00:00,0.6922699499527929
1992-12-08 22:00:00,0.693269762127768
1992-12-09 22:00:00,0.6940696118677482
1992-12-10 22:00:00,0.68917053221037
1992-12-11 22:00:00,0.6900703631678476
1992-12-14 22:00:00,0.6871709078604197
1992-12-15 22:00:00,0.6879707576003998
1992-12-16 22:00:00,0.6886706261228823
1992-12-17 22:00:00,0.6892705134278675
1992-12-18 22:00:00,0.6914701002128127
1992-12-21 22:00:00,0.692869837257778
1992-12-22 22:00:00,0.6908702129078277
1992-12-23 22:00:00,0.6902703256028426
1992-12-24 22:00:00,0.6910701753428228
1992-12-28 22:00:00,0.6883706824703898
1992-12-29 22:00:00,0.6893704946453649
1992-12-30 22:00:00,0.6892705134278675
1992-12-31 22:00:00,0.6888705885578773
1993-01-04 22:00:00,0.6816719408980563
1993-01-05 22:00:00,0.6733734998457626
1993-01-06 22:00:00,0.6698741572333496
1993-01-07 22:00:00,0.6688743450583745
1993-01-08 22:00:00,0.6718737815832999
1993-01-11 22:00:00,0.6734734810632601
1993-01-12 22:00:00,0.6734734810632601
1993-01-13 22:00:00,0.6692742699283645
1993-01-14 22:00:00,0.6696741947983545
1993-01-15 22:00:00,0.6738734059332502
1993-01-19 22:00:00,0.6721737252357924
1993-01-20 22:00:00,0.6688743450583745
1993-01-21 22:00:00,0.6653750024459614
1993-01-22 22:00:00,0.6718737815832999
1993-01-25 22:00:00,0.6718737815832999
1993-01-26 22:00:00,0.6748732181082253
1993-01-27 22:00:00,0.6733734998457626
1993-01-28 22:00:00,0.6810720535930713
1993-01-29 22:00:00,0.6791724104606185
1993-02-01 22:00:00,0.6753731241957129
1993-02-02 22:00:00,0.6780726170681458
1993-02-03 22:00:00,0.679672316548106
1993-02-04 22:00:00,0.6784725419381359
1993-02-05 22:00:00,0.6760729927181955
1993-02-08 22:00:00,0.6692742699283645
1993-02-09 22:00:00,0.6698741572333496
1993-02-10 22:00:00,0.6703740633208372
1993-02-11 22:00:00,0.6762729551531905
1993-02-12 22:00:00,0.6772727673281657
1993-02-16 22:00:00,0.6869709454254247
1993-02-17 22:00:00,0.686271076902942
1993-02-18 22:00:00,0.6876708139479072
1993-02-19 22:00:00,0.6898704007328526
1993-02-22 22:00:00,0.6907702316903301
1993-02-23 22:00:00,0.6958692737827034
1993-02-24 22:00:00,0.695969255000201
1993-02-25 22:00:00,0.6938696494327531
1993-02-26 22:00:00,0.6953693676952158
1993-03-01 22:00:00,0.7050675457924749
1993-03-02 22:00:00,0.7068672077074301
1993-03-03 22:00:00,0.7051675270099723
1993-03-04 22:00:00,0.7123661746697935
1993-03-05 22:00:00,0.7075670762299127
1993-03-08 22:00:00,0.70606735796745
1993-03-09 22:00:00,0.7008683346575791
1993-03-10 22:00:00,0.7042676960524947
1993-03-11 22:00:00,0.7065672640549375
1993-03-12 22:00:00,0.7106664939723356
1993-03-15 22:00:00,0.702967940225027
1993-03-16 22:00:00,0.7049675645749772
1993-03-17 22:00:00,0.7094667193623655
1993-03-18 22:00:00,0.7135659492797636
1993-03-19 22:00:00,0.7155655736297138
1993-03-22 22:00:00,0.7145657614547387
1993-03-23 22:00:00,0.703367865095017
1993-03-24 22:00:00,0.7050675457924749
1993-03-25 22:00:00,0.7087668508398829
1993-03-26 22:00:00,0.7088668320573803
1993-03-29 22:00:00,0.7076670574474102
1993-03-30 22:00:00,0.7106664939723356
1993-03-31 22:00:00,0.7042676960524947
1993-04-01 22:00:00,0.6968690859576785
1993-04-02 22:00:00,0.6968690859576785
1993-04-05 22:00:00,0.7017681656150568
1993-04-06 22:00:00,0.7035678275300121
1993-04-07 22:00:00,0.7053674894449674
1993-04-08 22:00:00,0.7090667944923754
1993-04-09 22:00:00,0.7083669259698928
1993-04-12 22:00:00,0.7113663624948182
1993-04-13 22:00:00,0.7173652355446691
1993-04-14 22:00:00,0.7211645218095748
1993-04-15 22:00:00,0.7207645969395846
1993-04-16 22:00:00,0.7162654421521966
1993-04-19 22:00:00,0.7190649162421269
1993-04-20 22:00:00,0.7155655736297138
1993-04-21 22:00:00,0.7148657051072312
1993-04-22 22:00:00,0.7115663249298133
1993-04-23 22:00:00,0.713066043192276
1993-04-26 22:00:00,0.7208645781570822
1993-04-27 22:00:00,0.7168653294571815
1993-04-28 22:00:00,0.712866080757281
1993-04-29 22:00:00,0.7131660244097736
1993-04-30 22:00:00,0.7043676772699923
1993-05-03 22:00:00,0.7059673767499524
1993-05-04 22:00:00,0.6980688605676488
1993-05-05 22:00:00,0.699068672742624
1993-05-06 22:00:00,0.7036678087475096
1993-05-07 22:00:00,0.7081669635348978
1993-05-10 22:00:00,0.7024680341375394
1993-05-11 22:00:00,0.6991686539601215
1993-05-12 22:00:00,0.7003684285700916
1993-05-13 22:00:00,0.7053674894449674
1993-05-14 22:00:00,0.7019681280500518
1993-05-17 22:00:00,0.7019681280500518
1993-05-18 22:00:00,0.6910701753428228
1993-05-19 22:00:00,0.6923699311702904
1993-05-20 22:00:00,0.693269762127768
1993-05-21 22:00:00,0.6946694991727332
1993-05-24 22:00:00,0.6939696306502507
1993-05-25 22:00:00,0.6999685037001016
1993-05-26 22:00:00,0.6982688230026438
1993-05-27 22:00:00,0.6931697809102706
1993-05-28 22:00:00,0.686071114467947
1993-06-01 22:00:00,0.6768728424581757
1993-06-02 22:00:00,0.6778726546331508
1993-06-03 22:00:00,0.6810720535930713
1993-06-04 22:00:00,0.6748732181082253
1993-06-07 22:00:00,0.6731735374107676
1993-06-08 22:00:00,0.6681744765358918
1993-06-09 22:00:00,0.6743733120207377
1993-06-10 22:00:00,0.676172973935693
1993-06-11 22:00:00,0.6793723728956135
1993-06-14 22:00:00,0.6748732181082253
1993-06-15 22:00:00,0.6763729363706881
1993-06-16 22:00:00,0.6763729363706881
1993-06-17 22:00:00,0.6741733495857427
1993-06-18 22:00:00,0.6773727485456632
1993-06-21 22:00:00,0.6848713398579769
1993-06-22 22:00:00,0.6836715652480065
1993-06-23 22:00:00,0.6736734434982551
1993-06-24 22:00:00,0.6696741947983545
1993-06-25 22:00:00,0.6692742699283645
1993-06-28 22:00:00,0.6675745892309067
1993-06-29 22:00:00,0.669374251145862
1993-06-30 22:00:00,0.6661748521859415
1993-07-01 22:00:00,0.6661748521859415
1993-07-02 22:00:00,0.6690743074933695
1993-07-06 22:00:00,0.6764729175881855
1993-07-07 22:00:00,0.679072429243121
1993-07-08 22:00:00,0.6846713774229818
1993-07-09 22:00:00,0.6822718282030414
1993-07-12 22:00:00,0.6793723728956135
1993-07-13 22:00:00,0.6773727485456632
1993-07-14 22:00:00,0.6773727485456632
1993-07-15 22:00:00,0.6798722789831011
1993-07-16 22:00:00,0.6785725231556333
1993-07-19 22:00:00,0.6768728424581757
1993-07-20 22:00:00,0.6768728424581757
1993-07-21 22:00:00,0.6773727485456632
1993-07-22 22:00:00,0.6768728424581757
1993-07-23 22:00:00,0.6778726546331508
1993-07-26 22:00:00,0.678872466808126
1993-07-27 22:00:00,0.6771727861106682
1993-07-28 22:00:00,0.6756730678482054
1993-07-29 22:00:00,0.6769728236756731
1993-07-30 22:00:00,0.6878707763829022
1993-08-02 22:00:00,0.6893704946453649
1993-08-03 22:00:00,0.6898704007328526
1993-08-04 22:00:00,0.6878707763829022
1993-08-05 22:00:00,0.6864710393379371
1993-08-06 22:00:00,0.6793723728956135
1993-08-09 22:00:00,0.6803721850705886
1993-08-10 22:00:00,0.685871152032952
1993-08-11 22:00:00,0.6821718469855439
1993-08-12 22:00:00,0.6778726546331508
1993-08-13 22:00:00,0.6778726546331508
1993-08-16 22:00:00,0.6793723728956135
1993-08-17 22:00:00,0.67307355619327
1993-08-18 22:00:00,0.6745732744557328
1993-08-19 22:00:00,0.6745732744557328
1993-08-20 22:00:00,0.6769728236756731
1993-08-23 22:00:00,0.6663748146209365
1993-08-24 22:00:00,0.6688743450583745
1993-08-25 22:00:00,0.6708739694083248
1993-08-26 22:00:00,0.6700741196683446
1993-08-27 22:00:00,0.665874908533449
1993-08-30 22:00:00,0.6705740257558321
1993-08-31 22:00:00,0.6708739694083248
1993-09-01 22:00:00,0.6678745328833994
1993-09-02 22:00:00,0.6558767867836975
1993-09-03 22:00:00,0.6481782330363889
1993-09-07 22:00:00,0.6496779512988516
1993-09-08 22:00:00,0.6578764111336478
1993-09-09 22:00:00,0.6553768806962099
1993-09-10 22:00:00,0.6492780264288615
1993-09-13 22:00:00,0.6508777259088218
1993-09-14 22:00:00,0.6458786650339461
1993-09-15 22:00:00,0.6495779700813541
1993-09-16 22:00:00,0.6506777634738268
1993-09-17 22:00:00,0.6510776883438167
1993-09-20 22:00:00,0.6494779888638565
1993-09-21 22:00:00,0.6538771624337473
1993-09-22 22:00:00,0.6548769746087224
1993-09-23 22:00:00,0.6508777259088218
1993-09-24 22:00:00,0.6540771248687423
1993-09-27 22:00:00,0.6498779137338466
1993-09-28 22:00:00,0.6473783832964087
1993-09-29 22:00:00,0.6448788528589708
1993-09-30 22:00:00,0.6448788528589708
1993-10-01 22:00:00,0.6473783832964087
1993-10-04 22:00:00,0.6458786650339461
1993-10-05 22:00:00,0.6463785711214336
1993-10-06 22:00:00,0.6543770685212348
1993-10-07 22:00:00,0.6548769746087224
1993-10-08 22:00:00,0.6578764111336478
1993-10-12 22:00:00,0.6588762233086229
1993-10-13 22:00:00,0.6611757913110657
1993-10-14 22:00:00,0.6628754720085236
1993-10-15 22:00:00,0.6618756598335485
1993-10-18 22:00:00,0.6608758476585733
1993-10-19 22:00:00,0.6640752466184937
1993-10-20 22:00:00,0.6678745328833994
1993-10-21 22:00:00,0.6698741572333496
1993-10-22 22:00:00,0.6688743450583745
1993-10-25 22:00:00,0.6691742887108669
1993-10-26 22:00:00,0.6669747019259217
1993-10-27 22:00:00,0.6659748897509465
1993-10-28 22:00:00,0.6668747207084241
1993-10-29 22:00:00,0.6653750024459614
1993-11-01 22:00:00,0.6738734059332502
1993-11-02 22:00:00,0.672873593758275
1993-11-03 22:00:00,0.6758730302832006
1993-11-04 22:00:00,0.6725736501057824
1993-11-05 22:00:00,0.6735734622807575
1993-11-08 22:00:00,0.6698741572333496
1993-11-09 22:00:00,0.6673746267959116
1993-11-10 22:00:00,0.662375565921036
1993-11-12 22:00:00,0.6581763547861403
1993-11-15 22:00:00,0.6535772187812546
1993-11-16 22:00:00,0.6566766365236777
1993-11-17 22:00:00,0.6628754720085236
1993-11-18 22:00:00,0.6616756973985534
1993-11-19 22:00:00,0.6613757537460608
1993-11-22 22:00:00,0.6606758852235782
1993-11-23 22:00:00,0.6628754720085236
1993-11-24 22:00:00,0.6643751902709862
1993-11-26 22:00:00,0.6618756598335485
1993-11-29 22:00:00,0.6596760730486031
1993-11-30 22:00:00,0.6582763360036379
1993-12-01 22:00:00,0.6578764111336478
1993-12-02 22:00:00,0.665874908533449
1993-12-03 22:00:00,0.6688743450583745
1993-12-06 22:00:00,0.6708739694083248
1993-12-07 22:00:00,0.6663748146209365
1993-12-08 22:00:00,0.6718737815832999
1993-12-09 22:00:00,0.6708739694083248
1993-12-10 22:00:00,0.6710739318433198
1993-12-13 22:00:00,0.6713738754958123
1993-12-14 22:00:00,0.67267363132328
1993-12-15 22:00:00,0.6725736501057824
1993-12-16 22:00:00,0.6738734059332502
1993-12-17 22:00:00,0.678872466808126
1993-12-20 22:00:00,0.6783725607206383
1993-12-21 22:00:00,0.679072429243121
1993-12-22 22:00:00,0.6798722789831011
1993-12-23 22:00:00,0.6769728236756731
1993-12-24 22:00:00,0.6781725982856434
1993-12-27 22:00:00,0.6783725607206383
1993-12-28 22:00:00,0.6786725043731309
1993-12-29 22:00:00,0.6738734059332502
1993-12-30 22:00:00,0.6760729927181955
1993-12-31 22:00:00,0.6781725982856434
1994-01-03 22:00:00,0.6838715276830017
1994-01-04 22:00:00,0.6843714337704893
1994-01-05 22:00:00,0.685871152032952
1994-01-06 22:00:00,0.6838715276830017
1994-01-07 22:00:00,0.6863710581204395
1994-01-10 22:00:00,0.6863710581204395
1994-01-11 22:00:00,0.6903703068203402
1994-01-12 22:00:00,0.6900703631678476
1994-01-13 22:00:00,0.6906702504728326
1994-01-14 22:00:00,0.6898704007328526
1994-01-18 22:00:00,0.6958692737827034
1994-01-19 22:00:00,0.7008683346575791
1994-01-20 22:00:00,0.7032678838775196
1994-01-21 22:00:00,0.7023680529200419
1994-01-24 22:00:00,0.7028679590075294
1994-01-25 22:00:00,0.7078670198824052
1994-01-26 22:00:00,0.7083669259698928
1994-01-27 22:00:00,0.7088668320573803
1994-01-28 22:00:00,0.7084669071873904
1994-01-31 22:00:00,0.7083669259698928
1994-02-01 22:00:00,0.716365423369694
1994-02-02 22:00:00,0.7148657051072312
1994-02-03 22:00:00,0.7148657051072312
1994-02-04 22:00:00,0.7143657990197437
1994-02-07 22:00:00,0.7148657051072312
1994-02-08 22:00:00,0.7178651416321566
1994-02-09 22:00:00,0.7173652355446691
1994-02-10 22:00:00,0.7178651416321566
1994-02-11 22:00:00,0.7146657426722363
1994-02-14 22:00:00,0.7113663624948182
1994-02-15 22:00:00,0.7083669259698928
1994-02-16 22:00:00,0.7113663624948182
1994-02-17 22:00:00,0.7148657051072312
1994-02-18 22:00:00,0.7133659868447686
1994-02-22 22:00:00,0.7193648598946195
1994-02-23 22:00:00,0.7243639207694952
1994-02-24 22:00:00,0.7243639207694952
1994-02-25 22:00:00,0.7210645405920771
1994-02-28 22:00:00,0.7118662685823058
1994-03-01 22:00:00,0.7145657614547387
1994-03-02 22:00:00,0.7056674330974598
1994-03-03 22:00:00,0.7058673955324549
1994-03-04 22:00:00,0.7138658929322561
1994-03-07 22:00:00,0.7188649538071319
1994-03-08 22:00:00,0.7168653294571815
1994-03-09 22:00:00,0.7140658553672511
1994-03-10 22:00:00,0.7088668320573803
1994-03-11 22:00:00,0.7100666066673506
1994-03-14 22:00:00,0.7181650852846493
1994-03-15 22:00:00,0.7178651416321566
1994-03-16 22:00:00,0.712866080757281
1994-03-17 22:00:00,0.7123661746697935
1994-03-18 22:00:00,0.7125661371047884
1994-03-21 22:00:00,0.7086668696223853
1994-03-22 22:00:00,0.709366738144868
1994-03-23 22:00:00,0.7101665878848481
1994-03-24 22:00:00,0.709366738144868
1994-03-25 22:00:00,0.7108664564073306
1994-03-28 22:00:00,0.7111664000598232
1994-03-29 22:00:00,0.7045676397049873
1994-03-30 22:00:00,0.6988687103076289
1994-03-31 22:00:00,0.7013682407450668
1994-04-01 22:00:00,0.7061673391849476
1994-04-04 22:00:00,0.7048675833574798
1994-04-05 22:00:00,0.703167902660022
1994-04-06 22:00:00,0.7043676772699923
1994-04-07 22:00:00,0.7123661746697935
1994-04-08 22:00:00,0.7238640146820076
1994-04-11 22:00:00,0.7225642588545399
1994-04-12 22:00:00,0.72336410859452
1994-04-13 22:00:00,0.7213644842445698
1994-04-14 22:00:00,0.7228642025070324
1994-04-15 22:00:00,0.7228642025070324
1994-04-18 22:00:00,0.7173652355446691
1994-04-19 22:00:00,0.7148657051072312
1994-04-20 22:00:00,0.7160654797172014
1994-04-21 22:00:00,0.7133659868447686
1994-04-22 22:00:00,0.7183650477196443
1994-04-25 22:00:00,0.7166653670221865
1994-04-26 22:00:00,0.7201647096345996
1994-04-27 22:00:00,0.7158655172822064
1994-04-28 22:00:00,0.7118662685823058
1994-04-29 22:00:00,0.7133659868447686
1994-05-02 22:00:00,0.7113663624948182
1994-05-03 22:00:00,0.7058673955324549
1994-05-04 22:00:00,0.7115663249298133
1994-05-05 22:00:00,0.7146657426722363
1994-05-06 22:00:00,0.7153656111947189
1994-05-09 22:00:00,0.7188649538071319
1994-05-10 22:00:00,0.7240639771170025
1994-05-11 22:00:00,0.7219643715495548
1994-05-12 22:00:00,0.7173652355446691
1994-05-13 22:00:00,0.7222643152020474
1994-05-16 22:00:00,0.7258636390319578
1994-05-17 22:00:00,0.7273633572944207
1994-05-18 22:00:00,0.7278632633819082
1994-05-19 22:00:00,0.7286631131218884
1994-05-20 22:00:00,0.7286631131218884
1994-05-23 22:00:00,0.7338621364317591
1994-05-24 22:00:00,0.7350619110417292
1994-05-25 22:00:00,0.7343620425192467
1994-05-26 22:00:00,0.7321624557343013
1994-05-27 22:00:00,0.7325623806042915
1994-05-31 22:00:00,0.7383612912191473
1994-06-01 22:00:00,0.7399609906991075
1994-06-02 22:00:00,0.7375614414791671
1994-06-03 22:00:00,0.7376614226966647
1994-06-06 22:00:00,0.7343620425192467
1994-06-07 22:00:00,0.7333622303442715
1994-06-08 22:00:00,0.733662173996764
1994-06-09 22:00:00,0.7343620425192467
1994-06-10 22:00:00,0.7338621364317591
1994-06-13 22:00:00,0.7353618546942219
1994-06-14 22:00:00,0.7286631131218884
1994-06-15 22:00:00,0.7310626623418286
1994-06-16 22:00:00,0.7303627938193461
1994-06-17 22:00:00,0.7318625120818087
1994-06-20 22:00:00,0.7378613851316597
1994-06-21 22:00:00,0.7436602957465156
1994-06-22 22:00:00,0.7388611973066348
1994-06-23 22:00:00,0.7326623618217889
1994-06-24 22:00:00,0.7276633009469132
1994-06-27 22:00:00,0.7208645781570822
1994-06-28 22:00:00,0.7218643903320573
1994-06-29 22:00:00,0.7245638832044902
1994-06-30 22:00:00,0.7308626999068336
1994-07-01 22:00:00,0.7286631131218884
1994-07-05 22:00:00,0.7258636390319578
1994-07-06 22:00:00,0.7261635826844504
1994-07-07 22:00:00,0.7276633009469132
1994-07-08 22:00:00,0.7288630755568833
1994-07-11 22:00:00,0.7313626059943212
1994-07-12 22:00:00,0.7346619861717392
1994-07-13 22:00:00,0.7368615729566845
1994-07-14 22:00:00,0.7341620800842515
1994-07-15 22:00:00,0.733062286691779
1994-07-18 22:00:00,0.7306627374718386
1994-07-19 22:00:00,0.7323624181692964
1994-07-20 22:00:00,0.7348619486067343
1994-07-21 22:00:00,0.7348619486067343
1994-07-22 22:00:00,0.7393611033941224
1994-07-25 22:00:00,0.7430604084415304
1994-07-26 22:00:00,0.743160389659028
1994-07-27 22:00:00,0.7386612348716398
1994-07-28 22:00:00,0.7358617607817094
1994-07-29 22:00:00,0.7387612160891374
1994-08-01 22:00:00,0.7373614790441722
1994-08-02 22:00:00,0.7343620425192467
1994-08-03 22:00:00,0.7323624181692964
1994-08-04 22:00:00,0.7353618546942219
1994-08-05 22:00:00,0.7413607277440728
1994-08-08 22:00:00,0.7401609531341025
1994-08-09 22:00:00,0.7408608216565852
1994-08-10 22:00:00,0.7428604460065354
1994-08-11 22:00:00,0.7453599764439733
1994-08-12 22:00:00,0.7413607277440728
1994-08-15 22:00:00,0.7403609155690976
1994-08-16 22:00:00,0.740060971916605
1994-08-17 22:00:00,0.7413607277440728
1994-08-18 22:00:00,0.739661047046615
1994-08-19 22:00:00,0.7380613475666546
1994-08-22 22:00:00,0.7350619110417292
1994-08-23 22:00:00,0.7353618546942219
1994-08-24 22:00:00,0.7403609155690976
1994-08-25 22:00:00,0.7440602206165056
1994-08-26 22:00:00,0.7443601642689982
1994-08-29 22:00:00,0.7418606338315603
1994-08-30 22:00:00,0.7428604460065354
1994-08-31 22:00:00,0.7442601830515005
1994-09-01 22:00:00,0.7428604460065354
1994-09-02 22:00:00,0.7418606338315603
1994-09-06 22:00:00,0.7402609343516
1994-09-07 22:00:00,0.7433603520940231
1994-09-08 22:00:00,0.7448600703564857
1994-09-09 22:00:00,0.7448600703564857
1994-09-12 22:00:00,0.7434603333115205
1994-09-13 22:00:00,0.7440602206165056
1994-09-14 22:00:00,0.7413607277440728
1994-09-15 22:00:00,0.7433603520940231
1994-09-16 22:00:00,0.7440602206165056
1994-09-19 22:00:00,0.7425605023540429
1994-09-20 22:00:00,0.7424605211365454
1994-09-21 22:00:00,0.7465597510539435
1994-09-22 22:00:00,0.7355618171292169
1994-09-23 22:00:00,0.7391611409591273
1994-09-26 22:00:00,0.7395610658291175
1994-09-27 22:00:00,0.7389611785241323
1994-09-28 22:00:00,0.7401609531341025
1994-09-29 22:00:00,0.7398610094816099
1994-09-30 22:00:00,0.7398610094816099
1994-10-03 22:00:00,0.7404608967865951
1994-10-04 22:00:00,0.7380613475666546
1994-10-05 22:00:00,0.7390611597416298
1994-10-06 22:00:00,0.7393611033941224
1994-10-07 22:00:00,0.7375614414791671
1994-10-11 22:00:00,0.7353618546942219
1994-10-12 22:00:00,0.7356617983467144
1994-10-13 22:00:00,0.7373614790441722
1994-10-14 22:00:00,0.7348619486067343
1994-10-17 22:00:00,0.7348619486067343
1994-10-18 22:00:00,0.7371615166091771
1994-10-19 22:00:00,0.7353618546942219
1994-10-20 22:00:00,0.7364616480866946
1994-10-21 22:00:00,0.7313626059943212
1994-10-24 22:00:00,0.7361617044342019
1994-10-25 22:00:00,0.7361617044342019
1994-10-26 22:00:00,0.7418606338315603
1994-10-27 22:00:00,0.743160389659028
1994-10-28 22:00:00,0.7425605023540429
1994-10-31 22:00:00,0.7418606338315603
1994-11-01 22:00:00,0.7408608216565852
1994-11-02 22:00:00,0.7421605774840527
1994-11-03 22:00:00,0.7422605587015503
1994-11-04 22:00:00,0.7488593190563864
1994-11-07 22:00:00,0.7543582860187495
1994-11-08 22:00:00,0.7523586616687993
1994-11-09 22:00:00,0.7563579103686999
1994-11-10 22:00:00,0.7548581921062372
1994-11-14 22:00:00,0.7513588494938241
1994-11-15 22:00:00,0.7528585677562869
1994-11-16 22:00:00,0.7508589434063366
1994-11-17 22:00:00,0.7533584738437744
1994-11-18 22:00:00,0.7573577225436751
1994-11-21 22:00:00,0.7616569148960682
1994-11-22 22:00:00,0.7628566895060385
1994-11-23 22:00:00,0.759857252981113
1994-11-25 22:00:00,0.759457328111123
1994-11-28 22:00:00,0.7618568773310632
1994-11-29 22:00:00,0.7632566143760284
1994-11-30 22:00:00,0.7687555813383918
1994-12-01 22:00:00,0.7677557691634167
1994-12-02 22:00:00,0.7691555062083818
1994-12-05 22:00:00,0.7698553747308644
1994-12-06 22:00:00,0.7688555625558893
1994-12-07 22:00:00,0.769555431078372
1994-12-08 22:00:00,0.7693554686433768
1994-12-09 22:00:00,0.77405458586576
1994-12-12 22:00:00,0.773854623430765
1994-12-13 22:00:00,0.7748544356057402
1994-12-14 22:00:00,0.7753543416932277
1994-12-15 22:00:00,0.7776539096956706
1994-12-16 22:00:00,0.7748544356057402
1994-12-19 22:00:00,0.7763541538682028
1994-12-20 22:00:00,0.7751543792582327
1994-12-21 22:00:00,0.7748544356057402
1994-12-22 22:00:00,0.7753543416932277
1994-12-23 22:00:00,0.7768540599556905
1994-12-27 22:00:00,0.7763541538682028
1994-12-28 22:00:00,0.7773539660431781
1994-12-29 22:00:00,0.7759542289982129
1994-12-30 22:00:00,0.7751543792582327
1995-01-03 22:00:00,0.7701553183833569
1995-01-04 22:00:00,0.7686556001208943
1995-01-05 22:00:00,0.7673558442934265
1995-01-06 22:00:00,0.7658561260309639
1995-01-09 22:00:00,0.7618568773310632
1995-01-10 22:00:00,0.766855938205939
1995-01-11 22:00:00,0.7701553183833569
1995-01-12 22:00:00,0.7663560321184514
1995-01-13 22:00:00,0.7568578164561875
1995-01-17 22:00:00,0.7583575347186502
1995-01-18 22:00:00,0.7601571966336055
1995-01-19 22:00:00,0.7653562199434762
1995-01-20 22:00:00,0.7683556564684016
1995-01-23 22:00:00,0.7671558818584315
1995-01-24 22:00:00,0.7698553747308644
1995-01-25 22:00:00,0.7641564453335061
1995-01-26 22:00:00,0.7653562199434762
1995-01-27 22:00:00,0.7618568773310632
1995-01-30 22:00:00,0.7588574408061378
1995-01-31 22:00:00,0.7573577225436751
1995-02-01 22:00:00,0.7588574408061378
1995-02-02 22:00:00,0.7583575347186502
1995-02-03 22:00:00,0.7523586616687993
1995-02-06 22:00:00,0.7509589246238342
1995-02-07 22:00:00,0.7462598074014509
1995-02-08 22:00:00,0.7439602393990081
1995-02-09 22:00:00,0.7438602581815106
1995-02-10 22:00:00,0.7450600327914807
1995-02-13 22:00:00,0.7440602206165056
1995-02-14 22:00:00,0.7438602581815106
1995-02-15 22:00:00,0.746859694706436
1995-02-16 22:00:00,0.7453599764439733
1995-02-17 22:00:00,0.7373614790441722
1995-02-21 22:00:00,0.7413607277440728
1995-02-22 22:00:00,0.7378613851316597
1995-02-23 22:00:00,0.736361666869197
1995-02-24 22:00:00,0.7371615166091771
1995-02-27 22:00:00,0.7393611033941224
1995-02-28 22:00:00,0.7378613851316597
1995-03-01 22:00:00,0.7346619861717392
1995-03-02 22:00:00,0.7368615729566845
1995-03-03 22:00:00,0.7379613663491572
1995-03-06 22:00:00,0.7391611409591273
1995-03-07 22:00:00,0.7383612912191473
1995-03-08 22:00:00,0.7389611785241323
1995-03-09 22:00:00,0.7408608216565852
1995-03-10 22:00:00,0.7443601642689982
1995-03-13 22:00:00,0.7460598449664558
1995-03-14 22:00:00,0.7438602581815106
1995-03-15 22:00:00,0.7453599764439733
1995-03-16 22:00:00,0.7458598825314608
1995-03-17 22:00:00,0.7338621364317591
1995-03-20 22:00:00,0.7236640522470126
1995-03-21 22:00:00,0.726263563901948
1995-03-22 22:00:00,0.7248638268569827
1995-03-23 22:00:00,0.7251637705094752
1995-03-24 22:00:00,0.7283631694693958
1995-03-27 22:00:00,0.7250637892919778
1995-03-28 22:00:00,0.7271633948594255
1995-03-29 22:00:00,0.7237640334645101
1995-03-30 22:00:00,0.7278632633819082
1995-03-31 22:00:00,0.7323624181692964
1995-04-03 22:00:00,0.7325623806042915
1995-04-04 22:00:00,0.7325623806042915
1995-04-05 22:00:00,0.7391611409591273
1995-04-06 22:00:00,0.740060971916605
1995-04-07 22:00:00,0.7408608216565852
1995-04-10 22:00:00,0.7408608216565852
1995-04-11 22:00:00,0.7403609155690976
1995-04-12 22:00:00,0.7425605023540429
1995-04-13 22:00:00,0.7395610658291175
1995-04-14 22:00:00,0.7398610094816099
1995-04-17 22:00:00,0.7416606713965652
1995-04-18 22:00:00,0.7409608028740826
1995-04-19 22:00:00,0.7349619298242317
1995-04-20 22:00:00,0.7343620425192467
1995-04-21 22:00:00,0.7323624181692964
1995-04-24 22:00:00,0.7296629252968635
1995-04-25 22:00:00,0.7268634512069331
1995-04-26 22:00:00,0.7260636014669529
1995-04-27 22:00:00,0.7276633009469132
1995-04-28 22:00:00,0.7270634136419281
1995-05-01 22:00:00,0.7283631694693958
1995-05-02 22:00:00,0.7290630379918783
1995-05-03 22:00:00,0.7328623242567839
1995-05-04 22:00:00,0.7403609155690976
1995-05-05 22:00:00,0.7415606901790678
1995-05-08 22:00:00,0.7383612912191473
1995-05-09 22:00:00,0.7290630379918783
1995-05-10 22:00:00,0.7284631506868933
1995-05-11 22:00:00,0.7326623618217889
1995-05-12 22:00:00,0.7405608780040926
1995-05-15 22:00:00,0.7331622679092764
1995-05-16 22:00:00,0.7271633948594255
1995-05-17 22:00:00,0.7303627938193461
1995-05-18 22:00:00,0.7173652355446691
1995-05-19 22:00:00,0.7148657051072312
1995-05-22 22:00:00,0.7179651228496542
1995-05-23 22:00:00,0.7185650101546394
1995-05-24 22:00:00,0.7168653294571815
1995-05-25 22:00:00,0.7190649162421269
1995-05-26 22:00:00,0.7188649538071319
1995-05-30 22:00:00,0.7201647096345996
1995-05-31 22:00:00,0.7188649538071319
1995-06-01 22:00:00,0.7152656299772213
1995-06-02 22:00:00,0.716365423369694
1995-06-05 22:00:00,0.7141658365847487
1995-06-06 22:00:00,0.716365423369694
1995-06-07 22:00:00,0.7203646720695946
1995-06-08 22:00:00,0.7225642588545399
1995-06-09 22:00:00,0.719864765982107
1995-06-12 22:00:00,0.7173652355446691
1995-06-13 22:00:00,0.7191648974596244
1995-06-14 22:00:00,0.7213644842445698
1995-06-15 22:00:00,0.7273633572944207
1995-06-16 22:00:00,0.7279632445994056
1995-06-19 22:00:00,0.7265635075544405
1995-06-20 22:00:00,0.7241639583345002
1995-06-21 22:00:00,0.7253637329444703
1995-06-22 22:00:00,0.7205646345045896
1995-06-23 22:00:00,0.7206646157220872
1995-06-26 22:00:00,0.7183650477196443
1995-06-27 22:00:00,0.7140658553672511
1995-06-28 22:00:00,0.7140658553672511
1995-06-29 22:00:00,0.7153656111947189
1995-06-30 22:00:00,0.7106664939723356
1995-07-03 22:00:00,0.7098666442323555
1995-07-05 22:00:00,0.7098666442323555
1995-07-06 22:00:00,0.7113663624948182
1995-07-07 22:00:00,0.7155655736297138
1995-07-10 22:00:00,0.7144657802372413
1995-07-11 22:00:00,0.719864765982107
1995-07-12 22:00:00,0.7213644842445698
1995-07-13 22:00:00,0.7325623806042915
1995-07-14 22:00:00,0.730162831384351
1995-07-17 22:00:00,0.7321624557343013
1995-07-18 22:00:00,0.7322624369517989
1995-07-19 22:00:00,0.7318625120818087
1995-07-20 22:00:00,0.7346619861717392
1995-07-21 22:00:00,0.7348619486067343
1995-07-24 22:00:00,0.7373614790441722
1995-07-25 22:00:00,0.7383612912191473
1995-07-26 22:00:00,0.7379613663491572
1995-07-27 22:00:00,0.736361666869197
1995-07-28 22:00:00,0.7361617044342019
1995-07-31 22:00:00,0.7385612536541423
1995-08-01 22:00:00,0.7401609531341025
1995-08-02 22:00:00,0.7403609155690976
1995-08-03 22:00:00,0.740060971916605
1995-08-04 22:00:00,0.7423605399190479
1995-08-07 22:00:00,0.7412607465265751
1995-08-08 22:00:00,0.7434603333115205
1995-08-09 22:00:00,0.7418606338315603
1995-08-10 22:00:00,0.739661047046615
1995-08-11 22:00:00,0.7418606338315603
1995-08-14 22:00:00,0.7413607277440728
1995-08-15 22:00:00,0.7361617044342019
1995-08-16 22:00:00,0.7318625120818087
1995-08-17 22:00:00,0.7313626059943212
1995-08-18 22:00:00,0.7353618546942219
1995-08-21 22:00:00,0.7366616105216895
1995-08-22 22:00:00,0.7398610094816099
1995-08-23 22:00:00,0.7403609155690976
1995-08-24 22:00:00,0.7406608592215901
1995-08-25 22:00:00,0.7433603520940231
1995-08-28 22:00:00,0.7432603708765254
1995-08-29 22:00:00,0.7508589434063366
1995-08-30 22:00:00,0.7544582672362472
1995-08-31 22:00:00,0.7515588119288192
1995-09-01 22:00:00,0.7492592439263763
1995-09-05 22:00:00,0.7508589434063366
1995-09-06 22:00:00,0.750359037318849
1995-09-07 22:00:00,0.7508589434063366
1995-09-08 22:00:00,0.7513588494938241
1995-09-11 22:00:00,0.7523586616687993
1995-09-12 22:00:00,0.759857252981113
1995-09-13 22:00:00,0.7626567270710434
1995-09-14 22:00:00,0.7618568773310632
1995-09-15 22:00:00,0.7592573656761278
1995-09-18 22:00:00,0.7548581921062372
1995-09-19 22:00:00,0.7599572341986105
1995-09-20 22:00:00,0.7563579103686999
1995-09-21 22:00:00,0.753658417496267
1995-09-22 22:00:00,0.7453599764439733
1995-09-25 22:00:00,0.7491592627088788
1995-09-26 22:00:00,0.7472596195764261
1995-09-27 22:00:00,0.7483594129688989
1995-09-28 22:00:00,0.7523586616687993
1995-09-29 22:00:00,0.7553580981937248
1995-10-02 22:00:00,0.7618568773310632
1995-10-03 22:00:00,0.7656561635959689
1995-10-04 22:00:00,0.7629566707235359
1995-10-05 22:00:00,0.759657290546118
1995-10-06 22:00:00,0.7610570275910831
1995-10-10 22:00:00,0.7580575910661577
1995-10-11 22:00:00,0.7626567270710434
1995-10-12 22:00:00,0.7601571966336055
1995-10-13 22:00:00,0.7588574408061378
1995-10-16 22:00:00,0.7558580042812124
1995-10-17 22:00:00,0.7568578164561875
1995-10-18 22:00:00,0.7543582860187495
1995-10-19 22:00:00,0.7518587555813118
1995-10-20 22:00:00,0.749559187578869
1995-10-23 22:00:00,0.7478595068814111
1995-10-24 22:00:00,0.7469596759239335
1995-10-25 22:00:00,0.7483594129688989
1995-10-26 22:00:00,0.7551581357587297
1995-10-27 22:00:00,0.753858379931262
1995-10-30 22:00:00,0.7608570651560881
1995-10-31 22:00:00,0.7613569712435756
1995-11-01 22:00:00,0.7601571966336055
1995-11-02 22:00:00,0.7583575347186502
1995-11-03 22:00:00,0.7578576286311627
1995-11-06 22:00:00,0.7528585677562869
1995-11-07 22:00:00,0.7526586053212919
1995-11-08 22:00:00,0.750159074883854
1995-11-09 22:00:00,0.7356617983467144
1995-11-10 22:00:00,0.7376614226966647
1995-11-13 22:00:00,0.7378613851316597
1995-11-14 22:00:00,0.740060971916605
1995-11-15 22:00:00,0.7348619486067343
1995-11-16 22:00:00,0.7403609155690976
1995-11-17 22:00:00,0.7403609155690976
1995-11-20 22:00:00,0.7432603708765254
1995-11-21 22:00:00,0.7454599576614709
1995-11-22 22:00:00,0.7409608028740826
1995-11-24 22:00:00,0.7398610094816099
1995-11-27 22:00:00,0.7403609155690976
1995-11-28 22:00:00,0.7498591312313615
1995-11-29 22:00:00,0.7483594129688989
1995-11-30 22:00:00,0.7422605587015503
1995-12-01 22:00:00,0.7370615353916795
1995-12-04 22:00:00,0.73946108461162
1995-12-05 22:00:00,0.7382613100016497
1995-12-06 22:00:00,0.7393611033941224
1995-12-07 22:00:00,0.7388611973066348
1995-12-08 22:00:00,0.7375614414791671
1995-12-11 22:00:00,0.7358617607817094
1995-12-12 22:00:00,0.7403609155690976
1995-12-13 22:00:00,0.7442601830515005
1995-12-14 22:00:00,0.7377614039141621
1995-12-15 22:00:00,0.7408608216565852
1995-12-18 22:00:00,0.7403609155690976
1995-12-19 22:00:00,0.7406608592215901
1995-12-20 22:00:00,0.7408608216565852
1995-12-21 22:00:00,0.7413607277440728
1995-12-22 22:00:00,0.7393611033941224
1995-12-26 22:00:00,0.7398610094816099
1995-12-27 22:00:00,0.7476595444464161
1995-12-28 22:00:00,0.7448600703564857
1995-12-29 22:00:00,0.7430604084415304
1996-01-02 22:00:00,0.743160389659028
1996-01-03 22:00:00,0.7483594129688989
1996-01-04 22:00:00,0.7451600140089782
1996-01-05 22:00:00,0.7473596007939236
1996-01-08 22:00:00,0.7471596383589285
1996-01-09 22:00:00,0.7445601267039932
1996-01-10 22:00:00,0.7467597134889385
1996-01-11 22:00:00,0.7463597886189485
1996-01-12 22:00:00,0.7443601642689982
1996-01-16 22:00:00,0.7429604272240329
1996-01-17 22:00:00,0.7398610094816099
1996-01-18 22:00:00,0.7387612160891374
1996-01-19 22:00:00,0.7353618546942219
1996-01-22 22:00:00,0.7316625496468138
1996-01-23 22:00:00,0.7348619486067343
1996-01-24 22:00:00,0.7357617795642118
1996-01-25 22:00:00,0.7368615729566845
1996-01-26 22:00:00,0.7380613475666546
1996-01-29 22:00:00,0.7398610094816099
1996-01-30 22:00:00,0.7415606901790678
1996-01-31 22:00:00,0.7441602018340031
1996-02-01 22:00:00,0.7472596195764261
1996-02-02 22:00:00,0.7555580606287199
1996-02-05 22:00:00,0.7547582108887397
1996-02-06 22:00:00,0.7545582484537448
1996-02-07 22:00:00,0.7533584738437744
1996-02-08 22:00:00,0.7573577225436751
1996-02-09 22:00:00,0.7543582860187495
1996-02-12 22:00:00,0.7541583235837546
1996-02-13 22:00:00,0.7530585301912819
1996-02-14 22:00:00,0.7557580230637149
1996-02-15 22:00:00,0.7553580981937248
1996-02-16 22:00:00,0.7548581921062372
1996-02-20 22:00:00,0.7551581357587297
1996-02-21 22:00:00,0.7508589434063366
1996-02-22 22:00:00,0.7543582860187495
1996-02-23 22:00:00,0.7558580042812124
1996-02-26 22:00:00,0.7562579291512024
1996-02-27 22:00:00,0.7579576098486601
1996-02-28 22:00:00,0.7635565580285211
1996-02-29 22:00:00,0.7641564453335061
1996-03-01 22:00:00,0.7616569148960682
1996-03-04 22:00:00,0.7600572154161079
1996-03-05 22:00:00,0.759857252981113
1996-03-06 22:00:00,0.7620568397660583
1996-03-07 22:00:00,0.7623567834185507
1996-03-08 22:00:00,0.7676557879459192
1996-03-11 22:00:00,0.7678557503809141
1996-03-12 22:00:00,0.7698553747308644
1996-03-13 22:00:00,0.7735546797782725
1996-03-14 22:00:00,0.773854623430765
1996-03-15 22:00:00,0.7732547361257799
1996-03-18 22:00:00,0.7732547361257799
1996-03-19 22:00:00,0.77405458586576
1996-03-20 22:00:00,0.7748544356057402
1996-03-21 22:00:00,0.7778538721306657
1996-03-22 22:00:00,0.776754078738193
1996-03-25 22:00:00,0.7733547173432774
1996-03-26 22:00:00,0.7723549051683023
1996-03-27 22:00:00,0.7777538909131682
1996-03-28 22:00:00,0.7819531020480638
1996-03-29 22:00:00,0.7813532147430786
1996-04-01 22:00:00,0.7838527451805165
1996-04-02 22:00:00,0.7820530832655612
1996-04-03 22:00:00,0.7808533086555911
1996-04-04 22:00:00,0.7808533086555911
1996-04-05 22:00:00,0.7836527827455215
1996-04-08 22:00:00,0.7828529330055414
1996-04-09 22:00:00,0.7859523507479643
1996-04-10 22:00:00,0.7881519375329097
1996-04-11 22:00:00,0.7895516745778748
1996-04-12 22:00:00,0.7898516182303674
1996-04-15 22:00:00,0.7900515806653624
1996-04-16 22:00:00,0.7873520877929295
1996-04-17 22:00:00,0.7850525197904867
1996-04-18 22:00:00,0.7813532147430786
1996-04-19 22:00:00,0.7813532147430786
1996-04-22 22:00:00,0.7863522756179544
1996-04-23 22:00:00,0.7892517309253824
1996-04-24 22:00:00,0.784352651268004
1996-04-25 22:00:00,0.7883518999679047
1996-04-26 22:00:00,0.7881519375329097
1996-04-29 22:00:00,0.786852181705442
1996-04-30 22:00:00,0.7852524822254817
1996-05-01 22:00:00,0.7894516933603773
1996-05-02 22:00:00,0.7949506603227408
1996-05-03 22:00:00,0.7953505851927307
1996-05-06 22:00:00,0.7956505288452232
1996-05-07 22:00:00,0.7982500405001587
1996-05-08 22:00:00,0.8003496460676065
1996-05-09 22:00:00,0.7981500592826611
1996-05-10 22:00:00,0.8024492516350543
1996-05-13 22:00:00,0.8010495145900891
1996-05-14 22:00:00,0.8015494206775766
1996-05-15 22:00:00,0.8005496085026015
1996-05-16 22:00:00,0.8013494582425816
1996-05-17 22:00:00,0.799849739980119
1996-05-20 22:00:00,0.7943507730177556
1996-05-21 22:00:00,0.7926510923202977
1996-05-22 22:00:00,0.7941508105827606
1996-05-23 22:00:00,0.7933509608427805
1996-05-24 22:00:00,0.7912513552753326
1996-05-28 22:00:00,0.7943507730177556
1996-05-29 22:00:00,0.7981500592826611
1996-05-30 22:00:00,0.7955505476277257
1996-05-31 22:00:00,0.7978501156301686
1996-06-03 22:00:00,0.8008495521550941
1996-06-04 22:00:00,0.7988499278051437
1996-06-05 22:00:00,0.7928510547552929
1996-06-06 22:00:00,0.7853524634429793
1996-06-07 22:00:00,0.7912513552753326
1996-06-10 22:00:00,0.7933509608427805
1996-06-11 22:00:00,0.7917512613628203
1996-06-12 22:00:00,0.7903515243178549
1996-06-13 22:00:00,0.7918512425803178
1996-06-14 22:00:00,0.7919512237978152
1996-06-17 22:00:00,0.7918512425803178
1996-06-18 22:00:00,0.7890517684903873
1996-06-19 22:00:00,0.7874520690104271
1996-06-20 22:00:00,0.7883518999679047
1996-06-21 22:00:00,0.7903515243178549
1996-06-24 22:00:00,0.79015156188286
1996-06-25 22:00:00,0.7904515055353525
1996-06-26 22:00:00,0.7909514116228401
1996-06-27 22:00:00,0.7888518060553923
1996-06-28 22:00:00,0.7854524446604767
1996-07-01 22:00:00,0.787052144140437
1996-07-02 22:00:00,0.7825529893530487
1996-07-03 22:00:00,0.7811532523080836
1996-07-05 22:00:00,0.7958504912802183
1996-07-08 22:00:00,0.7932509796252829
1996-07-09 22:00:00,0.7920512050153128
1996-07-10 22:00:00,0.797350209542681
1996-07-11 22:00:00,0.7980500780651637
1996-07-12 22:00:00,0.797150247107686
1996-07-15 22:00:00,0.7946507166702481
1996-07-16 22:00:00,0.7910513928403377
1996-07-17 22:00:00,0.7873520877929295
1996-07-18 22:00:00,0.7918512425803178
1996-07-19 22:00:00,0.7904515055353525
1996-07-22 22:00:00,0.7915512989278252
1996-07-23 22:00:00,0.7909514116228401
1996-07-24 22:00:00,0.7910513928403377
1996-07-25 22:00:00,0.7878519938804172
1996-07-26 22:00:00,0.7871521253579346
1996-07-29 22:00:00,0.7869521629229395
1996-07-30 22:00:00,0.7823530269180538
1996-07-31 22:00:00,0.7733547173432774
1996-08-01 22:00:00,0.7719549802983122
1996-08-02 22:00:00,0.7728548112557899
1996-08-05 22:00:00,0.7727548300382924
1996-08-06 22:00:00,0.7756542853457203
1996-08-07 22:00:00,0.7770540223906856
1996-08-08 22:00:00,0.7780538345656607
1996-08-09 22:00:00,0.7783537782181532
1996-08-12 22:00:00,0.7774539472606755
1996-08-13 22:00:00,0.7790536467406358
1996-08-14 22:00:00,0.7788536843056408
1996-08-15 22:00:00,0.7825529893530487
1996-08-16 22:00:00,0.783552801528024
1996-08-19 22:00:00,0.7898516182303674
1996-08-20 22:00:00,0.7860523319654619
1996-08-21 22:00:00,0.7896516557953723
1996-08-22 22:00:00,0.7908514304053426
1996-08-23 22:00:00,0.79015156188286
1996-08-26 22:00:00,0.7903515243178549
1996-08-27 22:00:00,0.786652219270447
1996-08-28 22:00:00,0.7903515243178549
1996-08-29 22:00:00,0.7908514304053426
1996-08-30 22:00:00,0.7908514304053426
1996-09-03 22:00:00,0.7918512425803178
1996-09-04 22:00:00,0.7919512237978152
1996-09-05 22:00:00,0.7940508293652631
1996-09-06 22:00:00,0.797350209542681
1996-09-09 22:00:00,0.8010495145900891
1996-09-10 22:00:00,0.7989499090226413
1996-09-11 22:00:00,0.800249664850109
1996-09-12 22:00:00,0.7958504912802183
1996-09-13 22:00:00,0.7925511111028003
1996-09-16 22:00:00,0.786852181705442
1996-09-17 22:00:00,0.7898516182303674
1996-09-18 22:00:00,0.7884518811854022
1996-09-19 22:00:00,0.7893517121428798
1996-09-20 22:00:00,0.79015156188286
1996-09-23 22:00:00,0.7916512801453226
1996-09-24 22:00:00,0.7873520877929295
1996-09-25 22:00:00,0.7904515055353525
1996-09-26 22:00:00,0.7928510547552929
1996-09-27 22:00:00,0.7909514116228401
1996-09-30 22:00:00,0.7910513928403377
1996-10-01 22:00:00,0.7913513364928301
1996-10-02 22:00:00,0.7948506791052432
1996-10-03 22:00:00,0.7898516182303674
1996-10-04 22:00:00,0.7893517121428798
1996-10-07 22:00:00,0.7865522380529494
1996-10-08 22:00:00,0.7888518060553923
1996-10-09 22:00:00,0.7892517309253824
1996-10-10 22:00:00,0.7898516182303674
1996-10-11 22:00:00,0.7903515243178549
1996-10-15 22:00:00,0.79055148675285
1996-10-16 22:00:00,0.7912513552753326
1996-10-17 22:00:00,0.7918512425803178
1996-10-18 22:00:00,0.7960504537152133
1996-10-21 22:00:00,0.7965503598027008
1996-10-22 22:00:00,0.7955505476277257
1996-10-23 22:00:00,0.7943507730177556
1996-10-24 22:00:00,0.7925511111028003
1996-10-25 22:00:00,0.7916512801453226
1996-10-28 22:00:00,0.7902515431003575
1996-10-29 22:00:00,0.7907514491878451
1996-10-30 22:00:00,0.7916512801453226
1996-10-31 22:00:00,0.7928510547552929
1996-11-01 22:00:00,0.7890517684903873
1996-11-04 22:00:00,0.786652219270447
1996-11-05 22:00:00,0.786852181705442
1996-11-06 22:00:00,0.7919512237978152
1996-11-07 22:00:00,0.7828529330055414
1996-11-08 22:00:00,0.7883518999679047
1996-11-12 22:00:00,0.7892517309253824
1996-11-13 22:00:00,0.7874520690104271
1996-11-14 22:00:00,0.7903515243178549
1996-11-15 22:00:00,0.7898516182303674
1996-11-18 22:00:00,0.7914513177103276
1996-11-19 22:00:00,0.7938508669302681
1996-11-20 22:00:00,0.7993498338926314
1996-11-21 22:00:00,0.8108476739048456
1996-11-22 22:00:00,0.8118474860798207
1996-11-25 22:00:00,0.8114475612098306
1996-11-26 22:00:00,0.8111476175573381
1996-11-27 22:00:00,0.8109476551223431
1996-11-29 22:00:00,0.8135471667772785
1996-12-02 22:00:00,0.8178463591296715
1996-12-03 22:00:00,0.7968503034551935
1996-12-04 22:00:00,0.7978501156301686
1996-12-05 22:00:00,0.7978501156301686
1996-12-06 22:00:00,0.7959504724977159
1996-12-09 22:00:00,0.8029491577225419
1996-12-10 22:00:00,0.8016494018950742
1996-12-11 22:00:00,0.7918512425803178
1996-12-12 22:00:00,0.7923511486678053
1996-12-13 22:00:00,0.7913513364928301
1996-12-16 22:00:00,0.7928510547552929
1996-12-17 22:00:00,0.7957505100627208
1996-12-18 22:00:00,0.7903515243178549
1996-12-19 22:00:00,0.7938508669302681
1996-12-20 22:00:00,0.7941508105827606
1996-12-23 22:00:00,0.7968503034551935
1996-12-24 22:00:00,0.7958504912802183
1996-12-26 22:00:00,0.7948506791052432
1996-12-27 22:00:00,0.7948506791052432
1996-12-30 22:00:00,0.7955505476277257
1996-12-31 22:00:00,0.794250791800258
1997-01-02 22:00:00,0.7893517121428798
1997-01-03 22:00:00,0.7912513552753326
1997-01-06 22:00:00,0.7880519563154121
1997-01-07 22:00:00,0.7889517872728898
1997-01-08 22:00:00,0.7794535716106258
1997-01-09 22:00:00,0.7778538721306657
1997-01-10 22:00:00,0.7816531583955713
1997-01-13 22:00:00,0.7781538157831581
1997-01-14 22:00:00,0.7808533086555911
1997-01-15 22:00:00,0.7765541163031979
1997-01-16 22:00:00,0.7789536655231383
1997-01-17 22:00:00,0.779853496480616
1997-01-21 22:00:00,0.7772539848256805
1997-01-22 22:00:00,0.7754543229107252
1997-01-23 22:00:00,0.7714550742108246
1997-01-24 22:00:00,0.7718549990808148
1997-01-27 22:00:00,0.7720549615158098
1997-01-28 22:00:00,0.7688555625558893
1997-01-29 22:00:00,0.7698553747308644
1997-01-30 22:00:00,0.7655561823784713
1997-01-31 22:00:00,0.7623567834185507
1997-02-03 22:00:00,0.766855938205939
1997-02-04 22:00:00,0.7628566895060385
1997-02-05 22:00:00,0.7611570088085806
1997-02-06 22:00:00,0.7646563514209938
1997-02-07 22:00:00,0.7609570463735856
1997-02-10 22:00:00,0.7570577788911825
1997-02-11 22:00:00,0.7581575722836552
1997-02-12 22:00:00,0.7588574408061378
1997-02-13 22:00:00,0.7674558255109241
1997-02-14 22:00:00,0.7653562199434762
1997-02-18 22:00:00,0.7651562575084813
1997-02-19 22:00:00,0.7661560696834564
1997-02-20 22:00:00,0.7700553371658595
1997-02-21 22:00:00,0.7768540599556905
1997-02-24 22:00:00,0.7768540599556905
1997-02-25 22:00:00,0.7766540975206955
1997-02-26 22:00:00,0.77405458586576
1997-02-27 22:00:00,0.7776539096956706
1997-02-28 22:00:00,0.7763541538682028
1997-03-03 22:00:00,0.7861523131829594
1997-03-04 22:00:00,0.7892517309253824
1997-03-05 22:00:00,0.783952726398014
1997-03-06 22:00:00,0.7871521253579346
1997-03-07 22:00:00,0.7878519938804172
1997-03-10 22:00:00,0.7873520877929295
1997-03-11 22:00:00,0.7925511111028003
1997-03-12 22:00:00,0.7938508669302681
1997-03-13 22:00:00,0.7921511862328102
1997-03-14 22:00:00,0.7976501531951735
1997-03-17 22:00:00,0.7933509608427805
1997-03-18 22:00:00,0.7858523695304669
1997-03-19 22:00:00,0.7858523695304669
1997-03-20 22:00:00,0.7869521629229395
1997-03-21 22:00:00,0.783952726398014
1997-03-24 22:00:00,0.786852181705442
1997-03-25 22:00:00,0.7815531771780736
1997-03-26 22:00:00,0.7828529330055414
1997-03-27 22:00:00,0.7814531959605762
1997-03-28 22:00:00,0.7833528390930289
1997-03-31 22:00:00,0.7838527451805165
1997-04-01 22:00:00,0.7874520690104271
1997-04-02 22:00:00,0.784352651268004
1997-04-03 22:00:00,0.7788536843056408
1997-04-04 22:00:00,0.7753543416932277
1997-04-07 22:00:00,0.7760542102157104
1997-04-08 22:00:00,0.7808533086555911
1997-04-09 22:00:00,0.7836527827455215
1997-04-10 22:00:00,0.7812532335255811
1997-04-11 22:00:00,0.7858523695304669
1997-04-14 22:00:00,0.7788536843056408
1997-04-15 22:00:00,0.7753543416932277
1997-04-16 22:00:00,0.7714550742108246
1997-04-17 22:00:00,0.7733547173432774
1997-04-18 22:00:00,0.773854623430765
1997-04-21 22:00:00,0.7758542477807153
1997-04-22 22:00:00,0.7778538721306657
1997-04-23 22:00:00,0.7763541538682028
1997-04-24 22:00:00,0.7753543416932277
1997-04-25 22:00:00,0.7766540975206955
1997-04-28 22:00:00,0.7795535528281233
1997-04-29 22:00:00,0.7802534213506059
1997-04-30 22:00:00,0.7793535903931283
1997-05-01 22:00:00,0.784352651268004
1997-05-02 22:00:00,0.7838527451805165
1997-05-05 22:00:00,0.779853496480616
1997-05-06 22:00:00,0.7770540223906856
1997-05-07 22:00:00,0.7762541726507054
1997-05-08 22:00:00,0.779853496480616
1997-05-09 22:00:00,0.7782537970006557
1997-05-12 22:00:00,0.7785537406531482
1997-05-13 22:00:00,0.7765541163031979
1997-05-14 22:00:00,0.7778538721306657
1997-05-15 22:00:00,0.7763541538682028
1997-05-16 22:00:00,0.7746544731707452
1997-05-19 22:00:00,0.7741545670832576
1997-05-20 22:00:00,0.77405458586576
1997-05-21 22:00:00,0.7838527451805165
1997-05-22 22:00:00,0.7793535903931283
1997-05-23 22:00:00,0.7648563138559887
1997-05-27 22:00:00,0.7638565016810136
1997-05-28 22:00:00,0.763356595593526
1997-05-29 22:00:00,0.7642564265510036
1997-05-30 22:00:00,0.7628566895060385
1997-06-02 22:00:00,0.7578576286311627
1997-06-03 22:00:00,0.7601571966336055
1997-06-04 22:00:00,0.7585574971536453
1997-06-05 22:00:00,0.7608570651560881
1997-06-06 22:00:00,0.7606571027210931
1997-06-09 22:00:00,0.7612569900260782
1997-06-10 22:00:00,0.7614569524610733
1997-06-11 22:00:00,0.7577576474136651
1997-06-12 22:00:00,0.7522586804513017
1997-06-13 22:00:00,0.7511588870588292
1997-06-16 22:00:00,0.7483594129688989
1997-06-17 22:00:00,0.7498591312313615
1997-06-18 22:00:00,0.750359037318849
1997-06-19 22:00:00,0.749559187578869
1997-06-20 22:00:00,0.7523586616687993
1997-06-23 22:00:00,0.7518587555813118
1997-06-24 22:00:00,0.7506589809713416
1997-06-25 22:00:00,0.7511588870588292
1997-06-26 22:00:00,0.749359225143874
1997-06-27 22:00:00,0.7453599764439733
1997-06-30 22:00:00,0.7548581921062372
1997-07-01 22:00:00,0.7527585865387895
1997-07-02 22:00:00,0.7523586616687993
1997-07-03 22:00:00,0.7535584362787695
1997-07-07 22:00:00,0.7433603520940231
1997-07-08 22:00:00,0.746859694706436
1997-07-09 22:00:00,0.7448600703564857
1997-07-10 22:00:00,0.7428604460065354
1997-07-11 22:00:00,0.7402609343516
1997-07-14 22:00:00,0.7358617607817094
1997-07-15 22:00:00,0.7341620800842515
1997-07-16 22:00:00,0.7353618546942219
1997-07-17 22:00:00,0.7355618171292169
1997-07-18 22:00:00,0.7428604460065354
1997-07-21 22:00:00,0.7408608216565852
1997-07-22 22:00:00,0.73946108461162
1997-07-23 22:00:00,0.7364616480866946
1997-07-24 22:00:00,0.7373614790441722
1997-07-25 22:00:00,0.7370615353916795
1997-07-28 22:00:00,0.7343620425192467
1997-07-29 22:00:00,0.7448600703564857
1997-07-30 22:00:00,0.7445601267039932
1997-07-31 22:00:00,0.7449600515739833
1997-08-01 22:00:00,0.7391611409591273
1997-08-04 22:00:00,0.7383612912191473
1997-08-05 22:00:00,0.7390611597416298
1997-08-06 22:00:00,0.7358617607817094
1997-08-07 22:00:00,0.7331622679092764
1997-08-08 22:00:00,0.7335621927792666
1997-08-11 22:00:00,0.7366616105216895
1997-08-12 22:00:00,0.7379613663491572
1997-08-13 22:00:00,0.7443601642689982
1997-08-14 22:00:00,0.7425605023540429
1997-08-15 22:00:00,0.7426604835715405
1997-08-18 22:00:00,0.7385612536541423
1997-08-19 22:00:00,0.7413607277440728
1997-08-20 22:00:00,0.7420605962665553
1997-08-21 22:00:00,0.7481594505339036
1997-08-22 22:00:00,0.7480594693164062
1997-08-25 22:00:00,0.7461598261839534
1997-08-26 22:00:00,0.7463597886189485
1997-08-27 22:00:00,0.7398610094816099
1997-08-28 22:00:00,0.736361666869197
1997-08-29 22:00:00,0.7343620425192467
1997-09-02 22:00:00,0.7263635451194456
1997-09-03 22:00:00,0.7256636765969628
1997-09-04 22:00:00,0.7319624932993063
1997-09-05 22:00:00,0.7306627374718386
1997-09-08 22:00:00,0.7298628877318585
1997-09-09 22:00:00,0.7298628877318585
1997-09-10 22:00:00,0.7268634512069331
1997-09-11 22:00:00,0.719864765982107
1997-09-12 22:00:00,0.7213644842445698
1997-09-15 22:00:00,0.7197647847646095
1997-09-16 22:00:00,0.716365423369694
1997-09-17 22:00:00,0.716165460934699
1997-09-18 22:00:00,0.716365423369694
1997-09-19 22:00:00,0.7201647096345996
1997-09-22 22:00:00,0.7193648598946195
1997-09-23 22:00:00,0.7193648598946195
1997-09-24 22:00:00,0.7204646532870921
1997-09-25 22:00:00,0.7253637329444703
1997-09-26 22:00:00,0.7225642588545399
1997-09-29 22:00:00,0.7188649538071319
1997-09-30 22:00:00,0.7248638268569827
1997-10-01 22:00:00,0.7278632633819082
1997-10-02 22:00:00,0.7281632070344007
1997-10-03 22:00:00,0.7273633572944207
1997-10-06 22:00:00,0.72336410859452
1997-10-07 22:00:00,0.7248638268569827
1997-10-08 22:00:00,0.7283631694693958
1997-10-09 22:00:00,0.7354618359117193
1997-10-10 22:00:00,0.7358617607817094
1997-10-14 22:00:00,0.7362616856516995
1997-10-15 22:00:00,0.7323624181692964
1997-10-16 22:00:00,0.7384612724366448
1997-10-17 22:00:00,0.7323624181692964
1997-10-20 22:00:00,0.729362981644371
1997-10-21 22:00:00,0.7228642025070324
1997-10-22 22:00:00,0.7058673955324549
1997-10-23 22:00:00,0.7013682407450668
1997-10-24 22:00:00,0.699868522482604
1997-10-27 22:00:00,0.6908702129078277
1997-10-28 22:00:00,0.7023680529200419
1997-10-29 22:00:00,0.7038677711825045
1997-10-30 22:00:00,0.7006683722225842
1997-10-31 22:00:00,0.7028679590075294
1997-11-03 22:00:00,0.7118662685823058
1997-11-04 22:00:00,0.7043676772699923
1997-11-05 22:00:00,0.7028679590075294
1997-11-06 22:00:00,0.6976689356976586
1997-11-07 22:00:00,0.6938696494327531
1997-11-10 22:00:00,0.6968690859576785
1997-11-12 22:00:00,0.6933697433452656
1997-11-13 22:00:00,0.6960692362176986
1997-11-14 22:00:00,0.6958692737827034
1997-11-17 22:00:00,0.6987687290901313
1997-11-18 22:00:00,0.6988687103076289
1997-11-19 22:00:00,0.6890705509928725
1997-11-20 22:00:00,0.6880707388178973
1997-11-21 22:00:00,0.6988687103076289
1997-11-24 22:00:00,0.6936696869977581
1997-11-25 22:00:00,0.6863710581204395
1997-11-26 22:00:00,0.6833716215955141
1997-11-28 22:00:00,0.682371809420539
1997-12-01 22:00:00,0.6768728424581757
1997-12-02 22:00:00,0.6768728424581757
1997-12-03 22:00:00,0.6758730302832006
1997-12-04 22:00:00,0.67307355619327
1997-12-05 22:00:00,0.6710739318433198
1997-12-08 22:00:00,0.6703740633208372
1997-12-09 22:00:00,0.6673746267959116
1997-12-10 22:00:00,0.6663748146209365
1997-12-11 22:00:00,0.665874908533449
1997-12-12 22:00:00,0.6628754720085236
1997-12-15 22:00:00,0.6564766740886826
1997-12-16 22:00:00,0.6488781015588715
1997-12-17 22:00:00,0.6603759415710856
1997-12-18 22:00:00,0.656376692871185
1997-12-19 22:00:00,0.652877350258772
1997-12-22 22:00:00,0.6521774817362894
1997-12-23 22:00:00,0.656376692871185
1997-12-24 22:00:00,0.6556768243487026
1997-12-26 22:00:00,0.6557768055662
1997-12-29 22:00:00,0.6538771624337473
1997-12-30 22:00:00,0.6515775944313043
1997-12-31 22:00:00,0.6513776319963093
1998-01-02 22:00:00,0.6498779137338466
1998-01-05 22:00:00,0.6416794538990505
1998-01-06 22:00:00,0.6345807874567269
1998-01-07 22:00:00,0.6413795102465578
1998-01-08 22:00:00,0.6351806747617119
1998-01-09 22:00:00,0.6468784772089212
1998-01-12 22:00:00,0.6428792285090206
1998-01-13 22:00:00,0.6463785711214336
1998-01-14 22:00:00,0.6468784772089212
1998-01-15 22:00:00,0.6501778573863392
1998-01-16 22:00:00,0.6612757725285633
1998-01-20 22:00:00,0.6655749648809564
1998-01-21 22:00:00,0.6593761293961105
1998-01-22 22:00:00,0.659476110613608
1998-01-23 22:00:00,0.6628754720085236
1998-01-26 22:00:00,0.6692742699283645
1998-01-27 22:00:00,0.6746732556732302
1998-01-28 22:00:00,0.6808720911580762
1998-01-29 22:00:00,0.6748732181082253
1998-01-30 22:00:00,0.6850713022929719
1998-02-02 22:00:00,0.686671001772932
1998-02-03 22:00:00,0.682371809420539
1998-02-04 22:00:00,0.6810720535930713
1998-02-05 22:00:00,0.6763729363706881
1998-02-06 22:00:00,0.6698741572333496
1998-02-09 22:00:00,0.6723736876707874
1998-02-10 22:00:00,0.6812720160280663
1998-02-11 22:00:00,0.6778726546331508
1998-02-12 22:00:00,0.6768728424581757
1998-02-13 22:00:00,0.6723736876707874
1998-02-17 22:00:00,0.6683744389708869
1998-02-18 22:00:00,0.6700741196683446
1998-02-19 22:00:00,0.6758730302832006
1998-02-20 22:00:00,0.6714738567133098
1998-02-23 22:00:00,0.6668747207084241
1998-02-24 22:00:00,0.6657749273159516
1998-02-25 22:00:00,0.6653750024459614
1998-02-26 22:00:00,0.6711739130608173
1998-02-27 22:00:00,0.6783725607206383
1998-03-02 22:00:00,0.682371809420539
1998-03-03 22:00:00,0.679472354113111
1998-03-04 22:00:00,0.6743733120207377
1998-03-05 22:00:00,0.6678745328833994
1998-03-06 22:00:00,0.6673746267959116
1998-03-09 22:00:00,0.6670746831434192
1998-03-10 22:00:00,0.6678745328833994
1998-03-11 22:00:00,0.6668747207084241
1998-03-12 22:00:00,0.669374251145862
1998-03-13 22:00:00,0.6758730302832006
1998-03-16 22:00:00,0.6698741572333496
1998-03-17 22:00:00,0.6713738754958123
1998-03-18 22:00:00,0.6635753405310061
1998-03-19 22:00:00,0.6624755471385334
1998-03-20 22:00:00,0.6643751902709862
1998-03-23 22:00:00,0.6653750024459614
1998-03-24 22:00:00,0.6714738567133098
1998-03-25 22:00:00,0.6698741572333496
1998-03-26 22:00:00,0.6740733683682453
1998-03-27 22:00:00,0.6738734059332502
1998-03-30 22:00:00,0.662975453226021
1998-03-31 22:00:00,0.6611757913110657
1998-04-01 22:00:00,0.6588762233086229
1998-04-02 22:00:00,0.6551769182612149
1998-04-03 22:00:00,0.6566766365236777
1998-04-06 22:00:00,0.6593761293961105
1998-04-07 22:00:00,0.6595760918311055
1998-04-08 22:00:00,0.6568765989586727
1998-04-09 22:00:00,0.6548769746087224
1998-04-10 22:00:00,0.656376692871185
1998-04-13 22:00:00,0.6551769182612149
1998-04-14 22:00:00,0.6468784772089212
1998-04-15 22:00:00,0.6488781015588715
1998-04-16 22:00:00,0.6498779137338466
1998-04-17 22:00:00,0.6488781015588715
1998-04-20 22:00:00,0.6453787589464584
1998-04-21 22:00:00,0.648578157906379
1998-04-22 22:00:00,0.6513776319963093
1998-04-23 22:00:00,0.6533772563462596
1998-04-24 22:00:00,0.6505777822563291
1998-04-27 22:00:00,0.6471784208614136
1998-04-28 22:00:00,0.6438790406839957
1998-04-29 22:00:00,0.6483781954713839
1998-04-30 22:00:00,0.6518775380837969
1998-05-01 22:00:00,0.6518775380837969
1998-05-04 22:00:00,0.6448788528589708
1998-05-05 22:00:00,0.6410795665940653
1998-05-06 22:00:00,0.6368803554591697
1998-05-07 22:00:00,0.6371802991116622
1998-05-08 22:00:00,0.6353806371967069
1998-05-11 22:00:00,0.6369803366766672
1998-05-12 22:00:00,0.6328811067592691
1998-05-13 22:00:00,0.6274821210144034
1998-05-14 22:00:00,0.6268822337094182
1998-05-15 22:00:00,0.6268822337094182
1998-05-18 22:00:00,0.62198315405204
1998-05-19 22:00:00,0.6234828723145027
1998-05-20 22:00:00,0.6253825154469554
1998-05-21 22:00:00,0.6302815951043337
1998-05-22 22:00:00,0.6313813884968064
1998-05-26 22:00:00,0.62238307892203
1998-05-27 22:00:00,0.6213832667470549
1998-05-28 22:00:00,0.621783191617045
1998-05-29 22:00:00,0.6258824215344431
1998-06-01 22:00:00,0.6148844876097164
1998-06-02 22:00:00,0.6143845815222289
1998-06-03 22:00:00,0.6113851449973035
1998-06-04 22:00:00,0.6108852389098158
1998-06-05 22:00:00,0.6003872110725768
1998-06-08 22:00:00,0.5993873988976016
1998-06-09 22:00:00,0.5953881501977011
1998-06-10 22:00:00,0.5868897467104122
1998-06-11 22:00:00,0.5865898030579197
1998-06-12 22:00:00,0.5923887136727756
1998-06-15 22:00:00,0.5892892959303526
1998-06-16 22:00:00,0.5923887136727756
1998-06-17 22:00:00,0.6079857836023879
1998-06-18 22:00:00,0.6065860465574227
1998-06-19 22:00:00,0.6268822337094182
1998-06-22 22:00:00,0.6108852389098158
1998-06-23 22:00:00,0.6076858399498953
1998-06-24 22:00:00,0.6072859150799054
1998-06-25 22:00:00,0.605286290729955
1998-06-26 22:00:00,0.6028867415100146
1998-06-29 22:00:00,0.6073858962974028
1998-06-30 22:00:00,0.6206833982245723
1998-07-01 22:00:00,0.618883736309617
1998-07-02 22:00:00,0.6113851449973035
1998-07-03 22:00:00,0.6183838302221295
1998-07-06 22:00:00,0.6163842058721791
1998-07-07 22:00:00,0.6193836423971046
1998-07-08 22:00:00,0.6163842058721791
1998-07-09 22:00:00,0.6123849571722786
1998-07-10 22:00:00,0.6138846754347412
1998-07-13 22:00:00,0.6163842058721791
1998-07-14 22:00:00,0.6243827032719804
1998-07-15 22:00:00,0.6232829098795076
1998-07-16 22:00:00,0.6288818580593685
1998-07-17 22:00:00,0.6265822900569257
1998-07-20 22:00:00,0.6299816514518412
1998-07-21 22:00:00,0.6261823651869356
1998-07-22 22:00:00,0.6209833418770648
1998-07-23 22:00:00,0.6166841495246717
1998-07-24 22:00:00,0.6194836236146021
1998-07-27 22:00:00,0.6088856145598655
1998-07-28 22:00:00,0.6113851449973035
1998-07-29 22:00:00,0.6103853328223283
1998-07-30 22:00:00,0.6143845815222289
1998-07-31 22:00:00,0.6068859902099152
1998-08-03 22:00:00,0.6033866475975023
1998-08-04 22:00:00,0.6048863658599649
1998-08-05 22:00:00,0.6088856145598655
1998-08-06 22:00:00,0.6038865536849898
1998-08-07 22:00:00,0.5989874740276115
1998-08-10 22:00:00,0.5983875867226265
1998-08-11 22:00:00,0.5919887888027855
1998-08-12 22:00:00,0.5943883380227258
1998-08-13 22:00:00,0.5973877745476514
1998-08-14 22:00:00,0.5938884319352382
1998-08-17 22:00:00,0.5923887136727756
1998-08-18 22:00:00,0.5936884695002432
1998-08-19 22:00:00,0.5938884319352382
1998-08-20 22:00:00,0.5895892395828451
1998-08-21 22:00:00,0.5828904980105116
1998-08-24 22:00:00,0.5790912117456062
1998-08-25 22:00:00,0.5758918127856856
1998-08-26 22:00:00,0.5680932778208795
1998-08-27 22:00:00,0.5548957571112075
1998-08-28 22:00:00,0.5648938788609589
1998-08-31 22:00:00,0.5718925640857849
1998-09-01 22:00:00,0.5803909675730738
1998-09-02 22:00:00,0.5828904980105116
1998-09-03 22:00:00,0.5808908736605614
1998-09-04 22:00:00,0.5859899157529346
1998-09-08 22:00:00,0.5895892395828451
1998-09-09 22:00:00,0.5873896527978998
1998-09-10 22:00:00,0.5964879435901737
1998-09-11 22:00:00,0.6008871171600643
1998-09-14 22:00:00,0.5927886385427656
1998-09-15 22:00:00,0.5943883380227258
1998-09-16 22:00:00,0.5933885258477507
1998-09-17 22:00:00,0.5935884882827458
1998-09-18 22:00:00,0.5873896527978998
1998-09-21 22:00:00,0.5833904040979992
1998-09-22 22:00:00,0.5853900284479495
1998-09-23 22:00:00,0.5779914183531334
1998-09-24 22:00:00,0.5834903853154968
1998-09-25 22:00:00,0.5909889766278104
1998-09-28 22:00:00,0.5861898781879297
1998-09-29 22:00:00,0.5973877745476514
1998-09-30 22:00:00,0.5928886197602631
1998-10-01 22:00:00,0.5968878684601637
1998-10-02 22:00:00,0.5938884319352382
1998-10-05 22:00:00,0.5938884319352382
1998-10-06 22:00:00,0.58858942740787
1998-10-07 22:00:00,0.6176839616996468
1998-10-08 22:00:00,0.6181838677871344
1998-10-09 22:00:00,0.6160842622196866
1998-10-13 22:00:00,0.6271821773619107
1998-10-14 22:00:00,0.6292817829293585
1998-10-15 22:00:00,0.6308814824093187
1998-10-16 22:00:00,0.6325811631067766
1998-10-19 22:00:00,0.632681144324274
1998-10-20 22:00:00,0.6283819519718808
1998-10-21 22:00:00,0.6273821397969057
1998-10-22 22:00:00,0.6251825530119604
1998-10-23 22:00:00,0.6182838490046318
1998-10-26 22:00:00,0.6163842058721791
1998-10-27 22:00:00,0.6152844124797064
1998-10-28 22:00:00,0.6158842997846915
1998-10-29 22:00:00,0.6229829662270151
1998-10-30 22:00:00,0.6248826093594679
1998-11-02 22:00:00,0.6250825717944629
1998-11-03 22:00:00,0.6252825342294579
1998-11-04 22:00:00,0.6284819331893785
1998-11-05 22:00:00,0.631881294584294
1998-11-06 22:00:00,0.6338809189342443
1998-11-09 22:00:00,0.6346807686742244
1998-11-10 22:00:00,0.622183116487035
1998-11-12 22:00:00,0.631881294584294
1998-11-13 22:00:00,0.639079942244115
1998-11-16 22:00:00,0.6383800737216323
1998-11-17 22:00:00,0.6341808625867368
1998-11-18 22:00:00,0.6455787213814536
1998-11-19 22:00:00,0.6435790970315032
1998-11-20 22:00:00,0.6434791158140056
1998-11-23 22:00:00,0.6408796041590703
1998-11-24 22:00:00,0.6415794726815529
1998-11-25 22:00:00,0.6398797919840952
1998-11-27 22:00:00,0.6337809377167467
1998-11-30 22:00:00,0.6278820458843933
1998-12-01 22:00:00,0.6303815763218311
1998-12-02 22:00:00,0.6308814824093187
1998-12-03 22:00:00,0.6243827032719804
1998-12-04 22:00:00,0.6173840180471544
1998-12-07 22:00:00,0.6202834733545821
1998-12-08 22:00:00,0.615384393697204
1998-12-09 22:00:00,0.6163842058721791
1998-12-10 22:00:00,0.6193836423971046
1998-12-11 22:00:00,0.6206833982245723
1998-12-14 22:00:00,0.6202834733545821
1998-12-15 22:00:00,0.6233828910970052
1998-12-16 22:00:00,0.6185837926571245
1998-12-17 22:00:00,0.6229829662270151
1998-12-18 22:00:00,0.6209833418770648
1998-12-21 22:00:00,0.6168841119596667
1998-12-22 22:00:00,0.6143845815222289
1998-12-23 22:00:00,0.6112851637798059
1998-12-24 22:00:00,0.6108852389098158
1998-12-28 22:00:00,0.6068859902099152
1998-12-29 22:00:00,0.6112851637798059
1998-12-30 22:00:00,0.6127848820422686
1998-12-31 22:00:00,0.6121849947372835
1999-01-04 22:00:00,0.6180838865696369
1999-01-05 22:00:00,0.6215832291820499
1999-01-06 22:00:00,0.6283819519718808
1999-01-07 22:00:00,0.6338809189342443
1999-01-08 22:00:00,0.632481181889279
1999-01-11 22:00:00,0.6393798858966075
1999-01-12 22:00:00,0.6399797732015926
1999-01-13 22:00:00,0.6308814824093187
1999-01-14 22:00:00,0.6313813884968064
1999-01-15 22:00:00,0.6338809189342443
1999-01-19 22:00:00,0.6383800737216323
1999-01-20 22:00:00,0.6396798295491001
1999-01-21 22:00:00,0.639479867114105
1999-01-22 22:00:00,0.6346807686742244
1999-01-25 22:00:00,0.6307815011918213
1999-01-26 22:00:00,0.6303815763218311
1999-01-27 22:00:00,0.6271821773619107
1999-01-28 22:00:00,0.6256824590994481
1999-01-29 22:00:00,0.6295817265818511
1999-02-01 22:00:00,0.6334809940642542
1999-02-02 22:00:00,0.6399797732015926
1999-02-03 22:00:00,0.6413795102465578
1999-02-04 22:00:00,0.6488781015588715
1999-02-05 22:00:00,0.6515775944313043
1999-02-08 22:00:00,0.6518775380837969
1999-02-09 22:00:00,0.6466785147739261
1999-02-10 22:00:00,0.6451787965114634
1999-02-11 22:00:00,0.649378007646359
1999-02-12 22:00:00,0.6461786086864385
1999-02-16 22:00:00,0.6378801676341448
1999-02-17 22:00:00,0.6334809940642542
1999-02-18 22:00:00,0.6348807311092194
1999-02-19 22:00:00,0.6373802615466572
1999-02-22 22:00:00,0.6398797919840952
1999-02-23 22:00:00,0.639079942244115
1999-02-24 22:00:00,0.6313813884968064
1999-02-25 22:00:00,0.6270821961444132
1999-02-26 22:00:00,0.6203834545720798
1999-03-01 22:00:00,0.6177839429171443
1999-03-02 22:00:00,0.6203834545720798
1999-03-03 22:00:00,0.6228829850095176
1999-03-04 22:00:00,0.6240827596194878
1999-03-05 22:00:00,0.6283819519718808
1999-03-08 22:00:00,0.6303815763218311
1999-03-09 22:00:00,0.635580599631702
1999-03-10 22:00:00,0.6348807311092194
1999-03-11 22:00:00,0.636380449371682
1999-03-12 22:00:00,0.6358805432841945
1999-03-15 22:00:00,0.6313813884968064
1999-03-16 22:00:00,0.6258824215344431
1999-03-17 22:00:00,0.6271821773619107
1999-03-18 22:00:00,0.6299816514518412
1999-03-19 22:00:00,0.6302815951043337
1999-03-22 22:00:00,0.6334809940642542
1999-03-23 22:00:00,0.6380801300691399
1999-03-24 22:00:00,0.63927990467911
1999-03-25 22:00:00,0.636180486936687
1999-03-26 22:00:00,0.6350806935442144
1999-03-29 22:00:00,0.6321812382367864
1999-03-30 22:00:00,0.6268822337094182
1999-03-31 22:00:00,0.6338809189342443
1999-04-01 22:00:00,0.6352806559792094
1999-04-02 22:00:00,0.6343808250217318
1999-04-05 22:00:00,0.6313813884968064
1999-04-06 22:00:00,0.6278820458843933
1999-04-07 22:00:00,0.6270821961444132
1999-04-08 22:00:00,0.6242827220544828
1999-04-09 22:00:00,0.6294817453643536
1999-04-12 22:00:00,0.6341808625867368
1999-04-13 22:00:00,0.636380449371682
1999-04-14 22:00:00,0.6376802051991498
1999-04-15 22:00:00,0.6357805620666971
1999-04-16 22:00:00,0.646478552338931
1999-04-19 22:00:00,0.6516775756488019
1999-04-20 22:00:00,0.6473783832964087
1999-04-21 22:00:00,0.6467784959914237
1999-04-22 22:00:00,0.6505777822563291
1999-04-23 22:00:00,0.6514776132138068
1999-04-26 22:00:00,0.6486781391238765
1999-04-27 22:00:00,0.6503778198213341
1999-04-28 22:00:00,0.6537771812162497
1999-04-29 22:00:00,0.6581763547861403
1999-04-30 22:00:00,0.6618756598335485
1999-05-03 22:00:00,0.6638752841834987
1999-05-04 22:00:00,0.662375565921036
1999-05-05 22:00:00,0.6612757725285633
1999-05-06 22:00:00,0.6688743450583745
1999-05-07 22:00:00,0.6707739881908272
1999-05-10 22:00:00,0.6686743826233793
1999-05-11 22:00:00,0.6710739318433198
1999-05-12 22:00:00,0.6668747207084241
1999-05-13 22:00:00,0.6677745516659018
1999-05-14 22:00:00,0.6646751339234788
1999-05-17 22:00:00,0.666074870968444
1999-05-18 22:00:00,0.6703740633208372
1999-05-19 22:00:00,0.6631754156610161
1999-05-20 22:00:00,0.6608758476585733
1999-05-21 22:00:00,0.6593761293961105
1999-05-24 22:00:00,0.6593761293961105
1999-05-25 22:00:00,0.6578764111336478
1999-05-26 22:00:00,0.6490780639938665
1999-05-27 22:00:00,0.6483781954713839
1999-05-28 22:00:00,0.652677387823777
1999-06-01 22:00:00,0.6413795102465578
1999-06-02 22:00:00,0.6443789467714832
1999-06-03 22:00:00,0.6475783457314038
1999-06-04 22:00:00,0.6553768806962099
1999-06-07 22:00:00,0.6581763547861403
1999-06-08 22:00:00,0.6584762984386329
1999-06-09 22:00:00,0.6583763172211353
1999-06-10 22:00:00,0.662375565921036
1999-06-11 22:00:00,0.6641752278359913
1999-06-14 22:00:00,0.6628754720085236
1999-06-15 22:00:00,0.6578764111336478
1999-06-16 22:00:00,0.656376692871185
1999-06-17 22:00:00,0.6573765050461602
1999-06-18 22:00:00,0.6531772939112646
1999-06-21 22:00:00,0.6506777634738268
1999-06-22 22:00:00,0.6533772563462596
1999-06-23 22:00:00,0.6566766365236777
1999-06-24 22:00:00,0.6580763735686428
1999-06-25 22:00:00,0.6616756973985534
1999-06-28 22:00:00,0.6578764111336478
1999-06-29 22:00:00,0.6578764111336478
1999-06-30 22:00:00,0.6609758288760708
1999-07-01 22:00:00,0.6663748146209365
1999-07-02 22:00:00,0.6701741008858422
1999-07-06 22:00:00,0.6655749648809564
1999-07-07 22:00:00,0.6638752841834987
1999-07-08 22:00:00,0.6653750024459614
1999-07-09 22:00:00,0.6643751902709862
1999-07-12 22:00:00,0.6618756598335485
1999-07-13 22:00:00,0.6591761669611155
1999-07-14 22:00:00,0.659076185743618
1999-07-15 22:00:00,0.6624755471385334
1999-07-16 22:00:00,0.6600759979185932
1999-07-19 22:00:00,0.6513776319963093
1999-07-20 22:00:00,0.6481782330363889
1999-07-21 22:00:00,0.6473783832964087
1999-07-22 22:00:00,0.646478552338931
1999-07-23 22:00:00,0.6478782893838964
1999-07-26 22:00:00,0.6471784208614136
1999-07-27 22:00:00,0.6441789843364882
1999-07-28 22:00:00,0.6440790031189907
1999-07-29 22:00:00,0.649378007646359
1999-07-30 22:00:00,0.652077500518792
1999-08-02 22:00:00,0.6498779137338466
1999-08-03 22:00:00,0.6533772563462596
1999-08-04 22:00:00,0.6583763172211353
1999-08-05 22:00:00,0.6543770685212348
1999-08-06 22:00:00,0.6529773314762696
1999-08-09 22:00:00,0.6498779137338466
1999-08-10 22:00:00,0.6510776883438167
1999-08-11 22:00:00,0.6483781954713839
1999-08-12 22:00:00,0.649378007646359
1999-08-13 22:00:00,0.6515775944313043
1999-08-16 22:00:00,0.6495779700813541
1999-08-17 22:00:00,0.6483781954713839
1999-08-18 22:00:00,0.6466785147739261
1999-08-19 22:00:00,0.636380449371682
1999-08-20 22:00:00,0.6391799234616125
1999-08-23 22:00:00,0.6357805620666971
1999-08-24 22:00:00,0.6368803554591697
1999-08-25 22:00:00,0.6332810316292591
1999-08-26 22:00:00,0.6298816702343436
1999-08-27 22:00:00,0.631881294584294
1999-08-30 22:00:00,0.632481181889279
1999-08-31 22:00:00,0.6378801676341448
1999-09-01 22:00:00,0.63887997980912
1999-09-02 22:00:00,0.6445789092064784
1999-09-03 22:00:00,0.6465785335564287
1999-09-07 22:00:00,0.6463785711214336
1999-09-08 22:00:00,0.6484781766888813
1999-09-09 22:00:00,0.6518775380837969
1999-09-10 22:00:00,0.6518775380837969
1999-09-13 22:00:00,0.6571765426111652
1999-09-14 22:00:00,0.6543770685212348
1999-09-15 22:00:00,0.648578157906379
1999-09-16 22:00:00,0.6460786274689411
1999-09-17 22:00:00,0.6479782706013938
1999-09-20 22:00:00,0.6412795290290603
1999-09-21 22:00:00,0.6468784772089212
1999-09-22 22:00:00,0.6511776695613143
1999-09-23 22:00:00,0.6480782518188913
1999-09-24 22:00:00,0.6523774441712844
1999-09-27 22:00:00,0.6523774441712844
1999-09-28 22:00:00,0.6553768806962099
1999-09-29 22:00:00,0.652877350258772
1999-09-30 22:00:00,0.652677387823777
1999-10-01 22:00:00,0.6538771624337473
1999-10-04 22:00:00,0.6605759040060807
1999-10-05 22:00:00,0.6631754156610161
1999-10-06 22:00:00,0.6603759415710856
1999-10-07 22:00:00,0.6600759979185932
1999-10-08 22:00:00,0.6538771624337473
1999-10-12 22:00:00,0.6553768806962099
1999-10-13 22:00:00,0.6488781015588715
1999-10-14 22:00:00,0.6498779137338466
1999-10-15 22:00:00,0.6473783832964087
1999-10-18 22:00:00,0.6438790406839957
1999-10-19 22:00:00,0.6484781766888813
1999-10-20 22:00:00,0.6461786086864385
1999-10-21 22:00:00,0.6468784772089212
1999-10-22 22:00:00,0.6501778573863392
1999-10-25 22:00:00,0.6506777634738268
1999-10-26 22:00:00,0.6501778573863392
1999-10-27 22:00:00,0.6434791158140056
1999-10-28 22:00:00,0.6455787213814536
1999-10-29 22:00:00,0.6374802427641547
1999-11-01 22:00:00,0.6380801300691399
1999-11-02 22:00:00,0.6403796980715827
1999-11-03 22:00:00,0.6435790970315032
1999-11-04 22:00:00,0.6381801112866373
1999-11-05 22:00:00,0.6383800737216323
1999-11-08 22:00:00,0.636380449371682
1999-11-09 22:00:00,0.6373802615466572
1999-11-10 22:00:00,0.6400797544190902
1999-11-12 22:00:00,0.6429792097265181
1999-11-15 22:00:00,0.6465785335564287
1999-11-16 22:00:00,0.6415794726815529
1999-11-17 22:00:00,0.63927990467911
1999-11-18 22:00:00,0.6393798858966075
1999-11-19 22:00:00,0.63887997980912
1999-11-22 22:00:00,0.6374802427641547
1999-11-23 22:00:00,0.6354806184142046
1999-11-24 22:00:00,0.6321812382367864
1999-11-26 22:00:00,0.6343808250217318
1999-11-29 22:00:00,0.6366803930241747
1999-11-30 22:00:00,0.6369803366766672
1999-12-01 22:00:00,0.6352806559792094
1999-12-02 22:00:00,0.6328811067592691
1999-12-03 22:00:00,0.6330810691942641
1999-12-06 22:00:00,0.6346807686742244
1999-12-07 22:00:00,0.6360805057191895
1999-12-08 22:00:00,0.6378801676341448
1999-12-09 22:00:00,0.639479867114105
1999-12-10 22:00:00,0.636380449371682
1999-12-13 22:00:00,0.6328811067592691
1999-12-14 22:00:00,0.6350806935442144
1999-12-15 22:00:00,0.635580599631702
1999-12-16 22:00:00,0.642379322421533
1999-12-17 22:00:00,0.6424793036390305
1999-12-20 22:00:00,0.6414794914640553
1999-12-21 22:00:00,0.6431791721615131
1999-12-22 22:00:00,0.6434791158140056
1999-12-23 22:00:00,0.6451787965114634
1999-12-24 22:00:00,0.642579284856528
1999-12-27 22:00:00,0.6446788904239759
1999-12-28 22:00:00,0.6448788528589708
1999-12-29 22:00:00,0.6501778573863392
1999-12-30 22:00:00,0.6537771812162497
1999-12-31 22:00:00,0.6558767867836975
2000-01-03 22:00:00,0.6589762045261205
2000-01-04 22:00:00,0.6560767492186925
2000-01-05 22:00:00,0.6548769746087224
2000-01-06 22:00:00,0.6538771624337473
2000-01-07 22:00:00,0.6546770121737274
2000-01-10 22:00:00,0.655976768001195
2000-01-11 22:00:00,0.6573765050461602
2000-01-12 22:00:00,0.6576764486986528
2000-01-13 22:00:00,0.6685744014058819
2000-01-14 22:00:00,0.6663748146209365
2000-01-18 22:00:00,0.6638752841834987
2000-01-19 22:00:00,0.6632753968785136
2000-01-20 22:00:00,0.666474795838434
2000-01-21 22:00:00,0.6619756410510459
2000-01-24 22:00:00,0.6542770873037372
2000-01-25 22:00:00,0.6540771248687423
2000-01-26 22:00:00,0.6503778198213341
2000-01-27 22:00:00,0.6548769746087224
2000-01-28 22:00:00,0.6263823276219306
2000-01-31 22:00:00,0.6380801300691399
2000-02-01 22:00:00,0.6313813884968064
2000-02-02 22:00:00,0.6358805432841945
2000-02-03 22:00:00,0.6385800361566275
2000-02-04 22:00:00,0.6313813884968064
2000-02-07 22:00:00,0.6337809377167467
2000-02-08 22:00:00,0.6351806747617119
2000-02-09 22:00:00,0.6343808250217318
2000-02-10 22:00:00,0.631881294584294
2000-02-11 22:00:00,0.6280820083193883
2000-02-14 22:00:00,0.6277820646668958
2000-02-15 22:00:00,0.6298816702343436
2000-02-16 22:00:00,0.6299816514518412
2000-02-17 22:00:00,0.631881294584294
2000-02-18 22:00:00,0.6290818204943635
2000-02-22 22:00:00,0.6255824778819505
2000-02-23 22:00:00,0.6194836236146021
2000-02-24 22:00:00,0.6142846003047313
2000-02-25 22:00:00,0.6173840180471544
2000-02-28 22:00:00,0.6114851262148009
2000-02-29 22:00:00,0.615384393697204
2000-03-01 22:00:00,0.6065860465574227
2000-03-02 22:00:00,0.6075858587323978
2000-03-03 22:00:00,0.6080857648198854
2000-03-06 22:00:00,0.6014870044650494
2000-03-07 22:00:00,0.6033866475975023
2000-03-08 22:00:00,0.6092855394298556
2000-03-09 22:00:00,0.615384393697204
2000-03-10 22:00:00,0.6134847505647513
2000-03-13 22:00:00,0.6163842058721791
2000-03-14 22:00:00,0.6138846754347412
2000-03-15 22:00:00,0.6123849571722786
2000-03-16 22:00:00,0.6105852952573233
2000-03-17 22:00:00,0.6065860465574227
2000-03-20 22:00:00,0.6063860841224277
2000-03-21 22:00:00,0.6098854267348407
2000-03-22 22:00:00,0.6054862531649501
2000-03-23 22:00:00,0.6039865349024872
2000-03-24 22:00:00,0.6062861029049301
2000-03-27 22:00:00,0.6112851637798059
2000-03-28 22:00:00,0.6139846566522388
2000-03-29 22:00:00,0.612284975954781
2000-03-30 22:00:00,0.6123849571722786
2000-03-31 22:00:00,0.606086140469935
2000-04-03 22:00:00,0.6071859338624077
2000-04-04 22:00:00,0.6030867039450096
2000-04-05 22:00:00,0.6051863095124574
2000-04-06 22:00:00,0.6014870044650494
2000-04-07 22:00:00,0.6001872486375817
2000-04-10 22:00:00,0.5989874740276115
2000-04-11 22:00:00,0.5955881126326961
2000-04-12 22:00:00,0.5968878684601637
2000-04-13 22:00:00,0.5961879999376811
2000-04-14 22:00:00,0.5970878308951587
2000-04-17 22:00:00,0.5911889390628055
2000-04-18 22:00:00,0.5944883192402234
2000-04-19 22:00:00,0.5955881126326961
2000-04-20 22:00:00,0.5929886009777606
2000-04-21 22:00:00,0.5923887136727756
2000-04-24 22:00:00,0.5943883380227258
2000-04-25 22:00:00,0.5954881314151985
2000-04-26 22:00:00,0.5888893710603625
2000-04-27 22:00:00,0.5873896527978998
2000-04-28 22:00:00,0.5835903665329942
2000-05-01 22:00:00,0.5798910614855861
2000-05-02 22:00:00,0.5855899908829445
2000-05-03 22:00:00,0.5898891832353377
2000-05-04 22:00:00,0.5912889202803029
2000-05-05 22:00:00,0.5933885258477507
2000-05-08 22:00:00,0.5868897467104122
2000-05-09 22:00:00,0.5826905355755166
2000-05-10 22:00:00,0.581390779748049
2000-05-11 22:00:00,0.578891249310611
2000-05-12 22:00:00,0.5808908736605614
2000-05-15 22:00:00,0.5737922072182378
2000-05-16 22:00:00,0.5771915686131533
2000-05-17 22:00:00,0.568393221473372
2000-05-18 22:00:00,0.5701928833883273
2000-05-19 22:00:00,0.5726924138257651
2000-05-22 22:00:00,0.5738921884357353
2000-05-23 22:00:00,0.5745920569582179
2000-05-24 22:00:00,0.5711926955633024
2000-05-25 22:00:00,0.5698929397358347
2000-05-26 22:00:00,0.571492639215795
2000-05-30 22:00:00,0.5766916625256657
2000-05-31 22:00:00,0.5706927894758148
2000-06-01 22:00:00,0.5719925453032826
2000-06-02 22:00:00,0.578891249310611
2000-06-05 22:00:00,0.5810908360955565
2000-06-06 22:00:00,0.58858942740787
2000-06-07 22:00:00,0.5898891832353377
2000-06-08 22:00:00,0.5876895964503923
2000-06-09 22:00:00,0.5862898594054272
2000-06-12 22:00:00,0.5910889578453078
2000-06-13 22:00:00,0.5971878121126564
2000-06-14 22:00:00,0.6005871735075717
2000-06-15 22:00:00,0.6013870232475519
2000-06-16 22:00:00,0.6081857460373828
2000-06-19 22:00:00,0.6022868542050296
2000-06-20 22:00:00,0.6035866100324973
2000-06-21 22:00:00,0.6024868166400246
2000-06-22 22:00:00,0.5991874364626066
2000-06-23 22:00:00,0.5962879811551787
2000-06-26 22:00:00,0.5963879623726762
2000-06-27 22:00:00,0.6010870795950594
2000-06-28 22:00:00,0.6021868729875319
2000-06-29 22:00:00,0.6027867602925171
2000-06-30 22:00:00,0.5969878496776612
2000-07-03 22:00:00,0.5994873801150992
2000-07-05 22:00:00,0.5905890517578203
2000-07-06 22:00:00,0.5907890141928153
2000-07-07 22:00:00,0.5899891644528351
2000-07-10 22:00:00,0.5910889578453078
2000-07-11 22:00:00,0.58898935227786
2000-07-12 22:00:00,0.5888893710603625
2000-07-13 22:00:00,0.5853900284479495
2000-07-14 22:00:00,0.5845901787079694
2000-07-17 22:00:00,0.5853900284479495
2000-07-18 22:00:00,0.5842902350554768
2000-07-19 22:00:00,0.5748920006107104
2000-07-20 22:00:00,0.5814907609655464
2000-07-21 22:00:00,0.5863898406229247
2000-07-24 22:00:00,0.585889934535437
2000-07-25 22:00:00,0.5847901411429645
2000-07-26 22:00:00,0.5902891081053278
2000-07-27 22:00:00,0.58898935227786
2000-07-28 22:00:00,0.5870897091454074
2000-07-31 22:00:00,0.5785913056581184
2000-08-01 22:00:00,0.5803909675730738
2000-08-02 22:00:00,0.5828904980105116
2000-08-03 22:00:00,0.5842902350554768
2000-08-04 22:00:00,0.5830904604455067
2000-08-07 22:00:00,0.5860898969704322
2000-08-08 22:00:00,0.5866897842754172
2000-08-09 22:00:00,0.578491324440621
2000-08-10 22:00:00,0.5816907234005415
2000-08-11 22:00:00,0.5793911553980986
2000-08-14 22:00:00,0.5808908736605614
2000-08-15 22:00:00,0.5829904792280091
2000-08-16 22:00:00,0.5895892395828451
2000-08-17 22:00:00,0.5933885258477507
2000-08-18 22:00:00,0.5903890893228253
2000-08-21 22:00:00,0.5888893710603625
2000-08-22 22:00:00,0.5800910239205813
2000-08-23 22:00:00,0.5706927894758148
2000-08-24 22:00:00,0.5723924701732725
2000-08-25 22:00:00,0.5735922447832428
2000-08-28 22:00:00,0.5713926579982974
2000-08-29 22:00:00,0.5711926955633024
2000-08-30 22:00:00,0.5718925640857849
2000-08-31 22:00:00,0.5762917376556757
2000-09-01 22:00:00,0.5763917188731732
2000-09-05 22:00:00,0.5697929585183371
2000-09-06 22:00:00,0.5653937849484465
2000-09-07 22:00:00,0.5577952124186354
2000-09-08 22:00:00,0.55559562563369
2000-09-11 22:00:00,0.5588950058111082
2000-09-12 22:00:00,0.558495080941118
2000-09-13 22:00:00,0.5548957571112075
2000-09-14 22:00:00,0.5488968840613566
2000-09-15 22:00:00,0.5448976353614561
2000-09-18 22:00:00,0.5415982551840379
2000-09-19 22:00:00,0.5418981988365306
2000-09-20 22:00:00,0.5370991003966499
2000-09-21 22:00:00,0.5426980485765106
2000-09-22 22:00:00,0.5453975414489436
2000-09-25 22:00:00,0.5488968840613566
2000-09-26 22:00:00,0.5504965835413168
2000-09-27 22:00:00,0.5508965084113069
2000-09-28 22:00:00,0.5488968840613566
2000-09-29 22:00:00,0.5413982927490429
2000-10-02 22:00:00,0.5448976353614561
2000-10-03 22:00:00,0.5398985744865803
2000-10-04 22:00:00,0.5363992318741673
2000-10-05 22:00:00,0.5348995136117045
2000-10-06 22:00:00,0.5337997202192319
2000-10-10 22:00:00,0.5337997202192319
2000-10-11 22:00:00,0.5358993257866796
2000-10-12 22:00:00,0.5319000770867791
2000-10-13 22:00:00,0.5296005090843362
2000-10-16 22:00:00,0.5229017675120028
2000-10-17 22:00:00,0.5187025563771072
2000-10-18 22:00:00,0.5186025751596096
2000-10-19 22:00:00,0.5209021431620524
2000-10-20 22:00:00,0.5279008283868785
2000-10-23 22:00:00,0.5273009410818934
2000-10-24 22:00:00,0.5255012791669381
2000-10-25 22:00:00,0.5190025000295997
2000-10-26 22:00:00,0.5184026127246145
2000-10-27 22:00:00,0.5232017111644952
2000-10-30 22:00:00,0.5234016735994903
2000-10-31 22:00:00,0.5180026878546246
2000-11-01 22:00:00,0.5226018238595103
2000-11-02 22:00:00,0.5207021807270574
2000-11-03 22:00:00,0.5248014106444555
2000-11-06 22:00:00,0.5279008283868785
2000-11-07 22:00:00,0.5279008283868785
2000-11-08 22:00:00,0.5263011289069183
2000-11-09 22:00:00,0.525101354296948
2000-11-10 22:00:00,0.5219019553370277
2000-11-13 22:00:00,0.5204022370745648
2000-11-14 22:00:00,0.5189025188121021
2000-11-15 22:00:00,0.5202022746395698
2000-11-16 22:00:00,0.5182026502896195
2000-11-17 22:00:00,0.5189025188121021
2000-11-20 22:00:00,0.5133035706322413
2000-11-21 22:00:00,0.5111039838472959
2000-11-22 22:00:00,0.5193024436820922
2000-11-24 22:00:00,0.5214020492495399
2000-11-27 22:00:00,0.5260011852544257
2000-11-28 22:00:00,0.5222018989895201
2000-11-29 22:00:00,0.5227018050770077
2000-11-30 22:00:00,0.5261011664719232
2000-12-01 22:00:00,0.5370991003966499
2000-12-04 22:00:00,0.5429979922290032
2000-12-05 22:00:00,0.5403984805740678
2000-12-06 22:00:00,0.5446976729264609
2000-12-07 22:00:00,0.5468972597114063
2000-12-08 22:00:00,0.5443977292739685
2000-12-11 22:00:00,0.5398985744865803
2000-12-12 22:00:00,0.5418981988365306
2000-12-13 22:00:00,0.53789895013663
2000-12-14 22:00:00,0.5395986308340877
2000-12-15 22:00:00,0.5456974851014361
2000-12-18 22:00:00,0.5414982739665405
2000-12-19 22:00:00,0.5433979170989932
2000-12-20 22:00:00,0.5489968652788542
2000-12-21 22:00:00,0.5531960764137498
2000-12-22 22:00:00,0.5548957571112075
2000-12-26 22:00:00,0.558695043376113
2000-12-27 22:00:00,0.5588950058111082
2000-12-28 22:00:00,0.5520962830212771
2000-12-29 22:00:00,0.5558955692861827
2001-01-02 22:00:00,0.5590949682461032
2001-01-03 22:00:00,0.5633941605984962
2001-01-04 22:00:00,0.5653937849484465
2001-01-05 22:00:00,0.5710927143458049
2001-01-08 22:00:00,0.5658936910359341
2001-01-09 22:00:00,0.5626942920760136
2001-01-10 22:00:00,0.5570953438961529
2001-01-11 22:00:00,0.5593949118985957
2001-01-12 22:00:00,0.55559562563369
2001-01-16 22:00:00,0.5547957758937099
2001-01-17 22:00:00,0.551296433281297
2001-01-18 22:00:00,0.5560955317211776
2001-01-19 22:00:00,0.5568953814611578
2001-01-22 22:00:00,0.5542958698062224
2001-01-23 22:00:00,0.5526961703262622
2001-01-24 22:00:00,0.5447976541439585
2001-01-25 22:00:00,0.5449976165789535
2001-01-26 22:00:00,0.5430979734465008
2001-01-29 22:00:00,0.5430979734465008
2001-01-30 22:00:00,0.5472971845813963
2001-01-31 22:00:00,0.5478970718863815
2001-02-01 22:00:00,0.5538959449362324
2001-02-02 22:00:00,0.5519963018037796
2001-02-05 22:00:00,0.5506965459763118
2001-02-06 22:00:00,0.5488968840613566
2001-02-07 22:00:00,0.5460974099714262
2001-02-08 22:00:00,0.5359993070041772
2001-02-09 22:00:00,0.5365991943091623
2001-02-12 22:00:00,0.5379989313541275
2001-02-13 22:00:00,0.5335997577842367
2001-02-14 22:00:00,0.5281007908218736
2001-02-15 22:00:00,0.5239015796869779
2001-02-16 22:00:00,0.5304003588243164
2001-02-20 22:00:00,0.5223018802070176
2001-02-21 22:00:00,0.5233016923819928
2001-02-22 22:00:00,0.5245014669919629
2001-02-23 22:00:00,0.5217019929020326
2001-02-26 22:00:00,0.5212020868145449
2001-02-27 22:00:00,0.5235016548169877
2001-02-28 22:00:00,0.5247014294269581
2001-03-01 22:00:00,0.5261011664719232
2001-03-02 22:00:00,0.5291006029968487
2001-03-05 22:00:00,0.5217019929020326
2001-03-06 22:00:00,0.5169028944621519
2001-03-07 22:00:00,0.5089043970623507
2001-03-08 22:00:00,0.5088044158448531
2001-03-09 22:00:00,0.5084044909748631
2001-03-12 22:00:00,0.5095042843673357
2001-03-13 22:00:00,0.5030055052299973
2001-03-14 22:00:00,0.49800644435512154
2001-03-15 22:00:00,0.4943071393077135
2001-03-16 22:00:00,0.4939072144377234
2001-03-19 22:00:00,0.49830638800761407
2001-03-20 22:00:00,0.49960614383508173
2001-03-21 22:00:00,0.4935072895677333
2001-03-22 22:00:00,0.4912077215652905
2001-03-23 22:00:00,0.4962067824401663
2001-03-26 22:00:00,0.4989062753125992
2001-03-27 22:00:00,0.4962067824401663
2001-03-28 22:00:00,0.4935072895677333
2001-03-29 22:00:00,0.4920075713052706
2001-03-30 22:00:00,0.48800832260537
2001-04-02 22:00:00,0.48270931807800177
2001-04-03 22:00:00,0.4859087170379222
2001-04-04 22:00:00,0.48920809721534025
2001-04-05 22:00:00,0.4897080033028278
2001-04-06 22:00:00,0.4957068763526787
2001-04-09 22:00:00,0.49470706417770355
2001-04-10 22:00:00,0.49440712052521096
2001-04-11 22:00:00,0.5024056179250121
2001-04-12 22:00:00,0.5081045473223705
2001-04-13 22:00:00,0.508004566104873
2001-04-16 22:00:00,0.5104041153248133
2001-04-17 22:00:00,0.5054050544499376
2001-04-18 22:00:00,0.4989062753125992
2001-04-19 22:00:00,0.5084044909748631
2001-04-20 22:00:00,0.517702744202132
2001-04-23 22:00:00,0.5060049417549227
2001-04-24 22:00:00,0.5034054300999873
2001-04-25 22:00:00,0.5044052422749624
2001-04-26 22:00:00,0.5064048666249127
2001-04-27 22:00:00,0.5101041716723208
2001-04-30 22:00:00,0.5095042843673357
2001-05-01 22:00:00,0.5176027629846345
2001-05-02 22:00:00,0.5212020868145449
2001-05-03 22:00:00,0.5186025751596096
2001-05-04 22:00:00,0.5188025375946046
2001-05-07 22:00:00,0.5185025939421121
2001-05-08 22:00:00,0.518102669072122
2001-05-09 22:00:00,0.5221019177720226
2001-05-10 22:00:00,0.5240015609044754
2001-05-11 22:00:00,0.52060219950956
2001-05-14 22:00:00,0.517902706637127
2001-05-15 22:00:00,0.5192024624645947
2001-05-16 22:00:00,0.5232017111644952
2001-05-17 22:00:00,0.5272009598643959
2001-05-18 22:00:00,0.5250013730794506
2001-05-21 22:00:00,0.5289006405618536
2001-05-22 22:00:00,0.5230017487295002
2001-05-23 22:00:00,0.5187025563771072
2001-05-24 22:00:00,0.5174028005496394
2001-05-25 22:00:00,0.5192024624645947
2001-05-29 22:00:00,0.5165029695921617
2001-05-30 22:00:00,0.5129036457622512
2001-05-31 22:00:00,0.5067048102774053
2001-06-01 22:00:00,0.5083045097573655
2001-06-04 22:00:00,0.5061049229724203
2001-06-05 22:00:00,0.5092043407148432
2001-06-06 22:00:00,0.5140034391547239
2001-06-07 22:00:00,0.5190025000295997
2001-06-08 22:00:00,0.5242015233394705
2001-06-11 22:00:00,0.5222018989895201
2001-06-12 22:00:00,0.5236016360344854
2001-06-13 22:00:00,0.5275009035168884
2001-06-14 22:00:00,0.5260011852544257
2001-06-15 22:00:00,0.5256012603844356
2001-06-18 22:00:00,0.5237016172519829
2001-06-19 22:00:00,0.5209021431620524
2001-06-20 22:00:00,0.518102669072122
2001-06-21 22:00:00,0.517702744202132
2001-06-22 22:00:00,0.5167029320271569
2001-06-25 22:00:00,0.5156031386346842
2001-06-26 22:00:00,0.5197023685520823
2001-06-27 22:00:00,0.517702744202132
2001-06-28 22:00:00,0.510904021412301
2001-06-29 22:00:00,0.5099042092373258
2001-07-02 22:00:00,0.510504096542311
2001-07-03 22:00:00,0.5161030447221717
2001-07-05 22:00:00,0.5146033264597091
2001-07-06 22:00:00,0.508204528539868
2001-07-09 22:00:00,0.5095042843673357
2001-07-10 22:00:00,0.510504096542311
2001-07-11 22:00:00,0.5069047727124003
2001-07-12 22:00:00,0.5047051859274551
2001-07-13 22:00:00,0.5073046975823904
2001-07-16 22:00:00,0.5079045848873756
2001-07-17 22:00:00,0.5064048666249127
2001-07-18 22:00:00,0.5141034203722215
2001-07-19 22:00:00,0.5125037208922611
2001-07-20 22:00:00,0.5054050544499376
2001-07-23 22:00:00,0.507804603669878
2001-07-24 22:00:00,0.5079045848873756
2001-07-25 22:00:00,0.5072047163648928
2001-07-26 22:00:00,0.5071047351473954
2001-07-27 22:00:00,0.5063048854074153
2001-07-30 22:00:00,0.5056050168849326
2001-07-31 22:00:00,0.5079045848873756
2001-08-01 22:00:00,0.5166029508096593
2001-08-02 22:00:00,0.5189025188121021
2001-08-03 22:00:00,0.5175027817671369
2001-08-06 22:00:00,0.5165029695921617
2001-08-07 22:00:00,0.5154031761996891
2001-08-08 22:00:00,0.5184026127246145
2001-08-09 22:00:00,0.5102041528898184
2001-08-10 22:00:00,0.5129036457622512
2001-08-13 22:00:00,0.5173028193321418
2001-08-14 22:00:00,0.5195024061170872
2001-08-15 22:00:00,0.5267010537769083
2001-08-16 22:00:00,0.5273009410818934
2001-08-17 22:00:00,0.5352994384816946
2001-08-20 22:00:00,0.5322000207392716
2001-08-21 22:00:00,0.5296005090843362
2001-08-22 22:00:00,0.5360992882216747
2001-08-23 22:00:00,0.5336997390017344
2001-08-24 22:00:00,0.5310002461293014
2001-08-27 22:00:00,0.528400734474366
2001-08-28 22:00:00,0.5291006029968487
2001-08-29 22:00:00,0.5299004527368288
2001-08-30 22:00:00,0.5328998892617542
2001-08-31 22:00:00,0.5276008847343858
2001-09-04 22:00:00,0.5211021055970475
2001-09-05 22:00:00,0.5197023685520823
2001-09-06 22:00:00,0.5229017675120028
2001-09-07 22:00:00,0.5198023497695798
2001-09-10 22:00:00,0.5134035518497387
2001-09-12 22:00:00,0.5160030635046742
2001-09-13 22:00:00,0.5157031198521816
2001-09-14 22:00:00,0.5155031574171866
2001-09-17 22:00:00,0.5020056930550221
2001-09-18 22:00:00,0.49530695148268866
2001-09-19 22:00:00,0.49280742104525077
2001-09-20 22:00:00,0.49190759008777313
2001-09-21 22:00:00,0.48400907390546943
2001-09-24 22:00:00,0.4899079657378228
2001-09-25 22:00:00,0.4938072332202259
2001-09-26 22:00:00,0.48900813478034516
2001-09-27 22:00:00,0.4865086043429073
2001-09-28 22:00:00,0.4945071017427085
2001-10-01 22:00:00,0.49220753374026566
2001-10-02 22:00:00,0.4952069702651911
2001-10-03 22:00:00,0.49700663218014635
2001-10-04 22:00:00,0.4974065570501364
2001-10-05 22:00:00,0.5059049605374252
2001-10-09 22:00:00,0.500805918445052
2001-10-10 22:00:00,0.5015057869675346
2001-10-11 22:00:00,0.4984063692251116
2001-10-12 22:00:00,0.501405805750037
2001-10-15 22:00:00,0.5134035518497387
2001-10-16 22:00:00,0.5135035330672363
2001-10-17 22:00:00,0.5138034767197289
2001-10-18 22:00:00,0.5086044534098582
2001-10-19 22:00:00,0.5079045848873756
2001-10-22 22:00:00,0.5072047163648928
2001-10-23 22:00:00,0.5086044534098582
2001-10-24 22:00:00,0.5075046600173855
2001-10-25 22:00:00,0.5046052047099575
2001-10-26 22:00:00,0.5016057681850321
2001-10-29 22:00:00,0.5055050356674352
2001-10-30 22:00:00,0.5057049981024302
2001-10-31 22:00:00,0.5029055240124998
2001-11-01 22:00:00,0.5085044721923606
2001-11-02 22:00:00,0.507604641234883
2001-11-05 22:00:00,0.5075046600173855
2001-11-06 22:00:00,0.5130036269797488
2001-11-07 22:00:00,0.5151032325471966
2001-11-08 22:00:00,0.5146033264597091
2001-11-09 22:00:00,0.5144033640247139
2001-11-13 22:00:00,0.5198023497695798
2001-11-14 22:00:00,0.5185025939421121
2001-11-15 22:00:00,0.517902706637127
2001-11-16 22:00:00,0.5202022746395698
2001-11-19 22:00:00,0.5204022370745648
2001-11-20 22:00:00,0.5187025563771072
2001-11-21 22:00:00,0.5161030447221717
2001-11-23 22:00:00,0.5169028944621519
2001-11-26 22:00:00,0.5189025188121021
2001-11-27 22:00:00,0.5216020116845351
2001-11-28 22:00:00,0.5212020868145449
2001-11-29 22:00:00,0.5175027817671369
2001-11-30 22:00:00,0.5202022746395698
2001-12-03 22:00:00,0.5182026502896195
2001-12-04 22:00:00,0.5154031761996891
2001-12-05 22:00:00,0.5169028944621519
2001-12-06 22:00:00,0.518102669072122
2001-12-07 22:00:00,0.5155031574171866
2001-12-10 22:00:00,0.5149032701122016
2001-12-11 22:00:00,0.5147033076772065
2001-12-12 22:00:00,0.5200023122045748
2001-12-13 22:00:00,0.5178027254196295
2001-12-14 22:00:00,0.5185025939421121
2001-12-17 22:00:00,0.5175027817671369
2001-12-18 22:00:00,0.5156031386346842
2001-12-19 22:00:00,0.5131036081972463
2001-12-20 22:00:00,0.5046052047099575
2001-12-21 22:00:00,0.5074046787998879
2001-12-24 22:00:00,0.5085044721923606
2001-12-26 22:00:00,0.5079045848873756
2001-12-27 22:00:00,0.5074046787998879
2001-12-28 22:00:00,0.5111039838472959
2001-12-31 22:00:00,0.5116038899347836
2002-01-02 22:00:00,0.5144033640247139
2002-01-03 22:00:00,0.5145033452422114
2002-01-04 22:00:00,0.5193024436820922
2002-01-07 22:00:00,0.5182026502896195
2002-01-08 22:00:00,0.5237016172519829
2002-01-09 22:00:00,0.5236016360344854
2002-01-10 22:00:00,0.5228017862945052
2002-01-11 22:00:00,0.5209021431620524
2002-01-14 22:00:00,0.517902706637127
2002-01-15 22:00:00,0.5188025375946046
2002-01-16 22:00:00,0.5154031761996891
2002-01-17 22:00:00,0.5134035518497387
2002-01-18 22:00:00,0.5149032701122016
2002-01-22 22:00:00,0.5185025939421121
2002-01-23 22:00:00,0.5197023685520823
2002-01-24 22:00:00,0.5194024248995897
2002-01-25 22:00:00,0.5166029508096593
2002-01-28 22:00:00,0.5165029695921617
2002-01-29 22:00:00,0.5139034579372264
2002-01-30 22:00:00,0.5059049605374252
2002-01-31 22:00:00,0.5071047351473954
2002-02-01 22:00:00,0.5079045848873756
2002-02-04 22:00:00,0.5104041153248133
2002-02-05 22:00:00,0.5086044534098582
2002-02-06 22:00:00,0.5093043219323407
2002-02-07 22:00:00,0.5069047727124003
2002-02-08 22:00:00,0.5103041341073158
2002-02-11 22:00:00,0.5124037396747636
2002-02-12 22:00:00,0.5086044534098582
2002-02-13 22:00:00,0.5086044534098582
2002-02-14 22:00:00,0.5166029508096593
2002-02-15 22:00:00,0.5166029508096593
2002-02-19 22:00:00,0.5176027629846345
2002-02-20 22:00:00,0.5170028756796493
2002-02-21 22:00:00,0.5168029132446543
2002-02-22 22:00:00,0.5132035894147438
2002-02-25 22:00:00,0.5131036081972463
2002-02-26 22:00:00,0.5145033452422114
2002-02-27 22:00:00,0.5157031198521816
2002-02-28 22:00:00,0.5166029508096593
2002-03-01 22:00:00,0.5176027629846345
2002-03-04 22:00:00,0.5201022934220723
2002-03-05 22:00:00,0.52060219950956
2002-03-06 22:00:00,0.5215020304670375
2002-03-07 22:00:00,0.5252013355144456
2002-03-08 22:00:00,0.5234016735994903
2002-03-11 22:00:00,0.5211021055970475
2002-03-12 22:00:00,0.5205022182920623
2002-03-13 22:00:00,0.5199023309870773
2002-03-14 22:00:00,0.5228017862945052
2002-03-15 22:00:00,0.5256012603844356
2002-03-18 22:00:00,0.5244014857744654
2002-03-19 22:00:00,0.5234016735994903
2002-03-20 22:00:00,0.530700302476809
2002-03-21 22:00:00,0.5321000395217741
2002-03-22 22:00:00,0.5324999643917642
2002-03-25 22:00:00,0.5304003588243164
2002-03-26 22:00:00,0.5286006969093611
2002-03-27 22:00:00,0.5274009222993908
2002-03-28 22:00:00,0.5334997765667393
2002-03-29 22:00:00,0.5331998329142468
2002-04-01 22:00:00,0.5345995699592119
2002-04-02 22:00:00,0.5345995699592119
2002-04-03 22:00:00,0.5313001897817939
2002-04-04 22:00:00,0.5304003588243164
2002-04-05 22:00:00,0.5305003400418138
2002-04-08 22:00:00,0.5269010162119033
2002-04-09 22:00:00,0.5273009410818934
2002-04-10 22:00:00,0.5302003963893213
2002-04-11 22:00:00,0.5340996638717244
2002-04-12 22:00:00,0.5335997577842367
2002-04-15 22:00:00,0.5312002085642965
2002-04-16 22:00:00,0.5319000770867791
2002-04-17 22:00:00,0.5368991379616549
2002-04-18 22:00:00,0.5385988186591125
2002-04-19 22:00:00,0.5388987623116052
2002-04-22 22:00:00,0.5388987623116052
2002-04-23 22:00:00,0.5390987247466001
2002-04-24 22:00:00,0.5422981237065206
2002-04-25 22:00:00,0.5440977856214759
2002-04-26 22:00:00,0.5425980673590132
2002-04-29 22:00:00,0.53789895013663
2002-04-30 22:00:00,0.5370991003966499
2002-05-01 22:00:00,0.5385988186591125
2002-05-02 22:00:00,0.5363992318741673
2002-05-03 22:00:00,0.5379989313541275
2002-05-06 22:00:00,0.5391987059640977
2002-05-07 22:00:00,0.540998367879053
2002-05-08 22:00:00,0.5388987623116052
2002-05-09 22:00:00,0.5422981237065206
2002-05-10 22:00:00,0.5443977292739685
2002-05-13 22:00:00,0.5458974475364312
2002-05-14 22:00:00,0.5460974099714262
2002-05-15 22:00:00,0.5478970718863815
2002-05-16 22:00:00,0.5490968464963516
2002-05-17 22:00:00,0.5520962830212771
2002-05-20 22:00:00,0.5522962454562721
2002-05-21 22:00:00,0.5551957007637001
2002-05-22 22:00:00,0.558295118506123
2002-05-23 22:00:00,0.5583950997236206
2002-05-24 22:00:00,0.5556956068511876
2002-05-28 22:00:00,0.561394536248546
2002-05-29 22:00:00,0.5623943484235211
2002-05-30 22:00:00,0.5643939727734714
2002-05-31 22:00:00,0.5658936910359341
2002-06-03 22:00:00,0.5712926767808
2002-06-04 22:00:00,0.5742921133057254
2002-06-05 22:00:00,0.5720925265207801
2002-06-06 22:00:00,0.5746920381757155
2002-06-07 22:00:00,0.5709927331283075
2002-06-10 22:00:00,0.5691930712133522
2002-06-11 22:00:00,0.568193259038377
2002-06-12 22:00:00,0.5713926579982974
2002-06-13 22:00:00,0.5686931651258645
2002-06-14 22:00:00,0.5601947616385758
2002-06-17 22:00:00,0.5581951372886255
2002-06-18 22:00:00,0.5616944799010385
2002-06-19 22:00:00,0.5653937849484465
2002-06-20 22:00:00,0.5707927706933124
2002-06-21 22:00:00,0.5741921320882278
2002-06-24 22:00:00,0.5735922447832428
2002-06-25 22:00:00,0.568193259038377
2002-06-26 22:00:00,0.5612945550310484
2002-06-27 22:00:00,0.5638940666859837
2002-06-28 22:00:00,0.5626942920760136
2002-07-01 22:00:00,0.561394536248546
2002-07-02 22:00:00,0.5621943859885261
2002-07-03 22:00:00,0.5601947616385758
2002-07-05 22:00:00,0.5566954190261627
2002-07-08 22:00:00,0.5642939915559739
2002-07-09 22:00:00,0.5686931651258645
2002-07-10 22:00:00,0.5670934656459043
2002-07-11 22:00:00,0.5591949494636006
2002-07-12 22:00:00,0.5593949118985957
2002-07-15 22:00:00,0.5597948367685857
2002-07-16 22:00:00,0.5581951372886255
2002-07-17 22:00:00,0.5514963957162919
2002-07-18 22:00:00,0.5518963205862821
2002-07-19 22:00:00,0.555395663198695
2002-07-22 22:00:00,0.5515963769337895
2002-07-23 22:00:00,0.545297560231446
2002-07-24 22:00:00,0.5403984805740678
2002-07-25 22:00:00,0.5414982739665405
2002-07-26 22:00:00,0.5368991379616549
2002-07-29 22:00:00,0.5408983866615554
2002-07-30 22:00:00,0.5443977292739685
2002-07-31 22:00:00,0.5443977292739685
2002-08-01 22:00:00,0.5385988186591125
2002-08-02 22:00:00,0.5394986496165902
2002-08-05 22:00:00,0.5291006029968487
2002-08-06 22:00:00,0.5279008283868785
2002-08-07 22:00:00,0.5361992694391722
2002-08-08 22:00:00,0.5329998704792518
2002-08-09 22:00:00,0.5352994384816946
2002-08-12 22:00:00,0.5390987247466001
2002-08-13 22:00:00,0.5379989313541275
2002-08-14 22:00:00,0.5373990440491424
2002-08-15 22:00:00,0.5441977668389734
2002-08-16 22:00:00,0.5438978231864809
2002-08-19 22:00:00,0.5420981612715255
2002-08-20 22:00:00,0.5462973724064212
2002-08-21 22:00:00,0.5442977480564709
2002-08-22 22:00:00,0.5396986120515852
2002-08-23 22:00:00,0.5431979546639982
2002-08-26 22:00:00,0.5440977856214759
2002-08-27 22:00:00,0.5532960576312472
2002-08-28 22:00:00,0.5508965084113069
2002-08-29 22:00:00,0.5515963769337895
2002-08-30 22:00:00,0.5493967901488441
2002-09-03 22:00:00,0.5463973536239187
2002-09-04 22:00:00,0.5441977668389734
2002-09-05 22:00:00,0.5417982176190331
2002-09-06 22:00:00,0.5465973160589137
2002-09-09 22:00:00,0.5465973160589137
2002-09-10 22:00:00,0.5466972972764113
2002-09-11 22:00:00,0.5474971470163914
2002-09-12 22:00:00,0.5516963581512869
2002-09-13 22:00:00,0.5502966211063218
2002-09-16 22:00:00,0.548596940408864
2002-09-17 22:00:00,0.5472971845813963
2002-09-18 22:00:00,0.548396977973869
2002-09-19 22:00:00,0.5508965084113069
2002-09-20 22:00:00,0.5462973724064212
2002-09-23 22:00:00,0.5445976917089634
2002-09-24 22:00:00,0.5443977292739685
2002-09-25 22:00:00,0.5443977292739685
2002-09-26 22:00:00,0.5441977668389734
2002-09-27 22:00:00,0.5438978231864809
2002-09-30 22:00:00,0.5427980297940083
2002-10-01 22:00:00,0.5420981612715255
2002-10-02 22:00:00,0.5440977856214759
2002-10-03 22:00:00,0.5463973536239187
2002-10-04 22:00:00,0.5459974287539286
2002-10-07 22:00:00,0.5495967525838392
2002-10-08 22:00:00,0.5468972597114063
2002-10-09 22:00:00,0.548396977973869
2002-10-10 22:00:00,0.5471972033638989
2002-10-11 22:00:00,0.548396977973869
2002-10-15 22:00:00,0.5465973160589137
2002-10-16 22:00:00,0.548596940408864
2002-10-17 22:00:00,0.5498966962363318
2002-10-18 22:00:00,0.5496967338013367
2002-10-21 22:00:00,0.5528961327612573
2002-10-22 22:00:00,0.5525961891087646
2002-10-23 22:00:00,0.5524962078912671
2002-10-24 22:00:00,0.5548957571112075
2002-10-25 22:00:00,0.5543958510237199
2002-10-28 22:00:00,0.5583950997236206
2002-10-29 22:00:00,0.5559955505036802
2002-10-30 22:00:00,0.5526961703262622
2002-10-31 22:00:00,0.5546957946762124
2002-11-01 22:00:00,0.5593949118985957
2002-11-04 22:00:00,0.5608946301610584
2002-11-05 22:00:00,0.561394536248546
2002-11-06 22:00:00,0.561394536248546
2002-11-07 22:00:00,0.5658936910359341
2002-11-08 22:00:00,0.565693728600939
2002-11-12 22:00:00,0.5608946301610584
2002-11-13 22:00:00,0.5596948555510881
2002-11-14 22:00:00,0.5624943296410186
2002-11-15 22:00:00,0.5626942920760136
2002-11-18 22:00:00,0.5633941605984962
2002-11-19 22:00:00,0.5581951372886255
2002-11-20 22:00:00,0.5593949118985957
2002-11-21 22:00:00,0.5620944047710286
2002-11-22 22:00:00,0.5636941042509888
2002-11-25 22:00:00,0.5588950058111082
2002-11-26 22:00:00,0.5595948743335907
2002-11-27 22:00:00,0.5561955129386752
2002-11-29 22:00:00,0.5599947992035808
2002-12-02 22:00:00,0.5589949870286056
2002-12-03 22:00:00,0.5587950245936105
2002-12-04 22:00:00,0.5602947428560733
2002-12-05 22:00:00,0.5612945550310484
2002-12-06 22:00:00,0.5601947616385758
2002-12-09 22:00:00,0.5628942545110086
2002-12-10 22:00:00,0.5593949118985957
2002-12-11 22:00:00,0.5605946865085658
2002-12-12 22:00:00,0.5649938600784565
2002-12-13 22:00:00,0.5644939539909689
2002-12-16 22:00:00,0.5658936910359341
2002-12-17 22:00:00,0.5658936910359341
2002-12-18 22:00:00,0.5648938788609589
2002-12-19 22:00:00,0.5648938788609589
2002-12-20 22:00:00,0.5616944799010385
2002-12-23 22:00:00,0.561194573813551
2002-12-24 22:00:00,0.5628942545110086
2002-12-26 22:00:00,0.5625943108585161
2002-12-27 22:00:00,0.5606946677260634
2002-12-30 22:00:00,0.5634941418159938
2002-12-31 22:00:00,0.5623943484235211
2003-01-02 22:00:00,0.5627942732935112
2003-01-03 22:00:00,0.5653937849484465
2003-01-06 22:00:00,0.5760917752206807
2003-01-07 22:00:00,0.5751919442632031
2003-01-08 22:00:00,0.5747920193932129
2003-01-09 22:00:00,0.5763917188731732
2003-01-10 22:00:00,0.5818906858355365
2003-01-13 22:00:00,0.5831904416630043
2003-01-14 22:00:00,0.5830904604455067
2003-01-15 22:00:00,0.5846901599254669
2003-01-16 22:00:00,0.5868897467104122
2003-01-17 22:00:00,0.5907890141928153
2003-01-21 22:00:00,0.5865898030579197
2003-01-22 22:00:00,0.5860898969704322
2003-01-23 22:00:00,0.5906890329753178
2003-01-24 22:00:00,0.5920887700202829
2003-01-27 22:00:00,0.5894892583653476
2003-01-28 22:00:00,0.58858942740787
2003-01-29 22:00:00,0.5906890329753178
2003-01-30 22:00:00,0.5870897091454074
2003-01-31 22:00:00,0.585889934535437
2003-02-03 22:00:00,0.5841902538379794
2003-02-04 22:00:00,0.5904890705403228
2003-02-05 22:00:00,0.5900891456703327
2003-02-06 22:00:00,0.5908889954103128
2003-02-07 22:00:00,0.5901891268878303
2003-02-10 22:00:00,0.5892892959303526
2003-02-11 22:00:00,0.5891893147128552
2003-02-12 22:00:00,0.5898891832353377
2003-02-13 22:00:00,0.5958880562851886
2003-02-14 22:00:00,0.5919887888027855
2003-02-18 22:00:00,0.5910889578453078
2003-02-19 22:00:00,0.5941883755877309
2003-02-20 22:00:00,0.5983875867226265
2003-02-21 22:00:00,0.5970878308951587
2003-02-24 22:00:00,0.6055862343824475
2003-02-25 22:00:00,0.6051863095124574
2003-02-26 22:00:00,0.6073858962974028
2003-02-27 22:00:00,0.605286290729955
2003-02-28 22:00:00,0.6073858962974028
2003-03-03 22:00:00,0.6134847505647513
2003-03-04 22:00:00,0.6135847317822487
2003-03-05 22:00:00,0.615984281002189
2003-03-06 22:00:00,0.6140846378697362
2003-03-07 22:00:00,0.6135847317822487
2003-03-10 22:00:00,0.6155843561321991
2003-03-11 22:00:00,0.6038865536849898
2003-03-12 22:00:00,0.595788075067691
2003-03-13 22:00:00,0.5939884131527358
2003-03-14 22:00:00,0.5964879435901737
2003-03-17 22:00:00,0.5920887700202829
2003-03-18 22:00:00,0.5925886761077706
2003-03-19 22:00:00,0.5911889390628055
2003-03-20 22:00:00,0.5933885258477507
2003-03-21 22:00:00,0.5903890893228253
2003-03-24 22:00:00,0.5945883004577209
2003-03-25 22:00:00,0.5966879060251687
2003-03-26 22:00:00,0.5970878308951587
2003-03-27 22:00:00,0.5998873049850891
2003-03-28 22:00:00,0.6001872486375817
2003-03-31 22:00:00,0.6043864597724774
2003-04-01 22:00:00,0.6043864597724774
2003-04-02 22:00:00,0.5995873613325966
2003-04-03 22:00:00,0.5994873801150992
2003-04-04 22:00:00,0.6008871171600643
2003-04-07 22:00:00,0.5968878684601637
2003-04-08 22:00:00,0.6002872298550793
2003-04-09 22:00:00,0.6030867039450096
2003-04-10 22:00:00,0.6059861592524376
2003-04-11 22:00:00,0.6045864222074724
2003-04-14 22:00:00,0.6029867227275121
2003-04-15 22:00:00,0.6054862531649501
2003-04-16 22:00:00,0.6113851449973035
2003-04-17 22:00:00,0.6145845439572238
2003-04-18 22:00:00,0.6142846003047313
2003-04-21 22:00:00,0.6138846754347412
2003-04-22 22:00:00,0.6210833230945623
2003-04-23 22:00:00,0.6171840556121592
2003-04-24 22:00:00,0.6203834545720798
2003-04-25 22:00:00,0.6150844500447114
2003-04-28 22:00:00,0.619083698744612
2003-04-29 22:00:00,0.6198835484845922
2003-04-30 22:00:00,0.626082383969438
2003-05-01 22:00:00,0.6316813321492989
2003-05-02 22:00:00,0.6296817077993486
2003-05-05 22:00:00,0.6341808625867368
2003-05-06 22:00:00,0.6381801112866373
2003-05-07 22:00:00,0.6360805057191895
2003-05-08 22:00:00,0.6422793412040354
2003-05-09 22:00:00,0.6446788904239759
2003-05-12 22:00:00,0.6480782518188913
2003-05-13 22:00:00,0.645678702598951
2003-05-14 22:00:00,0.6472784020789112
2003-05-15 22:00:00,0.642379322421533
2003-05-16 22:00:00,0.6500778761688416
2003-05-19 22:00:00,0.6558767867836975
2003-05-20 22:00:00,0.6570765613936677
2003-05-21 22:00:00,0.6561767304361901
2003-05-22 22:00:00,0.6583763172211353
2003-05-23 22:00:00,0.6573765050461602
2003-05-27 22:00:00,0.6583763172211353
2003-05-28 22:00:00,0.6477783081663988
2003-05-29 22:00:00,0.6475783457314038
2003-05-30 22:00:00,0.6511776695613143
2003-06-02 22:00:00,0.6562767116536875
2003-06-03 22:00:00,0.6597760542661006
2003-06-04 22:00:00,0.6655749648809564
2003-06-05 22:00:00,0.6672746455784142
2003-06-06 22:00:00,0.6589762045261205
2003-06-09 22:00:00,0.6581763547861403
2003-06-10 22:00:00,0.656376692871185
2003-06-11 22:00:00,0.6640752466184937
2003-06-12 22:00:00,0.6650750587934688
2003-06-13 22:00:00,0.6669747019259217
2003-06-16 22:00:00,0.6674746080134092
2003-06-17 22:00:00,0.6715738379308073
2003-06-18 22:00:00,0.6727736125407776
2003-06-19 22:00:00,0.6694742323633595
2003-06-20 22:00:00,0.6673746267959116
2003-06-23 22:00:00,0.6641752278359913
2003-06-24 22:00:00,0.6620756222685434
2003-06-25 22:00:00,0.6721737252357924
2003-06-26 22:00:00,0.6649750775759714
2003-06-27 22:00:00,0.6653750024459614
2003-06-30 22:00:00,0.6711739130608173
2003-07-01 22:00:00,0.6758730302832006
2003-07-02 22:00:00,0.6807721099405787
2003-07-03 22:00:00,0.6821718469855439
2003-07-07 22:00:00,0.6804721662880862
2003-07-08 22:00:00,0.6568765989586727
2003-07-09 22:00:00,0.6543770685212348
2003-07-10 22:00:00,0.6585762796561303
2003-07-11 22:00:00,0.6605759040060807
2003-07-14 22:00:00,0.6598760354835981
2003-07-15 22:00:00,0.6516775756488019
2003-07-16 22:00:00,0.656376692871185
2003-07-17 22:00:00,0.6515775944313043
2003-07-18 22:00:00,0.6452787777289609
2003-07-21 22:00:00,0.6516775756488019
2003-07-22 22:00:00,0.6503778198213341
2003-07-23 22:00:00,0.6595760918311055
2003-07-24 22:00:00,0.6646751339234788
2003-07-25 22:00:00,0.6640752466184937
2003-07-28 22:00:00,0.6637753029660012
2003-07-29 22:00:00,0.6651750400109664
2003-07-30 22:00:00,0.6523774441712844
2003-07-31 22:00:00,0.6472784020789112
2003-08-01 22:00:00,0.6536771999987522
2003-08-04 22:00:00,0.6470784396439162
2003-08-05 22:00:00,0.646478552338931
2003-08-06 22:00:00,0.6463785711214336
2003-08-07 22:00:00,0.6508777259088218
2003-08-08 22:00:00,0.6533772563462596
2003-08-11 22:00:00,0.6584762984386329
2003-08-12 22:00:00,0.6566766365236777
2003-08-13 22:00:00,0.6570765613936677
2003-08-14 22:00:00,0.6560767492186925
2003-08-15 22:00:00,0.6581763547861403
2003-08-18 22:00:00,0.6560767492186925
2003-08-19 22:00:00,0.6561767304361901
2003-08-20 22:00:00,0.6591761669611155
2003-08-21 22:00:00,0.6533772563462596
2003-08-22 22:00:00,0.6504778010388317
2003-08-25 22:00:00,0.6511776695613143
2003-08-26 22:00:00,0.6453787589464584
2003-08-27 22:00:00,0.6404796792890801
2003-08-28 22:00:00,0.63887997980912
2003-08-29 22:00:00,0.6488781015588715
2003-09-02 22:00:00,0.6400797544190902
2003-09-03 22:00:00,0.6403796980715827
2003-09-04 22:00:00,0.6393798858966075
2003-09-05 22:00:00,0.6466785147739261
2003-09-08 22:00:00,0.6500778761688416
2003-09-09 22:00:00,0.6578764111336478
2003-09-10 22:00:00,0.6573765050461602
2003-09-11 22:00:00,0.6593761293961105
2003-09-12 22:00:00,0.6636753217485036
2003-09-15 22:00:00,0.6663748146209365
2003-09-16 22:00:00,0.6616756973985534
2003-09-17 22:00:00,0.6640752466184937
2003-09-18 22:00:00,0.6657749273159516
2003-09-19 22:00:00,0.6725736501057824
2003-09-22 22:00:00,0.6808720911580762
2003-09-23 22:00:00,0.6787724855906283
2003-09-24 22:00:00,0.6782725795031408
2003-09-25 22:00:00,0.679472354113111
2003-09-26 22:00:00,0.6743733120207377
2003-09-29 22:00:00,0.6743733120207377
2003-09-30 22:00:00,0.6795723353306085
2003-10-01 22:00:00,0.6828717155080266
2003-10-02 22:00:00,0.6844714149879867
2003-10-03 22:00:00,0.6812720160280663
2003-10-06 22:00:00,0.6846713774229818
2003-10-07 22:00:00,0.6906702504728326
2003-10-08 22:00:00,0.6901703443853451
2003-10-09 22:00:00,0.6878707763829022
2003-10-10 22:00:00,0.6914701002128127
2003-10-14 22:00:00,0.6887706073403799
2003-10-15 22:00:00,0.6896704382978575
2003-10-16 22:00:00,0.6910701753428228
2003-10-17 22:00:00,0.6916700626478078
2003-10-20 22:00:00,0.6933697433452656
2003-10-21 22:00:00,0.6994685976126139
2003-10-22 22:00:00,0.7065672640549375
2003-10-23 22:00:00,0.6997685412651065
2003-10-24 22:00:00,0.7007683534400816
2003-10-27 22:00:00,0.7036678087475096
2003-10-28 22:00:00,0.7049675645749772
2003-10-29 22:00:00,0.7045676397049873
2003-10-30 22:00:00,0.7073671137949177
2003-10-31 22:00:00,0.7075670762299127
2003-11-03 22:00:00,0.6984687854376388
2003-11-04 22:00:00,0.7015682031800617
2003-11-05 22:00:00,0.7098666442323555
2003-11-06 22:00:00,0.7073671137949177
2003-11-07 22:00:00,0.7090667944923754
2003-11-10 22:00:00,0.716565385804689
2003-11-12 22:00:00,0.7178651416321566
2003-11-13 22:00:00,0.719464841112117
2003-11-14 22:00:00,0.7177651604146592
2003-11-17 22:00:00,0.7103665503198431
2003-11-18 22:00:00,0.7210645405920771
2003-11-19 22:00:00,0.7227642212895349
2003-11-20 22:00:00,0.7236640522470126
2003-11-21 22:00:00,0.7225642588545399
2003-11-24 22:00:00,0.7174652167621667
2003-11-25 22:00:00,0.7184650289371418
2003-11-26 22:00:00,0.723564071029515
2003-11-28 22:00:00,0.7234640898120176
2003-12-01 22:00:00,0.7263635451194456
2003-12-02 22:00:00,0.7316625496468138
2003-12-03 22:00:00,0.7356617983467144
2003-12-04 22:00:00,0.733462211561769
2003-12-05 22:00:00,0.7356617983467144
2003-12-08 22:00:00,0.740060971916605
2003-12-09 22:00:00,0.739661047046615
2003-12-10 22:00:00,0.739661047046615
2003-12-11 22:00:00,0.7353618546942219
2003-12-12 22:00:00,0.7423605399190479
2003-12-15 22:00:00,0.7427604647890379
2003-12-16 22:00:00,0.7434603333115205
2003-12-17 22:00:00,0.7406608592215901
2003-12-18 22:00:00,0.7372614978266746
2003-12-19 22:00:00,0.736361666869197
2003-12-22 22:00:00,0.7338621364317591
2003-12-23 22:00:00,0.7359617419992068
2003-12-24 22:00:00,0.7428604460065354
2003-12-26 22:00:00,0.7413607277440728
2003-12-29 22:00:00,0.7420605962665553
2003-12-30 22:00:00,0.7480594693164062
2003-12-31 22:00:00,0.7518587555813118
2004-01-02 22:00:00,0.7574577037611726
2004-01-05 22:00:00,0.7680557128159091
2004-01-06 22:00:00,0.7700553371658595
2004-01-07 22:00:00,0.7683556564684016
2004-01-08 22:00:00,0.7753543416932277
2004-01-09 22:00:00,0.7775539284781731
2004-01-12 22:00:00,0.7786537218706457
2004-01-13 22:00:00,0.7770540223906856
2004-01-14 22:00:00,0.7777538909131682
2004-01-15 22:00:00,0.7700553371658595
2004-01-16 22:00:00,0.7661560696834564
2004-01-20 22:00:00,0.7689555437733868
2004-01-21 22:00:00,0.7731547549082824
2004-01-22 22:00:00,0.7789536655231383
2004-01-23 22:00:00,0.7712551117758296
2004-01-26 22:00:00,0.7728548112557899
2004-01-27 22:00:00,0.7803534025681035
2004-01-28 22:00:00,0.7786537218706457
2004-01-29 22:00:00,0.7583575347186502
2004-01-30 22:00:00,0.7623567834185507
2004-02-02 22:00:00,0.7564578915861975
2004-02-03 22:00:00,0.7649562950734862
2004-02-04 22:00:00,0.7622568022010533
2004-02-05 22:00:00,0.7653562199434762
2004-02-06 22:00:00,0.7677557691634167
2004-02-09 22:00:00,0.7758542477807153
2004-02-10 22:00:00,0.7812532335255811
2004-02-11 22:00:00,0.7858523695304669
2004-02-12 22:00:00,0.7885518624028997
2004-02-13 22:00:00,0.7873520877929295
2004-02-17 22:00:00,0.7977501344126712
2004-02-18 22:00:00,0.7928510547552929
2004-02-19 22:00:00,0.7910513928403377
2004-02-20 22:00:00,0.773854623430765
2004-02-23 22:00:00,0.7741545670832576
2004-02-24 22:00:00,0.7806533462205961
2004-02-25 22:00:00,0.7720549615158098
2004-02-26 22:00:00,0.7701553183833569
2004-02-27 22:00:00,0.7715550554283223
2004-03-01 22:00:00,0.7723549051683023
2004-03-02 22:00:00,0.7608570651560881
2004-03-03 22:00:00,0.7422605587015503
2004-03-04 22:00:00,0.7527585865387895
2004-03-05 22:00:00,0.7585574971536453
2004-03-08 22:00:00,0.7551581357587297
2004-03-09 22:00:00,0.763356595593526
2004-03-10 22:00:00,0.7484593941863963
2004-03-11 22:00:00,0.7359617419992068
2004-03-12 22:00:00,0.7323624181692964
2004-03-15 22:00:00,0.7347619673892367
2004-03-16 22:00:00,0.7409608028740826
2004-03-17 22:00:00,0.7390611597416298
2004-03-18 22:00:00,0.7520587180163067
2004-03-19 22:00:00,0.7473596007939236
2004-03-22 22:00:00,0.7546582296712422
2004-03-23 22:00:00,0.7524586428862969
2004-03-24 22:00:00,0.7486593566213913
2004-03-25 22:00:00,0.7405608780040926
2004-03-26 22:00:00,0.7426604835715405
2004-03-29 22:00:00,0.7482594317514012
2004-03-30 22:00:00,0.7529585489737844
2004-03-31 22:00:00,0.7618568773310632
2004-04-01 22:00:00,0.7669559194234365
2004-04-02 22:00:00,0.7582575535011526
2004-04-05 22:00:00,0.7529585489737844
2004-04-06 22:00:00,0.7613569712435756
2004-04-07 22:00:00,0.7672558630759291
2004-04-08 22:00:00,0.7608570651560881
2004-04-09 22:00:00,0.7621568209835557
2004-04-12 22:00:00,0.7675558067284216
2004-04-13 22:00:00,0.7545582484537448
2004-04-14 22:00:00,0.7337621552142616
2004-04-15 22:00:00,0.7377614039141621
2004-04-16 22:00:00,0.7454599576614709
2004-04-19 22:00:00,0.7451600140089782
2004-04-20 22:00:00,0.7369615541741821
2004-04-21 22:00:00,0.7316625496468138
2004-04-22 22:00:00,0.730162831384351
2004-04-23 22:00:00,0.7285631319043908
2004-04-26 22:00:00,0.7333622303442715
2004-04-27 22:00:00,0.7333622303442715
2004-04-28 22:00:00,0.7230641649420274
2004-04-29 22:00:00,0.7196648035471119
2004-04-30 22:00:00,0.7208645781570822
2004-05-03 22:00:00,0.7196648035471119
2004-05-04 22:00:00,0.7282631882518983
2004-05-05 22:00:00,0.7335621927792666
2004-05-06 22:00:00,0.7236640522470126
2004-05-07 22:00:00,0.702967940225027
2004-05-10 22:00:00,0.6908702129078277
2004-05-11 22:00:00,0.6951694052602209
2004-05-12 22:00:00,0.6960692362176986
2004-05-13 22:00:00,0.6880707388178973
2004-05-14 22:00:00,0.6893704946453649
2004-05-17 22:00:00,0.6885706449053849
2004-05-18 22:00:00,0.6864710393379371
2004-05-19 22:00:00,0.6976689356976586
2004-05-20 22:00:00,0.692869837257778
2004-05-21 22:00:00,0.7006683722225842
2004-05-24 22:00:00,0.6980688605676488
2004-05-25 22:00:00,0.7058673955324549
2004-05-26 22:00:00,0.7057674143149574
2004-05-27 22:00:00,0.7177651604146592
2004-05-28 22:00:00,0.7136659304972611
2004-06-01 22:00:00,0.7065672640549375
2004-06-02 22:00:00,0.6968690859576785
2004-06-03 22:00:00,0.6847713586404792
2004-06-04 22:00:00,0.6920699875177979
2004-06-07 22:00:00,0.7041677148349972
2004-06-08 22:00:00,0.7008683346575791
2004-06-09 22:00:00,0.6918700250828028
2004-06-10 22:00:00,0.6981688417851463
2004-06-11 22:00:00,0.6910701753428228
2004-06-14 22:00:00,0.6881707200353948
2004-06-15 22:00:00,0.6958692737827034
2004-06-16 22:00:00,0.6868709642079271
2004-06-17 22:00:00,0.6838715276830017
2004-06-18 22:00:00,0.6903703068203402
2004-06-21 22:00:00,0.6903703068203402
2004-06-22 22:00:00,0.6853712459454644
2004-06-23 22:00:00,0.6863710581204395
2004-06-24 22:00:00,0.6994685976126139
2004-06-25 22:00:00,0.6988687103076289
2004-06-28 22:00:00,0.699668560047609
2004-06-29 22:00:00,0.6906702504728326
2004-06-30 22:00:00,0.6950694240427233
2004-07-01 22:00:00,0.7034678463125146
2004-07-02 22:00:00,0.7123661746697935
2004-07-06 22:00:00,0.7146657426722363
2004-07-07 22:00:00,0.7230641649420274
2004-07-08 22:00:00,0.7219643715495548
2004-07-09 22:00:00,0.7224642776370425
2004-07-12 22:00:00,0.7278632633819082
2004-07-13 22:00:00,0.7214644654620672
2004-07-14 22:00:00,0.7223642964195449
2004-07-15 22:00:00,0.72336410859452
2004-07-16 22:00:00,0.7308626999068336
2004-07-19 22:00:00,0.7332622491267741
2004-07-20 22:00:00,0.7311626435593261
2004-07-21 22:00:00,0.7129660619747784
2004-07-22 22:00:00,0.7150656675422262
2004-07-23 22:00:00,0.7100666066673506
2004-07-26 22:00:00,0.7088668320573803
2004-07-27 22:00:00,0.7004684097875892
2004-07-28 22:00:00,0.6978688981326537
2004-07-29 22:00:00,0.699268635177619
2004-07-30 22:00:00,0.703367865095017
2004-08-02 22:00:00,0.7040677336174997
2004-08-03 22:00:00,0.7044676584874897
2004-08-04 22:00:00,0.7035678275300121
2004-08-05 22:00:00,0.7036678087475096
2004-08-06 22:00:00,0.7146657426722363
2004-08-09 22:00:00,0.7170652918921765
2004-08-10 22:00:00,0.7153656111947189
2004-08-11 22:00:00,0.713066043192276
2004-08-12 22:00:00,0.7125661371047884
2004-08-13 22:00:00,0.7158655172822064
2004-08-16 22:00:00,0.7167653482396841
2004-08-17 22:00:00,0.7146657426722363
2004-08-18 22:00:00,0.7143657990197437
2004-08-19 22:00:00,0.7243639207694952
2004-08-20 22:00:00,0.7236640522470126
2004-08-23 22:00:00,0.7182650665021468
2004-08-24 22:00:00,0.706267320402445
2004-08-25 22:00:00,0.7059673767499524
2004-08-26 22:00:00,0.7008683346575791
2004-08-27 22:00:00,0.7038677711825045
2004-08-30 22:00:00,0.6999685037001016
2004-08-31 22:00:00,0.7069671889249275
2004-09-01 22:00:00,0.7037677899650071
2004-09-02 22:00:00,0.6950694240427233
2004-09-03 22:00:00,0.6898704007328526
2004-09-07 22:00:00,0.6931697809102706
2004-09-08 22:00:00,0.6968690859576785
2004-09-09 22:00:00,0.6878707763829022
2004-09-10 22:00:00,0.6966691235226835
2004-09-13 22:00:00,0.6957692925652059
2004-09-14 22:00:00,0.7028679590075294
2004-09-15 22:00:00,0.6943695555202407
2004-09-16 22:00:00,0.6986687478726339
2004-09-17 22:00:00,0.6969690671751761
2004-09-20 22:00:00,0.7004684097875892
2004-09-21 22:00:00,0.7009683158750767
2004-09-22 22:00:00,0.7073671137949177
2004-09-23 22:00:00,0.7137659117147586
2004-09-24 22:00:00,0.7137659117147586
2004-09-27 22:00:00,0.7131660244097736
2004-09-28 22:00:00,0.7158655172822064
2004-09-29 22:00:00,0.7146657426722363
2004-09-30 22:00:00,0.7242639395519977
2004-10-01 22:00:00,0.7230641649420274
2004-10-04 22:00:00,0.7205646345045896
2004-10-05 22:00:00,0.7230641649420274
2004-10-06 22:00:00,0.7234640898120176
2004-10-07 22:00:00,0.7265635075544405
2004-10-08 22:00:00,0.7350619110417292
2004-10-12 22:00:00,0.7303627938193461
2004-10-13 22:00:00,0.72336410859452
2004-10-14 22:00:00,0.7313626059943212
2004-10-15 22:00:00,0.7315625684293162
2004-10-18 22:00:00,0.7265635075544405
2004-10-19 22:00:00,0.7283631694693958
2004-10-20 22:00:00,0.736561629304192
2004-10-21 22:00:00,0.7388611973066348
2004-10-22 22:00:00,0.73946108461162
2004-10-25 22:00:00,0.7474595820114212
2004-10-26 22:00:00,0.7458598825314608
2004-10-27 22:00:00,0.7458598825314608
2004-10-28 22:00:00,0.7476595444464161
2004-10-29 22:00:00,0.746659732271441
2004-11-01 22:00:00,0.7458598825314608
2004-11-02 22:00:00,0.7445601267039932
2004-11-03 22:00:00,0.7537583987137646
2004-11-04 22:00:00,0.7583575347186502
2004-11-05 22:00:00,0.7618568773310632
2004-11-08 22:00:00,0.7576576661961677
2004-11-09 22:00:00,0.7616569148960682
2004-11-10 22:00:00,0.7590574032411328
2004-11-12 22:00:00,0.7683556564684016
2004-11-15 22:00:00,0.7717550178633172
2004-11-16 22:00:00,0.7726548488207949
2004-11-17 22:00:00,0.7831528766580339
2004-11-18 22:00:00,0.7784537594356506
2004-11-19 22:00:00,0.7850525197904867
2004-11-22 22:00:00,0.7837527639630191
2004-11-23 22:00:00,0.7858523695304669
2004-11-24 22:00:00,0.7861523131829594
2004-11-26 22:00:00,0.79015156188286
2004-11-29 22:00:00,0.7850525197904867
2004-11-30 22:00:00,0.7721549427333073
2004-12-01 22:00:00,0.7752543604757303
2004-12-02 22:00:00,0.776754078738193
2004-12-03 22:00:00,0.7776539096956706
2004-12-06 22:00:00,0.7746544731707452
2004-12-07 22:00:00,0.7752543604757303
2004-12-08 22:00:00,0.7543582860187495
2004-12-09 22:00:00,0.7530585301912819
2004-12-10 22:00:00,0.749359225143874
2004-12-13 22:00:00,0.7590574032411328
2004-12-14 22:00:00,0.7564578915861975
2004-12-15 22:00:00,0.7650562762909837
2004-12-16 22:00:00,0.7561579479337048
2004-12-17 22:00:00,0.7605571215035956
2004-12-20 22:00:00,0.7642564265510036
2004-12-21 22:00:00,0.7658561260309639
2004-12-22 22:00:00,0.7654562011609737
2004-12-23 22:00:00,0.7652562387259787
2004-12-24 22:00:00,0.7687555813383918
2004-12-27 22:00:00,0.7775539284781731
2004-12-28 22:00:00,0.7785537406531482
2004-12-29 22:00:00,0.7707552056883421
2004-12-30 22:00:00,0.7783537782181532
2004-12-31 22:00:00,0.7803534025681035
2005-01-03 22:00:00,0.7788536843056408
2005-01-04 22:00:00,0.766655975770944
2005-01-05 22:00:00,0.7676557879459192
2005-01-06 22:00:00,0.7610570275910831
2005-01-07 22:00:00,0.7578576286311627
2005-01-10 22:00:00,0.759457328111123
2005-01-11 22:00:00,0.7640564641160086
2005-01-12 22:00:00,0.7678557503809141
2005-01-13 22:00:00,0.766855938205939
2005-01-14 22:00:00,0.7584575159361479
2005-01-18 22:00:00,0.7576576661961677
2005-01-19 22:00:00,0.7604571402860981
2005-01-20 22:00:00,0.7610570275910831
2005-01-21 22:00:00,0.7710551493408346
2005-01-24 22:00:00,0.7688555625558893
2005-01-25 22:00:00,0.7648563138559887
2005-01-26 22:00:00,0.7749544168232377
2005-01-27 22:00:00,0.7754543229107252
2005-01-28 22:00:00,0.7749544168232377
2005-01-31 22:00:00,0.7757542665632179
2005-02-01 22:00:00,0.7721549427333073
2005-02-02 22:00:00,0.7735546797782725
2005-02-03 22:00:00,0.7701553183833569
2005-02-04 22:00:00,0.7723549051683023
2005-02-07 22:00:00,0.7711551305583321
2005-02-08 22:00:00,0.7667559569884415
2005-02-09 22:00:00,0.7682556752509042
2005-02-10 22:00:00,0.7824530081355513
2005-02-11 22:00:00,0.7851525010079842
2005-02-14 22:00:00,0.7890517684903873
2005-02-15 22:00:00,0.7861523131829594
2005-02-16 22:00:00,0.7817531396130688
2005-02-17 22:00:00,0.7881519375329097
2005-02-18 22:00:00,0.7876520314454221
2005-02-22 22:00:00,0.7938508669302681
2005-02-23 22:00:00,0.7858523695304669
2005-02-24 22:00:00,0.7869521629229395
2005-02-25 22:00:00,0.7851525010079842
2005-02-28 22:00:00,0.7938508669302681
2005-03-01 22:00:00,0.7845526137029991
2005-03-02 22:00:00,0.7832528578755314
2005-03-03 22:00:00,0.7840527076155116
2005-03-04 22:00:00,0.7917512613628203
2005-03-07 22:00:00,0.7923511486678053
2005-03-08 22:00:00,0.7972502283251836
2005-03-09 22:00:00,0.7928510547552929
2005-03-10 22:00:00,0.789951599447865
2005-03-11 22:00:00,0.7934509420602779
2005-03-14 22:00:00,0.7864522568354518
2005-03-15 22:00:00,0.7892517309253824
2005-03-16 22:00:00,0.794450754235253
2005-03-17 22:00:00,0.7933509608427805
2005-03-18 22:00:00,0.7935509232777754
2005-03-21 22:00:00,0.7864522568354518
2005-03-22 22:00:00,0.7916512801453226
2005-03-23 22:00:00,0.7745544919532477
2005-03-24 22:00:00,0.7709551681233371
2005-03-25 22:00:00,0.7717550178633172
2005-03-28 22:00:00,0.7683556564684016
2005-03-29 22:00:00,0.7713550929933272
2005-03-30 22:00:00,0.7715550554283223
2005-03-31 22:00:00,0.7727548300382924
2005-04-01 22:00:00,0.769555431078372
2005-04-04 22:00:00,0.766855938205939
2005-04-05 22:00:00,0.7672558630759291
2005-04-06 22:00:00,0.7656561635959689
2005-04-07 22:00:00,0.7682556752509042
2005-04-08 22:00:00,0.7724548863857997
2005-04-11 22:00:00,0.7753543416932277
2005-04-12 22:00:00,0.7732547361257799
2005-04-13 22:00:00,0.7795535528281233
2005-04-14 22:00:00,0.7713550929933272
2005-04-15 22:00:00,0.7701553183833569
2005-04-18 22:00:00,0.7662560509009538
2005-04-19 22:00:00,0.7702552996008545
2005-04-20 22:00:00,0.7753543416932277
2005-04-21 22:00:00,0.7766540975206955
2005-04-22 22:00:00,0.7817531396130688
2005-04-25 22:00:00,0.7797535152631184
2005-04-26 22:00:00,0.7790536467406358
2005-04-27 22:00:00,0.7762541726507054
2005-04-28 22:00:00,0.7793535903931283
2005-04-29 22:00:00,0.7832528578755314
2005-05-02 22:00:00,0.7794535716106258
2005-05-03 22:00:00,0.7735546797782725
2005-05-04 22:00:00,0.7775539284781731
2005-05-05 22:00:00,0.7808533086555911
2005-05-06 22:00:00,0.7761541914332079
2005-05-09 22:00:00,0.7729547924732875
2005-05-10 22:00:00,0.7755543041282227
2005-05-11 22:00:00,0.7743545295182526
2005-05-12 22:00:00,0.7677557691634167
2005-05-13 22:00:00,0.7609570463735856
2005-05-16 22:00:00,0.7563579103686999
2005-05-17 22:00:00,0.7573577225436751
2005-05-18 22:00:00,0.759657290546118
2005-05-19 22:00:00,0.7583575347186502
2005-05-20 22:00:00,0.7548581921062372
2005-05-23 22:00:00,0.7581575722836552
2005-05-24 22:00:00,0.7621568209835557
2005-05-25 22:00:00,0.7624567646360483
2005-05-26 22:00:00,0.760257177851103
2005-05-27 22:00:00,0.7621568209835557
2005-05-31 22:00:00,0.7589574220236354
2005-06-01 22:00:00,0.7496591687963665
2005-06-02 22:00:00,0.7534584550612721
2005-06-03 22:00:00,0.7546582296712422
2005-06-06 22:00:00,0.7647563326384912
2005-06-07 22:00:00,0.7693554686433768
2005-06-08 22:00:00,0.7686556001208943
2005-06-09 22:00:00,0.7673558442934265
2005-06-10 22:00:00,0.7623567834185507
2005-06-13 22:00:00,0.7590574032411328
2005-06-14 22:00:00,0.7653562199434762
2005-06-15 22:00:00,0.7678557503809141
2005-06-16 22:00:00,0.7719549802983122
2005-06-17 22:00:00,0.7774539472606755
2005-06-20 22:00:00,0.7765541163031979
2005-06-21 22:00:00,0.7781538157831581
2005-06-22 22:00:00,0.7790536467406358
2005-06-23 22:00:00,0.7732547361257799
2005-06-24 22:00:00,0.7682556752509042
2005-06-27 22:00:00,0.7684556376858992
2005-06-28 22:00:00,0.7642564265510036
2005-06-29 22:00:00,0.7623567834185507
2005-06-30 22:00:00,0.7616569148960682
2005-07-01 22:00:00,0.7514588307113218
2005-07-05 22:00:00,0.7416606713965652
2005-07-06 22:00:00,0.7409608028740826
2005-07-07 22:00:00,0.7401609531341025
2005-07-08 22:00:00,0.7408608216565852
2005-07-11 22:00:00,0.7476595444464161
2005-07-12 22:00:00,0.7557580230637149
2005-07-13 22:00:00,0.7476595444464161
2005-07-14 22:00:00,0.7516587931463168
2005-07-15 22:00:00,0.7486593566213913
2005-07-18 22:00:00,0.7539583611487596
2005-07-19 22:00:00,0.7490592814913813
2005-07-20 22:00:00,0.753858379931262
2005-07-21 22:00:00,0.7628566895060385
2005-07-22 22:00:00,0.7659561072484614
2005-07-25 22:00:00,0.7631566331585309
2005-07-26 22:00:00,0.7583575347186502
2005-07-27 22:00:00,0.7554580794112223
2005-07-28 22:00:00,0.756957797673685
2005-07-29 22:00:00,0.7592573656761278
2005-08-01 22:00:00,0.7616569148960682
2005-08-02 22:00:00,0.7647563326384912
2005-08-03 22:00:00,0.7716550366458198
2005-08-04 22:00:00,0.7737546422132675
2005-08-05 22:00:00,0.7669559194234365
2005-08-08 22:00:00,0.7650562762909837
2005-08-09 22:00:00,0.7599572341986105
2005-08-10 22:00:00,0.7638565016810136
2005-08-11 22:00:00,0.7735546797782725
2005-08-12 22:00:00,0.7721549427333073
2005-08-15 22:00:00,0.7681556940334067
2005-08-16 22:00:00,0.7686556001208943
2005-08-17 22:00:00,0.7621568209835557
2005-08-18 22:00:00,0.7535584362787695
2005-08-19 22:00:00,0.750359037318849
2005-08-22 22:00:00,0.7546582296712422
2005-08-23 22:00:00,0.7549581733237347
2005-08-24 22:00:00,0.7550581545412323
2005-08-25 22:00:00,0.759857252981113
2005-08-26 22:00:00,0.7582575535011526
2005-08-29 22:00:00,0.7520587180163067
2005-08-30 22:00:00,0.7467597134889385
2005-08-31 22:00:00,0.7512588682763266
2005-09-01 22:00:00,0.7607570839385907
2005-09-02 22:00:00,0.7647563326384912
2005-09-06 22:00:00,0.766655975770944
2005-09-07 22:00:00,0.7682556752509042
2005-09-08 22:00:00,0.7710551493408346
2005-09-09 22:00:00,0.7729547924732875
2005-09-12 22:00:00,0.7717550178633172
2005-09-13 22:00:00,0.7675558067284216
2005-09-14 22:00:00,0.7708551869058397
2005-09-15 22:00:00,0.7660560884659589
2005-09-16 22:00:00,0.7664560133359489
2005-09-19 22:00:00,0.7669559194234365
2005-09-20 22:00:00,0.7691555062083818
2005-09-21 22:00:00,0.7704552620358495
2005-09-22 22:00:00,0.7631566331585309
2005-09-23 22:00:00,0.7572577413261775
2005-09-26 22:00:00,0.756557872803695
2005-09-27 22:00:00,0.7535584362787695
2005-09-28 22:00:00,0.7570577788911825
2005-09-29 22:00:00,0.7591573844586303
2005-09-30 22:00:00,0.7641564453335061
2005-10-03 22:00:00,0.7626567270710434
2005-10-04 22:00:00,0.7628566895060385
2005-10-05 22:00:00,0.756557872803695
2005-10-06 22:00:00,0.7570577788911825
2005-10-07 22:00:00,0.7566578540211925
2005-10-11 22:00:00,0.753258492626277
2005-10-12 22:00:00,0.7544582672362472
2005-10-13 22:00:00,0.746659732271441
2005-10-14 22:00:00,0.7534584550612721
2005-10-17 22:00:00,0.750159074883854
2005-10-18 22:00:00,0.7472596195764261
2005-10-19 22:00:00,0.7482594317514012
2005-10-20 22:00:00,0.753658417496267
2005-10-21 22:00:00,0.7471596383589285
2005-10-24 22:00:00,0.7506589809713416
2005-10-25 22:00:00,0.7556580418462173
2005-10-26 22:00:00,0.7541583235837546
2005-10-27 22:00:00,0.7578576286311627
2005-10-28 22:00:00,0.7499591124488589
2005-10-31 22:00:00,0.7478595068814111
2005-11-01 22:00:00,0.7449600515739833
2005-11-02 22:00:00,0.7412607465265751
2005-11-03 22:00:00,0.7398610094816099
2005-11-04 22:00:00,0.7316625496468138
2005-11-07 22:00:00,0.7320624745168038
2005-11-08 22:00:00,0.7356617983467144
2005-11-09 22:00:00,0.733062286691779
2005-11-10 22:00:00,0.7307627186893362
2005-11-14 22:00:00,0.7265635075544405
2005-11-15 22:00:00,0.7322624369517989
2005-11-16 22:00:00,0.7305627562543411
2005-11-17 22:00:00,0.733662173996764
2005-11-18 22:00:00,0.7306627374718386
2005-11-21 22:00:00,0.7364616480866946
2005-11-22 22:00:00,0.7352618734767243
2005-11-23 22:00:00,0.7381613287841522
2005-11-25 22:00:00,0.7349619298242317
2005-11-28 22:00:00,0.7376614226966647
2005-11-29 22:00:00,0.7388611973066348
2005-11-30 22:00:00,0.7392611221766249
2005-12-01 22:00:00,0.7408608216565852
2005-12-02 22:00:00,0.746659732271441
2005-12-05 22:00:00,0.7513588494938241
2005-12-06 22:00:00,0.7539583611487596
2005-12-07 22:00:00,0.746659732271441
2005-12-08 22:00:00,0.7505589997538441
2005-12-09 22:00:00,0.7519587367988093
2005-12-12 22:00:00,0.7552581169762272
2005-12-13 22:00:00,0.7543582860187495
2005-12-14 22:00:00,0.756557872803695
2005-12-15 22:00:00,0.746859694706436
2005-12-16 22:00:00,0.7428604460065354
2005-12-19 22:00:00,0.7422605587015503
2005-12-20 22:00:00,0.7326623618217889
2005-12-21 22:00:00,0.7319624932993063
2005-12-22 22:00:00,0.7312626247768238
2005-12-23 22:00:00,0.7277632821644107
2005-12-27 22:00:00,0.7259636202494554
2005-12-28 22:00:00,0.729962868949356
2005-12-29 22:00:00,0.7318625120818087
2005-12-30 22:00:00,0.7340620988667541
2006-01-03 22:00:00,0.7377614039141621
2006-01-04 22:00:00,0.7463597886189485
2006-01-05 22:00:00,0.7480594693164062
2006-01-06 22:00:00,0.7526586053212919
2006-01-09 22:00:00,0.7515588119288192
2006-01-10 22:00:00,0.7488593190563864
2006-01-11 22:00:00,0.7556580418462173
2006-01-12 22:00:00,0.7510589058413316
2006-01-13 22:00:00,0.7533584738437744
2006-01-17 22:00:00,0.7515588119288192
2006-01-18 22:00:00,0.7486593566213913
2006-01-19 22:00:00,0.7467597134889385
2006-01-20 22:00:00,0.746859694706436
2006-01-23 22:00:00,0.7521586992338043
2006-01-24 22:00:00,0.7514588307113218
2006-01-25 22:00:00,0.7533584738437744
2006-01-26 22:00:00,0.7530585301912819
2006-01-27 22:00:00,0.7516587931463168
2006-01-30 22:00:00,0.749559187578869
2006-01-31 22:00:00,0.7570577788911825
2006-02-01 22:00:00,0.7540583423662571
2006-02-02 22:00:00,0.7546582296712422
2006-02-03 22:00:00,0.7489593002738838
2006-02-06 22:00:00,0.7424605211365454
2006-02-07 22:00:00,0.7434603333115205
2006-02-08 22:00:00,0.7391611409591273
2006-02-09 22:00:00,0.73946108461162
2006-02-10 22:00:00,0.7377614039141621
2006-02-13 22:00:00,0.73946108461162
2006-02-14 22:00:00,0.7387612160891374
2006-02-15 22:00:00,0.7401609531341025
2006-02-16 22:00:00,0.7378613851316597
2006-02-17 22:00:00,0.7383612912191473
2006-02-21 22:00:00,0.7392611221766249
2006-02-22 22:00:00,0.7361617044342019
2006-02-23 22:00:00,0.7395610658291175
2006-02-24 22:00:00,0.7397610282641125
2006-02-27 22:00:00,0.7385612536541423
2006-02-28 22:00:00,0.7428604460065354
2006-03-01 22:00:00,0.7427604647890379
2006-03-02 22:00:00,0.7456599200964659
2006-03-03 22:00:00,0.7438602581815106
2006-03-06 22:00:00,0.7407608404390876
2006-03-07 22:00:00,0.733462211561769
2006-03-08 22:00:00,0.7317625308643113
2006-03-09 22:00:00,0.7352618734767243
2006-03-10 22:00:00,0.7308626999068336
2006-03-13 22:00:00,0.7324623993867939
2006-03-14 22:00:00,0.7360617232167044
2006-03-15 22:00:00,0.7378613851316597
2006-03-16 22:00:00,0.7348619486067343
2006-03-17 22:00:00,0.7289630567743808
2006-03-20 22:00:00,0.7221643339845499
2006-03-21 22:00:00,0.7158655172822064
2006-03-22 22:00:00,0.7202646908520971
2006-03-23 22:00:00,0.7143657990197437
2006-03-24 22:00:00,0.7105665127548382
2006-03-27 22:00:00,0.7054674706624648
2006-03-28 22:00:00,0.7084669071873904
2006-03-29 22:00:00,0.7056674330974598
2006-03-30 22:00:00,0.7138658929322561
2006-03-31 22:00:00,0.716365423369694
2006-04-03 22:00:00,0.7175651979796642
2006-04-04 22:00:00,0.7201647096345996
2006-04-05 22:00:00,0.7261635826844504
2006-04-06 22:00:00,0.7313626059943212
2006-04-07 22:00:00,0.7277632821644107
2006-04-10 22:00:00,0.7280632258169032
2006-04-11 22:00:00,0.7325623806042915
2006-04-12 22:00:00,0.7313626059943212
2006-04-13 22:00:00,0.7283631694693958
2006-04-14 22:00:00,0.7287630943393858
2006-04-17 22:00:00,0.7373614790441722
2006-04-18 22:00:00,0.7383612912191473
2006-04-19 22:00:00,0.7463597886189485
2006-04-20 22:00:00,0.7374614602616697
2006-04-21 22:00:00,0.7442601830515005
2006-04-24 22:00:00,0.7442601830515005
2006-04-25 22:00:00,0.7454599576614709
2006-04-26 22:00:00,0.7533584738437744
2006-04-27 22:00:00,0.7562579291512024
2006-04-28 22:00:00,0.7591573844586303
2006-05-01 22:00:00,0.7605571215035956
2006-05-02 22:00:00,0.7629566707235359
2006-05-03 22:00:00,0.7709551681233371
2006-05-04 22:00:00,0.7724548863857997
2006-05-05 22:00:00,0.7705552432533471
2006-05-08 22:00:00,0.769555431078372
2006-05-09 22:00:00,0.7722549239508048
2006-05-10 22:00:00,0.7761541914332079
2006-05-11 22:00:00,0.7779538533481631
2006-05-12 22:00:00,0.7726548488207949
2006-05-15 22:00:00,0.7625567458535459
2006-05-16 22:00:00,0.7671064734458923
2006-05-17 22:00:00,0.7594167590141296
2006-05-18 22:00:00,0.7640002965927124
2006-05-19 22:00:00,0.7571741938591003
2006-05-22 22:00:00,0.753409206867218
2006-05-23 22:00:00,0.7509763240814209
2006-05-24 22:00:00,0.7531254291534424
2006-05-25 22:00:00,0.7609191536903381
2006-05-26 22:00:00,0.7580926418304443
2006-05-29 22:00:00,0.759013295173645
2006-05-30 22:00:00,0.7617886662483215
2006-05-31 22:00:00,0.752785325050354
2006-06-01 22:00:00,0.7478871941566467
2006-06-02 22:00:00,0.7510890364646912
2006-06-05 22:00:00,0.7482789158821106
2006-06-06 22:00:00,0.7413997650146484
2006-06-07 22:00:00,0.742390513420105
2006-06-08 22:00:00,0.7426109910011292
2006-06-09 22:00:00,0.7505254149436951
2006-06-12 22:00:00,0.742390513420105
2006-06-13 22:00:00,0.737626314163208
2006-06-14 22:00:00,0.7377895712852478
2006-06-15 22:00:00,0.7426109910011292
2006-06-16 22:00:00,0.7394262552261353
2006-06-19 22:00:00,0.736485481262207
2006-06-20 22:00:00,0.737626314163208
2006-06-21 22:00:00,0.7386069893836975
2006-06-22 22:00:00,0.7336218357086182
2006-06-23 22:00:00,0.7320108413696289
2006-06-26 22:00:00,0.7329228520393372
2006-06-27 22:00:00,0.7317965626716614
2006-06-28 22:00:00,0.7290754914283752
2006-06-29 22:00:00,0.7394262552261353
2006-06-30 22:00:00,0.7427765130996704
2006-07-03 22:00:00,0.7427765130996704
2006-07-04 22:00:00,0.7438262104988098
2006-07-05 22:00:00,0.7418947815895081
2006-07-06 22:00:00,0.745712161064148
2006-07-07 22:00:00,0.7519927620887756
2006-07-10 22:00:00,0.7473841309547424
2006-07-11 22:00:00,0.7526719570159912
2006-07-12 22:00:00,0.752785325050354
2006-07-13 22:00:00,0.7535794973373413
2006-07-14 22:00:00,0.7544892430305481
2006-07-17 22:00:00,0.7478871941566467
2006-07-18 22:00:00,0.7469933032989502
2006-07-19 22:00:00,0.7505817413330078
2006-07-20 22:00:00,0.7505817413330078
2006-07-21 22:00:00,0.7542046904563904
2006-07-24 22:00:00,0.7535794973373413
2006-07-25 22:00:00,0.7535226941108704
2006-07-26 22:00:00,0.7608034610748291
2006-07-27 22:00:00,0.7628929018974304
2006-07-28 22:00:00,0.7666947841644287
2006-07-31 22:00:00,0.7658727169036865
2006-08-01 22:00:00,0.7649939060211182
2006-08-02 22:00:00,0.764584481716156
2006-08-03 22:00:00,0.7612088322639465
2006-08-04 22:00:00,0.7655795216560364
2006-08-07 22:00:00,0.7634170055389404
2006-08-08 22:00:00,0.7579202651977539
2006-08-09 22:00:00,0.7658727169036865
2006-08-10 22:00:00,0.7685213685035706
2006-08-11 22:00:00,0.7668711543083191
2006-08-14 22:00:00,0.7599939703941345
2006-08-15 22:00:00,0.7652280330657959
2006-08-16 22:00:00,0.7688168287277222
2006-08-17 22:00:00,0.7617886662483215
2006-08-18 22:00:00,0.7605140805244446
2006-08-21 22:00:00,0.762427568435669
2006-08-22 22:00:00,0.7624857425689697
2006-08-23 22:00:00,0.7623113393783569
2006-08-24 22:00:00,0.7613247036933899
2006-08-25 22:00:00,0.7579202651977539
2006-08-28 22:00:00,0.7595898509025574
2006-08-29 22:00:00,0.7638252377510071
2006-08-30 22:00:00,0.7641170620918274
2006-08-31 22:00:00,0.7633005380630493
2006-09-01 22:00:00,0.767283022403717
2006-09-04 22:00:00,0.7708911895751953
2006-09-05 22:00:00,0.7701786756515503
2006-09-06 22:00:00,0.767224133014679
2006-09-07 22:00:00,0.7584951519966125
2006-09-08 22:00:00,0.7542046904563904
2006-09-11 22:00:00,0.7505817413330078
2006-09-12 22:00:00,0.7518231272697449
2006-09-13 22:00:00,0.7532956600189209
2006-09-14 22:00:00,0.7543184757232666
2006-09-15 22:00:00,0.7522755861282349
2006-09-18 22:00:00,0.7555723190307617
2006-09-19 22:00:00,0.7518796920776367
2006-09-20 22:00:00,0.7526719570159912
2006-09-21 22:00:00,0.7572888731956482
2006-09-22 22:00:00,0.7518796920776367
2006-09-25 22:00:00,0.753409206867218
2006-09-26 22:00:00,0.7514841556549072
2006-09-27 22:00:00,0.7510890364646912
2006-09-28 22:00:00,0.7487832307815552
2006-09-29 22:00:00,0.7464914917945862
2006-10-02 22:00:00,0.7482789158821106
2006-10-03 22:00:00,0.7431076765060425
2006-10-04 22:00:00,0.745712161064148
2006-10-05 22:00:00,0.7458789944648743
2006-10-06 22:00:00,0.7438815832138062
2006-10-09 22:00:00,0.7443245053291321
2006-10-10 22:00:00,0.7437156438827515
2006-10-11 22:00:00,0.7422802448272705
2006-10-12 22:00:00,0.7514277100563049
2006-10-13 22:00:00,0.7509763240814209
2006-10-16 22:00:00,0.753409206867218
2006-10-17 22:00:00,0.7535226941108704
2006-10-18 22:00:00,0.7548878788948059
2006-10-19 22:00:00,0.7587253451347351
2006-10-20 22:00:00,0.7583225965499878
2006-10-23 22:00:00,0.7570022940635681
2006-10-24 22:00:00,0.7593014240264893
2006-10-25 22:00:00,0.7616726756095886
2006-10-26 22:00:00,0.7645260095596313
2006-10-27 22:00:00,0.7691715955734253
2006-10-30 22:00:00,0.7691715955734253
2006-10-31 22:00:00,0.7750135660171509
2006-11-01 22:00:00,0.7741735577583313
2006-11-02 22:00:00,0.7744133472442627
2006-11-03 22:00:00,0.7704160213470459
2006-11-06 22:00:00,0.7710099816322327
2006-11-07 22:00:00,0.7729767560958862
2006-11-08 22:00:00,0.7707723379135132
2006-11-09 22:00:00,0.7695267200469971
2006-11-10 22:00:00,0.7678722143173218
2006-11-13 22:00:00,0.7641170620918274
2006-11-14 22:00:00,0.7662248611450195
2006-11-15 22:00:00,0.7649939060211182
2006-11-16 22:00:00,0.7665184736251831
2006-11-17 22:00:00,0.768994152545929
2006-11-20 22:00:00,0.7701194286346436
2006-11-21 22:00:00,0.7707723379135132
2006-11-22 22:00:00,0.7747734189033508
2006-11-23 22:00:00,0.7750135660171509
2006-11-24 22:00:00,0.7785736322402954
2006-11-27 22:00:00,0.7783918380737305
2006-11-28 22:00:00,0.7838833928108215
2006-11-29 22:00:00,0.7830240726470947
2006-11-30 22:00:00,0.7885813117027283
2006-12-01 22:00:00,0.7915776371955872
2006-12-04 22:00:00,0.7888302206993103
2006-12-05 22:00:00,0.7867201566696167
2006-12-06 22:00:00,0.7846214175224304
2006-12-07 22:00:00,0.7885813117027283
2006-12-08 22:00:00,0.7867820262908936
2006-12-11 22:00:00,0.7856076955795288
2006-12-12 22:00:00,0.787587583065033
2006-12-13 22:00:00,0.786596417427063
2006-12-14 22:00:00,0.7836990356445312
2006-12-15 22:00:00,0.7832080125808716
2006-12-18 22:00:00,0.7813720703125
2006-12-19 22:00:00,0.7851759195327759
2006-12-20 22:00:00,0.7859163880348206
2006-12-21 22:00:00,0.7843752503395081
2006-12-22 22:00:00,0.7835148572921753
2006-12-25 22:00:00,0.7832693457603455
2006-12-26 22:00:00,0.7825950980186462
2006-12-27 22:00:00,0.7851142287254333
2006-12-28 22:00:00,0.7902015447616577
2006-12-29 22:00:00,0.7888302206993103
2007-01-01 22:00:00,0.7910140752792358
2007-01-02 22:00:00,0.7961783409118652
2007-01-03 22:00:00,0.7922046780586243
2007-01-04 22:00:00,0.783392071723938
2007-01-05 22:00:00,0.7802746295928955
2007-01-08 22:00:00,0.7816163897514343
2007-01-09 22:00:00,0.7808229923248291
2007-01-10 22:00:00,0.7771215438842773
2007-01-11 22:00:00,0.7799704074859619
2007-01-12 22:00:00,0.7832080125808716
2007-01-15 22:00:00,0.7841292023658752
2007-01-16 22:00:00,0.7824726104736328
2007-01-17 22:00:00,0.787401556968689
2007-01-18 22:00:00,0.789702296257019
2007-01-19 22:00:00,0.789702296257019
2007-01-22 22:00:00,0.7880220413208008
2007-01-23 22:00:00,0.7923930287361145
2007-01-24 22:00:00,0.7808229923248291
2007-01-25 22:00:00,0.7733952403068542
2007-01-26 22:00:00,0.7726781368255615
2007-01-29 22:00:00,0.7726781368255615
2007-01-30 22:00:00,0.7719027400016785
2007-01-31 22:00:00,0.7756748795509338
2007-02-01 22:00:00,0.774113655090332
2007-02-02 22:00:00,0.7750135660171509
2007-02-05 22:00:00,0.7760962843894958
2007-02-06 22:00:00,0.7774840593338013
2007-02-07 22:00:00,0.7794232368469238
2007-02-08 22:00:00,0.7813720703125
2007-02-09 22:00:00,0.7768800854682922
2007-02-12 22:00:00,0.7722008228302002
2007-02-13 22:00:00,0.7789981961250305
2007-02-14 22:00:00,0.783392071723938
2007-02-15 22:00:00,0.7835761904716492
2007-02-16 22:00:00,0.7872155904769897
2007-02-19 22:00:00,0.7862871289253235
2007-02-20 22:00:00,0.7880220413208008
2007-02-21 22:00:00,0.7908889651298523
2007-02-22 22:00:00,0.7893905639648438
2007-02-23 22:00:00,0.7918910384178162
2007-02-26 22:00:00,0.7940288782119751
2007-02-27 22:00:00,0.7859781384468079
2007-02-28 22:00:00,0.7870917320251465
2007-03-01 22:00:00,0.7849909663200378
2007-03-02 22:00:00,0.7841292023658752
2007-03-05 22:00:00,0.7697044014930725
2007-03-06 22:00:00,0.7747734189033508
2007-03-07 22:00:00,0.7759758234024048
2007-03-08 22:00:00,0.7783918380737305
2007-03-09 22:00:00,0.7813110947608948
2007-03-12 22:00:00,0.7859781384468079
2007-03-13 22:00:00,0.7816774845123291
2007-03-14 22:00:00,0.7870917320251465
2007-03-15 22:00:00,0.7890791296958923
2007-03-16 22:00:00,0.7963685393333435
2007-03-19 22:00:00,0.8014104962348938
2007-03-20 22:00:00,0.8041817545890808
2007-03-21 22:00:00,0.8084728121757507
2007-03-22 22:00:00,0.8067768812179565
2007-03-23 22:00:00,0.8065166473388672
2007-03-26 22:00:00,0.8105040788650513
2007-03-27 22:00:00,0.8082113862037659
2007-03-28 22:00:00,0.8058017492294312
2007-03-29 22:00:00,0.8074283599853516
2007-03-30 22:00:00,0.8093234300613403
2007-04-02 22:00:00,0.8167932629585266
2007-04-03 22:00:00,0.8120178580284119
2007-04-04 22:00:00,0.8190678358078003
2007-04-05 22:00:00,0.8196049332618713
2007-04-06 22:00:00,0.8198737502098083
2007-04-09 22:00:00,0.8161932229995728
2007-04-10 22:00:00,0.8263779282569885
2007-04-11 22:00:00,0.8256275057792664
2007-04-12 22:00:00,0.8313242793083191
2007-04-13 22:00:00,0.8329168558120728
2007-04-16 22:00:00,0.8322237133979797
2007-04-17 22:00:00,0.8364000916481018
2007-04-18 22:00:00,0.8387854695320129
2007-04-19 22:00:00,0.8357710242271423
2007-04-20 22:00:00,0.8366800546646118
2007-04-23 22:00:00,0.8331944942474365
2007-04-24 22:00:00,0.8282259702682495
2007-04-25 22:00:00,0.8338196873664856
2007-04-26 22:00:00,0.8263779282569885
2007-04-27 22:00:00,0.8316699862480164
2007-04-30 22:00:00,0.8298754692077637
2007-05-01 22:00:00,0.8269930481910706
2007-05-02 22:00:00,0.8248103260993958
2007-05-03 22:00:00,0.823384165763855
2007-05-04 22:00:00,0.8210854530334473
2007-05-07 22:00:00,0.8248103260993958
2007-05-08 22:00:00,0.8280202150344849
2007-05-09 22:00:00,0.8278830647468567
2007-05-10 22:00:00,0.8256275057792664
2007-05-11 22:00:00,0.8331944942474365
2007-05-14 22:00:00,0.8325701355934143
2007-05-15 22:00:00,0.8338196873664856
2007-05-16 22:00:00,0.825423002243042
2007-05-17 22:00:00,0.8235197067260742
2007-05-18 22:00:00,0.8241305351257324
2007-05-21 22:00:00,0.8216251730918884
2007-05-22 22:00:00,0.8202099800109863
2007-05-23 22:00:00,0.8229774832725525
2007-05-24 22:00:00,0.8185315728187561
2007-05-25 22:00:00,0.8196049332618713
2007-05-28 22:00:00,0.8192691802978516
2007-05-29 22:00:00,0.8185985088348389
2007-05-30 22:00:00,0.8229774832725525
2007-05-31 22:00:00,0.8284317851066589
2007-06-01 22:00:00,0.83180832862854
2007-06-04 22:00:00,0.8343762755393982
2007-06-05 22:00:00,0.8371002674102783
2007-06-06 22:00:00,0.8411843776702881
2007-06-07 22:00:00,0.841396689414978
2007-06-08 22:00:00,0.8433836102485657
2007-06-11 22:00:00,0.8430281281471252
2007-06-12 22:00:00,0.8401949405670166
2007-06-13 22:00:00,0.8401243686676025
2007-06-14 22:00:00,0.8359805941581726
2007-06-15 22:00:00,0.8404773473739624
2007-06-18 22:00:00,0.8430281281471252
2007-06-19 22:00:00,0.846023678779602
2007-06-20 22:00:00,0.8435971140861511
2007-06-21 22:00:00,0.8468834757804871
2007-06-22 22:00:00,0.8486082553863525
2007-06-25 22:00:00,0.8470268845558167
2007-06-26 22:00:00,0.8461668491363525
2007-06-27 22:00:00,0.8394895792007446
2007-06-28 22:00:00,0.8468117713928223
2007-06-29 22:00:00,0.8481764197349548
2007-07-02 22:00:00,0.8594757318496704
2007-07-03 22:00:00,0.8557248115539551
2007-07-04 22:00:00,0.8577800989151001
2007-07-05 22:00:00,0.85638427734375
2007-07-06 22:00:00,0.8481044769287109
2007-07-09 22:00:00,0.8602150082588196
2007-07-10 22:00:00,0.8591064810752869
2007-07-11 22:00:00,0.8628872036933899
2007-07-12 22:00:00,0.8672274351119995
2007-07-13 22:00:00,0.8692628145217896
2007-07-16 22:00:00,0.8716875910758972
2007-07-17 22:00:00,0.8728288412094116
2007-07-18 22:00:00,0.8775778412818909
2007-07-19 22:00:00,0.8799718618392944
2007-07-20 22:00:00,0.8802816867828369
2007-07-23 22:00:00,0.8830021619796753
2007-07-24 22:00:00,0.8830021619796753
2007-07-25 22:00:00,0.8850340843200684
2007-07-26 22:00:00,0.8719915747642517
2007-07-27 22:00:00,0.8520790934562683
2007-07-30 22:00:00,0.8588114380836487
2007-07-31 22:00:00,0.8520064949989319
2007-08-01 22:00:00,0.8547739386558533
2007-08-02 22:00:00,0.8585164546966553
2007-08-03 22:00:00,0.8579272627830505
2007-08-06 22:00:00,0.8583691120147705
2007-08-07 22:00:00,0.8550662994384766
2007-08-08 22:00:00,0.8631851673126221
2007-08-09 22:00:00,0.8507018089294434
2007-08-10 22:00:00,0.8458090424537659
2007-08-13 22:00:00,0.8418217301368713
2007-08-14 22:00:00,0.8345852494239807
2007-08-15 22:00:00,0.8185985088348389
2007-08-16 22:00:00,0.7963685393333435
2007-08-17 22:00:00,0.7982757687568665
2007-08-20 22:00:00,0.8061915636062622
2007-08-21 22:00:00,0.799424409866333
2007-08-22 22:00:00,0.809192419052124
2007-08-23 22:00:00,0.8173941373825073
2007-08-24 22:00:00,0.8248103260993958
2007-08-27 22:00:00,0.8259684443473816
2007-08-28 22:00:00,0.8132064938545227
2007-08-29 22:00:00,0.8190008401870728
2007-08-30 22:00:00,0.8169267177581787
2007-08-31 22:00:00,0.8165265321731567
2007-09-03 22:00:00,0.8214227557182312
2007-09-04 22:00:00,0.8259001970291138
2007-09-05 22:00:00,0.8229774832725525
2007-09-06 22:00:00,0.8293936848640442
2007-09-07 22:00:00,0.8263779282569885
2007-09-11 22:00:00,0.8340283632278442
2007-09-12 22:00:00,0.8423889875411987
2007-09-13 22:00:00,0.8350730538368225
2007-09-14 22:00:00,0.8420343399047852
2007-09-17 22:00:00,0.8336111903190613
2007-09-18 22:00:00,0.8504124879837036
2007-09-19 22:00:00,0.8558712601661682
2007-09-20 22:00:00,0.8654261827468872
2007-09-21 22:00:00,0.8649770617485046
2007-09-24 22:00:00,0.8672274351119995
2007-09-25 22:00:00,0.874278724193573
2007-09-26 22:00:00,0.8751968741416931
2007-09-27 22:00:00,0.8796621561050415
2007-09-28 22:00:00,0.8858965039253235
2007-10-01 22:00:00,0.8943743705749512
2007-10-02 22:00:00,0.8837825655937195
2007-10-03 22:00:00,0.8827683925628662
2007-10-04 22:00:00,0.8888888955116272
2007-10-05 22:00:00,0.9004141688346863
2007-10-08 22:00:00,0.8935751914978027
2007-10-09 22:00:00,0.8997660279273987
2007-10-10 22:00:00,0.8975855112075806
2007-10-11 22:00:00,0.9009820818901062
2007-10-12 22:00:00,0.9044862389564514
2007-10-15 22:00:00,0.9001709818840027
2007-10-16 22:00:00,0.8899171948432922
2007-10-17 22:00:00,0.8906305432319641
2007-10-18 22:00:00,0.8962982892990112
2007-10-19 22:00:00,0.893814742565155
2007-10-22 22:00:00,0.8881783485412598
2007-10-23 22:00:00,0.8986340761184692
2007-10-24 22:00:00,0.904077410697937
2007-10-25 22:00:00,0.9084302186965942
2007-10-26 22:00:00,0.9169264435768129
2007-10-29 22:00:00,0.9225943684577942
2007-10-30 22:00:00,0.9204712510108948
2007-10-31 22:00:00,0.9317927956581116
2007-11-01 22:00:00,0.9151642918586732
2007-11-02 22:00:00,0.92336106300354
2007-11-05 22:00:00,0.9213193655014038
2007-11-06 22:00:00,0.9319664835929872
2007-11-07 22:00:00,0.9246416687965392
2007-11-08 22:00:00,0.927385687828064
2007-11-09 22:00:00,0.914829432964325
2007-11-12 22:00:00,0.8799718618392944
2007-11-13 22:00:00,0.9005764126777649
2007-11-14 22:00:00,0.896217942237854
2007-11-15 22:00:00,0.8876264691352844
2007-11-16 22:00:00,0.8911861777305603
2007-11-19 22:00:00,0.8823789358139038
2007-11-20 22:00:00,0.8911067247390747
2007-11-21 22:00:00,0.8691872358322144
2007-11-22 22:00:00,0.872372031211853
2007-11-23 22:00:00,0.877269983291626
2007-11-27 22:00:00,0.8775778412818909
2007-11-28 22:00:00,0.886210560798645
2007-11-29 22:00:00,0.8832361698150635
2007-11-30 22:00:00,0.8855043053627014
2007-12-03 22:00:00,0.881212592124939
2007-12-04 22:00:00,0.872372031211853
2007-12-05 22:00:00,0.8710042834281921
2007-12-06 22:00:00,0.879817008972168
2007-12-07 22:00:00,0.8775008320808411
2007-12-10 22:00:00,0.8855827450752258
2007-12-11 22:00:00,0.8771929740905762
2007-12-12 22:00:00,0.8847208619117737
2007-12-13 22:00:00,0.8784258961677551
2007-12-14 22:00:00,0.8625150918960571
2007-12-17 22:00:00,0.8582954406738281
2007-12-19 22:00:00,0.8585901856422424
2007-12-20 22:00:00,0.8590326905250549
2007-12-21 22:00:00,0.8658758401870728
2007-12-24 22:00:00,0.8719155788421631
2007-12-25 22:00:00,0.8706251382827759
2007-12-26 22:00:00,0.874737560749054
2007-12-27 22:00:00,0.8775778412818909
2007-12-28 22:00:00,0.874278724193573
2007-12-31 22:00:00,0.874278724193573
2008-01-01 22:00:00,0.8771160244941711
2008-01-02 22:00:00,0.8840169906616211
2008-01-03 22:00:00,0.8816009759902954
2008-01-04 22:00:00,0.8765778541564941
2008-01-07 22:00:00,0.8719155788421631
2008-01-08 22:00:00,0.8795848488807678
2008-01-09 22:00:00,0.8830801844596863
2008-01-10 22:00:00,0.8946143984794617
2008-01-11 22:00:00,0.8930166363716125
2008-01-14 22:00:00,0.898391842842102
2008-01-15 22:00:00,0.8837825655937195
2008-01-16 22:00:00,0.8789663910865784
2008-01-17 22:00:00,0.8733624815940857
2008-01-18 22:00:00,0.8804367184638977
2008-01-21 22:00:00,0.8572653532028198
2008-01-22 22:00:00,0.872372031211853
2008-01-23 22:00:00,0.8728288412094116
2008-01-24 22:00:00,0.8829242587089539
2008-01-25 22:00:00,0.8820675611495972
2008-01-28 22:00:00,0.8884940147399902
2008-01-29 22:00:00,0.8885729908943176
2008-01-30 22:00:00,0.8847208619117737
2008-01-31 22:00:00,0.8954154849052429
2008-02-01 22:00:00,0.904568076133728
2008-02-04 22:00:00,0.9077704548835754
2008-02-05 22:00:00,0.8959770798683167
2008-02-06 22:00:00,0.892379105091095
2008-02-07 22:00:00,0.8947745561599731
2008-02-08 22:00:00,0.8947745561599731
2008-02-11 22:00:00,0.904077410697937
2008-02-12 22:00:00,0.9036688804626464
2008-02-13 22:00:00,0.8970218896865845
2008-02-14 22:00:00,0.90203857421875
2008-02-15 22:00:00,0.9075233936309814
2008-02-18 22:00:00,0.916506290435791
2008-02-19 22:00:00,0.9213193655014038
2008-02-20 22:00:00,0.9197939038276672
2008-02-21 22:00:00,0.9193711280822754
2008-02-22 22:00:00,0.9208951592445374
2008-02-25 22:00:00,0.9279881119728088
2008-02-26 22:00:00,0.9339683651924132
2008-02-27 22:00:00,0.9417969584465028
2008-02-28 22:00:00,0.9453582167625428
2008-02-29 22:00:00,0.9297136068344116
2008-03-03 22:00:00,0.9394964575767516
2008-03-04 22:00:00,0.9267840385437012
2008-03-05 22:00:00,0.9343174695968628
2008-03-06 22:00:00,0.9293680787086488
2008-03-07 22:00:00,0.9278159141540528
2008-03-10 22:00:00,0.9164223074913024
2008-03-11 22:00:00,0.9287638664245604
2008-03-12 22:00:00,0.9359790086746216
2008-03-13 22:00:00,0.9453582167625428
2008-03-14 22:00:00,0.9389671087265016
2008-03-17 22:00:00,0.920640766620636
2008-03-18 22:00:00,0.930059552192688
2008-03-19 22:00:00,0.9138261675834656
2008-03-20 22:00:00,0.9007385969161988
2008-03-21 22:00:00,0.8974243998527527
2008-03-24 22:00:00,0.9099181294441224
2008-03-25 22:00:00,0.916506290435791
2008-03-26 22:00:00,0.9197939038276672
2008-03-27 22:00:00,0.920640766620636
2008-03-28 22:00:00,0.9170946478843688
2008-03-31 22:00:00,0.9138261675834656
2008-04-02 22:00:00,0.9141603708267212
2008-04-03 22:00:00,0.9155831933021544
2008-04-04 22:00:00,0.921998918056488
2008-04-07 22:00:00,0.9252405166625975
2008-04-08 22:00:00,0.931011974811554
2008-04-09 22:00:00,0.9298000931739808
2008-04-10 22:00:00,0.9322270750999452
2008-04-11 22:00:00,0.9292816519737244
2008-04-14 22:00:00,0.9260973930358888
2008-04-15 22:00:00,0.9256688356399536
2008-04-16 22:00:00,0.939584732055664
2008-04-17 22:00:00,0.9373828172683716
2008-04-18 22:00:00,0.9338812828063964
2008-04-21 22:00:00,0.9434852004051208
2008-04-22 22:00:00,0.9458948373794556
2008-04-23 22:00:00,0.9475080370903016
2008-04-24 22:00:00,0.9385265111923218
2008-04-25 22:00:00,0.9332711696624756
2008-04-28 22:00:00,0.9386146068572998
2008-04-29 22:00:00,0.9326618909835817
2008-04-30 22:00:00,0.9437523484230042
2008-05-02 22:00:00,0.9372949600219728
2008-05-05 22:00:00,0.9459842443466188
2008-05-06 22:00:00,0.9502090811729432
2008-05-07 22:00:00,0.9400263428688048
2008-05-08 22:00:00,0.9438414573669434
2008-05-09 22:00:00,0.9428625106811525
2008-05-12 22:00:00,0.946342408657074
2008-05-13 22:00:00,0.9414423108100892
2008-05-14 22:00:00,0.931098699569702
2008-05-15 22:00:00,0.940733790397644
2008-05-16 22:00:00,0.9560229182243348
2008-05-19 22:00:00,0.95337975025177
2008-05-20 22:00:00,0.957762598991394
2008-05-21 22:00:00,0.9620935320854188
2008-05-22 22:00:00,0.9572125673294068
2008-05-23 22:00:00,0.9609841108322144
2008-05-26 22:00:00,0.9608917236328124
2008-05-27 22:00:00,0.9587727785110474
2008-05-28 22:00:00,0.962556540966034
2008-05-29 22:00:00,0.9563886523246764
2008-05-30 22:00:00,0.9564801454544068
2008-06-02 22:00:00,0.9544716477394104
2008-06-03 22:00:00,0.9514747858047484
2008-06-04 22:00:00,0.9566631317138672
2008-06-05 22:00:00,0.9587727785110474
2008-06-06 22:00:00,0.963112771511078
2008-06-09 22:00:00,0.9513842463493348
2008-06-10 22:00:00,0.9459842443466188
2008-06-11 22:00:00,0.9474182724952698
2008-06-12 22:00:00,0.9372071027755736
2008-06-13 22:00:00,0.9397612810134888
2008-06-16 22:00:00,0.9414423108100892
2008-06-17 22:00:00,0.9446439146995544
2008-06-18 22:00:00,0.946163296699524
2008-06-19 22:00:00,0.9498479962348938
2008-06-20 22:00:00,0.9542895555496216
2008-06-23 22:00:00,0.9518370032310486
2008-06-24 22:00:00,0.9573042392730712
2008-06-25 22:00:00,0.9589567184448242
2008-06-26 22:00:00,0.955931544303894
2008-06-27 22:00:00,0.9617233872413636
2008-06-30 22:00:00,0.9580379128456116
2008-07-02 22:00:00,0.9623712301254272
2008-07-03 22:00:00,0.9600614309310912
2008-07-04 22:00:00,0.9638553857803344
2008-07-07 22:00:00,0.9558401703834534
2008-07-08 22:00:00,0.9535616040229796
2008-07-09 22:00:00,0.9554749131202698
2008-07-10 22:00:00,0.9615384936332704
2008-07-11 22:00:00,0.9674922823905944
2008-07-14 22:00:00,0.9710623025894164
2008-07-15 22:00:00,0.9789525270462036
2008-07-16 22:00:00,0.974373996257782
2008-07-17 22:00:00,0.9728572964668274
2008-07-18 22:00:00,0.9728572964668274
2008-07-21 22:00:00,0.9765624403953552
2008-07-22 22:00:00,0.9718172550201416
2008-07-23 22:00:00,0.9611687660217284
2008-07-24 22:00:00,0.9596928358078004
2008-07-25 22:00:00,0.9563886523246764
2008-07-28 22:00:00,0.9570294618606568
2008-07-29 22:00:00,0.9523810148239136
2008-07-30 22:00:00,0.943396270275116
2008-07-31 22:00:00,0.940556824207306
2008-08-01 22:00:00,0.9322270750999452
2008-08-04 22:00:00,0.9285913109779358
2008-08-05 22:00:00,0.9169264435768129
2008-08-06 22:00:00,0.9113277792930604
2008-08-07 22:00:00,0.9058791995048524
2008-08-08 22:00:00,0.8916629552841187
2008-08-11 22:00:00,0.8837825655937195
2008-08-12 22:00:00,0.8694140315055847
2008-08-13 22:00:00,0.8703219890594482
2008-08-14 22:00:00,0.8663259148597717
2008-08-15 22:00:00,0.8682816624641418
2008-08-18 22:00:00,0.8685079216957092
2008-08-19 22:00:00,0.8737439513206482
2008-08-20 22:00:00,0.8727526664733887
2008-08-21 22:00:00,0.8785030841827393
2008-08-22 22:00:00,0.8691117763519287
2008-08-25 22:00:00,0.8602890372276306
2008-08-26 22:00:00,0.8554319739341736
2008-08-27 22:00:00,0.8582217693328857
2008-08-28 22:00:00,0.8636324405670166
2008-08-29 22:00:00,0.856531023979187
2008-09-01 22:00:00,0.8483923077583313
2008-09-02 22:00:00,0.8368200659751892
2008-09-03 22:00:00,0.8347941637039185
2008-09-04 22:00:00,0.8173273205757141
2008-09-05 22:00:00,0.8112932443618774
2008-09-08 22:00:00,0.8167932629585266
2008-09-09 22:00:00,0.8051530122756958
2008-09-10 22:00:00,0.7989134788513184
2008-09-11 22:00:00,0.8025038242340088
2008-09-12 22:00:00,0.8285003900527954
2008-09-15 22:00:00,0.7978299260139465
2008-09-16 22:00:00,0.7956082820892334
2008-09-17 22:00:00,0.7905763387680054
2008-09-18 22:00:00,0.8021818995475769
2008-09-19 22:00:00,0.8336111903190613
2008-09-22 22:00:00,0.8451656699180603
2008-09-23 22:00:00,0.8387854695320129
2008-09-24 22:00:00,0.8336807489395142
2008-09-25 22:00:00,0.8368200659751892
2008-09-26 22:00:00,0.8296689987182617
2008-09-29 22:00:00,0.7982757687568665
2008-09-30 22:00:00,0.7925814390182495
2008-10-01 22:00:00,0.7922046780586243
2008-10-02 22:00:00,0.7738141417503357
2008-10-03 22:00:00,0.7779073715209961
2008-10-06 22:00:00,0.7213966250419617
2008-10-07 22:00:00,0.7114905714988708
2008-10-08 22:00:00,0.6700167655944824
2008-10-09 22:00:00,0.6829668283462524
2008-10-10 22:00:00,0.643790602684021
2008-10-13 22:00:00,0.7044237852096558
2008-10-14 22:00:00,0.7015082240104675
2008-10-15 22:00:00,0.656814455986023
2008-10-16 22:00:00,0.6848845481872559
2008-10-17 22:00:00,0.6907030940055847
2008-10-20 22:00:00,0.7026913166046143
2008-10-21 22:00:00,0.6783339977264404
2008-10-22 22:00:00,0.6676904559135437
2008-10-23 22:00:00,0.6707807779312134
2008-10-24 22:00:00,0.6206939220428467
2008-10-27 22:00:00,0.6053268909454346
2008-10-28 22:00:00,0.6504911184310913
2008-10-29 22:00:00,0.6711859703063965
2008-10-30 22:00:00,0.6697923541069031
2008-10-31 22:00:00,0.6689858436584473
2008-11-03 22:00:00,0.6756300330162048
2008-11-04 22:00:00,0.6984215378761292
2008-11-05 22:00:00,0.6788865923881531
2008-11-06 22:00:00,0.6656016707420349
2008-11-07 22:00:00,0.6734006404876709
2008-11-10 22:00:00,0.6715916991233826
2008-11-11 22:00:00,0.6565126180648804
2008-11-12 22:00:00,0.6377144455909729
2008-11-13 22:00:00,0.6660894155502319
2008-11-14 22:00:00,0.6470816731452942
2008-11-17 22:00:00,0.6485084295272827
2008-11-18 22:00:00,0.6504064798355103
2008-11-19 22:00:00,0.6382027864456177
2008-11-20 22:00:00,0.6100164651870728
2008-11-21 22:00:00,0.6317119598388672
2008-11-24 22:00:00,0.6499837636947632
2008-11-25 22:00:00,0.6488029360771179
2008-11-26 22:00:00,0.6533812284469604
2008-11-27 22:00:00,0.6562110185623169
2008-11-28 22:00:00,0.6541078090667725
2008-12-01 22:00:00,0.635202944278717
2008-12-02 22:00:00,0.6431695222854614
2008-12-03 22:00:00,0.6482141613960266
2008-12-04 22:00:00,0.6435420513153076
2008-12-05 22:00:00,0.6482982039451599
2008-12-08 22:00:00,0.6629980802536011
2008-12-09 22:00:00,0.6575918793678284
2008-12-10 22:00:00,0.6560388207435608
2008-12-11 22:00:00,0.6697026491165161
2008-12-12 22:00:00,0.6647168397903442
2008-12-15 22:00:00,0.6688068509101868
2008-12-16 22:00:00,0.6941069960594177
2008-12-17 22:00:00,0.7053181529045105
2008-12-18 22:00:00,0.6921852231025696
2008-12-19 22:00:00,0.6878052353858948
2008-12-22 22:00:00,0.6841817498207092
2008-12-23 22:00:00,0.6795786619186401
2008-12-24 22:00:00,0.6839009523391724
2008-12-25 22:00:00,0.6817097067832947
2008-12-26 22:00:00,0.6810133457183838
2008-12-29 22:00:00,0.690321683883667
2008-12-30 22:00:00,0.6910849809646606
2008-12-31 22:00:00,0.7055171132087708
2009-01-01 22:00:00,0.7050197124481201
2009-01-02 22:00:00,0.7093204259872437
2009-01-05 22:00:00,0.7142857313156128
2009-01-06 22:00:00,0.7203572988510132
2009-01-07 22:00:00,0.7102777361869812
2009-01-08 22:00:00,0.7119971513748169
2009-01-09 22:00:00,0.706813633441925
2009-01-12 22:00:00,0.6795324683189392
2009-01-13 22:00:00,0.6676012873649597
2009-01-14 22:00:00,0.6647168397903442
2009-01-15 22:00:00,0.6665777564048767
2009-01-16 22:00:00,0.6710057854652405
2009-01-19 22:00:00,0.6673785448074341
2009-01-20 22:00:00,0.6488871574401855
2009-01-21 22:00:00,0.6582845449447632
2009-01-22 22:00:00,0.6545788049697876
2009-01-23 22:00:00,0.6523157358169556
2009-01-26 22:00:00,0.6618571877479553
2009-01-27 22:00:00,0.66454017162323
2009-01-28 22:00:00,0.6652032136917114
2009-01-29 22:00:00,0.6501950621604919
2009-01-30 22:00:00,0.6384880542755127
2009-02-02 22:00:00,0.6305170655250549
2009-02-03 22:00:00,0.6491398811340332
2009-02-04 22:00:00,0.6427148580551147
2009-02-05 22:00:00,0.6517630219459534
2009-02-06 22:00:00,0.6757213473320007
2009-02-09 22:00:00,0.6748093962669373
2009-02-10 22:00:00,0.657202959060669
2009-02-11 22:00:00,0.6541078090667725
2009-02-12 22:00:00,0.656814455986023
2009-02-13 22:00:00,0.6595001220703125
2009-02-16 22:00:00,0.6528693437576294
2009-02-17 22:00:00,0.6373080015182495
2009-02-18 22:00:00,0.6393043994903564
2009-02-19 22:00:00,0.6442884206771851
2009-02-20 22:00:00,0.6462035775184631
2009-02-23 22:00:00,0.640656054019928
2009-02-24 22:00:00,0.6524008512496948
2009-02-25 22:00:00,0.6469979286193848
2009-02-26 22:00:00,0.6469142436981201
2009-02-27 22:00:00,0.6422194838523865
2009-03-02 22:00:00,0.6294850707054138
2009-03-03 22:00:00,0.6379178166389465
2009-03-04 22:00:00,0.6469979286193848
2009-03-05 22:00:00,0.6390184760093689
2009-03-06 22:00:00,0.6420133709907532
2009-03-09 22:00:00,0.6347997188568115
2009-03-10 22:00:00,0.6480881571769714
2009-03-11 22:00:00,0.6482141613960266
2009-03-12 22:00:00,0.6541506052017212
2009-03-13 22:00:00,0.6584145426750183
2009-03-16 22:00:00,0.6595870852470398
2009-03-17 22:00:00,0.6629980802536011
2009-03-18 22:00:00,0.678380012512207
2009-03-19 22:00:00,0.6880891919136047
2009-03-20 22:00:00,0.6868131756782532
2009-03-23 22:00:00,0.7041757702827454
2009-03-24 22:00:00,0.6990073919296265
2009-03-25 22:00:00,0.6990073919296265
2009-03-26 22:00:00,0.7024939060211182
2009-03-27 22:00:00,0.6966213583946228
2009-03-30 22:00:00,0.6799945831298828
2009-03-31 22:00:00,0.6918021440505981
2009-04-01 22:00:00,0.6990073919296265
2009-04-02 22:00:00,0.7169486880302429
2009-04-03 22:00:00,0.7150007486343384
2009-04-06 22:00:00,0.7117944359779358
2009-04-07 22:00:00,0.7119971513748169
2009-04-08 22:00:00,0.7081149816513062
2009-04-09 22:00:00,0.7188555598258972
2009-04-10 22:00:00,0.7187005877494812
2009-04-13 22:00:00,0.7305135726928711
2009-04-14 22:00:00,0.7231180667877197
2009-04-15 22:00:00,0.7282790541648865
2009-04-16 22:00:00,0.72061687707901
2009-04-17 22:00:00,0.7228044867515564
2009-04-20 22:00:00,0.6999860405921936
2009-04-21 22:00:00,0.7088679671287537
2009-04-22 22:00:00,0.7077140808105469
2009-04-23 22:00:00,0.7136231064796448
2009-04-24 22:00:00,0.7221259474754333
2009-04-27 22:00:00,0.7070136070251465
2009-04-28 22:00:00,0.7065140604972839
2009-04-29 22:00:00,0.7249003052711487
2009-04-30 22:00:00,0.7266914248466492
2009-05-01 22:00:00,0.7328155040740967
2009-05-04 22:00:00,0.7411249876022339
2009-05-05 22:00:00,0.7407956123352051
2009-05-06 22:00:00,0.7488393187522888
2009-05-07 22:00:00,0.7550589442253113
2009-05-08 22:00:00,0.767990231513977
2009-05-11 22:00:00,0.7599362134933472
2009-05-12 22:00:00,0.7661073803901672
2009-05-13 22:00:00,0.7536931037902832
2009-05-14 22:00:00,0.7603984475135803
2009-05-15 22:00:00,0.7487832307815552
2009-05-18 22:00:00,0.7659900188446045
2009-05-19 22:00:00,0.7745933532714844
2009-05-20 22:00:00,0.7751938104629517
2009-05-21 22:00:00,0.7783918380737305
2009-05-22 22:00:00,0.7848061919212341
2009-05-25 22:00:00,0.7808229923248291
2009-05-26 22:00:00,0.7880220413208008
2009-05-27 22:00:00,0.7778469324111938
2009-05-28 22:00:00,0.7841907143592834
2009-05-29 22:00:00,0.8010253310203552
2009-06-01 22:00:00,0.8104384541511536
2009-06-02 22:00:00,0.8206811547279358
2009-06-03 22:00:00,0.8025681972503662
2009-06-04 22:00:00,0.8012820482254028
2009-06-05 22:00:00,0.7944073677062988
2009-06-08 22:00:00,0.7902638912200928
2009-06-09 22:00:00,0.801988959312439
2009-06-10 22:00:00,0.8023750185966492
2009-06-11 22:00:00,0.8206138014793396
2009-06-12 22:00:00,0.8134710788726807
2009-06-15 22:00:00,0.7940288782119751
2009-06-16 22:00:00,0.7923930287361145
2009-06-17 22:00:00,0.7928327918052673
2009-06-18 22:00:00,0.8005764484405518
2009-06-19 22:00:00,0.80560702085495
2009-06-22 22:00:00,0.7870298027992249
2009-06-23 22:00:00,0.794470489025116
2009-06-24 22:00:00,0.7977026104927063
2009-06-25 22:00:00,0.8036001324653625
2009-06-26 22:00:00,0.8054123520851135
2009-06-29 22:00:00,0.8101101517677307
2009-06-30 22:00:00,0.8061915636062622
2009-07-01 22:00:00,0.8089960813522339
2009-07-02 22:00:00,0.792707085609436
2009-07-03 22:00:00,0.7939028143882751
2009-07-06 22:00:00,0.7961149215698242
2009-07-07 22:00:00,0.7886435389518738
2009-07-08 22:00:00,0.7770007848739624
2009-07-09 22:00:00,0.7849293351173401
2009-07-10 22:00:00,0.7799704074859619
2009-07-13 22:00:00,0.7841907143592834
2009-07-14 22:00:00,0.7940288782119751
2009-07-15 22:00:00,0.8026970624923706
2009-07-16 22:00:00,0.8041170835494995
2009-07-17 22:00:00,0.8032128214836121
2009-07-20 22:00:00,0.8140007853507996
2009-07-21 22:00:00,0.8153281211853027
2009-07-22 22:00:00,0.8154611587524414
2009-07-23 22:00:00,0.8149294853210449
2009-07-24 22:00:00,0.8181297183036804
2009-07-27 22:00:00,0.8220303654670715
2009-07-28 22:00:00,0.8239946961402893
2009-07-29 22:00:00,0.8153946399688721
2009-07-30 22:00:00,0.8250144124031067
2009-07-31 22:00:00,0.8356313109397888
2009-08-03 22:00:00,0.8430281281471252
2009-08-04 22:00:00,0.8448086977005005
2009-08-05 22:00:00,0.8409721255302429
2009-08-06 22:00:00,0.8408308029174805
2009-08-07 22:00:00,0.8373806476593018
2009-08-10 22:00:00,0.8366100788116455
2009-08-11 22:00:00,0.8296001553535461
2009-08-12 22:00:00,0.8343762755393982
2009-08-13 22:00:00,0.8430281281471252
2009-08-14 22:00:00,0.8331944942474365
2009-08-17 22:00:00,0.8231807947158813
2009-08-18 22:00:00,0.8300821781158447
2009-08-19 22:00:00,0.830426812171936
2009-08-20 22:00:00,0.8324314951896667
2009-08-21 22:00:00,0.8341675400733948
2009-08-24 22:00:00,0.8373806476593018
2009-08-25 22:00:00,0.8334027528762817
2009-08-26 22:00:00,0.8271982669830322
2009-08-27 22:00:00,0.8407600522041321
2009-08-28 22:00:00,0.8430281281471252
2009-08-31 22:00:00,0.8428860306739807
2009-09-01 22:00:00,0.8258320689201355
2009-09-02 22:00:00,0.8347941637039185
2009-09-03 22:00:00,0.8394191265106201
2009-09-04 22:00:00,0.8517887592315674
2009-09-07 22:00:00,0.8554319739341736
2009-09-08 22:00:00,0.8637816905975342
2009-09-09 22:00:00,0.8619946837425232
2009-09-10 22:00:00,0.8623663187026978
2009-09-11 22:00:00,0.8630361557006836
2009-09-14 22:00:00,0.8625150918960571
2009-09-15 22:00:00,0.8643789291381836
2009-09-16 22:00:00,0.8732098937034607
2009-09-17 22:00:00,0.8709284067153931
2009-09-18 22:00:00,0.8679802417755127
2009-09-21 22:00:00,0.8643789291381836
2009-09-22 22:00:00,0.8769621849060059
2009-09-23 22:00:00,0.8691872358322144
2009-09-24 22:00:00,0.8631851673126221
2009-09-25 22:00:00,0.8661007881164551
2009-09-28 22:00:00,0.8729050755500793
2009-09-29 22:00:00,0.8738203644752502
2009-09-30 22:00:00,0.8837825655937195
2009-10-01 22:00:00,0.8684324622154236
2009-10-02 22:00:00,0.8658758401870728
2009-10-05 22:00:00,0.8774238228797913
2009-10-06 22:00:00,0.8906305432319641
2009-10-07 22:00:00,0.8930166363716125
2009-10-08 22:00:00,0.9044044613838196
2009-10-09 22:00:00,0.9039139747619628
2009-10-12 22:00:00,0.9083476662635804
2009-10-13 22:00:00,0.9063718318939208
2009-10-14 22:00:00,0.9158347845077516
2009-10-15 22:00:00,0.924043595790863
2009-10-16 22:00:00,0.9164223074913024
2009-10-19 22:00:00,0.9284188747406006
2009-10-20 22:00:00,0.9243853092193604
2009-10-21 22:00:00,0.9272136688232422
2009-10-22 22:00:00,0.9287638664245604
2009-10-23 22:00:00,0.9223390221595764
2009-10-26 22:00:00,0.9160025715827942
2009-10-27 22:00:00,0.9174311757087708
2009-10-28 22:00:00,0.898876428604126
2009-10-29 22:00:00,0.9147457480430604
2009-10-30 22:00:00,0.9009820818901062
2009-11-02 22:00:00,0.9053051471710204
2009-11-03 22:00:00,0.904322624206543
2009-11-04 22:00:00,0.9098353385925292
2009-11-05 22:00:00,0.9104151725769044
2009-11-06 22:00:00,0.9185266494750975
2009-11-09 22:00:00,0.931619107723236
2009-11-10 22:00:00,0.9305788278579712
2009-11-11 22:00:00,0.930405616760254
2009-11-12 22:00:00,0.9250693917274476
2009-11-13 22:00:00,0.9338812828063964
2009-11-16 22:00:00,0.9366803765296936
2009-11-17 22:00:00,0.9312721490859984
2009-11-18 22:00:00,0.9283326864242554
2009-11-19 22:00:00,0.9194557070732116
2009-11-20 22:00:00,0.9150804877281188
2009-11-23 22:00:00,0.9237021803855896
2009-11-24 22:00:00,0.9213193655014038
2009-11-25 22:00:00,0.9296271800994872
2009-11-26 22:00:00,0.9044044613838196
2009-11-27 22:00:00,0.907605767250061
2009-11-30 22:00:00,0.9175995588302612
2009-12-01 22:00:00,0.9255831241607666
2009-12-02 22:00:00,0.9278159141540528
2009-12-03 22:00:00,0.9243853092193604
2009-12-04 22:00:00,0.9153318405151368
2009-12-07 22:00:00,0.9151642918586732
2009-12-08 22:00:00,0.9023642539978028
2009-12-09 22:00:00,0.909587025642395
2009-12-10 22:00:00,0.9164223074913024
2009-12-11 22:00:00,0.9129918813705444
2009-12-14 22:00:00,0.9155831933021544
2009-12-15 22:00:00,0.9061253666877748
2009-12-16 22:00:00,0.8994423747062683
2009-12-17 22:00:00,0.8856611847877502
2009-12-18 22:00:00,0.8908686637878418
2009-12-21 22:00:00,0.8805918097496033
2009-12-22 22:00:00,0.8765010237693787
2009-12-23 22:00:00,0.879817008972168
2009-12-24 22:00:00,0.8845643997192383
2009-12-25 22:00:00,0.8850340843200684
2009-12-28 22:00:00,0.8868393301963806
2009-12-29 22:00:00,0.8937349915504456
2009-12-30 22:00:00,0.8943743705749512
2009-12-31 22:00:00,0.898311197757721
2010-01-01 22:00:00,0.8984725475311279
2010-01-04 22:00:00,0.9124919772148132
2010-01-05 22:00:00,0.9118264317512512
2010-01-06 22:00:00,0.9204712510108948
2010-01-07 22:00:00,0.9177680015563964
2010-01-08 22:00:00,0.9250693917274476
2010-01-11 22:00:00,0.9297136068344116
2010-01-12 22:00:00,0.9204712510108948
2010-01-13 22:00:00,0.9242144227027892
2010-01-14 22:00:00,0.9313588738441468
2010-01-15 22:00:00,0.9226794838905334
2010-01-18 22:00:00,0.927385687828064
2010-01-19 22:00:00,0.9225943684577942
2010-01-20 22:00:00,0.9114938974380492
2010-01-21 22:00:00,0.904568076133728
2010-01-22 22:00:00,0.9012256860733032
2010-01-25 22:00:00,0.9049773812294006
2010-01-26 22:00:00,0.9001709818840027
2010-01-27 22:00:00,0.8962982892990112
2010-01-28 22:00:00,0.8935751914978027
2010-01-29 22:00:00,0.8843296766281128
2010-02-01 22:00:00,0.8919811248779297
2010-02-02 22:00:00,0.8873114585876465
2010-02-03 22:00:00,0.8822231888771057
2010-02-04 22:00:00,0.8689607381820679
2010-02-05 22:00:00,0.8685833811759949
2010-02-08 22:00:00,0.8634833097457886
2010-02-09 22:00:00,0.8775008320808411
2010-02-10 22:00:00,0.8768084645271301
2010-02-11 22:00:00,0.8902341723442078
2010-02-12 22:00:00,0.889284074306488
2010-02-15 22:00:00,0.889284074306488
2010-02-16 22:00:00,0.9013068675994872
2010-02-17 22:00:00,0.8987148404121399
2010-02-18 22:00:00,0.8896797299385071
2010-02-19 22:00:00,0.900009036064148
2010-02-22 22:00:00,0.9001709818840027
2010-02-23 22:00:00,0.8927774429321289
2010-02-24 22:00:00,0.8943743705749512
2010-02-25 22:00:00,0.8865247964859009
2010-02-26 22:00:00,0.8958967924118042
2010-03-01 22:00:00,0.9004952907562256
2010-03-02 22:00:00,0.9049773812294006
2010-03-03 22:00:00,0.9052231907844543
2010-03-04 22:00:00,0.8997660279273987
2010-03-05 22:00:00,0.9079353213310242
2010-03-08 22:00:00,0.9083476662635804
2010-03-09 22:00:00,0.9154156446456908
2010-03-10 22:00:00,0.913909673690796
2010-03-11 22:00:00,0.9155831933021544
2010-03-12 22:00:00,0.9149130582809448
2010-03-15 22:00:00,0.9136592745780944
2010-03-16 22:00:00,0.9190332293510436
2010-03-17 22:00:00,0.9235315322875975
2010-03-18 22:00:00,0.9212344288825988
2010-03-19 22:00:00,0.9161703586578368
2010-03-22 22:00:00,0.9185266494750975
2010-03-23 22:00:00,0.9179364442825316
2010-03-24 22:00:00,0.911909520626068
2010-03-25 22:00:00,0.908595323562622
2010-03-26 22:00:00,0.9044044613838196
2010-03-29 22:00:00,0.9167582988739014
2010-03-30 22:00:00,0.9186110496520996
2010-03-31 22:00:00,0.9155831933021544
2010-04-01 22:00:00,0.920640766620636
2010-04-02 22:00:00,0.9196248054504396
2010-04-05 22:00:00,0.9208951592445374
2010-04-06 22:00:00,0.9278159141540528
2010-04-07 22:00:00,0.9272136688232422
2010-04-08 22:00:00,0.9290226101875304
2010-04-09 22:00:00,0.9335324764251708
2010-04-12 22:00:00,0.9266122579574584
2010-04-13 22:00:00,0.9279881119728088
2010-04-14 22:00:00,0.9359790086746216
2010-04-15 22:00:00,0.9339683651924132
2010-04-16 22:00:00,0.9242998361587524
2010-04-19 22:00:00,0.9254117608070374
2010-04-20 22:00:00,0.9313588738441468
2010-04-21 22:00:00,0.9275577664375304
2010-04-22 22:00:00,0.9257545471191406
2010-04-23 22:00:00,0.9279019832611084
2010-04-26 22:00:00,0.9278159141540528
2010-04-27 22:00:00,0.9165903329849244
2010-04-28 22:00:00,0.9246416687965392
2010-04-29 22:00:00,0.9308386445045472
2010-04-30 22:00:00,0.9248127341270448
2010-05-03 22:00:00,0.9268699884414672
2010-05-04 22:00:00,0.909587025642395
2010-05-05 22:00:00,0.9067827463150024
2010-05-06 22:00:00,0.8866034150123596
2010-05-07 22:00:00,0.8880206346511841
2010-05-10 22:00:00,0.9025270342826844
2010-05-11 22:00:00,0.8946143984794617
2010-05-12 22:00:00,0.8951749801635742
2010-05-13 22:00:00,0.895495593547821
2010-05-14 22:00:00,0.8861320614814758
2010-05-17 22:00:00,0.8775008320808411
2010-05-18 22:00:00,0.8617717623710632
2010-05-19 22:00:00,0.8476731181144714
2010-05-20 22:00:00,0.8134048581123352
2010-05-21 22:00:00,0.8327782154083252
2010-05-24 22:00:00,0.8248103260993958
2010-05-25 22:00:00,0.8279516100883484
2010-05-26 22:00:00,0.8258320689201355
2010-05-27 22:00:00,0.8470268845558167
2010-05-28 22:00:00,0.847385823726654
2010-05-31 22:00:00,0.8465966582298279
2010-06-01 22:00:00,0.8331944942474365
2010-06-02 22:00:00,0.8418217301368713
2010-06-03 22:00:00,0.8433836102485657
2010-06-04 22:00:00,0.8241984844207764
2010-06-07 22:00:00,0.8114906549453735
2010-06-08 22:00:00,0.8261731863021851
2010-06-09 22:00:00,0.8296689987182617
2010-06-10 22:00:00,0.8476012349128723
2010-06-11 22:00:00,0.8507018089294434
2010-06-14 22:00:00,0.8585164546966553
2010-06-15 22:00:00,0.8642295598983765
2010-06-16 22:00:00,0.8634833097457886
2010-06-17 22:00:00,0.8676036596298218
2010-06-18 22:00:00,0.8720676302909851
2010-06-21 22:00:00,0.8767315745353699
2010-06-22 22:00:00,0.8728288412094116
2010-06-23 22:00:00,0.8748906254768372
2010-06-24 22:00:00,0.8676036596298218
2010-06-25 22:00:00,0.8744316101074219
2010-06-28 22:00:00,0.8695652484893799
2010-06-29 22:00:00,0.8499065041542053
2010-06-30 22:00:00,0.8413259983062744
2010-07-01 22:00:00,0.8470268845558167
2010-07-02 22:00:00,0.8421052694320679
2010-07-05 22:00:00,0.837520956993103
2010-07-06 22:00:00,0.8509190082550049
2010-07-07 22:00:00,0.8635578751564026
2010-07-08 22:00:00,0.8774238228797913
2010-07-09 22:00:00,0.8781944513320923
2010-07-12 22:00:00,0.8761170506477356
2010-07-13 22:00:00,0.8837825655937195
2010-07-14 22:00:00,0.8816787600517273
2010-07-15 22:00:00,0.8837825655937195
2010-07-16 22:00:00,0.8697165250778198
2010-07-19 22:00:00,0.8677542209625244
2010-07-20 22:00:00,0.8824567198753357
2010-07-21 22:00:00,0.8764241933822632
2010-07-22 22:00:00,0.8943743705749512
2010-07-23 22:00:00,0.8958967924118042
2010-07-26 22:00:00,0.90203857421875
2010-07-27 22:00:00,0.9013068675994872
2010-07-28 22:00:00,0.8926180005073547
2010-07-29 22:00:00,0.9019572138786316
2010-07-30 22:00:00,0.9044044613838196
2010-08-02 22:00:00,0.9128252267837524
2010-08-03 22:00:00,0.9131585955619812
2010-08-04 22:00:00,0.9129085540771484
2010-08-05 22:00:00,0.9165903329849244
2010-08-06 22:00:00,0.9151642918586732
2010-08-09 22:00:00,0.9181893467903136
2010-08-10 22:00:00,0.9160025715827942
2010-08-11 22:00:00,0.9134088158607484
2010-08-12 22:00:00,0.8942144513130188
2010-08-13 22:00:00,0.8975855112075806
2010-08-16 22:00:00,0.8938946723937988
2010-08-17 22:00:00,0.8959770798683167
2010-08-18 22:00:00,0.9053869843482972
2010-08-19 22:00:00,0.898391842842102
2010-08-20 22:00:00,0.8914245367050171
2010-08-23 22:00:00,0.8880206346511841
2010-08-24 22:00:00,0.89007568359375
2010-08-25 22:00:00,0.8835482597351074
2010-08-26 22:00:00,0.8847208619117737
2010-08-27 22:00:00,0.8848774433135986
2010-08-30 22:00:00,0.9026899933815002
2010-08-31 22:00:00,0.8918219804763794
2010-09-01 22:00:00,0.893255889415741
2010-09-02 22:00:00,0.9098353385925292
2010-09-03 22:00:00,0.9100009202957152
2010-09-06 22:00:00,0.9157509207725524
2010-09-07 22:00:00,0.9167582988739014
2010-09-08 22:00:00,0.9105809926986694
2010-09-09 22:00:00,0.918273627758026
2010-09-10 22:00:00,0.9230201244354248
2010-09-13 22:00:00,0.9291952848434448
2010-09-14 22:00:00,0.9337940216064452
2010-09-15 22:00:00,0.9400263428688048
2010-09-16 22:00:00,0.9389671087265016
2010-09-17 22:00:00,0.936154305934906
2010-09-20 22:00:00,0.9376465678215028
2010-09-21 22:00:00,0.9464319944381714
2010-09-22 22:00:00,0.9535616040229796
2010-09-23 22:00:00,0.9530163407325744
2010-09-24 22:00:00,0.9498479962348938
2010-09-27 22:00:00,0.9608917236328124
2010-09-28 22:00:00,0.9599692821502686
2010-09-29 22:00:00,0.967117965221405
2010-09-30 22:00:00,0.9693679809570312
2010-10-01 22:00:00,0.9644131064414978
2010-10-04 22:00:00,0.9717229008674622
2010-10-05 22:00:00,0.9670243859291076
2010-10-06 22:00:00,0.9718172550201416
2010-10-07 22:00:00,0.9764671921730042
2010-10-08 22:00:00,0.982511341571808
2010-10-11 22:00:00,0.9895111918449402
2010-10-12 22:00:00,0.9842519164085388
2010-10-13 22:00:00,0.9866798520088196
2010-10-14 22:00:00,0.9913750290870668
2010-10-15 22:00:00,0.99334454536438
2010-10-18 22:00:00,0.9890217781066896
2010-10-19 22:00:00,0.9896091222763062
2010-10-20 22:00:00,0.970779538154602
2010-10-21 22:00:00,0.9858044385910034
2010-10-22 22:00:00,0.9788566827774048
2010-10-25 22:00:00,0.9836710691452026
2010-10-26 22:00:00,0.9900990128517152
2010-10-27 22:00:00,0.9863878488540648
2010-10-28 22:00:00,0.972762644290924
2010-10-29 22:00:00,0.972762644290924
2010-11-01 22:00:00,0.9866798520088196
2010-11-02 22:00:00,0.9886307716369628
2010-11-03 22:00:00,0.9990009665489196
2010-11-04 22:00:00,1.00393545627594
2010-11-05 22:00:00,1.015702724456787
2010-11-08 22:00:00,1.0164254903793335
2010-11-09 22:00:00,1.010396957397461
2010-11-10 22:00:00,1.0048130750656128
2010-11-11 22:00:00,1.0046011209487915
2010-11-12 22:00:00,0.9964129328727722
2010-11-15 22:00:00,0.9890217781066896
2010-11-16 22:00:00,0.9835742712020874
2010-11-17 22:00:00,0.97599059343338
2010-11-18 22:00:00,0.9817396402359008
2010-11-19 22:00:00,0.9905893802642822
2010-11-22 22:00:00,0.9901970624923706
2010-11-23 22:00:00,0.9865824580192566
2010-11-24 22:00:00,0.9746588468551636
2010-11-25 22:00:00,0.985027551651001
2010-11-26 22:00:00,0.977325975894928
2010-11-29 22:00:00,0.9659969210624696
2010-11-30 22:00:00,0.9607070684432985
2010-12-01 22:00:00,0.959784984588623
2010-12-02 22:00:00,0.966183602809906
2010-12-03 22:00:00,0.9769441485404968
2010-12-06 22:00:00,0.9919650554656982
2010-12-07 22:00:00,0.9886307716369628
2010-12-08 22:00:00,0.9829941987991332
2010-12-09 22:00:00,0.9792401790618896
2010-12-10 22:00:00,0.9843488335609436
2010-12-13 22:00:00,0.9841550588607788
2010-12-14 22:00:00,0.9950248599052428
2010-12-15 22:00:00,0.9974067807197572
2010-12-16 22:00:00,0.9871668219566344
2010-12-17 22:00:00,0.9894132614135742
2010-12-20 22:00:00,0.9881423115730286
2010-12-21 22:00:00,0.992851495742798
2010-12-22 22:00:00,0.9966115355491638
2010-12-23 22:00:00,0.9994003772735596
2010-12-24 22:00:00,1.0042983293533323
2010-12-27 22:00:00,1.000330090522766
2010-12-28 22:00:00,1.005803465843201
2010-12-29 22:00:00,1.0095809698104858
2010-12-30 22:00:00,1.0173975229263306
2010-12-31 22:00:00,1.0157749652862549
2011-01-01 22:00:00,1.02213
2011-01-02 22:00:00,1.01588
2011-01-03 22:00:00,1.00554
2011-01-04 22:00:00,0.99936
2011-01-05 22:00:00,0.99444
2011-01-06 22:00:00,0.9955
2011-01-07 22:00:00,0.9930486679077148
2011-01-08 22:00:00,0.99445
2011-01-09 22:00:00,0.9933
2011-01-10 22:00:00,0.98182
2011-01-11 22:00:00,0.99568
2011-01-12 22:00:00,0.99868
2011-01-13 22:00:00,0.98849
2011-01-14 22:00:00,0.9982032775878906
2011-01-15 22:00:00,0.99042
2011-01-16 22:00:00,0.99297
2011-01-17 22:00:00,0.99846
2011-01-18 22:00:00,0.99761
2011-01-19 22:00:00,0.98636
2011-01-20 22:00:00,0.98909
2011-01-21 22:00:00,0.9859015941619872
2011-01-22 22:00:00,0.98849
2011-01-23 22:00:00,0.99695
2011-01-24 22:00:00,0.996
2011-01-25 22:00:00,0.99774
2011-01-26 22:00:00,0.99111
2011-01-27 22:00:00,0.99387
2011-01-28 22:00:00,0.9900990128517152
2011-01-29 22:00:00,0.98883
2011-01-30 22:00:00,0.99645
2011-01-31 22:00:00,1.01052
2011-02-01 22:00:00,1.00936
2011-02-02 22:00:00,1.01508
2011-02-03 22:00:00,1.01366
2011-02-04 22:00:00,1.0146104097366333
2011-02-05 22:00:00,1.01353
2011-02-06 22:00:00,1.01319
2011-02-07 22:00:00,1.01413
2011-02-08 22:00:00,1.01104
2011-02-09 22:00:00,1.00053
2011-02-10 22:00:00,1.00181
2011-02-11 22:00:00,1.0014019012451172
2011-02-12 22:00:00,1.00072
2011-02-13 22:00:00,1.0028
2011-02-14 22:00:00,0.99665
2011-02-15 22:00:00,1.00221
2011-02-16 22:00:00,1.01083
2011-02-17 22:00:00,1.01442
2011-02-18 22:00:00,1.0121968984603882
2011-02-19 22:00:00,1.01417
2011-02-20 22:00:00,1.00805
2011-02-21 22:00:00,0.99892
2011-02-22 22:00:00,1.00339
2011-02-23 22:00:00,1.00986
2011-02-24 22:00:00,1.01739
2011-02-25 22:00:00,1.0108054876327517
2011-02-26 22:00:00,1.01526
2011-02-27 22:00:00,1.01821
2011-02-28 22:00:00,1.01279
2011-03-01 22:00:00,1.01611
2011-03-02 22:00:00,1.0124
2011-03-03 22:00:00,1.01376
2011-03-04 22:00:00,1.0128017663955688
2011-03-05 22:00:00,1.01539
2011-03-06 22:00:00,1.01177
2011-03-07 22:00:00,1.00967
2011-03-08 22:00:00,1.01041
2011-03-09 22:00:00,1.00154
2011-03-10 22:00:00,1.01355
2011-03-11 22:00:00,1.0019036531448364
2011-03-12 22:00:00,1.00994
2011-03-13 21:00:00,1.01016
2011-03-14 21:00:00,0.98919
2011-03-14 22:00:00,1.0101009607315063
2011-03-15 21:00:00,0.97867
2011-03-15 22:00:00,1.0088882446289062
2011-03-16 21:00:00,0.97859
2011-03-16 22:00:00,0.9940357208251952
2011-03-17 21:00:00,0.99561
2011-03-17 22:00:00,0.9797198176383972
2011-03-18 22:00:00,0.9841550588607788
2011-03-19 21:00:00,0.99554
2011-03-20 21:00:00,1.0063
2011-03-21 21:00:00,1.01081
2011-03-21 22:00:00,0.9974067807197572
2011-03-22 21:00:00,1.01309
2011-03-22 22:00:00,1.0058844089508057
2011-03-23 21:00:00,1.0208
2011-03-23 22:00:00,1.0091021060943604
2011-03-24 21:00:00,1.02588
2011-03-24 22:00:00,1.0132944583892822
2011-03-25 22:00:00,1.02020001411438
2011-03-26 21:00:00,1.02453
2011-03-27 21:00:00,1.02429
2011-03-28 21:00:00,1.0286
2011-03-28 22:00:00,1.024233341217041
2011-03-29 21:00:00,1.03195
2011-03-29 22:00:00,1.02421236038208
2011-03-30 21:00:00,1.03306
2011-03-30 22:00:00,1.029198408126831
2011-03-31 21:00:00,1.03839
2011-03-31 22:00:00,1.0319172143936155
2011-04-01 22:00:00,1.03339946269989
2011-04-02 21:00:00,1.03863
2011-04-03 21:00:00,1.03636
2011-04-04 21:00:00,1.03212
2011-04-04 22:00:00,1.039501070976257
2011-04-05 21:00:00,1.0436
2011-04-05 22:00:00,1.0363982915878296
2011-04-06 21:00:00,1.04663
2011-04-06 22:00:00,1.0319066047668457
2011-04-07 21:00:00,1.05657
2011-04-07 22:00:00,1.0435363054275513
2011-04-08 22:00:00,1.046101689338684
2011-04-09 21:00:00,1.05552
2011-04-10 21:00:00,1.04928
2011-04-11 21:00:00,1.04423
2011-04-11 22:00:00,1.056602120399475
2011-04-12 21:00:00,1.04985
2011-04-12 22:00:00,1.0504974126815796
2011-04-13 21:00:00,1.05382
2011-04-13 22:00:00,1.0451068878173828
2011-04-14 21:00:00,1.05643
2011-04-14 22:00:00,1.0498026609420776
2011-04-16 21:00:00,1.05504
2011-04-17 21:00:00,1.04982
2011-04-18 21:00:00,1.05245
2011-04-18 22:00:00,1.0562005043029783
2011-04-19 21:00:00,1.06976
2011-04-19 22:00:00,1.0487017631530762
2011-04-20 21:00:00,1.07477
2011-04-20 22:00:00,1.0535964965820312
2011-04-21 21:00:00,1.07284
2011-04-21 22:00:00,1.0681250095367432
2011-04-22 22:00:00,1.0748989582061768
2011-04-23 21:00:00,1.07588
2011-04-24 21:00:00,1.07246
2011-04-25 21:00:00,1.07894
2011-04-25 22:00:00,1.07598614692688
2011-04-26 21:00:00,1.08544
2011-04-26 22:00:00,1.0726046562194824
2011-04-27 21:00:00,1.09278
2011-04-27 22:00:00,1.0794240236282349
2011-04-28 21:00:00,1.09705
2011-04-28 22:00:00,1.0855170488357544
2011-04-29 22:00:00,1.093900442123413
2011-04-30 21:00:00,1.09719
2011-05-01 21:00:00,1.09388
2011-05-02 21:00:00,1.08334
2011-05-02 22:00:00,1.0960345268249512
2011-05-03 21:00:00,1.07274
2011-05-03 22:00:00,1.0950024127960205
2011-05-04 21:00:00,1.06012
2011-05-04 22:00:00,1.085399150848389
2011-05-05 21:00:00,1.06982
2011-05-05 22:00:00,1.075002908706665
2011-05-06 22:00:00,1.060602784156799
2011-05-07 21:00:00,1.07096
2011-05-08 21:00:00,1.07852
2011-05-09 21:00:00,1.08426
2011-05-09 22:00:00,1.071593165397644
2011-05-10 21:00:00,1.07036
2011-05-10 22:00:00,1.080100178718567
2011-05-11 21:00:00,1.0666
2011-05-11 22:00:00,1.0847986936569214
2011-05-12 21:00:00,1.05694
2011-05-12 22:00:00,1.0712946653366089
2011-05-13 22:00:00,1.0666552782058716
2011-05-14 21:00:00,1.05683
2011-05-15 21:00:00,1.05735
2011-05-16 21:00:00,1.0624
2011-05-16 22:00:00,1.0557209253311155
2011-05-17 21:00:00,1.06315
2011-05-17 22:00:00,1.0573842525482178
2011-05-18 21:00:00,1.06641
2011-05-18 22:00:00,1.0636035203933716
2011-05-19 21:00:00,1.06584
2011-05-19 22:00:00,1.0630042552947998
2011-05-20 22:00:00,1.066996693611145
2011-05-21 21:00:00,1.06458
2011-05-22 21:00:00,1.05108
2011-05-23 21:00:00,1.05549
2011-05-23 22:00:00,1.0628347396850586
2011-05-24 21:00:00,1.05251
2011-05-24 22:00:00,1.0505526065826416
2011-05-25 21:00:00,1.06323
2011-05-25 22:00:00,1.0558992624282837
2011-05-26 21:00:00,1.06698
2011-05-26 22:00:00,1.0536963939666748
2011-05-27 22:00:00,1.0625749826431274
2011-05-28 21:00:00,1.07156
2011-05-29 21:00:00,1.06873
2011-05-30 21:00:00,1.0657
2011-05-30 22:00:00,1.0706982612609863
2011-05-31 21:00:00,1.06135
2011-05-31 22:00:00,1.070297122001648
2011-06-01 21:00:00,1.06725
2011-06-01 22:00:00,1.0682048797607422
2011-06-02 21:00:00,1.0714
2011-06-02 22:00:00,1.0634112358093262
2011-06-03 22:00:00,1.0670992136001587
2011-06-04 21:00:00,1.07315
2011-06-05 21:00:00,1.07272
2011-06-06 21:00:00,1.0717
2011-06-06 22:00:00,1.075002908706665
2011-06-07 21:00:00,1.0628
2011-06-07 22:00:00,1.072995901107788
2011-06-08 21:00:00,1.06266
2011-06-08 22:00:00,1.0720986127853394
2011-06-09 21:00:00,1.05361
2011-06-09 22:00:00,1.064407229423523
2011-06-10 22:00:00,1.062699317932129
2011-06-11 21:00:00,1.05262
2011-06-12 21:00:00,1.06107
2011-06-13 21:00:00,1.06798
2011-06-13 22:00:00,1.0538963079452517
2011-06-14 21:00:00,1.05593
2011-06-14 22:00:00,1.0607041120529177
2011-06-15 21:00:00,1.05622
2011-06-15 22:00:00,1.069415807723999
2011-06-16 21:00:00,1.06217
2011-06-16 22:00:00,1.0575966835021973
2011-06-17 22:00:00,1.0562005043029783
2011-06-18 21:00:00,1.05982
2011-06-19 21:00:00,1.05779
2011-06-20 21:00:00,1.05922
2011-06-20 22:00:00,1.0603779554367063
2011-06-21 21:00:00,1.05691
2011-06-21 22:00:00,1.0595015287399292
2011-06-22 21:00:00,1.05344
2011-06-22 22:00:00,1.059703707695007
2011-06-23 21:00:00,1.04885
2011-06-23 22:00:00,1.055297613143921
2011-06-24 22:00:00,1.0535964965820312
2011-06-25 21:00:00,1.04842
2011-06-26 21:00:00,1.04527
2011-06-27 21:00:00,1.05363
2011-06-27 22:00:00,1.0472848415374756
2011-06-28 21:00:00,1.06722
2011-06-28 22:00:00,1.0460032224655151
2011-06-29 21:00:00,1.0708
2011-06-29 22:00:00,1.0536963939666748
2011-06-30 21:00:00,1.0769
2011-06-30 22:00:00,1.0692671537399292
2011-07-01 22:00:00,1.071799874305725
2011-07-02 21:00:00,1.07699
2011-07-03 21:00:00,1.07432
2011-07-04 21:00:00,1.06839
2011-07-04 22:00:00,1.0777952671051023
2011-07-05 21:00:00,1.06959
2011-07-05 22:00:00,1.07449471950531
2011-07-06 21:00:00,1.07714
2011-07-06 22:00:00,1.0691642761230469
2011-07-07 21:00:00,1.07532
2011-07-07 22:00:00,1.0695987939834597
2011-07-08 22:00:00,1.077296018600464
2011-07-09 21:00:00,1.07168
2011-07-10 21:00:00,1.06573
2011-07-11 21:00:00,1.05904
2011-07-11 22:00:00,1.0722020864486694
2011-07-12 21:00:00,1.07744
2011-07-12 22:00:00,1.0642033815383911
2011-07-13 21:00:00,1.07208
2011-07-13 22:00:00,1.0587948560714722
2011-07-14 21:00:00,1.06228
2011-07-14 22:00:00,1.0777952671051023
2011-07-15 22:00:00,1.072593092918396
2011-07-16 21:00:00,1.06352
2011-07-17 21:00:00,1.06052
2011-07-18 21:00:00,1.07242
2011-07-18 22:00:00,1.064803957939148
2011-07-19 21:00:00,1.07437
2011-07-19 22:00:00,1.061311960220337
2011-07-20 21:00:00,1.08359
2011-07-20 22:00:00,1.0743907690048218
2011-07-21 21:00:00,1.08429
2011-07-21 22:00:00,1.0770175457000732
2011-07-22 22:00:00,1.0837758779525757
2011-07-23 21:00:00,1.08456
2011-07-24 21:00:00,1.08479
2011-07-25 21:00:00,1.09572
2011-07-25 22:00:00,1.0845986604690552
2011-07-26 21:00:00,1.10238
2011-07-26 22:00:00,1.0847046375274658
2011-07-27 21:00:00,1.10071
2011-07-27 22:00:00,1.0959985256195068
2011-07-28 21:00:00,1.09897
2011-07-28 22:00:00,1.10349702835083
2011-07-29 22:00:00,1.100001096725464
2011-07-30 21:00:00,1.0998
2011-07-31 21:00:00,1.09681
2011-08-01 21:00:00,1.07791
2011-08-01 22:00:00,1.1017341613769531
2011-08-02 21:00:00,1.07735
2011-08-02 22:00:00,1.097803235054016
2011-08-03 21:00:00,1.04493
2011-08-03 22:00:00,1.0748873949050903
2011-08-04 21:00:00,1.044
2011-08-04 22:00:00,1.0760903358459473
2011-08-05 22:00:00,1.04290509223938
2011-08-06 21:00:00,1.04108
2011-08-07 21:00:00,1.01922
2011-08-08 21:00:00,1.03898
2011-08-08 22:00:00,1.038303017616272
2011-08-09 21:00:00,1.01575
2011-08-09 22:00:00,1.0129249095916748
2011-08-10 21:00:00,1.0344
2011-08-10 22:00:00,1.0383893251419067
2011-08-11 21:00:00,1.03476
2011-08-11 22:00:00,1.012996792793274
2011-08-12 22:00:00,1.0338268280029297
2011-08-13 21:00:00,1.03664
2011-08-14 21:00:00,1.05096
2011-08-15 21:00:00,1.04687
2011-08-15 22:00:00,1.038303017616272
2011-08-16 21:00:00,1.05372
2011-08-16 22:00:00,1.0487346649169922
2011-08-17 21:00:00,1.03755
2011-08-17 22:00:00,1.0476031303405762
2011-08-18 21:00:00,1.04059
2011-08-18 22:00:00,1.053951859474182
2011-08-19 22:00:00,1.0379257202148438
2011-08-20 21:00:00,1.03857
2011-08-21 21:00:00,1.03952
2011-08-22 21:00:00,1.05275
2011-08-22 22:00:00,1.0384970903396606
2011-08-23 21:00:00,1.04661
2011-08-23 22:00:00,1.0398037433624268
2011-08-24 21:00:00,1.04237
2011-08-24 22:00:00,1.052398920059204
2011-08-25 21:00:00,1.05638
2011-08-25 22:00:00,1.046331524848938
2011-08-26 22:00:00,1.0441792011260986
2011-08-27 21:00:00,1.05747
2011-08-28 21:00:00,1.06696
2011-08-29 21:00:00,1.06727
2011-08-29 22:00:00,1.0579659938812256
2011-08-30 21:00:00,1.0687
2011-08-30 22:00:00,1.0679539442062378
2011-08-31 21:00:00,1.07227
2011-08-31 22:00:00,1.0676004886627195
2011-09-01 21:00:00,1.06418
2011-09-01 22:00:00,1.0689127445220947
2011-09-02 22:00:00,1.0723055601119995
2011-09-03 21:00:00,1.05988
2011-09-04 21:00:00,1.05482
2011-09-05 21:00:00,1.04923
2011-09-05 22:00:00,1.060985445976257
2011-09-06 21:00:00,1.06537
2011-09-06 22:00:00,1.051513671875
2011-09-07 21:00:00,1.05804
2011-09-07 22:00:00,1.0491968393325806
2011-09-08 21:00:00,1.04691
2011-09-08 22:00:00,1.0650761127471924
2011-09-09 22:00:00,1.0607378482818604
2011-09-10 21:00:00,1.04126
2011-09-11 21:00:00,1.0351
2011-09-12 21:00:00,1.03123
2011-09-12 22:00:00,1.0442010164260864
2011-09-13 21:00:00,1.02547
2011-09-13 22:00:00,1.0351645946502686
2011-09-14 21:00:00,1.03332
2011-09-14 22:00:00,1.0319278240203855
2011-09-15 21:00:00,1.03593
2011-09-15 22:00:00,1.0276963710784912
2011-09-16 22:00:00,1.0325992107391355
2011-09-17 21:00:00,1.02889
2011-09-18 21:00:00,1.02109
2011-09-19 21:00:00,1.02651
2011-09-19 22:00:00,1.0312999486923218
2011-09-20 21:00:00,1.00523
2011-09-20 22:00:00,1.0151047706604004
2011-09-21 21:00:00,0.97459
2011-09-21 22:00:00,1.0251994132995603
2011-09-22 21:00:00,0.97798
2011-09-22 22:00:00,1.006198167800903
2011-09-23 22:00:00,0.9765624403953552
2011-09-24 21:00:00,0.97849
2011-09-25 21:00:00,0.98366
2011-09-26 21:00:00,0.99055
2011-09-26 22:00:00,0.982607901096344
2011-09-27 21:00:00,0.97501
2011-09-27 22:00:00,0.9821252822875975
2011-09-28 21:00:00,0.97695
2011-09-28 22:00:00,0.9904912114143372
2011-09-29 21:00:00,0.96597
2011-09-29 22:00:00,0.9747538566589355
2011-09-30 22:00:00,0.9764671921730042
2011-10-01 21:00:00,0.96713
2011-10-02 21:00:00,0.95306
2011-10-03 21:00:00,0.95482
2011-10-03 22:00:00,0.9676794409751892
2011-10-04 21:00:00,0.96559
2011-10-04 22:00:00,0.9524716138839722
2011-10-05 21:00:00,0.97322
2011-10-05 22:00:00,0.9556575417518616
2011-10-06 21:00:00,0.97656
2011-10-06 22:00:00,0.9640412926673888
2011-10-07 22:00:00,0.9741841554641724
2011-10-08 21:00:00,0.97596
2011-10-09 21:00:00,0.99945
2011-10-10 21:00:00,0.99597
2011-10-10 22:00:00,0.9767532348632812
2011-10-11 21:00:00,1.0134
2011-10-11 22:00:00,0.9984025359153748
2011-10-12 21:00:00,1.01863
2011-10-12 22:00:00,0.9956192374229432
2011-10-13 21:00:00,1.03365
2011-10-13 22:00:00,1.015960693359375
2011-10-14 22:00:00,1.0154036283493042
2011-10-15 21:00:00,1.03233
2011-10-16 21:00:00,1.01655
2011-10-17 21:00:00,1.02618
2011-10-17 22:00:00,1.0342117547988892
2011-10-18 21:00:00,1.02305
2011-10-18 22:00:00,1.0170042514801023
2011-10-19 21:00:00,1.02278
2011-10-19 22:00:00,1.0253045558929443
2011-10-20 21:00:00,1.03694
2011-10-20 22:00:00,1.0238558053970337
2011-10-21 22:00:00,1.0230493545532229
2011-10-22 21:00:00,1.03297
2011-10-23 21:00:00,1.04679
2011-10-24 21:00:00,1.043
2011-10-24 22:00:00,1.031991720199585
2011-10-25 21:00:00,1.0396
2011-10-25 22:00:00,1.046725869178772
2011-10-26 21:00:00,1.07139
2011-10-26 22:00:00,1.042872428894043
2011-10-27 21:00:00,1.06962
2011-10-27 22:00:00,1.0399010181427002
2011-10-28 22:00:00,1.0697017908096311
2011-10-30 21:00:00,1.05411
2011-10-31 21:00:00,1.03265
2011-10-31 22:00:00,1.0673953294754028
2011-11-01 21:00:00,1.03363
2011-11-01 22:00:00,1.0545074939727783
2011-11-02 21:00:00,1.03975
2011-11-02 22:00:00,1.0307046175003052
2011-11-03 21:00:00,1.03674
2011-11-03 22:00:00,1.0253045558929443
2011-11-04 22:00:00,1.0418511629104614
2011-11-06 22:00:00,1.03761
2011-11-07 22:00:00,1.03914
2011-11-08 22:00:00,1.01383
2011-11-09 22:00:00,1.01443
2011-11-10 22:00:00,1.02646
2011-11-11 22:00:00,1.0152902603149414
2011-11-13 22:00:00,1.02004
2011-11-14 22:00:00,1.01682
2011-11-15 22:00:00,1.00716
2011-11-16 22:00:00,1.00004
2011-11-17 22:00:00,1.00051
2011-11-18 22:00:00,0.9984025359153748
2011-11-19 22:00:00,0.99974
2011-11-20 22:00:00,0.98329
2011-11-21 22:00:00,0.98438
2011-11-22 22:00:00,0.96837
2011-11-23 22:00:00,0.97215
2011-11-24 22:00:00,0.97077
2011-11-25 22:00:00,0.9708738327026368
2011-11-26 22:00:00,0.9799
2011-11-27 22:00:00,0.98993
2011-11-28 22:00:00,1.00381
2011-11-29 22:00:00,1.02672
2011-11-30 22:00:00,1.02153
2011-12-01 22:00:00,1.02121
2011-12-02 22:00:00,1.0222963094711304
2011-12-03 22:00:00,1.02312
2011-12-04 22:00:00,1.02616
2011-12-05 22:00:00,1.02377
2011-12-06 22:00:00,1.0287
2011-12-07 22:00:00,1.0161
2011-12-08 22:00:00,1.02107
2011-12-09 22:00:00,1.017822027206421
2011-12-10 22:00:00,1.01879
2011-12-11 22:00:00,1.00588
2011-12-12 22:00:00,1.00038
2011-12-13 22:00:00,0.98982
2011-12-14 22:00:00,0.99286
2011-12-15 22:00:00,0.99785
2011-12-16 22:00:00,0.9938382506370544
2011-12-17 22:00:00,0.99658
2011-12-18 22:00:00,0.98951
2011-12-19 22:00:00,1.00664
2011-12-20 22:00:00,1.00866
2011-12-21 22:00:00,1.0127
2011-12-22 22:00:00,1.01326
2011-12-23 22:00:00,1.0133970975875854
2011-12-25 22:00:00,1.01632
2011-12-26 22:00:00,1.01448
2011-12-27 22:00:00,1.0083
2011-12-28 22:00:00,1.01332
2011-12-29 22:00:00,1.01807
2011-12-30 22:00:00,1.014095902442932
2012-01-01 22:00:00,1.02409
2012-01-02 22:00:00,1.03634
2012-01-03 22:00:00,1.03529
2012-01-04 22:00:00,1.02524
2012-01-05 22:00:00,1.02241
2012-01-06 22:00:00,1.0257041454315186
2012-01-07 22:00:00,1.0202
2012-01-08 22:00:00,1.02384
2012-01-09 22:00:00,1.03061
2012-01-10 22:00:00,1.03019
2012-01-11 22:00:00,1.03301
2012-01-12 22:00:00,1.03188
2012-01-13 22:00:00,1.033666491508484
2012-01-14 22:00:00,1.02934
2012-01-15 22:00:00,1.03032
2012-01-16 22:00:00,1.03726
2012-01-17 22:00:00,1.04152
2012-01-18 22:00:00,1.04171
2012-01-19 22:00:00,1.04837
2012-01-20 22:00:00,1.041590690612793
2012-01-21 22:00:00,1.04698
2012-01-22 22:00:00,1.05221
2012-01-23 22:00:00,1.04825
2012-01-24 22:00:00,1.05897
2012-01-25 22:00:00,1.06237
2012-01-26 22:00:00,1.06569
2012-01-27 22:00:00,1.061582326889038
2012-01-28 22:00:00,1.06322
2012-01-29 22:00:00,1.05916
2012-01-30 22:00:00,1.0626
2012-01-31 22:00:00,1.07099
2012-02-01 22:00:00,1.07038
2012-02-02 22:00:00,1.07681
2012-02-03 22:00:00,1.0705033540725708
2012-02-04 22:00:00,1.07602
2012-02-05 22:00:00,1.07175
2012-02-06 22:00:00,1.08037
2012-02-07 22:00:00,1.07859
2012-02-08 22:00:00,1.07861
2012-02-09 22:00:00,1.06724
2012-02-10 22:00:00,1.0769131183624268
2012-02-11 22:00:00,1.07068
2012-02-12 22:00:00,1.07195
2012-02-13 22:00:00,1.06875
2012-02-14 22:00:00,1.06891
2012-02-15 22:00:00,1.07477
2012-02-16 22:00:00,1.07049
2012-02-17 22:00:00,1.0750607252120972
2012-02-18 22:00:00,1.07719
2012-02-19 22:00:00,1.07336
2012-02-20 22:00:00,1.06454
2012-02-21 22:00:00,1.06276
2012-02-22 22:00:00,1.07344
2012-02-23 22:00:00,1.06922
2012-02-24 22:00:00,1.0728002786636353
2012-02-25 22:00:00,1.07115
2012-02-26 22:00:00,1.07471
2012-02-27 22:00:00,1.07702
2012-02-28 22:00:00,1.07334
2012-02-29 22:00:00,1.08077
2012-03-01 22:00:00,1.07311
2012-03-02 22:00:00,1.080777287483215
2012-03-03 22:00:00,1.07268
2012-03-04 22:00:00,1.06667
2012-03-05 22:00:00,1.05453
2012-03-06 22:00:00,1.0579
2012-03-07 22:00:00,1.06447
2012-03-08 22:00:00,1.05757
2012-03-09 22:00:00,1.0644639730453491
2012-03-10 22:00:00,1.0569
2012-03-11 21:00:00,1.05196
2012-03-12 21:00:00,1.05512
2012-03-12 22:00:00,1.0563342571258545
2012-03-13 21:00:00,1.04416
2012-03-13 22:00:00,1.0532968044281006
2012-03-14 21:00:00,1.0516
2012-03-14 22:00:00,1.0542962551116943
2012-03-15 21:00:00,1.05886
2012-03-15 22:00:00,1.0440047979354858
2012-03-16 22:00:00,1.0521000623703003
2012-03-17 21:00:00,1.06032
2012-03-18 21:00:00,1.06117
2012-03-19 21:00:00,1.04756
2012-03-19 22:00:00,1.0601980686187744
2012-03-20 21:00:00,1.04492
2012-03-20 22:00:00,1.059984564781189
2012-03-21 21:00:00,1.03933
2012-03-21 22:00:00,1.0485148429870603
2012-03-22 21:00:00,1.04671
2012-03-22 22:00:00,1.0459047555923462
2012-03-23 22:00:00,1.040149807929993
2012-03-24 21:00:00,1.04661
2012-03-25 21:00:00,1.05407
2012-03-26 21:00:00,1.04541
2012-03-26 22:00:00,1.048866629600525
2012-03-27 21:00:00,1.0389
2012-03-27 22:00:00,1.052698016166687
2012-03-28 21:00:00,1.0377
2012-03-28 22:00:00,1.0443209409713743
2012-03-29 21:00:00,1.0352
2012-03-29 22:00:00,1.039198637008667
2012-03-30 22:00:00,1.0374951362609863
2012-03-31 21:00:00,1.04463
2012-04-01 21:00:00,1.04081
2012-04-02 21:00:00,1.03289
2012-04-02 22:00:00,1.0426006317138672
2012-04-03 21:00:00,1.02634
2012-04-03 22:00:00,1.0429269075393677
2012-04-04 21:00:00,1.03034
2012-04-04 22:00:00,1.030980944633484
2012-04-05 21:00:00,1.03004
2012-04-05 22:00:00,1.0280978679656982
2012-04-06 22:00:00,1.0295162200927734
2012-04-07 21:00:00,1.02962
2012-04-08 21:00:00,1.03089
2012-04-09 21:00:00,1.02542
2012-04-09 22:00:00,1.0287959575653076
2012-04-10 21:00:00,1.03043
2012-04-10 22:00:00,1.0310128927230835
2012-04-11 21:00:00,1.04381
2012-04-11 22:00:00,1.0233948230743408
2012-04-12 21:00:00,1.03712
2012-04-12 22:00:00,1.032002329826355
2012-04-13 22:00:00,1.0438958406448364
2012-04-14 21:00:00,1.03618
2012-04-15 21:00:00,1.03551
2012-04-16 21:00:00,1.03961
2012-04-16 22:00:00,1.0343722105026243
2012-04-17 21:00:00,1.03562
2012-04-17 22:00:00,1.035400390625
2012-04-18 21:00:00,1.03346
2012-04-18 22:00:00,1.040680170059204
2012-04-19 21:00:00,1.03795
2012-04-19 22:00:00,1.0372260808944702
2012-04-20 22:00:00,1.0346397161483765
2012-04-21 21:00:00,1.03733
2012-04-22 21:00:00,1.0316
2012-04-23 21:00:00,1.03219
2012-04-23 22:00:00,1.0384000539779663
2012-04-24 21:00:00,1.03631
2012-04-24 22:00:00,1.0310978889465332
2012-04-25 21:00:00,1.0368
2012-04-25 22:00:00,1.03339946269989
2012-04-26 21:00:00,1.04726
2012-04-26 22:00:00,1.0362050533294678
2012-04-27 22:00:00,1.0366991758346558
2012-04-28 21:00:00,1.04589
2012-04-29 21:00:00,1.04275
2012-04-30 21:00:00,1.03324
2012-04-30 22:00:00,1.0456314086914062
2012-05-01 21:00:00,1.03239
2012-05-01 22:00:00,1.0421985387802124
2012-05-02 21:00:00,1.02654
2012-05-02 22:00:00,1.033698558807373
2012-05-03 21:00:00,1.01715
2012-05-03 22:00:00,1.0307791233062744
2012-05-04 22:00:00,1.0267994403839111
2012-05-05 21:00:00,1.01518
2012-05-06 21:00:00,1.02039
2012-05-07 21:00:00,1.01092
2012-05-07 22:00:00,1.0124019384384155
2012-05-08 21:00:00,1.00418
2012-05-08 22:00:00,1.0215651988983154
2012-05-09 21:00:00,1.00574
2012-05-09 22:00:00,1.0102949142456057
2012-05-10 21:00:00,1.00197
2012-05-10 22:00:00,1.0054596662521362
2012-05-11 22:00:00,1.0060261487960815
2012-05-12 21:00:00,1.00105
2012-05-13 21:00:00,0.99566
2012-05-14 21:00:00,0.99375
2012-05-14 22:00:00,1.002466082572937
2012-05-15 21:00:00,0.9912
2012-05-15 22:00:00,0.9974067807197572
2012-05-16 21:00:00,0.98894
2012-05-16 22:00:00,0.9946290850639344
2012-05-17 21:00:00,0.98419
2012-05-17 22:00:00,0.993147313594818
2012-05-18 22:00:00,0.9895111918449402
2012-05-19 21:00:00,0.98442
2012-05-20 21:00:00,0.99129
2012-05-21 21:00:00,0.97941
2012-05-21 22:00:00,0.9838646650314332
2012-05-22 21:00:00,0.9754
2012-05-22 22:00:00,0.9917683601379396
2012-05-23 21:00:00,0.97664
2012-05-23 22:00:00,0.9772304892539978
2012-05-24 21:00:00,0.97571
2012-05-24 22:00:00,0.9728572964668274
2012-05-25 22:00:00,0.9764671921730042
2012-05-26 21:00:00,0.98075
2012-05-27 21:00:00,0.98527
2012-05-28 21:00:00,0.98349
2012-05-28 22:00:00,0.9819324612617492
2012-05-29 21:00:00,0.97112
2012-05-29 22:00:00,0.9821252822875975
2012-05-30 21:00:00,0.97272
2012-05-30 22:00:00,0.9827043414115906
2012-05-31 21:00:00,0.9701
2012-05-31 22:00:00,0.9704968333244324
2012-06-01 22:00:00,0.9721007347106934
2012-06-02 21:00:00,0.97035
2012-06-03 21:00:00,0.97181
2012-06-04 21:00:00,0.97448
2012-06-04 22:00:00,0.9644131064414978
2012-06-05 21:00:00,0.99176
2012-06-05 22:00:00,0.9748489260673524
2012-06-06 21:00:00,0.98921
2012-06-06 22:00:00,0.9776126742362976
2012-06-07 21:00:00,0.99116
2012-06-07 22:00:00,0.9908838868141174
2012-06-08 22:00:00,0.9909821152687072
2012-06-09 21:00:00,0.99884
2012-06-10 21:00:00,0.98556
2012-06-11 21:00:00,0.99531
2012-06-11 22:00:00,0.9986019730567932
2012-06-12 21:00:00,0.99457
2012-06-12 22:00:00,0.987751841545105
2012-06-13 21:00:00,1.00211
2012-06-13 22:00:00,0.995322048664093
2012-06-14 21:00:00,1.00751
2012-06-14 22:00:00,0.994925856590271
2012-06-15 22:00:00,1.0015223026275637
2012-06-16 21:00:00,1.01263
2012-06-17 21:00:00,1.01206
2012-06-18 21:00:00,1.01932
2012-06-18 22:00:00,1.011439323425293
2012-06-19 21:00:00,1.0184
2012-06-19 22:00:00,1.0112961530685425
2012-06-20 21:00:00,1.00526
2012-06-20 22:00:00,1.0181951522827148
2012-06-21 21:00:00,1.00633
2012-06-21 22:00:00,1.019627809524536
2012-06-22 22:00:00,1.0044395923614502
2012-06-23 21:00:00,1.00484
2012-06-24 21:00:00,1.00076
2012-06-25 21:00:00,1.00587
2012-06-25 22:00:00,1.0035022497177124
2012-06-26 21:00:00,1.00812
2012-06-26 22:00:00,1.0014019012451172
2012-06-27 21:00:00,1.00407
2012-06-27 22:00:00,1.0050050020217896
2012-06-28 21:00:00,1.02458
2012-06-28 22:00:00,1.007678508758545
2012-06-29 22:00:00,1.0033713579177856
2012-06-30 21:00:00,1.02599
2012-07-01 21:00:00,1.02552
2012-07-02 21:00:00,1.02816
2012-07-02 22:00:00,1.0239187479019165
2012-07-03 21:00:00,1.02763
2012-07-03 22:00:00,1.0238033533096311
2012-07-04 21:00:00,1.02883
2012-07-04 22:00:00,1.0289971828460691
2012-07-05 21:00:00,1.02094
2012-07-05 22:00:00,1.0268627405166626
2012-07-06 22:00:00,1.0280767679214478
2012-07-07 21:00:00,1.01818
2012-07-08 21:00:00,1.02077
2012-07-09 21:00:00,1.01921
2012-07-09 22:00:00,1.0195966958999634
2012-07-10 21:00:00,1.02533
2012-07-10 22:00:00,1.0206893682479858
2012-07-11 21:00:00,1.01363
2012-07-11 22:00:00,1.0188279151916504
2012-07-12 21:00:00,1.02268
2012-07-12 22:00:00,1.0249682664871216
2012-07-13 22:00:00,1.0136950016021729
2012-07-14 21:00:00,1.02456
2012-07-15 21:00:00,1.02437
2012-07-16 21:00:00,1.03038
2012-07-16 22:00:00,1.023499608039856
2012-07-17 21:00:00,1.03636
2012-07-17 22:00:00,1.024075984954834
2012-07-18 21:00:00,1.04191
2012-07-18 22:00:00,1.0315978527069092
2012-07-19 21:00:00,1.03799
2012-07-19 22:00:00,1.0360976457595823
2012-07-20 22:00:00,1.0424375534057615
2012-07-21 21:00:00,1.0357
2012-07-22 21:00:00,1.02572
2012-07-23 21:00:00,1.02242
2012-07-23 22:00:00,1.0339871644973757
2012-07-24 21:00:00,1.03104
2012-07-24 22:00:00,1.0272952318191528
2012-07-25 21:00:00,1.03961
2012-07-25 22:00:00,1.0215965509414673
2012-07-26 21:00:00,1.04824
2012-07-26 22:00:00,1.0304604768753052
2012-07-27 22:00:00,1.039501070976257
2012-07-28 21:00:00,1.04765
2012-07-29 21:00:00,1.04924
2012-07-30 21:00:00,1.04916
2012-07-30 22:00:00,1.0464081764221191
2012-07-31 21:00:00,1.046
2012-07-31 22:00:00,1.0498688220977783
2012-08-01 21:00:00,1.04584
2012-08-01 22:00:00,1.0485037565231323
2012-08-02 21:00:00,1.05661
2012-08-02 22:00:00,1.0469998121261597
2012-08-03 22:00:00,1.0458828210830688
2012-08-04 21:00:00,1.05757
2012-08-05 21:00:00,1.05644
2012-08-06 21:00:00,1.05574
2012-08-06 22:00:00,1.0558992624282837
2012-08-07 21:00:00,1.05721
2012-08-07 22:00:00,1.0563008785247805
2012-08-08 21:00:00,1.05739
2012-08-08 22:00:00,1.0536963939666748
2012-08-09 21:00:00,1.05769
2012-08-09 22:00:00,1.0557990074157717
2012-08-10 22:00:00,1.0573954582214355
2012-08-11 21:00:00,1.05553
2012-08-12 21:00:00,1.05171
2012-08-13 21:00:00,1.0487
2012-08-13 22:00:00,1.0552864074707031
2012-08-14 21:00:00,1.05013
2012-08-14 22:00:00,1.0514030456542969
2012-08-15 21:00:00,1.0513
2012-08-15 22:00:00,1.0487127304077148
2012-08-16 21:00:00,1.04187
2012-08-16 22:00:00,1.0496042966842651
2012-08-17 22:00:00,1.052398920059204
2012-08-18 21:00:00,1.04305
2012-08-19 21:00:00,1.04427
2012-08-20 21:00:00,1.04854
2012-08-20 22:00:00,1.0437215566635132
2012-08-21 21:00:00,1.05095
2012-08-21 22:00:00,1.0452051162719729
2012-08-22 21:00:00,1.04407
2012-08-22 22:00:00,1.0469011068344116
2012-08-23 21:00:00,1.04033
2012-08-23 22:00:00,1.0509058237075806
2012-08-24 22:00:00,1.0432424545288086
2012-08-25 21:00:00,1.04214
2012-08-26 21:00:00,1.0361
2012-08-27 21:00:00,1.03639
2012-08-27 22:00:00,1.0404852628707886
2012-08-28 21:00:00,1.03447
2012-08-28 22:00:00,1.0366023778915403
2012-08-29 21:00:00,1.02939
2012-08-29 22:00:00,1.0374951362609863
2012-08-30 21:00:00,1.03207
2012-08-30 22:00:00,1.034104824066162
2012-08-31 22:00:00,1.0280978679656982
2012-09-01 21:00:00,1.02953
2012-09-02 21:00:00,1.02433
2012-09-03 21:00:00,1.02247
2012-09-03 22:00:00,1.0278126001358032
2012-09-04 21:00:00,1.01935
2012-09-04 22:00:00,1.024096965789795
2012-09-05 21:00:00,1.02829
2012-09-05 22:00:00,1.0212000608444214
2012-09-06 21:00:00,1.03866
2012-09-06 22:00:00,1.019295334815979
2012-09-07 22:00:00,1.028594970703125
2012-09-08 21:00:00,1.03664
2012-09-09 21:00:00,1.03342
2012-09-10 21:00:00,1.04283
2012-09-10 22:00:00,1.0362157821655271
2012-09-11 21:00:00,1.04627
2012-09-11 22:00:00,1.03339946269989
2012-09-12 21:00:00,1.0545
2012-09-12 22:00:00,1.0430465936660769
2012-09-13 21:00:00,1.05478
2012-09-13 22:00:00,1.046605348587036
2012-09-14 22:00:00,1.053518772125244
2012-09-15 21:00:00,1.05549
2012-09-16 21:00:00,1.04719
2012-09-17 21:00:00,1.04531
2012-09-17 22:00:00,1.0538629293441772
2012-09-18 21:00:00,1.04747
2012-09-18 22:00:00,1.0475921630859375
2012-09-19 21:00:00,1.04294
2012-09-19 22:00:00,1.0455001592636108
2012-09-20 21:00:00,1.04572
2012-09-20 22:00:00,1.047219157218933
2012-09-21 22:00:00,1.043514609336853
2012-09-22 21:00:00,1.04516
2012-09-23 21:00:00,1.0427
2012-09-24 21:00:00,1.03859
2012-09-24 22:00:00,1.043558120727539
2012-09-25 21:00:00,1.03728
2012-09-25 22:00:00,1.042589783668518
2012-09-26 21:00:00,1.04465
2012-09-26 22:00:00,1.0363768339157104
2012-09-27 21:00:00,1.03771
2012-09-27 22:00:00,1.0372798442840576
2012-09-28 22:00:00,1.0437650680541992
2012-09-29 21:00:00,1.03658
2012-09-30 21:00:00,1.03566
2012-10-01 21:00:00,1.02623
2012-10-01 22:00:00,1.0355397462844849
2012-10-02 21:00:00,1.02197
2012-10-02 22:00:00,1.0360976457595823
2012-10-03 21:00:00,1.02448
2012-10-03 22:00:00,1.0259777307510376
2012-10-04 21:00:00,1.01839
2012-10-04 22:00:00,1.0232168436050415
2012-10-05 22:00:00,1.0242648124694824
2012-10-06 21:00:00,1.0167
2012-10-07 21:00:00,1.01922
2012-10-08 21:00:00,1.02085
2012-10-08 22:00:00,1.0170457363128662
2012-10-09 21:00:00,1.02206
2012-10-09 22:00:00,1.0213565826416016
2012-10-10 21:00:00,1.02653
2012-10-10 22:00:00,1.018755316734314
2012-10-11 21:00:00,1.02319
2012-10-11 22:00:00,1.0222022533416748
2012-10-12 22:00:00,1.0255358219146729
2012-10-13 21:00:00,1.02519
2012-10-14 21:00:00,1.02519
2012-10-15 21:00:00,1.03033
2012-10-15 22:00:00,1.02263081073761
2012-10-16 21:00:00,1.0373
2012-10-16 22:00:00,1.0269049406051636
2012-10-17 21:00:00,1.03675
2012-10-17 22:00:00,1.0308959484100342
2012-10-18 21:00:00,1.03256
2012-10-18 22:00:00,1.0379042625427246
2012-10-19 22:00:00,1.0374951362609863
2012-10-20 21:00:00,1.03194
2012-10-21 21:00:00,1.0328
2012-10-22 21:00:00,1.02659
2012-10-22 22:00:00,1.0305771827697754
2012-10-23 21:00:00,1.03485
2012-10-23 22:00:00,1.0336772203445437
2012-10-24 21:00:00,1.03562
2012-10-24 22:00:00,1.0269049406051636
2012-10-25 21:00:00,1.03638
2012-10-25 22:00:00,1.0345969200134275
2012-10-26 22:00:00,1.0351431369781494
2012-10-28 21:00:00,1.03318
2012-10-29 21:00:00,1.03633
2012-10-29 22:00:00,1.035303831100464
2012-10-30 21:00:00,1.0375
2012-10-30 22:00:00,1.033976435661316
2012-10-31 21:00:00,1.03999
2012-10-31 22:00:00,1.0366023778915403
2012-11-01 21:00:00,1.03353
2012-11-01 22:00:00,1.0376026630401611
2012-11-02 21:00:00,1.03335
2012-11-02 22:00:00,1.0413628816604614
2012-11-04 22:00:00,1.03604
2012-11-05 22:00:00,1.04366
2012-11-06 22:00:00,1.04142
2012-11-07 22:00:00,1.04026
2012-11-08 22:00:00,1.0387
2012-11-09 22:00:00,1.03853
2012-11-11 22:00:00,1.04275
2012-11-12 22:00:00,1.04342
2012-11-13 22:00:00,1.03743
2012-11-14 22:00:00,1.03315
2012-11-15 22:00:00,1.03393
2012-11-16 22:00:00,1.0339871644973757
2012-11-17 22:00:00,1.03516
2012-11-18 22:00:00,1.04115
2012-11-19 22:00:00,1.03888
2012-11-20 22:00:00,1.03684
2012-11-21 22:00:00,1.03893
2012-11-22 22:00:00,1.04581
2012-11-23 22:00:00,1.038022756576538
2012-11-25 22:00:00,1.0464
2012-11-26 22:00:00,1.04441
2012-11-27 22:00:00,1.04759
2012-11-28 22:00:00,1.0434
2012-11-29 22:00:00,1.04268
2012-11-30 22:00:00,1.0429377555847168
2012-12-01 22:00:00,1.04248
2012-12-02 22:00:00,1.04205
2012-12-03 22:00:00,1.0471
2012-12-04 22:00:00,1.04555
2012-12-05 22:00:00,1.0485
2012-12-06 22:00:00,1.0485
2012-12-07 22:00:00,1.047394633293152
2012-12-08 22:00:00,1.04879
2012-12-09 22:00:00,1.04875
2012-12-10 22:00:00,1.05275
2012-12-11 22:00:00,1.0554
2012-12-12 22:00:00,1.05275
2012-12-13 22:00:00,1.05654
2012-12-14 22:00:00,1.05317485332489
2012-12-16 22:00:00,1.05504
2012-12-17 22:00:00,1.0534
2012-12-18 22:00:00,1.04808
2012-12-19 22:00:00,1.0482
2012-12-20 22:00:00,1.03961
2012-12-21 22:00:00,1.0396
2012-12-23 22:00:00,1.03575
2012-12-24 22:00:00,1.0396956205368042
2012-12-25 22:00:00,1.03769
2012-12-26 22:00:00,1.03764
2012-12-27 22:00:00,1.03722
2012-12-28 22:00:00,1.0369787216186523
2012-12-30 22:00:00,1.03911
2012-12-31 22:00:00,1.03845
2013-01-01 22:00:00,1.05039
2013-01-02 22:00:00,1.0466
2013-01-03 22:00:00,1.04791
2013-01-04 22:00:00,1.045303463935852
2013-01-06 22:00:00,1.05037
2013-01-07 22:00:00,1.05032
2013-01-08 22:00:00,1.05135
2013-01-09 22:00:00,1.0597
2013-01-10 22:00:00,1.05336
2013-01-11 22:00:00,1.058033108711243
2013-01-13 22:00:00,1.05621
2013-01-14 22:00:00,1.05644
2013-01-15 22:00:00,1.05717
2013-01-16 22:00:00,1.05458
2013-01-17 22:00:00,1.05098
2013-01-18 22:00:00,1.0546075105667114
2013-01-20 22:00:00,1.05156
2013-01-21 22:00:00,1.05652
2013-01-22 22:00:00,1.05544
2013-01-23 22:00:00,1.04509
2013-01-24 22:00:00,1.04234
2013-01-25 22:00:00,1.0446046590805054
2013-01-27 22:00:00,1.04165
2013-01-28 22:00:00,1.04753
2013-01-29 22:00:00,1.04167
2013-01-30 22:00:00,1.04235
2013-01-31 22:00:00,1.04062
2013-02-01 22:00:00,1.0406
2013-02-03 22:00:00,1.04376
2013-02-04 22:00:00,1.03887
2013-02-05 22:00:00,1.0319
2013-02-06 22:00:00,1.02815
2013-02-07 22:00:00,1.0317
2013-02-08 22:00:00,1.0282670259475708
2013-02-10 22:00:00,1.02556
2013-02-11 22:00:00,1.03049
2013-02-12 22:00:00,1.03686
2013-02-13 22:00:00,1.0358
2013-02-14 22:00:00,1.03038
2013-02-15 22:00:00,1.0350574254989624
2013-02-17 22:00:00,1.03053
2013-02-18 22:00:00,1.03555
2013-02-19 22:00:00,1.02558
2013-02-20 22:00:00,1.0245
2013-02-21 22:00:00,1.03208
2013-02-22 22:00:00,1.0294420719146729
2013-02-24 22:00:00,1.02563
2013-02-25 22:00:00,1.02289
2013-02-26 22:00:00,1.0231
2013-02-27 22:00:00,1.02142
2013-02-28 22:00:00,1.02027
2013-03-01 22:00:00,1.02038
2013-03-03 22:00:00,1.01954
2013-03-04 22:00:00,1.02574
2013-03-05 22:00:00,1.02325
2013-03-06 22:00:00,1.02666
2013-03-07 22:00:00,1.02341
2013-03-08 22:00:00,1.0270631313323977
2013-03-10 21:00:00,1.02743
2013-03-11 21:00:00,1.03211
2013-03-11 22:00:00,1.0217949151992798
2013-03-12 21:00:00,1.0298
2013-03-12 22:00:00,1.0278971195220947
2013-03-13 21:00:00,1.03855
2013-03-13 22:00:00,1.0328978300094604
2013-03-14 21:00:00,1.04086
2013-03-14 22:00:00,1.0300040245056152
2013-03-15 22:00:00,1.038022756576538
2013-03-17 21:00:00,1.04016
2013-03-18 21:00:00,1.03692
2013-03-18 22:00:00,1.0353895425796509
2013-03-19 21:00:00,1.03789
2013-03-19 22:00:00,1.0393929481506348
2013-03-20 21:00:00,1.04392
2013-03-20 22:00:00,1.0361191034317017
2013-03-21 21:00:00,1.04429
2013-03-21 22:00:00,1.0378073453903198
2013-03-22 21:00:00,1.04427
2013-03-22 22:00:00,1.0440047979354858
2013-03-24 21:00:00,1.04648
2013-03-25 21:00:00,1.04846
2013-03-25 22:00:00,1.0448774099349976
2013-03-26 21:00:00,1.04431
2013-03-26 22:00:00,1.0462440252304075
2013-03-27 21:00:00,1.04098
2013-03-27 22:00:00,1.0473617315292358
2013-03-28 21:00:00,1.0415
2013-03-28 22:00:00,1.0448665618896484
2013-03-29 22:00:00,1.0418294668197632
2013-03-31 21:00:00,1.0425
2013-04-01 21:00:00,1.04536
2013-04-01 22:00:00,1.0412328243255615
2013-04-02 21:00:00,1.04582
2013-04-02 22:00:00,1.043797731399536
2013-04-03 21:00:00,1.04286
2013-04-03 22:00:00,1.045718789100647
2013-04-04 21:00:00,1.0381
2013-04-04 22:00:00,1.045478343963623
2013-04-05 22:00:00,1.0423941612243652
2013-04-06 21:00:00,1.03687
2013-04-07 21:00:00,1.04146
2013-04-08 21:00:00,1.04884
2013-04-08 22:00:00,1.0351645946502686
2013-04-09 21:00:00,1.05413
2013-04-09 22:00:00,1.042024850845337
2013-04-10 21:00:00,1.05399
2013-04-10 22:00:00,1.04889976978302
2013-04-11 21:00:00,1.05049
2013-04-11 22:00:00,1.05378520488739
2013-04-12 22:00:00,1.0546187162399292
2013-04-13 21:00:00,1.05006
2013-04-14 21:00:00,1.0315
2013-04-15 21:00:00,1.03841
2013-04-15 22:00:00,1.0514030456542969
2013-04-16 21:00:00,1.03083
2013-04-16 22:00:00,1.0338054895401
2013-04-17 21:00:00,1.03043
2013-04-17 22:00:00,1.0384970903396606
2013-04-18 21:00:00,1.02763
2013-04-18 22:00:00,1.030301213264465
2013-04-19 22:00:00,1.0298025608062744
2013-04-20 21:00:00,1.02731
2013-04-21 21:00:00,1.02715
2013-04-22 21:00:00,1.02719
2013-04-22 22:00:00,1.0273902416229248
2013-04-23 21:00:00,1.02793
2013-04-23 22:00:00,1.0265675783157349
2013-04-24 21:00:00,1.02937
2013-04-24 22:00:00,1.0261040925979614
2013-04-25 21:00:00,1.02601
2013-04-25 22:00:00,1.0278971195220947
2013-04-26 22:00:00,1.0293891429901123
2013-04-27 21:00:00,1.02872
2013-04-28 21:00:00,1.03452
2013-04-29 21:00:00,1.03661
2013-04-29 22:00:00,1.0284150838851929
2013-04-30 21:00:00,1.02792
2013-04-30 22:00:00,1.0344042778015137
2013-05-01 21:00:00,1.02477
2013-05-01 22:00:00,1.037075400352478
2013-05-02 21:00:00,1.03101
2013-05-02 22:00:00,1.028573751449585
2013-05-03 22:00:00,1.0255674123764038
2013-05-04 21:00:00,1.03053
2013-05-05 21:00:00,1.02521
2013-05-06 21:00:00,1.01836
2013-05-06 22:00:00,1.0302480459213257
2013-05-07 21:00:00,1.01758
2013-05-07 22:00:00,1.0244851112365725
2013-05-08 21:00:00,1.00907
2013-05-08 22:00:00,1.0178323984146118
2013-05-09 21:00:00,1.00217
2013-05-09 22:00:00,1.0191705226898191
2013-05-10 22:00:00,1.00764799118042
2013-05-11 21:00:00,1.00075
2013-05-12 21:00:00,0.99542
2013-05-13 21:00:00,0.98962
2013-05-13 22:00:00,0.998502254486084
2013-05-14 21:00:00,0.98887
2013-05-14 22:00:00,0.9971083998680116
2013-05-15 21:00:00,0.98204
2013-05-15 22:00:00,0.9908838868141174
2013-05-16 21:00:00,0.97266
2013-05-16 22:00:00,0.989804983139038
2013-05-17 22:00:00,0.982607901096344
2013-05-18 21:00:00,0.97566
2013-05-19 21:00:00,0.98073
2013-05-20 21:00:00,0.98012
2013-05-20 22:00:00,0.9767532348632812
2013-05-21 21:00:00,0.96896
2013-05-21 22:00:00,0.9813542366027832
2013-05-22 21:00:00,0.97396
2013-05-22 22:00:00,0.9819324612617492
2013-05-23 21:00:00,0.96424
2013-05-23 22:00:00,0.9663702845573424
2013-05-24 22:00:00,0.968429148197174
2013-05-25 21:00:00,0.96501
2013-05-26 21:00:00,0.96351
2013-05-27 21:00:00,0.96074
2013-05-27 22:00:00,0.9637624621391296
2013-05-28 21:00:00,0.96336
2013-05-28 22:00:00,0.9629273414611816
2013-05-29 21:00:00,0.96597
2013-05-29 22:00:00,0.9574875831604004
2013-05-30 21:00:00,0.95671
2013-05-30 22:00:00,0.9636695981025696
2013-05-31 22:00:00,0.9669309854507446
2013-06-01 21:00:00,0.96028
2013-06-02 21:00:00,0.97689
2013-06-03 21:00:00,0.96498
2013-06-03 22:00:00,0.9622787237167358
2013-06-04 21:00:00,0.95333
2013-06-04 22:00:00,0.975324273109436
2013-06-05 21:00:00,0.95584
2013-06-05 22:00:00,0.9645061492919922
2013-06-06 21:00:00,0.94941
2013-06-06 22:00:00,0.9514747858047484
2013-06-07 22:00:00,0.9561508893966676
2013-06-08 21:00:00,0.93988
2013-06-09 21:00:00,0.94606
2013-06-10 21:00:00,0.94374
2013-06-10 22:00:00,0.9417969584465028
2013-06-11 21:00:00,0.94748
2013-06-11 22:00:00,0.9458053708076476
2013-06-12 21:00:00,0.96531
2013-06-12 22:00:00,0.9460737705230712
2013-06-13 21:00:00,0.95665
2013-06-13 22:00:00,0.9480469822883606
2013-06-14 22:00:00,0.9637624621391296
2013-06-15 21:00:00,0.95703
2013-06-16 21:00:00,0.95485
2013-06-17 21:00:00,0.94847
2013-06-17 22:00:00,0.9575792551040648
2013-06-18 21:00:00,0.92798
2013-06-18 22:00:00,0.9544716477394104
2013-06-19 21:00:00,0.92052
2013-06-19 22:00:00,0.9485865831375122
2013-06-20 21:00:00,0.92154
2013-06-20 22:00:00,0.9280742406845092
2013-06-21 22:00:00,0.920301914215088
2013-06-22 21:00:00,0.92306
2013-06-23 21:00:00,0.92518
2013-06-24 21:00:00,0.92579
2013-06-24 22:00:00,0.923616886138916
2013-06-25 21:00:00,0.92785
2013-06-25 22:00:00,0.9261832237243652
2013-06-26 21:00:00,0.92836
2013-06-26 22:00:00,0.9263548254966736
2013-06-27 21:00:00,0.91317
2013-06-27 22:00:00,0.9288501143455504
2013-06-28 22:00:00,0.9281604290008544
2013-06-29 21:00:00,0.91305
2013-06-30 21:00:00,0.92344
2013-07-01 21:00:00,0.91459
2013-07-01 22:00:00,0.9129085540771484
2013-07-02 21:00:00,0.90834
2013-07-02 22:00:00,0.9244707822799684
2013-07-03 21:00:00,0.91399
2013-07-03 22:00:00,0.9144947528839112
2013-07-04 21:00:00,0.90514
2013-07-04 22:00:00,0.9092562198638916
2013-07-05 22:00:00,0.9141603708267212
2013-07-06 21:00:00,0.90506
2013-07-07 21:00:00,0.91303
2013-07-08 21:00:00,0.91733
2013-07-08 22:00:00,0.9062075018882751
2013-07-09 21:00:00,0.9221
2013-07-09 22:00:00,0.913993239402771
2013-07-10 21:00:00,0.9176
2013-07-10 22:00:00,0.916506290435791
2013-07-11 21:00:00,0.90416
2013-07-11 22:00:00,0.9275577664375304
2013-07-12 22:00:00,0.9175995588302612
2013-07-13 21:00:00,0.90779
2013-07-14 21:00:00,0.9104
2013-07-15 21:00:00,0.92403
2013-07-15 22:00:00,0.907803475856781
2013-07-16 21:00:00,0.92353
2013-07-16 22:00:00,0.909173548221588
2013-07-17 21:00:00,0.91701
2013-07-17 22:00:00,0.9241290092468262
2013-07-18 21:00:00,0.91707
2013-07-18 22:00:00,0.9231905937194824
2013-07-19 22:00:00,0.918020725250244
2013-07-20 21:00:00,0.91752
2013-07-21 21:00:00,0.92445
2013-07-22 21:00:00,0.92884
2013-07-22 22:00:00,0.9219139218330384
2013-07-23 21:00:00,0.91646
2013-07-23 22:00:00,0.925840139389038
2013-07-24 21:00:00,0.9236
2013-07-24 22:00:00,0.9289363026618958
2013-07-25 21:00:00,0.92595
2013-07-25 22:00:00,0.9129918813705444
2013-07-26 22:00:00,0.9239583015441896
2013-07-27 21:00:00,0.92556
2013-07-28 21:00:00,0.92071
2013-07-29 21:00:00,0.90679
2013-07-29 22:00:00,0.9255831241607666
2013-07-30 21:00:00,0.89408
2013-07-30 22:00:00,0.9194557070732116
2013-07-31 21:00:00,0.89337
2013-07-31 22:00:00,0.9072763323783876
2013-08-01 21:00:00,0.89011
2013-08-01 22:00:00,0.895014762878418
2013-08-02 22:00:00,0.8942144513130188
2013-08-03 21:00:00,0.89097
2013-08-04 21:00:00,0.89318
2013-08-05 21:00:00,0.89799
2013-08-05 22:00:00,0.8905512690544128
2013-08-06 21:00:00,0.89936
2013-08-06 22:00:00,0.8914245367050171
2013-08-07 21:00:00,0.91008
2013-08-07 22:00:00,0.898876428604126
2013-08-08 21:00:00,0.91948
2013-08-08 22:00:00,0.9002520442008972
2013-08-09 22:00:00,0.9107467532157898
2013-08-10 21:00:00,0.91781
2013-08-11 21:00:00,0.91385
2013-08-12 21:00:00,0.90997
2013-08-12 22:00:00,0.9185266494750975
2013-08-13 21:00:00,0.91248
2013-08-13 22:00:00,0.911577045917511
2013-08-14 21:00:00,0.91389
2013-08-14 22:00:00,0.9099181294441224
2013-08-15 21:00:00,0.91825
2013-08-15 22:00:00,0.9144947528839112
2013-08-16 22:00:00,0.9133254289627076
2013-08-17 21:00:00,0.91864
2013-08-18 21:00:00,0.91178
2013-08-19 21:00:00,0.9067
2013-08-19 22:00:00,0.9199631810188292
2013-08-20 21:00:00,0.89761
2013-08-20 22:00:00,0.911577045917511
2013-08-21 21:00:00,0.90135
2013-08-21 22:00:00,0.9062075018882751
2013-08-22 21:00:00,0.90217
2013-08-22 22:00:00,0.8969575762748718
2013-08-23 22:00:00,0.9018758535385132
2013-08-24 21:00:00,0.90255
2013-08-25 21:00:00,0.90277
2013-08-26 21:00:00,0.89768
2013-08-26 22:00:00,0.9028530120849608
2013-08-27 21:00:00,0.89384
2013-08-27 22:00:00,0.9013881087303162
2013-08-28 21:00:00,0.89206
2013-08-28 22:00:00,0.8946143984794617
2013-08-29 21:00:00,0.88953
2013-08-29 22:00:00,0.894694447517395
2013-08-30 22:00:00,0.8926180005073547
2013-08-31 21:00:00,0.89326
2013-09-01 21:00:00,0.89921
2013-09-02 21:00:00,0.90561
2013-09-02 22:00:00,0.8938946723937988
2013-09-03 21:00:00,0.91617
2013-09-03 22:00:00,0.900009036064148
2013-09-04 21:00:00,0.91297
2013-09-04 22:00:00,0.90563303232193
2013-09-05 21:00:00,0.91797
2013-09-05 22:00:00,0.9171788096427916
2013-09-06 22:00:00,0.911909520626068
2013-09-07 21:00:00,0.92001
2013-09-08 21:00:00,0.92269
2013-09-09 21:00:00,0.93101
2013-09-09 22:00:00,0.9196248054504396
2013-09-10 21:00:00,0.93228
2013-09-10 22:00:00,0.9231905937194824
2013-09-11 21:00:00,0.92626
2013-09-11 22:00:00,0.930059552192688
2013-09-12 21:00:00,0.92393
2013-09-12 22:00:00,0.9335324764251708
2013-09-13 22:00:00,0.926268994808197
2013-09-14 21:00:00,0.93473
2013-09-15 21:00:00,0.93189
2013-09-16 21:00:00,0.93554
2013-09-16 22:00:00,0.9323139786720276
2013-09-17 21:00:00,0.94949
2013-09-17 22:00:00,0.9322270750999452
2013-09-18 21:00:00,0.94406
2013-09-18 22:00:00,0.935366153717041
2013-09-19 21:00:00,0.93915
2013-09-19 22:00:00,0.9497578740119934
2013-09-20 22:00:00,0.9445546865463256
2013-09-21 21:00:00,0.93741
2013-09-22 21:00:00,0.9424
2013-09-23 21:00:00,0.93859
2013-09-23 22:00:00,0.9402031302452089
2013-09-24 21:00:00,0.93607
2013-09-24 22:00:00,0.9423294067382812
2013-09-25 21:00:00,0.93639
2013-09-25 22:00:00,0.9384384155273438
2013-09-26 21:00:00,0.93134
2013-09-26 22:00:00,0.9365926384925842
2013-09-27 22:00:00,0.9359790086746216
2013-09-28 21:00:00,0.93061
2013-09-29 21:00:00,0.93225
2013-09-30 21:00:00,0.93946
2013-09-30 22:00:00,0.930146098136902
2013-10-01 21:00:00,0.93855
2013-10-01 22:00:00,0.93205326795578
2013-10-02 21:00:00,0.9393
2013-10-02 22:00:00,0.9391434788703918
2013-10-03 21:00:00,0.94315
2013-10-03 22:00:00,0.9387027025222778
2013-10-04 22:00:00,0.9402031302452089
2013-10-05 21:00:00,0.94313
2013-10-06 21:00:00,0.94246
2013-10-07 21:00:00,0.94195
2013-10-07 22:00:00,0.9442870616912842
2013-10-08 21:00:00,0.94475
2013-10-09 21:00:00,0.94618
2013-10-09 22:00:00,0.944822371006012
2013-10-10 21:00:00,0.94655
2013-10-10 22:00:00,0.945000946521759
2013-10-11 22:00:00,0.9455639123916626
2013-10-12 21:00:00,0.94311
2013-10-13 21:00:00,0.94916
2013-10-14 21:00:00,0.95309
2013-10-14 22:00:00,0.9447330832481384
2013-10-15 21:00:00,0.95583
2013-10-15 22:00:00,0.951203227043152
2013-10-16 21:00:00,0.96264
2013-10-16 22:00:00,0.9537435173988342
2013-10-17 21:00:00,0.96748
2013-10-17 22:00:00,0.9543806314468384
2013-10-18 22:00:00,0.9617233872413636
2013-10-19 21:00:00,0.9664
2013-10-20 21:00:00,0.96514
2013-10-21 21:00:00,0.97068
2013-10-21 22:00:00,0.9660902619361876
2013-10-22 21:00:00,0.96143
2013-10-22 22:00:00,0.9653441309928894
2013-10-23 21:00:00,0.96151
2013-10-23 22:00:00,0.9701203107833862
2013-10-24 21:00:00,0.95762
2013-10-24 22:00:00,0.9641342163085938
2013-10-25 22:00:00,0.9621860980987548
2013-10-27 21:00:00,0.9573
2013-10-28 21:00:00,0.94796
2013-10-28 22:00:00,0.9599692821502686
2013-10-29 21:00:00,0.94823
2013-10-29 22:00:00,0.954562783241272
2013-10-30 21:00:00,0.94545
2013-10-30 22:00:00,0.9478673338890076
2013-10-31 21:00:00,0.94362
2013-10-31 22:00:00,0.9470324516296388
2013-11-01 22:00:00,0.9462528228759766
2013-11-03 22:00:00,0.9514
2013-11-04 22:00:00,0.94949
2013-11-05 22:00:00,0.9531
2013-11-06 22:00:00,0.9446
2013-11-07 22:00:00,0.93812
2013-11-08 22:00:00,0.93842
2013-11-10 22:00:00,0.93584
2013-11-11 22:00:00,0.93017
2013-11-12 22:00:00,0.9358
2013-11-13 22:00:00,0.93149
2013-11-14 22:00:00,0.93656
2013-11-15 22:00:00,0.931011974811554
2013-11-16 22:00:00,0.93763
2013-11-17 22:00:00,0.93767
2013-11-18 22:00:00,0.94319
2013-11-19 22:00:00,0.93339
2013-11-20 22:00:00,0.92334
2013-11-21 22:00:00,0.91668
2013-11-22 22:00:00,0.9226794838905334
2013-11-23 22:00:00,0.91628
2013-11-24 22:00:00,0.91603
2013-11-25 22:00:00,0.91253
2013-11-26 22:00:00,0.90782
2013-11-27 22:00:00,0.91
2013-11-28 22:00:00,0.91074
2013-11-29 22:00:00,0.9084302186965942
2013-12-01 22:00:00,0.91046
2013-12-02 22:00:00,0.9135
2013-12-03 22:00:00,0.90283
2013-12-04 22:00:00,0.90612
2013-12-05 22:00:00,0.9103
2013-12-06 22:00:00,0.9067004919052124
2013-12-08 22:00:00,0.91077
2013-12-09 22:00:00,0.91489
2013-12-10 22:00:00,0.90473
2013-12-11 22:00:00,0.89365
2013-12-12 22:00:00,0.89666
2013-12-13 22:00:00,0.8925384283065796
2013-12-15 22:00:00,0.89463
2013-12-16 22:00:00,0.88978
2013-12-17 22:00:00,0.88594
2013-12-18 22:00:00,0.88654
2013-12-19 22:00:00,0.89224
2013-12-20 22:00:00,0.8863754868507385
2013-12-22 22:00:00,0.89327
2013-12-23 22:00:00,0.89063
2013-12-24 22:00:00,0.8930166363716125
2013-12-25 22:00:00,0.88944
2013-12-26 22:00:00,0.8867
2013-12-27 22:00:00,0.8886518478393555
2013-12-29 22:00:00,0.89033
2013-12-30 22:00:00,0.89067
2013-12-31 22:00:00,0.8919811248779297
2014-01-01 22:00:00,0.89104
2014-01-02 22:00:00,0.89465
2014-01-03 22:00:00,0.8906305432319641
2014-01-05 22:00:00,0.89667
2014-01-06 22:00:00,0.89263
2014-01-07 22:00:00,0.89005
2014-01-08 22:00:00,0.88985
2014-01-09 22:00:00,0.89953
2014-01-10 22:00:00,0.889758825302124
2014-01-12 22:00:00,0.90533
2014-01-13 22:00:00,0.89662
2014-01-14 22:00:00,0.8915
2014-01-15 22:00:00,0.88204
2014-01-16 22:00:00,0.87793
2014-01-17 22:00:00,0.8819897174835205
2014-01-19 22:00:00,0.88097
2014-01-20 22:00:00,0.88052
2014-01-21 22:00:00,0.88529
2014-01-22 22:00:00,0.87679
2014-01-23 22:00:00,0.8683
2014-01-24 22:00:00,0.8760402798652649
2014-01-26 22:00:00,0.87389
2014-01-27 22:00:00,0.8778
2014-01-28 22:00:00,0.87387
2014-01-29 22:00:00,0.87932
2014-01-30 22:00:00,0.87512
2014-01-31 22:00:00,0.8795848488807678
2014-02-02 22:00:00,0.87525
2014-02-03 22:00:00,0.89243
2014-02-04 22:00:00,0.89086
2014-02-05 22:00:00,0.89584
2014-02-06 22:00:00,0.89557
2014-02-07 22:00:00,0.895014762878418
2014-02-09 22:00:00,0.89483
2014-02-10 22:00:00,0.90371
2014-02-11 22:00:00,0.90264
2014-02-12 22:00:00,0.89785
2014-02-13 22:00:00,0.90288
2014-02-14 22:00:00,0.8982304930686951
2014-02-16 22:00:00,0.9034
2014-02-17 22:00:00,0.90258
2014-02-18 22:00:00,0.90011
2014-02-19 22:00:00,0.90055
2014-02-20 22:00:00,0.89716
2014-02-21 22:00:00,0.9009820818901062
2014-02-23 22:00:00,0.90338
2014-02-24 22:00:00,0.9018
2014-02-25 22:00:00,0.89681
2014-02-26 22:00:00,0.89646
2014-02-27 22:00:00,0.8928
2014-02-28 22:00:00,0.8961697816848755
2014-03-02 22:00:00,0.89359
2014-03-03 22:00:00,0.89488
2014-03-04 22:00:00,0.89846
2014-03-05 22:00:00,0.90894
2014-03-06 22:00:00,0.9067
2014-03-07 22:00:00,0.9105809926986694
2014-03-08 22:00:00,0.90508
2014-03-09 21:00:00,0.90228
2014-03-10 21:00:00,0.89759
2014-03-10 22:00:00,0.9057971239089966
2014-03-11 21:00:00,0.89914
2014-03-11 22:00:00,0.9024455547332764
2014-03-12 21:00:00,0.90382
2014-03-12 22:00:00,0.8965393900871277
2014-03-13 21:00:00,0.90309
2014-03-13 22:00:00,0.8997660279273987
2014-03-14 22:00:00,0.9030161499977112
2014-03-15 21:00:00,0.902
2014-03-16 21:00:00,0.90867
2014-03-17 21:00:00,0.91257
2014-03-17 22:00:00,0.9029345512390136
2014-03-18 21:00:00,0.90416
2014-03-18 22:00:00,0.9084302186965942
2014-03-19 21:00:00,0.90392
2014-03-19 22:00:00,0.9133254289627076
2014-03-20 21:00:00,0.90806
2014-03-20 22:00:00,0.9030161499977112
2014-03-21 22:00:00,0.9038322567939758
2014-03-23 21:00:00,0.91299
2014-03-24 21:00:00,0.9166
2014-03-24 22:00:00,0.9094216227531432
2014-03-25 21:00:00,0.92255
2014-03-25 22:00:00,0.9129918813705444
2014-03-26 21:00:00,0.92582
2014-03-26 22:00:00,0.9162543416023254
2014-03-27 21:00:00,0.92486
2014-03-27 22:00:00,0.9218289256095886
2014-03-28 22:00:00,0.9266981482505798
2014-03-30 21:00:00,0.92639
2014-03-31 21:00:00,0.92472
2014-03-31 22:00:00,0.9260116219520568
2014-04-01 21:00:00,0.92476
2014-04-01 22:00:00,0.9268699884414672
2014-04-02 21:00:00,0.92317
2014-04-02 22:00:00,0.9238728880882264
2014-04-03 21:00:00,0.92909
2014-04-03 22:00:00,0.924727201461792
2014-04-04 22:00:00,0.9232758283615112
2014-04-06 21:00:00,0.92698
2014-04-07 21:00:00,0.93597
2014-04-07 22:00:00,0.9290226101875304
2014-04-08 21:00:00,0.93899
2014-04-08 22:00:00,0.9266981482505798
2014-04-09 21:00:00,0.94128
2014-04-09 22:00:00,0.9351038336753844
2014-04-10 21:00:00,0.93969
2014-04-10 22:00:00,0.9378223419189452
2014-04-11 22:00:00,0.9397612810134888
2014-04-13 21:00:00,0.94237
2014-04-14 21:00:00,0.9361
2014-04-14 22:00:00,0.9385265111923218
2014-04-15 21:00:00,0.93697
2014-04-15 22:00:00,0.9411764740943908
2014-04-16 21:00:00,0.93319
2014-04-16 22:00:00,0.9343174695968628
2014-04-17 21:00:00,0.93262
2014-04-17 22:00:00,0.9373828172683716
2014-04-18 22:00:00,0.9330969452857972
2014-04-20 21:00:00,0.93256
2014-04-21 21:00:00,0.93666
2014-04-21 22:00:00,0.9333581924438475
2014-04-22 21:00:00,0.92885
2014-04-22 22:00:00,0.9337940216064452
2014-04-23 21:00:00,0.92636
2014-04-23 22:00:00,0.9370315074920654
2014-04-24 21:00:00,0.92652
2014-04-24 22:00:00,0.9288501143455504
2014-04-25 22:00:00,0.9270418286323548
2014-04-27 21:00:00,0.92577
2014-04-28 21:00:00,0.9267
2014-04-28 22:00:00,0.927385687828064
2014-04-29 21:00:00,0.92868
2014-04-29 22:00:00,0.925377607345581
2014-04-30 21:00:00,0.92736
2014-04-30 22:00:00,0.9274716973304749
2014-05-01 21:00:00,0.92759
2014-05-01 22:00:00,0.9283326864242554
2014-05-02 22:00:00,0.9276438355445862
2014-05-04 21:00:00,0.92739
2014-05-05 21:00:00,0.93495
2014-05-05 22:00:00,0.9275577664375304
2014-05-06 21:00:00,0.93263
2014-05-06 22:00:00,0.9282465577125548
2014-05-07 21:00:00,0.93717
2014-05-07 22:00:00,0.9351038336753844
2014-05-08 21:00:00,0.93602
2014-05-08 22:00:00,0.9324009418487548
2014-05-09 22:00:00,0.9369437098503112
2014-05-11 21:00:00,0.93615
2014-05-12 21:00:00,0.93577
2014-05-12 22:00:00,0.9360666275024414
2014-05-13 21:00:00,0.93782
2014-05-13 22:00:00,0.9360666275024414
2014-05-14 21:00:00,0.93572
2014-05-14 22:00:00,0.9365049004554749
2014-05-15 21:00:00,0.93588
2014-05-15 22:00:00,0.9371192455291748
2014-05-16 22:00:00,0.9358038306236268
2014-05-18 21:00:00,0.93288
2014-05-19 21:00:00,0.92424
2014-05-19 22:00:00,0.9367681741714478
2014-05-20 21:00:00,0.92511
2014-05-20 22:00:00,0.9334453344345092
2014-05-21 21:00:00,0.92239
2014-05-21 22:00:00,0.923446238040924
2014-05-22 21:00:00,0.92305
2014-05-22 22:00:00,0.923616886138916
2014-05-23 22:00:00,0.9227646589279176
2014-05-25 21:00:00,0.92362
2014-05-26 21:00:00,0.92588
2014-05-26 22:00:00,0.924043595790863
2014-05-27 21:00:00,0.92358
2014-05-27 22:00:00,0.9256688356399536
2014-05-28 21:00:00,0.93062
2014-05-28 22:00:00,0.926526427268982
2014-05-29 21:00:00,0.93088
2014-05-29 22:00:00,0.922934889793396
2014-05-30 22:00:00,0.931098699569702
2014-06-01 21:00:00,0.9245
2014-06-02 21:00:00,0.92648
2014-06-02 22:00:00,0.9299730658531188
2014-06-03 21:00:00,0.92773
2014-06-03 22:00:00,0.9237021803855896
2014-06-04 21:00:00,0.93395
2014-06-04 22:00:00,0.9261832237243652
2014-06-05 21:00:00,0.93347
2014-06-05 22:00:00,0.927385687828064
2014-06-06 22:00:00,0.9326618909835817
2014-06-08 21:00:00,0.93545
2014-06-09 21:00:00,0.9373
2014-06-09 22:00:00,0.9335324764251708
2014-06-10 21:00:00,0.93828
2014-06-10 22:00:00,0.9344047904014589
2014-06-11 21:00:00,0.94256
2014-06-11 22:00:00,0.9372071027755736
2014-06-12 21:00:00,0.9401
2014-06-12 22:00:00,0.9381743669509888
2014-06-13 22:00:00,0.9425959587097168
2014-06-15 21:00:00,0.94003
2014-06-16 21:00:00,0.93364
2014-06-16 22:00:00,0.9391434788703918
2014-06-17 21:00:00,0.94079
2014-06-17 22:00:00,0.9394964575767516
2014-06-18 21:00:00,0.93978
2014-06-18 22:00:00,0.9337068200111388
2014-06-19 21:00:00,0.9387
2014-06-19 22:00:00,0.9400263428688048
2014-06-20 22:00:00,0.9400263428688048
2014-06-22 21:00:00,0.94209
2014-06-23 21:00:00,0.93669
2014-06-23 22:00:00,0.9387027025222778
2014-06-24 21:00:00,0.94068
2014-06-24 22:00:00,0.941974401473999
2014-06-25 21:00:00,0.94133
2014-06-25 22:00:00,0.9366803765296936
2014-06-26 21:00:00,0.94221
2014-06-26 22:00:00,0.940556824207306
2014-06-27 22:00:00,0.9409107565879822
2014-06-29 21:00:00,0.9432
2014-06-30 21:00:00,0.94967
2014-06-30 22:00:00,0.9417082667350768
2014-07-01 21:00:00,0.94422
2014-07-01 22:00:00,0.9429514408111572
2014-07-02 21:00:00,0.93463
2014-07-02 22:00:00,0.9492168426513672
2014-07-03 21:00:00,0.93642
2014-07-03 22:00:00,0.9434852004051208
2014-07-04 22:00:00,0.935016393661499
2014-07-06 21:00:00,0.93716
2014-07-07 21:00:00,0.93982
2014-07-07 22:00:00,0.9360666275024414
2014-07-08 21:00:00,0.94128
2014-07-08 22:00:00,0.9372949600219728
2014-07-09 21:00:00,0.93946
2014-07-09 22:00:00,0.9410879015922546
2014-07-10 21:00:00,0.93899
2014-07-10 22:00:00,0.941974401473999
2014-07-11 22:00:00,0.9387027025222778
2014-07-13 21:00:00,0.93927
2014-07-14 21:00:00,0.93701
2014-07-14 22:00:00,0.9383503198623656
2014-07-15 21:00:00,0.93676
2014-07-15 22:00:00,0.9394081830978394
2014-07-16 21:00:00,0.93514
2014-07-16 22:00:00,0.9363296031951904
2014-07-17 21:00:00,0.939
2014-07-17 22:00:00,0.9366803765296936
2014-07-18 22:00:00,0.9351038336753844
2014-07-20 21:00:00,0.93729
2014-07-21 21:00:00,0.93934
2014-07-21 22:00:00,0.939584732055664
2014-07-22 21:00:00,0.94549
2014-07-22 22:00:00,0.9367681741714478
2014-07-23 21:00:00,0.94185
2014-07-23 22:00:00,0.9388790130615234
2014-07-24 21:00:00,0.93966
2014-07-24 22:00:00,0.9441087245941162
2014-07-25 22:00:00,0.9417082667350768
2014-07-27 21:00:00,0.94054
2014-07-28 21:00:00,0.93835
2014-07-28 22:00:00,0.9402031302452089
2014-07-29 21:00:00,0.93302
2014-07-29 22:00:00,0.9411764740943908
2014-07-30 21:00:00,0.92944
2014-07-30 22:00:00,0.9386146068572998
2014-07-31 21:00:00,0.93082
2014-07-31 22:00:00,0.9325748682022096
2014-08-01 22:00:00,0.9302325248718262
2014-08-03 21:00:00,0.93324
2014-08-04 21:00:00,0.93034
2014-08-04 22:00:00,0.9312721490859984
2014-08-05 21:00:00,0.93541
2014-08-05 22:00:00,0.9332711696624756
2014-08-06 21:00:00,0.92701
2014-08-06 22:00:00,0.9304922223091124
2014-08-07 21:00:00,0.92763
2014-08-07 22:00:00,0.9346667528152466
2014-08-08 22:00:00,0.9266122579574584
2014-08-10 21:00:00,0.92614
2014-08-11 21:00:00,0.92689
2014-08-11 22:00:00,0.9279019832611084
2014-08-12 21:00:00,0.9304
2014-08-12 22:00:00,0.92644065618515
2014-08-13 21:00:00,0.93182
2014-08-13 22:00:00,0.9270418286323548
2014-08-14 21:00:00,0.93217
2014-08-14 22:00:00,0.9307520985603333
2014-08-15 22:00:00,0.931619107723236
2014-08-17 21:00:00,0.93232
2014-08-18 21:00:00,0.93019
2014-08-18 22:00:00,0.9317059516906738
2014-08-19 21:00:00,0.92876
2014-08-19 22:00:00,0.9323139786720276
2014-08-20 21:00:00,0.93015
2014-08-20 22:00:00,0.9298000931739808
2014-08-21 21:00:00,0.93172
2014-08-21 22:00:00,0.9287638664245604
2014-08-22 22:00:00,0.93031907081604
2014-08-24 21:00:00,0.92965
2014-08-25 21:00:00,0.93059
2014-08-25 22:00:00,0.930059552192688
2014-08-26 21:00:00,0.93354
2014-08-26 22:00:00,0.9278159141540528
2014-08-27 21:00:00,0.93555
2014-08-27 22:00:00,0.9317059516906738
2014-08-28 21:00:00,0.93392
2014-08-28 22:00:00,0.9336196184158324
2014-08-29 22:00:00,0.9355412125587464
2014-08-31 21:00:00,0.93316
2014-09-01 21:00:00,0.92747
2014-09-01 22:00:00,0.933009922504425
2014-09-02 21:00:00,0.93448
2014-09-02 22:00:00,0.9335324764251708
2014-09-03 21:00:00,0.93485
2014-09-03 22:00:00,0.9279881119728088
2014-09-04 21:00:00,0.93778
2014-09-04 22:00:00,0.9339683651924132
2014-09-05 22:00:00,0.9336196184158324
2014-09-07 21:00:00,0.92809
2014-09-08 21:00:00,0.9202
2014-09-08 22:00:00,0.9363296031951904
2014-09-09 21:00:00,0.91543
2014-09-09 22:00:00,0.9278159141540528
2014-09-10 21:00:00,0.90991
2014-09-10 22:00:00,0.9207255244255066
2014-09-11 21:00:00,0.90418
2014-09-11 22:00:00,0.9156670570373536
2014-09-12 22:00:00,0.9099181294441224
2014-09-14 21:00:00,0.90274
2014-09-15 21:00:00,0.9093
2014-09-15 22:00:00,0.9014694094657898
2014-09-16 21:00:00,0.89604
2014-09-16 22:00:00,0.9036688804626464
2014-09-17 21:00:00,0.8989
2014-09-17 22:00:00,0.908595323562622
2014-09-18 21:00:00,0.89277
2014-09-18 22:00:00,0.8958967924118042
2014-09-19 22:00:00,0.898311197757721
2014-09-21 21:00:00,0.88719
2014-09-22 21:00:00,0.88402
2014-09-22 22:00:00,0.894134521484375
2014-09-23 21:00:00,0.88846
2014-09-23 22:00:00,0.8877841234207153
2014-09-24 21:00:00,0.87869
2014-09-24 22:00:00,0.8855827450752258
2014-09-25 21:00:00,0.87614
2014-09-25 22:00:00,0.8859750032424927
2014-09-26 22:00:00,0.8805142045021057
2014-09-28 21:00:00,0.87169
2014-09-29 21:00:00,0.87467
2014-09-29 22:00:00,0.8735913038253784
2014-09-30 21:00:00,0.87378
2014-09-30 22:00:00,0.8716875910758972
2014-10-01 21:00:00,0.88006
2014-10-01 22:00:00,0.8737439513206482
2014-10-02 21:00:00,0.8675
2014-10-02 22:00:00,0.8746228218078613
2014-10-03 22:00:00,0.8795074820518494
2014-10-05 21:00:00,0.87627
2014-10-06 21:00:00,0.88162
2014-10-06 22:00:00,0.8663259148597717
2014-10-07 21:00:00,0.88393
2014-10-07 22:00:00,0.8769621849060059
2014-10-08 21:00:00,0.87817
2014-10-08 22:00:00,0.8810572624206543
2014-10-09 21:00:00,0.86847
2014-10-09 22:00:00,0.8839388489723206
2014-10-10 22:00:00,0.8762706518173218
2014-10-12 21:00:00,0.87707
2014-10-13 21:00:00,0.87122
2014-10-13 22:00:00,0.8678295612335205
2014-10-14 21:00:00,0.8827
2014-10-14 22:00:00,0.8755800724029541
2014-10-15 21:00:00,0.87551
2014-10-15 22:00:00,0.8709284067153931
2014-10-16 21:00:00,0.87506
2014-10-16 22:00:00,0.8792754411697388
2014-10-17 22:00:00,0.8771929740905762
2014-10-19 21:00:00,0.87823
2014-10-20 21:00:00,0.87796
2014-10-20 22:00:00,0.8758100867271423
2014-10-21 21:00:00,0.87786
2014-10-21 22:00:00,0.8778089880943298
2014-10-22 21:00:00,0.87605
2014-10-22 22:00:00,0.8771160244941711
2014-10-23 21:00:00,0.87957
2014-10-23 22:00:00,0.8767315745353699
2014-10-24 22:00:00,0.87565678358078
2014-10-26 21:00:00,0.88019
2014-10-27 21:00:00,0.88549
2014-10-27 22:00:00,0.8804367184638977
2014-10-28 21:00:00,0.87968
2014-10-28 22:00:00,0.8804367184638977
2014-10-29 21:00:00,0.88335
2014-10-29 22:00:00,0.8861320614814758
2014-10-30 21:00:00,0.8799
2014-10-30 22:00:00,0.8768084645271301
2014-10-31 22:00:00,0.8824567198753357
2014-11-02 22:00:00,0.86899
2014-11-03 22:00:00,0.87366
2014-11-04 22:00:00,0.85928
2014-11-05 22:00:00,0.85634
2014-11-06 22:00:00,0.8633
2014-11-07 22:00:00,0.86272
2014-11-09 22:00:00,0.86211
2014-11-10 22:00:00,0.86849
2014-11-11 22:00:00,0.87169
2014-11-12 22:00:00,0.87178
2014-11-13 22:00:00,0.87474
2014-11-14 22:00:00,0.8707236051559448
2014-11-16 22:00:00,0.87081
2014-11-17 22:00:00,0.87193
2014-11-18 22:00:00,0.86175
2014-11-19 22:00:00,0.86179
2014-11-20 22:00:00,0.8666
2014-11-21 22:00:00,0.8623663187026978
2014-11-23 22:00:00,0.86177
2014-11-24 22:00:00,0.8526
2014-11-25 22:00:00,0.85494
2014-11-26 22:00:00,0.8541
2014-11-27 22:00:00,0.85033
2014-11-28 22:00:00,0.8524422645568848
2014-11-30 22:00:00,0.84874
2014-12-01 22:00:00,0.84434
2014-12-02 22:00:00,0.84048
2014-12-03 22:00:00,0.83827
2014-12-04 22:00:00,0.8327
2014-12-05 22:00:00,0.8386447429656982
2014-12-07 22:00:00,0.82933
2014-12-08 22:00:00,0.82927
2014-12-09 22:00:00,0.83189
2014-12-10 22:00:00,0.82726
2014-12-11 22:00:00,0.82455
2014-12-12 22:00:00,0.8248103260993958
2014-12-14 22:00:00,0.82103
2014-12-15 22:00:00,0.82177
2014-12-16 22:00:00,0.81188
2014-12-17 22:00:00,0.81643
2014-12-18 22:00:00,0.81441
2014-12-19 22:00:00,0.8173273205757141
2014-12-21 22:00:00,0.81337
2014-12-22 22:00:00,0.81042
2014-12-23 22:00:00,0.8105
2014-12-24 22:00:00,0.8109642267227173
2014-12-25 22:00:00,0.81141
2014-12-26 22:00:00,0.81089848279953
2014-12-28 22:00:00,0.813
2014-12-29 22:00:00,0.81824
2014-12-30 22:00:00,0.8153
2014-12-31 22:00:00,0.818397581577301
2015-01-01 22:00:00,0.80907
2015-01-02 22:00:00,0.8177952170372009
2015-01-04 22:00:00,0.80829
2015-01-05 22:00:00,0.80839
2015-01-06 22:00:00,0.80774
2015-01-07 22:00:00,0.81214
2015-01-08 22:00:00,0.82011
2015-01-09 22:00:00,0.8114249110221863
2015-01-11 22:00:00,0.81554
2015-01-12 22:00:00,0.81656
2015-01-13 22:00:00,0.8148
2015-01-14 22:00:00,0.82095
2015-01-15 22:00:00,0.82255
2015-01-16 22:00:00,0.8223684430122375
2015-01-18 22:00:00,0.82071
2015-01-19 22:00:00,0.81711
2015-01-20 22:00:00,0.8084
2015-01-21 22:00:00,0.80263
2015-01-22 22:00:00,0.79077
2015-01-23 22:00:00,0.801988959312439
2015-01-25 22:00:00,0.79217
2015-01-26 22:00:00,0.79353
2015-01-27 22:00:00,0.78897
2015-01-28 22:00:00,0.77621
2015-01-29 22:00:00,0.77671
2015-01-30 22:00:00,0.7782101631164551
2015-02-01 22:00:00,0.78024
2015-02-02 22:00:00,0.77896
2015-02-03 22:00:00,0.77527
2015-02-04 22:00:00,0.77969
2015-02-05 22:00:00,0.77926
2015-02-06 22:00:00,0.7799704074859619
2015-02-08 22:00:00,0.78009
2015-02-09 22:00:00,0.77702
2015-02-10 22:00:00,0.77158
2015-02-11 22:00:00,0.77331
2015-02-12 22:00:00,0.77512
2015-02-13 22:00:00,0.7756748795509338
2015-02-15 22:00:00,0.77727
2015-02-16 22:00:00,0.7817
2015-02-17 22:00:00,0.78105
2015-02-18 22:00:00,0.77911
2015-02-19 22:00:00,0.78431
2015-02-20 22:00:00,0.7795447707176208
2015-02-22 22:00:00,0.78014
2015-02-23 22:00:00,0.78307
2015-02-24 22:00:00,0.78847
2015-02-25 22:00:00,0.77993
2015-02-26 22:00:00,0.78117
2015-02-27 22:00:00,0.780579149723053
2015-03-01 22:00:00,0.77641
2015-03-02 22:00:00,0.78156
2015-03-03 22:00:00,0.78164
2015-03-04 22:00:00,0.77808
2015-03-05 22:00:00,0.77157
2015-03-06 22:00:00,0.7785130143165588
2015-03-07 22:00:00,0.77107
2015-03-08 21:00:00,0.77048
2015-03-09 21:00:00,0.76233
2015-03-09 22:00:00,0.7722604274749756
2015-03-10 21:00:00,0.75893
2015-03-10 22:00:00,0.7685213685035706
2015-03-11 21:00:00,0.77013
2015-03-11 22:00:00,0.7641754746437073
2015-03-12 21:00:00,0.76335
2015-03-12 22:00:00,0.7605719566345215
2015-03-13 22:00:00,0.770653486251831
2015-03-14 21:00:00,0.76267
2015-03-15 21:00:00,0.76361
2015-03-16 21:00:00,0.76167
2015-03-16 22:00:00,0.7616146206855774
2015-03-17 21:00:00,0.77694
2015-03-17 22:00:00,0.7644091248512268
2015-03-18 21:00:00,0.76487
2015-03-18 22:00:00,0.7623113393783569
2015-03-19 21:00:00,0.77708
2015-03-19 22:00:00,0.7778469324111938
2015-03-20 22:00:00,0.7658140659332275
2015-03-22 21:00:00,0.78796
2015-03-23 21:00:00,0.78747
2015-03-23 22:00:00,0.7783918380737305
2015-03-24 21:00:00,0.78434
2015-03-24 22:00:00,0.7875256538391113
2015-03-25 21:00:00,0.78274
2015-03-25 22:00:00,0.7862871289253235
2015-03-26 21:00:00,0.77524
2015-03-26 22:00:00,0.7830240726470947
2015-03-27 22:00:00,0.783392071723938
2015-03-29 21:00:00,0.76528
2015-03-30 21:00:00,0.76053
2015-03-30 22:00:00,0.773455023765564
2015-03-31 21:00:00,0.75995
2015-03-31 22:00:00,0.7658140659332275
2015-04-01 21:00:00,0.75914
2015-04-01 22:00:00,0.7613826394081116
2015-04-02 21:00:00,0.76318
2015-04-02 22:00:00,0.7606876492500305
2015-04-03 22:00:00,0.7582076191902161
2015-04-05 21:00:00,0.75851
2015-04-06 21:00:00,0.76339
2015-04-06 22:00:00,0.7644091248512268
2015-04-07 21:00:00,0.76829
2015-04-07 22:00:00,0.759013295173645
2015-04-08 21:00:00,0.76916
2015-04-08 22:00:00,0.7642922401428223
2015-04-09 21:00:00,0.76804
2015-04-09 22:00:00,0.7684623003005981
2015-04-10 22:00:00,0.7704160213470459
2015-04-12 21:00:00,0.75885
2015-04-13 21:00:00,0.7626
2015-04-13 22:00:00,0.7669299840927124
2015-04-14 21:00:00,0.76812
2015-04-14 22:00:00,0.7587253451347351
2015-04-15 21:00:00,0.78026
2015-04-15 22:00:00,0.761440634727478
2015-04-16 21:00:00,0.77862
2015-04-16 22:00:00,0.7678722143173218
2015-04-17 22:00:00,0.7789375185966492
2015-04-19 21:00:00,0.77239
2015-04-20 21:00:00,0.77068
2015-04-20 22:00:00,0.7809448838233948
2015-04-21 21:00:00,0.77523
2015-04-21 22:00:00,0.7722604274749756
2015-04-22 21:00:00,0.77773
2015-04-22 22:00:00,0.77154541015625
2015-04-23 21:00:00,0.78201
2015-04-23 22:00:00,0.7750135660171509
2015-04-24 22:00:00,0.7777259349822998
2015-04-26 21:00:00,0.78579
2015-04-27 21:00:00,0.80213
2015-04-27 22:00:00,0.7833307385444641
2015-04-28 21:00:00,0.80074
2015-04-28 22:00:00,0.7867201566696167
2015-04-29 21:00:00,0.79053
2015-04-29 22:00:00,0.7996801733970642
2015-04-30 21:00:00,0.78441
2015-04-30 22:00:00,0.7994883060455322
2015-05-01 22:00:00,0.7903263568878174
2015-05-03 21:00:00,0.78354
2015-05-04 21:00:00,0.79413
2015-05-04 22:00:00,0.7830240726470947
2015-05-05 21:00:00,0.79683
2015-05-05 22:00:00,0.7843137383460999
2015-05-06 21:00:00,0.79056
2015-05-06 22:00:00,0.7935248017311096
2015-05-07 21:00:00,0.79328
2015-05-07 22:00:00,0.7956715226173401
2015-05-08 22:00:00,0.7901390790939331
2015-05-10 21:00:00,0.78897
2015-05-11 21:00:00,0.79759
2015-05-11 22:00:00,0.7925814390182495
2015-05-12 21:00:00,0.81124
2015-05-12 22:00:00,0.7899518013000488
2015-05-13 21:00:00,0.80788
2015-05-13 22:00:00,0.7990411520004272
2015-05-14 21:00:00,0.80385
2015-05-14 22:00:00,0.8112932443618774
2015-05-15 22:00:00,0.8086689114570618
2015-05-17 21:00:00,0.79881
2015-05-18 21:00:00,0.79141
2015-05-18 22:00:00,0.8046994805335999
2015-05-19 21:00:00,0.78737
2015-05-19 22:00:00,0.7994883060455322
2015-05-20 21:00:00,0.78942
2015-05-20 22:00:00,0.7922046780586243
2015-05-21 21:00:00,0.78308
2015-05-21 22:00:00,0.7878358364105225
2015-05-22 22:00:00,0.7902015447616577
2015-05-24 21:00:00,0.78202
2015-05-25 21:00:00,0.77342
2015-05-25 22:00:00,0.78118896484375
2015-05-26 21:00:00,0.772
2015-05-26 22:00:00,0.7827175855636597
2015-05-27 21:00:00,0.7646
2015-05-27 22:00:00,0.7744733095169067
2015-05-28 21:00:00,0.76396
2015-05-28 22:00:00,0.7735148668289185
2015-05-29 22:00:00,0.7658140659332275
2015-05-31 21:00:00,0.76052
2015-06-01 21:00:00,0.7772
2015-06-01 22:00:00,0.7645260095596313
2015-06-02 21:00:00,0.77858
2015-06-02 22:00:00,0.7614986300468445
2015-06-03 21:00:00,0.76873
2015-06-03 22:00:00,0.7763975262641907
2015-06-04 21:00:00,0.76149
2015-06-04 22:00:00,0.7774840593338013
2015-06-05 22:00:00,0.7688168287277222
2015-06-07 21:00:00,0.77
2015-06-08 21:00:00,0.76892
2015-06-08 22:00:00,0.7621369957923889
2015-06-09 21:00:00,0.77576
2015-06-09 22:00:00,0.7688168287277222
2015-06-10 21:00:00,0.77539
2015-06-10 22:00:00,0.7691124677658081
2015-06-11 21:00:00,0.77289
2015-06-11 22:00:00,0.7731559872627258
2015-06-12 22:00:00,0.7748873829841614
2015-06-14 21:00:00,0.77651
2015-06-15 21:00:00,0.77496
2015-06-15 22:00:00,0.7730364799499512
2015-06-16 21:00:00,0.77466
2015-06-16 22:00:00,0.7757951617240906
2015-06-17 21:00:00,0.77989
2015-06-17 22:00:00,0.774713397026062
2015-06-18 21:00:00,0.77704
2015-06-18 22:00:00,0.7725587487220764
2015-06-19 22:00:00,0.7789981961250305
2015-06-21 21:00:00,0.77269
2015-06-22 21:00:00,0.77344
2015-06-22 22:00:00,0.7765783667564392
2015-06-23 21:00:00,0.77007
2015-06-23 22:00:00,0.7728572487831116
2015-06-24 21:00:00,0.77348
2015-06-24 22:00:00,0.7742335200309753
2015-06-25 21:00:00,0.76533
2015-06-25 22:00:00,0.7709506154060364
2015-06-26 22:00:00,0.7733952403068542
2015-06-28 21:00:00,0.76778
2015-06-29 21:00:00,0.77033
2015-06-29 22:00:00,0.7626601457595825
2015-06-30 21:00:00,0.76438
2015-06-30 22:00:00,0.767283022403717
2015-07-01 21:00:00,0.76312
2015-07-01 22:00:00,0.7694082856178284
2015-07-02 21:00:00,0.75088
2015-07-02 22:00:00,0.7641754746437073
2015-07-03 22:00:00,0.7638835906982422
2015-07-05 21:00:00,0.74983
2015-07-06 21:00:00,0.74522
2015-07-06 22:00:00,0.7484470009803772
2015-07-07 21:00:00,0.74279
2015-07-07 22:00:00,0.7478815913200378
2015-07-08 21:00:00,0.74447
2015-07-08 22:00:00,0.7458233833312988
2015-07-09 21:00:00,0.74328
2015-07-09 22:00:00,0.742225170135498
2015-07-10 22:00:00,0.7461016178131104
2015-07-12 21:00:00,0.74044
2015-07-13 21:00:00,0.7448
2015-07-13 22:00:00,0.7425007820129395
2015-07-14 21:00:00,0.73772
2015-07-14 22:00:00,0.7394808530807495
2015-07-15 21:00:00,0.74025
2015-07-15 22:00:00,0.7446016073226929
2015-07-16 21:00:00,0.73787
2015-07-16 22:00:00,0.7373543977737427
2015-07-17 22:00:00,0.7415096759796143
2015-07-19 21:00:00,0.73688
2015-07-20 21:00:00,0.74181
2015-07-20 22:00:00,0.7369197010993958
2015-07-21 21:00:00,0.73727
2015-07-21 22:00:00,0.7375501990318298
2015-07-22 21:00:00,0.73545
2015-07-22 22:00:00,0.7425007820129395
2015-07-23 21:00:00,0.72824
2015-07-23 22:00:00,0.7375174760818481
2015-07-24 22:00:00,0.7356186509132385
2015-07-26 21:00:00,0.7269
2015-07-27 21:00:00,0.73348
2015-07-27 22:00:00,0.7275902032852173
2015-07-28 21:00:00,0.72939
2015-07-28 22:00:00,0.7275902032852173
2015-07-29 21:00:00,0.72933
2015-07-29 22:00:00,0.7346999049186707
2015-07-30 21:00:00,0.73009
2015-07-30 22:00:00,0.7298737168312073
2015-07-31 22:00:00,0.7294477820396423
2015-08-02 21:00:00,0.72849
2015-08-03 21:00:00,0.7379
2015-08-03 22:00:00,0.7299802899360657
2015-08-04 21:00:00,0.73546
2015-08-04 22:00:00,0.7275902032852173
2015-08-05 21:00:00,0.73449
2015-08-05 22:00:00,0.737626314163208
2015-08-06 21:00:00,0.74183
2015-08-06 22:00:00,0.7352941036224365
2015-08-07 22:00:00,0.7345379590988159
2015-08-09 21:00:00,0.7411
2015-08-10 21:00:00,0.73011
2015-08-10 22:00:00,0.7401924729347229
2015-08-11 21:00:00,0.73764
2015-08-11 22:00:00,0.7413997650146484
2015-08-12 21:00:00,0.73556
2015-08-12 22:00:00,0.7310475707054138
2015-08-13 21:00:00,0.73781
2015-08-13 22:00:00,0.7381163239479065
2015-08-14 22:00:00,0.7375174760818481
2015-08-16 21:00:00,0.737
2015-08-17 21:00:00,0.73395
2015-08-17 22:00:00,0.7369197010993958
2015-08-18 21:00:00,0.73452
2015-08-18 22:00:00,0.7370826601982117
2015-08-19 21:00:00,0.73364
2015-08-19 22:00:00,0.7339987754821777
2015-08-20 21:00:00,0.73097
2015-08-20 22:00:00,0.7354563474655151
2015-08-21 22:00:00,0.7337295413017273
2015-08-23 21:00:00,0.71553
2015-08-24 21:00:00,0.71276
2015-08-24 22:00:00,0.7258474230766296
2015-08-25 21:00:00,0.71204
2015-08-25 22:00:00,0.7172057628631592
2015-08-26 21:00:00,0.71643
2015-08-26 22:00:00,0.7105300426483154
2015-08-27 21:00:00,0.71641
2015-08-27 22:00:00,0.7124537229537964
2015-08-28 22:00:00,0.7174115777015686
2015-08-30 21:00:00,0.71118
2015-08-31 21:00:00,0.70188
2015-08-31 22:00:00,0.7140816450119019
2015-09-01 21:00:00,0.70375
2015-09-01 22:00:00,0.7109341621398926
2015-09-02 21:00:00,0.70159
2015-09-02 22:00:00,0.7009181976318359
2015-09-03 21:00:00,0.69036
2015-09-03 22:00:00,0.7047216296195984
2015-09-04 22:00:00,0.7019021511077881
2015-09-06 21:00:00,0.69196
2015-09-07 21:00:00,0.70161
2015-09-07 22:00:00,0.6935774683952332
2015-09-08 21:00:00,0.70151
2015-09-08 22:00:00,0.6946374177932739
2015-09-09 21:00:00,0.70694
2015-09-09 22:00:00,0.7037792801856995
2015-09-10 21:00:00,0.70883
2015-09-10 22:00:00,0.6965728402137756
2015-09-11 22:00:00,0.7071135640144348
2015-09-13 21:00:00,0.71366
2015-09-14 21:00:00,0.714
2015-09-14 22:00:00,0.7099751830101013
2015-09-15 21:00:00,0.71948
2015-09-15 22:00:00,0.7160758972167969
2015-09-16 21:00:00,0.71662
2015-09-16 22:00:00,0.7128092050552368
2015-09-17 21:00:00,0.71922
2015-09-17 22:00:00,0.7199942469596863
2015-09-18 22:00:00,0.7189072370529175
2015-09-20 21:00:00,0.71296
2015-09-21 21:00:00,0.70881
2015-09-21 22:00:00,0.7190106511116028
2015-09-22 21:00:00,0.70008
2015-09-22 22:00:00,0.7130124568939209
2015-09-23 21:00:00,0.70216
2015-09-23 22:00:00,0.7079144716262817
2015-09-24 21:00:00,0.70244
2015-09-24 22:00:00,0.6998880505561829
2015-09-25 22:00:00,0.7011638879776001
2015-09-27 21:00:00,0.69886
2015-09-28 21:00:00,0.69813
2015-09-28 22:00:00,0.7020993232727051
2015-09-29 21:00:00,0.70155
2015-09-29 22:00:00,0.6972042322158813
2015-09-30 21:00:00,0.70272
2015-09-30 22:00:00,0.7003781795501709
2015-10-01 21:00:00,0.70521
2015-10-01 22:00:00,0.7010164856910706
2015-10-02 22:00:00,0.7036802172660828
2015-10-04 21:00:00,0.70806
2015-10-05 21:00:00,0.71637
2015-10-05 22:00:00,0.704820990562439
2015-10-06 21:00:00,0.72075
2015-10-06 22:00:00,0.708817720413208
2015-10-07 21:00:00,0.72582
2015-10-07 22:00:00,0.7159220576286316
2015-10-08 21:00:00,0.73348
2015-10-08 22:00:00,0.7194762229919434
2015-10-09 22:00:00,0.7267441749572754
2015-10-11 21:00:00,0.73606
2015-10-12 21:00:00,0.72435
2015-10-12 22:00:00,0.7314754128456116
2015-10-13 21:00:00,0.72981
2015-10-13 22:00:00,0.7344300746917725
2015-10-14 21:00:00,0.73284
2015-10-14 22:00:00,0.7222824096679688
2015-10-15 21:00:00,0.72666
2015-10-15 22:00:00,0.7320108413696289
2015-10-16 22:00:00,0.7329228520393372
2015-10-18 21:00:00,0.72478
2015-10-19 21:00:00,0.72597
2015-10-19 22:00:00,0.726005494594574
2015-10-20 21:00:00,0.72048
2015-10-20 22:00:00,0.7256367206573486
2015-10-21 21:00:00,0.72061
2015-10-21 22:00:00,0.7267441749572754
2015-10-22 21:00:00,0.72158
2015-10-22 22:00:00,0.7215527892112732
2015-10-23 22:00:00,0.721188485622406
2015-10-25 21:00:00,0.72466
2015-10-26 21:00:00,0.71884
2015-10-26 22:00:00,0.7223867774009705
2015-10-27 21:00:00,0.71126
2015-10-27 22:00:00,0.7251105904579163
2015-10-28 21:00:00,0.70698
2015-10-28 22:00:00,0.7192692160606384
2015-10-29 21:00:00,0.71344
2015-10-29 22:00:00,0.7100759744644165
2015-10-30 22:00:00,0.7090187072753906
2015-11-01 22:00:00,0.71441
2015-11-02 22:00:00,0.71853
2015-11-03 22:00:00,0.71472
2015-11-04 22:00:00,0.71413
2015-11-05 22:00:00,0.70402
2015-11-06 22:00:00,0.714796245098114
2015-11-08 22:00:00,0.70457
2015-11-09 22:00:00,0.70306
2015-11-10 22:00:00,0.706
2015-11-11 22:00:00,0.7125
2015-11-12 22:00:00,0.71239
2015-11-13 22:00:00,0.7137249112129211
2015-11-15 22:00:00,0.70958
2015-11-16 22:00:00,0.71104
2015-11-17 22:00:00,0.71093
2015-11-18 22:00:00,0.71928
2015-11-19 22:00:00,0.7236
2015-11-20 22:00:00,0.7191658020019531
2015-11-22 22:00:00,0.71915
2015-11-23 22:00:00,0.72558
2015-11-24 22:00:00,0.72511
2015-11-25 22:00:00,0.72245
2015-11-26 22:00:00,0.719
2015-11-27 22:00:00,0.7219173908233643
2015-11-29 22:00:00,0.72255
2015-11-30 22:00:00,0.73218
2015-12-01 22:00:00,0.73091
2015-12-02 22:00:00,0.73393
2015-12-03 22:00:00,0.7342
2015-12-04 22:00:00,0.7329766154289246
2015-12-06 22:00:00,0.72676
2015-12-07 22:00:00,0.72148
2015-12-08 22:00:00,0.72286
2015-12-09 22:00:00,0.72796
2015-12-10 22:00:00,0.71885
2015-12-11 22:00:00,0.727219820022583
2015-12-13 22:00:00,0.72418
2015-12-14 22:00:00,0.71908
2015-12-15 22:00:00,0.72294
2015-12-16 22:00:00,0.71272
2015-12-17 22:00:00,0.71676
2015-12-18 22:00:00,0.7128092050552368
2015-12-20 22:00:00,0.71885
2015-12-21 22:00:00,0.72359
2015-12-22 22:00:00,0.72303
2015-12-23 22:00:00,0.7247
2015-12-24 22:00:00,0.7233796119689941
2015-12-25 22:00:00,0.727219820022583
2015-12-27 22:00:00,0.72488
2015-12-28 22:00:00,0.72947
2015-12-29 22:00:00,0.72855
2015-12-30 22:00:00,0.72778
2015-12-31 22:00:00,0.7284913063049316
2016-01-01 22:00:00,0.7271669507026672
2016-01-03 22:00:00,0.71891
2016-01-04 22:00:00,0.71586
2016-01-05 22:00:00,0.70707
2016-01-06 22:00:00,0.70109
2016-01-07 22:00:00,0.69549
2016-01-08 22:00:00,0.7018036246299744
2016-01-10 22:00:00,0.69932
2016-01-11 22:00:00,0.69847
2016-01-12 22:00:00,0.69551
2016-01-13 22:00:00,0.69812
2016-01-14 22:00:00,0.686
2016-01-15 22:00:00,0.6996921300888062
2016-01-17 22:00:00,0.6864
2016-01-18 22:00:00,0.69063
2016-01-19 22:00:00,0.69069
2016-01-20 22:00:00,0.69971
2016-01-21 22:00:00,0.70034
2016-01-22 22:00:00,0.7016066908836365
2016-01-24 22:00:00,0.69538
2016-01-25 22:00:00,0.70043
2016-01-26 22:00:00,0.70262
2016-01-27 22:00:00,0.70834
2016-01-28 22:00:00,0.70858
2016-01-29 22:00:00,0.7086167335510254
2016-01-31 22:00:00,0.71131
2016-02-01 22:00:00,0.70368
2016-02-02 22:00:00,0.71668
2016-02-03 22:00:00,0.71994
2016-02-04 22:00:00,0.70648
2016-02-05 22:00:00,0.7199423909187317
2016-02-07 22:00:00,0.7085
2016-02-08 22:00:00,0.70691
2016-02-09 22:00:00,0.70955
2016-02-10 22:00:00,0.71075
2016-02-11 22:00:00,0.71021
2016-02-12 22:00:00,0.7124029397964478
2016-02-14 22:00:00,0.71351
2016-02-15 22:00:00,0.71087
2016-02-16 22:00:00,0.71832
2016-02-17 22:00:00,0.71556
2016-02-18 22:00:00,0.71483
2016-02-19 22:00:00,0.7150007486343384
2016-02-21 22:00:00,0.72276
2016-02-22 22:00:00,0.72018
2016-02-23 22:00:00,0.71952
2016-02-24 22:00:00,0.72358
2016-02-25 22:00:00,0.71249
2016-02-26 22:00:00,0.7235890030860901
2016-02-28 22:00:00,0.714
2016-02-29 22:00:00,0.71745
2016-03-01 22:00:00,0.72938
2016-03-02 22:00:00,0.73516
2016-03-03 22:00:00,0.74333
2016-03-04 22:00:00,0.7357810139656067
2016-03-06 22:00:00,0.74669
2016-03-07 22:00:00,0.74381
2016-03-08 22:00:00,0.7485
2016-03-09 22:00:00,0.74532
2016-03-10 22:00:00,0.75591
2016-03-11 22:00:00,0.7462129592895508
2016-03-13 21:00:00,0.75127
2016-03-14 21:00:00,0.74559
2016-03-14 22:00:00,0.756315290927887
2016-03-15 21:00:00,0.75514
2016-03-15 22:00:00,0.7521058917045593
2016-03-16 21:00:00,0.76474
2016-03-16 22:00:00,0.746324360370636
2016-03-17 21:00:00,0.76026
2016-03-17 22:00:00,0.7547169327735901
2016-03-18 22:00:00,0.7649939060211182
2016-03-20 21:00:00,0.75778
2016-03-21 21:00:00,0.76205
2016-03-21 22:00:00,0.7597629427909851
2016-03-22 21:00:00,0.75305
2016-03-22 22:00:00,0.7571741938591003
2016-03-23 21:00:00,0.75236
2016-03-23 22:00:00,0.7620208859443665
2016-03-24 21:00:00,0.74993
2016-03-24 22:00:00,0.7533524632453918
2016-03-25 22:00:00,0.7526719570159912
2016-03-27 21:00:00,0.75432
2016-03-28 21:00:00,0.76268
2016-03-28 22:00:00,0.7505817413330078
2016-03-29 21:00:00,0.76704
2016-03-29 22:00:00,0.7556865215301514
2016-03-30 21:00:00,0.76564
2016-03-30 22:00:00,0.7640002965927124
2016-03-31 21:00:00,0.76812
2016-03-31 22:00:00,0.7661073803901672
2016-04-01 22:00:00,0.7669888138771057
2016-04-03 21:00:00,0.76011
2016-04-04 21:00:00,0.75426
2016-04-04 22:00:00,0.7668711543083191
2016-04-05 21:00:00,0.75984
2016-04-05 22:00:00,0.7599939703941345
2016-04-06 21:00:00,0.75037
2016-04-06 22:00:00,0.7546030879020691
2016-04-07 21:00:00,0.75515
2016-04-07 22:00:00,0.7612088322639465
2016-04-08 22:00:00,0.7513712644577026
2016-04-10 21:00:00,0.75952
2016-04-11 21:00:00,0.7683
2016-04-11 22:00:00,0.7564868927001953
2016-04-12 21:00:00,0.7652
2016-04-12 22:00:00,0.7594744563102722
2016-04-13 21:00:00,0.76929
2016-04-13 22:00:00,0.7685213685035706
2016-04-14 21:00:00,0.77292
2016-04-14 22:00:00,0.7662248611450195
2016-04-15 22:00:00,0.7695859670639038
2016-04-17 21:00:00,0.77475
2016-04-18 21:00:00,0.78122
2016-04-18 22:00:00,0.7640002965927124
2016-04-19 21:00:00,0.77942
2016-04-19 22:00:00,0.7771215438842773
2016-04-20 21:00:00,0.77369
2016-04-20 22:00:00,0.7796663045883179
2016-04-21 21:00:00,0.77083
2016-04-21 22:00:00,0.7802137732505798
2016-04-22 22:00:00,0.7742934823036194
2016-04-24 21:00:00,0.77148
2016-04-25 21:00:00,0.77468
2016-04-25 22:00:00,0.7710813879966736
2016-04-26 21:00:00,0.75835
2016-04-26 22:00:00,0.7717240452766418
2016-04-27 21:00:00,0.76235
2016-04-27 22:00:00,0.7747734189033508
2016-04-28 21:00:00,0.76104
2016-04-28 22:00:00,0.7603984475135803
2016-04-29 22:00:00,0.7634170055389404
2016-05-01 21:00:00,0.76664
2016-05-02 21:00:00,0.74835
2016-05-02 22:00:00,0.7617306113243103
2016-05-03 21:00:00,0.74531
2016-05-03 22:00:00,0.7663775086402893
2016-05-04 21:00:00,0.74648
2016-05-04 22:00:00,0.7499625086784363
2016-05-05 21:00:00,0.73673
2016-05-05 22:00:00,0.7467144727706909
2016-05-06 22:00:00,0.7476076483726501
2016-05-08 21:00:00,0.73156
2016-05-09 21:00:00,0.7359
2016-05-09 22:00:00,0.737626314163208
2016-05-10 21:00:00,0.73742
2016-05-10 22:00:00,0.731689453125
2016-05-11 21:00:00,0.73254
2016-05-11 22:00:00,0.7373000383377075
2016-05-12 21:00:00,0.72675
2016-05-12 22:00:00,0.7357810139656067
2016-05-13 22:00:00,0.7317965626716614
2016-05-15 21:00:00,0.72881
2016-05-16 21:00:00,0.73243
2016-05-16 22:00:00,0.7274843454360962
2016-05-17 21:00:00,0.72283
2016-05-17 22:00:00,0.7288098335266113
2016-05-18 21:00:00,0.72271
2016-05-18 22:00:00,0.731368362903595
2016-05-19 21:00:00,0.72215
2016-05-19 22:00:00,0.7226999998092651
2016-05-20 22:00:00,0.7232226729393005
2016-05-22 21:00:00,0.72236
2016-05-23 21:00:00,0.71842
2016-05-23 22:00:00,0.7228044867515564
2016-05-24 21:00:00,0.71979
2016-05-24 22:00:00,0.7223867774009705
2016-05-25 21:00:00,0.72256
2016-05-25 22:00:00,0.719062328338623
2016-05-26 21:00:00,0.71851
2016-05-26 22:00:00,0.7186489701271057
2016-05-27 22:00:00,0.7225955128669739
2016-05-29 21:00:00,0.71818
2016-05-30 21:00:00,0.72328
2016-05-30 22:00:00,0.7184939980506897
2016-05-31 21:00:00,0.72548
2016-05-31 22:00:00,0.7195797562599182
2016-06-01 21:00:00,0.72277
2016-06-01 22:00:00,0.7236937284469604
2016-06-02 21:00:00,0.73665
2016-06-02 22:00:00,0.7250054478645325
2016-06-03 22:00:00,0.7231180667877197
2016-06-05 21:00:00,0.73651
2016-06-06 21:00:00,0.74555
2016-06-06 22:00:00,0.7346999049186707
2016-06-07 21:00:00,0.74692
2016-06-07 22:00:00,0.7373543977737427
2016-06-08 21:00:00,0.743
2016-06-08 22:00:00,0.7446016073226929
2016-06-09 21:00:00,0.73774
2016-06-09 22:00:00,0.7496814131736755
2016-06-10 22:00:00,0.7416747212409973
2016-06-12 21:00:00,0.73862
2016-06-13 21:00:00,0.73571
2016-06-13 22:00:00,0.7374087572097778
2016-06-14 21:00:00,0.7407
2016-06-14 22:00:00,0.7381163239479065
2016-06-15 21:00:00,0.73624
2016-06-15 22:00:00,0.7356186509132385
2016-06-16 21:00:00,0.7388
2016-06-16 22:00:00,0.7416197061538696
2016-06-17 22:00:00,0.7387160658836365
2016-06-19 21:00:00,0.74538
2016-06-20 21:00:00,0.74496
2016-06-20 22:00:00,0.7431076765060425
2016-06-21 21:00:00,0.74998
2016-06-21 22:00:00,0.7461016178131104
2016-06-22 21:00:00,0.76112
2016-06-22 22:00:00,0.7453786730766296
2016-06-23 21:00:00,0.74743
2016-06-23 22:00:00,0.7514277100563049
2016-06-24 22:00:00,0.7535226941108704
2016-06-26 21:00:00,0.73185
2016-06-27 21:00:00,0.73842
2016-06-27 22:00:00,0.7431076765060425
2016-06-28 21:00:00,0.74504
2016-06-28 22:00:00,0.7357268929481506
2016-06-29 21:00:00,0.74501
2016-06-29 22:00:00,0.7405213713645935
2016-06-30 21:00:00,0.74963
2016-06-30 22:00:00,0.7469933032989502
2016-07-01 22:00:00,0.7448789477348328
2016-07-03 21:00:00,0.7537
2016-07-04 21:00:00,0.74608
2016-07-04 22:00:00,0.7463800311088562
2016-07-05 21:00:00,0.75188
2016-07-05 22:00:00,0.7530120611190796
2016-07-06 21:00:00,0.748
2016-07-06 22:00:00,0.7443799376487732
2016-07-07 21:00:00,0.75719
2016-07-07 22:00:00,0.7518796920776367
2016-07-08 22:00:00,0.7494004368782043
2016-07-10 21:00:00,0.75312
2016-07-11 21:00:00,0.76221
2016-07-11 22:00:00,0.7559149861335754
2016-07-12 21:00:00,0.76071
2016-07-12 22:00:00,0.7538067698478699
2016-07-13 21:00:00,0.76308
2016-07-13 22:00:00,0.7605719566345215
2016-07-14 21:00:00,0.75609
2016-07-14 22:00:00,0.7596474885940552
2016-07-15 22:00:00,0.7614986300468445
2016-07-17 21:00:00,0.75908
2016-07-18 21:00:00,0.75026
2016-07-18 22:00:00,0.759013295173645
2016-07-19 21:00:00,0.74752
2016-07-19 22:00:00,0.7575184106826782
2016-07-20 21:00:00,0.74933
2016-07-20 22:00:00,0.750750720500946
2016-07-21 21:00:00,0.7465
2016-07-21 22:00:00,0.747160792350769
2016-07-22 22:00:00,0.7506943941116333
2016-07-24 21:00:00,0.74699
2016-07-25 21:00:00,0.75019
2016-07-25 22:00:00,0.7476076483726501
2016-07-26 21:00:00,0.74915
2016-07-26 22:00:00,0.7476076483726501
2016-07-27 21:00:00,0.75031
2016-07-27 22:00:00,0.7516536712646484
2016-07-28 21:00:00,0.76004
2016-07-28 22:00:00,0.7517440319061279
2016-07-29 22:00:00,0.751258373260498
2016-07-31 21:00:00,0.75351
2016-08-01 21:00:00,0.76078
2016-08-01 22:00:00,0.7587829232215881
2016-08-02 21:00:00,0.75871
2016-08-02 22:00:00,0.7528419494628906
2016-08-03 21:00:00,0.76271
2016-08-03 22:00:00,0.7599939703941345
2016-08-04 21:00:00,0.7616
2016-08-04 22:00:00,0.759013295173645
2016-08-05 22:00:00,0.7640002965927124
2016-08-07 21:00:00,0.76503
2016-08-08 21:00:00,0.76726
2016-08-08 22:00:00,0.7611798048019409
2016-08-09 21:00:00,0.77001
2016-08-09 22:00:00,0.7660487294197083
2016-08-10 21:00:00,0.76988
2016-08-10 22:00:00,0.7664597034454346
2016-08-11 21:00:00,0.76499
2016-08-11 22:00:00,0.77154541015625
2016-08-12 22:00:00,0.7695859670639038
2016-08-14 21:00:00,0.76745
2016-08-15 21:00:00,0.76942
2016-08-15 22:00:00,0.7656381726264954
2016-08-16 21:00:00,0.76545
2016-08-16 22:00:00,0.7676364183425903
2016-08-17 21:00:00,0.76856
2016-08-17 22:00:00,0.7700778245925903
2016-08-18 21:00:00,0.76231
2016-08-18 22:00:00,0.766400933265686
2016-08-19 22:00:00,0.7678722143173218
2016-08-21 21:00:00,0.76272
2016-08-22 21:00:00,0.76146
2016-08-22 22:00:00,0.7608034610748291
2016-08-23 21:00:00,0.76126
2016-08-23 22:00:00,0.7630093097686768
2016-08-24 21:00:00,0.76171
2016-08-24 22:00:00,0.7613826394081116
2016-08-25 21:00:00,0.75607
2016-08-25 22:00:00,0.7610350251197815
2016-08-26 22:00:00,0.7624857425689697
2016-08-28 21:00:00,0.75681
2016-08-29 21:00:00,0.75089
2016-08-29 22:00:00,0.7544322609901428
2016-08-30 21:00:00,0.75167
2016-08-30 22:00:00,0.7577479481697083
2016-08-31 21:00:00,0.75507
2016-08-31 22:00:00,0.7524454593658447
2016-09-01 21:00:00,0.75699
2016-09-01 22:00:00,0.7519927620887756
2016-09-02 22:00:00,0.7552869915962219
2016-09-04 21:00:00,0.75839
2016-09-05 21:00:00,0.76865
2016-09-05 22:00:00,0.7564868927001953
2016-09-06 21:00:00,0.7673
2016-09-06 22:00:00,0.7593014240264893
2016-09-07 21:00:00,0.76412
2016-09-07 22:00:00,0.7688168287277222
2016-09-08 21:00:00,0.75387
2016-09-08 22:00:00,0.7669299840927124
2016-09-09 22:00:00,0.7650523781776428
2016-09-11 21:00:00,0.75662
2016-09-12 21:00:00,0.74627
2016-09-12 22:00:00,0.7544892430305481
2016-09-13 21:00:00,0.74682
2016-09-13 22:00:00,0.7567158937454224
2016-09-14 21:00:00,0.75148
2016-09-14 22:00:00,0.7469375729560852
2016-09-15 21:00:00,0.74928
2016-09-15 22:00:00,0.7482229471206665
2016-09-16 22:00:00,0.7513148188591003
2016-09-18 21:00:00,0.75347
2016-09-19 21:00:00,0.75548
2016-09-19 22:00:00,0.7501875758171082
2016-09-20 21:00:00,0.76245
2016-09-20 22:00:00,0.7537499070167542
2016-09-21 21:00:00,0.76427
2016-09-21 22:00:00,0.7558007836341858
2016-09-22 21:00:00,0.76231
2016-09-22 22:00:00,0.763242244720459
2016-09-23 22:00:00,0.7649353742599487
2016-09-25 21:00:00,0.76358
2016-09-26 21:00:00,0.76667
2016-09-26 22:00:00,0.7616146206855774
2016-09-27 21:00:00,0.76909
2016-09-27 22:00:00,0.763382077217102
2016-09-28 21:00:00,0.76348
2016-09-28 22:00:00,0.7669888138771057
2016-09-29 21:00:00,0.76579
2016-09-29 22:00:00,0.7694082856178284
2016-09-30 22:00:00,0.7628347277641296
2016-10-02 21:00:00,0.7673
2016-10-03 21:00:00,0.76192
2016-10-03 22:00:00,0.7644091248512268
2016-10-04 21:00:00,0.76211
2016-10-04 22:00:00,0.7686395049095154
2016-10-05 21:00:00,0.75843
2016-10-05 22:00:00,0.7610929608345032
2016-10-06 21:00:00,0.75881
2016-10-06 22:00:00,0.7623694539070129
2016-10-07 22:00:00,0.7578054070472717
2016-10-09 21:00:00,0.76067
2016-10-10 21:00:00,0.75392
2016-10-10 22:00:00,0.7599939703941345
2016-10-11 21:00:00,0.75619
2016-10-11 22:00:00,0.7599939703941345
2016-10-12 21:00:00,0.75683
2016-10-12 22:00:00,0.7562580704689026
2016-10-13 21:00:00,0.76157
2016-10-13 22:00:00,0.7558007836341858
2016-10-14 22:00:00,0.7563723921775818
2016-10-16 21:00:00,0.7628
2016-10-17 21:00:00,0.7665
2016-10-17 22:00:00,0.7596474885940552
2016-10-18 21:00:00,0.77229
2016-10-18 22:00:00,0.7640587091445923
2016-10-19 21:00:00,0.76269
2016-10-19 22:00:00,0.7674597501754761
2016-10-20 21:00:00,0.76049
2016-10-20 22:00:00,0.7726184129714966
2016-10-21 22:00:00,0.7633005380630493
2016-10-23 21:00:00,0.76113
2016-10-24 21:00:00,0.76456
2016-10-24 22:00:00,0.7602249979972839
2016-10-25 21:00:00,0.76499
2016-10-25 22:00:00,0.7594167590141296
2016-10-26 21:00:00,0.75901
2016-10-26 22:00:00,0.7650523781776428
2016-10-27 21:00:00,0.75949
2016-10-27 22:00:00,0.7649939060211182
2016-10-28 22:00:00,0.759013295173645
2016-10-30 21:00:00,0.76088
2016-10-31 21:00:00,0.76528
2016-10-31 22:00:00,0.7598206996917725
2016-11-01 21:00:00,0.76596
2016-11-01 22:00:00,0.7607455253601074
2016-11-02 21:00:00,0.76836
2016-11-02 22:00:00,0.7645260095596313
2016-11-03 21:00:00,0.76733
2016-11-03 22:00:00,0.7653451561927795
2016-11-04 22:00:00,0.768580436706543
2016-11-06 22:00:00,0.77271
2016-11-07 22:00:00,0.77623
2016-11-08 22:00:00,0.76353
2016-11-09 22:00:00,0.76121
2016-11-10 22:00:00,0.75474
2016-11-11 22:00:00,0.760861337184906
2016-11-13 22:00:00,0.75564
2016-11-14 22:00:00,0.75593
2016-11-15 22:00:00,0.74829
2016-11-16 22:00:00,0.7408
2016-11-17 22:00:00,0.73393
2016-11-18 22:00:00,0.7398091554641724
2016-11-20 22:00:00,0.73666
2016-11-21 22:00:00,0.74019
2016-11-22 22:00:00,0.73857
2016-11-23 22:00:00,0.74062
2016-11-24 22:00:00,0.74306
2016-11-25 22:00:00,0.7416747212409973
2016-11-27 22:00:00,0.74828
2016-11-28 22:00:00,0.74829
2016-11-29 22:00:00,0.73823
2016-11-30 22:00:00,0.74139
2016-12-01 22:00:00,0.74598
2016-12-02 22:00:00,0.7421150207519531
2016-12-04 22:00:00,0.74718
2016-12-05 22:00:00,0.746
2016-12-06 22:00:00,0.7481
2016-12-07 22:00:00,0.74626
2016-12-08 22:00:00,0.74509
2016-12-09 22:00:00,0.7459513545036316
2016-12-11 22:00:00,0.74944
2016-12-12 22:00:00,0.74985
2016-12-13 22:00:00,0.74046
2016-12-14 22:00:00,0.73588
2016-12-15 22:00:00,0.72991
2016-12-16 22:00:00,0.7368110418319702
2016-12-18 22:00:00,0.72433
2016-12-19 22:00:00,0.7259
2016-12-20 22:00:00,0.72381
2016-12-21 22:00:00,0.72183
2016-12-22 22:00:00,0.71743
2016-12-23 22:00:00,0.7221781015396118
2016-12-25 22:00:00,0.71879
2016-12-26 22:00:00,0.71851
2016-12-27 22:00:00,0.71767
2016-12-28 22:00:00,0.7218
2016-12-29 22:00:00,0.72046
2016-12-30 22:00:00,0.7234842777252197
2017-01-01 22:00:00,0.71846
2017-01-02 22:00:00,0.72201
2017-01-03 22:00:00,0.72823
2017-01-04 22:00:00,0.73406
2017-01-05 22:00:00,0.72973
2017-01-06 22:00:00,0.7338372468948364
2017-01-08 22:00:00,0.73529
2017-01-09 22:00:00,0.73695
2017-01-10 22:00:00,0.74411
2017-01-11 22:00:00,0.74843
2017-01-12 22:00:00,0.75029
2017-01-13 22:00:00,0.7488393187522888
2017-01-15 22:00:00,0.74766
2017-01-16 22:00:00,0.75668
2017-01-17 22:00:00,0.75049
2017-01-18 22:00:00,0.75614
2017-01-19 22:00:00,0.75586
2017-01-20 22:00:00,0.7566586136817932
2017-01-22 22:00:00,0.7583
2017-01-23 22:00:00,0.75803
2017-01-24 22:00:00,0.7574
2017-01-25 22:00:00,0.75327
2017-01-26 22:00:00,0.75455
2017-01-27 22:00:00,0.7533524632453918
2017-01-29 22:00:00,0.75543
2017-01-30 22:00:00,0.75843
2017-01-31 22:00:00,0.75839
2017-02-01 22:00:00,0.76576
2017-02-02 22:00:00,0.76747
2017-02-03 22:00:00,0.7654623985290527
2017-02-05 22:00:00,0.76598
2017-02-06 22:00:00,0.76264
2017-02-07 22:00:00,0.76431
2017-02-08 22:00:00,0.76246
2017-02-09 22:00:00,0.76781
2017-02-10 22:00:00,0.7625904083251953
2017-02-12 22:00:00,0.76405
2017-02-13 22:00:00,0.76627
2017-02-14 22:00:00,0.77102
2017-02-15 22:00:00,0.76947
2017-02-16 22:00:00,0.76694
2017-02-17 22:00:00,0.7698229551315308
2017-02-19 22:00:00,0.76885
2017-02-20 22:00:00,0.76748
2017-02-21 22:00:00,0.77019
2017-02-22 22:00:00,0.77143
2017-02-23 22:00:00,0.76685
2017-02-24 22:00:00,0.7713074088096619
2017-02-26 22:00:00,0.7673
2017-02-27 22:00:00,0.76561
2017-02-28 22:00:00,0.76756
2017-03-01 22:00:00,0.75707
2017-03-02 22:00:00,0.75955
2017-03-03 22:00:00,0.7572315335273743
2017-03-05 22:00:00,0.75799
2017-03-06 22:00:00,0.75865
2017-03-07 22:00:00,0.7527
2017-03-08 22:00:00,0.75042
2017-03-09 22:00:00,0.75446
2017-03-10 22:00:00,0.750750720500946
2017-03-12 21:00:00,0.75714
2017-03-13 21:00:00,0.75585
2017-03-13 22:00:00,0.7543753385543823
2017-03-14 21:00:00,0.77089
2017-03-14 22:00:00,0.7566586136817932
2017-03-15 21:00:00,0.76778
2017-03-15 22:00:00,0.7565498352050781
2017-03-16 21:00:00,0.77038
2017-03-16 22:00:00,0.7705941200256348
2017-03-17 22:00:00,0.7669888138771057
2017-03-19 21:00:00,0.77291
2017-03-20 21:00:00,0.76909
2017-03-20 22:00:00,0.7704753875732422
2017-03-21 21:00:00,0.76767
2017-03-21 22:00:00,0.7730364799499512
2017-03-22 21:00:00,0.76271
2017-03-22 22:00:00,0.7674126029014587
2017-03-23 21:00:00,0.76246
2017-03-23 22:00:00,0.7669417858123779
2017-03-24 22:00:00,0.7634170055389404
2017-03-26 21:00:00,0.76157
2017-03-27 21:00:00,0.76348
2017-03-27 22:00:00,0.7633005380630493
2017-03-28 21:00:00,0.76684
2017-03-28 22:00:00,0.7628929018974304
2017-03-29 21:00:00,0.76408
2017-03-29 22:00:00,0.7652397751808167
2017-03-30 21:00:00,0.76289
2017-03-30 22:00:00,0.767047643661499
2017-03-31 22:00:00,0.7655209302902222
2017-04-02 21:00:00,0.76044
2017-04-03 21:00:00,0.75634
2017-04-03 22:00:00,0.7629918456077576
2017-04-04 21:00:00,0.75678
2017-04-04 22:00:00,0.7605140805244446
2017-04-05 21:00:00,0.75452
2017-04-05 22:00:00,0.756887674331665
2017-04-06 21:00:00,0.7504
2017-04-06 22:00:00,0.7567788362503052
2017-04-07 22:00:00,0.7541478276252747
2017-04-09 21:00:00,0.75013
2017-04-10 21:00:00,0.74983
2017-04-10 22:00:00,0.7507225871086121
2017-04-11 21:00:00,0.75219
2017-04-11 22:00:00,0.7506943941116333
2017-04-12 21:00:00,0.75689
2017-04-12 22:00:00,0.7503620386123657
2017-04-13 21:00:00,0.75787
2017-04-13 22:00:00,0.7539090514183044
2017-04-14 22:00:00,0.7566013336181641
2017-04-16 21:00:00,0.7589
2017-04-17 21:00:00,0.75596
2017-04-17 22:00:00,0.7580926418304443
2017-04-18 21:00:00,0.74964
2017-04-18 22:00:00,0.7591862082481384
2017-04-19 21:00:00,0.75261
2017-04-19 22:00:00,0.7559149861335754
2017-04-20 21:00:00,0.75451
2017-04-20 22:00:00,0.7496252059936523
2017-04-21 22:00:00,0.751908004283905
2017-04-23 21:00:00,0.75688
2017-04-24 21:00:00,0.75348
2017-04-24 22:00:00,0.7555723190307617
2017-04-25 21:00:00,0.74729
2017-04-25 22:00:00,0.755972146987915
2017-04-26 21:00:00,0.74663
2017-04-26 22:00:00,0.7536931037902832
2017-04-27 21:00:00,0.74878
2017-04-27 22:00:00,0.7480326294898987
2017-04-28 22:00:00,0.746720016002655
2017-04-30 21:00:00,0.75251
2017-05-01 21:00:00,0.75357
2017-05-01 22:00:00,0.7483405470848083
2017-05-02 21:00:00,0.74216
2017-05-02 22:00:00,0.753409206867218
2017-05-03 21:00:00,0.74089
2017-05-03 22:00:00,0.7543184757232666
2017-05-04 21:00:00,0.74173
2017-05-04 22:00:00,0.7428869009017944
2017-05-05 22:00:00,0.7412348985671997
2017-05-07 21:00:00,0.73857
2017-05-08 21:00:00,0.73434
2017-05-08 22:00:00,0.7415812015533447
2017-05-09 21:00:00,0.7364
2017-05-09 22:00:00,0.7388798594474792
2017-05-10 21:00:00,0.73789
2017-05-10 22:00:00,0.7342413067817688
2017-05-11 21:00:00,0.73842
2017-05-11 22:00:00,0.7361059784889221
2017-05-12 22:00:00,0.7378984093666077
2017-05-14 21:00:00,0.74138
2017-05-15 21:00:00,0.74267
2017-05-15 22:00:00,0.7392895221710205
2017-05-16 21:00:00,0.74315
2017-05-16 22:00:00,0.7420544624328613
2017-05-17 21:00:00,0.74187
2017-05-17 22:00:00,0.7421150207519531
2017-05-18 21:00:00,0.74548
2017-05-18 22:00:00,0.7431076765060425
2017-05-19 22:00:00,0.742225170135498
2017-05-21 21:00:00,0.7475
2017-05-22 21:00:00,0.74765
2017-05-22 22:00:00,0.7452120184898376
2017-05-23 21:00:00,0.75039
2017-05-23 22:00:00,0.7471049427986145
2017-05-24 21:00:00,0.74536
2017-05-24 22:00:00,0.747160792350769
2017-05-25 21:00:00,0.74449
2017-05-25 22:00:00,0.7497488260269165
2017-05-26 22:00:00,0.7456009387969971
2017-05-28 21:00:00,0.74385
2017-05-29 21:00:00,0.74645
2017-05-29 22:00:00,0.7444353699684143
2017-05-30 21:00:00,0.74301
2017-05-30 22:00:00,0.7438815832138062
2017-05-31 21:00:00,0.73751
2017-05-31 22:00:00,0.7459346652030945
2017-06-01 21:00:00,0.74403
2017-06-01 22:00:00,0.7426661252975464
2017-06-02 22:00:00,0.7379528880119324
2017-06-04 21:00:00,0.74859
2017-06-05 21:00:00,0.75062
2017-06-05 22:00:00,0.7428702712059021
2017-06-06 21:00:00,0.75501
2017-06-06 22:00:00,0.7487271428108215
2017-06-07 21:00:00,0.75452
2017-06-07 22:00:00,0.7509763240814209
2017-06-08 21:00:00,0.75309
2017-06-08 22:00:00,0.7542046904563904
2017-06-09 22:00:00,0.7528306245803833
2017-06-11 21:00:00,0.75415
2017-06-12 21:00:00,0.7537
2017-06-12 22:00:00,0.7530120611190796
2017-06-13 21:00:00,0.75893
2017-06-13 22:00:00,0.7547739148139954
2017-06-14 21:00:00,0.75786
2017-06-14 22:00:00,0.7538067698478699
2017-06-15 21:00:00,0.76178
2017-06-15 22:00:00,0.7588980793952942
2017-06-16 22:00:00,0.7585526704788208
2017-06-18 21:00:00,0.75972
2017-06-19 21:00:00,0.75798
2017-06-19 22:00:00,0.7621369957923889
2017-06-20 21:00:00,0.7552
2017-06-20 22:00:00,0.7591918706893921
2017-06-21 21:00:00,0.75404
2017-06-21 22:00:00,0.7576102018356323
2017-06-22 21:00:00,0.75688
2017-06-22 22:00:00,0.7550873756408691
2017-06-23 22:00:00,0.7541478276252747
2017-06-25 21:00:00,0.75851
2017-06-26 21:00:00,0.75829
2017-06-26 22:00:00,0.7567674517631531
2017-06-27 21:00:00,0.76383
2017-06-27 22:00:00,0.7584375739097595
2017-06-28 21:00:00,0.76823
2017-06-28 22:00:00,0.7586677670478821
2017-06-29 21:00:00,0.76859
2017-06-29 22:00:00,0.7635919451713562
2017-06-30 22:00:00,0.7685213685035706
2017-07-02 21:00:00,0.76606
2017-07-03 21:00:00,0.76051
2017-07-03 22:00:00,0.7688285708427429
2017-07-04 21:00:00,0.76036
2017-07-04 22:00:00,0.7666183710098267
2017-07-05 21:00:00,0.75845
2017-07-05 22:00:00,0.7612088322639465
2017-07-06 21:00:00,0.76029
2017-07-06 22:00:00,0.7600921392440796
2017-07-07 22:00:00,0.7579776644706726
2017-07-09 21:00:00,0.76061
2017-07-10 21:00:00,0.76373
2017-07-10 22:00:00,0.7605140805244446
2017-07-11 21:00:00,0.76776
2017-07-12 21:00:00,0.77285
2017-07-12 22:00:00,0.7639011144638062
2017-07-13 21:00:00,0.7824
2017-07-13 22:00:00,0.7679194211959839
2017-07-14 22:00:00,0.774053692817688
2017-07-16 21:00:00,0.77978
2017-07-17 21:00:00,0.79164
2017-07-17 22:00:00,0.7825216054916382
2017-07-18 21:00:00,0.7953
2017-07-18 22:00:00,0.7791013717651367
2017-07-19 21:00:00,0.79568
2017-07-19 22:00:00,0.7918283343315125
2017-07-20 21:00:00,0.79119
2017-07-20 22:00:00,0.7960199117660522
2017-07-21 22:00:00,0.7947861552238464
2017-07-23 21:00:00,0.79234
2017-07-24 21:00:00,0.79364
2017-07-24 22:00:00,0.7925311923027039
2017-07-25 21:00:00,0.8005
2017-07-25 22:00:00,0.7927699685096741
2017-07-26 21:00:00,0.79671
2017-07-26 22:00:00,0.7932730913162231
2017-07-27 21:00:00,0.79864
2017-07-27 22:00:00,0.8000128269195557
2017-07-28 22:00:00,0.7973591089248657
2017-07-30 21:00:00,0.80027
2017-07-31 21:00:00,0.79688
2017-07-31 22:00:00,0.7985944747924805
2017-08-01 21:00:00,0.79665
2017-08-01 22:00:00,0.7998719811439514
2017-08-02 21:00:00,0.79472
2017-08-02 22:00:00,0.7956082820892334
2017-08-03 21:00:00,0.79289
2017-08-03 22:00:00,0.7955195903778076
2017-08-04 22:00:00,0.7959882616996765
2017-08-07 22:00:00,0.7930842638015747
2017-08-08 22:00:00,0.791671633720398
2017-08-09 21:00:00,0.78752
2017-08-09 22:00:00,0.7898269891738892
2017-08-10 21:00:00,0.78942
2017-08-10 22:00:00,0.7891601324081421
2017-08-11 22:00:00,0.7866582870483398
2017-08-13 21:00:00,0.7851
2017-08-14 21:00:00,0.78195
2017-08-14 22:00:00,0.7904075980186462
2017-08-15 21:00:00,0.79255
2017-08-15 22:00:00,0.7853608131408691
2017-08-16 21:00:00,0.78842
2017-08-16 22:00:00,0.7825950980186462
2017-08-17 21:00:00,0.79289
2017-08-17 22:00:00,0.7932101488113403
2017-08-18 22:00:00,0.7875256538391113
2017-08-20 21:00:00,0.79398
2017-08-21 21:00:00,0.79101
2017-08-21 22:00:00,0.7927510738372803
2017-08-22 21:00:00,0.79029
2017-08-22 22:00:00,0.79377681016922
2017-08-23 21:00:00,0.79009
2017-08-23 22:00:00,0.7913270592689514
2017-08-24 21:00:00,0.79316
2017-08-24 22:00:00,0.79107666015625
2017-08-25 22:00:00,0.7900142073631287
2017-08-27 21:00:00,0.79634
2017-08-28 21:00:00,0.79522
2017-08-28 22:00:00,0.794060468673706
2017-08-29 21:00:00,0.79008
2017-08-29 22:00:00,0.7924558520317078
2017-08-30 21:00:00,0.79455
2017-08-30 22:00:00,0.7956715226173401
2017-08-31 21:00:00,0.79674
2017-08-31 22:00:00,0.7907013297080994
2017-09-01 22:00:00,0.7939658164978027
2017-09-03 21:00:00,0.79445
2017-09-04 21:00:00,0.79962
2017-09-04 22:00:00,0.796470046043396
2017-09-05 21:00:00,0.79996
2017-09-05 22:00:00,0.7945336103439331
2017-09-06 21:00:00,0.80462
2017-09-06 22:00:00,0.8006982207298279
2017-09-07 21:00:00,0.80529
2017-09-07 22:00:00,0.8010895252227783
2017-09-08 22:00:00,0.8058017492294312
2017-09-10 21:00:00,0.80296
2017-09-11 21:00:00,0.802
2017-09-11 22:00:00,0.8051530122756958
2017-09-12 21:00:00,0.79858
2017-09-12 22:00:00,0.8023750185966492
2017-09-13 21:00:00,0.80058
2017-09-13 22:00:00,0.8020082116127014
2017-09-14 21:00:00,0.79996
2017-09-14 22:00:00,0.797957181930542
2017-09-15 22:00:00,0.8001792430877686
2017-09-17 21:00:00,0.79603
2017-09-18 21:00:00,0.80083
2017-09-18 22:00:00,0.7996801733970642
2017-09-19 21:00:00,0.80312
2017-09-19 22:00:00,0.7971112728118896
2017-09-20 21:00:00,0.7934
2017-09-20 22:00:00,0.8005764484405518
2017-09-21 21:00:00,0.79591
2017-09-21 22:00:00,0.8016674518585205
2017-09-22 22:00:00,0.7930591702461243
2017-09-24 21:00:00,0.79365
2017-09-25 21:00:00,0.78879
2017-09-25 22:00:00,0.7964954376220703
2017-09-26 21:00:00,0.78481
2017-09-26 22:00:00,0.7936822772026062
2017-09-27 21:00:00,0.78577
2017-09-27 22:00:00,0.7877613306045532
2017-09-28 21:00:00,0.78377
2017-09-28 22:00:00,0.785071074962616
2017-09-29 22:00:00,0.7846275568008423
2017-10-01 21:00:00,0.78259
2017-10-02 21:00:00,0.78352
2017-10-02 22:00:00,0.7845598459243774
2017-10-03 21:00:00,0.78619
2017-10-03 22:00:00,0.7827175855636597
2017-10-04 21:00:00,0.77942
2017-10-04 22:00:00,0.783631443977356
2017-10-05 21:00:00,0.77748
2017-10-05 22:00:00,0.7861697673797607
2017-10-06 22:00:00,0.7790589332580566
2017-10-08 21:00:00,0.77536
2017-10-09 21:00:00,0.77764
2017-10-09 22:00:00,0.7779377102851868
2017-10-10 21:00:00,0.77869
2017-10-10 22:00:00,0.7759155631065369
2017-10-11 21:00:00,0.78199
2017-10-11 22:00:00,0.7786524295806885
2017-10-12 21:00:00,0.78874
2017-10-12 22:00:00,0.7804573774337769
2017-10-13 22:00:00,0.7827788591384888
2017-10-15 21:00:00,0.78507
2017-10-16 21:00:00,0.78447
2017-10-16 22:00:00,0.7885688543319702
2017-10-17 21:00:00,0.78458
2017-10-17 22:00:00,0.7844183444976807
2017-10-18 21:00:00,0.78789
2017-10-18 22:00:00,0.7851697206497192
2017-10-19 21:00:00,0.78135
2017-10-19 22:00:00,0.7842522263526917
2017-10-20 22:00:00,0.7875069975852966
2017-10-22 21:00:00,0.78054
2017-10-23 21:00:00,0.7776
2017-10-23 22:00:00,0.7807010412216187
2017-10-24 21:00:00,0.7703
2017-10-24 22:00:00,0.78125
2017-10-25 21:00:00,0.76627
2017-10-25 22:00:00,0.7775444984436035
2017-10-26 21:00:00,0.76767
2017-10-26 22:00:00,0.770790159702301
2017-10-27 22:00:00,0.7659724950790405
2017-10-29 21:00:00,0.76876
2017-10-30 21:00:00,0.76557
2017-10-30 22:00:00,0.7668123245239258
2017-10-31 21:00:00,0.76754
2017-10-31 22:00:00,0.7697636485099792
2017-11-01 21:00:00,0.77132
2017-11-01 22:00:00,0.7659900188446045
2017-11-02 21:00:00,0.76507
2017-11-02 22:00:00,0.7676953673362732
2017-11-03 22:00:00,0.7713906764984131
2017-11-05 22:00:00,0.76914
2017-11-06 22:00:00,0.76442
2017-11-07 22:00:00,0.76773
2017-11-08 22:00:00,0.76795
2017-11-09 22:00:00,0.76592
2017-11-10 22:00:00,0.7682615518569946
2017-11-12 22:00:00,0.76235
2017-11-13 22:00:00,0.76326
2017-11-14 22:00:00,0.75884
2017-11-15 22:00:00,0.75876
2017-11-16 22:00:00,0.75641
2017-11-17 22:00:00,0.7587311267852783
2017-11-19 22:00:00,0.75499
2017-11-20 22:00:00,0.75777
2017-11-21 22:00:00,0.76201
2017-11-22 22:00:00,0.76241
2017-11-23 22:00:00,0.76106
2017-11-24 22:00:00,0.7625671029090881
2017-11-26 22:00:00,0.7602
2017-11-27 22:00:00,0.75954
2017-11-28 22:00:00,0.75711
2017-11-29 22:00:00,0.75651
2017-11-30 22:00:00,0.76097
2017-12-01 22:00:00,0.7563438415527344
2017-12-03 22:00:00,0.75984
2017-12-04 22:00:00,0.76073
2017-12-05 22:00:00,0.75636
2017-12-06 22:00:00,0.75122
2017-12-07 22:00:00,0.75091
2017-12-08 22:00:00,0.7512019276618958
2017-12-10 22:00:00,0.75262
2017-12-11 22:00:00,0.7558
2017-12-12 22:00:00,0.76374
2017-12-13 22:00:00,0.76639
2017-12-14 22:00:00,0.7642
2017-12-15 22:00:00,0.7665008306503296
2017-12-17 22:00:00,0.7666
2017-12-18 22:00:00,0.76619
2017-12-19 22:00:00,0.76658
2017-12-20 22:00:00,0.77017
2017-12-21 22:00:00,0.77156
2017-12-22 22:00:00,0.7707723379135132
2017-12-25 22:00:00,0.77285
2017-12-26 22:00:00,0.77702
2017-12-27 22:00:00,0.77976
2017-12-28 22:00:00,0.78033
2017-12-29 22:00:00,0.7794293165206909
2018-01-01 22:00:00,0.78289
2018-01-02 22:00:00,0.78344
2018-01-03 22:00:00,0.7864
2018-01-04 22:00:00,0.78619
2018-01-05 22:00:00,0.7863799333572388
2018-01-07 22:00:00,0.78405
2018-01-08 22:00:00,0.78237
2018-01-09 22:00:00,0.78416
2018-01-10 22:00:00,0.78916
2018-01-11 22:00:00,0.79152
2018-01-12 22:00:00,0.7885813117027283
2018-01-14 22:00:00,0.79642
2018-01-15 22:00:00,0.79612
2018-01-16 22:00:00,0.79702
2018-01-17 22:00:00,0.79985
2018-01-18 22:00:00,0.79928
2018-01-19 22:00:00,0.8005764484405518
2018-01-21 22:00:00,0.80173
2018-01-22 22:00:00,0.79999
2018-01-23 22:00:00,0.80654
2018-01-24 22:00:00,0.80248
2018-01-25 22:00:00,0.81103
2018-01-26 22:00:00,0.8029226064682007
2018-01-28 22:00:00,0.80954
2018-01-29 22:00:00,0.8085
2018-01-30 22:00:00,0.80567
2018-01-31 22:00:00,0.80387
2018-02-01 22:00:00,0.79225
2018-02-02 22:00:00,0.8040524125099182
2018-02-04 22:00:00,0.78771
2018-02-05 22:00:00,0.79059
2018-02-06 22:00:00,0.78215
2018-02-07 22:00:00,0.77812
2018-02-08 22:00:00,0.78143
2018-02-09 22:00:00,0.7787495255470276
2018-02-11 22:00:00,0.7862
2018-02-12 22:00:00,0.78589
2018-02-13 22:00:00,0.79251
2018-02-14 22:00:00,0.79454
2018-02-15 22:00:00,0.79135
2018-02-16 22:00:00,0.7943821549415588
2018-02-18 22:00:00,0.79121
2018-02-19 22:00:00,0.78841
2018-02-20 22:00:00,0.78032
2018-02-21 22:00:00,0.78454
2018-02-22 22:00:00,0.78378
2018-02-23 22:00:00,0.7839509844779968
2018-02-25 22:00:00,0.78536
2018-02-26 22:00:00,0.77894
2018-02-27 22:00:00,0.77615
2018-02-28 22:00:00,0.77562
2018-03-01 22:00:00,0.77626
2018-03-02 22:00:00,0.776469886302948
2018-03-04 22:00:00,0.77657
2018-03-05 22:00:00,0.78282
2018-03-06 22:00:00,0.78247
2018-03-07 22:00:00,0.77859
2018-03-08 22:00:00,0.78472
2018-03-09 22:00:00,0.7790589332580566
2018-03-11 21:00:00,0.78724
2018-03-12 21:00:00,0.78599
2018-03-12 22:00:00,0.7862686514854431
2018-03-13 21:00:00,0.78769
2018-03-13 22:00:00,0.7872899770736694
2018-03-14 21:00:00,0.77977
2018-03-14 22:00:00,0.7857990264892578
2018-03-15 21:00:00,0.77134
2018-03-15 22:00:00,0.7879785895347595
2018-03-16 22:00:00,0.7789375185966492
2018-03-18 21:00:00,0.7718
2018-03-19 21:00:00,0.76825
2018-03-19 22:00:00,0.7716049551963806
2018-03-20 21:00:00,0.7765
2018-03-20 22:00:00,0.7708317637443542
2018-03-21 21:00:00,0.76922
2018-03-21 22:00:00,0.7690532803535461
2018-03-22 21:00:00,0.76993
2018-03-22 22:00:00,0.777478039264679
2018-03-23 22:00:00,0.7693490982055664
2018-03-25 21:00:00,0.77486
2018-03-26 21:00:00,0.76777
2018-03-26 22:00:00,0.7708614468574524
2018-03-27 21:00:00,0.76633
2018-03-27 22:00:00,0.7756146788597107
2018-03-28 21:00:00,0.76784
2018-03-28 22:00:00,0.768757700920105
2018-03-29 21:00:00,0.7681
2018-03-29 22:00:00,0.766007661819458
2018-03-30 22:00:00,0.768580436706543
2018-04-01 21:00:00,0.76611
2018-04-02 21:00:00,0.76843
2018-04-02 22:00:00,0.768302857875824
2018-04-03 21:00:00,0.7716
2018-04-03 22:00:00,0.7654623985290527
2018-04-04 21:00:00,0.76852
2018-04-04 22:00:00,0.768202543258667
2018-04-05 21:00:00,0.76758
2018-04-05 22:00:00,0.7719981074333191
2018-04-06 22:00:00,0.7668300271034241
2018-04-08 21:00:00,0.77008
2018-04-09 21:00:00,0.7762
2018-04-09 22:00:00,0.768226146697998
2018-04-10 21:00:00,0.7756
2018-04-10 22:00:00,0.7699592709541321
2018-04-11 21:00:00,0.77551
2018-04-11 22:00:00,0.7763975262641907
2018-04-12 21:00:00,0.77618
2018-04-12 22:00:00,0.7765181064605713
2018-04-13 22:00:00,0.7757349610328674
2018-04-15 21:00:00,0.7781
2018-04-16 21:00:00,0.77687
2018-04-16 22:00:00,0.7774477601051331
2018-04-17 21:00:00,0.77831
2018-04-17 22:00:00,0.7772907018661499
2018-04-18 21:00:00,0.77287
2018-04-18 22:00:00,0.7766990065574646
2018-04-19 21:00:00,0.76698
2018-04-19 22:00:00,0.778889000415802
2018-04-20 22:00:00,0.7723379135131836
2018-04-22 21:00:00,0.76042
2018-04-23 21:00:00,0.76031
2018-04-23 22:00:00,0.7659900188446045
2018-04-24 21:00:00,0.75643
2018-04-24 22:00:00,0.7603406310081482
2018-04-25 21:00:00,0.75522
2018-04-25 22:00:00,0.7606297731399536
2018-04-26 21:00:00,0.75798
2018-04-26 22:00:00,0.7571169137954712
2018-04-27 22:00:00,0.7556865215301514
2018-04-29 21:00:00,0.75296
2018-04-30 21:00:00,0.74888
2018-04-30 22:00:00,0.7575184106826782
2018-05-01 21:00:00,0.74923
2018-05-01 22:00:00,0.7532389163970947
2018-05-02 21:00:00,0.75319
2018-05-02 22:00:00,0.7482901811599731
2018-05-03 21:00:00,0.75364
2018-05-03 22:00:00,0.7486711144447327
2018-05-04 22:00:00,0.7528419494628906
2018-05-06 21:00:00,0.75165
2018-05-07 21:00:00,0.74521
2018-05-07 22:00:00,0.7524227499961853
2018-05-08 21:00:00,0.74592
2018-05-08 22:00:00,0.7518796920776367
2018-05-09 21:00:00,0.75336
2018-05-09 22:00:00,0.7449344992637634
2018-05-10 21:00:00,0.75425
2018-05-10 22:00:00,0.7459346652030945
2018-05-11 22:00:00,0.7526153922080994
2018-05-13 21:00:00,0.75252
2018-05-14 21:00:00,0.74721
2018-05-14 22:00:00,0.7551102638244629
2018-05-15 21:00:00,0.75151
2018-05-15 22:00:00,0.7525983452796936
2018-05-16 21:00:00,0.75097
2018-05-16 22:00:00,0.7468482851982117
2018-05-17 21:00:00,0.75109
2018-05-17 22:00:00,0.7517666816711426
2018-05-18 22:00:00,0.7506380081176758
2018-05-20 21:00:00,0.75823
2018-05-21 21:00:00,0.75773
2018-05-21 22:00:00,0.752428412437439
2018-05-22 21:00:00,0.75588
2018-05-22 22:00:00,0.7582650780677795
2018-05-23 21:00:00,0.75769
2018-05-23 22:00:00,0.7578915357589722
2018-05-24 21:00:00,0.75467
2018-05-24 22:00:00,0.7567158937454224
2018-05-25 22:00:00,0.7571971416473389
2018-05-27 21:00:00,0.75444
2018-05-28 21:00:00,0.75056
2018-05-28 22:00:00,0.7556865215301514
2018-05-29 21:00:00,0.75776
2018-05-29 22:00:00,0.7547739148139954
2018-05-30 21:00:00,0.75677
2018-05-30 22:00:00,0.7481670379638672
2018-05-31 21:00:00,0.75695
2018-05-31 22:00:00,0.7571169137954712
2018-06-01 22:00:00,0.7562122941017151
2018-06-03 21:00:00,0.76476
2018-06-04 21:00:00,0.7616
2018-06-04 22:00:00,0.7568819522857666
2018-06-05 21:00:00,0.76669
2018-06-05 22:00:00,0.7654037475585938
2018-06-06 21:00:00,0.76231
2018-06-06 22:00:00,0.7624624371528625
2018-06-07 21:00:00,0.75969
2018-06-07 22:00:00,0.7665772438049316
2018-06-08 22:00:00,0.761440634727478
2018-06-10 21:00:00,0.76104
2018-06-11 21:00:00,0.75739
2018-06-11 22:00:00,0.7601903676986694
2018-06-12 21:00:00,0.75773
2018-06-12 22:00:00,0.7604620456695557
2018-06-13 21:00:00,0.7475
2018-06-13 22:00:00,0.7575757503509521
2018-06-14 21:00:00,0.74408
2018-06-14 22:00:00,0.7570710182189941
2018-06-15 22:00:00,0.7465472221374512
2018-06-17 21:00:00,0.74231
2018-06-18 21:00:00,0.73811
2018-06-18 22:00:00,0.743992269039154
2018-06-19 21:00:00,0.73676
2018-06-19 22:00:00,0.7403568625450134
2018-06-20 21:00:00,0.73761
2018-06-20 22:00:00,0.738825261592865
2018-06-21 21:00:00,0.74399
2018-06-21 22:00:00,0.7374087572097778
2018-06-22 22:00:00,0.7378984093666077
2018-06-24 21:00:00,0.74133
2018-06-25 21:00:00,0.73913
2018-06-25 22:00:00,0.743837296962738
2018-06-26 21:00:00,0.73404
2018-06-26 22:00:00,0.7409602999687195
2018-06-27 21:00:00,0.73539
2018-06-27 22:00:00,0.7391692996025085
2018-06-28 21:00:00,0.74049
2018-06-28 22:00:00,0.7343222498893738
2018-06-29 22:00:00,0.7346459031105042
2018-07-01 21:00:00,0.73395
2018-07-02 21:00:00,0.73852
2018-07-02 22:00:00,0.7398638129234314
2018-07-03 21:00:00,0.73815
2018-07-03 22:00:00,0.7338911294937134
2018-07-04 21:00:00,0.73868
2018-07-04 22:00:00,0.7378440499305725
2018-07-05 21:00:00,0.74285
2018-07-05 22:00:00,0.7381708025932312
2018-07-06 22:00:00,0.738661527633667
2018-07-08 21:00:00,0.74651
2018-07-09 21:00:00,0.74595
2018-07-09 22:00:00,0.7436326146125793
2018-07-10 21:00:00,0.73663
2018-07-10 22:00:00,0.7470491528511047
2018-07-11 21:00:00,0.74071
2018-07-11 22:00:00,0.7413997650146484
2018-07-12 21:00:00,0.74222
2018-07-12 22:00:00,0.7365885972976685
2018-07-13 22:00:00,0.7406858801841736
2018-07-15 21:00:00,0.74204
2018-07-16 21:00:00,0.73875
2018-07-16 22:00:00,0.7421150207519531
2018-07-17 21:00:00,0.73975
2018-07-17 22:00:00,0.7414712309837341
2018-07-18 21:00:00,0.73565
2018-07-18 22:00:00,0.7377406358718872
2018-07-19 21:00:00,0.74202
2018-07-19 22:00:00,0.7398912310600281
2018-07-20 22:00:00,0.7362794280052185
2018-07-22 21:00:00,0.73804
2018-07-23 21:00:00,0.74166
2018-07-23 22:00:00,0.7433009743690491
2018-07-24 21:00:00,0.74551
2018-07-24 22:00:00,0.7380073666572571
2018-07-25 21:00:00,0.73771
2018-07-25 22:00:00,0.7426220178604126
2018-07-26 21:00:00,0.7405
2018-07-26 22:00:00,0.7459402084350586
2018-07-27 22:00:00,0.7380073666572571
2018-07-29 21:00:00,0.74079
2018-07-30 21:00:00,0.74274
2018-07-30 22:00:00,0.7400829195976257
2018-07-31 21:00:00,0.74033
2018-07-31 22:00:00,0.7407297492027283
2018-08-01 21:00:00,0.73624
2018-08-01 22:00:00,0.7419498562812805
2018-08-02 21:00:00,0.73973
2018-08-02 22:00:00,0.7405816912651062
2018-08-03 22:00:00,0.7360084652900696
2018-08-05 21:00:00,0.73873
2018-08-06 21:00:00,0.7419
2018-08-06 22:00:00,0.7395902872085571
2018-08-07 21:00:00,0.74326
2018-08-07 22:00:00,0.738552451133728
2018-08-08 21:00:00,0.73731
2018-08-08 22:00:00,0.7424456477165222
2018-08-09 21:00:00,0.72953
2018-08-09 22:00:00,0.7427765130996704
2018-08-10 22:00:00,0.7372456192970276
2018-08-12 21:00:00,0.72721
2018-08-13 21:00:00,0.72387
2018-08-13 22:00:00,0.7288098335266113
2018-08-14 21:00:00,0.7239
2018-08-14 22:00:00,0.7267969846725464
2018-08-15 21:00:00,0.72606
2018-08-15 22:00:00,0.7235890030860901
2018-08-16 21:00:00,0.73153
2018-08-16 22:00:00,0.7233691811561584
2018-08-17 22:00:00,0.7259528040885925
2018-08-19 21:00:00,0.73387
2018-08-20 21:00:00,0.73654
2018-08-20 22:00:00,0.7308178544044495
2018-08-21 21:00:00,0.73517
2018-08-21 22:00:00,0.7336488366127014
2018-08-22 21:00:00,0.72477
2018-08-22 22:00:00,0.7359814047813416
2018-08-23 21:00:00,0.73252
2018-08-23 22:00:00,0.7332990765571594
2018-08-24 22:00:00,0.7243227958679199
2018-08-26 21:00:00,0.73462
2018-08-27 21:00:00,0.73377
2018-08-27 22:00:00,0.7344084978103638
2018-08-28 21:00:00,0.73094
2018-08-28 22:00:00,0.7348618507385254
2018-08-29 21:00:00,0.72626
2018-08-29 22:00:00,0.7341066002845764
2018-08-30 21:00:00,0.7194
2018-08-30 22:00:00,0.7311919331550598
2018-08-31 22:00:00,0.7261636853218079
2018-09-02 21:00:00,0.72131
2018-09-03 21:00:00,0.7175
2018-09-03 22:00:00,0.7193209528923035
2018-09-04 21:00:00,0.71931
2018-09-04 22:00:00,0.7208245992660522
2018-09-05 21:00:00,0.7197
2018-09-05 22:00:00,0.718339204788208
2018-09-06 21:00:00,0.71051
2018-09-06 22:00:00,0.719610869884491
2018-09-07 22:00:00,0.719062328338623
2018-09-09 21:00:00,0.71129
2018-09-10 21:00:00,0.71206
2018-09-10 22:00:00,0.7117944359779358
2018-09-11 21:00:00,0.71713
2018-09-11 22:00:00,0.7109847068786621
2018-09-12 21:00:00,0.71909
2018-09-12 22:00:00,0.7110706567764282
2018-09-13 21:00:00,0.71523
2018-09-13 22:00:00,0.7170617580413818
2018-09-14 22:00:00,0.7188039422035217
2018-09-16 21:00:00,0.71778
2018-09-17 21:00:00,0.72188
2018-09-17 22:00:00,0.7145919799804688
2018-09-18 21:00:00,0.7265
2018-09-18 22:00:00,0.7145919799804688
2018-09-19 21:00:00,0.72915
2018-09-19 22:00:00,0.7226007580757141
2018-09-20 21:00:00,0.72879
2018-09-20 22:00:00,0.7259528040885925
2018-09-21 22:00:00,0.7286505103111267
2018-09-23 21:00:00,0.72513
2018-09-24 21:00:00,0.72497
2018-09-24 22:00:00,0.7278549671173096
2018-09-25 21:00:00,0.72567
2018-09-25 22:00:00,0.7253209352493286
2018-09-26 21:00:00,0.72062
2018-09-26 22:00:00,0.7249003052711487
2018-09-27 21:00:00,0.72186
2018-09-27 22:00:00,0.725789487361908
2018-09-28 22:00:00,0.7205129861831665
2018-09-30 21:00:00,0.72238
2018-10-01 21:00:00,0.71874
2018-10-01 22:00:00,0.7223920226097107
2018-10-02 21:00:00,0.71023
2018-10-02 22:00:00,0.7228567600250244
2018-10-03 21:00:00,0.7078
2018-10-03 22:00:00,0.7187522649765015
2018-10-04 21:00:00,0.70513
2018-10-04 22:00:00,0.7096225023269653
2018-10-05 22:00:00,0.7080999612808228
2018-10-07 21:00:00,0.70777
2018-10-08 21:00:00,0.71025
2018-10-08 22:00:00,0.7052882313728333
2018-10-09 21:00:00,0.70496
2018-10-09 22:00:00,0.7073636651039124
2018-10-10 21:00:00,0.71234
2018-10-10 22:00:00,0.7114905714988708
2018-10-11 21:00:00,0.71164
2018-10-11 22:00:00,0.7064142823219299
2018-10-12 22:00:00,0.7124537229537964
2018-10-14 21:00:00,0.71309
2018-10-15 21:00:00,0.71411
2018-10-15 22:00:00,0.710782527923584
2018-10-16 21:00:00,0.7108
2018-10-16 22:00:00,0.713541567325592
2018-10-17 21:00:00,0.70986
2018-10-17 22:00:00,0.7139134407043457
2018-10-18 21:00:00,0.71206
2018-10-18 22:00:00,0.7111009955406189
2018-10-19 22:00:00,0.709723174571991
2018-10-21 21:00:00,0.70821
2018-10-22 21:00:00,0.70853
2018-10-22 22:00:00,0.7113286256790161
2018-10-23 21:00:00,0.70614
2018-10-23 22:00:00,0.7072685956954956
2018-10-24 21:00:00,0.70786
2018-10-24 22:00:00,0.7091192603111267
2018-10-25 21:00:00,0.70906
2018-10-25 22:00:00,0.7062994837760925
2018-10-26 22:00:00,0.7081149816513062
2018-10-28 21:00:00,0.70563
2018-10-29 21:00:00,0.71056
2018-10-29 22:00:00,0.709773600101471
2018-10-30 21:00:00,0.70721
2018-10-30 22:00:00,0.7063294053077698
2018-10-31 21:00:00,0.72061
2018-10-31 22:00:00,0.7099247574806213
2018-11-01 21:00:00,0.71978
2018-11-01 22:00:00,0.7083156108856201
2018-11-02 22:00:00,0.7205129861831665
2018-11-04 22:00:00,0.72103
2018-11-05 22:00:00,0.72444
2018-11-06 22:00:00,0.72749
2018-11-07 22:00:00,0.72573
2018-11-08 22:00:00,0.72269
2018-11-09 22:00:00,0.7266808152198792
2018-11-11 22:00:00,0.71733
2018-11-12 22:00:00,0.72188
2018-11-13 22:00:00,0.72326
2018-11-14 22:00:00,0.72764
2018-11-15 22:00:00,0.73348
2018-11-16 22:00:00,0.7271669507026672
2018-11-18 22:00:00,0.72934
2018-11-19 22:00:00,0.72153
2018-11-20 22:00:00,0.72639
2018-11-21 22:00:00,0.72517
2018-11-22 22:00:00,0.72287
2018-11-23 22:00:00,0.725021243095398
2018-11-25 22:00:00,0.72174
2018-11-26 22:00:00,0.72256
2018-11-27 22:00:00,0.73057
2018-11-28 22:00:00,0.73187
2018-11-29 22:00:00,0.7312
2018-11-30 22:00:00,0.7321876883506775
2018-12-02 22:00:00,0.7358
2018-12-03 22:00:00,0.73389
2018-12-04 22:00:00,0.72702
2018-12-05 22:00:00,0.72339
2018-12-06 22:00:00,0.72009
2018-12-07 22:00:00,0.7231180667877197
2018-12-09 22:00:00,0.71889
2018-12-10 22:00:00,0.72021
2018-12-11 22:00:00,0.72199
2018-12-12 22:00:00,0.72251
2018-12-13 22:00:00,0.71731
2018-12-14 22:00:00,0.7224911451339722
2018-12-16 22:00:00,0.71765
2018-12-17 22:00:00,0.71835
2018-12-18 22:00:00,0.71081
2018-12-19 22:00:00,0.71105
2018-12-20 22:00:00,0.70354
2018-12-21 22:00:00,0.7115918397903442
2018-12-23 22:00:00,0.70411
2018-12-24 22:00:00,0.70341
2018-12-25 22:00:00,0.70673
2018-12-26 22:00:00,0.70287
2018-12-27 22:00:00,0.70385
2018-12-28 22:00:00,0.7035317420959473
2018-12-30 22:00:00,0.70459
2018-12-31 22:00:00,0.70276
2019-01-01 22:00:00,0.69842
2019-01-02 22:00:00,0.70051
2019-01-03 22:00:00,0.71183
2019-01-04 22:00:00,0.7006235718727112
2019-01-06 22:00:00,0.71479
2019-01-07 22:00:00,0.71398
2019-01-08 22:00:00,0.71707
2019-01-09 22:00:00,0.71855
2019-01-10 22:00:00,0.72116
2019-01-11 22:00:00,0.7187005877494812
2019-01-13 22:00:00,0.71965
2019-01-14 22:00:00,0.72029
2019-01-15 22:00:00,0.71681
2019-01-16 22:00:00,0.71923
2019-01-17 22:00:00,0.71656
2019-01-18 22:00:00,0.7190313339233398
2019-01-20 22:00:00,0.7158
2019-01-21 22:00:00,0.7121
2019-01-22 22:00:00,0.71408
2019-01-23 22:00:00,0.70916
2019-01-24 22:00:00,0.71802
2019-01-25 22:00:00,0.7091192603111267
2019-01-27 22:00:00,0.71647
2019-01-28 22:00:00,0.71557
2019-01-29 22:00:00,0.72477
2019-01-30 22:00:00,0.72748
2019-01-31 22:00:00,0.72477
2019-02-01 22:00:00,0.7271669507026672
2019-02-03 22:00:00,0.72254
2019-02-04 22:00:00,0.72351
2019-02-05 22:00:00,0.71073
2019-02-06 22:00:00,0.71034
2019-02-07 22:00:00,0.70894
2019-02-08 22:00:00,0.709541916847229
2019-02-10 22:00:00,0.70617
2019-02-11 22:00:00,0.70952
2019-02-12 22:00:00,0.70888
2019-02-13 22:00:00,0.71051
2019-02-14 22:00:00,0.71392
2019-02-15 22:00:00,0.710328221321106
2019-02-17 22:00:00,0.71304
2019-02-18 22:00:00,0.71643
2019-02-19 22:00:00,0.71634
2019-02-20 22:00:00,0.70894
2019-02-21 22:00:00,0.71308
2019-02-22 22:00:00,0.710883617401123
2019-02-24 22:00:00,0.71678
2019-02-25 22:00:00,0.7188
2019-02-26 22:00:00,0.71405
2019-02-27 22:00:00,0.7093
2019-02-28 22:00:00,0.70791
2019-03-01 22:00:00,0.7102777361869812
2019-03-03 22:00:00,0.70914
2019-03-04 22:00:00,0.70843
2019-03-05 22:00:00,0.7032
2019-03-06 22:00:00,0.70156
2019-03-07 22:00:00,0.7045
2019-03-08 22:00:00,0.7023458480834961
2019-03-10 21:00:00,0.70693
2019-03-11 21:00:00,0.70811
2019-03-11 22:00:00,0.7039278745651245
2019-03-12 21:00:00,0.70947
2019-03-12 22:00:00,0.7073386311531067
2019-03-13 21:00:00,0.70644
2019-03-13 22:00:00,0.7064142823219299
2019-03-14 21:00:00,0.70853
2019-03-14 22:00:00,0.7087172269821167
2019-03-15 22:00:00,0.706813633441925
2019-03-17 21:00:00,0.71034
2019-03-18 21:00:00,0.70883
2019-03-18 22:00:00,0.7082905769348145
2019-03-19 21:00:00,0.71171
2019-03-19 22:00:00,0.7099751830101013
2019-03-20 21:00:00,0.71107
2019-03-20 22:00:00,0.7089684009552002
2019-03-21 21:00:00,0.70796
2019-03-21 22:00:00,0.7135212421417236
2019-03-22 22:00:00,0.710782527923584
2019-03-24 21:00:00,0.7112
2019-03-25 21:00:00,0.7134
2019-03-25 22:00:00,0.7083156108856201
2019-03-26 21:00:00,0.70837
2019-03-26 22:00:00,0.7116121053695679
2019-03-27 21:00:00,0.70746
2019-03-27 22:00:00,0.713699460029602
2019-03-28 21:00:00,0.70975
2019-03-28 22:00:00,0.7084510922431946
2019-03-29 22:00:00,0.7083156108856201
2019-03-31 21:00:00,0.7113
2019-04-01 21:00:00,0.70711
2019-04-01 22:00:00,0.7113893628120422
2019-04-02 21:00:00,0.71121
2019-04-02 22:00:00,0.710989773273468
2019-04-03 21:00:00,0.71134
2019-04-03 22:00:00,0.7058408260345459
2019-04-04 21:00:00,0.71059
2019-04-04 22:00:00,0.7117488384246826
2019-04-05 22:00:00,0.7110353112220764
2019-04-07 21:00:00,0.71258
2019-04-08 21:00:00,0.71259
2019-04-08 22:00:00,0.7101768255233765
2019-04-09 21:00:00,0.71711
2019-04-09 22:00:00,0.7121593952178955
2019-04-10 21:00:00,0.71226
2019-04-10 22:00:00,0.7129108309745789
2019-04-11 21:00:00,0.71719
2019-04-11 22:00:00,0.7166917324066162
2019-04-12 22:00:00,0.7122507095336914
2019-04-14 21:00:00,0.71722
2019-04-15 21:00:00,0.71749
2019-04-15 22:00:00,0.7173087000846863
2019-04-16 21:00:00,0.71784
2019-04-16 22:00:00,0.7176175117492676
2019-04-17 21:00:00,0.71481
2019-04-17 22:00:00,0.7164915204048157
2019-04-18 21:00:00,0.71498
2019-04-18 22:00:00,0.7174115777015686
2019-04-19 22:00:00,0.714796245098114
2019-04-21 21:00:00,0.71351
2019-04-22 21:00:00,0.71016
2019-04-22 22:00:00,0.715103030204773
2019-04-23 21:00:00,0.70132
2019-04-23 22:00:00,0.7137249112129211
2019-04-24 21:00:00,0.70162
2019-04-24 22:00:00,0.7096678018569946
2019-04-25 21:00:00,0.70423
2019-04-25 22:00:00,0.7014589905738831
2019-04-26 22:00:00,0.7017790079116821
2019-04-28 21:00:00,0.70561
2019-04-29 21:00:00,0.70507
2019-04-29 22:00:00,0.7044287323951721
2019-04-30 21:00:00,0.70146
2019-04-30 22:00:00,0.7055171132087708
2019-05-01 21:00:00,0.69994
2019-05-01 22:00:00,0.705129086971283
2019-05-02 21:00:00,0.70238
2019-05-02 22:00:00,0.7014589905738831
2019-05-03 22:00:00,0.6995453238487244
2019-05-05 21:00:00,0.6994
2019-05-06 21:00:00,0.70105
2019-05-06 22:00:00,0.69733065366745
2019-05-07 21:00:00,0.6989
2019-05-07 22:00:00,0.6992518305778503
2019-05-08 21:00:00,0.69873
2019-05-08 22:00:00,0.7008494734764099
2019-05-09 21:00:00,0.69978
2019-05-09 22:00:00,0.6994963884353638
2019-05-10 22:00:00,0.6987094879150391
2019-05-12 21:00:00,0.6944
2019-05-13 21:00:00,0.6944
2019-05-13 22:00:00,0.6985093951225281
2019-05-14 21:00:00,0.69292
2019-05-14 22:00:00,0.6945891380310059
2019-05-15 21:00:00,0.68911
2019-05-15 22:00:00,0.6939143538475037
2019-05-16 21:00:00,0.68676
2019-05-16 22:00:00,0.6927126049995422
2019-05-17 22:00:00,0.6893223524093628
2019-05-19 21:00:00,0.69081
2019-05-20 21:00:00,0.6884
2019-05-20 22:00:00,0.690321683883667
2019-05-21 21:00:00,0.68803
2019-05-21 22:00:00,0.6920607089996338
2019-05-22 21:00:00,0.6899
2019-05-23 21:00:00,0.69284
2019-05-23 22:00:00,0.6877579092979431
2019-05-24 22:00:00,0.689959704875946
2019-05-26 21:00:00,0.6917
2019-05-27 21:00:00,0.69227
2019-05-27 22:00:00,0.6932889819145203
2019-05-28 21:00:00,0.69165
2019-05-28 22:00:00,0.6919936537742615
2019-05-29 21:00:00,0.69115
2019-05-29 22:00:00,0.6926167011260986
2019-05-30 21:00:00,0.69342
2019-05-30 22:00:00,0.691840410232544
2019-05-31 22:00:00,0.6906077861785889
2019-06-02 21:00:00,0.69767
2019-06-03 21:00:00,0.69909
2019-06-03 22:00:00,0.6929622888565063
2019-06-04 21:00:00,0.6968
2019-06-04 22:00:00,0.6972042322158813
2019-06-05 21:00:00,0.69773
2019-06-05 22:00:00,0.6991393566131592
2019-06-06 21:00:00,0.6999
2019-06-06 22:00:00,0.6971070170402527
2019-06-07 22:00:00,0.6975446939468384
2019-06-09 21:00:00,0.69598
2019-06-10 21:00:00,0.69607
2019-06-10 22:00:00,0.6995893716812134
2019-06-11 21:00:00,0.69281
2019-06-11 22:00:00,0.6961122155189514
2019-06-12 21:00:00,0.69161
2019-06-12 22:00:00,0.6960880160331726
2019-06-13 21:00:00,0.68699
2019-06-13 22:00:00,0.6930487751960754
2019-06-14 22:00:00,0.6913239359855652
2019-06-16 21:00:00,0.68525
2019-06-17 21:00:00,0.68763
2019-06-17 22:00:00,0.6878904104232788
2019-06-18 21:00:00,0.68836
2019-06-18 22:00:00,0.6854009628295898
2019-06-19 21:00:00,0.69231
2019-06-19 22:00:00,0.6880418062210083
2019-06-20 21:00:00,0.69281
2019-06-20 22:00:00,0.688548743724823
2019-06-21 22:00:00,0.6922379732131958
2019-06-23 21:00:00,0.69632
2019-06-24 21:00:00,0.69607
2019-06-24 22:00:00,0.6944299936294556
2019-06-25 21:00:00,0.6985
2019-06-25 22:00:00,0.696567952632904
2019-06-26 21:00:00,0.70083
2019-06-26 22:00:00,0.6961848735809326
2019-06-27 21:00:00,0.70227
2019-06-27 22:00:00,0.6986606121063232
2019-06-28 22:00:00,0.7003781795501709
2019-06-30 21:00:00,0.6964
2019-07-01 21:00:00,0.69938
2019-07-01 22:00:00,0.702331006526947
2019-07-02 21:00:00,0.70301
2019-07-02 22:00:00,0.6964758634567261
2019-07-03 21:00:00,0.70227
2019-07-03 22:00:00,0.699594259262085
2019-07-04 21:00:00,0.69789
2019-07-04 22:00:00,0.7031310796737671
2019-07-05 22:00:00,0.702538251876831
2019-07-07 21:00:00,0.69735
2019-07-08 21:00:00,0.69287
2019-07-08 22:00:00,0.6982752084732056
2019-07-09 21:00:00,0.69598
2019-07-09 22:00:00,0.6973987221717834
2019-07-10 21:00:00,0.6975
2019-07-10 22:00:00,0.6927126049995422
2019-07-11 21:00:00,0.70222
2019-07-11 22:00:00,0.6961848735809326
2019-07-12 22:00:00,0.6972576975822449
2019-07-14 21:00:00,0.7039
2019-07-15 21:00:00,0.70112
2019-07-15 22:00:00,0.7017790079116821
2019-07-16 21:00:00,0.70097
2019-07-16 22:00:00,0.7040022611618042
2019-07-17 21:00:00,0.70752
2019-07-17 22:00:00,0.701655924320221
2019-07-18 21:00:00,0.70452
2019-07-18 22:00:00,0.7010164856910706
2019-07-19 22:00:00,0.7067188024520874
2019-07-21 21:00:00,0.70353
2019-07-22 21:00:00,0.70046
2019-07-22 22:00:00,0.7043097019195557
2019-07-23 21:00:00,0.6978
2019-07-23 22:00:00,0.7031854391098022
2019-07-24 21:00:00,0.69524
2019-07-24 22:00:00,0.6997410655021667
2019-07-25 21:00:00,0.69078
2019-07-25 22:00:00,0.697934091091156
2019-07-26 22:00:00,0.6952168941497803
2019-07-28 21:00:00,0.69011
2019-07-29 21:00:00,0.68727
2019-07-29 22:00:00,0.6906220316886902
2019-07-30 21:00:00,0.68463
2019-07-30 22:00:00,0.6899406909942627
2019-07-31 21:00:00,0.6802
2019-07-31 22:00:00,0.6875215172767639
2019-08-01 21:00:00,0.67984
2019-08-01 22:00:00,0.6846501231193542
2019-08-02 22:00:00,0.6803507804870605
2019-08-04 21:00:00,0.67566
2019-08-05 21:00:00,0.67582
2019-08-05 22:00:00,0.6793016791343689
2019-08-06 21:00:00,0.67594
2019-08-06 22:00:00,0.6763520240783691
2019-08-07 21:00:00,0.68011
2019-08-07 22:00:00,0.6763017177581787
2019-08-08 21:00:00,0.67835
2019-08-08 22:00:00,0.6758126616477966
2019-08-09 22:00:00,0.6811710596084595
2019-08-11 21:00:00,0.6749
2019-08-12 21:00:00,0.67961
2019-08-12 22:00:00,0.6776812076568604
2019-08-13 21:00:00,0.67473
2019-08-13 22:00:00,0.6755889058113098
2019-08-14 21:00:00,0.67767
2019-08-14 22:00:00,0.6797772645950317
2019-08-15 21:00:00,0.67768
2019-08-15 22:00:00,0.6754018664360046
2019-08-16 22:00:00,0.6772773265838623
2019-08-18 21:00:00,0.67636
2019-08-19 21:00:00,0.67769
2019-08-19 22:00:00,0.6786608695983887
2019-08-20 21:00:00,0.67808
2019-08-20 22:00:00,0.6755843758583069
2019-08-21 21:00:00,0.67554
2019-08-21 22:00:00,0.6775205135345459
2019-08-22 21:00:00,0.67519
2019-08-22 22:00:00,0.678499698638916
2019-08-23 22:00:00,0.6755843758583069
2019-08-25 21:00:00,0.67754
2019-08-26 21:00:00,0.67519
2019-08-26 22:00:00,0.6708078384399414
2019-08-27 21:00:00,0.6733
2019-08-27 22:00:00,0.6769564151763916
2019-08-28 21:00:00,0.67287
2019-08-28 22:00:00,0.6754383444786072
2019-08-29 21:00:00,0.67374
2019-08-29 22:00:00,0.6739588975906372
2019-08-30 22:00:00,0.673582136631012
2019-09-01 21:00:00,0.67152
2019-09-02 21:00:00,0.67624
2019-09-02 22:00:00,0.672766387462616
2019-09-03 21:00:00,0.67975
2019-09-03 22:00:00,0.6712490320205688
2019-09-04 21:00:00,0.68152
2019-09-04 22:00:00,0.6763977408409119
2019-09-05 21:00:00,0.68491
2019-09-05 22:00:00,0.6799945831298828
2019-09-06 22:00:00,0.6811803579330444
2019-09-08 21:00:00,0.6863
2019-09-09 21:00:00,0.68608
2019-09-09 22:00:00,0.6846688985824585
2019-09-10 21:00:00,0.68637
2019-09-10 22:00:00,0.6865302920341492
2019-09-11 21:00:00,0.68659
2019-09-11 22:00:00,0.6858522295951843
2019-09-12 21:00:00,0.6882
2019-09-12 22:00:00,0.6873797178268433
2019-09-13 22:00:00,0.6863889098167419
2019-09-15 21:00:00,0.68656
2019-09-16 21:00:00,0.68656
2019-09-16 22:00:00,0.6879944801330566
2019-09-17 21:00:00,0.68292
2019-09-17 22:00:00,0.686294674873352
2019-09-18 21:00:00,0.67926
2019-09-18 22:00:00,0.6866245269775391
2019-09-19 21:00:00,0.67624
2019-09-19 22:00:00,0.6825705766677856
2019-09-20 22:00:00,0.6792786121368408
2019-09-22 21:00:00,0.6772
2019-09-23 21:00:00,0.68002
2019-09-23 22:00:00,0.6769014596939087
2019-09-24 21:00:00,0.67498
2019-09-24 22:00:00,0.6775985956192017
2019-09-25 21:00:00,0.67479
2019-09-25 22:00:00,0.6799483299255371
2019-09-26 21:00:00,0.67661
2019-09-26 22:00:00,0.6755387783050537
2019-09-27 22:00:00,0.6754018664360046
2019-09-29 21:00:00,0.67497
2019-09-30 21:00:00,0.67033
2019-09-30 22:00:00,0.6760868430137634
2019-10-01 21:00:00,0.67073
2019-10-01 22:00:00,0.6753106117248535
2019-10-02 21:00:00,0.67413
2019-10-02 22:00:00,0.6708707809448242
2019-10-03 21:00:00,0.67665
2019-10-03 22:00:00,0.6709608435630798
2019-10-04 22:00:00,0.6745316982269287
2019-10-06 21:00:00,0.67321
2019-10-07 21:00:00,0.67278
2019-10-07 22:00:00,0.6764526963233948
2019-10-08 21:00:00,0.67232
2019-10-08 22:00:00,0.6732510924339294
2019-10-09 21:00:00,0.67614
2019-10-09 22:00:00,0.6728116869926453
2019-10-10 21:00:00,0.67937
2019-10-10 22:00:00,0.6718172430992126
2019-10-11 22:00:00,0.6763200163841248
2019-10-13 21:00:00,0.67762
2019-10-14 21:00:00,0.67558
2019-10-14 22:00:00,0.679638683795929
2019-10-15 21:00:00,0.67586
2019-10-15 22:00:00,0.6775398254394531
2019-10-16 21:00:00,0.68248
2019-10-16 22:00:00,0.6753197908401489
2019-10-17 21:00:00,0.68564
2019-10-17 22:00:00,0.6756391525268555
2019-10-18 22:00:00,0.6825472712516785
2019-10-20 21:00:00,0.68674
2019-10-21 21:00:00,0.68566
2019-10-21 22:00:00,0.6847720146179199
2019-10-22 21:00:00,0.68541
2019-10-22 22:00:00,0.6870585680007935
2019-10-23 21:00:00,0.68171
2019-10-23 22:00:00,0.6861298680305481
2019-10-24 21:00:00,0.6821
2019-10-24 22:00:00,0.6850300431251526
2019-10-25 22:00:00,0.6816632747650146
2019-10-27 21:00:00,0.68381
2019-10-28 21:00:00,0.68644
2019-10-28 22:00:00,0.682400107383728
2019-10-29 21:00:00,0.69013
2019-10-29 22:00:00,0.6839599013328552
2019-10-30 21:00:00,0.68939
2019-10-30 22:00:00,0.6855888962745667
2019-10-31 21:00:00,0.6913
2019-10-31 22:00:00,0.6897883415222168
2019-11-01 22:00:00,0.6892986297607422
2019-11-03 22:00:00,0.68847
2019-11-04 22:00:00,0.68929
2019-11-05 22:00:00,0.68839
2019-11-06 22:00:00,0.68978
2019-11-07 22:00:00,0.68581
2019-11-08 22:00:00,0.6860997080802917
2019-11-10 22:00:00,0.68503
2019-11-11 22:00:00,0.68411
2019-11-12 22:00:00,0.68375
2019-11-13 22:00:00,0.67861
2019-11-14 22:00:00,0.68206
2019-11-15 22:00:00,0.6788313388824463
2019-11-17 22:00:00,0.68085
2019-11-18 22:00:00,0.68279
2019-11-19 22:00:00,0.68017
2019-11-20 22:00:00,0.67873
2019-11-21 22:00:00,0.67857
2019-11-22 22:00:00,0.6789419054985046
2019-11-24 22:00:00,0.67771
2019-11-25 22:00:00,0.67866
2019-11-26 22:00:00,0.67749
2019-11-27 22:00:00,0.67686
2019-11-28 22:00:00,0.67603
2019-11-29 22:00:00,0.6769000291824341
2019-12-01 22:00:00,0.68187
2019-12-02 22:00:00,0.68485
2019-12-03 22:00:00,0.68486
2019-12-04 22:00:00,0.68325
2019-12-05 22:00:00,0.68409
2019-12-06 22:00:00,0.6833000183105469
2019-12-08 22:00:00,0.68221
2019-12-09 22:00:00,0.68106
2019-12-10 22:00:00,0.68776
2019-12-11 22:00:00,0.69098
2019-12-12 22:00:00,0.68753
2019-12-13 22:00:00,0.6927126049995422
2019-12-15 22:00:00,0.6885
2019-12-16 22:00:00,0.68513
2019-12-17 22:00:00,0.68544
2019-12-18 22:00:00,0.68851
2019-12-19 22:00:00,0.69005
2019-12-20 22:00:00,0.6893000602722168
2019-12-22 22:00:00,0.69226
2019-12-23 22:00:00,0.6921
2019-12-24 22:00:00,0.6925197839736938
2019-12-25 22:00:00,0.69463
2019-12-26 22:00:00,0.69837
2019-12-27 22:00:00,0.6946374177932739
2019-12-29 22:00:00,0.69939
2019-12-30 22:00:00,0.70165
2019-12-31 22:00:00,0.7001398801803589
2020-01-01 22:00:00,0.69895
2020-01-02 22:00:00,0.69449
2020-01-03 22:00:00,0.6985191702842712
2020-01-05 22:00:00,0.694
2020-01-06 22:00:00,0.68684
2020-01-07 22:00:00,0.68658
2020-01-08 22:00:00,0.68583
2020-01-09 22:00:00,0.68988
2020-01-10 22:00:00,0.6853210926055908
2020-01-12 22:00:00,0.69029
2020-01-13 22:00:00,0.6904
2020-01-14 22:00:00,0.69062
2020-01-15 22:00:00,0.68963
2020-01-16 22:00:00,0.68717
2020-01-17 22:00:00,0.6901001930236816
2020-01-19 22:00:00,0.68722
2020-01-20 22:00:00,0.68448
2020-01-21 22:00:00,0.68432
2020-01-22 22:00:00,0.68486
2020-01-23 22:00:00,0.68258
2020-01-24 22:00:00,0.6839804649353027
2020-01-26 22:00:00,0.67601
2020-01-27 22:00:00,0.67628
2020-01-28 22:00:00,0.67531
2020-01-29 22:00:00,0.67205
2020-01-30 22:00:00,0.66866
2020-01-31 22:00:00,0.6708257794380188
2020-02-02 22:00:00,0.66926
2020-02-03 22:00:00,0.67376
2020-02-04 22:00:00,0.67468
2020-02-05 22:00:00,0.67317
2020-02-06 22:00:00,0.66765
2020-02-07 22:00:00,0.6733997464179993
2020-02-09 22:00:00,0.66863
2020-02-10 22:00:00,0.67129
2020-02-11 22:00:00,0.6737
2020-02-12 22:00:00,0.67186
2020-02-13 22:00:00,0.67139
2020-02-14 22:00:00,0.6721997857093811
2020-02-16 22:00:00,0.67134
2020-02-17 22:00:00,0.66885
2020-02-18 22:00:00,0.6678
2020-02-19 22:00:00,0.66124
2020-02-20 22:00:00,0.66269
2020-02-21 22:00:00,0.6613800525665283
2020-02-23 22:00:00,0.66047
2020-02-24 22:00:00,0.66009
2020-02-25 22:00:00,0.65425
2020-02-26 22:00:00,0.65689
2020-02-27 22:00:00,0.65056
2020-02-28 22:00:00,0.6580203175544739
2020-03-01 22:00:00,0.65393
2020-03-02 22:00:00,0.65835
2020-03-03 22:00:00,0.66261
2020-03-04 22:00:00,0.66093
2020-03-05 22:00:00,0.66434
2020-03-06 22:00:00,0.6615506410598755
2020-03-08 21:00:00,0.6586
2020-03-09 21:00:00,0.65134
2020-03-09 22:00:00,0.6613581776618958
2020-03-10 21:00:00,0.6483
2020-03-10 22:00:00,0.6597998738288879
2020-03-11 21:00:00,0.62313
2020-03-11 22:00:00,0.6499098539352417
2020-03-12 21:00:00,0.61776
2020-03-12 22:00:00,0.647939920425415
2020-03-13 22:00:00,0.6274116039276123
2020-03-15 21:00:00,0.61193
2020-03-16 21:00:00,0.59961
2020-03-16 22:00:00,0.6177682876586914
2020-03-17 21:00:00,0.57724
2020-03-17 22:00:00,0.6099420189857483
2020-03-18 21:00:00,0.57426
2020-03-18 22:00:00,0.5992200374603271
2020-03-19 21:00:00,0.58012
2020-03-19 22:00:00,0.5809798836708069
2020-03-20 22:00:00,0.5742902159690857
2020-03-22 21:00:00,0.58241
2020-03-23 21:00:00,0.59564
2020-03-23 22:00:00,0.5753309726715088
2020-03-24 21:00:00,0.59589
2020-03-24 22:00:00,0.5876600742340088
2020-03-25 21:00:00,0.60591
2020-03-25 22:00:00,0.597550094127655
2020-03-26 21:00:00,0.61655
2020-03-26 22:00:00,0.5908098220825195
2020-03-27 22:00:00,0.60791015625
2020-03-29 21:00:00,0.61694
2020-03-30 21:00:00,0.6137
2020-03-30 22:00:00,0.618058443069458
2020-03-31 21:00:00,0.60737
2020-03-31 22:00:00,0.6168993711471558
2020-04-01 21:00:00,0.60586
2020-04-01 22:00:00,0.6136998534202576
2020-04-02 21:00:00,0.59946
2020-04-02 22:00:00,0.6091395616531372
2020-04-03 22:00:00,0.6063215136528015
2020-04-05 21:00:00,0.60872
2020-04-06 21:00:00,0.61701
2020-04-06 22:00:00,0.5994700789451599
2020-04-07 21:00:00,0.62285
2020-04-07 22:00:00,0.6117599606513977
2020-04-08 21:00:00,0.63386
2020-04-08 22:00:00,0.6152199506759644
2020-04-09 21:00:00,0.63487
2020-04-09 22:00:00,0.6235308051109314
2020-04-10 22:00:00,0.6332600712776184
2020-04-12 21:00:00,0.63824
2020-04-13 21:00:00,0.64418
2020-04-13 22:00:00,0.6335208415985107
2020-04-14 21:00:00,0.63178
2020-04-14 22:00:00,0.6401106119155884
2020-04-15 21:00:00,0.63241
2020-04-15 22:00:00,0.6434298753738403
2020-04-16 21:00:00,0.6363
2020-04-16 22:00:00,0.6308901309967041
2020-04-17 22:00:00,0.6358600854873657
2020-04-19 21:00:00,0.63354
2020-04-20 21:00:00,0.62819
2020-04-20 22:00:00,0.6340188980102539
2020-04-21 21:00:00,0.63212
2020-04-21 22:00:00,0.6345701217651367
2020-04-22 21:00:00,0.63695
2020-04-22 22:00:00,0.6293998956680298
2020-04-23 21:00:00,0.63962
2020-04-23 22:00:00,0.6298998594284058
2020-04-24 22:00:00,0.6376798748970032
2020-04-26 21:00:00,0.64636
2020-04-27 21:00:00,0.64912
2020-04-27 22:00:00,0.6397543549537659
2020-04-28 21:00:00,0.65569
2020-04-28 22:00:00,0.6449116468429565
2020-04-29 21:00:00,0.6512
2020-04-29 22:00:00,0.6502699255943298
2020-04-30 21:00:00,0.64204
2020-04-30 22:00:00,0.6555013060569763
2020-05-01 22:00:00,0.6495501399040222
2020-05-03 21:00:00,0.64257
2020-05-04 21:00:00,0.64335
2020-05-04 22:00:00,0.6376819014549255
2020-05-05 21:00:00,0.64043
2020-05-05 22:00:00,0.642611563205719
2020-05-06 21:00:00,0.64956
2020-05-06 22:00:00,0.6436000466346741
2020-05-07 21:00:00,0.65299
2020-05-07 22:00:00,0.6390756368637085
2020-05-08 22:00:00,0.6503299474716187
2020-05-10 21:00:00,0.6488
2020-05-11 21:00:00,0.64715
2020-05-11 22:00:00,0.653710126876831
2020-05-12 21:00:00,0.64564
2020-05-12 22:00:00,0.6484664082527161
2020-05-13 21:00:00,0.64618
2020-05-13 22:00:00,0.6455298662185669
2020-05-14 21:00:00,0.64159
2020-05-14 22:00:00,0.6454944014549255
2020-05-15 22:00:00,0.6471235156059265
2020-05-17 21:00:00,0.65238
2020-05-18 21:00:00,0.65369
2020-05-18 22:00:00,0.6425785422325134
2020-05-19 21:00:00,0.65993
2020-05-19 22:00:00,0.652600109577179
2020-05-20 21:00:00,0.6565
2020-05-20 22:00:00,0.6540094017982483
2020-05-21 21:00:00,0.65361
2020-05-21 22:00:00,0.65923011302948
2020-05-22 22:00:00,0.6566894054412842
2020-05-24 21:00:00,0.6545
2020-05-25 21:00:00,0.6656
2020-05-25 22:00:00,0.6545788049697876
2020-05-26 21:00:00,0.66237
2020-05-26 22:00:00,0.6547399163246155
2020-05-27 21:00:00,0.66364
2020-05-27 22:00:00,0.6646699905395508
2020-05-28 21:00:00,0.66679
2020-05-28 22:00:00,0.6620806455612183
2020-05-29 22:00:00,0.6633498668670654
2020-05-31 21:00:00,0.67976
2020-06-01 21:00:00,0.68974
2020-06-01 22:00:00,0.6659784913063049
2020-06-02 21:00:00,0.69229
2020-06-02 22:00:00,0.6786000728607178
2020-06-03 21:00:00,0.69426
2020-06-03 22:00:00,0.6914199590682983
2020-06-04 21:00:00,0.69659
2020-06-04 22:00:00,0.6929046511650085
2020-06-05 22:00:00,0.6939899921417236
2020-06-07 21:00:00,0.70198
2020-06-08 21:00:00,0.69604
2020-06-08 22:00:00,0.700239896774292
2020-06-09 21:00:00,0.69982
2020-06-09 22:00:00,0.7024494409561157
2020-06-10 21:00:00,0.68543
2020-06-10 22:00:00,0.6942998170852661
2020-06-11 21:00:00,0.68704
2020-06-11 22:00:00,0.6968300938606262
2020-06-12 22:00:00,0.6830880641937256
2020-06-14 21:00:00,0.69193
2020-06-15 21:00:00,0.68888
2020-06-15 22:00:00,0.6825007200241089
2020-06-16 21:00:00,0.68833
2020-06-16 22:00:00,0.695820152759552
2020-06-17 21:00:00,0.68524
2020-06-17 22:00:00,0.6895315051078796
2020-06-18 21:00:00,0.68349
2020-06-18 22:00:00,0.6875702142715454
2020-06-19 22:00:00,0.6857205629348755
2020-06-21 21:00:00,0.69092
2020-06-22 21:00:00,0.69299
2020-06-22 22:00:00,0.6822911500930786
2020-06-23 21:00:00,0.68685
2020-06-23 22:00:00,0.6931601762771606
2020-06-24 21:00:00,0.68871
2020-06-24 22:00:00,0.6940299272537231
2020-06-25 21:00:00,0.68606
2020-06-25 22:00:00,0.685678243637085
2020-06-26 22:00:00,0.6888190507888794
2020-06-28 21:00:00,0.68662
2020-06-29 21:00:00,0.69029
2020-06-29 22:00:00,0.6861910820007324
2020-06-30 21:00:00,0.69146
2020-06-30 22:00:00,0.6871907711029053
2020-07-01 21:00:00,0.69262
2020-07-01 22:00:00,0.69020015001297
2020-07-02 21:00:00,0.69383
2020-07-02 22:00:00,0.6913239359855652
2020-07-03 22:00:00,0.6919199228286743
2020-07-05 21:00:00,0.69736
2020-07-06 21:00:00,0.69459
2020-07-06 22:00:00,0.694840133190155
2020-07-07 21:00:00,0.69807
2020-07-07 22:00:00,0.6976999044418335
2020-07-08 21:00:00,0.69631
2020-07-08 22:00:00,0.6942322850227356
2020-07-09 21:00:00,0.6947
2020-07-09 22:00:00,0.6989096999168396
2020-07-10 22:00:00,0.695894181728363
2020-07-12 21:00:00,0.69394
2020-07-13 21:00:00,0.69767
2020-07-13 22:00:00,0.6950284838676453
2020-07-14 21:00:00,0.70069
2020-07-14 22:00:00,0.6940106749534607
2020-07-15 21:00:00,0.69722
2020-07-15 22:00:00,0.6988999247550964
2020-07-16 21:00:00,0.69961
2020-07-16 22:00:00,0.7009181976318359
2020-07-17 22:00:00,0.6978002190589905
2020-07-19 21:00:00,0.70174
2020-07-20 21:00:00,0.7129
2020-07-20 22:00:00,0.7004998922348022
2020-07-21 21:00:00,0.71405
2020-07-21 22:00:00,0.7025925517082214
2020-07-22 21:00:00,0.70987
2020-07-22 22:00:00,0.7135599255561829
2020-07-23 21:00:00,0.71059
2020-07-23 22:00:00,0.7140816450119019
2020-07-24 22:00:00,0.7100104689598083
2020-07-26 21:00:00,0.71497
2020-07-27 21:00:00,0.7159
2020-07-27 22:00:00,0.7098188996315002
2020-07-28 21:00:00,0.7187
2020-07-28 22:00:00,0.7159000635147095
2020-07-29 21:00:00,0.71953
2020-07-29 22:00:00,0.71602463722229
2020-07-30 21:00:00,0.7142
2020-07-30 22:00:00,0.7171697616577148
2020-07-31 22:00:00,0.7203676700592041
2020-08-02 21:00:00,0.71229
2020-08-03 21:00:00,0.7161
2020-08-03 22:00:00,0.7146890163421631
2020-08-04 21:00:00,0.71912
2020-08-04 22:00:00,0.7117944359779358
2020-08-05 21:00:00,0.72353
2020-08-05 22:00:00,0.7177102565765381
2020-08-06 21:00:00,0.716
2020-08-06 22:00:00,0.7199097275733948
2020-08-07 22:00:00,0.7230997681617737
2020-08-09 21:00:00,0.71487
2020-08-10 21:00:00,0.71431
2020-08-10 22:00:00,0.7157120108604431
2020-08-11 21:00:00,0.71619
2020-08-11 22:00:00,0.7158001661300659
2020-08-12 21:00:00,0.7147
2020-08-12 22:00:00,0.7145199775695801
2020-08-13 21:00:00,0.71724
2020-08-13 22:00:00,0.7164863348007202
2020-08-14 22:00:00,0.7148800492286682
2020-08-16 21:00:00,0.72151
2020-08-17 21:00:00,0.72427
2020-08-17 22:00:00,0.7192589044570923
2020-08-18 21:00:00,0.7181
2020-08-18 22:00:00,0.7218131422996521
2020-08-19 21:00:00,0.71922
2020-08-19 22:00:00,0.7257947325706482
2020-08-20 21:00:00,0.71603
2020-08-20 22:00:00,0.7188039422035217
2020-08-21 22:00:00,0.7206116914749146
2020-08-23 21:00:00,0.71612
2020-08-24 21:00:00,0.71939
2020-08-24 22:00:00,0.7161374688148499
2020-08-25 21:00:00,0.72341
2020-08-25 22:00:00,0.7168900370597839
2020-08-26 21:00:00,0.72591
2020-08-26 22:00:00,0.7199320793151855
2020-08-27 21:00:00,0.73655
2020-08-27 22:00:00,0.7245011925697327
2020-08-28 22:00:00,0.7269898653030396
2020-08-30 21:00:00,0.73754
2020-08-31 21:00:00,0.73724
2020-08-31 22:00:00,0.7373000383377075
2020-09-01 21:00:00,0.73372
2020-09-01 22:00:00,0.738099992275238
2020-09-02 21:00:00,0.72734
2020-09-02 22:00:00,0.7378494143486023
2020-09-03 21:00:00,0.72848
2020-09-03 22:00:00,0.7331109642982483
2020-09-04 22:00:00,0.725584089756012
2020-09-06 21:00:00,0.72757
2020-09-07 21:00:00,0.72135
2020-09-07 22:00:00,0.7282207608222961
2020-09-08 21:00:00,0.72829
2020-09-08 22:00:00,0.7280998229980469
2020-09-09 21:00:00,0.72576
2020-09-09 22:00:00,0.7209399938583374
2020-09-10 21:00:00,0.72817
2020-09-10 22:00:00,0.727660059928894
2020-09-11 22:00:00,0.7262997627258301
2020-09-13 21:00:00,0.72889
2020-09-14 21:00:00,0.73018
2020-09-14 22:00:00,0.728151798248291
2020-09-15 21:00:00,0.73052
2020-09-15 22:00:00,0.7286000847816467
2020-09-16 21:00:00,0.73117
2020-09-16 22:00:00,0.7296819686889648
2020-09-17 21:00:00,0.72886
2020-09-17 22:00:00,0.7295500040054321
2020-09-18 22:00:00,0.7313095927238464
2020-09-20 21:00:00,0.72237
2020-09-21 21:00:00,0.71696
2020-09-21 22:00:00,0.729341447353363
2020-09-22 21:00:00,0.70722
2020-09-22 22:00:00,0.7231180667877197
2020-09-23 21:00:00,0.70457
2020-09-23 22:00:00,0.717442512512207
2020-09-24 21:00:00,0.70302
2020-09-24 22:00:00,0.7069001197814941
2020-09-25 22:00:00,0.7057162523269653
2020-09-27 21:00:00,0.70724
2020-09-28 21:00:00,0.71326
2020-09-28 22:00:00,0.7041906118392944
2020-09-29 21:00:00,0.71632
2020-09-29 22:00:00,0.7095197439193726
2020-09-30 21:00:00,0.71823
2020-09-30 22:00:00,0.714360237121582
2020-10-01 21:00:00,0.71634
2020-10-01 22:00:00,0.716650664806366
2020-10-02 22:00:00,0.7182875871658325
2020-10-04 21:00:00,0.71812
2020-10-05 21:00:00,0.71006
2020-10-05 22:00:00,0.7177205085754395
2020-10-06 21:00:00,0.71401
2020-10-06 22:00:00,0.7193209528923035
2020-10-07 21:00:00,0.71675
2020-10-07 22:00:00,0.7110099792480469
2020-10-08 21:00:00,0.72406
2020-10-08 22:00:00,0.713820219039917
2020-10-09 22:00:00,0.7177998423576355
2020-10-11 21:00:00,0.72089
2020-10-12 21:00:00,0.71605
2020-10-12 22:00:00,0.7224597930908203
2020-10-13 21:00:00,0.71625
2020-10-13 22:00:00,0.721188485622406
2020-10-14 21:00:00,0.70937
2020-10-14 22:00:00,0.7164401412010193
2020-10-15 21:00:00,0.70766
2020-10-15 22:00:00,0.7141479849815369
2020-10-16 22:00:00,0.7088397741317749
2020-10-18 21:00:00,0.70686
2020-10-19 21:00:00,0.70479
2020-10-19 22:00:00,0.7095997929573059
2020-10-20 21:00:00,0.71177
2020-10-20 22:00:00,0.7056167125701904
2020-10-21 21:00:00,0.71171
2020-10-21 22:00:00,0.7049998641014099
2020-10-22 21:00:00,0.7137
2020-10-22 22:00:00,0.7105603218078613
2020-10-23 22:00:00,0.7126100659370422
2020-10-25 21:00:00,0.71233
2020-10-26 21:00:00,0.71289
2020-10-26 22:00:00,0.7132006287574768
2020-10-27 21:00:00,0.70437
2020-10-27 22:00:00,0.7117098569869995
2020-10-28 21:00:00,0.70274
2020-10-28 22:00:00,0.7123100757598877
2020-10-29 21:00:00,0.70276
2020-10-29 22:00:00,0.7055200934410095
2020-10-30 22:00:00,0.7037599682807922
2020-11-01 22:00:00,0.70572
2020-11-02 22:00:00,0.71644
2020-11-03 22:00:00,0.71773
2020-11-04 22:00:00,0.72833
2020-11-05 22:00:00,0.72596
2020-11-06 22:00:00,0.7262701988220215
2020-11-08 22:00:00,0.72796
2020-11-09 22:00:00,0.72864
2020-11-10 22:00:00,0.72797
2020-11-11 22:00:00,0.72333
2020-11-12 22:00:00,0.72696
2020-11-13 22:00:00,0.7240185737609863
2020-11-15 22:00:00,0.73211
2020-11-16 22:00:00,0.73
2020-11-17 22:00:00,0.73072
2020-11-18 22:00:00,0.72843
2020-11-19 22:00:00,0.73048
2020-11-20 22:00:00,0.7269100546836853
2020-11-22 22:00:00,0.72862
2020-11-23 22:00:00,0.73608
2020-11-24 22:00:00,0.73661
2020-11-25 22:00:00,0.73594
2020-11-26 22:00:00,0.73792
2020-11-27 22:00:00,0.7357999682426453
2020-11-29 22:00:00,0.7344
2020-11-30 22:00:00,0.73724
2020-12-01 22:00:00,0.74159
2020-12-02 22:00:00,0.74417
2020-12-03 22:00:00,0.74274
2020-12-04 22:00:00,0.7438998222351074
2020-12-06 22:00:00,0.74191
2020-12-07 22:00:00,0.74087
2020-12-08 22:00:00,0.74425
2020-12-09 22:00:00,0.75345
2020-12-10 22:00:00,0.75351
2020-12-11 22:00:00,0.7524397969245911
2020-12-13 22:00:00,0.75327
2020-12-14 22:00:00,0.75575
2020-12-15 22:00:00,0.75771
2020-12-16 22:00:00,0.76264
2020-12-17 22:00:00,0.76218
2020-12-18 22:00:00,0.7615299224853516
2020-12-20 22:00:00,0.75857
2020-12-21 22:00:00,0.75223
2020-12-22 22:00:00,0.75778
2020-12-23 22:00:00,0.75888
2020-12-24 22:00:00,0.7579599022865295
2020-12-25 22:00:00,0.7606801390647888
2020-12-27 22:00:00,0.75813
2020-12-28 22:00:00,0.76069
2020-12-29 22:00:00,0.76858
2020-12-30 22:00:00,0.7693
2020-12-31 22:00:00,0.7689290642738342
2021-01-01 22:00:00,0.7702973484992981
2021-01-03 22:00:00,0.76665
2021-01-04 22:00:00,0.77607
2021-01-05 22:00:00,0.78063
2021-01-06 22:00:00,0.77663
2021-01-07 22:00:00,0.77649
2021-01-08 22:00:00,0.7768999934196472
2021-01-10 22:00:00,0.76954
2021-01-11 22:00:00,0.77739
2021-01-12 22:00:00,0.77335
2021-01-13 22:00:00,0.7779
2021-01-14 22:00:00,0.77033
2021-01-15 22:00:00,0.777580201625824
2021-01-17 22:00:00,0.76788
2021-01-18 22:00:00,0.76966
2021-01-19 22:00:00,0.77462
2021-01-20 22:00:00,0.77647
2021-01-21 22:00:00,0.77154
2021-01-22 22:00:00,0.7761022448539734
2021-01-24 22:00:00,0.77129
2021-01-25 22:00:00,0.77475
2021-01-26 22:00:00,0.76632
2021-01-27 22:00:00,0.76769
2021-01-28 22:00:00,0.76412
2021-01-29 22:00:00,0.7669699192047119
2021-01-31 22:00:00,0.76205
2021-02-01 22:00:00,0.76082
2021-02-02 22:00:00,0.76203
2021-02-03 22:00:00,0.75999
2021-02-04 22:00:00,0.76773
2021-02-05 22:00:00,0.7603002190589905
2021-02-07 22:00:00,0.77044
2021-02-08 22:00:00,0.77385
2021-02-09 22:00:00,0.77217
2021-02-10 22:00:00,0.77535
2021-02-11 22:00:00,0.77612
2021-02-12 22:00:00,0.7753999829292297
2021-02-14 22:00:00,0.77801
2021-02-15 22:00:00,0.77522
2021-02-16 22:00:00,0.77508
2021-02-17 22:00:00,0.77693
2021-02-18 22:00:00,0.78685
2021-02-19 22:00:00,0.7767997980117798
2021-02-21 22:00:00,0.79162
2021-02-22 22:00:00,0.7912
2021-02-23 22:00:00,0.79672
2021-02-24 22:00:00,0.78724
2021-02-25 22:00:00,0.77031
2021-02-26 22:00:00,0.7870000004768372
2021-02-28 22:00:00,0.77726
2021-03-01 22:00:00,0.78191
2021-03-02 22:00:00,0.77739
2021-03-03 22:00:00,0.77208
2021-03-04 22:00:00,0.76821
2021-03-05 22:00:00,0.7715603113174438
2021-03-07 22:00:00,0.76479
2021-03-08 22:00:00,0.7721
2021-03-09 22:00:00,0.77355
2021-03-10 22:00:00,0.77887
2021-03-11 22:00:00,0.77582
2021-03-12 22:00:00,0.7787615656852722
2021-03-14 21:00:00,0.77553
2021-03-15 21:00:00,0.77448
2021-03-15 22:00:00,0.7762998938560486
2021-03-16 21:00:00,0.77943
2021-03-16 22:00:00,0.7750135660171509
2021-03-17 21:00:00,0.77616
2021-03-17 22:00:00,0.77455735206604
2021-03-18 21:00:00,0.77459
2021-03-18 22:00:00,0.7813000679016113
2021-03-19 22:00:00,0.7753699421882629
2021-03-21 21:00:00,0.77455
2021-03-22 21:00:00,0.76255
2021-03-22 22:00:00,0.7722502946853638
2021-03-23 21:00:00,0.75801
2021-03-23 22:00:00,0.7745501399040222
2021-03-24 21:00:00,0.75788
2021-03-24 22:00:00,0.7604701519012451
2021-03-25 21:00:00,0.76411
2021-03-25 22:00:00,0.7591003179550171
2021-03-26 22:00:00,0.7594000697135925
2021-03-28 21:00:00,0.76312
2021-03-29 21:00:00,0.75955
2021-03-29 22:00:00,0.7637377381324768
2021-03-30 21:00:00,0.75951
2021-03-30 22:00:00,0.7641170620918274
2021-03-31 21:00:00,0.76171
2021-03-31 22:00:00,0.7608798146247864
2021-04-01 21:00:00,0.76034
2021-04-01 22:00:00,0.7594098448753357
2021-04-02 22:00:00,0.7619001269340515
2021-04-04 21:00:00,0.76525
2021-04-05 21:00:00,0.76644
2021-04-05 22:00:00,0.7620998620986938
2021-04-06 21:00:00,0.76116
2021-04-06 22:00:00,0.7658727169036865
2021-04-07 21:00:00,0.76533
2021-04-07 22:00:00,0.7666947841644287
2021-04-08 21:00:00,0.76188
2021-04-08 22:00:00,0.7613884806632996
2021-04-09 22:00:00,0.7659003138542175
2021-04-11 21:00:00,0.76233
2021-04-12 21:00:00,0.76439
2021-04-12 22:00:00,0.7626002430915833
2021-04-13 21:00:00,0.77228
2021-04-13 22:00:00,0.7627707123756409
2021-04-14 21:00:00,0.77489
2021-04-14 22:00:00,0.7647499442100525
2021-04-15 21:00:00,0.77337
2021-04-15 22:00:00,0.772509753704071
2021-04-16 22:00:00,0.7751697301864624
2021-04-18 21:00:00,0.77575
2021-04-19 21:00:00,0.77239
2021-04-19 22:00:00,0.7714025974273682
2021-04-20 21:00:00,0.77515
2021-04-20 22:00:00,0.7767002582550049
2021-04-21 21:00:00,0.7707
2021-04-21 22:00:00,0.7723796963691711
2021-04-22 21:00:00,0.77488
2021-04-22 22:00:00,0.7754402756690979
2021-04-23 22:00:00,0.7705348134040833
2021-04-25 21:00:00,0.77977
2021-04-26 21:00:00,0.77655
2021-04-26 22:00:00,0.7743114233016968
2021-04-27 21:00:00,0.77934
2021-04-27 22:00:00,0.7799704074859619
2021-04-28 21:00:00,0.77644
2021-04-28 22:00:00,0.7770001888275146
2021-04-29 21:00:00,0.77118
2021-04-29 22:00:00,0.7801297307014465
2021-04-30 22:00:00,0.777762234210968
2021-05-02 21:00:00,0.77618
2021-05-03 21:00:00,0.77097
2021-05-03 22:00:00,0.7722997665405273
2021-05-04 21:00:00,0.7747
2021-05-04 22:00:00,0.7758914828300476
2021-05-05 21:00:00,0.7785
2021-05-05 22:00:00,0.7713799476623535
2021-05-06 21:00:00,0.78438
2021-05-06 22:00:00,0.7751199007034302
2021-05-07 22:00:00,0.7787312865257263
2021-05-09 21:00:00,0.78271
2021-05-10 21:00:00,0.78405
2021-05-10 22:00:00,0.7858793139457703
2021-05-11 21:00:00,0.77241
2021-05-11 22:00:00,0.7838999032974243
2021-05-12 21:00:00,0.7727
2021-05-12 22:00:00,0.7838096022605896
2021-05-13 21:00:00,0.77828
2021-05-13 22:00:00,0.7732301950454712
2021-05-14 22:00:00,0.7726202011108398
2021-05-16 21:00:00,0.77676
2021-05-17 21:00:00,0.7789
2021-05-17 22:00:00,0.7778711318969727
2021-05-18 21:00:00,0.7726
2021-05-18 22:00:00,0.7773698568344116
2021-05-19 21:00:00,0.77741
2021-05-19 22:00:00,0.7789981961250305
2021-05-20 21:00:00,0.773
2021-05-20 22:00:00,0.772030234336853
2021-05-21 22:00:00,0.7770001888275146
2021-05-23 21:00:00,0.77516
2021-05-24 21:00:00,0.77534
2021-05-24 22:00:00,0.7730000615119934
2021-05-25 21:00:00,0.77402
2021-05-25 22:00:00,0.7750802040100098
2021-05-26 21:00:00,0.77442
2021-05-26 22:00:00,0.7753139734268188
2021-05-27 21:00:00,0.77082
2021-05-27 22:00:00,0.7739902138710022
2021-05-28 22:00:00,0.774250328540802
2021-05-30 21:00:00,0.77305
2021-05-31 21:00:00,0.77518
2021-05-31 22:00:00,0.7710099816322327
2021-06-01 21:00:00,0.7751
2021-06-01 22:00:00,0.7743498086929321
2021-06-02 21:00:00,0.76603
2021-06-02 22:00:00,0.7755900025367737
2021-06-03 21:00:00,0.77432
2021-06-03 22:00:00,0.7744301557540894
2021-06-04 22:00:00,0.7665772438049316
2021-06-06 21:00:00,0.77559
2021-06-07 21:00:00,0.77363
2021-06-07 22:00:00,0.7744001746177673
2021-06-08 21:00:00,0.77314
2021-06-08 22:00:00,0.7756296992301941
2021-06-09 21:00:00,0.77522
2021-06-09 22:00:00,0.7736998200416565
2021-06-10 21:00:00,0.77028
2021-06-10 22:00:00,0.7729498147964478
2021-06-11 22:00:00,0.7747998237609863
2021-06-13 21:00:00,0.77106
2021-06-14 21:00:00,0.76861
2021-06-14 22:00:00,0.7708911895751953
2021-06-15 21:00:00,0.76083
2021-06-15 22:00:00,0.7712002992630005
2021-06-16 21:00:00,0.75507
2021-06-16 22:00:00,0.7686217427253723
2021-06-17 21:00:00,0.74793
2021-06-17 22:00:00,0.7616726756095886
2021-06-18 22:00:00,0.7556899189949036
2021-06-20 21:00:00,0.75385
2021-06-21 21:00:00,0.75513
2021-06-21 22:00:00,0.7503997683525085
2021-06-22 21:00:00,0.75762
2021-06-22 22:00:00,0.7534897923469543
2021-06-23 21:00:00,0.75824
2021-06-23 22:00:00,0.7554810047149658
2021-06-24 21:00:00,0.75931
2021-06-24 22:00:00,0.7574437856674194
2021-06-25 22:00:00,0.7582076191902161
2021-06-27 21:00:00,0.7566
2021-06-28 21:00:00,0.75107
2021-06-28 22:00:00,0.7594998478889465
2021-06-29 21:00:00,0.74994
2021-06-29 22:00:00,0.756840169429779
2021-06-30 21:00:00,0.74704
2021-06-30 22:00:00,0.7513599991798401
2021-07-01 21:00:00,0.75258
2021-07-01 22:00:00,0.7497701644897461
2021-07-02 22:00:00,0.7465806603431702
2021-07-04 21:00:00,0.75279
2021-07-05 21:00:00,0.7493
2021-07-05 22:00:00,0.7518599033355713
2021-07-06 21:00:00,0.74811
2021-07-06 22:00:00,0.7543002963066101
2021-07-07 21:00:00,0.74316
2021-07-07 22:00:00,0.7494998574256897
2021-07-08 21:00:00,0.74901
2021-07-08 22:00:00,0.7484413981437683
2021-07-09 22:00:00,0.7433286309242249
2021-07-11 21:00:00,0.74804
2021-07-12 21:00:00,0.74426
2021-07-12 22:00:00,0.749007523059845
2021-07-13 21:00:00,0.74818
2021-07-13 22:00:00,0.7480998039245605
2021-07-14 21:00:00,0.74227
2021-07-14 22:00:00,0.7441999316215515
2021-07-15 21:00:00,0.73954
2021-07-15 22:00:00,0.7480382323265076
2021-07-16 22:00:00,0.7423000931739807
2021-07-18 21:00:00,0.73448
2021-07-19 21:00:00,0.73276
2021-07-19 22:00:00,0.7390999794006348
2021-07-20 21:00:00,0.73572
2021-07-20 22:00:00,0.7339202165603638
2021-07-21 21:00:00,0.73795
2021-07-21 22:00:00,0.7338911294937134
2021-07-22 21:00:00,0.73633
2021-07-22 22:00:00,0.7352616786956787
2021-07-23 22:00:00,0.7380498647689819
2021-07-25 21:00:00,0.73805
2021-07-26 21:00:00,0.73575
2021-07-26 22:00:00,0.7368219494819641
2021-07-27 21:00:00,0.73737
2021-07-27 22:00:00,0.738825261592865
2021-07-28 21:00:00,0.73955
2021-07-28 22:00:00,0.7366374135017395
2021-07-29 21:00:00,0.7347
2021-07-29 22:00:00,0.7377101182937622
2021-07-30 22:00:00,0.739609956741333
2021-08-01 21:00:00,0.73639
2021-08-02 21:00:00,0.73941
2021-08-02 22:00:00,0.7342305779457092
2021-08-03 21:00:00,0.73804
2021-08-03 22:00:00,0.7360599637031555
2021-08-04 21:00:00,0.74037
2021-08-04 22:00:00,0.7396799921989441
2021-08-05 21:00:00,0.7354
2021-08-05 22:00:00,0.7382999658584595
2021-08-06 22:00:00,0.7402998805046082
2021-08-08 21:00:00,0.73289
2021-08-09 21:00:00,0.73479
2021-08-09 22:00:00,0.7337833642959595
2021-08-10 21:00:00,0.73726
2021-08-10 22:00:00,0.733100175857544
2021-08-11 21:00:00,0.73364
2021-08-11 22:00:00,0.7343798875808716
2021-08-12 21:00:00,0.73697
2021-08-12 22:00:00,0.7374087572097778
2021-08-13 22:00:00,0.734149694442749
2021-08-15 21:00:00,0.73358
2021-08-16 21:00:00,0.72553
2021-08-16 22:00:00,0.736572265625
2021-08-17 21:00:00,0.72353
2021-08-17 22:00:00,0.7341066002845764
2021-08-18 21:00:00,0.71461
2021-08-18 22:00:00,0.7255598902702332
2021-08-19 21:00:00,0.71405
2021-08-19 22:00:00,0.7230997681617737
2021-08-20 22:00:00,0.714620053768158
2021-08-22 21:00:00,0.72125
2021-08-23 21:00:00,0.72584
2021-08-23 22:00:00,0.7139797210693359
2021-08-24 21:00:00,0.72751
2021-08-24 22:00:00,0.7209597229957581
2021-08-25 21:00:00,0.7238
2021-08-25 22:00:00,0.724879801273346
2021-08-26 21:00:00,0.73107
2021-08-26 22:00:00,0.727660059928894
2021-08-27 22:00:00,0.7238398790359497
2021-08-29 21:00:00,0.72962
2021-08-30 21:00:00,0.73141
2021-08-30 22:00:00,0.731598436832428
2021-08-31 21:00:00,0.73674
2021-08-31 22:00:00,0.7291233539581299
2021-09-01 21:00:00,0.74019
2021-09-01 22:00:00,0.7317901849746704
2021-09-02 21:00:00,0.74494
2021-09-02 22:00:00,0.7368001937866211
2021-09-03 22:00:00,0.7399300932884216
2021-09-05 21:00:00,0.74394
2021-09-06 21:00:00,0.73884
2021-09-06 22:00:00,0.7445018887519836
2021-09-07 21:00:00,0.73656
2021-09-07 22:00:00,0.7436713576316833
2021-09-08 21:00:00,0.73677
2021-09-08 22:00:00,0.7386598587036133
2021-09-09 21:00:00,0.73524
2021-09-09 22:00:00,0.7363770008087158
2021-09-10 22:00:00,0.7370826601982117
2021-09-12 21:00:00,0.73709
2021-09-13 21:00:00,0.7319
2021-09-13 22:00:00,0.7368110418319702
2021-09-14 21:00:00,0.73336
2021-09-14 22:00:00,0.7365902066230774
2021-09-15 21:00:00,0.72926
2021-09-15 22:00:00,0.7317097783088684
2021-09-16 21:00:00,0.72643
2021-09-16 22:00:00,0.7341200709342957
2021-09-17 22:00:00,0.7291499972343445
2021-09-19 21:00:00,0.72498
2021-09-20 21:00:00,0.72325
2021-09-20 22:00:00,0.7264010310173035
2021-09-21 21:00:00,0.72396
2021-09-21 22:00:00,0.7259702086448669
2021-09-22 21:00:00,0.72936
2021-09-22 22:00:00,0.7227997779846191
2021-09-23 21:00:00,0.72614
2021-09-23 22:00:00,0.7233999967575073
2021-09-24 22:00:00,0.7299802899360657
2021-09-26 21:00:00,0.72853
2021-09-27 21:00:00,0.72396
2021-09-27 22:00:00,0.7266121506690979
2021-09-28 21:00:00,0.71749
2021-09-28 22:00:00,0.7280601263046265
2021-09-29 21:00:00,0.72272
2021-09-29 22:00:00,0.7244277596473694
2021-09-30 21:00:00,0.72618
2021-09-30 22:00:00,0.7179998159408569
2021-10-01 22:00:00,0.7231180667877197
2021-10-03 21:00:00,0.72882
2021-10-04 21:00:00,0.72895
2021-10-04 22:00:00,0.7275214195251465
2021-10-05 21:00:00,0.72713
2021-10-05 22:00:00,0.7289697527885437
2021-10-06 21:00:00,0.73113
2021-10-06 22:00:00,0.7290754914283752
2021-10-07 21:00:00,0.73089
2021-10-07 22:00:00,0.728141188621521
2021-10-08 22:00:00,0.7316797971725464
2021-10-10 21:00:00,0.73458
2021-10-11 21:00:00,0.73511
2021-10-11 22:00:00,0.729490339756012
2021-10-12 21:00:00,0.73791
2021-10-12 22:00:00,0.7348402738571167
2021-10-13 21:00:00,0.74159
2021-10-13 22:00:00,0.7335088849067688
2021-10-14 21:00:00,0.74198
2021-10-14 22:00:00,0.7386069893836975
2021-10-15 22:00:00,0.741379976272583
2021-10-17 21:00:00,0.74107
2021-10-18 21:00:00,0.74724
2021-10-18 22:00:00,0.7424786686897278
2021-10-19 21:00:00,0.75145
2021-10-19 22:00:00,0.7417000532150269
2021-10-20 21:00:00,0.74664
2021-10-20 22:00:00,0.7477194666862488
2021-10-21 21:00:00,0.74669
2021-10-21 22:00:00,0.7515299320220947
2021-10-22 22:00:00,0.7463700175285339
2021-10-24 21:00:00,0.74915
2021-10-25 21:00:00,0.7501
2021-10-25 22:00:00,0.7469096779823303
2021-10-26 21:00:00,0.7518
2021-10-26 22:00:00,0.7491798400878906
2021-10-27 21:00:00,0.75437
2021-10-27 22:00:00,0.7512978315353394
2021-10-28 21:00:00,0.75207
2021-10-28 22:00:00,0.7500750422477722
2021-10-29 22:00:00,0.7531600594520569
2021-10-31 21:00:00,0.75217
2021-11-01 21:00:00,0.74292
2021-11-01 22:00:00,0.7518287897109985
2021-11-02 21:00:00,0.74469
2021-11-02 22:00:00,0.7520498633384705
2021-11-03 21:00:00,0.73992
2021-11-03 22:00:00,0.7438998222351074
2021-11-04 21:00:00,0.74016
2021-11-04 22:00:00,0.746900200843811
2021-11-05 22:00:00,0.740932822227478
2021-11-07 22:00:00,0.74233
2021-11-08 22:00:00,0.7378
2021-11-09 22:00:00,0.73253
2021-11-10 22:00:00,0.72905
2021-11-11 22:00:00,0.73301
2021-11-12 22:00:00,0.7291999459266663
2021-11-14 22:00:00,0.73434
2021-11-15 22:00:00,0.7302
2021-11-16 22:00:00,0.72646
2021-11-17 22:00:00,0.72765
2021-11-18 22:00:00,0.72349
2021-11-19 22:00:00,0.7279000878334045
2021-11-21 22:00:00,0.72242
2021-11-22 22:00:00,0.72263
2021-11-23 22:00:00,0.7194
2021-11-24 22:00:00,0.71879
2021-11-25 22:00:00,0.71161
2021-11-26 22:00:00,0.7173703908920288
2021-11-28 22:00:00,0.71418
2021-11-29 22:00:00,0.71286
2021-11-30 22:00:00,0.71047
2021-12-01 22:00:00,0.70926
2021-12-02 22:00:00,0.69997
2021-12-03 22:00:00,0.70878005027771
2021-12-05 22:00:00,0.70516
2021-12-06 22:00:00,0.71188
2021-12-07 22:00:00,0.71702
2021-12-08 22:00:00,0.71466
2021-12-09 22:00:00,0.71718
2021-12-10 22:00:00,0.7146124243736267
2021-12-12 22:00:00,0.71335
2021-12-13 22:00:00,0.71051
2021-12-14 22:00:00,0.71733
2021-12-15 22:00:00,0.71838
2021-12-16 22:00:00,0.71261
2021-12-17 22:00:00,0.717560887336731
2021-12-19 22:00:00,0.71095
2021-12-20 22:00:00,0.71531
2021-12-21 22:00:00,0.72127
2021-12-22 22:00:00,0.72429
2021-12-23 22:00:00,0.72194
2021-12-24 22:00:00,0.7233200073242188
2021-12-26 22:00:00,0.72395
2021-12-27 22:00:00,0.72266
2021-12-28 22:00:00,0.72478
2021-12-29 22:00:00,0.72497
2021-12-30 22:00:00,0.72721
2021-12-31 22:00:00,0.7249801754951477
2022-01-02 22:00:00,0.71909
2022-01-03 22:00:00,0.72396
2022-01-04 22:00:00,0.72216
2022-01-05 22:00:00,0.71628
2022-01-06 22:00:00,0.71812
2022-01-07 22:00:00,0.7162600159645081
2022-01-09 22:00:00,0.71742
2022-01-10 22:00:00,0.72097
2022-01-11 22:00:00,0.72835
2022-01-12 22:00:00,0.72804
2022-01-13 22:00:00,0.72168
2022-01-14 22:00:00,0.7282260060310364
2022-01-16 22:00:00,0.72108
2022-01-17 22:00:00,0.71844
2022-01-18 22:00:00,0.72112
2022-01-19 22:00:00,0.72268
2022-01-20 22:00:00,0.71752
2022-01-21 22:00:00,0.7217090129852295
2022-01-23 22:00:00,0.71438
2022-01-24 22:00:00,0.71503
2022-01-25 22:00:00,0.71164
2022-01-26 22:00:00,0.70343
2022-01-27 22:00:00,0.69959
2022-01-28 22:00:00,0.7035500407218933
2022-01-30 22:00:00,0.70682
2022-01-31 22:00:00,0.71287
2022-02-01 22:00:00,0.71358
2022-02-02 22:00:00,0.71397
2022-02-03 22:00:00,0.70775
2022-02-04 22:00:00,0.7145000696182251
2022-02-06 22:00:00,0.71259
2022-02-07 22:00:00,0.71464
2022-02-08 22:00:00,0.71798
2022-02-09 22:00:00,0.71675
2022-02-10 22:00:00,0.71359
2022-02-11 22:00:00,0.7161697745323181
2022-02-13 22:00:00,0.71276
2022-02-14 22:00:00,0.71512
2022-02-15 22:00:00,0.7194
2022-02-16 22:00:00,0.71875
2022-02-17 22:00:00,0.71777
2022-02-18 22:00:00,0.71893310546875
2022-02-20 22:00:00,0.71886
2022-02-21 22:00:00,0.72177
2022-02-22 22:00:00,0.72325
2022-02-23 22:00:00,0.71631
2022-02-24 22:00:00,0.7232
2022-02-25 22:00:00,0.7160200476646423
2022-02-27 22:00:00,0.7263
2022-02-28 22:00:00,0.72533
2022-03-01 22:00:00,0.72971
2022-03-02 22:00:00,0.73277
2022-03-03 22:00:00,0.73738
2022-03-04 22:00:00,0.7336999773979187
2022-03-06 22:00:00,0.73148
2022-03-07 22:00:00,0.72695
2022-03-08 22:00:00,0.73219
2022-03-09 22:00:00,0.73572
2022-03-10 22:00:00,0.72936
2022-03-11 22:00:00,0.7365999817848206
2022-03-13 21:00:00,0.71869
2022-03-14 21:00:00,0.71947
2022-03-14 22:00:00,0.72965008020401
2022-03-15 21:00:00,0.72914
2022-03-15 22:00:00,0.71986985206604
2022-03-16 21:00:00,0.73752
2022-03-16 22:00:00,0.7191000580787659
2022-03-17 21:00:00,0.74124
2022-03-17 22:00:00,0.7288799285888672
2022-03-18 22:00:00,0.738099992275238
2022-03-20 21:00:00,0.74
2022-03-21 21:00:00,0.74689
2022-03-21 22:00:00,0.7409987449645996
2022-03-22 21:00:00,0.74995
2022-03-22 22:00:00,0.7395793199539185
2022-03-23 21:00:00,0.75123
2022-03-23 22:00:00,0.7462301850318909
2022-03-24 21:00:00,0.75156
2022-03-24 22:00:00,0.7499175071716309
2022-03-25 22:00:00,0.7514277100563049
2022-03-27 21:00:00,0.74913
2022-03-28 21:00:00,0.75069
2022-03-28 22:00:00,0.7518231272697449
2022-03-29 21:00:00,0.75103
2022-03-29 22:00:00,0.7499501705169678
2022-03-30 21:00:00,0.74836
2022-03-30 22:00:00,0.7514672875404358
2022-03-31 21:00:00,0.74961
2022-03-31 22:00:00,0.7503001093864441
2022-04-01 22:00:00,0.7491927742958069
2022-04-03 21:00:00,0.75434
2022-04-04 21:00:00,0.75774
2022-04-04 22:00:00,0.7486487030982971
2022-04-05 21:00:00,0.75098
2022-04-05 22:00:00,0.7543901801109314
2022-04-06 21:00:00,0.7479
2022-04-06 22:00:00,0.7585699558258057
2022-04-07 21:00:00,0.74594
2022-04-07 22:00:00,0.7505084872245789
2022-04-08 22:00:00,0.7478480935096741
2022-04-10 21:00:00,0.74193
2022-04-11 21:00:00,0.74535
2022-04-11 22:00:00,0.7446514964103699
2022-04-12 21:00:00,0.74536
2022-04-12 22:00:00,0.7415317296981812
2022-04-13 21:00:00,0.74172
2022-04-13 22:00:00,0.7454997897148132
2022-04-14 21:00:00,0.73913
2022-04-14 22:00:00,0.7451497912406921
2022-04-15 22:00:00,0.7410151958465576
2022-04-17 21:00:00,0.735
2022-04-18 21:00:00,0.7376
2022-04-18 22:00:00,0.7393824458122253
2022-04-19 21:00:00,0.7451
2022-04-19 22:00:00,0.7357593774795532
2022-04-20 21:00:00,0.73701
2022-04-20 22:00:00,0.7393988370895386
2022-04-21 21:00:00,0.72431
2022-04-21 22:00:00,0.7446997761726379
2022-04-22 22:00:00,0.7361114025115967
2022-04-24 21:00:00,0.71804
2022-04-25 21:00:00,0.71234
2022-04-25 22:00:00,0.7236937284469604
2022-04-26 21:00:00,0.71263
2022-04-26 22:00:00,0.717849850654602
2022-04-27 21:00:00,0.70979
2022-04-27 22:00:00,0.714600145816803
2022-04-28 21:00:00,0.70599
2022-04-28 22:00:00,0.7125704288482666
2022-04-29 22:00:00,0.710883617401123
2022-05-01 21:00:00,0.70514
2022-05-02 21:00:00,0.70949
2022-05-02 22:00:00,0.7065390348434448
2022-05-03 21:00:00,0.72558
2022-05-03 22:00:00,0.7050997614860535
2022-05-04 21:00:00,0.71127
2022-05-04 22:00:00,0.7103786468505859
2022-05-05 21:00:00,0.70706
2022-05-05 22:00:00,0.7252898812294006
2022-05-06 22:00:00,0.712100088596344
2022-05-08 21:00:00,0.69479
2022-05-09 21:00:00,0.69392
2022-05-09 22:00:00,0.7046997547149658
2022-05-10 21:00:00,0.69362
2022-05-10 22:00:00,0.6957392692565918
2022-05-11 21:00:00,0.68534
2022-05-11 22:00:00,0.693600058555603
2022-05-12 21:00:00,0.69399
2022-05-12 22:00:00,0.692750096321106
2022-05-13 22:00:00,0.6871907711029053
2022-05-15 21:00:00,0.69693
2022-05-16 21:00:00,0.70305
2022-05-16 22:00:00,0.6946181058883667
2022-05-17 21:00:00,0.69525
2022-05-17 22:00:00,0.6972820162773132
2022-05-18 21:00:00,0.70472
2022-05-18 22:00:00,0.7032843232154846
2022-05-19 21:00:00,0.70463
2022-05-19 22:00:00,0.695900022983551
2022-05-20 22:00:00,0.7041500210762024
2022-05-22 21:00:00,0.71076
2022-05-23 21:00:00,0.71068
2022-05-23 22:00:00,0.7062894701957703
2022-05-24 21:00:00,0.70874
2022-05-24 22:00:00,0.7088980674743652
2022-05-25 21:00:00,0.70981
2022-05-25 22:00:00,0.7103200554847717
2022-05-26 21:00:00,0.71584
2022-05-26 22:00:00,0.708939790725708
2022-05-27 22:00:00,0.7098793983459473
2022-05-29 21:00:00,0.71966
2022-05-30 21:00:00,0.71771
2022-05-30 22:00:00,0.7162810564041138
2022-05-31 21:00:00,0.71741
2022-05-31 22:00:00,0.7195202112197876
2022-06-01 21:00:00,0.72646
2022-06-01 22:00:00,0.7182618379592896
2022-06-02 21:00:00,0.72078
2022-06-02 22:00:00,0.7173600792884827
2022-06-03 22:00:00,0.726900041103363
2022-06-05 21:00:00,0.71931
2022-06-06 21:00:00,0.72301
2022-06-06 22:00:00,0.7204922437667847
2022-06-07 21:00:00,0.71897
2022-06-07 22:00:00,0.7188607454299927
2022-06-08 21:00:00,0.70963
2022-06-08 22:00:00,0.7220602631568909
2022-06-09 21:00:00,0.70439
2022-06-09 22:00:00,0.7186489701271057
2022-06-10 22:00:00,0.7098188996315002
2022-06-12 21:00:00,0.69262
2022-06-13 21:00:00,0.68725
2022-06-13 22:00:00,0.7018282413482666
2022-06-14 21:00:00,0.70031
2022-06-14 22:00:00,0.6941600441932678
2022-06-15 21:00:00,0.70456
2022-06-15 22:00:00,0.6889899373054504
2022-06-16 21:00:00,0.6937
2022-06-16 22:00:00,0.7016903758049011
2022-06-17 22:00:00,0.704049825668335
2022-06-19 21:00:00,0.69532
2022-06-20 21:00:00,0.6972
2022-06-20 22:00:00,0.6953000426292419
2022-06-21 21:00:00,0.69257
2022-06-21 22:00:00,0.6969500780105591
2022-06-22 21:00:00,0.68907
2022-06-22 22:00:00,0.6961801052093506
2022-06-23 21:00:00,0.69421
2022-06-23 22:00:00,0.6905218958854675
2022-06-24 22:00:00,0.6903502941131592
2022-06-26 21:00:00,0.69242
2022-06-27 21:00:00,0.69051
2022-06-27 22:00:00,0.6943383812904358
2022-06-28 21:00:00,0.6879
2022-06-28 22:00:00,0.6922522783279419
2022-06-29 21:00:00,0.69043
2022-06-29 22:00:00,0.6904398798942566
2022-06-30 21:00:00,0.68154
2022-06-30 22:00:00,0.6880465745925903
2022-07-01 22:00:00,0.6897598505020142
2022-07-03 21:00:00,0.68651
2022-07-04 21:00:00,0.67967
2022-07-04 22:00:00,0.6815796494483948
2022-07-05 21:00:00,0.67769
2022-07-05 22:00:00,0.6873797178268433
2022-07-06 21:00:00,0.68393
2022-07-06 22:00:00,0.6793201565742493
2022-07-07 21:00:00,0.68527
2022-07-07 22:00:00,0.6786000728607178
2022-07-08 22:00:00,0.6849000453948975
2022-07-10 21:00:00,0.67355
2022-07-11 21:00:00,0.67568
2022-07-11 22:00:00,0.6845798492431641
2022-07-12 21:00:00,0.67567
2022-07-12 22:00:00,0.6743316054344177
2022-07-13 21:00:00,0.67475
2022-07-13 22:00:00,0.674700140953064
2022-07-14 21:00:00,0.67921
2022-07-14 22:00:00,0.6732302308082581
2022-07-15 22:00:00,0.6754885315895081
2022-07-17 21:00:00,0.68125
2022-07-18 21:00:00,0.6898
2022-07-18 22:00:00,0.6814774870872498
2022-07-19 21:00:00,0.68876
2022-07-19 22:00:00,0.6810198426246643
2022-07-20 21:00:00,0.69353
2022-07-20 22:00:00,0.6897978782653809
2022-07-21 21:00:00,0.6925
2022-07-21 22:00:00,0.6887384057044983
2022-07-22 22:00:00,0.692290186882019
2022-07-24 21:00:00,0.69559
2022-07-25 21:00:00,0.69372
2022-07-25 22:00:00,0.6904694437980652
2022-07-26 21:00:00,0.69933
2022-07-26 22:00:00,0.6951202750205994
2022-07-27 21:00:00,0.69893
2022-07-27 22:00:00,0.6947387456893921
2022-07-28 21:00:00,0.69934
2022-07-28 22:00:00,0.6994900107383728
2022-07-29 22:00:00,0.7000839710235596
2022-07-31 21:00:00,0.70254
2022-08-01 21:00:00,0.69184
2022-08-01 22:00:00,0.6971215605735779
2022-08-02 21:00:00,0.69493
2022-08-02 22:00:00,0.7023902535438538
2022-08-03 21:00:00,0.69678
2022-08-03 22:00:00,0.6890298128128052
2022-08-04 21:00:00,0.69106
2022-08-04 22:00:00,0.693899929523468
2022-08-05 22:00:00,0.6959198713302612
2022-08-07 21:00:00,0.69837
2022-08-08 21:00:00,0.69621
2022-08-08 22:00:00,0.6902502179145813
2022-08-09 21:00:00,0.70813
2022-08-09 22:00:00,0.6987700462341309
2022-08-10 21:00:00,0.71061
2022-08-10 22:00:00,0.6957005858421326
2022-08-11 21:00:00,0.71221
2022-08-11 22:00:00,0.7078142762184143
2022-08-12 22:00:00,0.7102898359298706
2022-08-14 21:00:00,0.70223
2022-08-15 21:00:00,0.70232
2022-08-15 22:00:00,0.7116677761077881
2022-08-16 21:00:00,0.69369
2022-08-16 22:00:00,0.7020002603530884
2022-08-17 21:00:00,0.69152
2022-08-17 22:00:00,0.7019400596618652
2022-08-18 21:00:00,0.6873
2022-08-18 22:00:00,0.693040132522583
2022-08-19 22:00:00,0.691119909286499
2022-08-21 21:00:00,0.68734
2022-08-22 21:00:00,0.69287
2022-08-22 22:00:00,0.6877105832099915
2022-08-23 21:00:00,0.69083
2022-08-23 22:00:00,0.6878700256347656
2022-08-24 21:00:00,0.69808
2022-08-24 22:00:00,0.6923002004623413
2022-08-25 21:00:00,0.68909
2022-08-25 22:00:00,0.6907985806465149
2022-08-26 22:00:00,0.6963981986045837
2022-08-28 21:00:00,0.69011
2022-08-29 21:00:00,0.68531
2022-08-29 22:00:00,0.6866905689239502
2022-08-30 21:00:00,0.68428
2022-08-30 22:00:00,0.6907508373260498
2022-08-31 21:00:00,0.6789
2022-08-31 22:00:00,0.6857398152351379
2022-09-01 21:00:00,0.68072
2022-09-01 22:00:00,0.6828502416610718
2022-09-02 22:00:00,0.6795302033424377
2022-09-04 21:00:00,0.67932
2022-09-05 21:00:00,0.67357
2022-09-05 22:00:00,0.6790295243263245
2022-09-06 21:00:00,0.67677
2022-09-06 22:00:00,0.6813998818397522
2022-09-07 21:00:00,0.67509
2022-09-07 22:00:00,0.6730109453201294
2022-09-08 21:00:00,0.68458
2022-09-08 22:00:00,0.6751401424407959
2022-09-09 22:00:00,0.6765899658203125
2022-09-11 21:00:00,0.68885
2022-09-12 21:00:00,0.67307
2022-09-12 22:00:00,0.6846998333930969
2022-09-13 21:00:00,0.67467
2022-09-13 22:00:00,0.689398467540741
2022-09-14 21:00:00,0.66998
2022-09-14 22:00:00,0.6743001937866211
2022-09-15 21:00:00,0.67177
2022-09-15 22:00:00,0.6751797795295715
2022-09-16 22:00:00,0.6687299013137817
2022-09-18 21:00:00,0.67263
2022-09-19 21:00:00,0.6689
2022-09-19 22:00:00,0.6726998686790466
2022-09-20 21:00:00,0.66321
2022-09-20 22:00:00,0.6733698844909668
2022-09-21 21:00:00,0.66433
2022-09-21 22:00:00,0.6694202423095703
2022-09-22 21:00:00,0.65285
2022-09-22 22:00:00,0.661010205745697
2022-09-23 22:00:00,0.66454017162323
2022-09-25 21:00:00,0.6454
2022-09-26 21:00:00,0.64352
2022-09-26 22:00:00,0.653069794178009
2022-09-27 21:00:00,0.65237
2022-09-27 22:00:00,0.6476000547409058
2022-09-28 21:00:00,0.64992
2022-09-28 22:00:00,0.6438001394271851
2022-09-29 21:00:00,0.63981
2022-09-29 22:00:00,0.6504995822906494
2022-09-30 22:00:00,0.6512998938560486
2022-10-02 21:00:00,0.6515
2022-10-03 21:00:00,0.65028
2022-10-03 22:00:00,0.6420958042144775
2022-10-04 21:00:00,0.64905
2022-10-04 22:00:00,0.6501798629760742
2022-10-05 21:00:00,0.64082
2022-10-05 22:00:00,0.6514102220535278
2022-10-06 21:00:00,0.63606
2022-10-06 22:00:00,0.651269793510437
2022-10-07 22:00:00,0.6414409279823303
2022-10-09 21:00:00,0.62976
2022-10-10 21:00:00,0.62719
2022-10-10 22:00:00,0.6369832158088684
2022-10-11 21:00:00,0.62755
2022-10-11 22:00:00,0.6294810771942139
2022-10-12 21:00:00,0.62979
2022-10-12 22:00:00,0.6266409754753113
2022-10-13 21:00:00,0.62033
2022-10-13 22:00:00,0.6277306079864502
2022-10-14 22:00:00,0.630099892616272
2022-10-16 21:00:00,0.62926
2022-10-17 21:00:00,0.63085
2022-10-17 22:00:00,0.6223937273025513
2022-10-18 21:00:00,0.62696
2022-10-18 22:00:00,0.6298815608024597
2022-10-19 21:00:00,0.62825
2022-10-19 22:00:00,0.6316401362419128
2022-10-20 21:00:00,0.63796
2022-10-20 22:00:00,0.6263701915740967
2022-10-21 22:00:00,0.6274706721305847
2022-10-23 21:00:00,0.63125
2022-10-24 21:00:00,0.63937
2022-10-24 22:00:00,0.6371902227401733
2022-10-25 21:00:00,0.64969
2022-10-25 22:00:00,0.6329598426818848
2022-10-26 21:00:00,0.64523
2022-10-26 22:00:00,0.6385700106620789
2022-10-27 21:00:00,0.6412
2022-10-27 22:00:00,0.6493498086929321
2022-10-28 22:00:00,0.6450905799865723
2022-10-30 21:00:00,0.6397
2022-10-31 21:00:00,0.63925
2022-10-31 22:00:00,0.6401310563087463
2022-11-01 21:00:00,0.63502
2022-11-01 22:00:00,0.6409898996353149
2022-11-02 21:00:00,0.62858
2022-11-02 22:00:00,0.6396700143814087
2022-11-03 21:00:00,0.64717
2022-11-03 22:00:00,0.6338501572608948
2022-11-04 22:00:00,0.6288517117500305
2022-11-06 22:00:00,0.6481
2022-11-07 22:00:00,0.65066
2022-11-08 22:00:00,0.64312
2022-11-09 22:00:00,0.66185
2022-11-10 22:00:00,0.67065
2022-11-11 22:00:00,0.6606900691986084
2022-11-13 22:00:00,0.67002
2022-11-14 22:00:00,0.67568
2022-11-15 22:00:00,0.67408
2022-11-16 22:00:00,0.66903
2022-11-17 22:00:00,0.66688
2022-11-18 22:00:00,0.6689200401306152
2022-11-20 22:00:00,0.66052
2022-11-21 22:00:00,0.66479
2022-11-22 22:00:00,0.67325
2022-11-23 22:00:00,0.67645
2022-11-24 22:00:00,0.67456
2022-11-25 22:00:00,0.6765598058700562
2022-11-27 22:00:00,0.66522
2022-11-28 22:00:00,0.6688
2022-11-29 22:00:00,0.67876
2022-11-30 22:00:00,0.68115
2022-12-01 22:00:00,0.67935
2022-12-02 22:00:00,0.6811015009880066
2022-12-04 22:00:00,0.66981
2022-12-05 22:00:00,0.66882
2022-12-06 22:00:00,0.67243
2022-12-07 22:00:00,0.67693
2022-12-08 22:00:00,0.67967
2022-12-09 22:00:00,0.6776500344276428
2022-12-11 22:00:00,0.67471
2022-12-12 22:00:00,0.68551
2022-12-13 22:00:00,0.68637
2022-12-14 22:00:00,0.67006
2022-12-15 22:00:00,0.66872
2022-12-16 22:00:00,0.6705918908119202
2022-12-18 22:00:00,0.66998
2022-12-19 22:00:00,0.66802
2022-12-20 22:00:00,0.67071
2022-12-21 22:00:00,0.66713
2022-12-22 22:00:00,0.67113
2022-12-23 22:00:00,0.6678001284599304
2022-12-26 22:00:00,0.67341
2022-12-27 22:00:00,0.67393
2022-12-28 22:00:00,0.67766
2022-12-29 22:00:00,0.68092
2022-12-30 22:00:00,0.6766000390052795
2023-01-01 22:00:00,0.67973
2023-01-02 22:00:00,0.67266
2023-01-03 22:00:00,0.68377
2023-01-04 22:00:00,0.67515
2023-01-05 22:00:00,0.68757
2023-01-06 22:00:00,0.6755697727203369
2023-01-08 22:00:00,0.69123
2023-01-09 22:00:00,0.68924
2023-01-10 22:00:00,0.69056
2023-01-11 22:00:00,0.69666
2023-01-12 22:00:00,0.6975
2023-01-13 22:00:00,0.6967815160751343
2023-01-15 22:00:00,0.69536
2023-01-16 22:00:00,0.69859
2023-01-17 22:00:00,0.69403
2023-01-18 22:00:00,0.69095
2023-01-19 22:00:00,0.69676
2023-01-20 22:00:00,0.691399872303009
2023-01-22 22:00:00,0.70281
2023-01-23 22:00:00,0.70447
2023-01-24 22:00:00,0.71036
2023-01-25 22:00:00,0.71145
2023-01-26 22:00:00,0.71086
2023-01-27 22:00:00,0.7113898396492004
2023-01-29 22:00:00,0.70596
2023-01-30 22:00:00,0.70537
2023-01-31 22:00:00,0.71357
2023-02-01 22:00:00,0.70764
2023-02-02 22:00:00,0.69219
2023-02-03 22:00:00,0.7074687480926514
2023-02-05 22:00:00,0.6883
2023-02-06 22:00:00,0.69585
2023-02-07 22:00:00,0.69237
2023-02-08 22:00:00,0.69356
2023-02-09 22:00:00,0.69197
2023-02-10 22:00:00,0.6939384341239929
2023-02-12 22:00:00,0.69653
2023-02-13 22:00:00,0.69855
2023-02-14 22:00:00,0.69028
2023-02-15 22:00:00,0.68791
2023-02-16 22:00:00,0.68776
2023-02-17 22:00:00,0.6862400770187378
2023-02-19 22:00:00,0.69092
2023-02-20 22:00:00,0.68553
2023-02-21 22:00:00,0.68054
2023-02-22 22:00:00,0.68065
2023-02-23 22:00:00,0.6725
2023-02-24 22:00:00,0.6810133457183838
2023-02-26 22:00:00,0.67383
2023-02-27 22:00:00,0.67284
2023-02-28 22:00:00,0.67585
2023-03-01 22:00:00,0.67298
2023-03-02 22:00:00,0.67683
2023-03-03 22:00:00,0.6735000014305115
2023-03-05 22:00:00,0.67305
2023-03-06 22:00:00,0.65833
2023-03-07 22:00:00,0.65889
2023-03-08 22:00:00,0.65897
2023-03-09 22:00:00,0.65819
2023-03-10 22:00:00,0.6591001749038696
2023-03-12 21:00:00,0.66657
2023-03-13 21:00:00,0.66811
2023-03-13 22:00:00,0.6634203791618347
2023-03-14 21:00:00,0.66159
2023-03-14 22:00:00,0.6659198999404907
2023-03-15 21:00:00,0.66553
2023-03-15 22:00:00,0.6689097881317139
2023-03-16 21:00:00,0.66988
2023-03-16 22:00:00,0.6618300080299377
2023-03-17 22:00:00,0.6663401126861572
2023-03-19 21:00:00,0.67167
2023-03-20 21:00:00,0.66701
2023-03-20 22:00:00,0.6713212132453918
2023-03-21 21:00:00,0.66841
2023-03-21 22:00:00,0.6716899871826172
2023-03-22 21:00:00,0.66803
2023-03-22 22:00:00,0.667789876461029
2023-03-23 21:00:00,0.66438
2023-03-23 22:00:00,0.6699314713478088
2023-03-24 22:00:00,0.6681597828865051
2023-03-26 21:00:00,0.66498
2023-03-27 21:00:00,0.67083
2023-03-27 22:00:00,0.665530800819397
2023-03-28 21:00:00,0.66834
2023-03-28 22:00:00,0.6660095453262329
2023-03-29 21:00:00,0.67121
2023-03-29 22:00:00,0.6706907749176025
2023-03-30 21:00:00,0.66859
2023-03-30 22:00:00,0.6682482361793518
2023-03-31 22:00:00,0.6716818809509277
2023-04-02 21:00:00,0.67844
2023-04-03 21:00:00,0.67511
2023-04-03 22:00:00,0.6658897995948792
2023-04-04 21:00:00,0.6721
2023-04-04 22:00:00,0.6788502335548401
2023-04-05 21:00:00,0.66715
2023-04-05 22:00:00,0.6758081316947937
2023-04-06 21:00:00,0.66616
2023-04-06 22:00:00,0.6716683506965637
2023-04-07 22:00:00,0.6676012873649597
2023-04-09 21:00:00,0.66403
2023-04-10 21:00:00,0.66529
2023-04-10 22:00:00,0.6673500537872314
2023-04-11 21:00:00,0.66914
2023-04-11 22:00:00,0.6648299694061279
2023-04-12 21:00:00,0.67807
2023-04-12 22:00:00,0.6654002070426941
2023-04-13 21:00:00,0.67102
2023-04-13 22:00:00,0.6699000597000122
2023-04-14 22:00:00,0.6783998608589172
2023-04-16 21:00:00,0.66989
2023-04-17 21:00:00,0.67251
2023-04-17 22:00:00,0.6705199480056763
2023-04-18 21:00:00,0.6713
2023-04-18 22:00:00,0.6700401306152344
2023-04-19 21:00:00,0.67408
2023-04-19 22:00:00,0.6735698580741882
2023-04-20 21:00:00,0.66931
2023-04-20 22:00:00,0.6705514192581177
2023-04-21 22:00:00,0.6743178963661194
2023-04-23 21:00:00,0.66954
2023-04-24 21:00:00,0.66246
2023-04-24 22:00:00,0.6693485379219055
2023-04-25 21:00:00,0.66028
2023-04-25 22:00:00,0.6703805327415466
2023-04-26 21:00:00,0.66295
2023-04-26 22:00:00,0.663640022277832
2023-04-27 21:00:00,0.66148
2023-04-27 22:00:00,0.6608380675315857
2023-04-28 22:00:00,0.6630398035049438
2023-04-30 21:00:00,0.6629
2023-05-01 21:00:00,0.66608
2023-05-01 22:00:00,0.6612401008605957
2023-05-02 21:00:00,0.66711
2023-05-02 22:00:00,0.6622801423072815
2023-05-03 21:00:00,0.66924
2023-05-03 22:00:00,0.6673001646995544
2023-05-04 21:00:00,0.67536
2023-05-04 22:00:00,0.6641517877578735
2023-05-05 22:00:00,0.6696098446846008
2023-05-07 21:00:00,0.67796
2023-05-08 21:00:00,0.67613
2023-05-08 22:00:00,0.6747683882713318
2023-05-09 21:00:00,0.6779
2023-05-09 22:00:00,0.6780994534492493
2023-05-10 21:00:00,0.67003
2023-05-10 22:00:00,0.6766906976699829
2023-05-11 21:00:00,0.66416
2023-05-11 22:00:00,0.6781914234161377
2023-05-12 22:00:00,0.669989824295044
2023-05-14 21:00:00,0.66998
2023-05-15 21:00:00,0.66527
2023-05-15 22:00:00,0.6646903157234192
2023-05-16 21:00:00,0.66588
2023-05-16 22:00:00,0.6703001260757446
2023-05-17 21:00:00,0.66217
2023-05-17 22:00:00,0.6657789945602417
2023-05-18 21:00:00,0.66498
2023-05-18 22:00:00,0.6655617952346802
2023-05-19 22:00:00,0.6629980802536011
2023-05-21 21:00:00,0.66514
2023-05-22 21:00:00,0.66096
2023-05-22 22:00:00,0.666100025177002
2023-05-23 21:00:00,0.65434
2023-05-23 22:00:00,0.6649687886238098
2023-05-24 21:00:00,0.65047
2023-05-24 22:00:00,0.6613581776618958
2023-05-25 21:00:00,0.65179
2023-05-25 22:00:00,0.6545102000236511
2023-05-26 22:00:00,0.6498485803604126
2023-05-28 21:00:00,0.65378
2023-05-29 21:00:00,0.65168
2023-05-29 22:00:00,0.6526989340782166
2023-05-30 21:00:00,0.65028
2023-05-30 22:00:00,0.6528502106666565
2023-05-31 21:00:00,0.65724
2023-05-31 22:00:00,0.6517800092697144
2023-06-01 21:00:00,0.66051
2023-06-01 22:00:00,0.6506401300430298
2023-06-02 22:00:00,0.657799482345581
2023-06-04 21:00:00,0.66168
2023-06-05 21:00:00,0.66702
2023-06-05 22:00:00,0.6599997878074646
2023-06-06 21:00:00,0.66521
2023-06-06 22:00:00,0.6613494157791138
2023-06-07 21:00:00,0.67157
2023-06-07 22:00:00,0.6679089665412903
2023-06-08 21:00:00,0.67427
2023-06-08 22:00:00,0.665860116481781
2023-06-09 22:00:00,0.671259880065918
2023-06-11 21:00:00,0.67503
2023-06-12 21:00:00,0.67662
2023-06-12 22:00:00,0.6744998693466187
2023-06-13 21:00:00,0.67958
2023-06-13 22:00:00,0.6753101944923401
2023-06-14 21:00:00,0.68825
2023-06-14 22:00:00,0.6769289374351501
2023-06-15 21:00:00,0.68749
2023-06-15 22:00:00,0.6796895265579224
2023-06-16 22:00:00,0.688029944896698
2023-06-18 21:00:00,0.68497
2023-06-19 21:00:00,0.67866
2023-06-19 22:00:00,0.6875999569892883
2023-06-20 21:00:00,0.67967
2023-06-20 22:00:00,0.6851379871368408
2023-06-21 21:00:00,0.67561
2023-06-21 22:00:00,0.6788820624351501
2023-06-22 21:00:00,0.66758
2023-06-22 22:00:00,0.6798702478408813
2023-06-23 22:00:00,0.6760699152946472
2023-06-25 21:00:00,0.66744
2023-06-26 21:00:00,0.66864
2023-06-26 22:00:00,0.6680517792701721
2023-06-27 21:00:00,0.66002
2023-06-27 22:00:00,0.6674498319625854
2023-06-28 21:00:00,0.66164
2023-06-28 22:00:00,0.668140172958374
2023-06-29 21:00:00,0.66597
2023-06-29 22:00:00,0.6600616574287415
2023-06-30 22:00:00,0.6619710922241211
2023-07-02 21:00:00,0.6672
2023-07-03 21:00:00,0.6692
2023-07-03 22:00:00,0.6658321619033813
2023-07-04 21:00:00,0.66543
2023-07-04 22:00:00,0.6674097180366516
2023-07-05 21:00:00,0.66256
2023-07-05 22:00:00,0.6692701578140259
2023-07-06 21:00:00,0.66902
2023-07-06 22:00:00,0.6656903028488159
2023-07-07 22:00:00,0.6628398895263672
2023-07-09 21:00:00,0.6675
2023-07-10 21:00:00,0.66851
2023-07-10 22:00:00,0.6688382029533386
2023-07-11 21:00:00,0.67881
2023-07-11 22:00:00,0.667900025844574
2023-07-12 21:00:00,0.68883
2023-07-12 22:00:00,0.6693798899650574
2023-07-13 21:00:00,0.68378
2023-07-13 22:00:00,0.6792786121368408
2023-07-14 22:00:00,0.6888617873191833
2023-07-16 21:00:00,0.68156
2023-07-17 21:00:00,0.68114
2023-07-17 22:00:00,0.6837793588638306
2023-07-18 21:00:00,0.67708
2023-07-18 22:00:00,0.6810500025749207
2023-07-19 21:00:00,0.67788
2023-07-19 22:00:00,0.6814821362495422
2023-07-20 21:00:00,0.67307
2023-07-20 22:00:00,0.6769999265670776
2023-07-21 22:00:00,0.6778190732002258
2023-07-23 21:00:00,0.674
2023-07-24 21:00:00,0.67914
2023-07-24 22:00:00,0.6725800037384033
2023-07-25 21:00:00,0.67576
2023-07-25 22:00:00,0.6733009219169617
2023-07-26 21:00:00,0.67079
2023-07-26 22:00:00,0.6787599325180054
2023-07-27 21:00:00,0.66469
2023-07-27 22:00:00,0.6759999394416809
2023-07-28 22:00:00,0.6711859703063965
2023-07-30 21:00:00,0.6717
2023-07-31 21:00:00,0.66135
2023-07-31 22:00:00,0.6660805344581604
2023-08-01 21:00:00,0.6538
2023-08-01 22:00:00,0.6716818809509277
2023-08-02 21:00:00,0.65504
2023-08-02 22:00:00,0.6617608070373535
2023-08-03 21:00:00,0.6569
2023-08-03 22:00:00,0.6544999480247498
2023-08-04 22:00:00,0.6561206579208374
2023-08-06 21:00:00,0.65742
2023-08-07 21:00:00,0.65443
2023-08-07 22:00:00,0.657371461391449
2023-08-08 21:00:00,0.65278
2023-08-08 22:00:00,0.6572591066360474
2023-08-09 21:00:00,0.65149
2023-08-09 22:00:00,0.6531601548194885
2023-08-10 21:00:00,0.64946
2023-08-10 22:00:00,0.6536802053451538
2023-08-11 22:00:00,0.6512498259544373
2023-08-13 21:00:00,0.64873
2023-08-14 21:00:00,0.64549
2023-08-14 22:00:00,0.6495404839515686
2023-08-15 21:00:00,0.64238
2023-08-15 22:00:00,0.6488400101661682
2023-08-16 21:00:00,0.64033
2023-08-16 22:00:00,0.6457903981208801
2023-08-17 21:00:00,0.64042
2023-08-17 22:00:00,0.6414697170257568
2023-08-18 22:00:00,0.6406888961791992
2023-08-20 21:00:00,0.64136
2023-08-21 21:00:00,0.64224
2023-08-21 22:00:00,0.6414697170257568
2023-08-22 21:00:00,0.64808
2023-08-22 22:00:00,0.6414080262184143
2023-08-23 21:00:00,0.64169
2023-08-23 22:00:00,0.6427999138832092
2023-08-24 21:00:00,0.64035
2023-08-24 22:00:00,0.6480587720870972
2023-08-25 22:00:00,0.6413956880569458
2023-08-27 21:00:00,0.64293
2023-08-28 21:00:00,0.64798
2023-08-28 22:00:00,0.6416714191436768
2023-08-29 21:00:00,0.64749
2023-08-29 22:00:00,0.6428180932998657
2023-08-30 21:00:00,0.64847
2023-08-30 22:00:00,0.647659957408905
2023-08-31 21:00:00,0.64492
2023-08-31 22:00:00,0.6478782296180725
2023-09-01 22:00:00,0.6488408446311951
2023-09-03 21:00:00,0.64606
2023-09-04 21:00:00,0.6378
2023-09-04 22:00:00,0.6452862024307251
2023-09-05 21:00:00,0.63816
2023-09-05 22:00:00,0.6458100080490112
2023-09-06 21:00:00,0.63756
2023-09-06 22:00:00,0.6375396251678467
2023-09-07 21:00:00,0.63768
2023-09-07 22:00:00,0.6383001804351807
2023-09-08 22:00:00,0.6377400159835815
2023-09-10 21:00:00,0.64306
2023-09-11 21:00:00,0.64261
2023-09-11 22:00:00,0.6397993564605713
2023-09-12 21:00:00,0.64209
2023-09-12 22:00:00,0.643200159072876
2023-09-13 21:00:00,0.644
2023-09-13 22:00:00,0.6428180932998657
2023-09-14 21:00:00,0.64313
2023-09-14 22:00:00,0.6421617865562439
2023-09-15 22:00:00,0.6432398557662964
2023-09-17 21:00:00,0.64364
2023-09-18 21:00:00,0.64531
2023-09-18 22:00:00,0.6440501809120178
2023-09-19 21:00:00,0.64477
2023-09-19 22:00:00,0.643960177898407
2023-09-20 21:00:00,0.64152
2023-09-20 22:00:00,0.646600067615509
2023-09-21 21:00:00,0.64402
2023-09-21 22:00:00,0.6436100006103516
2023-09-22 22:00:00,0.6409598588943481
2023-09-24 21:00:00,0.64233
2023-09-25 21:00:00,0.63965
2023-09-25 22:00:00,0.6440999507904053
2023-09-26 21:00:00,0.63524
2023-09-26 22:00:00,0.6422001123428345
2023-09-27 21:00:00,0.64274
2023-09-27 22:00:00,0.6393861770629883
2023-09-28 21:00:00,0.64342
2023-09-28 22:00:00,0.634759783744812
2023-09-29 22:00:00,0.6427974700927734
2023-10-01 21:00:00,0.63632
2023-10-02 21:00:00,0.63014
2023-10-02 22:00:00,0.6437202095985413
2023-10-03 21:00:00,0.63244
2023-10-03 22:00:00,0.6362699270248413
2023-10-04 21:00:00,0.63705
2023-10-04 22:00:00,0.6308901309967041
2023-10-05 21:00:00,0.63836
2023-10-05 22:00:00,0.6329101920127869
2023-10-06 22:00:00,0.6371049880981445
2023-10-08 21:00:00,0.64107
2023-10-09 21:00:00,0.64316
2023-10-09 22:00:00,0.6371999979019165
2023-10-10 21:00:00,0.64136
2023-10-10 22:00:00,0.6420900225639343
2023-10-11 21:00:00,0.63137
2023-10-11 22:00:00,0.643347442150116
2023-10-12 21:00:00,0.62961
2023-10-12 22:00:00,0.6418097615242004
2023-10-13 22:00:00,0.6316800117492676
2023-10-15 21:00:00,0.63421
2023-10-16 21:00:00,0.63654
2023-10-16 22:00:00,0.6312999725341797
2023-10-17 21:00:00,0.63362
2023-10-17 22:00:00,0.6337798237800598
2023-10-18 21:00:00,0.6328
2023-10-18 22:00:00,0.6362699270248413
2023-10-19 21:00:00,0.63129
2023-10-19 22:00:00,0.6332400441169739
2023-10-20 22:00:00,0.6326999664306641
2023-10-22 21:00:00,0.63347
2023-10-23 21:00:00,0.63553
2023-10-23 22:00:00,0.6320393085479736
2023-10-24 21:00:00,0.63081
2023-10-24 22:00:00,0.6336702108383179
2023-10-25 21:00:00,0.63212
2023-10-25 22:00:00,0.6360999345779419
2023-10-26 21:00:00,0.63334
2023-10-26 22:00:00,0.6296999454498291
2023-10-27 22:00:00,0.6335999369621277
2023-10-29 21:00:00,0.63741
2023-10-30 21:00:00,0.63366
2023-10-30 22:00:00,0.6338903307914734
2023-10-31 21:00:00,0.63928
2023-10-31 22:00:00,0.637100100517273
2023-11-01 21:00:00,0.64334
2023-11-01 22:00:00,0.6339948177337646
2023-11-02 21:00:00,0.65117
2023-11-02 22:00:00,0.642259955406189
2023-11-03 22:00:00,0.6427900195121765
2023-11-05 22:00:00,0.64886
2023-11-06 22:00:00,0.6436
2023-11-07 22:00:00,0.64024
2023-11-08 22:00:00,0.63665
2023-11-09 22:00:00,0.63601
2023-11-10 22:00:00,0.6361699104309082
2023-11-12 22:00:00,0.63765
2023-11-13 22:00:00,0.65074
2023-11-14 22:00:00,0.6509
2023-11-15 22:00:00,0.6471
2023-11-16 22:00:00,0.65148
2023-11-17 22:00:00,0.6470816731452942
2023-11-19 22:00:00,0.65566
2023-11-20 22:00:00,0.65554
2023-11-21 22:00:00,0.65427
2023-11-22 22:00:00,0.65574
2023-11-23 22:00:00,0.65843
2023-11-24 22:00:00,0.6560100317001343
2023-11-26 22:00:00,0.66063
2023-11-27 22:00:00,0.66489
2023-11-28 22:00:00,0.66173
2023-11-29 22:00:00,0.66047
2023-11-30 22:00:00,0.66748
2023-12-01 22:00:00,0.6606799960136414
2023-12-03 22:00:00,0.66194
2023-12-04 22:00:00,0.6552
2023-12-05 22:00:00,0.65484
2023-12-06 22:00:00,0.66015
2023-12-07 22:00:00,0.65772
2023-12-08 22:00:00,0.6594479084014893
2023-12-10 22:00:00,0.65672
2023-12-11 22:00:00,0.65596
2023-12-12 22:00:00,0.66596
2023-12-13 22:00:00,0.6698
2023-12-14 22:00:00,0.67016
2023-12-15 22:00:00,0.6702682375907898
2023-12-17 22:00:00,0.67065
2023-12-18 22:00:00,0.67623
2023-12-19 22:00:00,0.67299
2023-12-20 22:00:00,0.68024
2023-12-21 22:00:00,0.67997
2023-12-22 22:00:00,0.6796802878379822
2023-12-25 22:00:00,0.68239
2023-12-26 22:00:00,0.68465
2023-12-27 22:00:00,0.68286
2023-12-28 22:00:00,0.68132
2023-12-29 22:00:00,0.6826302409172058
2024-01-01 22:00:00,0.67606
2024-01-02 22:00:00,0.67309
2024-01-03 22:00:00,0.67066
2024-01-04 22:00:00,0.67143
2024-01-05 22:00:00,0.6706593036651611
2024-01-07 22:00:00,0.67194
2024-01-08 22:00:00,0.66867
2024-01-09 22:00:00,0.66995
2024-01-10 22:00:00,0.66872
2024-01-11 22:00:00,0.66857
2024-01-12 22:00:00,0.6698498129844666
2024-01-14 22:00:00,0.66594
2024-01-15 22:00:00,0.65836
2024-01-16 22:00:00,0.65513
2024-01-17 22:00:00,0.65727
2024-01-18 22:00:00,0.65982
2024-01-19 22:00:00,0.6582845449447632
2024-01-21 22:00:00,0.65699
2024-01-22 22:00:00,0.65795
2024-01-23 22:00:00,0.65769
2024-01-24 22:00:00,0.65847
2024-01-25 22:00:00,0.65786
2024-01-26 22:00:00,0.6585879921913147
2024-01-28 22:00:00,0.661
2024-01-29 22:00:00,0.66023
2024-01-30 22:00:00,0.65667
2024-01-31 22:00:00,0.65719
2024-02-01 22:00:00,0.65132
2024-02-02 22:00:00,0.6574898362159729
2024-02-04 22:00:00,0.64827
2024-02-05 22:00:00,0.6523
2024-02-06 22:00:00,0.65204
2024-02-07 22:00:00,0.64917
2024-02-08 22:00:00,0.65243
2024-02-09 22:00:00,0.6497599482536316
2024-02-11 22:00:00,0.65302
2024-02-12 22:00:00,0.64535
2024-02-13 22:00:00,0.64912
2024-02-14 22:00:00,0.65247
2024-02-15 22:00:00,0.65327
2024-02-16 22:00:00,0.6525498628616333
2024-02-18 22:00:00,0.65401
2024-02-19 22:00:00,0.65487
2024-02-20 22:00:00,0.65517
2024-02-21 22:00:00,0.65568
2024-02-22 22:00:00,0.65646
2024-02-23 22:00:00,0.6559101939201355
2024-02-25 22:00:00,0.65398
2024-02-26 22:00:00,0.6544
2024-02-27 22:00:00,0.64954
2024-02-28 22:00:00,0.6497
2024-02-29 22:00:00,0.65257
2024-03-01 22:00:00,0.6498401165008545
2024-03-03 22:00:00,0.65089
2024-03-04 22:00:00,0.65038
2024-03-05 22:00:00,0.65642
2024-03-06 22:00:00,0.66201
2024-03-07 22:00:00,0.6626
2024-03-08 22:00:00,0.6621301770210266
2024-03-10 21:00:00,0.66133
2024-03-11 21:00:00,0.66057
2024-03-11 22:00:00,0.6624314785003662
2024-03-12 21:00:00,0.66214
2024-03-12 22:00:00,0.6615506410598755
2024-03-13 21:00:00,0.65812
2024-03-13 22:00:00,0.6607297658920288
2024-03-14 21:00:00,0.65607
2024-03-14 22:00:00,0.6627599000930786
2024-03-15 22:00:00,0.6579297780990601
2024-03-17 21:00:00,0.65594
2024-03-18 21:00:00,0.65318
2024-03-18 22:00:00,0.6557978987693787
2024-03-19 21:00:00,0.65861
2024-03-19 22:00:00,0.655750572681427
2024-03-20 21:00:00,0.65698
2024-03-20 22:00:00,0.6526401042938232
2024-03-21 21:00:00,0.6514
2024-03-21 22:00:00,0.6597799062728882
2024-03-22 22:00:00,0.657418966293335
2024-03-24 21:00:00,0.654
2024-03-25 21:00:00,0.65331
2024-03-25 22:00:00,0.6515804529190063
2024-03-26 21:00:00,0.65343
2024-03-26 22:00:00,0.6538896560668945
2024-03-27 21:00:00,0.65158
2024-03-27 22:00:00,0.6538982391357422
2024-03-28 21:00:00,0.65167
2024-03-28 22:00:00,0.6521999835968018
2024-03-29 22:00:00,0.6516780853271484
2024-03-31 21:00:00,0.649
2024-04-01 21:00:00,0.65176
2024-04-01 22:00:00,0.6533001661300659
2024-04-02 21:00:00,0.65651
2024-04-02 22:00:00,0.6487903594970703
2024-04-03 21:00:00,0.6587
2024-04-03 22:00:00,0.651439905166626
2024-04-04 21:00:00,0.65787
2024-04-04 22:00:00,0.6568998694419861
2024-04-05 22:00:00,0.6587702035903931
2024-04-07 21:00:00,0.66044
2024-04-08 21:00:00,0.66281
2024-04-08 22:00:00,0.6570215821266174
2024-04-09 21:00:00,0.6512
2024-04-09 22:00:00,0.6604998111724854
2024-04-10 21:00:00,0.65372
2024-04-10 22:00:00,0.662850022315979
2024-04-11 21:00:00,0.64619
2024-04-11 22:00:00,0.6507201194763184
2024-04-12 22:00:00,0.6540607213973999
2024-04-14 21:00:00,0.64421
2024-04-15 21:00:00,0.64011
2024-04-15 22:00:00,0.6475803256034851
2024-04-16 21:00:00,0.64348
2024-04-16 22:00:00,0.644250214099884
2024-04-17 21:00:00,0.64205
2024-04-17 22:00:00,0.6412801146507263
2024-04-18 21:00:00,0.64181
2024-04-18 22:00:00,0.6439813375473022
2024-04-19 22:00:00,0.6424699425697327
2024-04-21 21:00:00,0.64486
2024-04-22 21:00:00,0.6487
2024-04-22 22:00:00,0.6425991654396057
2024-04-23 21:00:00,0.64975
2024-04-23 22:00:00,0.6452862024307251
2024-04-24 21:00:00,0.65182
2024-04-24 22:00:00,0.6488901376724243
2024-04-25 21:00:00,0.65333
2024-04-25 22:00:00,0.6496999263763428
2024-04-26 22:00:00,0.6523199677467346
2024-04-28 21:00:00,0.65657
2024-04-29 21:00:00,0.64722
2024-04-29 22:00:00,0.6541398763656616
2024-04-30 21:00:00,0.65231
2024-04-30 22:00:00,0.6561899185180664
2024-05-01 21:00:00,0.65651
2024-05-01 22:00:00,0.6478001475334167
2024-05-02 21:00:00,0.66101
2024-05-02 22:00:00,0.653190016746521
2024-05-03 22:00:00,0.6571398973464966
2024-05-05 21:00:00,0.66253
2024-05-06 21:00:00,0.65977
2024-05-06 22:00:00,0.6609079837799072
2024-05-07 21:00:00,0.65792
2024-05-07 22:00:00,0.6623920202255249
2024-05-08 21:00:00,0.66194
2024-05-08 22:00:00,0.6589199900627136
2024-05-09 21:00:00,0.6603
2024-05-09 22:00:00,0.657680094242096
2024-05-10 22:00:00,0.6620998978614807
2024-05-12 21:00:00,0.66078
2024-05-13 21:00:00,0.66267
2024-05-13 22:00:00,0.6601008772850037
2024-05-14 21:00:00,0.66931
2024-05-14 22:00:00,0.6612882018089294
2024-05-15 21:00:00,0.66786
2024-05-15 22:00:00,0.6626027226448059
2024-05-16 21:00:00,0.66945
2024-05-16 22:00:00,0.6701065301895142
2024-05-17 22:00:00,0.6683151721954346
2024-05-19 21:00:00,0.6667
2024-05-20 21:00:00,0.66654
2024-05-20 22:00:00,0.6700705885887146
2024-05-21 21:00:00,0.66186
2024-05-21 22:00:00,0.6672093272209167
2024-05-22 21:00:00,0.66064
2024-05-22 22:00:00,0.6667097806930542
2024-05-23 21:00:00,0.66278
2024-05-23 22:00:00,0.6619185209274292
2024-05-24 22:00:00,0.6601487994194031
2024-05-26 21:00:00,0.66534
2024-05-27 21:00:00,0.66491
2024-05-27 22:00:00,0.6624007821083069
2024-05-28 21:00:00,0.66099
2024-05-28 22:00:00,0.6655617952346802
2024-05-29 21:00:00,0.66325
2024-05-29 22:00:00,0.6647999286651611
2024-05-30 21:00:00,0.66531
2024-05-30 22:00:00,0.6613699793815613
2024-05-31 22:00:00,0.6630301475524902
2024-06-02 21:00:00,0.66889
2024-06-03 21:00:00,0.66496
2024-06-03 22:00:00,0.6656903028488159
2024-06-04 21:00:00,0.66473
2024-06-04 22:00:00,0.669008195400238
2024-06-05 21:00:00,0.66664
2024-06-05 22:00:00,0.6646201014518738
2024-06-06 21:00:00,0.65817
2024-06-06 22:00:00,0.6657789945602417
2024-06-07 22:00:00,0.6669601202011108
2024-06-09 21:00:00,0.66103
2024-06-10 21:00:00,0.66054
2024-06-10 22:00:00,0.6582714915275574
2024-06-11 21:00:00,0.66628
2024-06-11 22:00:00,0.6608948111534119
2024-06-12 21:00:00,0.66363
2024-06-12 22:00:00,0.6607699394226074
2024-06-13 21:00:00,0.66149
2024-06-13 22:00:00,0.6662899851799011
2024-06-14 22:00:00,0.6633102893829346
2024-06-16 21:00:00,0.66122
2024-06-17 21:00:00,0.66559
2024-06-17 22:00:00,0.6612882018089294
2024-06-18 21:00:00,0.66718
2024-06-18 22:00:00,0.6622077822685242
2024-06-19 21:00:00,0.66559
2024-06-19 22:00:00,0.6661200523376465
2024-06-20 21:00:00,0.66412
2024-06-20 22:00:00,0.6675300002098083
2024-06-21 22:00:00,0.6660698652267456
2024-06-23 21:00:00,0.66561
2024-06-24 21:00:00,0.6647
2024-06-24 22:00:00,0.6635000109672546
2024-06-25 21:00:00,0.66475
2024-06-25 22:00:00,0.6654599905014038
2024-06-26 21:00:00,0.66471
2024-06-26 22:00:00,0.6644800901412964
2024-06-27 21:00:00,0.66696
2024-06-27 22:00:00,0.6644783020019531
2024-06-28 22:00:00,0.6650599241256714
2024-06-30 21:00:00,0.6659
2024-07-01 21:00:00,0.66666
2024-07-01 22:00:00,0.6674007773399353
2024-07-02 21:00:00,0.67052
2024-07-02 22:00:00,0.6654599905014038
2024-07-03 21:00:00,0.67259
2024-07-03 22:00:00,0.6668298244476318
2024-07-04 21:00:00,0.67488
2024-07-04 22:00:00,0.6710900068283081
2024-07-05 22:00:00,0.6725085377693176
2024-07-07 21:00:00,0.67374
2024-07-08 21:00:00,0.67409
2024-07-08 22:00:00,0.6746591329574585
2024-07-09 21:00:00,0.67472
2024-07-09 22:00:00,0.6743202209472656
2024-07-10 21:00:00,0.67592
2024-07-10 22:00:00,0.6741496920585632
2024-07-11 21:00:00,0.67836
2024-07-11 22:00:00,0.6751797795295715
2024-07-12 22:00:00,0.6768500804901123
2024-07-14 21:00:00,0.67595
2024-07-15 21:00:00,0.67335
2024-07-15 22:00:00,0.6771998405456543
2024-07-16 21:00:00,0.67289
2024-07-16 22:00:00,0.6763300895690918
2024-07-17 21:00:00,0.6706
2024-07-17 22:00:00,0.6731998324394226
2024-07-18 21:00:00,0.66839
2024-07-18 22:00:00,0.6730697751045227
2024-07-19 22:00:00,0.6705500483512878
2024-07-21 21:00:00,0.66424
2024-07-22 21:00:00,0.66155
2024-07-22 22:00:00,0.6696308851242065
2024-07-23 21:00:00,0.65806
2024-07-23 22:00:00,0.6640105843544006
2024-07-24 21:00:00,0.65378
2024-07-24 22:00:00,0.6612094640731812
2024-07-25 21:00:00,0.65483
2024-07-25 22:00:00,0.6574798822402954
2024-07-26 22:00:00,0.6542999744415283
2024-07-28 21:00:00,0.6549
2024-07-29 21:00:00,0.65371
2024-07-29 22:00:00,0.6554999947547913
2024-07-30 21:00:00,0.65415
2024-07-30 22:00:00,0.6551405787467957
2024-07-31 21:00:00,0.65017
2024-07-31 22:00:00,0.6541501879692078
2024-08-01 21:00:00,0.65099
2024-08-01 22:00:00,0.6547001004219055
2024-08-02 22:00:00,0.6494898200035095
2024-08-04 21:00:00,0.64958
2024-08-05 21:00:00,0.65177
2024-08-05 22:00:00,0.6497219204902649
2024-08-06 21:00:00,0.65192
2024-08-06 22:00:00,0.6515498757362366
2024-08-07 21:00:00,0.65924
2024-08-07 22:00:00,0.6515001654624939
2024-08-08 21:00:00,0.6572
2024-08-08 22:00:00,0.6515973806381226
2024-08-09 22:00:00,0.659200131893158
2024-08-11 21:00:00,0.65858
2024-08-12 21:00:00,0.6634
2024-08-12 22:00:00,0.6569784283638
2024-08-13 21:00:00,0.65964
2024-08-13 22:00:00,0.6585316061973572
2024-08-14 21:00:00,0.66106
2024-08-14 22:00:00,0.6638598442077637
2024-08-15 21:00:00,0.66698
2024-08-15 22:00:00,0.6600006818771362
2024-08-16 22:00:00,0.6612488627433777
2024-08-18 21:00:00,0.6732
2024-08-19 21:00:00,0.67467
2024-08-19 22:00:00,0.6672983765602112
2024-08-20 21:00:00,0.6744
2024-08-20 22:00:00,0.6735321879386902
2024-08-21 21:00:00,0.67051
2024-08-21 22:00:00,0.6747274398803711
2024-08-22 21:00:00,0.67972
2024-08-22 22:00:00,0.6749701499938965
2024-08-23 22:00:00,0.6708199381828308
2024-08-25 21:00:00,0.67714
2024-08-26 21:00:00,0.67927
2024-08-26 22:00:00,0.6787806153297424
2024-08-27 21:00:00,0.67848
2024-08-27 22:00:00,0.6772910952568054
2024-08-28 21:00:00,0.67985
2024-08-28 22:00:00,0.6787898540496826
2024-08-29 21:00:00,0.6765
2024-08-29 22:00:00,0.6783100962638855
2024-08-30 22:00:00,0.67958003282547
2024-09-01 21:00:00,0.67907
2024-09-02 21:00:00,0.67116
2024-09-02 22:00:00,0.6768001914024353
2024-09-03 21:00:00,0.6725
2024-09-03 22:00:00,0.6787299513816833
2024-09-04 21:00:00,0.67408
2024-09-04 22:00:00,0.6714000701904297
2024-09-05 21:00:00,0.6668
2024-09-05 22:00:00,0.6716187596321106
2024-09-06 22:00:00,0.6740502119064331
2024-09-08 21:00:00,0.66609
2024-09-09 21:00:00,0.66523
2024-09-09 22:00:00,0.6670802235603333
2024-09-10 21:00:00,0.66738
2024-09-10 22:00:00,0.6657878756523132
2024-09-11 21:00:00,0.67229
2024-09-11 22:00:00,0.6653298139572144
2024-09-12 21:00:00,0.67045
2024-09-12 22:00:00,0.6676998138427734
2024-09-13 22:00:00,0.6726899147033691
2024-09-15 21:00:00,0.67519
2024-09-16 21:00:00,0.67556
2024-09-16 22:00:00,0.6713797450065613
2024-09-17 21:00:00,0.67637
2024-09-17 22:00:00,0.6751897931098938
2024-09-18 21:00:00,0.68141
2024-09-18 22:00:00,0.6762696504592896
2024-09-19 21:00:00,0.68071
2024-09-19 22:00:00,0.676369845867157
2024-09-20 22:00:00,0.6809576749801636
2024-09-22 21:00:00,0.68376
2024-09-23 21:00:00,0.6892
2024-09-23 22:00:00,0.6809993982315063
2024-09-24 21:00:00,0.68231
2024-09-24 22:00:00,0.6834102272987366
2024-09-25 21:00:00,0.68954
2024-09-25 22:00:00,0.6905400156974792
2024-09-26 21:00:00,0.6901
2024-09-26 22:00:00,0.6821599006652832
2024-09-27 22:00:00,0.689280092716217
2024-09-29 21:00:00,0.69139
2024-09-30 21:00:00,0.68833
2024-09-30 22:00:00,0.6918787360191345
2024-10-01 21:00:00,0.68851
2024-10-01 22:00:00,0.6915801763534546
2024-10-02 21:00:00,0.68406
2024-10-02 22:00:00,0.6879992485046387
2024-10-03 21:00:00,0.67948
2024-10-03 22:00:00,0.6887099742889404
2024-10-04 22:00:00,0.6850300431251526
2024-10-06 21:00:00,0.67569
2024-10-07 21:00:00,0.67473
2024-10-07 22:00:00,0.6800592541694641
2024-10-08 21:00:00,0.67184
2024-10-08 22:00:00,0.6755999326705933
2024-10-09 21:00:00,0.67399
2024-10-09 22:00:00,0.6739597916603088
2024-10-10 21:00:00,0.67504
2024-10-10 22:00:00,0.6717401146888733
2024-10-11 22:00:00,0.6740997433662415
2024-10-13 21:00:00,0.67263
2024-10-14 21:00:00,0.67036
2024-10-14 22:00:00,0.6731105446815491
2024-10-15 21:00:00,0.66664
2024-10-15 22:00:00,0.6725999116897583
2024-10-16 21:00:00,0.6696
2024-10-16 22:00:00,0.6682080030441284
2024-10-17 21:00:00,0.67053
2024-10-17 22:00:00,0.6664889454841614
2024-10-18 22:00:00,0.6699718832969666
2024-10-20 21:00:00,0.66586
2024-10-21 21:00:00,0.66822
2024-10-21 22:00:00,0.6716818809509277
2024-10-22 21:00:00,0.66338
2024-10-22 22:00:00,0.6653094291687012
2024-10-23 21:00:00,0.66401
2024-10-23 22:00:00,0.6685997843742371
2024-10-24 21:00:00,0.66034
2024-10-24 22:00:00,0.663599967956543
2024-10-25 22:00:00,0.663702130317688
2024-10-27 21:00:00,0.65827
2024-10-28 21:00:00,0.65606
2024-10-28 22:00:00,0.6603406071662903
2024-10-29 21:00:00,0.65723
2024-10-29 22:00:00,0.6582671999931335
2024-10-30 21:00:00,0.65813
2024-10-30 22:00:00,0.6563001871109009
2024-10-31 21:00:00,0.65593
2024-10-31 22:00:00,0.6572798490524292
2024-11-01 22:00:00,0.657680094242096
2024-11-03 22:00:00,0.65847
2024-11-04 22:00:00,0.66383
2024-11-05 22:00:00,0.65717
2024-11-06 22:00:00,0.668
2024-11-07 22:00:00,0.65827
2024-11-08 22:00:00,0.6676815152168274
2024-11-10 22:00:00,0.65743
2024-11-11 22:00:00,0.65333
2024-11-12 22:00:00,0.64858
2024-11-13 22:00:00,0.64545
2024-11-14 22:00:00,0.64601
2024-11-15 22:00:00,0.6455498337745667
2024-11-17 22:00:00,0.65078
2024-11-18 22:00:00,0.65317
2024-11-19 22:00:00,0.65058
2024-11-20 22:00:00,0.65108
2024-11-21 22:00:00,0.65012
2024-11-22 22:00:00,0.6510289311408997
2024-11-24 22:00:00,0.65044
2024-11-25 22:00:00,0.64746
2024-11-26 22:00:00,0.64969
2024-11-27 22:00:00,0.64986
2024-11-28 22:00:00,0.65176
2024-11-29 22:00:00,0.6507400274276733
2024-12-01 22:00:00,0.64757
2024-12-02 22:00:00,0.64863
2024-12-03 22:00:00,0.64298
2024-12-04 22:00:00,0.6453
2024-12-05 22:00:00,0.6391
2024-12-06 22:00:00,0.6449898481369019
2024-12-08 22:00:00,0.64403
2024-12-09 22:00:00,0.63775
2024-12-10 22:00:00,0.63696
2024-12-11 22:00:00,0.63682
2024-12-12 22:00:00,0.63595
2024-12-13 22:00:00,0.6375001668930054
2024-12-15 22:00:00,0.63706
2024-12-16 22:00:00,0.63358
2024-12-17 22:00:00,0.62169
2024-12-18 22:00:00,0.62385
2024-12-19 22:00:00,0.62524
2024-12-20 22:00:00,0.6233997941017151
2024-12-22 22:00:00,0.62487
2024-12-23 22:00:00,0.62365
2024-12-24 22:00:00,0.6244925856590271
2024-12-25 22:00:00,0.6221
2024-12-26 22:00:00,0.62154
2024-12-27 22:00:00,0.6223007440567017
2024-12-29 22:00:00,0.62214
2024-12-30 22:00:00,0.61895
2024-12-31 22:00:00,0.621999979019165
2025-01-01 22:00:00,0.62032
2025-01-02 22:00:00,0.62166
2025-01-03 22:00:00,0.6200800538063049
2025-01-05 22:00:00,0.62455
2025-01-06 22:00:00,0.62308
2025-01-07 22:00:00,0.6216
2025-01-08 22:00:00,0.61955
2025-01-09 22:00:00,0.61433
2025-01-10 22:00:00,0.6189700961112976
2025-01-12 22:00:00,0.61769
2025-01-13 22:00:00,0.61943
2025-01-14 22:00:00,0.6227
2025-01-15 22:00:00,0.62126
2025-01-16 22:00:00,0.61921
2025-01-17 22:00:00,0.6210300922393799
2025-01-19 22:00:00,0.62738
2025-01-20 22:00:00,0.62728
2025-01-21 22:00:00,0.62735
2025-01-22 22:00:00,0.62844
2025-01-23 22:00:00,0.6315
2025-01-24 22:00:00,0.6283262372016907
2025-01-26 22:00:00,0.62924
2025-01-27 22:00:00,0.62524
2025-01-28 22:00:00,0.6232
2025-01-29 22:00:00,0.62093
2025-01-30 22:00:00,0.62096
2025-01-31 22:00:00,0.6215001940727234
2025-02-02 22:00:00,0.62258
2025-02-03 22:00:00,0.62557
2025-02-04 22:00:00,0.62847
2025-02-05 22:00:00,0.62838
2025-02-06 22:00:00,0.62701
2025-02-07 22:00:00,0.6281801462173462
2025-02-09 22:00:00,0.6278
2025-02-10 22:00:00,0.62948
2025-02-11 22:00:00,0.62789
2025-02-12 22:00:00,0.63179
2025-02-13 22:00:00,0.63549
2025-02-14 22:00:00,0.6316919922828674
2025-02-16 22:00:00,0.6357
2025-02-17 22:00:00,0.63515
2025-02-18 22:00:00,0.63448
2025-02-19 22:00:00,0.64011
2025-02-20 22:00:00,0.63567
2025-02-21 22:00:00,0.6404098868370056
2025-02-23 22:00:00,0.63489
2025-02-24 22:00:00,0.63441
2025-02-25 22:00:00,0.63049
2025-02-26 22:00:00,0.62356
2025-02-27 22:00:00,0.62085
2025-02-28 22:00:00,0.623219907283783
2025-03-02 22:00:00,0.6225
2025-03-03 22:00:00,0.62711
2025-03-04 22:00:00,0.63352
2025-03-05 22:00:00,0.63328
2025-03-06 22:00:00,0.63073
2025-03-07 22:00:00,0.6332280039787292
2025-03-09 21:00:00,0.6279
2025-03-10 21:00:00,0.62982
2025-03-10 22:00:00,0.6303898096084595
2025-03-11 21:00:00,0.63202
2025-03-11 22:00:00,0.6279513835906982
2025-03-12 21:00:00,0.62825
2025-03-12 22:00:00,0.6295286417007446
2025-03-13 21:00:00,0.63286
2025-03-13 22:00:00,0.6327592134475708
2025-03-14 22:00:00,0.6287410259246826
2025-03-16 21:00:00,0.63846
2025-03-17 21:00:00,0.63612
2025-03-17 22:00:00,0.6326191425323486
2025-03-18 21:00:00,0.63574
2025-03-18 22:00:00,0.638198733329773
2025-03-19 21:00:00,0.63032
2025-03-19 22:00:00,0.6361202001571655
2025-03-20 21:00:00,0.62712
2025-03-20 22:00:00,0.6364116668701172
2025-03-21 22:00:00,0.6303898096084595
2025-03-23 21:00:00,0.62863
2025-03-24 21:00:00,0.63032
2025-03-24 22:00:00,0.6288319230079651
2025-03-25 21:00:00,0.62973
2025-03-25 22:00:00,0.6285908222198486
2025-03-26 21:00:00,0.63049
2025-03-26 22:00:00,0.6309000849723816
2025-03-27 21:00:00,0.6289
2025-03-27 22:00:00,0.6287015080451965
2025-03-28 22:00:00,0.6301594376564026
2025-03-30 21:00:00,0.62467
2025-03-31 21:00:00,0.62776
2025-03-31 22:00:00,0.6282907128334045
2025-04-01 21:00:00,0.62978
2025-04-01 22:00:00,0.6241885423660278
2025-04-02 21:00:00,0.63283
2025-04-02 22:00:00,0.6289584636688232
2025-04-03 21:00:00,0.60437
2025-04-03 22:00:00,0.6264698505401611
2025-04-04 22:00:00,0.6323510408401489
2025-04-06 21:00:00,0.59841
2025-04-07 21:00:00,0.59558
2025-04-07 22:00:00,0.5987701416015625
2025-04-08 21:00:00,0.6153
2025-04-08 22:00:00,0.5997613072395325
2025-04-09 21:00:00,0.6224
2025-04-09 22:00:00,0.595528781414032
2025-04-10 21:00:00,0.629
2025-04-10 22:00:00,0.6133614778518677
2025-04-11 22:00:00,0.6223394870758057
2025-04-13 21:00:00,0.63267
2025-04-14 21:00:00,0.6345
2025-04-14 22:00:00,0.6301316618919373
2025-04-15 21:00:00,0.63707
2025-04-15 22:00:00,0.631991446018219
2025-04-16 21:00:00,0.63906
2025-04-16 22:00:00,0.6337898373603821
2025-04-17 21:00:00,0.63749
2025-04-17 22:00:00,0.6372998952865601
2025-04-20 21:00:00,0.64163
2025-04-21 21:00:00,0.63646
2025-04-22 21:00:00,0.6359
2025-04-22 22:00:00,0.6421988606452942
2025-04-23 21:00:00,0.64093
2025-04-23 22:00:00,0.6376200914382935
2025-04-24 21:00:00,0.63966
2025-04-24 22:00:00,0.6365291476249695
2025-04-25 22:00:00,0.6403483152389526
2025-04-27 21:00:00,0.64321
2025-04-28 21:00:00,0.63834
2025-04-28 22:00:00,0.63840651512146
2025-04-29 21:00:00,0.64022
2025-04-29 22:00:00,0.6428800821304321
2025-04-30 21:00:00,0.63834
2025-04-30 22:00:00,0.6386919617652893
2025-05-01 21:00:00,0.6447
2025-05-01 22:00:00,0.6413093209266663
2025-05-02 22:00:00,0.6386797428131104
2025-05-04 21:00:00,0.64684
2025-05-05 21:00:00,0.64941
2025-05-05 22:00:00,0.644558310508728
2025-05-06 21:00:00,0.64249
2025-05-06 22:00:00,0.6461409330368042
2025-05-07 21:00:00,0.63996
2025-05-07 22:00:00,0.6506688594818115
2025-05-08 21:00:00,0.64086
2025-05-08 22:00:00,0.6434799432754517
2025-05-09 22:00:00,0.6392595171928406
2025-05-11 21:00:00,0.6372
2025-05-12 21:00:00,0.64704
2025-05-12 22:00:00,0.642091691493988
2025-05-13 21:00:00,0.6428
2025-05-13 22:00:00,0.6371780633926392
2025-05-14 21:00:00,0.64062
2025-05-14 22:00:00,0.6472617387771606
2025-05-15 21:00:00,0.64051
2025-05-15 22:00:00,0.6428800821304321
2025-05-16 22:00:00,0.640578031539917
2025-05-18 21:00:00,0.64574
2025-05-19 21:00:00,0.6424
2025-05-19 22:00:00,0.6410001516342163
2025-05-20 21:00:00,0.64369
2025-05-20 22:00:00,0.6455819606781006
2025-05-21 21:00:00,0.64101
2025-05-21 22:00:00,0.6425999999046326
2025-05-22 21:00:00,0.64958
2025-05-22 22:00:00,0.6433101892471313
2025-05-23 22:00:00,0.6409804821014404
2025-05-25 21:00:00,0.64877
2025-05-26 21:00:00,0.64422
2025-05-26 22:00:00,0.6501189470291138
2025-05-27 21:00:00,0.64265
2025-05-27 22:00:00,0.6481007933616638
2025-05-28 21:00:00,0.64417
2025-05-28 22:00:00,0.6447120904922485
2025-05-29 21:00:00,0.64334
2025-05-29 22:00:00,0.6425207257270813
2025-05-30 22:00:00,0.6445998549461365
2025-06-01 21:00:00,0.64965
2025-06-02 21:00:00,0.64622
2025-06-02 22:00:00,0.644321620464325
2025-06-03 21:00:00,0.64923
2025-06-03 22:00:00,0.6498401165008545
2025-06-04 21:00:00,0.65053
2025-06-04 22:00:00,0.646608829498291
2025-06-05 21:00:00,0.64924
2025-06-05 22:00:00,0.6490682363510132
2025-06-06 22:00:00,0.6510501503944397
2025-06-08 21:00:00,0.65162
2025-06-09 21:00:00,0.65219
2025-06-09 22:00:00,0.6500217914581299
2025-06-10 21:00:00,0.65009
2025-06-10 22:00:00,0.6518101692199707
2025-06-11 21:00:00,0.65323
2025-06-11 22:00:00,0.6527202129364014
2025-06-12 21:00:00,0.6487
2025-06-12 22:00:00,0.6509501338005066
2025-06-13 22:00:00,0.6527999043464661
2025-06-15 21:00:00,0.65234
2025-06-16 21:00:00,0.64757
2025-06-16 22:00:00,0.6499997973442078
2025-06-17 21:00:00,0.65085
2025-06-17 22:00:00,0.6511001586914062
2025-06-18 21:00:00,0.64808
2025-06-18 22:00:00,0.6479797959327698
2025-06-19 21:00:00,0.64519
2025-06-19 22:00:00,0.6507408618927002
2025-06-20 22:00:00,0.6488786935806274
2025-06-22 21:00:00,0.64591
2025-06-23 21:00:00,0.6489
2025-06-23 22:00:00,0.6446704864501953
2025-06-24 21:00:00,0.65131
2025-06-24 22:00:00,0.6477800011634827
2025-06-25 21:00:00,0.65462
2025-06-25 22:00:00,0.6495999097824097
2025-06-26 21:00:00,0.65297
2025-06-26 22:00:00,0.6523114442825317
2025-06-27 22:00:00,0.654630184173584
2025-06-29 21:00:00,0.65811
2025-06-30 21:00:00,0.65823
2025-06-30 22:00:00,0.6533215045928955
2025-07-01 21:00:00,0.65835
2025-07-01 22:00:00,0.6578081846237183
2025-07-02 21:00:00,0.65715
2025-07-02 22:00:00,0.6583105325698853
2025-07-03 21:00:00,0.65503
2025-07-03 22:00:00,0.6582901477813721
2025-07-04 22:00:00,0.6577298641204834
2025-07-06 21:00:00,0.64904
2025-07-07 21:00:00,0.65296
2025-07-07 22:00:00,0.6551792025566101
2025-07-08 21:00:00,0.65346
2025-07-08 22:00:00,0.6506096124649048
2025-07-09 21:00:00,0.65891
2025-07-09 22:00:00,0.6524518728256226
2025-07-10 21:00:00,0.65777
2025-07-10 22:00:00,0.6535905003547668
2025-07-11 22:00:00,0.6594000458717346
2025-07-13 21:00:00,0.65454
2025-07-14 21:00:00,0.6514
2025-07-14 22:00:00,0.6578081846237183
2025-07-15 21:00:00,0.65281
2025-07-15 22:00:00,0.6544716358184814
2025-07-16 21:00:00,0.64877
2025-07-16 22:00:00,0.651898980140686
2025-07-17 21:00:00,0.65059
2025-07-17 22:00:00,0.6525000333786011
2025-07-18 22:00:00,0.649819016456604
2025-07-20 21:00:00,0.65243
2025-07-21 21:00:00,0.65554
2025-07-21 22:00:00,0.6512112617492676
2025-07-22 21:00:00,0.66028
2025-07-22 22:00:00,0.6528096795082092
2025-07-23 21:00:00,0.65897
2025-07-23 22:00:00,0.6554712057113647
2025-07-24 21:00:00,0.65646
2025-07-24 22:00:00,0.6603999137878418
2025-07-25 22:00:00,0.6597176194190979
2025-07-27 21:00:00,0.65205
2025-07-28 21:00:00,0.65097
2025-07-28 22:00:00,0.6572980284690857
2025-07-29 21:00:00,0.64331
2025-07-29 22:00:00,0.6524008512496948
2025-07-30 21:00:00,0.64249
2025-07-30 22:00:00,0.651321530342102
2025-07-31 21:00:00,0.64734
2025-07-31 22:00:00,0.6447120904922485
2025-08-01 22:00:00,0.6429089903831482
2025-08-03 21:00:00,0.64667
2025-08-04 21:00:00,0.64724
2025-08-04 22:00:00,0.6469100117683411
2025-08-05 21:00:00,0.65033
2025-08-05 22:00:00,0.6474796533584595
2025-08-06 21:00:00,0.65229
2025-08-06 22:00:00,0.6472994685173035
2025-08-07 21:00:00,0.65193
2025-08-07 22:00:00,0.6500217914581299
2025-08-08 22:00:00,0.6525711417198181
2025-08-10 21:00:00,0.65131
2025-08-11 21:00:00,0.65291
2025-08-11 22:00:00,0.6517715454101562
2025-08-12 21:00:00,0.65457
2025-08-12 22:00:00,0.6514403223991394
2025-08-13 21:00:00,0.64956
2025-08-13 22:00:00,0.6529802083969116
2025-08-14 21:00:00,0.65084
2025-08-14 22:00:00,0.6551706194877625
2025-08-15 22:00:00,0.6497514843940735
2025-08-17 21:00:00,0.64913
2025-08-18 21:00:00,0.64537
2025-08-18 22:00:00,0.651296079158783
2025-08-19 21:00:00,0.64335
2025-08-19 22:00:00,0.6494801044464111
2025-08-20 21:00:00,0.64204
2025-08-20 22:00:00,0.6454598307609558
2025-08-21 21:00:00,0.64916
2025-08-21 22:00:00,0.6436100006103516
2025-08-22 22:00:00,0.6425496339797974
2025-08-24 21:00:00,0.64832
2025-08-25 21:00:00,0.64942
2025-08-25 22:00:00,0.6484898924827576
2025-08-26 21:00:00,0.65054
2025-08-26 22:00:00,0.6481099724769592
2025-08-27 21:00:00,0.65321
2025-08-27 22:00:00,0.6495801210403442
2025-08-28 21:00:00,0.65387
2025-08-28 22:00:00,0.6511399745941162
2025-08-29 22:00:00,0.6532399654388428
2025-08-31 21:00:00,0.65539
2025-09-01 21:00:00,0.65206
2025-09-01 22:00:00,0.6543598771095276
2025-09-02 21:00:00,0.65437
2025-09-02 22:00:00,0.6556801199913025
2025-09-03 21:00:00,0.65177
2025-09-03 22:00:00,0.6518301367759705
2025-09-04 21:00:00,0.65549
2025-09-04 22:00:00,0.6544399857521057
2025-09-05 22:00:00,0.6521999835968018
2025-09-07 21:00:00,0.65921
2025-09-08 21:00:00,0.65846
2025-09-08 22:00:00,0.655450165271759
2025-09-09 21:00:00,0.66136
2025-09-09 22:00:00,0.6598090529441833
2025-09-10 21:00:00,0.66604
2025-09-10 22:00:00,0.6584700345993042
2025-09-11 21:00:00,0.66477
2025-09-11 22:00:00,0.6619316339492798
2025-09-12 22:00:00,0.6668000221252441
2025-09-14 21:00:00,0.667
2025-09-15 21:00:00,0.66848
2025-09-15 22:00:00,0.6648998260498047
2025-09-16 21:00:00,0.66523
2025-09-16 22:00:00,0.6673001646995544
2025-09-17 21:00:00,0.66122
2025-09-17 22:00:00,0.6688998937606812
2025-09-18 21:00:00,0.65909
2025-09-18 22:00:00,0.6652501225471497
2025-09-19 22:00:00,0.6617901921272278
2025-09-21 21:00:00,0.65995
2025-09-22 21:00:00,0.65991
2025-09-22 22:00:00,0.6589308381080627
2025-09-23 21:00:00,0.65827
2025-09-23 22:00:00,0.660199761390686
2025-09-24 21:00:00,0.654
2025-09-24 22:00:00,0.6597799062728882
2025-09-25 21:00:00,0.65458
2025-09-25 22:00:00,0.6586921215057373
2025-09-26 22:00:00,0.6537314653396606
2025-09-28 21:00:00,0.65768
2025-09-29 21:00:00,0.66129
2025-09-29 22:00:00,0.6553998589515686
2025-09-30 21:00:00,0.66132
2025-09-30 22:00:00,0.6581978797912598
2025-10-01 21:00:00,0.65964
2025-10-01 22:00:00,0.6610700488090515
2025-10-02 21:00:00,0.6602
2025-10-02 22:00:00,0.6615498065948486
2025-10-03 22:00:00,0.6598090529441833
2025-10-05 21:00:00,0.66176
2025-10-06 21:00:00,0.65807
2025-10-06 22:00:00,0.6593101024627686
2025-10-07 21:00:00,0.65867
2025-10-07 22:00:00,0.6616500020027161
2025-10-08 21:00:00,0.65547
2025-10-08 22:00:00,0.6580505967140198
2025-10-09 21:00:00,0.64771
2025-10-09 22:00:00,0.6584500670433044
2025-10-10 22:00:00,0.6561291813850403
2025-10-12 21:00:00,0.65151
2025-10-13 21:00:00,0.64859
2025-10-13 22:00:00,0.6498401165008545
2025-10-14 21:00:00,0.65125
2025-10-14 22:00:00,0.651159942150116
2025-10-15 21:00:00,0.64845
2025-10-15 22:00:00,0.6491301655769348
2025-10-16 21:00:00,0.64946
2025-10-16 22:00:00,0.6508001685142517
2025-10-17 22:00:00,0.64823979139328
2025-10-19 21:00:00,0.65127
2025-10-20 21:00:00,0.64879
2025-10-20 22:00:00,0.6501701474189758
2025-10-21 21:00:00,0.64888
2025-10-21 22:00:00,0.6516313552856445
2025-10-22 21:00:00,0.65131
2025-10-22 22:00:00,0.6491904854774475
2025-10-23 21:00:00,0.65111
2025-10-23 22:00:00,0.6489999890327454
2025-10-24 22:00:00,0.6514798402786255
2025-10-26 21:00:00,0.65558
2025-10-27 21:00:00,0.65851
2025-10-27 22:00:00,0.653398334980011
2025-10-28 21:00:00,0.65744
2025-10-28 22:00:00,0.6558598279953003
2025-10-29 21:00:00,0.65543
2025-10-29 22:00:00,0.6585099697113037
2025-10-30 21:00:00,0.65448
2025-10-30 22:00:00,0.657680094242096
2025-10-31 22:00:00,0.6559299826622009
2025-11-02 22:00:00,0.65387
2025-11-03 22:00:00,0.64887
2025-11-04 22:00:00,0.65068
2025-11-05 22:00:00,0.64795
2025-11-06 22:00:00,0.64947
2025-11-07 22:00:00,0.6483898758888245
2025-11-09 22:00:00,0.65363
2025-11-10 22:00:00,0.65271
2025-11-11 22:00:00,0.6541
2025-11-12 22:00:00,0.65296
2025-11-13 22:00:00,0.65363
2025-11-14 22:00:00,0.6529000401496887
2025-11-16 22:00:00,0.6493
2025-11-17 22:00:00,0.65076
2025-11-18 22:00:00,0.6479
2025-11-19 22:00:00,0.64399
2025-11-20 22:00:00,0.64561
2025-11-21 22:00:00,0.6449499130249023
2025-11-23 22:00:00,0.64643
2025-11-24 22:00:00,0.64691
2025-11-25 22:00:00,0.6518
2025-11-26 22:00:00,0.65337
2025-11-27 22:00:00,0.65494
2025-11-28 22:00:00,0.653579831123352
2025-11-30 22:00:00,0.65433
2025-12-01 22:00:00,0.65658
2025-12-02 22:00:00,0.66012
2025-12-03 22:00:00,0.66099
2025-12-04 22:00:00,0.66386
2025-12-05 22:00:00,0.660641610622406
2025-12-07 22:00:00,0.66239
2025-12-08 22:00:00,0.66425
2025-12-09 22:00:00,0.66753
2025-12-10 22:00:00,0.6664
2025-12-11 22:00:00,0.66512
2025-12-12 22:00:00,0.6665000319480896
2025-12-14 22:00:00,0.66403
2025-12-15 22:00:00,0.66324
2025-12-16 22:00:00,0.66048
2025-12-17 22:00:00,0.66125
2025-12-18 22:00:00,0.6608
2025-12-19 22:00:00,0.6613800525665283
2025-12-21 22:00:00,0.66579
2025-12-22 22:00:00,0.67015
2025-12-23 22:00:00,0.67055
2025-12-24 22:00:00,0.6701900959014893
2025-12-25 22:00:00,0.67121
2025-12-26 22:00:00,0.6705604195594788
2025-12-28 22:00:00,0.66938
2025-12-29 22:00:00,0.66961
2025-12-30 22:00:00,0.66726
2025-12-31 22:00:00,0.6697999835014343
2026-01-01 22:00:00,0.66935
2026-01-02 22:00:00,0.6678299903869629
2026-01-04 22:00:00,0.67144
2026-01-05 22:00:00,0.67386
2026-01-06 22:00:00,0.67206
2026-01-07 22:00:00,0.66987
2026-01-08 22:00:00,0.66862
2026-01-09 22:00:00,0.6701065301895142
2026-01-11 22:00:00,0.67098
2026-01-12 22:00:00,0.66807
2026-01-13 22:00:00,0.66825
2026-01-14 22:00:00,0.66985
2026-01-15 22:00:00,0.66825
2026-01-16 22:00:00,0.6704210042953491
2026-01-18 22:00:00,0.6714
2026-01-19 22:00:00,0.67371
2026-01-20 22:00:00,0.67621
2026-01-21 22:00:00,0.68407
2026-01-22 22:00:00,0.68975
2026-01-23 22:00:00,0.6840506792068481
2026-01-25 22:00:00,0.69162
2026-01-26 22:00:00,0.70118
2026-01-27 22:00:00,0.70407
2026-01-28 22:00:00,0.70496
2026-01-29 22:00:00,0.69631
2026-01-30 22:00:00,0.7047300934791565
2026-02-01 22:00:00,0.69476
2026-02-02 22:00:00,0.70221
2026-02-03 22:00:00,0.69982
2026-02-04 22:00:00,0.69275
2026-02-05 22:00:00,0.70177
2026-02-06 22:00:00,0.6916399002075195
2026-02-08 22:00:00,0.70936
2026-02-09 22:00:00,0.70749
2026-02-10 22:00:00,0.71272
2026-02-11 22:00:00,0.70907
2026-02-12 22:00:00,0.70715
2026-02-13 22:00:00,0.7087101936340332
2026-02-15 22:00:00,0.70724
2026-02-16 22:00:00,0.7086
2026-02-17 22:00:00,0.70427
2026-02-18 22:00:00,0.70579
2026-02-19 22:00:00,0.70847
2026-02-20 22:00:00,0.7056102752685547
2026-02-22 22:00:00,0.70551
2026-02-23 22:00:00,0.70579
2026-02-24 22:00:00,0.71236
2026-02-25 22:00:00,0.71059
2026-02-26 22:00:00,0.71149
2026-02-27 22:00:00,0.71017986536026
2026-03-01 22:00:00,0.70943
2026-03-02 22:00:00,0.70342
2026-03-03 22:00:00,0.70763
2026-03-04 22:00:00,0.70075
2026-03-05 22:00:00,0.70277
2026-03-06 22:00:00,0.7011299729347229
2026-03-08 21:00:00,0.70765
2026-03-09 21:00:00,0.71187
2026-03-09 22:00:00,0.6966199278831482
2026-03-10 21:00:00,0.71524
2026-03-10 22:00:00,0.7068586349487305
2026-03-11 21:00:00,0.70759
2026-03-11 22:00:00,0.712100088596344
2026-03-12 21:00:00,0.6981
2026-03-12 22:00:00,0.7129209637641907
2026-03-13 22:00:00,0.7075298428535461
2026-03-15 21:00:00,0.70715
2026-03-16 21:00:00,0.71046
2026-03-16 22:00:00,0.7005700469017029
2026-03-17 21:00:00,0.70231
2026-03-17 22:00:00,0.706848680973053
2026-03-18 21:00:00,0.70876
2026-03-18 22:00:00,0.710909903049469
2026-03-19 21:00:00,0.70223
2026-03-19 22:00:00,0.7029501795768738
2026-03-20 22:00:00,0.708109974861145
2026-03-22 21:00:00,0.70091
2026-03-23 21:00:00,0.69972
2026-03-23 22:00:00,0.7007802128791809
2026-03-24 21:00:00,0.69465
2026-03-24 22:00:00,0.7006098031997681
2026-03-25 21:00:00,0.68874
2026-03-25 22:00:00,0.6996901631355286
2026-03-26 21:00:00,0.68779
2026-03-26 22:00:00,0.6942901611328125
2026-03-27 22:00:00,0.6887398958206177
2026-03-29 21:00:00,0.68525
2026-03-30 21:00:00,0.69001
2026-03-30 22:00:00,0.6850901246070862
2026-03-31 21:00:00,0.69288
2026-03-31 22:00:00,0.6845901012420654
2026-04-01 21:00:00,0.69103
2026-04-01 22:00:00,0.692051112651825
2026-04-02 21:00:00,0.68865
2026-04-02 22:00:00,0.6923999190330505
2026-04-03 22:00:00,0.6911499500274658
2026-04-05 21:00:00,0.69183
2026-04-06 21:00:00,0.69761
2026-04-06 22:00:00,0.6885501742362976
2026-04-07 21:00:00,0.70435
2026-04-07 22:00:00,0.6916901469230652
2026-04-08 21:00:00,0.70831
2026-04-08 22:00:00,0.707679033279419
2026-04-09 21:00:00,0.70725
2026-04-09 22:00:00,0.703937828540802
2026-04-10 22:00:00,0.7075698375701904
2026-04-12 21:00:00,0.70961
2026-04-13 21:00:00,0.71263
2026-04-13 22:00:00,0.7019898295402527
2026-04-14 21:00:00,0.71703
2026-04-14 22:00:00,0.7099298238754272
2026-04-15 21:00:00,0.71617
2026-04-15 22:00:00,0.7129300832748413
2026-04-16 21:00:00,0.7167
2026-04-16 22:00:00,0.7175799012184143
2026-04-17 22:00:00,0.7159000635147095
2026-04-19 21:00:00,0.71781
2026-04-20 21:00:00,0.71538
2026-04-20 22:00:00,0.7134998440742493
2026-04-21 21:00:00,0.71603
2026-04-21 22:00:00,0.7174198627471924
2026-04-22 21:00:00,0.71281
2026-04-22 22:00:00,0.7156198024749756
2026-04-23 21:00:00,0.71526
2026-04-23 22:00:00,0.7158001661300659
2026-04-24 22:00:00,0.7129616141319275
2026-04-26 21:00:00,0.71856
2026-04-27 21:00:00,0.71818
2026-04-27 22:00:00,0.7143500447273254
2026-04-28 21:00:00,0.7116
2026-04-28 22:00:00,0.7190897464752197
2026-04-29 21:00:00,0.72013
2026-04-29 22:00:00,0.7187212109565735
2026-04-30 21:00:00,0.72001
2026-04-30 22:00:00,0.7131141424179077
2026-05-01 22:00:00,0.720079779624939
2026-05-03 21:00:00,0.71666
2026-05-04 21:00:00,0.71829
2026-05-04 22:00:00,0.7212925553321838
2026-05-05 21:00:00,0.72373
2026-05-05 22:00:00,0.7167482376098633
2026-05-06 21:00:00,0.72057
2026-05-06 22:00:00,0.7203900218009949
2026-05-07 21:00:00,0.7248
2026-05-07 22:00:00,0.7235099673271179
2026-05-08 22:00:00,0.7208600044250488
2026-05-10 21:00:00,0.72491
2026-05-11 21:00:00,0.724
2026-05-11 22:00:00,0.7236999869346619
2026-05-12 21:00:00,0.72578
2026-05-12 22:00:00,0.7246218919754028
2026-05-13 21:00:00,0.722
2026-05-13 22:00:00,0.7237801551818848
2026-05-14 21:00:00,0.71455
2026-05-14 22:00:00,0.7254998683929443
2026-05-15 22:00:00,0.7214298844337463
2026-05-17 21:00:00,0.71686
2026-05-18 21:00:00,0.71067
2026-05-18 22:00:00,0.7130200862884521
2026-05-19 21:00:00,0.71526
2026-05-19 22:00:00,0.7172901630401611
2026-05-20 21:00:00,0.71491
2026-05-20 22:00:00,0.7106598019599915
2026-05-21 21:00:00,0.71291
2026-05-21 22:00:00,0.7150007486343384
2026-05-22 22:00:00,0.7148299813270569
2026-05-24 21:00:00,0.71751
2026-05-25 21:00:00,0.71667
2026-05-25 22:00:00,0.7157202363014221
2026-05-26 21:00:00,0.71415
2026-05-26 22:00:00,0.717029869556427
2026-05-27 21:00:00,0.71623
2026-05-27 22:00:00,0.717079758644104
2026-05-28 21:00:00,0.71845
2026-05-28 22:00:00,0.7133201360702515
2026-05-29 22:00:00,0.7164201736450195
2026-05-31 21:00:00,0.71601
2026-06-01 21:00:00,0.71794
2026-06-01 22:00:00,0.7180498242378235
2026-06-02 21:00:00,0.71273
2026-06-02 22:00:00,0.7164298892021179
2026-06-03 21:00:00,0.71327
2026-06-03 22:00:00,0.7174115777015686
2026-06-04 21:00:00,0.70424
2026-06-04 22:00:00,0.7134499549865723
2026-06-05 22:00:00,0.7132158875465393
2026-06-07 21:00:00,0.70447
2026-06-08 21:00:00,0.70272
2026-06-08 22:00:00,0.7043498158454895
2026-06-09 21:00:00,0.69967
2026-06-09 22:00:00,0.704049825668335
2026-06-10 21:00:00,0.70512
2026-06-10 22:00:00,0.7023113369941711
2026-06-11 21:00:00,0.70457
2026-06-11 22:00:00,0.6994200348854065
2026-06-12 22:00:00,0.7047901749610901
2026-06-14 21:00:00,0.70703
2026-06-15 21:00:00,0.70669
2026-06-15 22:00:00,0.7075197696685791
2026-06-16 21:00:00,0.70132
2026-06-16 22:00:00,0.7073001265525818
2026-06-17 21:00:00,0.70137
2026-06-17 22:00:00,0.7065500020980835
2026-06-18 21:00:00,0.70097
2026-06-18 22:00:00,0.7018499374389648
2026-06-19 22:00:00,0.7013099789619446
2026-06-21 21:00:00,0.70003
2026-06-22 21:00:00,0.6916
2026-06-22 22:00:00,0.7002899646759033
2026-06-23 21:00:00,0.68998
2026-06-23 22:00:00,0.6994621157646179
2026-06-24 21:00:00,0.691
2026-06-24 22:00:00,0.6915600895881653
2026-06-25 21:00:00,0.68916
2026-06-25 22:00:00,0.6900001764297485
2026-06-26 22:00:00,0.6900501847267151
2026-06-28 21:00:00,0.68865
2026-06-29 21:00:00,0.69194
2026-06-29 22:00:00,0.6896218657493591
2026-06-30 21:00:00,0.68929
2026-06-30 22:00:00,0.6882398128509521
2026-07-01 21:00:00,0.69219
2026-07-01 22:00:00,0.6912999749183655
2026-07-02 21:00:00,0.69366
2026-07-02 22:00:00,0.6892097592353821
2026-07-03 22:00:00,0.6916002035140991
2026-07-05 21:00:00,0.69562
2026-07-06 21:00:00,0.69283
2026-07-06 22:00:00,0.6937001347541809
2026-07-07 21:00:00,0.69304
2026-07-07 22:00:00,0.6955297589302063
2026-07-08 21:00:00,0.69413
2026-07-08 22:00:00,0.6922600269317627
2026-07-09 21:00:00,0.69529
2026-07-09 22:00:00,0.6936299204826355
2026-07-10 22:00:00,0.6944401264190674
2026-07-12 21:00:00,0.6917
2026-07-13 21:00:00,0.69742
2026-07-13 22:00:00,0.6942197680473328
2026-07-14 21:00:00,0.70061
2026-07-14 22:00:00,0.6918213367462158
2026-07-15 21:00:00,0.69975
2026-07-15 22:00:00,0.6976497769355774
2026-07-16 21:00:00,0.69818
2026-07-16 22:00:00,0.7008101344108582
2026-07-17 22:00:00,0.6999399662017822
2026-07-19 21:00:00,0.69988
2026-07-20 21:00:00,0.69978
2026-07-20 22:00:00,0.6979097723960876
2026-07-21 21:00:00,0.69969
2026-07-21 22:00:00,0.700079083442688
2026-07-22 21:00:00,0.69676
2026-07-22 22:00:00,0.7000800967216492
2026-07-23 21:00:00,0.69812
2026-07-23 22:00:00,0.6989697813987732
2026-07-24 22:00:00,0.6967198848724365
2026-07-26 21:00:00,0.69896
2026-07-27 21:00:00,0.69734
2026-07-27 22:00:00,0.699440062046051
2026-07-28 21:00:00,0.69549
2026-07-28 22:00:00,0.6987192630767822
2026-07-29 21:00:00,0.70295
2026-07-29 22:00:00,0.6974599957466125
2026-07-30 21:00:00,0.70401
2026-07-30 22:00:00,0.695928156375885
2026-07-31 22:00:00,0.7025185227394104
2026-08-02 21:00:00,0.69999
2026-08-03 21:00:00,0.70462
2026-08-03 22:00:00,0.7045875787734985
2026-08-04 21:00:00,0.70569
2026-08-04 22:00:00,0.6997601389884949
2026-08-05 21:00:00,0.70321
2026-08-05 22:00:00,0.7046700119972229
2026-08-06 21:00:00,0.7065
2026-08-06 22:00:00,0.7057301998138428
2026-08-07 22:00:00,0.7033402323722839
2026-08-09 21:00:00,0.70537
2026-08-10 21:00:00,0.70616
2026-08-10 22:00:00,0.7063493728637695
2026-08-11 21:00:00,0.70626
2026-08-11 22:00:00,0.7055301070213318
2026-08-12 21:00:00,0.70595
2026-08-12 22:00:00,0.7063997387886047
2026-08-13 21:00:00,0.70836
2026-08-13 22:00:00,0.7063897848129272
2026-08-14 22:00:00,0.7063698172569275
2026-08-16 21:00:00,0.71035
2026-08-17 21:00:00,0.70853
2026-08-17 22:00:00,0.7085198760032654
2026-08-18 21:00:00,0.71243
2026-08-18 22:00:00,0.7108199596405029
2026-08-19 21:00:00,0.7113
2026-08-19 22:00:00,0.7081500887870789
2026-08-20 22:00:00,0.7125044465065002
2026-08-21 22:00:00,0.7119398713111877
2026-08-22 22:00:00,0.7174630165100098
