DATETIME,price
1984-01-03 22:00:00,50.54342465418489
1984-01-04 22:00:00,50.987865547369005
1984-01-05 22:00:00,50.94309389696153
1984-01-06 22:00:00,51.03271056630321
1984-01-09 22:00:00,50.94309389696153
1984-01-10 22:00:00,51.16768742211126
1984-01-11 22:00:00,50.987865547369005
1984-01-12 22:00:00,51.07762911235115
1984-01-13 22:00:00,51.71429885886397
1984-01-16 22:00:00,51.945265475589984
1984-01-17 22:00:00,51.80645648617024
1984-01-18 22:00:00,51.57663166157347
1984-01-19 22:00:00,51.668334058566586
1984-01-20 22:00:00,51.53089373686302
1984-01-23 22:00:00,51.62244504754037
1984-01-24 22:00:00,51.62244504754037
1984-01-25 22:00:00,51.48523111001384
1984-01-26 22:00:00,51.57663166157347
1984-01-27 22:00:00,51.439643618037366
1984-01-30 22:00:00,51.39413109835069
1984-01-31 22:00:00,51.21282750497552
1984-02-01 22:00:00,51.39413109835069
1984-02-02 22:00:00,51.53089373686302
1984-02-03 22:00:00,51.48523111001384
1984-02-06 22:00:00,51.16768742211126
1984-02-07 22:00:00,51.16768742211126
1984-02-08 22:00:00,50.987865547369005
1984-02-09 22:00:00,50.94309389696153
1984-02-10 22:00:00,50.58754305965518
1984-02-14 22:00:00,50.455403101339
1984-02-15 22:00:00,50.58754305965518
1984-02-16 22:00:00,50.49937805285085
1984-02-17 22:00:00,50.14957175339884
1984-02-21 22:00:00,50.14957175339884
1984-02-22 22:00:00,49.9763637696859
1984-02-23 22:00:00,49.505774022261626
1984-02-24 22:00:00,49.80427303455455
1984-02-27 22:00:00,49.54821095634946
1984-02-28 22:00:00,49.29460950941405
1984-02-29 22:00:00,49.633290020116775
1984-03-01 22:00:00,49.54821095634946
1984-03-02 22:00:00,50.01956064930261
1984-03-05 22:00:00,49.505774022261626
1984-03-06 22:00:00,49.421104620786565
1984-03-07 22:00:00,48.91875268996569
1984-03-08 22:00:00,48.83596078849693
1984-03-09 22:00:00,48.75343256661032
1984-03-12 22:00:00,48.83596078849693
1984-03-13 22:00:00,48.67116690728685
1984-03-14 22:00:00,48.54825829310328
1984-03-15 22:00:00,48.58916269898592
1984-03-16 22:00:00,48.42593421650621
1984-03-19 22:00:00,48.02236163714006
1984-03-20 22:00:00,48.10256635732959
1984-03-21 22:00:00,48.02236163714006
1984-03-22 22:00:00,48.02236163714006
1984-03-23 22:00:00,48.14276383337246
1984-03-26 22:00:00,48.22334968778241
1984-03-27 22:00:00,48.14276383337246
1984-03-28 22:00:00,48.38528878106383
1984-03-29 22:00:00,48.4666441891097
1984-03-30 22:00:00,48.06243233650456
1984-04-02 22:00:00,47.94240966939836
1984-04-03 22:00:00,47.62510813003665
1984-04-04 22:00:00,47.46794646864584
1984-04-05 22:00:00,47.46794646864584
1984-04-06 22:00:00,48.14276383337246
1984-04-09 22:00:00,48.22334968778241
1984-04-10 22:00:00,47.98235412580595
1984-04-11 22:00:00,48.10256635732959
1984-04-12 22:00:00,48.507418835616136
1984-04-13 22:00:00,47.8229533035734
1984-04-16 22:00:00,47.54640407503283
1984-04-17 22:00:00,47.66455289989593
1984-04-18 22:00:00,47.23404203850033
1984-04-19 22:00:00,46.92555766204577
1984-04-23 22:00:00,46.887266544329854
1984-04-24 22:00:00,47.15655994893868
1984-04-25 22:00:00,47.3117664756288
1984-04-26 22:00:00,47.42880976074285
1984-04-27 22:00:00,46.887266544329854
1984-04-30 22:00:00,46.73469540533386
1984-05-01 22:00:00,46.69670033576413
1984-05-02 22:00:00,46.58306767734764
1984-05-03 22:00:00,46.50760514225614
1984-05-04 22:00:00,45.91220940462966
1984-05-07 22:00:00,45.58366739047515
1984-05-08 22:00:00,45.76563246526948
1984-05-09 22:00:00,45.259604087079694
1984-05-10 22:00:00,45.11699198411906
1984-05-11 22:00:00,44.38224681036372
1984-05-14 22:00:00,44.00651902210207
1984-05-15 22:00:00,44.41671119721075
1984-05-16 22:00:00,44.555086525708994
1984-05-17 22:00:00,44.17653973621165
1984-05-18 22:00:00,44.555086525708994
1984-05-21 22:00:00,44.555086525708994
1984-05-22 22:00:00,44.31347263347853
1984-05-23 22:00:00,44.2106962891998
1984-05-24 22:00:00,43.63689309510428
1984-05-25 22:00:00,43.67024687116765
1984-05-29 22:00:00,43.24046600608232
1984-05-30 22:00:00,42.94770380410486
1984-05-31 22:00:00,43.27323452859108
1984-06-01 22:00:00,44.14243412434623
1984-06-04 22:00:00,44.86948907529665
1984-06-05 22:00:00,44.93993723564544
1984-06-06 22:00:00,44.520414814938285
1984-06-07 22:00:00,44.48579509388497
1984-06-08 22:00:00,44.69429539475113
1984-06-11 22:00:00,44.48579509388497
1984-06-12 22:00:00,44.79925317022781
1984-06-13 22:00:00,45.15256398621116
1984-06-14 22:00:00,45.18818993006168
1984-06-15 22:00:00,45.69267964687011
1984-06-18 22:00:00,45.61994936602481
1984-06-19 22:00:00,45.11699198411906
1984-06-20 22:00:00,44.45122725655564
1984-06-21 22:00:00,44.24490388704418
1984-06-22 22:00:00,44.24490388704418
1984-06-25 22:00:00,44.2106962891998
1984-06-26 22:00:00,44.07437531028807
1984-06-27 22:00:00,44.2106962891998
1984-06-28 22:00:00,44.17653973621165
1984-06-29 22:00:00,43.938864438798895
1984-07-02 22:00:00,43.938864438798895
1984-07-03 22:00:00,44.34783399078044
1984-07-05 22:00:00,44.24490388704418
1984-07-06 22:00:00,44.24490388704418
1984-07-09 22:00:00,45.18818993006168
1984-07-10 22:00:00,45.18818993006168
1984-07-11 22:00:00,45.01059852295533
1984-07-12 22:00:00,45.47515275374025
1984-07-13 22:00:00,45.76563246526948
1984-07-16 22:00:00,45.76563246526948
1984-07-17 22:00:00,45.54744070581526
1984-07-18 22:00:00,45.69267964687011
1984-07-19 22:00:00,45.76563246526948
1984-07-20 22:00:00,45.259604087079694
1984-07-23 22:00:00,45.223869926614206
1984-07-24 22:00:00,45.29539252293738
1984-07-25 22:00:00,46.31996572395537
1984-07-26 22:00:00,46.65876410620046
1984-07-27 22:00:00,46.54530723392904
1984-07-30 22:00:00,46.2453141950299
1984-07-31 22:00:00,46.69670033576413
1984-08-01 22:00:00,47.04078900208663
1984-08-02 22:00:00,47.35071989238985
1984-08-03 22:00:00,47.783259742329975
1984-08-06 22:00:00,47.38973427809481
1984-08-07 22:00:00,47.58572523171161
1984-08-08 22:00:00,47.66455289989593
1984-08-09 22:00:00,48.263738335308055
1984-08-10 22:00:00,48.263738335308055
1984-08-13 22:00:00,47.98235412580595
1984-08-14 22:00:00,48.22334968778241
1984-08-15 22:00:00,47.862709390574
1984-08-16 22:00:00,48.10256635732959
1984-08-17 22:00:00,48.304190976370414
1984-08-20 22:00:00,48.507418835616136
1984-08-21 22:00:00,48.75343256661032
1984-08-22 22:00:00,48.42593421650621
1984-08-23 22:00:00,48.34470774637603
1984-08-24 22:00:00,48.38528878106383
1984-08-27 22:00:00,47.74362857535857
1984-08-28 22:00:00,47.862709390574
1984-08-29 22:00:00,47.862709390574
1984-08-30 22:00:00,47.90252813513897
1984-08-31 22:00:00,48.10256635732959
1984-09-04 22:00:00,47.862709390574
1984-09-05 22:00:00,47.70405967149512
1984-09-06 22:00:00,48.22334968778241
1984-09-07 22:00:00,48.38528878106383
1984-09-10 22:00:00,48.67116690728685
1984-09-11 22:00:00,48.91875268996569
1984-09-12 22:00:00,48.83596078849693
1984-09-13 22:00:00,49.29460950941405
1984-09-14 22:00:00,49.29460950941405
1984-09-17 22:00:00,49.46340529221358
1984-09-18 22:00:00,49.59071624025506
1984-09-19 22:00:00,49.93323671764296
1984-09-20 22:00:00,49.8901793437491
1984-09-21 22:00:00,49.29460950941405
1984-09-24 22:00:00,48.91875268996569
1984-09-25 22:00:00,48.794663787548274
1984-09-26 22:00:00,49.085132027294144
1984-09-27 22:00:00,49.718643654068885
1984-09-28 22:00:00,49.04343739842603
1984-10-01 22:00:00,48.75343256661032
1984-10-02 22:00:00,48.75343256661032
1984-10-03 22:00:00,48.712266986227526
1984-10-04 22:00:00,48.91875268996569
1984-10-05 22:00:00,49.37887186292023
1984-10-09 22:00:00,49.46340529221358
1984-10-10 22:00:00,49.421104620786565
1984-10-11 22:00:00,49.59071624025506
1984-10-12 22:00:00,49.718643654068885
1984-10-15 22:00:00,49.54821095634946
1984-10-16 22:00:00,49.59071624025506
1984-10-17 22:00:00,49.8901793437491
1984-10-18 22:00:00,50.764737822615935
1984-10-19 22:00:00,51.39413109835069
1984-10-22 22:00:00,51.62244504754037
1984-10-23 22:00:00,51.8526496436569
1984-10-24 22:00:00,51.945265475589984
1984-10-25 22:00:00,51.668334058566586
1984-10-26 22:00:00,51.21282750497552
1984-10-29 22:00:00,51.34869338877524
1984-10-30 22:00:00,51.99168848299734
1984-10-31 22:00:00,51.8526496436569
1984-11-01 22:00:00,52.36585687770456
1984-11-02 22:00:00,52.2718483616138
1984-11-05 22:00:00,52.50745734719878
1984-11-07 22:00:00,51.89891925137261
1984-11-08 22:00:00,51.21282750497552
1984-11-09 22:00:00,51.76033961305424
1984-11-13 22:00:00,51.39413109835069
1984-11-14 22:00:00,51.21282750497552
1984-11-15 22:00:00,51.57663166157347
1984-11-16 22:00:00,51.71429885886397
1984-11-19 22:00:00,52.03818844069952
1984-11-20 22:00:00,52.22496113120141
1984-11-21 22:00:00,52.6973622096162
1984-11-23 22:00:00,53.372120862329055
1984-11-26 22:00:00,53.2261936775667
1984-11-27 22:00:00,53.32339672408971
1984-11-28 22:00:00,52.7927909942314
1984-11-29 22:00:00,52.64976716573593
1984-11-30 22:00:00,52.1314198774982
1984-12-03 22:00:00,52.22496113120141
1984-12-04 22:00:00,52.36585687770456
1984-12-05 22:00:00,52.36585687770456
1984-12-06 22:00:00,51.945265475589984
1984-12-07 22:00:00,51.57663166157347
1984-12-10 22:00:00,51.76033961305424
1984-12-11 22:00:00,52.084765516219285
1984-12-12 22:00:00,52.22496113120141
1984-12-13 22:00:00,51.71429885886397
1984-12-14 22:00:00,52.22496113120141
1984-12-17 22:00:00,52.50745734719878
1984-12-18 22:00:00,53.2261936775667
1984-12-19 22:00:00,53.08099950078618
1984-12-20 22:00:00,52.8406250832568
1984-12-21 22:00:00,53.08099950078618
1984-12-24 22:00:00,53.17771441124982
1984-12-26 22:00:00,52.6973622096162
1984-12-27 22:00:00,52.60225145600623
1984-12-28 22:00:00,52.554814907368936
1984-12-31 22:00:00,52.31881355376374
1985-01-02 22:00:00,51.62244504754037
1985-01-03 22:00:00,51.8526496436569
1985-01-04 22:00:00,51.57663166157347
1985-01-07 22:00:00,52.36585687770456
1985-01-08 22:00:00,52.554814907368936
1985-01-09 22:00:00,52.50745734719878
1985-01-10 22:00:00,52.36585687770456
1985-01-11 22:00:00,51.8526496436569
1985-01-14 22:00:00,51.668334058566586
1985-01-15 22:00:00,52.17815169289797
1985-01-16 22:00:00,52.084765516219285
1985-01-17 22:00:00,52.084765516219285
1985-01-18 22:00:00,52.46017860330204
1985-01-22 22:00:00,53.08099950078618
1985-01-23 22:00:00,53.32339672408971
1985-01-24 22:00:00,54.06294957504801
1985-01-25 22:00:00,53.91353710194674
1985-01-28 22:00:00,53.96325702309168
1985-01-29 22:00:00,54.06294957504801
1985-01-30 22:00:00,54.16298031332909
1985-01-31 22:00:00,53.91353710194674
1985-02-01 22:00:00,53.372120862329055
1985-02-04 22:00:00,53.27475438891605
1985-02-05 22:00:00,53.469815267224895
1985-02-06 22:00:00,53.12931641162182
1985-02-07 22:00:00,53.51878589462257
1985-02-08 22:00:00,53.61697490457639
1985-02-11 22:00:00,53.2261936775667
1985-02-13 22:00:00,53.420926983326105
1985-02-14 22:00:00,53.76488053687184
1985-02-15 22:00:00,53.12931641162182
1985-02-19 22:00:00,53.2261936775667
1985-02-20 22:00:00,52.50745734719878
1985-02-21 22:00:00,52.1314198774982
1985-02-22 22:00:00,51.53089373686302
1985-02-25 22:00:00,51.53089373686302
1985-02-26 22:00:00,51.71429885886397
1985-02-27 22:00:00,50.764737822615935
1985-02-28 22:00:00,50.67599590217815
1985-03-01 22:00:00,51.03271056630321
1985-03-04 22:00:00,50.63173342395908
1985-03-05 22:00:00,50.987865547369005
1985-03-06 22:00:00,50.72033064977936
1985-03-07 22:00:00,50.54342465418489
1985-03-08 22:00:00,51.53089373686302
1985-03-11 22:00:00,51.53089373686302
1985-03-12 22:00:00,51.39413109835069
1985-03-13 22:00:00,50.987865547369005
1985-03-14 22:00:00,50.94309389696153
1985-03-15 22:00:00,50.85377006934617
1985-03-18 22:00:00,50.36766753243544
1985-03-19 22:00:00,50.54342465418489
1985-03-20 22:00:00,50.94309389696153
1985-03-21 22:00:00,51.258041753259896
1985-03-22 22:00:00,50.987865547369005
1985-03-25 22:00:00,51.16768742211126
1985-03-26 22:00:00,51.48523111001384
1985-03-27 22:00:00,51.21282750497552
1985-03-28 22:00:00,51.439643618037366
1985-03-29 22:00:00,51.8526496436569
1985-04-01 22:00:00,51.80645648617024
1985-04-02 22:00:00,51.668334058566586
1985-04-03 22:00:00,51.53089373686302
1985-04-04 22:00:00,51.39413109835069
1985-04-08 22:00:00,51.34869338877524
1985-04-09 22:00:00,51.76033961305424
1985-04-10 22:00:00,52.31881355376374
1985-04-11 22:00:00,52.98460823613392
1985-04-12 22:00:00,52.88853920301608
1985-04-15 22:00:00,53.12931641162182
1985-04-16 22:00:00,53.469815267224895
1985-04-17 22:00:00,53.32339672408971
1985-04-18 22:00:00,53.91353710194674
1985-04-19 22:00:00,53.6661936506038
1985-04-22 22:00:00,53.81434904333614
1985-04-23 22:00:00,53.27475438891605
1985-04-24 22:00:00,53.17771441124982
1985-04-25 22:00:00,52.7927909942314
1985-04-26 22:00:00,52.88853920301608
1985-04-29 22:00:00,52.31881355376374
1985-04-30 22:00:00,52.60225145600623
1985-05-01 22:00:00,53.12931641162182
1985-05-02 22:00:00,53.17771441124982
1985-05-03 22:00:00,53.420926983326105
1985-05-06 22:00:00,53.469815267224895
1985-05-07 22:00:00,53.51878589462257
1985-05-08 22:00:00,53.03276350129223
1985-05-09 22:00:00,53.27475438891605
1985-05-10 22:00:00,53.96325702309168
1985-05-13 22:00:00,53.96325702309168
1985-05-14 22:00:00,54.61734394566233
1985-05-15 22:00:00,54.5665151372235
1985-05-16 22:00:00,54.87279120995903
1985-05-17 22:00:00,54.71926162995067
1985-05-20 22:00:00,55.91672349440677
1985-05-21 22:00:00,55.75783801174317
1985-05-22 22:00:00,55.49484538877473
1985-05-23 22:00:00,55.442517527415546
1985-05-24 22:00:00,55.75783801174317
1985-05-28 22:00:00,56.45232500331142
1985-05-29 22:00:00,56.39834691676858
1985-05-30 22:00:00,56.72362419849882
1985-05-31 22:00:00,57.2179462658802
1985-06-03 22:00:00,58.23023033368401
1985-06-04 22:00:00,58.2874121189445
1985-06-05 22:00:00,59.0986504593585
1985-06-06 22:00:00,58.86481429807708
1985-06-07 22:00:00,57.55183264360575
1985-06-10 22:00:00,57.832762477897646
1985-06-11 22:00:00,58.17314916650005
1985-06-12 22:00:00,57.889244680988725
1985-06-13 22:00:00,57.60782185967873
1985-06-14 22:00:00,58.74851607052419
1985-06-17 22:00:00,58.92311802395223
1985-06-18 22:00:00,59.21619215097349
1985-06-19 22:00:00,58.40207845414344
1985-06-20 22:00:00,58.002507107449375
1985-06-21 22:00:00,57.27335117119111
1985-06-24 22:00:00,56.88753832085364
1985-06-25 22:00:00,56.72362419849882
1985-06-26 22:00:00,56.66917582298955
1985-06-27 22:00:00,57.44014779147608
1985-06-28 22:00:00,57.832762477897646
1985-07-01 22:00:00,58.002507107449375
1985-07-02 22:00:00,58.05928777939965
1985-07-03 22:00:00,57.945826149504725
1985-07-05 22:00:00,59.21619215097349
1985-07-08 22:00:00,58.74851607052419
1985-07-09 22:00:00,58.74851607052419
1985-07-10 22:00:00,58.63262858911252
1985-07-11 22:00:00,58.05928777939965
1985-07-12 22:00:00,58.11616839050721
1985-07-15 22:00:00,58.11616839050721
1985-07-16 22:00:00,58.40207845414344
1985-07-17 22:00:00,58.69052110271169
1985-07-18 22:00:00,57.77637931679922
1985-07-19 22:00:00,57.55183264360575
1985-07-22 22:00:00,57.10742610311637
1985-07-23 22:00:00,57.10742610311637
1985-07-24 22:00:00,56.942366736465736
1985-07-25 22:00:00,56.88753832085364
1985-07-26 22:00:00,56.45232500331142
1985-07-29 22:00:00,56.07643311081182
1985-07-30 22:00:00,56.129853745448365
1985-07-31 22:00:00,56.560562298366655
1985-08-01 22:00:00,56.99729069562432
1985-08-02 22:00:00,56.183366770809855
1985-08-05 22:00:00,56.39834691676858
1985-08-06 22:00:00,56.29067082010852
1985-08-07 22:00:00,56.506396727297215
1985-08-08 22:00:00,56.942366736465736
1985-08-09 22:00:00,57.05231041282647
1985-08-12 22:00:00,56.77816726500647
1985-08-13 22:00:00,56.506396727297215
1985-08-14 22:00:00,57.05231041282647
1985-08-15 22:00:00,56.88753832085364
1985-08-16 22:00:00,57.44014779147608
1985-08-19 22:00:00,57.66390922970008
1985-08-20 22:00:00,57.77637931679922
1985-08-21 22:00:00,58.11616839050721
1985-08-22 22:00:00,58.17314916650005
1985-08-23 22:00:00,58.11616839050721
1985-08-26 22:00:00,57.889244680988725
1985-08-27 22:00:00,58.34469474974792
1985-08-28 22:00:00,58.17314916650005
1985-08-29 22:00:00,58.40207845414344
1985-08-30 22:00:00,57.77637931679922
1985-09-03 22:00:00,57.889244680988725
1985-09-04 22:00:00,58.23023033368401
1985-09-05 22:00:00,57.72009497483127
1985-09-06 22:00:00,56.39834691676858
1985-09-09 22:00:00,56.39834691676858
1985-09-10 22:00:00,56.506396727297215
1985-09-11 22:00:00,56.39834691676858
1985-09-12 22:00:00,56.39834691676858
1985-09-13 22:00:00,56.99729069562432
1985-09-16 22:00:00,57.2179462658802
1985-09-17 22:00:00,56.88753832085364
1985-09-18 22:00:00,56.72362419849882
1985-09-19 22:00:00,56.83280523483639
1985-09-20 22:00:00,57.2179462658802
1985-09-23 22:00:00,56.88753832085364
1985-09-24 22:00:00,56.99729069562432
1985-09-25 22:00:00,57.32885291526679
1985-09-26 22:00:00,57.66390922970008
1985-09-30 22:00:00,57.27335117119111
1985-10-01 22:00:00,57.38445171590909
1985-10-02 22:00:00,57.16263798208671
1985-10-03 22:00:00,57.16263798208671
1985-10-04 22:00:00,57.05231041282647
1985-10-07 22:00:00,56.77816726500647
1985-10-08 22:00:00,56.942366736465736
1985-10-09 22:00:00,56.88753832085364
1985-10-10 22:00:00,57.05231041282647
1985-10-11 22:00:00,57.05231041282647
1985-10-15 22:00:00,57.32885291526679
1985-10-16 22:00:00,57.55183264360575
1985-10-17 22:00:00,57.832762477897646
1985-10-18 22:00:00,58.002507107449375
1985-10-21 22:00:00,58.002507107449375
1985-10-22 22:00:00,58.2874121189445
1985-10-23 22:00:00,58.2874121189445
1985-10-24 22:00:00,58.17314916650005
1985-10-25 22:00:00,57.832762477897646
1985-10-28 22:00:00,57.49594136088336
1985-10-29 22:00:00,58.40207845414344
1985-10-30 22:00:00,59.04003586972627
1985-10-31 22:00:00,58.92311802395223
1985-11-01 22:00:00,59.15736914098184
1985-11-04 22:00:00,59.21619215097349
1985-11-05 22:00:00,59.51188044226162
1985-11-06 22:00:00,59.45253222345728
1985-11-07 22:00:00,59.51188044226162
1985-11-08 22:00:00,59.810212750486
1985-11-12 22:00:00,60.41493076310666
1985-11-13 22:00:00,60.17174422604947
1985-11-14 22:00:00,59.870199148302994
1985-11-15 22:00:00,59.51188044226162
1985-11-18 22:00:00,60.41493076310666
1985-11-19 22:00:00,60.598468867696056
1985-11-20 22:00:00,60.598468867696056
1985-11-21 22:00:00,61.03059282449179
1985-11-22 22:00:00,60.90657283501052
1985-11-25 22:00:00,60.72137812367917
1985-11-26 22:00:00,60.84473014953378
1985-11-27 22:00:00,61.15506067759906
1985-11-29 22:00:00,61.46820323225717
1985-12-02 22:00:00,60.96852697488206
1985-12-03 22:00:00,61.09277063984261
1985-12-04 22:00:00,61.34260670190741
1985-12-05 22:00:00,61.34260670190741
1985-12-06 22:00:00,61.21746319508885
1985-12-09 22:00:00,62.03904988103156
1985-12-10 22:00:00,62.81484853189145
1985-12-11 22:00:00,63.60784333647289
1985-12-12 22:00:00,63.275308338633046
1985-12-13 22:00:00,63.60784333647289
1985-12-16 22:00:00,64.14629822685139
1985-12-17 22:00:00,64.83064073375353
1985-12-18 22:00:00,64.48688786511495
1985-12-19 22:00:00,64.69275764123186
1985-12-20 22:00:00,64.96903585826557
1985-12-23 22:00:00,64.89977414293452
1985-12-24 22:00:00,64.96903585826557
1985-12-26 22:00:00,65.10794540466361
1985-12-27 22:00:00,65.38731738528448
1985-12-30 22:00:00,65.31727952397964
1985-12-31 22:00:00,65.38731738528448
1986-01-02 22:00:00,65.31727952397964
1986-01-03 22:00:00,65.17759383632915
1986-01-06 22:00:00,65.10794540466361
1986-01-07 22:00:00,66.02356360531189
1986-01-08 22:00:00,64.76163533237593
1986-01-09 22:00:00,64.14629822685139
1986-01-10 22:00:00,63.54109193374063
1986-01-13 22:00:00,62.81484853189145
1986-01-14 22:00:00,63.40795629833871
1986-01-15 22:00:00,64.35027447819893
1986-01-16 22:00:00,64.28215684273702
1986-01-17 22:00:00,64.48688786511495
1986-01-21 22:00:00,64.48688786511495
1986-01-22 22:00:00,64.14629822685139
1986-01-23 22:00:00,64.35027447819893
1986-01-24 22:00:00,64.14629822685139
1986-01-27 22:00:00,64.69275764123186
1986-01-28 22:00:00,65.17759383632915
1986-01-29 22:00:00,64.83064073375353
1986-01-30 22:00:00,64.76163533237593
1986-01-31 22:00:00,64.89977414293452
1986-02-03 22:00:00,65.31727952397964
1986-02-04 22:00:00,65.66877604609836
1986-02-05 22:00:00,65.31727952397964
1986-02-06 22:00:00,65.52778466209256
1986-02-07 22:00:00,65.0384261788728
1986-02-10 22:00:00,65.66877604609836
1986-02-11 22:00:00,66.16640876732014
1986-02-12 22:00:00,66.38168088452859
1986-02-13 22:00:00,66.74316707593464
1986-02-14 22:00:00,67.8482388354901
1986-02-18 22:00:00,68.14824572164034
1986-02-19 22:00:00,67.92302787088187
1986-02-20 22:00:00,68.22360303601626
1986-02-21 22:00:00,69.37130240776929
1986-02-24 22:00:00,70.31339394742218
1986-02-25 22:00:00,70.39288322207327
1986-02-26 22:00:00,70.87303834242044
1986-02-27 22:00:00,72.68193015457385
1986-02-28 22:00:00,73.10391383356968
1986-03-03 22:00:00,74.04688697209407
1986-03-04 22:00:00,74.56985293729414
1986-03-05 22:00:00,73.18880462692023
1986-03-06 22:00:00,73.78769955481381
1986-03-07 22:00:00,74.1336214989542
1986-03-10 22:00:00,75.45527543787497
1986-03-11 22:00:00,75.99496426208025
1986-03-12 22:00:00,76.26721760964583
1986-03-13 22:00:00,75.90457146285505
1986-03-14 22:00:00,75.90457146285505
1986-03-17 22:00:00,75.72432074702863
1986-03-18 22:00:00,75.45527543787497
1986-03-19 22:00:00,75.45527543787497
1986-03-20 22:00:00,75.90457146285505
1986-03-21 22:00:00,75.63446197035161
1986-03-24 22:00:00,76.4496199766195
1986-03-25 22:00:00,76.35832848905855
1986-03-26 22:00:00,77.09375432177895
1986-03-27 22:00:00,78.88804991713546
1986-03-31 22:00:00,80.75197575372276
1986-04-01 22:00:00,80.45290953759925
1986-04-02 22:00:00,80.85206783689748
1986-04-03 22:00:00,80.55239709713977
1986-04-04 22:00:00,79.86017808786296
1986-04-07 22:00:00,79.76208395702525
1986-04-08 22:00:00,81.25446610253212
1986-04-09 22:00:00,81.86420831025823
1986-04-10 22:00:00,82.06911047255096
1986-04-11 22:00:00,81.45689017754528
1986-04-14 22:00:00,82.27484680508442
1986-04-15 22:00:00,81.76206876546446
1986-04-16 22:00:00,83.84487672802676
1986-04-17 22:00:00,83.6327516501662
1986-04-18 22:00:00,83.31618555837576
1986-04-21 22:00:00,83.6327516501662
1986-04-22 22:00:00,82.37802906786095
1986-04-23 22:00:00,80.65208567171355
1986-04-24 22:00:00,79.27456055713796
1986-04-25 22:00:00,79.08091766494766
1986-04-28 22:00:00,79.76208395702525
1986-04-29 22:00:00,80.65208567171355
1986-04-30 22:00:00,80.45290953759925
1986-05-01 22:00:00,79.76208395702525
1986-05-02 22:00:00,78.98438713398578
1986-05-05 22:00:00,80.25453550062434
1986-05-06 22:00:00,80.15564804498987
1986-05-07 22:00:00,79.86017808786296
1986-05-08 22:00:00,81.55841020564212
1986-05-09 22:00:00,81.45689017754528
1986-05-12 22:00:00,81.05285998832437
1986-05-13 22:00:00,80.9523624162991
1986-05-14 22:00:00,80.85206783689748
1986-05-15 22:00:00,80.15564804498987
1986-05-16 22:00:00,78.79190554399581
1986-05-19 22:00:00,78.40924712459831
1986-05-20 22:00:00,79.37167386550719
1986-05-21 22:00:00,79.37167386550719
1986-05-22 22:00:00,80.15564804498987
1986-05-23 22:00:00,80.65208567171355
1986-05-27 22:00:00,81.05285998832437
1986-05-28 22:00:00,80.65208567171355
1986-05-29 22:00:00,78.6001934535482
1986-05-30 22:00:00,77.84096562575807
1986-06-02 22:00:00,76.26721760964583
1986-06-03 22:00:00,77.18650652594762
1986-06-04 22:00:00,76.08553593081477
1986-06-05 22:00:00,76.35832848905855
1986-06-06 22:00:00,78.69595354542733
1986-06-09 22:00:00,77.37256514877866
1986-06-10 22:00:00,77.46587246511575
1986-06-11 22:00:00,78.21906283911143
1986-06-12 22:00:00,78.21906283911143
1986-06-13 22:00:00,79.95846982377694
1986-06-16 22:00:00,80.85206783689748
1986-06-17 22:00:00,80.85206783689748
1986-06-18 22:00:00,80.75197575372276
1986-06-19 22:00:00,79.95846982377694
1986-06-20 22:00:00,80.45290953759925
1986-06-23 22:00:00,80.85206783689748
1986-06-24 22:00:00,81.25446610253212
1986-06-25 22:00:00,81.55841020564212
1986-06-26 22:00:00,81.66013623299814
1986-06-27 22:00:00,82.27484680508442
1986-06-30 22:00:00,82.79286414024024
1986-07-01 22:00:00,83.10621631826103
1986-07-02 22:00:00,83.00155255997085
1986-07-03 22:00:00,83.4214920951421
1986-07-07 22:00:00,83.6327516501662
1986-07-08 22:00:00,82.89710200860337
1986-07-09 22:00:00,83.73870573195798
1986-07-10 22:00:00,83.6327516501662
1986-07-11 22:00:00,83.31618555837576
1986-07-14 22:00:00,83.84487672802676
1986-07-15 22:00:00,84.05787160594535
1986-07-16 22:00:00,83.52701394872295
1986-07-17 22:00:00,83.21109380881
1986-07-18 22:00:00,83.31618555837576
1986-07-21 22:00:00,83.52701394872295
1986-07-22 22:00:00,82.48142141517565
1986-07-23 22:00:00,81.55841020564212
1986-07-24 22:00:00,81.05285998832437
1986-07-25 22:00:00,81.15356105070914
1986-07-28 22:00:00,79.27456055713796
1986-07-29 22:00:00,80.15564804498987
1986-07-30 22:00:00,80.05695964798085
1986-07-31 22:00:00,80.55239709713977
1986-08-01 22:00:00,80.55239709713977
1986-08-04 22:00:00,80.55239709713977
1986-08-05 22:00:00,79.76208395702525
1986-08-06 22:00:00,79.46898238227698
1986-08-07 22:00:00,79.56648658420892
1986-08-08 22:00:00,81.05285998832437
1986-08-11 22:00:00,81.66013623299814
1986-08-12 22:00:00,81.76206876546446
1986-08-13 22:00:00,82.37802906786095
1986-08-14 22:00:00,82.27484680508442
1986-08-15 22:00:00,82.27484680508442
1986-08-18 22:00:00,82.37802906786095
1986-08-19 22:00:00,83.31618555837576
1986-08-20 22:00:00,83.52701394872295
1986-08-21 22:00:00,83.31618555837576
1986-08-22 22:00:00,82.48142141517565
1986-08-25 22:00:00,82.68883843237695
1986-08-26 22:00:00,83.21109380881
1986-08-27 22:00:00,82.37802906786095
1986-08-28 22:00:00,82.58502436391846
1986-08-29 22:00:00,83.10621631826103
1986-09-02 22:00:00,82.89710200860337
1986-09-03 22:00:00,80.85206783689748
1986-09-04 22:00:00,81.15356105070914
1986-09-05 22:00:00,79.76208395702525
1986-09-08 22:00:00,79.27456055713796
1986-09-09 22:00:00,79.86017808786296
1986-09-10 22:00:00,79.76208395702525
1986-09-11 22:00:00,77.84096562575807
1986-09-12 22:00:00,77.84096562575807
1986-09-15 22:00:00,78.6001934535482
1986-09-16 22:00:00,78.50462480173086
1986-09-17 22:00:00,78.79190554399581
1986-09-18 22:00:00,77.84096562575807
1986-09-19 22:00:00,77.00118625932461
1986-09-22 22:00:00,77.37256514877866
1986-09-23 22:00:00,77.65304536085439
1986-09-24 22:00:00,78.79190554399581
1986-09-25 22:00:00,78.79190554399581
1986-09-26 22:00:00,78.88804991713546
1986-09-29 22:00:00,78.31405995802061
1986-09-30 22:00:00,79.17764198168693
1986-10-01 22:00:00,79.46898238227698
1986-10-02 22:00:00,79.08091766494766
1986-10-03 22:00:00,79.86017808786296
1986-10-06 22:00:00,79.86017808786296
1986-10-07 22:00:00,79.76208395702525
1986-10-08 22:00:00,79.17764198168693
1986-10-09 22:00:00,78.88804991713546
1986-10-10 22:00:00,78.6001934535482
1986-10-14 22:00:00,77.37256514877866
1986-10-15 22:00:00,77.46587246511575
1986-10-16 22:00:00,77.18650652594762
1986-10-17 22:00:00,76.90880189274166
1986-10-20 22:00:00,76.17628690197752
1986-10-21 22:00:00,76.90880189274166
1986-10-22 22:00:00,77.46587246511575
1986-10-23 22:00:00,78.02963689894949
1986-10-24 22:00:00,77.65304536085439
1986-10-27 22:00:00,78.12425530622434
1986-10-28 22:00:00,77.74691184517256
1986-10-29 22:00:00,78.12425530622434
1986-10-30 22:00:00,79.08091766494766
1986-10-31 22:00:00,79.08091766494766
1986-11-03 22:00:00,79.46898238227698
1986-11-04 22:00:00,79.27456055713796
1986-11-05 22:00:00,79.37167386550719
1986-11-06 22:00:00,79.66418694934788
1986-11-07 22:00:00,78.88804991713546
1986-11-10 22:00:00,78.79190554399581
1986-11-12 22:00:00,79.27456055713796
1986-11-13 22:00:00,79.27456055713796
1986-11-14 22:00:00,79.86017808786296
1986-11-17 22:00:00,80.3536225020135
1986-11-18 22:00:00,79.95846982377694
1986-11-19 22:00:00,80.75197575372276
1986-11-20 22:00:00,80.65208567171355
1986-11-21 22:00:00,80.75197575372276
1986-11-24 22:00:00,81.15356105070914
1986-11-25 22:00:00,80.75197575372276
1986-11-26 22:00:00,80.9523624162991
1986-11-28 22:00:00,81.05285998832437
1986-12-01 22:00:00,80.9523624162991
1986-12-02 22:00:00,81.76206876546446
1986-12-03 22:00:00,82.06911047255096
1986-12-04 22:00:00,82.27484680508442
1986-12-05 22:00:00,81.35557564421882
1986-12-08 22:00:00,81.76206876546446
1986-12-09 22:00:00,81.86420831025823
1986-12-10 22:00:00,81.96655537596672
1986-12-11 22:00:00,81.35557564421882
1986-12-12 22:00:00,81.25446610253212
1986-12-15 22:00:00,81.05285998832437
1986-12-16 22:00:00,81.25446610253212
1986-12-17 22:00:00,81.25446610253212
1986-12-18 22:00:00,81.35557564421882
1986-12-19 22:00:00,81.55841020564212
1986-12-22 22:00:00,81.55841020564212
1986-12-23 22:00:00,81.76206876546446
1986-12-24 22:00:00,81.76206876546446
1986-12-26 22:00:00,81.76206876546446
1986-12-29 22:00:00,81.05285998832437
1986-12-30 22:00:00,80.55239709713977
1986-12-31 22:00:00,80.25453550062434
1987-01-02 22:00:00,80.75197575372276
1987-01-05 22:00:00,81.66013623299814
1987-01-06 22:00:00,81.55841020564212
1987-01-07 22:00:00,81.86420831025823
1987-01-08 22:00:00,82.06911047255096
1987-01-09 22:00:00,82.27484680508442
1987-01-12 22:00:00,81.86420831025823
1987-01-13 22:00:00,81.45689017754528
1987-01-14 22:00:00,81.05285998832437
1987-01-15 22:00:00,81.25446610253212
1987-01-16 22:00:00,81.76206876546446
1987-01-20 22:00:00,81.96655537596672
1987-01-21 22:00:00,81.86420831025823
1987-01-22 22:00:00,81.55841020564212
1987-01-23 22:00:00,80.9523624162991
1987-01-26 22:00:00,80.25453550062434
1987-01-27 22:00:00,80.25453550062434
1987-01-28 22:00:00,80.55239709713977
1987-01-29 22:00:00,80.65208567171355
1987-01-30 22:00:00,80.3536225020135
1987-02-02 22:00:00,79.95846982377694
1987-02-03 22:00:00,79.86017808786296
1987-02-04 22:00:00,80.05695964798085
1987-02-05 22:00:00,80.45290953759925
1987-02-06 22:00:00,80.45290953759925
1987-02-09 22:00:00,79.86017808786296
1987-02-10 22:00:00,79.08091766494766
1987-02-11 22:00:00,78.79190554399581
1987-02-12 22:00:00,79.27456055713796
1987-02-13 22:00:00,79.46898238227698
1987-02-17 22:00:00,78.88804991713546
1987-02-18 22:00:00,79.17764198168693
1987-02-19 22:00:00,79.66418694934788
1987-02-20 22:00:00,79.66418694934788
1987-02-23 22:00:00,79.86017808786296
1987-02-24 22:00:00,80.3536225020135
1987-02-25 22:00:00,80.15564804498987
1987-02-26 22:00:00,80.15564804498987
1987-02-27 22:00:00,80.3536225020135
1987-03-02 22:00:00,80.55239709713977
1987-03-03 22:00:00,80.25453550062434
1987-03-04 22:00:00,80.75197575372276
1987-03-05 22:00:00,80.65208567171355
1987-03-06 22:00:00,79.95846982377694
1987-03-09 22:00:00,79.86017808786296
1987-03-10 22:00:00,79.86017808786296
1987-03-11 22:00:00,79.86017808786296
1987-03-12 22:00:00,79.95846982377694
1987-03-13 22:00:00,80.25453550062434
1987-03-16 22:00:00,79.95846982377694
1987-03-17 22:00:00,80.05695964798085
1987-03-18 22:00:00,79.95846982377694
1987-03-19 22:00:00,80.05695964798085
1987-03-20 22:00:00,79.86017808786296
1987-03-23 22:00:00,79.56648658420892
1987-03-24 22:00:00,79.27456055713796
1987-03-25 22:00:00,79.37167386550719
1987-03-26 22:00:00,79.56648658420892
1987-03-27 22:00:00,78.79190554399581
1987-03-30 22:00:00,76.90880189274166
1987-03-31 22:00:00,77.18650652594762
1987-04-01 22:00:00,76.4496199766195
1987-04-02 22:00:00,76.35832848905855
1987-04-03 22:00:00,76.4496199766195
1987-04-06 22:00:00,76.90880189274166
1987-04-07 22:00:00,76.17628690197752
1987-04-08 22:00:00,76.35832848905855
1987-04-09 22:00:00,74.92193339384951
1987-04-10 22:00:00,73.78769955481381
1987-04-13 22:00:00,73.18880462692023
1987-04-14 22:00:00,72.01522492474741
1987-04-15 22:00:00,72.68193015457385
1987-04-16 22:00:00,73.53002786607925
1987-04-20 22:00:00,72.09799850686291
1987-04-21 22:00:00,72.18093262450506
1987-04-22 22:00:00,71.6857283061616
1987-04-23 22:00:00,71.11520204133221
1987-04-24 22:00:00,69.68293371300364
1987-04-27 22:00:00,70.4725251978664
1987-04-28 22:00:00,71.19623479087592
1987-04-29 22:00:00,70.71237096969436
1987-04-30 22:00:00,71.60375167648056
1987-05-01 22:00:00,70.4725251978664
1987-05-04 22:00:00,69.44898725818224
1987-05-05 22:00:00,70.07583871189856
1987-05-06 22:00:00,69.2163765511964
1987-05-07 22:00:00,70.15487205322223
1987-05-08 22:00:00,70.31339394742218
1987-05-11 22:00:00,69.13913484575856
1987-05-12 22:00:00,69.44898725818224
1987-05-13 22:00:00,69.52682052440346
1987-05-14 22:00:00,69.37130240776929
1987-05-15 22:00:00,67.92302787088187
1987-05-18 22:00:00,68.22360303601626
1987-05-19 22:00:00,66.8887137251248
1987-05-20 22:00:00,66.81587206886691
1987-05-21 22:00:00,67.10806188815758
1987-05-22 22:00:00,67.69908413754303
1987-05-26 22:00:00,69.68293371300364
1987-05-27 22:00:00,69.2163765511964
1987-05-28 22:00:00,69.29376562214058
1987-05-29 22:00:00,69.9969566281619
1987-06-01 22:00:00,70.15487205322223
1987-06-02 22:00:00,68.0730309796185
1987-06-03 22:00:00,68.9082904444732
1987-06-04 22:00:00,69.13913484575856
1987-06-05 22:00:00,69.91822544350008
1987-06-08 22:00:00,69.7612143420753
1987-06-09 22:00:00,69.37130240776929
1987-06-10 22:00:00,69.44898725818224
1987-06-11 22:00:00,69.68293371300364
1987-06-12 22:00:00,71.19623479087592
1987-06-15 22:00:00,71.52193329930596
1987-06-16 22:00:00,71.440272797651
1987-06-17 22:00:00,71.85015783599347
1987-06-18 22:00:00,71.60375167648056
1987-06-19 22:00:00,71.35876979552599
1987-06-22 22:00:00,71.93261149512935
1987-06-23 22:00:00,71.93261149512935
1987-06-24 22:00:00,71.440272797651
1987-06-25 22:00:00,72.01522492474741
1987-06-26 22:00:00,71.19623479087592
1987-06-29 22:00:00,71.27742391793552
1987-06-30 22:00:00,71.11520204133221
1987-07-01 22:00:00,71.27742391793552
1987-07-02 22:00:00,71.767863566336
1987-07-06 22:00:00,71.85015783599347
1987-07-07 22:00:00,72.01522492474741
1987-07-08 22:00:00,71.60375167648056
1987-07-09 22:00:00,71.03432529727546
1987-07-10 22:00:00,71.52193329930596
1987-07-13 22:00:00,70.87303834242044
1987-07-14 22:00:00,71.11520204133221
1987-07-15 22:00:00,70.31339394742218
1987-07-16 22:00:00,70.4725251978664
1987-07-17 22:00:00,70.79262739246941
1987-07-20 22:00:00,70.31339394742218
1987-07-21 22:00:00,69.44898725818224
1987-07-22 22:00:00,68.98509213928253
1987-07-23 22:00:00,68.83163472762287
1987-07-24 22:00:00,68.60254000327103
1987-07-27 22:00:00,68.5264647612229
1987-07-28 22:00:00,68.37474672888742
1987-07-29 22:00:00,68.45053378312915
1987-07-30 22:00:00,68.5264647612229
1987-07-31 22:00:00,68.14824572164034
1987-08-03 22:00:00,67.1814534162459
1987-08-04 22:00:00,67.03480831249604
1987-08-05 22:00:00,67.69908413754303
1987-08-06 22:00:00,67.62471781156115
1987-08-07 22:00:00,67.8482388354901
1987-08-10 22:00:00,67.62471781156115
1987-08-11 22:00:00,67.69908413754303
1987-08-12 22:00:00,67.69908413754303
1987-08-13 22:00:00,68.45053378312915
1987-08-14 22:00:00,69.06204015756815
1987-08-17 22:00:00,69.06204015756815
1987-08-18 22:00:00,67.69908413754303
1987-08-19 22:00:00,67.47640555353495
1987-08-20 22:00:00,67.7735910350935
1987-08-21 22:00:00,67.55049172673915
1987-08-24 22:00:00,67.40245896327046
1987-08-25 22:00:00,67.7735910350935
1987-08-26 22:00:00,67.40245896327046
1987-08-27 22:00:00,66.52586887959112
1987-08-28 22:00:00,66.02356360531189
1987-08-31 22:00:00,66.09491943678371
1987-09-01 22:00:00,65.59821468767667
1987-09-02 22:00:00,64.14629822685139
1987-09-03 22:00:00,64.01093987860094
1987-09-04 22:00:00,64.01093987860094
1987-09-08 22:00:00,62.81484853189145
1987-09-09 22:00:00,62.74954841114522
1987-09-10 22:00:00,63.14314580361481
1987-09-11 22:00:00,63.808835294371335
1987-09-14 22:00:00,63.67471750757511
1987-09-15 22:00:00,62.88026806185268
1987-09-16 22:00:00,62.489536526287495
1987-09-17 22:00:00,62.81484853189145
1987-09-18 22:00:00,63.40795629833871
1987-09-21 22:00:00,62.94580727697906
1987-09-22 22:00:00,63.60784333647289
1987-09-23 22:00:00,63.47446301543225
1987-09-24 22:00:00,62.68436742437883
1987-09-25 22:00:00,62.61930529706985
1987-09-28 22:00:00,62.68436742437883
1987-09-29 22:00:00,61.84773184541047
1987-09-30 22:00:00,61.91138881516339
1987-10-01 22:00:00,61.84773184541047
1987-10-02 22:00:00,62.489536526287495
1987-10-05 22:00:00,61.91138881516339
1987-10-06 22:00:00,61.78419023030559
1987-10-07 22:00:00,61.91138881516339
1987-10-08 22:00:00,61.46820323225717
1987-10-09 22:00:00,60.84473014953378
1987-10-13 22:00:00,61.09277063984261
1987-10-14 22:00:00,59.870199148302994
1987-10-15 22:00:00,59.15736914098184
1987-10-16 22:00:00,59.15736914098184
1987-10-19 22:00:00,59.0986504593585
1987-10-20 22:00:00,63.87607948166123
1987-10-21 22:00:00,64.21416485609801
1987-10-22 22:00:00,66.23803190963241
1987-10-23 22:00:00,66.52586887959112
1987-10-26 22:00:00,67.7735910350935
1987-10-27 22:00:00,67.03480831249604
1987-10-28 22:00:00,66.3097891772511
1987-10-29 22:00:00,66.74316707593464
1987-10-30 22:00:00,67.10806188815758
1987-11-02 22:00:00,66.38168088452859
1987-11-03 22:00:00,67.10806188815758
1987-11-04 22:00:00,67.92302787088187
1987-11-05 22:00:00,68.83163472762287
1987-11-06 22:00:00,68.45053378312915
1987-11-09 22:00:00,68.37474672888742
1987-11-10 22:00:00,68.22360303601626
1987-11-12 22:00:00,68.22360303601626
1987-11-13 22:00:00,67.8482388354901
1987-11-16 22:00:00,68.0730309796185
1987-11-17 22:00:00,67.7735910350935
1987-11-18 22:00:00,67.7735910350935
1987-11-19 22:00:00,67.92302787088187
1987-11-20 22:00:00,68.22360303601626
1987-11-23 22:00:00,68.14824572164034
1987-11-24 22:00:00,67.32865162812938
1987-11-25 22:00:00,66.8887137251248
1987-11-27 22:00:00,66.02356360531189
1987-11-30 22:00:00,66.59816580020978
1987-12-01 22:00:00,66.23803190963241
1987-12-02 22:00:00,66.23803190963241
1987-12-03 22:00:00,66.67059842615923
1987-12-04 22:00:00,66.45370734664107
1987-12-07 22:00:00,65.73946904439677
1987-12-08 22:00:00,65.45748566310809
1987-12-09 22:00:00,65.73946904439677
1987-12-10 22:00:00,64.48688786511495
1987-12-11 22:00:00,64.14629822685139
1987-12-14 22:00:00,64.4185180546741
1987-12-15 22:00:00,65.59821468767667
1987-12-16 22:00:00,66.3097891772511
1987-12-17 22:00:00,66.23803190963241
1987-12-18 22:00:00,67.62471781156115
1987-12-21 22:00:00,67.25498322115456
1987-12-22 22:00:00,66.96169236571728
1987-12-23 22:00:00,67.99795847429162
1987-12-24 22:00:00,68.0730309796185
1987-12-28 22:00:00,67.25498322115456
1987-12-29 22:00:00,67.69908413754303
1987-12-30 22:00:00,68.0730309796185
1987-12-31 22:00:00,67.69908413754303
1988-01-04 22:00:00,67.69908413754303
1988-01-05 22:00:00,68.22360303601626
1988-01-06 22:00:00,67.55049172673915
1988-01-07 22:00:00,67.55049172673915
1988-01-08 22:00:00,66.45370734664107
1988-01-11 22:00:00,66.59816580020978
1988-01-12 22:00:00,66.59816580020978
1988-01-13 22:00:00,66.96169236571728
1988-01-14 22:00:00,66.96169236571728
1988-01-15 22:00:00,69.13913484575856
1988-01-19 22:00:00,68.75512464412321
1988-01-20 22:00:00,68.98509213928253
1988-01-21 22:00:00,69.60480255838381
1988-01-22 22:00:00,69.839644800346
1988-01-25 22:00:00,70.23405701159322
1988-01-26 22:00:00,69.52682052440346
1988-01-27 22:00:00,70.79262739246941
1988-01-28 22:00:00,71.27742391793552
1988-01-29 22:00:00,71.85015783599347
1988-02-01 22:00:00,71.85015783599347
1988-02-02 22:00:00,72.68193015457385
1988-02-03 22:00:00,72.09799850686291
1988-02-04 22:00:00,71.52193329930596
1988-02-05 22:00:00,72.34728400357514
1988-02-08 22:00:00,71.93261149512935
1988-02-09 22:00:00,72.01522492474741
1988-02-10 22:00:00,72.43070203615848
1988-02-11 22:00:00,72.01522492474741
1988-02-12 22:00:00,71.19623479087592
1988-02-16 22:00:00,70.95360418765993
1988-02-17 22:00:00,70.87303834242044
1988-02-18 22:00:00,71.11520204133221
1988-02-19 22:00:00,71.19623479087592
1988-02-22 22:00:00,71.35876979552599
1988-02-23 22:00:00,72.01522492474741
1988-02-24 22:00:00,71.93261149512935
1988-02-25 22:00:00,71.60375167648056
1988-02-26 22:00:00,71.85015783599347
1988-02-29 22:00:00,72.09799850686291
1988-03-01 22:00:00,72.01522492474741
1988-03-02 22:00:00,72.26402766172039
1988-03-03 22:00:00,72.34728400357514
1988-03-04 22:00:00,71.03432529727546
1988-03-07 22:00:00,70.87303834242044
1988-03-08 22:00:00,70.55232023808031
1988-03-09 22:00:00,70.55232023808031
1988-03-10 22:00:00,70.39288322207327
1988-03-11 22:00:00,70.79262739246941
1988-03-14 22:00:00,70.79262739246941
1988-03-15 22:00:00,70.71237096969436
1988-03-16 22:00:00,70.15487205322223
1988-03-17 22:00:00,70.63226870695493
1988-03-18 22:00:00,69.68293371300364
1988-03-21 22:00:00,69.29376562214058
1988-03-22 22:00:00,69.37130240776929
1988-03-23 22:00:00,69.13913484575856
1988-03-24 22:00:00,69.06204015756815
1988-03-25 22:00:00,69.44898725818224
1988-03-28 22:00:00,68.60254000327103
1988-03-29 22:00:00,68.75512464412321
1988-03-30 22:00:00,68.60254000327103
1988-03-31 22:00:00,68.67875985027206
1988-04-04 22:00:00,67.92302787088187
1988-04-05 22:00:00,68.0730309796185
1988-04-06 22:00:00,68.60254000327103
1988-04-07 22:00:00,68.67875985027206
1988-04-08 22:00:00,69.29376562214058
1988-04-11 22:00:00,68.67875985027206
1988-04-12 22:00:00,68.9082904444732
1988-04-13 22:00:00,69.06204015756815
1988-04-14 22:00:00,67.99795847429162
1988-04-15 22:00:00,67.55049172673915
1988-04-18 22:00:00,67.10806188815758
1988-04-19 22:00:00,66.8887137251248
1988-04-20 22:00:00,66.8887137251248
1988-04-21 22:00:00,66.8887137251248
1988-04-22 22:00:00,67.10806188815758
1988-04-25 22:00:00,67.10806188815758
1988-04-26 22:00:00,67.03480831249604
1988-04-27 22:00:00,66.96169236571728
1988-04-28 22:00:00,66.52586887959112
1988-04-29 22:00:00,66.52586887959112
1988-05-02 22:00:00,66.09491943678371
1988-05-03 22:00:00,66.45370734664107
1988-05-04 22:00:00,66.38168088452859
1988-05-05 22:00:00,66.45370734664107
1988-05-06 22:00:00,66.02356360531189
1988-05-09 22:00:00,66.02356360531189
1988-05-10 22:00:00,65.8812511928004
1988-05-11 22:00:00,65.73946904439677
1988-05-12 22:00:00,66.09491943678371
1988-05-13 22:00:00,66.52586887959112
1988-05-16 22:00:00,66.38168088452859
1988-05-17 22:00:00,65.73946904439677
1988-05-18 22:00:00,65.10794540466361
1988-05-19 22:00:00,65.17759383632915
1988-05-20 22:00:00,64.83064073375353
1988-05-23 22:00:00,64.76163533237593
1988-05-24 22:00:00,64.89977414293452
1988-05-25 22:00:00,65.10794540466361
1988-05-26 22:00:00,65.0384261788728
1988-05-27 22:00:00,64.96903585826557
1988-05-31 22:00:00,65.17759383632915
1988-06-01 22:00:00,66.45370734664107
1988-06-02 22:00:00,66.16640876732014
1988-06-03 22:00:00,66.81587206886691
1988-06-06 22:00:00,66.8887137251248
1988-06-07 22:00:00,66.45370734664107
1988-06-08 22:00:00,67.1814534162459
1988-06-09 22:00:00,66.8887137251248
1988-06-10 22:00:00,67.03480831249604
1988-06-13 22:00:00,67.1814534162459
1988-06-14 22:00:00,68.75512464412321
1988-06-15 22:00:00,68.60254000327103
1988-06-16 22:00:00,67.47640555353495
1988-06-17 22:00:00,66.45370734664107
1988-06-20 22:00:00,66.67059842615923
1988-06-21 22:00:00,66.59816580020978
1988-06-22 22:00:00,67.7735910350935
1988-06-23 22:00:00,68.0730309796185
1988-06-24 22:00:00,68.29910325928898
1988-06-27 22:00:00,67.62471781156115
1988-06-28 22:00:00,68.14824572164034
1988-06-29 22:00:00,67.92302787088187
1988-06-30 22:00:00,68.29910325928898
1988-07-01 22:00:00,68.5264647612229
1988-07-05 22:00:00,68.22360303601626
1988-07-06 22:00:00,67.47640555353495
1988-07-07 22:00:00,67.32865162812938
1988-07-08 22:00:00,66.59816580020978
1988-07-11 22:00:00,66.8887137251248
1988-07-12 22:00:00,66.52586887959112
1988-07-13 22:00:00,65.8812511928004
1988-07-14 22:00:00,65.95234096101059
1988-07-15 22:00:00,66.16640876732014
1988-07-18 22:00:00,65.59821468767667
1988-07-19 22:00:00,65.81029399041464
1988-07-20 22:00:00,65.59821468767667
1988-07-21 22:00:00,65.38731738528448
1988-07-22 22:00:00,65.81029399041464
1988-07-25 22:00:00,66.16640876732014
1988-07-26 22:00:00,65.95234096101059
1988-07-27 22:00:00,65.45748566310809
1988-07-28 22:00:00,65.38731738528448
1988-07-29 22:00:00,65.66877604609836
1988-08-01 22:00:00,66.09491943678371
1988-08-02 22:00:00,66.74316707593464
1988-08-03 22:00:00,66.59816580020978
1988-08-04 22:00:00,67.03480831249604
1988-08-05 22:00:00,66.3097891772511
1988-08-08 22:00:00,66.38168088452859
1988-08-09 22:00:00,65.81029399041464
1988-08-10 22:00:00,64.76163533237593
1988-08-11 22:00:00,64.48688786511495
1988-08-12 22:00:00,64.35027447819893
1988-08-15 22:00:00,64.21416485609801
1988-08-16 22:00:00,64.48688786511495
1988-08-17 22:00:00,64.28215684273702
1988-08-18 22:00:00,64.4185180546741
1988-08-19 22:00:00,64.4185180546741
1988-08-22 22:00:00,64.21416485609801
1988-08-23 22:00:00,64.5553842032381
1988-08-24 22:00:00,64.48688786511495
1988-08-25 22:00:00,64.07855666432468
1988-08-26 22:00:00,64.28215684273702
1988-08-29 22:00:00,64.76163533237593
1988-08-30 22:00:00,64.96903585826557
1988-08-31 22:00:00,65.10794540466361
1988-09-01 22:00:00,65.10794540466361
1988-09-02 22:00:00,66.96169236571728
1988-09-06 22:00:00,66.96169236571728
1988-09-07 22:00:00,67.03480831249604
1988-09-08 22:00:00,66.96169236571728
1988-09-09 22:00:00,67.40245896327046
1988-09-12 22:00:00,67.03480831249604
1988-09-13 22:00:00,67.25498322115456
1988-09-14 22:00:00,67.62471781156115
1988-09-15 22:00:00,67.32865162812938
1988-09-16 22:00:00,67.25498322115456
1988-09-19 22:00:00,66.81587206886691
1988-09-20 22:00:00,66.8887137251248
1988-09-21 22:00:00,67.1814534162459
1988-09-22 22:00:00,66.96169236571728
1988-09-23 22:00:00,66.96169236571728
1988-09-26 22:00:00,66.67059842615923
1988-09-27 22:00:00,66.52586887959112
1988-09-28 22:00:00,66.23803190963241
1988-09-29 22:00:00,66.74316707593464
1988-09-30 22:00:00,67.47640555353495
1988-10-03 22:00:00,67.62471781156115
1988-10-04 22:00:00,67.55049172673915
1988-10-05 22:00:00,67.47640555353495
1988-10-06 22:00:00,67.55049172673915
1988-10-07 22:00:00,68.75512464412321
1988-10-11 22:00:00,68.37474672888742
1988-10-12 22:00:00,67.7735910350935
1988-10-13 22:00:00,67.7735910350935
1988-10-14 22:00:00,68.0730309796185
1988-10-17 22:00:00,68.22360303601626
1988-10-18 22:00:00,68.29910325928898
1988-10-19 22:00:00,67.99795847429162
1988-10-20 22:00:00,68.45053378312915
1988-10-21 22:00:00,68.14824572164034
1988-10-24 22:00:00,67.8482388354901
1988-10-25 22:00:00,67.8482388354901
1988-10-26 22:00:00,67.92302787088187
1988-10-27 22:00:00,68.5264647612229
1988-10-28 22:00:00,68.83163472762287
1988-10-31 22:00:00,69.29376562214058
1988-11-01 22:00:00,69.13913484575856
1988-11-02 22:00:00,68.75512464412321
1988-11-03 22:00:00,69.13913484575856
1988-11-04 22:00:00,67.99795847429162
1988-11-07 22:00:00,67.62471781156115
1988-11-08 22:00:00,67.55049172673915
1988-11-09 22:00:00,67.25498322115456
1988-11-10 22:00:00,67.40245896327046
1988-11-14 22:00:00,67.25498322115456
1988-11-15 22:00:00,67.25498322115456
1988-11-16 22:00:00,66.59816580020978
1988-11-17 22:00:00,66.3097891772511
1988-11-18 22:00:00,66.45370734664107
1988-11-21 22:00:00,66.52586887959112
1988-11-22 22:00:00,66.45370734664107
1988-11-23 22:00:00,66.52586887959112
1988-11-25 22:00:00,66.02356360531189
1988-11-28 22:00:00,66.23803190963241
1988-11-29 22:00:00,66.38168088452859
1988-11-30 22:00:00,66.81587206886691
1988-12-01 22:00:00,67.1814534162459
1988-12-02 22:00:00,66.02356360531189
1988-12-05 22:00:00,66.38168088452859
1988-12-06 22:00:00,67.69908413754303
1988-12-07 22:00:00,67.47640555353495
1988-12-08 22:00:00,67.55049172673915
1988-12-09 22:00:00,67.55049172673915
1988-12-12 22:00:00,67.7735910350935
1988-12-13 22:00:00,67.47640555353495
1988-12-14 22:00:00,66.8887137251248
1988-12-15 22:00:00,66.81587206886691
1988-12-16 22:00:00,66.96169236571728
1988-12-19 22:00:00,66.96169236571728
1988-12-20 22:00:00,67.62471781156115
1988-12-21 22:00:00,67.62471781156115
1988-12-22 22:00:00,67.7735910350935
1988-12-23 22:00:00,67.92302787088187
1988-12-27 22:00:00,67.62471781156115
1988-12-28 22:00:00,67.25498322115456
1988-12-29 22:00:00,67.25498322115456
1988-12-30 22:00:00,67.32865162812938
1989-01-03 22:00:00,66.67059842615923
1989-01-04 22:00:00,66.74316707593464
1989-01-05 22:00:00,66.59816580020978
1989-01-06 22:00:00,66.8887137251248
1989-01-09 22:00:00,66.96169236571728
1989-01-10 22:00:00,66.96169236571728
1989-01-11 22:00:00,66.96169236571728
1989-01-12 22:00:00,67.47640555353495
1989-01-13 22:00:00,68.14824572164034
1989-01-17 22:00:00,68.14824572164034
1989-01-18 22:00:00,68.5264647612229
1989-01-19 22:00:00,68.37474672888742
1989-01-20 22:00:00,68.14824572164034
1989-01-23 22:00:00,68.29910325928898
1989-01-24 22:00:00,68.98509213928253
1989-01-25 22:00:00,68.67875985027206
1989-01-26 22:00:00,68.75512464412321
1989-01-27 22:00:00,69.13913484575856
1989-01-30 22:00:00,68.60254000327103
1989-01-31 22:00:00,68.5264647612229
1989-02-01 22:00:00,68.60254000327103
1989-02-02 22:00:00,68.67875985027206
1989-02-03 22:00:00,68.5264647612229
1989-02-06 22:00:00,68.45053378312915
1989-02-07 22:00:00,68.83163472762287
1989-02-08 22:00:00,68.67875985027206
1989-02-09 22:00:00,67.40245896327046
1989-02-10 22:00:00,66.96169236571728
1989-02-13 22:00:00,66.8887137251248
1989-02-14 22:00:00,66.59816580020978
1989-02-15 22:00:00,66.67059842615923
1989-02-16 22:00:00,66.8887137251248
1989-02-17 22:00:00,66.96169236571728
1989-02-21 22:00:00,66.96169236571728
1989-02-22 22:00:00,66.45370734664107
1989-02-23 22:00:00,66.09491943678371
1989-02-24 22:00:00,66.02356360531189
1989-02-27 22:00:00,66.09491943678371
1989-02-28 22:00:00,66.3097891772511
1989-03-01 22:00:00,66.02356360531189
1989-03-02 22:00:00,66.38168088452859
1989-03-03 22:00:00,66.38168088452859
1989-03-06 22:00:00,66.67059842615923
1989-03-07 22:00:00,66.67059842615923
1989-03-08 22:00:00,66.96169236571728
1989-03-09 22:00:00,66.81587206886691
1989-03-10 22:00:00,66.23803190963241
1989-03-13 22:00:00,66.23803190963241
1989-03-14 22:00:00,66.38168088452859
1989-03-15 22:00:00,66.38168088452859
1989-03-16 22:00:00,66.45370734664107
1989-03-17 22:00:00,65.17759383632915
1989-03-20 22:00:00,65.10794540466361
1989-03-21 22:00:00,65.17759383632915
1989-03-22 22:00:00,65.52778466209256
1989-03-23 22:00:00,65.66877604609836
1989-03-27 22:00:00,65.66877604609836
1989-03-28 22:00:00,65.8812511928004
1989-03-29 22:00:00,66.23803190963241
1989-03-30 22:00:00,66.3097891772511
1989-03-31 22:00:00,66.52586887959112
1989-04-03 22:00:00,66.81587206886691
1989-04-04 22:00:00,67.10806188815758
1989-04-05 22:00:00,67.1814534162459
1989-04-06 22:00:00,67.03480831249604
1989-04-07 22:00:00,66.52586887959112
1989-04-10 22:00:00,66.59816580020978
1989-04-11 22:00:00,66.59816580020978
1989-04-12 22:00:00,66.52586887959112
1989-04-13 22:00:00,66.23803190963241
1989-04-14 22:00:00,67.03480831249604
1989-04-17 22:00:00,66.8887137251248
1989-04-18 22:00:00,67.7735910350935
1989-04-19 22:00:00,67.62471781156115
1989-04-20 22:00:00,67.10806188815758
1989-04-21 22:00:00,67.40245896327046
1989-04-24 22:00:00,67.40245896327046
1989-04-25 22:00:00,67.55049172673915
1989-04-26 22:00:00,67.62471781156115
1989-04-27 22:00:00,67.92302787088187
1989-04-28 22:00:00,67.99795847429162
1989-05-01 22:00:00,67.32865162812938
1989-05-02 22:00:00,67.69908413754303
1989-05-03 22:00:00,67.69908413754303
1989-05-04 22:00:00,67.40245896327046
1989-05-05 22:00:00,67.69908413754303
1989-05-08 22:00:00,67.40245896327046
1989-05-09 22:00:00,66.74316707593464
1989-05-10 22:00:00,66.45370734664107
1989-05-11 22:00:00,66.81587206886691
1989-05-12 22:00:00,68.5264647612229
1989-05-15 22:00:00,68.45053378312915
1989-05-16 22:00:00,68.5264647612229
1989-05-17 22:00:00,68.75512464412321
1989-05-18 22:00:00,68.98509213928253
1989-05-19 22:00:00,69.44898725818224
1989-05-22 22:00:00,70.39288322207327
1989-05-23 22:00:00,70.23405701159322
1989-05-24 22:00:00,70.15487205322223
1989-05-25 22:00:00,69.91822544350008
1989-05-26 22:00:00,70.15487205322223
1989-05-30 22:00:00,70.15487205322223
1989-05-31 22:00:00,70.39288322207327
1989-06-01 22:00:00,70.31339394742218
1989-06-02 22:00:00,71.35876979552599
1989-06-05 22:00:00,71.6857283061616
1989-06-06 22:00:00,71.93261149512935
1989-06-07 22:00:00,72.51428214658515
1989-06-08 22:00:00,72.76599883152005
1989-06-09 22:00:00,74.1336214989542
1989-06-12 22:00:00,74.30760108219314
1989-06-13 22:00:00,73.61575068791966
1989-06-14 22:00:00,73.9603220770458
1989-06-15 22:00:00,72.85023114508391
1989-06-16 22:00:00,72.76599883152005
1989-06-19 22:00:00,72.51428214658515
1989-06-20 22:00:00,73.0191882522555
1989-06-21 22:00:00,72.59802472299867
1989-06-22 22:00:00,72.51428214658515
1989-06-23 22:00:00,73.70164111654698
1989-06-26 22:00:00,74.04688697209407
1989-06-27 22:00:00,74.7455473081193
1989-06-28 22:00:00,74.30760108219314
1989-06-29 22:00:00,74.65761386644849
1989-06-30 22:00:00,75.01038687310705
1989-07-03 22:00:00,74.8336536782388
1989-07-05 22:00:00,74.22052606587489
1989-07-06 22:00:00,74.56985293729414
1989-07-07 22:00:00,75.09901453528357
1989-07-10 22:00:00,75.27679409108329
1989-07-11 22:00:00,75.09901453528357
1989-07-12 22:00:00,75.09901453528357
1989-07-13 22:00:00,75.01038687310705
1989-07-14 22:00:00,74.65761386644849
1989-07-17 22:00:00,74.48226410583094
1989-07-18 22:00:00,73.9603220770458
1989-07-19 22:00:00,74.22052606587489
1989-07-20 22:00:00,74.56985293729414
1989-07-21 22:00:00,74.04688697209407
1989-07-24 22:00:00,74.22052606587489
1989-07-25 22:00:00,74.39484695833751
1989-07-26 22:00:00,74.48226410583094
1989-07-27 22:00:00,75.1878168007708
1989-07-28 22:00:00,75.54478034302586
1989-07-31 22:00:00,76.17628690197752
1989-08-01 22:00:00,77.00118625932461
1989-08-02 22:00:00,76.90880189274166
1989-08-03 22:00:00,76.35832848905855
1989-08-04 22:00:00,74.7455473081193
1989-08-07 22:00:00,74.7455473081193
1989-08-08 22:00:00,74.7455473081193
1989-08-09 22:00:00,74.39484695833751
1989-08-10 22:00:00,74.7455473081193
1989-08-11 22:00:00,74.30760108219314
1989-08-14 22:00:00,73.444472249243
1989-08-15 22:00:00,73.78769955481381
1989-08-16 22:00:00,74.30760108219314
1989-08-17 22:00:00,74.04688697209407
1989-08-18 22:00:00,74.1336214989542
1989-08-21 22:00:00,73.87392640664613
1989-08-22 22:00:00,73.27386102878455
1989-08-23 22:00:00,73.78769955481381
1989-08-24 22:00:00,74.04688697209407
1989-08-25 22:00:00,73.87392640664613
1989-08-28 22:00:00,73.444472249243
1989-08-29 22:00:00,73.61575068791966
1989-08-30 22:00:00,73.70164111654698
1989-08-31 22:00:00,73.61575068791966
1989-09-01 22:00:00,74.22052606587489
1989-09-05 22:00:00,74.22052606587489
1989-09-06 22:00:00,74.48226410583094
1989-09-07 22:00:00,74.48226410583094
1989-09-08 22:00:00,74.8336536782388
1989-09-11 22:00:00,74.8336536782388
1989-09-12 22:00:00,74.65761386644849
1989-09-13 22:00:00,74.1336214989542
1989-09-14 22:00:00,74.39484695833751
1989-09-15 22:00:00,74.7455473081193
1989-09-18 22:00:00,74.65761386644849
1989-09-19 22:00:00,74.65761386644849
1989-09-20 22:00:00,74.1336214989542
1989-09-21 22:00:00,73.78769955481381
1989-09-22 22:00:00,73.70164111654698
1989-09-25 22:00:00,72.85023114508391
1989-09-26 22:00:00,73.27386102878455
1989-09-27 22:00:00,73.27386102878455
1989-09-28 22:00:00,73.27386102878455
1989-09-29 22:00:00,73.35908343669531
1989-10-02 22:00:00,73.53002786607925
1989-10-03 22:00:00,73.78769955481381
1989-10-04 22:00:00,74.04688697209407
1989-10-05 22:00:00,74.65761386644849
1989-10-06 22:00:00,75.36594682886148
1989-10-10 22:00:00,75.36594682886148
1989-10-11 22:00:00,75.01038687310705
1989-10-12 22:00:00,75.27679409108329
1989-10-13 22:00:00,76.54109250990066
1989-10-16 22:00:00,75.63446197035161
1989-10-17 22:00:00,75.36594682886148
1989-10-18 22:00:00,75.1878168007708
1989-10-19 22:00:00,75.72432074702863
1989-10-20 22:00:00,75.63446197035161
1989-10-23 22:00:00,75.99496426208025
1989-10-24 22:00:00,76.63274652764561
1989-10-25 22:00:00,76.54109250990066
1989-10-26 22:00:00,76.4496199766195
1989-10-27 22:00:00,75.90457146285505
1989-10-30 22:00:00,76.08553593081477
1989-10-31 22:00:00,76.17628690197752
1989-11-01 22:00:00,76.4496199766195
1989-11-02 22:00:00,76.54109250990066
1989-11-03 22:00:00,76.17628690197752
1989-11-06 22:00:00,75.72432074702863
1989-11-07 22:00:00,76.54109250990066
1989-11-08 22:00:00,76.54109250990066
1989-11-09 22:00:00,76.26721760964583
1989-11-10 22:00:00,76.35832848905855
1989-11-13 22:00:00,76.4496199766195
1989-11-14 22:00:00,76.35832848905855
1989-11-15 22:00:00,76.63274652764561
1989-11-16 22:00:00,76.63274652764561
1989-11-17 22:00:00,75.99496426208025
1989-11-20 22:00:00,76.17628690197752
1989-11-21 22:00:00,76.26721760964583
1989-11-22 22:00:00,76.54109250990066
1989-11-24 22:00:00,76.54109250990066
1989-11-27 22:00:00,76.17628690197752
1989-11-28 22:00:00,76.26721760964583
1989-11-29 22:00:00,76.08553593081477
1989-11-30 22:00:00,76.35832848905855
1989-12-01 22:00:00,76.54109250990066
1989-12-04 22:00:00,76.54109250990066
1989-12-05 22:00:00,76.54109250990066
1989-12-06 22:00:00,76.26721760964583
1989-12-07 22:00:00,76.08553593081477
1989-12-08 22:00:00,76.54109250990066
1989-12-11 22:00:00,76.4496199766195
1989-12-12 22:00:00,76.35832848905855
1989-12-13 22:00:00,76.54109250990066
1989-12-14 22:00:00,76.81660077737872
1989-12-15 22:00:00,76.72458246977278
1989-12-18 22:00:00,77.00118625932461
1989-12-19 22:00:00,76.81660077737872
1989-12-20 22:00:00,76.90880189274166
1989-12-21 22:00:00,76.72458246977278
1989-12-22 22:00:00,76.54109250990066
1989-12-26 22:00:00,75.45527543787497
1989-12-27 22:00:00,75.63446197035161
1989-12-28 22:00:00,75.72432074702863
1989-12-29 22:00:00,75.63446197035161
1990-01-02 22:00:00,75.45527543787497
1990-01-03 22:00:00,75.09901453528357
1990-01-04 22:00:00,75.09901453528357
1990-01-05 22:00:00,74.92193339384951
1990-01-08 22:00:00,74.65761386644849
1990-01-09 22:00:00,74.56985293729414
1990-01-10 22:00:00,74.48226410583094
1990-01-11 22:00:00,74.48226410583094
1990-01-12 22:00:00,73.9603220770458
1990-01-16 22:00:00,73.27386102878455
1990-01-17 22:00:00,73.27386102878455
1990-01-18 22:00:00,72.43070203615848
1990-01-19 22:00:00,72.93462748755238
1990-01-22 22:00:00,72.76599883152005
1990-01-23 22:00:00,72.93462748755238
1990-01-24 22:00:00,71.93261149512935
1990-01-25 22:00:00,71.52193329930596
1990-01-26 22:00:00,70.79262739246941
1990-01-29 22:00:00,70.87303834242044
1990-01-30 22:00:00,70.79262739246941
1990-01-31 22:00:00,71.52193329930596
1990-02-01 22:00:00,71.6857283061616
1990-02-02 22:00:00,71.11520204133221
1990-02-05 22:00:00,70.95360418765993
1990-02-06 22:00:00,70.55232023808031
1990-02-07 22:00:00,70.63226870695493
1990-02-08 22:00:00,71.19623479087592
1990-02-09 22:00:00,72.34728400357514
1990-02-12 22:00:00,71.767863566336
1990-02-13 22:00:00,72.09799850686291
1990-02-14 22:00:00,71.93261149512935
1990-02-15 22:00:00,71.440272797651
1990-02-16 22:00:00,71.52193329930596
1990-02-20 22:00:00,69.91822544350008
1990-02-21 22:00:00,69.91822544350008
1990-02-22 22:00:00,70.71237096969436
1990-02-23 22:00:00,70.71237096969436
1990-02-26 22:00:00,71.27742391793552
1990-02-27 22:00:00,71.60375167648056
1990-02-28 22:00:00,70.87303834242044
1990-03-01 22:00:00,70.31339394742218
1990-03-02 22:00:00,70.79262739246941
1990-03-05 22:00:00,69.91822544350008
1990-03-06 22:00:00,70.4725251978664
1990-03-07 22:00:00,70.55232023808031
1990-03-08 22:00:00,70.71237096969436
1990-03-09 22:00:00,70.15487205322223
1990-03-12 22:00:00,70.23405701159322
1990-03-13 22:00:00,69.44898725818224
1990-03-14 22:00:00,70.31339394742218
1990-03-15 22:00:00,70.15487205322223
1990-03-16 22:00:00,70.79262739246941
1990-03-19 22:00:00,70.87303834242044
1990-03-20 22:00:00,71.440272797651
1990-03-21 22:00:00,71.440272797651
1990-03-22 22:00:00,71.27742391793552
1990-03-23 22:00:00,71.35876979552599
1990-03-26 22:00:00,71.440272797651
1990-03-27 22:00:00,71.35876979552599
1990-03-28 22:00:00,71.440272797651
1990-03-29 22:00:00,70.55232023808031
1990-03-30 22:00:00,70.15487205322223
1990-04-02 22:00:00,70.15487205322223
1990-04-03 22:00:00,70.31339394742218
1990-04-04 22:00:00,71.03432529727546
1990-04-05 22:00:00,71.03432529727546
1990-04-06 22:00:00,71.03432529727546
1990-04-09 22:00:00,70.79262739246941
1990-04-10 22:00:00,70.63226870695493
1990-04-11 22:00:00,70.55232023808031
1990-04-12 22:00:00,70.39288322207327
1990-04-16 22:00:00,70.07583871189856
1990-04-17 22:00:00,69.29376562214058
1990-04-18 22:00:00,68.45053378312915
1990-04-19 22:00:00,68.37474672888742
1990-04-20 22:00:00,67.8482388354901
1990-04-23 22:00:00,67.62471781156115
1990-04-24 22:00:00,67.47640555353495
1990-04-25 22:00:00,67.47640555353495
1990-04-26 22:00:00,67.03480831249604
1990-04-27 22:00:00,67.03480831249604
1990-04-30 22:00:00,67.32865162812938
1990-05-01 22:00:00,67.03480831249604
1990-05-02 22:00:00,66.96169236571728
1990-05-03 22:00:00,67.40245896327046
1990-05-04 22:00:00,68.60254000327103
1990-05-07 22:00:00,68.45053378312915
1990-05-08 22:00:00,68.75512464412321
1990-05-09 22:00:00,68.0730309796185
1990-05-10 22:00:00,68.75512464412321
1990-05-11 22:00:00,70.07583871189856
1990-05-14 22:00:00,70.55232023808031
1990-05-15 22:00:00,70.23405701159322
1990-05-16 22:00:00,70.07583871189856
1990-05-17 22:00:00,69.9969566281619
1990-05-18 22:00:00,69.60480255838381
1990-05-21 22:00:00,69.68293371300364
1990-05-22 22:00:00,70.31339394742218
1990-05-23 22:00:00,70.4725251978664
1990-05-24 22:00:00,70.39288322207327
1990-05-25 22:00:00,69.839644800346
1990-05-29 22:00:00,70.07583871189856
1990-05-30 22:00:00,70.39288322207327
1990-05-31 22:00:00,70.55232023808031
1990-06-01 22:00:00,71.767863566336
1990-06-04 22:00:00,71.767863566336
1990-06-05 22:00:00,71.52193329930596
1990-06-06 22:00:00,71.6857283061616
1990-06-07 22:00:00,71.767863566336
1990-06-08 22:00:00,71.6857283061616
1990-06-11 22:00:00,71.60375167648056
1990-06-12 22:00:00,71.60375167648056
1990-06-13 22:00:00,72.09799850686291
1990-06-14 22:00:00,72.34728400357514
1990-06-15 22:00:00,71.767863566336
1990-06-18 22:00:00,71.440272797651
1990-06-19 22:00:00,71.35876979552599
1990-06-20 22:00:00,71.03432529727546
1990-06-21 22:00:00,71.19623479087592
1990-06-22 22:00:00,71.27742391793552
1990-06-25 22:00:00,70.71237096969436
1990-06-26 22:00:00,70.95360418765993
1990-06-27 22:00:00,71.27742391793552
1990-06-28 22:00:00,71.60375167648056
1990-06-29 22:00:00,71.93261149512935
1990-07-02 22:00:00,71.93261149512935
1990-07-03 22:00:00,72.01522492474741
1990-07-05 22:00:00,71.85015783599347
1990-07-06 22:00:00,71.11520204133221
1990-07-09 22:00:00,70.79262739246941
1990-07-10 22:00:00,70.71237096969436
1990-07-11 22:00:00,70.71237096969436
1990-07-12 22:00:00,71.19623479087592
1990-07-13 22:00:00,71.52193329930596
1990-07-16 22:00:00,71.52193329930596
1990-07-17 22:00:00,71.52193329930596
1990-07-18 22:00:00,70.79262739246941
1990-07-19 22:00:00,70.71237096969436
1990-07-20 22:00:00,70.87303834242044
1990-07-23 22:00:00,70.87303834242044
1990-07-24 22:00:00,70.4725251978664
1990-07-25 22:00:00,70.79262739246941
1990-07-26 22:00:00,70.87303834242044
1990-07-27 22:00:00,71.35876979552599
1990-07-30 22:00:00,72.01522492474741
1990-07-31 22:00:00,71.85015783599347
1990-08-01 22:00:00,72.34728400357514
1990-08-02 22:00:00,71.52193329930596
1990-08-03 22:00:00,70.79262739246941
1990-08-06 22:00:00,68.67875985027206
1990-08-07 22:00:00,68.37474672888742
1990-08-08 22:00:00,68.29910325928898
1990-08-09 22:00:00,69.2163765511964
1990-08-10 22:00:00,68.9082904444732
1990-08-13 22:00:00,68.60254000327103
1990-08-14 22:00:00,68.98509213928253
1990-08-15 22:00:00,69.13913484575856
1990-08-16 22:00:00,67.99795847429162
1990-08-17 22:00:00,67.7735910350935
1990-08-20 22:00:00,67.92302787088187
1990-08-21 22:00:00,67.7735910350935
1990-08-22 22:00:00,67.10806188815758
1990-08-23 22:00:00,66.52586887959112
1990-08-24 22:00:00,66.09491943678371
1990-08-27 22:00:00,67.1814534162459
1990-08-28 22:00:00,66.81587206886691
1990-08-29 22:00:00,67.69908413754303
1990-08-30 22:00:00,67.47640555353495
1990-08-31 22:00:00,67.40245896327046
1990-09-04 22:00:00,67.10806188815758
1990-09-05 22:00:00,67.47640555353495
1990-09-06 22:00:00,67.62471781156115
1990-09-07 22:00:00,67.92302787088187
1990-09-10 22:00:00,67.47640555353495
1990-09-11 22:00:00,67.62471781156115
1990-09-12 22:00:00,67.62471781156115
1990-09-13 22:00:00,67.62471781156115
1990-09-14 22:00:00,67.25498322115456
1990-09-17 22:00:00,66.8887137251248
1990-09-18 22:00:00,66.96169236571728
1990-09-19 22:00:00,67.1814534162459
1990-09-20 22:00:00,66.96169236571728
1990-09-21 22:00:00,66.38168088452859
1990-09-24 22:00:00,66.02356360531189
1990-09-25 22:00:00,66.23803190963241
1990-09-26 22:00:00,66.3097891772511
1990-09-27 22:00:00,66.96169236571728
1990-09-28 22:00:00,67.62471781156115
1990-10-01 22:00:00,68.5264647612229
1990-10-02 22:00:00,68.5264647612229
1990-10-03 22:00:00,68.45053378312915
1990-10-04 22:00:00,68.75512464412321
1990-10-05 22:00:00,68.9082904444732
1990-10-09 22:00:00,67.47640555353495
1990-10-10 22:00:00,67.10806188815758
1990-10-11 22:00:00,66.74316707593464
1990-10-12 22:00:00,67.47640555353495
1990-10-15 22:00:00,67.69908413754303
1990-10-16 22:00:00,67.7735910350935
1990-10-17 22:00:00,68.14824572164034
1990-10-18 22:00:00,68.45053378312915
1990-10-19 22:00:00,69.2163765511964
1990-10-22 22:00:00,69.13913484575856
1990-10-23 22:00:00,68.9082904444732
1990-10-24 22:00:00,68.9082904444732
1990-10-25 22:00:00,69.29376562214058
1990-10-26 22:00:00,69.13913484575856
1990-10-29 22:00:00,68.5264647612229
1990-10-30 22:00:00,68.60254000327103
1990-10-31 22:00:00,68.98509213928253
1990-11-01 22:00:00,69.60480255838381
1990-11-02 22:00:00,69.60480255838381
1990-11-05 22:00:00,70.15487205322223
1990-11-06 22:00:00,70.07583871189856
1990-11-07 22:00:00,69.52682052440346
1990-11-08 22:00:00,69.37130240776929
1990-11-09 22:00:00,70.15487205322223
1990-11-13 22:00:00,71.03432529727546
1990-11-14 22:00:00,71.11520204133221
1990-11-15 22:00:00,70.95360418765993
1990-11-16 22:00:00,71.52193329930596
1990-11-19 22:00:00,71.11520204133221
1990-11-20 22:00:00,71.440272797651
1990-11-21 22:00:00,71.6857283061616
1990-11-23 22:00:00,71.6857283061616
1990-11-26 22:00:00,71.85015783599347
1990-11-27 22:00:00,71.6857283061616
1990-11-28 22:00:00,71.52193329930596
1990-11-29 22:00:00,71.440272797651
1990-11-30 22:00:00,72.01522492474741
1990-12-03 22:00:00,72.34728400357514
1990-12-04 22:00:00,72.26402766172039
1990-12-05 22:00:00,72.68193015457385
1990-12-06 22:00:00,72.43070203615848
1990-12-07 22:00:00,73.78769955481381
1990-12-10 22:00:00,74.22052606587489
1990-12-11 22:00:00,74.56985293729414
1990-12-12 22:00:00,74.8336536782388
1990-12-13 22:00:00,74.22052606587489
1990-12-14 22:00:00,73.70164111654698
1990-12-17 22:00:00,73.87392640664613
1990-12-18 22:00:00,74.1336214989542
1990-12-19 22:00:00,73.78769955481381
1990-12-20 22:00:00,73.53002786607925
1990-12-21 22:00:00,73.0191882522555
1990-12-24 22:00:00,72.34728400357514
1990-12-26 22:00:00,72.85023114508391
1990-12-27 22:00:00,73.27386102878455
1990-12-28 22:00:00,72.76599883152005
1990-12-31 22:00:00,73.18880462692023
1991-01-02 22:00:00,74.22052606587489
1991-01-03 22:00:00,74.48226410583094
1991-01-04 22:00:00,73.70164111654698
1991-01-07 22:00:00,72.68193015457385
1991-01-08 22:00:00,72.26402766172039
1991-01-09 22:00:00,71.52193329930596
1991-01-10 22:00:00,72.26402766172039
1991-01-11 22:00:00,72.09799850686291
1991-01-14 22:00:00,71.93261149512935
1991-01-15 22:00:00,71.93261149512935
1991-01-16 22:00:00,72.01522492474741
1991-01-17 22:00:00,73.87392640664613
1991-01-18 22:00:00,73.9603220770458
1991-01-22 22:00:00,73.444472249243
1991-01-23 22:00:00,73.61575068791966
1991-01-24 22:00:00,73.87392640664613
1991-01-25 22:00:00,73.35908343669531
1991-01-28 22:00:00,73.444472249243
1991-01-29 22:00:00,73.70164111654698
1991-01-30 22:00:00,73.444472249243
1991-01-31 22:00:00,73.61575068791966
1991-02-01 22:00:00,74.65761386644849
1991-02-04 22:00:00,75.01038687310705
1991-02-05 22:00:00,75.27679409108329
1991-02-06 22:00:00,75.27679409108329
1991-02-07 22:00:00,75.36594682886148
1991-02-08 22:00:00,75.90457146285505
1991-02-11 22:00:00,75.72432074702863
1991-02-12 22:00:00,75.8143571013752
1991-02-13 22:00:00,75.72432074702863
1991-02-14 22:00:00,75.54478034302586
1991-02-15 22:00:00,75.72432074702863
1991-02-19 22:00:00,75.54478034302586
1991-02-20 22:00:00,75.27679409108329
1991-02-21 22:00:00,75.09901453528357
1991-02-22 22:00:00,74.8336536782388
1991-02-25 22:00:00,75.01038687310705
1991-02-26 22:00:00,74.22052606587489
1991-02-27 22:00:00,74.1336214989542
1991-02-28 22:00:00,73.78769955481381
1991-03-01 22:00:00,73.0191882522555
1991-03-04 22:00:00,72.93462748755238
1991-03-05 22:00:00,73.27386102878455
1991-03-06 22:00:00,72.93462748755238
1991-03-07 22:00:00,73.444472249243
1991-03-08 22:00:00,72.85023114508391
1991-03-11 22:00:00,73.444472249243
1991-03-12 22:00:00,73.18880462692023
1991-03-13 22:00:00,73.70164111654698
1991-03-14 22:00:00,73.70164111654698
1991-03-15 22:00:00,72.85023114508391
1991-03-18 22:00:00,72.51428214658515
1991-03-19 22:00:00,71.85015783599347
1991-03-20 22:00:00,72.26402766172039
1991-03-21 22:00:00,72.51428214658515
1991-03-22 22:00:00,72.59802472299867
1991-03-25 22:00:00,72.68193015457385
1991-03-26 22:00:00,72.76599883152005
1991-03-27 22:00:00,73.18880462692023
1991-03-28 22:00:00,73.35908343669531
1991-04-01 22:00:00,73.27386102878455
1991-04-02 22:00:00,73.53002786607925
1991-04-03 22:00:00,73.35908343669531
1991-04-04 22:00:00,73.78769955481381
1991-04-05 22:00:00,73.87392640664613
1991-04-08 22:00:00,74.04688697209407
1991-04-09 22:00:00,73.70164111654698
1991-04-10 22:00:00,73.10391383356968
1991-04-11 22:00:00,73.10391383356968
1991-04-12 22:00:00,74.04688697209407
1991-04-15 22:00:00,74.39484695833751
1991-04-16 22:00:00,74.30760108219314
1991-04-17 22:00:00,74.48226410583094
1991-04-18 22:00:00,73.87392640664613
1991-04-19 22:00:00,73.35908343669531
1991-04-22 22:00:00,72.85023114508391
1991-04-23 22:00:00,73.0191882522555
1991-04-24 22:00:00,73.53002786607925
1991-04-25 22:00:00,73.35908343669531
1991-04-26 22:00:00,73.53002786607925
1991-04-29 22:00:00,73.444472249243
1991-04-30 22:00:00,73.70164111654698
1991-05-01 22:00:00,73.87392640664613
1991-05-02 22:00:00,74.22052606587489
1991-05-03 22:00:00,73.53002786607925
1991-05-06 22:00:00,73.444472249243
1991-05-07 22:00:00,73.35908343669531
1991-05-08 22:00:00,73.35908343669531
1991-05-09 22:00:00,73.61575068791966
1991-05-10 22:00:00,72.59802472299867
1991-05-13 22:00:00,73.10391383356968
1991-05-14 22:00:00,72.34728400357514
1991-05-15 22:00:00,72.51428214658515
1991-05-16 22:00:00,72.59802472299867
1991-05-17 22:00:00,73.0191882522555
1991-05-20 22:00:00,72.85023114508391
1991-05-21 22:00:00,73.18880462692023
1991-05-22 22:00:00,73.0191882522555
1991-05-23 22:00:00,72.76599883152005
1991-05-24 22:00:00,72.76599883152005
1991-05-28 22:00:00,73.0191882522555
1991-05-29 22:00:00,72.93462748755238
1991-05-30 22:00:00,73.53002786607925
1991-05-31 22:00:00,73.18880462692023
1991-06-03 22:00:00,72.51428214658515
1991-06-04 22:00:00,72.51428214658515
1991-06-05 22:00:00,72.09799850686291
1991-06-06 22:00:00,71.85015783599347
1991-06-07 22:00:00,71.35876979552599
1991-06-10 22:00:00,71.35876979552599
1991-06-11 22:00:00,71.35876979552599
1991-06-12 22:00:00,70.79262739246941
1991-06-13 22:00:00,70.95360418765993
1991-06-14 22:00:00,71.440272797651
1991-06-17 22:00:00,71.27742391793552
1991-06-18 22:00:00,71.03432529727546
1991-06-19 22:00:00,71.03432529727546
1991-06-20 22:00:00,71.35876979552599
1991-06-21 22:00:00,71.11520204133221
1991-06-24 22:00:00,71.11520204133221
1991-06-25 22:00:00,71.11520204133221
1991-06-26 22:00:00,71.11520204133221
1991-06-27 22:00:00,71.27742391793552
1991-06-28 22:00:00,71.85015783599347
1991-07-01 22:00:00,71.6857283061616
1991-07-02 22:00:00,71.6857283061616
1991-07-03 22:00:00,71.85015783599347
1991-07-05 22:00:00,71.27742391793552
1991-07-08 22:00:00,71.11520204133221
1991-07-09 22:00:00,70.95360418765993
1991-07-10 22:00:00,70.95360418765993
1991-07-11 22:00:00,71.440272797651
1991-07-12 22:00:00,71.6857283061616
1991-07-15 22:00:00,71.6857283061616
1991-07-16 22:00:00,71.52193329930596
1991-07-17 22:00:00,71.27742391793552
1991-07-18 22:00:00,71.19623479087592
1991-07-19 22:00:00,71.35876979552599
1991-07-22 22:00:00,71.35876979552599
1991-07-23 22:00:00,71.19623479087592
1991-07-24 22:00:00,71.85015783599347
1991-07-25 22:00:00,72.18093262450506
1991-07-26 22:00:00,72.09799850686291
1991-07-29 22:00:00,72.09799850686291
1991-07-30 22:00:00,72.09799850686291
1991-07-31 22:00:00,72.34728400357514
1991-08-01 22:00:00,72.18093262450506
1991-08-02 22:00:00,73.27386102878455
1991-08-05 22:00:00,73.35908343669531
1991-08-06 22:00:00,73.87392640664613
1991-08-07 22:00:00,73.9603220770458
1991-08-08 22:00:00,73.53002786607925
1991-08-09 22:00:00,73.444472249243
1991-08-12 22:00:00,73.61575068791966
1991-08-13 22:00:00,73.9603220770458
1991-08-14 22:00:00,74.7455473081193
1991-08-15 22:00:00,74.65761386644849
1991-08-16 22:00:00,74.65761386644849
1991-08-19 22:00:00,74.48226410583094
1991-08-20 22:00:00,74.65761386644849
1991-08-21 22:00:00,74.8336536782388
1991-08-22 22:00:00,75.01038687310705
1991-08-23 22:00:00,74.30760108219314
1991-08-26 22:00:00,74.1336214989542
1991-08-27 22:00:00,74.22052606587489
1991-08-28 22:00:00,74.92193339384951
1991-08-29 22:00:00,75.54478034302586
1991-08-30 22:00:00,74.92193339384951
1991-09-03 22:00:00,75.01038687310705
1991-09-04 22:00:00,74.92193339384951
1991-09-05 22:00:00,74.65761386644849
1991-09-06 22:00:00,75.27679409108329
1991-09-09 22:00:00,75.45527543787497
1991-09-10 22:00:00,75.36594682886148
1991-09-11 22:00:00,75.27679409108329
1991-09-12 22:00:00,75.8143571013752
1991-09-13 22:00:00,75.90457146285505
1991-09-16 22:00:00,76.08553593081477
1991-09-17 22:00:00,76.17628690197752
1991-09-18 22:00:00,76.17628690197752
1991-09-19 22:00:00,76.17628690197752
1991-09-20 22:00:00,76.4496199766195
1991-09-23 22:00:00,76.54109250990066
1991-09-24 22:00:00,76.4496199766195
1991-09-25 22:00:00,76.26721760964583
1991-09-26 22:00:00,76.4496199766195
1991-09-27 22:00:00,77.00118625932461
1991-09-30 22:00:00,77.09375432177895
1991-10-01 22:00:00,77.18650652594762
1991-10-02 22:00:00,77.00118625932461
1991-10-03 22:00:00,76.90880189274166
1991-10-04 22:00:00,77.37256514877866
1991-10-07 22:00:00,77.37256514877866
1991-10-08 22:00:00,77.09375432177895
1991-10-09 22:00:00,76.26721760964583
1991-10-10 22:00:00,75.63446197035161
1991-10-11 22:00:00,76.35832848905855
1991-10-15 22:00:00,76.63274652764561
1991-10-16 22:00:00,76.54109250990066
1991-10-17 22:00:00,75.45527543787497
1991-10-18 22:00:00,75.72432074702863
1991-10-21 22:00:00,74.92193339384951
1991-10-22 22:00:00,74.56985293729414
1991-10-23 22:00:00,74.65761386644849
1991-10-24 22:00:00,75.1878168007708
1991-10-25 22:00:00,75.01038687310705
1991-10-28 22:00:00,75.1878168007708
1991-10-29 22:00:00,76.26721760964583
1991-10-30 22:00:00,76.35832848905855
1991-10-31 22:00:00,76.26721760964583
1991-11-01 22:00:00,76.08553593081477
1991-11-04 22:00:00,75.90457146285505
1991-11-05 22:00:00,75.27679409108329
1991-11-06 22:00:00,75.36594682886148
1991-11-07 22:00:00,76.17628690197752
1991-11-08 22:00:00,76.54109250990066
1991-11-12 22:00:00,77.27944331886873
1991-11-13 22:00:00,76.54109250990066
1991-11-14 22:00:00,77.09375432177895
1991-11-15 22:00:00,76.90880189274166
1991-11-18 22:00:00,76.90880189274166
1991-11-19 22:00:00,76.35832848905855
1991-11-20 22:00:00,76.17628690197752
1991-11-21 22:00:00,75.8143571013752
1991-11-22 22:00:00,75.54478034302586
1991-11-25 22:00:00,75.54478034302586
1991-11-26 22:00:00,75.90457146285505
1991-11-27 22:00:00,75.72432074702863
1991-11-29 22:00:00,75.99496426208025
1991-12-02 22:00:00,76.17628690197752
1991-12-03 22:00:00,76.35832848905855
1991-12-04 22:00:00,76.90880189274166
1991-12-05 22:00:00,76.72458246977278
1991-12-06 22:00:00,77.46587246511575
1991-12-09 22:00:00,77.46587246511575
1991-12-10 22:00:00,77.37256514877866
1991-12-11 22:00:00,77.18650652594762
1991-12-12 22:00:00,77.55936571852358
1991-12-13 22:00:00,77.37256514877866
1991-12-16 22:00:00,77.55936571852358
1991-12-17 22:00:00,77.74691184517256
1991-12-18 22:00:00,77.65304536085439
1991-12-19 22:00:00,78.40924712459831
1991-12-20 22:00:00,79.27456055713796
1991-12-23 22:00:00,79.86017808786296
1991-12-24 22:00:00,79.86017808786296
1991-12-26 22:00:00,80.05695964798085
1991-12-27 22:00:00,79.95846982377694
1991-12-30 22:00:00,80.65208567171355
1991-12-31 22:00:00,81.05285998832437
1992-01-02 22:00:00,80.55239709713977
1992-01-03 22:00:00,80.3536225020135
1992-01-06 22:00:00,80.75197575372276
1992-01-07 22:00:00,81.25446610253212
1992-01-08 22:00:00,81.05285998832437
1992-01-09 22:00:00,80.9523624162991
1992-01-10 22:00:00,80.45290953759925
1992-01-13 22:00:00,80.25453550062434
1992-01-14 22:00:00,79.76208395702525
1992-01-15 22:00:00,79.46898238227698
1992-01-16 22:00:00,78.69595354542733
1992-01-17 22:00:00,79.08091766494766
1992-01-21 22:00:00,79.46898238227698
1992-01-22 22:00:00,78.98438713398578
1992-01-23 22:00:00,78.12425530622434
1992-01-24 22:00:00,78.12425530622434
1992-01-27 22:00:00,78.12425530622434
1992-01-28 22:00:00,78.6001934535482
1992-01-29 22:00:00,77.74691184517256
1992-01-30 22:00:00,77.37256514877866
1992-01-31 22:00:00,77.55936571852358
1992-02-03 22:00:00,77.09375432177895
1992-02-04 22:00:00,77.65304536085439
1992-02-05 22:00:00,77.84096562575807
1992-02-06 22:00:00,77.74691184517256
1992-02-07 22:00:00,77.55936571852358
1992-02-10 22:00:00,77.37256514877866
1992-02-11 22:00:00,77.37256514877866
1992-02-12 22:00:00,77.18650652594762
1992-02-13 22:00:00,76.17628690197752
1992-02-14 22:00:00,76.26721760964583
1992-02-18 22:00:00,75.72432074702863
1992-02-19 22:00:00,76.08553593081477
1992-02-20 22:00:00,76.26721760964583
1992-02-21 22:00:00,75.90457146285505
1992-02-24 22:00:00,75.72432074702863
1992-02-25 22:00:00,75.99496426208025
1992-02-26 22:00:00,76.81660077737872
1992-02-27 22:00:00,76.72458246977278
1992-02-28 22:00:00,77.27944331886873
1992-03-02 22:00:00,76.35832848905855
1992-03-03 22:00:00,76.08553593081477
1992-03-04 22:00:00,76.35832848905855
1992-03-05 22:00:00,75.90457146285505
1992-03-06 22:00:00,76.08553593081477
1992-03-09 22:00:00,76.54109250990066
1992-03-10 22:00:00,76.4496199766195
1992-03-11 22:00:00,75.8143571013752
1992-03-12 22:00:00,75.09901453528357
1992-03-13 22:00:00,74.92193339384951
1992-03-16 22:00:00,74.8336536782388
1992-03-17 22:00:00,75.27679409108329
1992-03-18 22:00:00,75.36594682886148
1992-03-19 22:00:00,75.63446197035161
1992-03-20 22:00:00,75.01038687310705
1992-03-23 22:00:00,75.09901453528357
1992-03-24 22:00:00,75.99496426208025
1992-03-25 22:00:00,75.99496426208025
1992-03-26 22:00:00,75.54478034302586
1992-03-27 22:00:00,75.99496426208025
1992-03-30 22:00:00,75.90457146285505
1992-03-31 22:00:00,75.8143571013752
1992-04-01 22:00:00,76.35832848905855
1992-04-02 22:00:00,76.17628690197752
1992-04-03 22:00:00,76.54109250990066
1992-04-06 22:00:00,76.54109250990066
1992-04-07 22:00:00,76.35832848905855
1992-04-08 22:00:00,75.99496426208025
1992-04-09 22:00:00,76.81660077737872
1992-04-10 22:00:00,76.4496199766195
1992-04-13 22:00:00,76.72458246977278
1992-04-14 22:00:00,76.54109250990066
1992-04-15 22:00:00,76.63274652764561
1992-04-16 22:00:00,76.08553593081477
1992-04-20 22:00:00,75.27679409108329
1992-04-21 22:00:00,75.1878168007708
1992-04-22 22:00:00,75.09901453528357
1992-04-23 22:00:00,74.92193339384951
1992-04-24 22:00:00,74.92193339384951
1992-04-27 22:00:00,74.56985293729414
1992-04-28 22:00:00,74.92193339384951
1992-04-29 22:00:00,74.7455473081193
1992-04-30 22:00:00,74.92193339384951
1992-05-01 22:00:00,75.36594682886148
1992-05-04 22:00:00,75.1878168007708
1992-05-05 22:00:00,75.36594682886148
1992-05-06 22:00:00,75.72432074702863
1992-05-07 22:00:00,75.45527543787497
1992-05-08 22:00:00,76.35832848905855
1992-05-11 22:00:00,76.35832848905855
1992-05-12 22:00:00,76.72458246977278
1992-05-13 22:00:00,76.81660077737872
1992-05-14 22:00:00,76.63274652764561
1992-05-15 22:00:00,77.18650652594762
1992-05-18 22:00:00,77.09375432177895
1992-05-19 22:00:00,77.55936571852358
1992-05-20 22:00:00,77.37256514877866
1992-05-21 22:00:00,76.72458246977278
1992-05-22 22:00:00,77.00118625932461
1992-05-26 22:00:00,76.17628690197752
1992-05-27 22:00:00,76.26721760964583
1992-05-28 22:00:00,76.63274652764561
1992-05-29 22:00:00,76.90880189274166
1992-06-01 22:00:00,76.35832848905855
1992-06-02 22:00:00,76.63274652764561
1992-06-03 22:00:00,76.54109250990066
1992-06-04 22:00:00,76.54109250990066
1992-06-05 22:00:00,76.90880189274166
1992-06-08 22:00:00,76.90880189274166
1992-06-09 22:00:00,76.54109250990066
1992-06-10 22:00:00,76.35832848905855
1992-06-11 22:00:00,76.54109250990066
1992-06-12 22:00:00,76.81660077737872
1992-06-15 22:00:00,76.81660077737872
1992-06-16 22:00:00,76.90880189274166
1992-06-17 22:00:00,77.09375432177895
1992-06-18 22:00:00,77.27944331886873
1992-06-19 22:00:00,77.00118625932461
1992-06-22 22:00:00,76.90880189274166
1992-06-23 22:00:00,76.81660077737872
1992-06-24 22:00:00,77.00118625932461
1992-06-25 22:00:00,77.46587246511575
1992-06-26 22:00:00,77.37256514877866
1992-06-29 22:00:00,77.46587246511575
1992-06-30 22:00:00,77.37256514877866
1992-07-01 22:00:00,77.65304536085439
1992-07-02 22:00:00,78.88804991713546
1992-07-06 22:00:00,78.98438713398578
1992-07-07 22:00:00,79.08091766494766
1992-07-08 22:00:00,79.08091766494766
1992-07-09 22:00:00,79.08091766494766
1992-07-10 22:00:00,78.79190554399581
1992-07-13 22:00:00,78.50462480173086
1992-07-14 22:00:00,78.31405995802061
1992-07-15 22:00:00,78.79190554399581
1992-07-16 22:00:00,78.98438713398578
1992-07-17 22:00:00,78.40924712459831
1992-07-20 22:00:00,78.6001934535482
1992-07-21 22:00:00,78.50462480173086
1992-07-22 22:00:00,78.98438713398578
1992-07-23 22:00:00,79.76208395702525
1992-07-24 22:00:00,79.46898238227698
1992-07-27 22:00:00,79.86017808786296
1992-07-28 22:00:00,80.75197575372276
1992-07-29 22:00:00,80.85206783689748
1992-07-30 22:00:00,80.55239709713977
1992-07-31 22:00:00,80.55239709713977
1992-08-03 22:00:00,80.55239709713977
1992-08-04 22:00:00,80.85206783689748
1992-08-05 22:00:00,80.85206783689748
1992-08-06 22:00:00,80.65208567171355
1992-08-07 22:00:00,81.15356105070914
1992-08-10 22:00:00,81.45689017754528
1992-08-11 22:00:00,81.86420831025823
1992-08-12 22:00:00,81.86420831025823
1992-08-13 22:00:00,81.55841020564212
1992-08-14 22:00:00,81.86420831025823
1992-08-17 22:00:00,81.45689017754528
1992-08-18 22:00:00,81.86420831025823
1992-08-19 22:00:00,81.86420831025823
1992-08-20 22:00:00,81.96655537596672
1992-08-21 22:00:00,81.55841020564212
1992-08-24 22:00:00,80.75197575372276
1992-08-25 22:00:00,80.45290953759925
1992-08-26 22:00:00,80.85206783689748
1992-08-27 22:00:00,80.9523624162991
1992-08-28 22:00:00,80.9523624162991
1992-08-31 22:00:00,80.9523624162991
1992-09-01 22:00:00,81.35557564421882
1992-09-02 22:00:00,81.45689017754528
1992-09-03 22:00:00,81.45689017754528
1992-09-04 22:00:00,82.27484680508442
1992-09-08 22:00:00,82.89710200860337
1992-09-09 22:00:00,82.68883843237695
1992-09-10 22:00:00,82.79286414024024
1992-09-11 22:00:00,82.17187411134994
1992-09-14 22:00:00,82.58502436391846
1992-09-15 22:00:00,81.86420831025823
1992-09-16 22:00:00,81.66013623299814
1992-09-17 22:00:00,81.76206876546446
1992-09-18 22:00:00,81.96655537596672
1992-09-21 22:00:00,81.66013623299814
1992-09-22 22:00:00,80.65208567171355
1992-09-23 22:00:00,80.3536225020135
1992-09-24 22:00:00,80.9523624162991
1992-09-25 22:00:00,81.66013623299814
1992-09-28 22:00:00,81.76206876546446
1992-09-29 22:00:00,81.55841020564212
1992-09-30 22:00:00,81.35557564421882
1992-10-01 22:00:00,82.17187411134994
1992-10-02 22:00:00,81.86420831025823
1992-10-05 22:00:00,81.76206876546446
1992-10-06 22:00:00,81.05285998832437
1992-10-07 22:00:00,80.3536225020135
1992-10-08 22:00:00,80.65208567171355
1992-10-09 22:00:00,79.95846982377694
1992-10-13 22:00:00,79.86017808786296
1992-10-14 22:00:00,80.15564804498987
1992-10-15 22:00:00,80.05695964798085
1992-10-16 22:00:00,79.76208395702525
1992-10-19 22:00:00,79.46898238227698
1992-10-20 22:00:00,78.69595354542733
1992-10-21 22:00:00,78.88804991713546
1992-10-22 22:00:00,79.08091766494766
1992-10-23 22:00:00,78.69595354542733
1992-10-26 22:00:00,78.6001934535482
1992-10-27 22:00:00,78.98438713398578
1992-10-28 22:00:00,78.79190554399581
1992-10-29 22:00:00,79.17764198168693
1992-10-30 22:00:00,78.88804991713546
1992-11-02 22:00:00,78.6001934535482
1992-11-03 22:00:00,78.69595354542733
1992-11-04 22:00:00,78.31405995802061
1992-11-05 22:00:00,78.31405995802061
1992-11-06 22:00:00,77.65304536085439
1992-11-09 22:00:00,77.74691184517256
1992-11-10 22:00:00,78.40924712459831
1992-11-12 22:00:00,79.46898238227698
1992-11-13 22:00:00,79.46898238227698
1992-11-16 22:00:00,79.56648658420892
1992-11-17 22:00:00,79.66418694934788
1992-11-18 22:00:00,80.05695964798085
1992-11-19 22:00:00,79.76208395702525
1992-11-20 22:00:00,79.76208395702525
1992-11-23 22:00:00,79.56648658420892
1992-11-24 22:00:00,79.86017808786296
1992-11-25 22:00:00,79.76208395702525
1992-11-27 22:00:00,79.27456055713796
1992-11-30 22:00:00,79.27456055713796
1992-12-01 22:00:00,79.46898238227698
1992-12-02 22:00:00,79.46898238227698
1992-12-03 22:00:00,79.46898238227698
1992-12-04 22:00:00,80.15564804498987
1992-12-07 22:00:00,80.65208567171355
1992-12-08 22:00:00,80.75197575372276
1992-12-09 22:00:00,80.75197575372276
1992-12-10 22:00:00,80.9523624162991
1992-12-11 22:00:00,80.75197575372276
1992-12-14 22:00:00,80.65208567171355
1992-12-15 22:00:00,80.65208567171355
1992-12-16 22:00:00,80.75197575372276
1992-12-17 22:00:00,80.85206783689748
1992-12-18 22:00:00,80.85206783689748
1992-12-21 22:00:00,81.35557564421882
1992-12-22 22:00:00,81.76206876546446
1992-12-23 22:00:00,81.55841020564212
1992-12-24 22:00:00,81.55841020564212
1992-12-28 22:00:00,81.15356105070914
1992-12-29 22:00:00,81.45689017754528
1992-12-30 22:00:00,81.25446610253212
1992-12-31 22:00:00,81.15356105070914
1993-01-04 22:00:00,81.86420831025823
1993-01-05 22:00:00,81.86420831025823
1993-01-06 22:00:00,81.76206876546446
1993-01-07 22:00:00,80.65208567171355
1993-01-08 22:00:00,80.45290953759925
1993-01-11 22:00:00,80.45290953759925
1993-01-12 22:00:00,80.3536225020135
1993-01-13 22:00:00,80.65208567171355
1993-01-14 22:00:00,81.05285998832437
1993-01-15 22:00:00,81.66013623299814
1993-01-19 22:00:00,82.06911047255096
1993-01-20 22:00:00,81.96655537596672
1993-01-21 22:00:00,82.06911047255096
1993-01-22 22:00:00,82.17187411134994
1993-01-25 22:00:00,83.00155255997085
1993-01-26 22:00:00,82.58502436391846
1993-01-27 22:00:00,82.68883843237695
1993-01-28 22:00:00,82.89710200860337
1993-01-29 22:00:00,83.10621631826103
1993-02-01 22:00:00,83.10621631826103
1993-02-02 22:00:00,82.68883843237695
1993-02-03 22:00:00,82.89710200860337
1993-02-04 22:00:00,83.31618555837576
1993-02-05 22:00:00,83.52701394872295
1993-02-08 22:00:00,83.4214920951421
1993-02-09 22:00:00,83.21109380881
1993-02-10 22:00:00,82.58502436391846
1993-02-11 22:00:00,83.73870573195798
1993-02-12 22:00:00,83.95126517374737
1993-02-16 22:00:00,83.84487672802676
1993-02-17 22:00:00,84.16469656290091
1993-02-18 22:00:00,85.1360443313124
1993-02-19 22:00:00,85.24508446429601
1993-02-22 22:00:00,85.90406018158014
1993-02-23 22:00:00,87.24674845126668
1993-02-24 22:00:00,86.68324353913279
1993-02-25 22:00:00,86.57124053835604
1993-02-26 22:00:00,86.45946885403795
1993-03-01 22:00:00,87.24674845126668
1993-03-02 22:00:00,87.13358021976858
1993-03-03 22:00:00,87.81612311347571
1993-03-04 22:00:00,88.3914409152693
1993-03-05 22:00:00,88.04553291401074
1993-03-08 22:00:00,88.50722418125879
1993-03-09 22:00:00,88.3914409152693
1993-03-10 22:00:00,88.16059587922473
1993-03-11 22:00:00,88.16059587922473
1993-03-12 22:00:00,86.90794578951981
1993-03-15 22:00:00,86.34792791326316
1993-03-16 22:00:00,86.7954784308419
1993-03-17 22:00:00,86.90794578951981
1993-03-18 22:00:00,87.58766420401614
1993-03-19 22:00:00,87.4737898586776
1993-03-22 22:00:00,87.4737898586776
1993-03-23 22:00:00,87.93070885660315
1993-03-24 22:00:00,87.4737898586776
1993-03-25 22:00:00,87.24674845126668
1993-03-26 22:00:00,86.01468384632561
1993-03-29 22:00:00,86.45946885403795
1993-03-30 22:00:00,86.34792791326316
1993-03-31 22:00:00,86.12553597844669
1993-04-01 22:00:00,85.68349599498539
1993-04-02 22:00:00,84.70211816120826
1993-04-05 22:00:00,84.91863547776805
1993-04-06 22:00:00,85.68349599498539
1993-04-07 22:00:00,85.79366441901972
1993-04-08 22:00:00,87.02064619277023
1993-04-12 22:00:00,87.70177509271505
1993-04-13 22:00:00,87.58766420401614
1993-04-14 22:00:00,88.04553291401074
1993-04-15 22:00:00,88.3914409152693
1993-04-16 22:00:00,88.04553291401074
1993-04-19 22:00:00,88.3914409152693
1993-04-20 22:00:00,88.04553291401074
1993-04-21 22:00:00,88.16059587922473
1993-04-22 22:00:00,88.16059587922473
1993-04-23 22:00:00,87.70177509271505
1993-04-26 22:00:00,87.24674845126668
1993-04-27 22:00:00,86.45946885403795
1993-04-28 22:00:00,86.34792791326316
1993-04-29 22:00:00,86.68324353913279
1993-04-30 22:00:00,85.90406018158014
1993-05-03 22:00:00,86.90794578951981
1993-05-04 22:00:00,87.4737898586776
1993-05-05 22:00:00,87.36015146959703
1993-05-06 22:00:00,87.58766420401614
1993-05-07 22:00:00,87.02064619277023
1993-05-10 22:00:00,87.4737898586776
1993-05-11 22:00:00,87.36015146959703
1993-05-12 22:00:00,86.90794578951981
1993-05-13 22:00:00,85.79366441901972
1993-05-14 22:00:00,85.90406018158014
1993-05-17 22:00:00,85.68349599498539
1993-05-18 22:00:00,85.1360443313124
1993-05-19 22:00:00,85.57355434734563
1993-05-20 22:00:00,85.46383891549178
1993-05-21 22:00:00,85.02722818682273
1993-05-24 22:00:00,85.46383891549178
1993-05-25 22:00:00,85.24508446429601
1993-05-26 22:00:00,86.01468384632561
1993-05-27 22:00:00,86.12553597844669
1993-05-28 22:00:00,85.57355434734563
1993-06-01 22:00:00,86.68324353913279
1993-06-02 22:00:00,86.68324353913279
1993-06-03 22:00:00,86.90794578951981
1993-06-04 22:00:00,86.34792791326316
1993-06-07 22:00:00,86.68324353913279
1993-06-08 22:00:00,86.34792791326316
1993-06-09 22:00:00,86.7954784308419
1993-06-10 22:00:00,86.68324353913279
1993-06-11 22:00:00,87.58766420401614
1993-06-14 22:00:00,87.4737898586776
1993-06-15 22:00:00,87.24674845126668
1993-06-16 22:00:00,87.36015146959703
1993-06-17 22:00:00,87.4737898586776
1993-06-18 22:00:00,87.36015146959703
1993-06-21 22:00:00,87.81612311347571
1993-06-22 22:00:00,87.81612311347571
1993-06-23 22:00:00,87.93070885660315
1993-06-24 22:00:00,88.2758983473889
1993-06-25 22:00:00,88.62324874538183
1993-06-28 22:00:00,89.08977204106569
1993-06-29 22:00:00,89.08977204106569
1993-06-30 22:00:00,88.97277625136844
1993-07-01 22:00:00,88.85602417631216
1993-07-02 22:00:00,89.08977204106569
1993-07-06 22:00:00,88.97277625136844
1993-07-07 22:00:00,88.97277625136844
1993-07-08 22:00:00,89.20701215365678
1993-07-09 22:00:00,89.44222778883683
1993-07-12 22:00:00,89.67842805621696
1993-07-13 22:00:00,89.67842805621696
1993-07-14 22:00:00,90.39298604741045
1993-07-15 22:00:00,90.5129543347073
1993-07-16 22:00:00,90.63317437478618
1993-07-19 22:00:00,90.63317437478618
1993-07-20 22:00:00,90.5129543347073
1993-07-21 22:00:00,89.67842805621696
1993-07-22 22:00:00,89.32449719905463
1993-07-23 22:00:00,88.62324874538183
1993-07-26 22:00:00,88.97277625136844
1993-07-27 22:00:00,88.97277625136844
1993-07-28 22:00:00,89.20701215365678
1993-07-29 22:00:00,90.2732688844046
1993-07-30 22:00:00,90.2732688844046
1993-08-02 22:00:00,90.39298604741045
1993-08-03 22:00:00,90.75364679785628
1993-08-04 22:00:00,90.63317437478618
1993-08-05 22:00:00,90.75364679785628
1993-08-06 22:00:00,90.75364679785628
1993-08-09 22:00:00,91.4818168885596
1993-08-10 22:00:00,91.72658816616814
1993-08-11 22:00:00,91.8493606815507
1993-08-12 22:00:00,92.71605064187509
1993-08-13 22:00:00,92.96603675850504
1993-08-16 22:00:00,93.4691906110134
1993-08-17 22:00:00,93.4691906110134
1993-08-18 22:00:00,94.10415371782386
1993-08-19 22:00:00,94.7458855929245
1993-08-20 22:00:00,94.61699361724294
1993-08-23 22:00:00,94.61699361724294
1993-08-24 22:00:00,94.87505174567076
1993-08-25 22:00:00,95.1342093509703
1993-08-26 22:00:00,96.31417429828268
1993-08-27 22:00:00,95.78695011386304
1993-08-30 22:00:00,95.91833474390272
1993-08-31 22:00:00,96.31417429828268
1993-09-01 22:00:00,96.31417429828268
1993-09-02 22:00:00,96.9795685437168
1993-09-03 22:00:00,98.19537007747716
1993-09-07 22:00:00,99.15736283190076
1993-09-08 22:00:00,99.4348889495175
1993-09-09 22:00:00,98.0591196772146
1993-09-10 22:00:00,99.0190472069798
1993-09-13 22:00:00,99.4348889495175
1993-09-14 22:00:00,97.92316132908576
1993-09-15 22:00:00,97.51703121914665
1993-09-16 22:00:00,97.38223371133256
1993-09-17 22:00:00,96.9795685437168
1993-09-20 22:00:00,96.44668507428864
1993-09-21 22:00:00,95.65584524784526
1993-09-22 22:00:00,96.181946126152
1993-09-23 22:00:00,96.71255729931394
1993-09-24 22:00:00,96.71255729931394
1993-09-27 22:00:00,97.92316132908576
1993-09-28 22:00:00,98.3319132707617
1993-09-29 22:00:00,97.51703121914665
1993-09-30 22:00:00,96.9795685437168
1993-10-01 22:00:00,97.78749429423988
1993-10-04 22:00:00,97.65211783585792
1993-10-05 22:00:00,97.38223371133256
1993-10-06 22:00:00,97.38223371133256
1993-10-07 22:00:00,97.38223371133256
1993-10-08 22:00:00,98.6058810101732
1993-10-12 22:00:00,98.6058810101732
1993-10-13 22:00:00,98.6058810101732
1993-10-14 22:00:00,99.4348889495175
1993-10-15 22:00:00,100.55703676909236
1993-10-18 22:00:00,99.57410095911096
1993-10-19 22:00:00,99.57410095911096
1993-10-20 22:00:00,99.85342668783434
1993-10-21 22:00:00,98.6058810101732
1993-10-22 22:00:00,97.78749429423988
1993-10-25 22:00:00,97.24772458165654
1993-10-26 22:00:00,97.51703121914665
1993-10-27 22:00:00,97.51703121914665
1993-10-28 22:00:00,97.92316132908576
1993-10-29 22:00:00,98.0591196772146
1993-11-01 22:00:00,97.24772458165654
1993-11-02 22:00:00,96.57947916902478
1993-11-03 22:00:00,96.049999845004
1993-11-04 22:00:00,95.0044927671597
1993-11-05 22:00:00,94.61699361724294
1993-11-08 22:00:00,94.61699361724294
1993-11-09 22:00:00,95.39447198940934
1993-11-10 22:00:00,94.7458855929245
1993-11-12 22:00:00,95.52501944074932
1993-11-15 22:00:00,95.26420219258785
1993-11-16 22:00:00,95.26420219258785
1993-11-17 22:00:00,95.0044927671597
1993-11-18 22:00:00,94.48837512884327
1993-11-19 22:00:00,93.0914265200869
1993-11-22 22:00:00,92.84091168703938
1993-11-23 22:00:00,93.59564580769234
1993-11-24 22:00:00,93.4691906110134
1993-11-26 22:00:00,94.10415371782386
1993-11-29 22:00:00,94.48837512884327
1993-11-30 22:00:00,93.7223690409708
1993-12-01 22:00:00,93.84936098566423
1993-12-02 22:00:00,93.97662231844028
1993-12-03 22:00:00,94.2319558642027
1993-12-06 22:00:00,95.26420219258785
1993-12-07 22:00:00,95.26420219258785
1993-12-08 22:00:00,95.26420219258785
1993-12-09 22:00:00,95.52501944074932
1993-12-10 22:00:00,95.0044927671597
1993-12-13 22:00:00,94.36002943983269
1993-12-14 22:00:00,93.7223690409708
1993-12-15 22:00:00,93.7223690409708
1993-12-16 22:00:00,93.4691906110134
1993-12-17 22:00:00,93.7223690409708
1993-12-20 22:00:00,93.59564580769234
1993-12-21 22:00:00,93.34300277796508
1993-12-22 22:00:00,94.61699361724294
1993-12-23 22:00:00,94.61699361724294
1993-12-27 22:00:00,94.48837512884327
1993-12-28 22:00:00,94.36002943983269
1993-12-29 22:00:00,94.2319558642027
1993-12-30 22:00:00,93.0914265200869
1993-12-31 22:00:00,92.96603675850504
1994-01-03 22:00:00,92.21923351134976
1994-01-04 22:00:00,92.71605064187509
1994-01-05 22:00:00,92.34304505323549
1994-01-06 22:00:00,92.84091168703938
1994-01-07 22:00:00,94.36002943983269
1994-01-10 22:00:00,94.36002943983269
1994-01-11 22:00:00,94.2319558642027
1994-01-12 22:00:00,95.26420219258785
1994-01-13 22:00:00,94.10415371782386
1994-01-14 22:00:00,93.59564580769234
1994-01-18 22:00:00,93.84936098566423
1994-01-19 22:00:00,93.59564580769234
1994-01-20 22:00:00,93.97662231844028
1994-01-21 22:00:00,93.7223690409708
1994-01-24 22:00:00,93.59564580769234
1994-01-25 22:00:00,93.0914265200869
1994-01-26 22:00:00,93.21708163742008
1994-01-27 22:00:00,93.97662231844028
1994-01-28 22:00:00,94.7458855929245
1994-01-31 22:00:00,94.48837512884327
1994-02-01 22:00:00,93.4691906110134
1994-02-02 22:00:00,93.7223690409708
1994-02-03 22:00:00,93.4691906110134
1994-02-04 22:00:00,92.71605064187509
1994-02-07 22:00:00,92.5914529610123
1994-02-08 22:00:00,91.8493606815507
1994-02-09 22:00:00,91.97239197761844
1994-02-10 22:00:00,91.72658816616814
1994-02-11 22:00:00,92.21923351134976
1994-02-14 22:00:00,91.72658816616814
1994-02-15 22:00:00,91.72658816616814
1994-02-16 22:00:00,91.60407378380388
1994-02-17 22:00:00,90.63317437478618
1994-02-18 22:00:00,89.56020453625045
1994-02-22 22:00:00,89.91561788189489
1994-02-23 22:00:00,89.32449719905463
1994-02-24 22:00:00,88.16059587922473
1994-02-25 22:00:00,88.3914409152693
1994-02-28 22:00:00,89.08977204106569
1994-03-01 22:00:00,87.70177509271505
1994-03-02 22:00:00,87.70177509271505
1994-03-03 22:00:00,87.13358021976858
1994-03-04 22:00:00,87.02064619277023
1994-03-07 22:00:00,87.58766420401614
1994-03-08 22:00:00,87.02064619277023
1994-03-09 22:00:00,87.02064619277023
1994-03-10 22:00:00,86.01468384632561
1994-03-11 22:00:00,86.34792791326316
1994-03-14 22:00:00,86.12553597844669
1994-03-15 22:00:00,86.45946885403795
1994-03-16 22:00:00,87.36015146959703
1994-03-17 22:00:00,87.36015146959703
1994-03-18 22:00:00,86.45946885403795
1994-03-21 22:00:00,86.01468384632561
1994-03-22 22:00:00,87.02064619277023
1994-03-23 22:00:00,87.02064619277023
1994-03-24 22:00:00,85.57355434734563
1994-03-25 22:00:00,85.46383891549178
1994-03-28 22:00:00,85.57355434734563
1994-03-29 22:00:00,84.70211816120826
1994-03-30 22:00:00,84.27174058435315
1994-03-31 22:00:00,84.16469656290091
1994-04-04 22:00:00,80.85206783689748
1994-04-05 22:00:00,82.37802906786095
1994-04-06 22:00:00,82.68883843237695
1994-04-07 22:00:00,83.10621631826103
1994-04-08 22:00:00,82.58502436391846
1994-04-11 22:00:00,82.79286414024024
1994-04-12 22:00:00,83.21109380881
1994-04-13 22:00:00,82.58502436391846
1994-04-14 22:00:00,82.27484680508442
1994-04-15 22:00:00,82.27484680508442
1994-04-18 22:00:00,81.05285998832437
1994-04-19 22:00:00,81.45689017754528
1994-04-20 22:00:00,81.86420831025823
1994-04-21 22:00:00,83.00155255997085
1994-04-22 22:00:00,83.10621631826103
1994-04-25 22:00:00,83.84487672802676
1994-04-26 22:00:00,84.05787160594535
1994-04-28 22:00:00,82.27484680508442
1994-04-29 22:00:00,82.06911047255096
1994-05-02 22:00:00,81.86420831025823
1994-05-03 22:00:00,81.66013623299814
1994-05-04 22:00:00,81.66013623299814
1994-05-05 22:00:00,81.86420831025823
1994-05-06 22:00:00,79.86017808786296
1994-05-09 22:00:00,78.88804991713546
1994-05-10 22:00:00,80.15564804498987
1994-05-11 22:00:00,79.17764198168693
1994-05-12 22:00:00,79.46898238227698
1994-05-13 22:00:00,80.15564804498987
1994-05-16 22:00:00,80.55239709713977
1994-05-17 22:00:00,82.48142141517565
1994-05-18 22:00:00,82.48142141517565
1994-05-19 22:00:00,82.79286414024024
1994-05-20 22:00:00,82.17187411134994
1994-05-23 22:00:00,80.75197575372276
1994-05-24 22:00:00,81.05285998832437
1994-05-25 22:00:00,81.45689017754528
1994-05-26 22:00:00,81.45689017754528
1994-05-27 22:00:00,81.15356105070914
1994-05-31 22:00:00,80.75197575372276
1994-06-01 22:00:00,81.25446610253212
1994-06-02 22:00:00,81.66013623299814
1994-06-03 22:00:00,82.58502436391846
1994-06-06 22:00:00,83.10621631826103
1994-06-07 22:00:00,82.58502436391846
1994-06-08 22:00:00,82.37802906786095
1994-06-09 22:00:00,82.37802906786095
1994-06-10 22:00:00,81.96655537596672
1994-06-13 22:00:00,81.55841020564212
1994-06-14 22:00:00,82.06911047255096
1994-06-15 22:00:00,81.05285998832437
1994-06-16 22:00:00,81.35557564421882
1994-06-17 22:00:00,80.65208567171355
1994-06-20 22:00:00,80.55239709713977
1994-06-21 22:00:00,80.05695964798085
1994-06-22 22:00:00,81.05285998832437
1994-06-23 22:00:00,81.15356105070914
1994-06-24 22:00:00,79.95846982377694
1994-06-27 22:00:00,80.55239709713977
1994-06-28 22:00:00,79.86017808786296
1994-06-29 22:00:00,80.05695964798085
1994-06-30 22:00:00,78.88804991713546
1994-07-01 22:00:00,78.98438713398578
1994-07-05 22:00:00,79.17764198168693
1994-07-06 22:00:00,79.08091766494766
1994-07-07 22:00:00,79.17764198168693
1994-07-08 22:00:00,78.21906283911143
1994-07-11 22:00:00,77.93520715810986
1994-07-12 22:00:00,78.31405995802061
1994-07-13 22:00:00,78.40924712459831
1994-07-14 22:00:00,79.76208395702525
1994-07-15 22:00:00,79.66418694934788
1994-07-18 22:00:00,80.05695964798085
1994-07-19 22:00:00,80.45290953759925
1994-07-20 22:00:00,79.66418694934788
1994-07-21 22:00:00,79.66418694934788
1994-07-22 22:00:00,79.56648658420892
1994-07-25 22:00:00,79.86017808786296
1994-07-26 22:00:00,79.66418694934788
1994-07-27 22:00:00,79.17764198168693
1994-07-28 22:00:00,79.66418694934788
1994-07-29 22:00:00,81.25446610253212
1994-08-01 22:00:00,81.05285998832437
1994-08-02 22:00:00,81.15356105070914
1994-08-03 22:00:00,81.35557564421882
1994-08-04 22:00:00,81.15356105070914
1994-08-05 22:00:00,79.76208395702525
1994-08-08 22:00:00,79.86017808786296
1994-08-09 22:00:00,79.46898238227698
1994-08-10 22:00:00,79.37167386550719
1994-08-11 22:00:00,79.56648658420892
1994-08-12 22:00:00,80.3536225020135
1994-08-15 22:00:00,80.05695964798085
1994-08-16 22:00:00,81.25446610253212
1994-08-17 22:00:00,81.25446610253212
1994-08-18 22:00:00,80.15564804498987
1994-08-19 22:00:00,80.15564804498987
1994-08-22 22:00:00,79.56648658420892
1994-08-23 22:00:00,79.76208395702525
1994-08-24 22:00:00,80.45290953759925
1994-08-25 22:00:00,79.66418694934788
1994-08-26 22:00:00,80.25453550062434
1994-08-29 22:00:00,80.15564804498987
1994-08-30 22:00:00,80.45290953759925
1994-08-31 22:00:00,80.55239709713977
1994-09-01 22:00:00,80.55239709713977
1994-09-02 22:00:00,80.15564804498987
1994-09-06 22:00:00,79.66418694934788
1994-09-07 22:00:00,79.37167386550719
1994-09-08 22:00:00,79.37167386550719
1994-09-09 22:00:00,78.12425530622434
1994-09-12 22:00:00,78.02963689894949
1994-09-13 22:00:00,78.21906283911143
1994-09-14 22:00:00,78.40924712459831
1994-09-15 22:00:00,78.79190554399581
1994-09-16 22:00:00,77.46587246511575
1994-09-19 22:00:00,77.74691184517256
1994-09-20 22:00:00,77.46587246511575
1994-09-21 22:00:00,77.27944331886873
1994-09-22 22:00:00,77.37256514877866
1994-09-23 22:00:00,77.27944331886873
1994-09-26 22:00:00,77.27944331886873
1994-09-27 22:00:00,76.81660077737872
1994-09-28 22:00:00,77.18650652594762
1994-09-29 22:00:00,76.72458246977278
1994-09-30 22:00:00,77.09375432177895
1994-10-03 22:00:00,76.72458246977278
1994-10-04 22:00:00,76.4496199766195
1994-10-05 22:00:00,75.90457146285505
1994-10-06 22:00:00,75.90457146285505
1994-10-07 22:00:00,76.26721760964583
1994-10-11 22:00:00,76.72458246977278
1994-10-12 22:00:00,76.4496199766195
1994-10-13 22:00:00,76.90880189274166
1994-10-14 22:00:00,77.00118625932461
1994-10-17 22:00:00,77.00118625932461
1994-10-18 22:00:00,76.72458246977278
1994-10-19 22:00:00,76.35832848905855
1994-10-20 22:00:00,75.45527543787497
1994-10-21 22:00:00,75.54478034302586
1994-10-24 22:00:00,75.09901453528357
1994-10-25 22:00:00,74.92193339384951
1994-10-26 22:00:00,74.92193339384951
1994-10-27 22:00:00,75.01038687310705
1994-10-28 22:00:00,75.8143571013752
1994-10-31 22:00:00,75.72432074702863
1994-11-01 22:00:00,74.92193339384951
1994-11-02 22:00:00,74.65761386644849
1994-11-03 22:00:00,74.48226410583094
1994-11-04 22:00:00,74.04688697209407
1994-11-07 22:00:00,74.04688697209407
1994-11-08 22:00:00,74.39484695833751
1994-11-09 22:00:00,74.65761386644849
1994-11-10 22:00:00,74.1336214989542
1994-11-14 22:00:00,74.65761386644849
1994-11-15 22:00:00,75.01038687310705
1994-11-16 22:00:00,74.65761386644849
1994-11-17 22:00:00,74.22052606587489
1994-11-18 22:00:00,74.22052606587489
1994-11-21 22:00:00,74.22052606587489
1994-11-22 22:00:00,74.48226410583094
1994-11-23 22:00:00,75.8143571013752
1994-11-25 22:00:00,75.99496426208025
1994-11-28 22:00:00,75.54478034302586
1994-11-29 22:00:00,75.01038687310705
1994-11-30 22:00:00,75.54478034302586
1994-12-01 22:00:00,75.27679409108329
1994-12-02 22:00:00,76.17628690197752
1994-12-05 22:00:00,75.99496426208025
1994-12-06 22:00:00,76.90880189274166
1994-12-07 22:00:00,76.35832848905855
1994-12-08 22:00:00,76.54109250990066
1994-12-09 22:00:00,76.72458246977278
1994-12-12 22:00:00,76.17628690197752
1994-12-13 22:00:00,76.72458246977278
1994-12-14 22:00:00,76.72458246977278
1994-12-15 22:00:00,76.72458246977278
1994-12-16 22:00:00,76.72458246977278
1994-12-19 22:00:00,76.90880189274166
1994-12-20 22:00:00,76.81660077737872
1994-12-21 22:00:00,76.90880189274166
1994-12-22 22:00:00,76.63274652764561
1994-12-23 22:00:00,76.81660077737872
1994-12-27 22:00:00,77.65304536085439
1994-12-28 22:00:00,77.00118625932461
1994-12-29 22:00:00,76.81660077737872
1994-12-30 22:00:00,76.4496199766195
1995-01-03 22:00:00,76.08553593081477
1995-01-04 22:00:00,76.81660077737872
1995-01-05 22:00:00,76.26721760964583
1995-01-06 22:00:00,76.63274652764561
1995-01-09 22:00:00,76.35832848905855
1995-01-10 22:00:00,76.63274652764561
1995-01-11 22:00:00,76.81660077737872
1995-01-12 22:00:00,76.54109250990066
1995-01-13 22:00:00,77.27944331886873
1995-01-17 22:00:00,77.46587246511575
1995-01-18 22:00:00,77.46587246511575
1995-01-19 22:00:00,77.09375432177895
1995-01-20 22:00:00,76.35832848905855
1995-01-23 22:00:00,76.26721760964583
1995-01-24 22:00:00,76.08553593081477
1995-01-25 22:00:00,76.54109250990066
1995-01-26 22:00:00,76.81660077737872
1995-01-27 22:00:00,77.74691184517256
1995-01-30 22:00:00,77.65304536085439
1995-01-31 22:00:00,78.12425530622434
1995-02-01 22:00:00,77.74691184517256
1995-02-02 22:00:00,77.65304536085439
1995-02-03 22:00:00,79.08091766494766
1995-02-06 22:00:00,78.79190554399581
1995-02-07 22:00:00,78.69595354542733
1995-02-08 22:00:00,78.6001934535482
1995-02-09 22:00:00,78.69595354542733
1995-02-10 22:00:00,78.40924712459831
1995-02-13 22:00:00,78.50462480173086
1995-02-14 22:00:00,79.08091766494766
1995-02-15 22:00:00,79.37167386550719
1995-02-16 22:00:00,79.46898238227698
1995-02-17 22:00:00,79.27456055713796
1995-02-21 22:00:00,79.08091766494766
1995-02-22 22:00:00,79.76208395702525
1995-02-23 22:00:00,79.56648658420892
1995-02-24 22:00:00,79.76208395702525
1995-02-27 22:00:00,80.25453550062434
1995-02-28 22:00:00,80.55239709713977
1995-03-01 22:00:00,80.65208567171355
1995-03-02 22:00:00,80.15564804498987
1995-03-03 22:00:00,79.56648658420892
1995-03-06 22:00:00,79.27456055713796
1995-03-07 22:00:00,78.79190554399581
1995-03-08 22:00:00,79.56648658420892
1995-03-09 22:00:00,79.86017808786296
1995-03-10 22:00:00,80.55239709713977
1995-03-13 22:00:00,80.65208567171355
1995-03-14 22:00:00,81.66013623299814
1995-03-15 22:00:00,81.55841020564212
1995-03-16 22:00:00,81.86420831025823
1995-03-17 22:00:00,81.45689017754528
1995-03-20 22:00:00,81.15356105070914
1995-03-21 22:00:00,80.85206783689748
1995-03-22 22:00:00,80.55239709713977
1995-03-23 22:00:00,80.45290953759925
1995-03-24 22:00:00,81.35557564421882
1995-03-27 22:00:00,81.86420831025823
1995-03-28 22:00:00,81.05285998832437
1995-03-29 22:00:00,81.15356105070914
1995-03-30 22:00:00,80.85206783689748
1995-03-31 22:00:00,80.75197575372276
1995-04-03 22:00:00,81.25446610253212
1995-04-04 22:00:00,81.35557564421882
1995-04-05 22:00:00,81.35557564421882
1995-04-06 22:00:00,81.55841020564212
1995-04-07 22:00:00,81.25446610253212
1995-04-10 22:00:00,81.25446610253212
1995-04-11 22:00:00,81.45689017754528
1995-04-12 22:00:00,81.55841020564212
1995-04-13 22:00:00,81.76206876546446
1995-04-17 22:00:00,81.25446610253212
1995-04-18 22:00:00,81.15356105070914
1995-04-19 22:00:00,81.45689017754528
1995-04-20 22:00:00,81.66013623299814
1995-04-21 22:00:00,81.76206876546446
1995-04-24 22:00:00,81.96655537596672
1995-04-25 22:00:00,81.86420831025823
1995-04-26 22:00:00,81.96655537596672
1995-04-27 22:00:00,81.86420831025823
1995-04-28 22:00:00,81.76206876546446
1995-05-01 22:00:00,81.66013623299814
1995-05-02 22:00:00,81.86420831025823
1995-05-03 22:00:00,82.68883843237695
1995-05-04 22:00:00,83.73870573195798
1995-05-05 22:00:00,85.1360443313124
1995-05-08 22:00:00,85.1360443313124
1995-05-09 22:00:00,86.01468384632561
1995-05-10 22:00:00,85.68349599498539
1995-05-11 22:00:00,85.46383891549178
1995-05-12 22:00:00,85.35434914033385
1995-05-15 22:00:00,85.90406018158014
1995-05-16 22:00:00,86.7954784308419
1995-05-17 22:00:00,86.90794578951981
1995-05-18 22:00:00,86.34792791326316
1995-05-19 22:00:00,86.34792791326316
1995-05-22 22:00:00,86.23661714467016
1995-05-23 22:00:00,86.7954784308419
1995-05-24 22:00:00,87.93070885660315
1995-05-25 22:00:00,88.3914409152693
1995-05-26 22:00:00,88.16059587922473
1995-05-30 22:00:00,89.08977204106569
1995-05-31 22:00:00,89.08977204106569
1995-06-01 22:00:00,89.79689896533688
1995-06-02 22:00:00,90.87437223585
1995-06-05 22:00:00,90.99535132242788
1995-06-06 22:00:00,90.99535132242788
1995-06-07 22:00:00,90.75364679785628
1995-06-08 22:00:00,90.2732688844046
1995-06-09 22:00:00,88.50722418125879
1995-06-12 22:00:00,88.62324874538183
1995-06-13 22:00:00,90.39298604741045
1995-06-14 22:00:00,90.2732688844046
1995-06-15 22:00:00,89.79689896533688
1995-06-16 22:00:00,89.67842805621696
1995-06-19 22:00:00,90.39298604741045
1995-06-20 22:00:00,90.2732688844046
1995-06-21 22:00:00,90.5129543347073
1995-06-22 22:00:00,91.35981683630035
1995-06-23 22:00:00,90.99535132242788
1995-06-26 22:00:00,90.63317437478618
1995-06-27 22:00:00,90.39298604741045
1995-06-28 22:00:00,90.87437223585
1995-06-29 22:00:00,89.32449719905463
1995-06-30 22:00:00,89.56020453625045
1995-07-03 22:00:00,89.56020453625045
1995-07-05 22:00:00,89.79689896533688
1995-07-06 22:00:00,90.99535132242788
1995-07-07 22:00:00,90.87437223585
1995-07-10 22:00:00,90.99535132242788
1995-07-11 22:00:00,90.2732688844046
1995-07-12 22:00:00,90.5129543347073
1995-07-13 22:00:00,90.5129543347073
1995-07-14 22:00:00,89.91561788189489
1995-07-17 22:00:00,89.08977204106569
1995-07-18 22:00:00,88.3914409152693
1995-07-19 22:00:00,86.57124053835604
1995-07-20 22:00:00,86.7954784308419
1995-07-21 22:00:00,85.79366441901972
1995-07-24 22:00:00,86.45946885403795
1995-07-25 22:00:00,87.13358021976858
1995-07-26 22:00:00,86.45946885403795
1995-07-27 22:00:00,87.13358021976858
1995-07-28 22:00:00,86.34792791326316
1995-07-31 22:00:00,86.90794578951981
1995-08-01 22:00:00,86.23661714467016
1995-08-02 22:00:00,86.90794578951981
1995-08-03 22:00:00,86.12553597844669
1995-08-04 22:00:00,86.45946885403795
1995-08-07 22:00:00,86.57124053835604
1995-08-08 22:00:00,86.57124053835604
1995-08-09 22:00:00,86.12553597844669
1995-08-10 22:00:00,86.45946885403795
1995-08-11 22:00:00,85.57355434734563
1995-08-14 22:00:00,85.79366441901972
1995-08-15 22:00:00,86.23661714467016
1995-08-16 22:00:00,86.57124053835604
1995-08-17 22:00:00,86.45946885403795
1995-08-18 22:00:00,86.34792791326316
1995-08-21 22:00:00,86.7954784308419
1995-08-22 22:00:00,86.57124053835604
1995-08-23 22:00:00,86.23661714467016
1995-08-24 22:00:00,87.13358021976858
1995-08-25 22:00:00,88.50722418125879
1995-08-28 22:00:00,88.73951520929904
1995-08-29 22:00:00,88.50722418125879
1995-08-30 22:00:00,88.73951520929904
1995-08-31 22:00:00,89.32449719905463
1995-09-01 22:00:00,89.79689896533688
1995-09-05 22:00:00,90.2732688844046
1995-09-06 22:00:00,90.2732688844046
1995-09-07 22:00:00,89.91561788189489
1995-09-08 22:00:00,89.91561788189489
1995-09-11 22:00:00,89.91561788189489
1995-09-12 22:00:00,90.99535132242788
1995-09-13 22:00:00,90.87437223585
1995-09-14 22:00:00,91.72658816616814
1995-09-15 22:00:00,91.4818168885596
1995-09-18 22:00:00,90.75364679785628
1995-09-19 22:00:00,91.23807298464952
1995-09-20 22:00:00,91.60407378380388
1995-09-21 22:00:00,90.39298604741045
1995-09-22 22:00:00,90.03458542586434
1995-09-25 22:00:00,90.15380221891236
1995-09-26 22:00:00,90.15380221891236
1995-09-27 22:00:00,89.79689896533688
1995-09-28 22:00:00,90.03458542586434
1995-09-29 22:00:00,91.23807298464952
1995-10-02 22:00:00,91.35981683630035
1995-10-03 22:00:00,91.60407378380388
1995-10-04 22:00:00,91.8493606815507
1995-10-05 22:00:00,91.97239197761844
1995-10-06 22:00:00,91.97239197761844
1995-10-10 22:00:00,91.97239197761844
1995-10-11 22:00:00,91.8493606815507
1995-10-12 22:00:00,92.21923351134976
1995-10-13 22:00:00,93.59564580769234
1995-10-16 22:00:00,93.34300277796508
1995-10-17 22:00:00,93.59564580769234
1995-10-18 22:00:00,93.34300277796508
1995-10-19 22:00:00,93.4691906110134
1995-10-20 22:00:00,92.96603675850504
1995-10-23 22:00:00,92.5914529610123
1995-10-24 22:00:00,93.21708163742008
1995-10-25 22:00:00,93.34300277796508
1995-10-26 22:00:00,92.5914529610123
1995-10-27 22:00:00,92.96603675850504
1995-10-30 22:00:00,92.96603675850504
1995-10-31 22:00:00,93.0914265200869
1995-11-01 22:00:00,93.7223690409708
1995-11-02 22:00:00,94.2319558642027
1995-11-03 22:00:00,93.84936098566423
1995-11-06 22:00:00,93.7223690409708
1995-11-07 22:00:00,93.4691906110134
1995-11-08 22:00:00,94.2319558642027
1995-11-09 22:00:00,93.7223690409708
1995-11-10 22:00:00,93.21708163742008
1995-11-13 22:00:00,93.84936098566423
1995-11-14 22:00:00,93.59564580769234
1995-11-15 22:00:00,93.59564580769234
1995-11-16 22:00:00,94.36002943983269
1995-11-17 22:00:00,94.48837512884327
1995-11-20 22:00:00,94.2319558642027
1995-11-21 22:00:00,93.97662231844028
1995-11-22 22:00:00,93.84936098566423
1995-11-24 22:00:00,94.2319558642027
1995-11-27 22:00:00,94.48837512884327
1995-11-28 22:00:00,94.36002943983269
1995-11-29 22:00:00,94.61699361724294
1995-11-30 22:00:00,95.65584524784526
1995-12-01 22:00:00,96.181946126152
1995-12-04 22:00:00,97.38223371133256
1995-12-05 22:00:00,96.9795685437168
1995-12-06 22:00:00,97.11350310136748
1995-12-07 22:00:00,96.57947916902478
1995-12-08 22:00:00,96.71255729931394
1995-12-11 22:00:00,96.9795685437168
1995-12-12 22:00:00,96.84592018395266
1995-12-13 22:00:00,96.57947916902478
1995-12-14 22:00:00,96.44668507428864
1995-12-15 22:00:00,96.31417429828268
1995-12-18 22:00:00,94.87505174567076
1995-12-19 22:00:00,95.65584524784526
1995-12-20 22:00:00,96.049999845004
1995-12-21 22:00:00,96.049999845004
1995-12-22 22:00:00,96.71255729931394
1995-12-26 22:00:00,96.9795685437168
1995-12-27 22:00:00,97.38223371133256
1995-12-28 22:00:00,97.78749429423988
1995-12-29 22:00:00,98.0591196772146
1996-01-02 22:00:00,97.92316132908576
1996-01-03 22:00:00,98.0591196772146
1996-01-04 22:00:00,97.11350310136748
1996-01-05 22:00:00,96.84592018395266
1996-01-08 22:00:00,96.9795685437168
1996-01-09 22:00:00,96.71255729931394
1996-01-10 22:00:00,95.39447198940934
1996-01-11 22:00:00,95.39447198940934
1996-01-12 22:00:00,95.39447198940934
1996-01-16 22:00:00,96.31417429828268
1996-01-17 22:00:00,97.51703121914665
1996-01-18 22:00:00,97.78749429423988
1996-01-19 22:00:00,97.92316132908576
1996-01-22 22:00:00,96.9795685437168
1996-01-23 22:00:00,96.31417429828268
1996-01-24 22:00:00,97.24772458165654
1996-01-25 22:00:00,96.049999845004
1996-01-26 22:00:00,96.9795685437168
1996-01-29 22:00:00,96.31417429828268
1996-01-30 22:00:00,96.9795685437168
1996-01-31 22:00:00,97.11350310136748
1996-02-01 22:00:00,96.44668507428864
1996-02-02 22:00:00,95.52501944074932
1996-02-05 22:00:00,95.52501944074932
1996-02-06 22:00:00,95.65584524784526
1996-02-07 22:00:00,95.52501944074932
1996-02-08 22:00:00,96.31417429828268
1996-02-09 22:00:00,96.049999845004
1996-02-12 22:00:00,96.84592018395266
1996-02-13 22:00:00,97.24772458165654
1996-02-14 22:00:00,96.57947916902478
1996-02-15 22:00:00,95.39447198940934
1996-02-16 22:00:00,94.48837512884327
1996-02-20 22:00:00,92.46711798426094
1996-02-21 22:00:00,92.46711798426094
1996-02-22 22:00:00,92.84091168703938
1996-02-23 22:00:00,92.09568270381172
1996-02-26 22:00:00,91.72658816616814
1996-02-27 22:00:00,91.4818168885596
1996-02-28 22:00:00,91.35981683630035
1996-02-29 22:00:00,91.35981683630035
1996-03-01 22:00:00,92.5914529610123
1996-03-04 22:00:00,93.0914265200869
1996-03-05 22:00:00,92.46711798426094
1996-03-06 22:00:00,91.8493606815507
1996-03-07 22:00:00,91.60407378380388
1996-03-08 22:00:00,88.73951520929904
1996-03-11 22:00:00,89.56020453625045
1996-03-12 22:00:00,89.20701215365678
1996-03-13 22:00:00,88.97277625136844
1996-03-14 22:00:00,88.97277625136844
1996-03-15 22:00:00,88.16059587922473
1996-03-18 22:00:00,88.62324874538183
1996-03-19 22:00:00,88.73951520929904
1996-03-20 22:00:00,89.32449719905463
1996-03-21 22:00:00,89.67842805621696
1996-03-22 22:00:00,89.32449719905463
1996-03-25 22:00:00,90.15380221891236
1996-03-26 22:00:00,90.03458542586434
1996-03-27 22:00:00,88.97277625136844
1996-03-28 22:00:00,88.3914409152693
1996-03-29 22:00:00,89.08977204106569
1996-04-01 22:00:00,89.20701215365678
1996-04-02 22:00:00,89.67842805621696
1996-04-03 22:00:00,89.56020453625045
1996-04-04 22:00:00,89.20701215365678
1996-04-05 22:00:00,87.24674845126668
1996-04-08 22:00:00,86.68324353913279
1996-04-09 22:00:00,87.13358021976858
1996-04-10 22:00:00,86.34792791326316
1996-04-11 22:00:00,85.90406018158014
1996-04-12 22:00:00,87.4737898586776
1996-04-15 22:00:00,87.70177509271505
1996-04-16 22:00:00,87.81612311347571
1996-04-17 22:00:00,87.4737898586776
1996-04-18 22:00:00,87.13358021976858
1996-04-19 22:00:00,87.58766420401614
1996-04-22 22:00:00,88.16059587922473
1996-04-23 22:00:00,87.81612311347571
1996-04-24 22:00:00,87.4737898586776
1996-04-25 22:00:00,87.4737898586776
1996-04-26 22:00:00,87.70177509271505
1996-04-29 22:00:00,87.24674845126668
1996-04-30 22:00:00,86.57124053835604
1996-05-01 22:00:00,86.34792791326316
1996-05-02 22:00:00,84.81026565258632
1996-05-03 22:00:00,84.05787160594535
1996-05-06 22:00:00,84.594192455053
1996-05-07 22:00:00,84.48648798702393
1996-05-08 22:00:00,85.35434914033385
1996-05-09 22:00:00,85.1360443313124
1996-05-10 22:00:00,86.12553597844669
1996-05-13 22:00:00,86.45946885403795
1996-05-14 22:00:00,87.02064619277023
1996-05-15 22:00:00,87.13358021976858
1996-05-16 22:00:00,86.45946885403795
1996-05-17 22:00:00,87.13358021976858
1996-05-20 22:00:00,87.36015146959703
1996-05-21 22:00:00,87.02064619277023
1996-05-22 22:00:00,87.4737898586776
1996-05-23 22:00:00,86.7954784308419
1996-05-24 22:00:00,87.13358021976858
1996-05-28 22:00:00,87.02064619277023
1996-05-29 22:00:00,86.01468384632561
1996-05-30 22:00:00,86.23661714467016
1996-05-31 22:00:00,85.35434914033385
1996-06-03 22:00:00,85.24508446429601
1996-06-04 22:00:00,85.35434914033385
1996-06-05 22:00:00,85.79366441901972
1996-06-06 22:00:00,86.34792791326316
1996-06-07 22:00:00,84.81026565258632
1996-06-10 22:00:00,84.27174058435315
1996-06-11 22:00:00,83.95126517374737
1996-06-12 22:00:00,83.4214920951421
1996-06-13 22:00:00,83.73870573195798
1996-06-14 22:00:00,84.27174058435315
1996-06-17 22:00:00,84.70211816120826
1996-06-18 22:00:00,84.37900421150432
1996-06-19 22:00:00,84.05787160594535
1996-06-20 22:00:00,84.05787160594535
1996-06-21 22:00:00,84.16469656290091
1996-06-24 22:00:00,84.37900421150432
1996-06-25 22:00:00,84.70211816120826
1996-06-26 22:00:00,84.81026565258632
1996-06-27 22:00:00,85.46383891549178
1996-06-28 22:00:00,86.45946885403795
1996-07-01 22:00:00,86.34792791326316
1996-07-02 22:00:00,86.01468384632561
1996-07-03 22:00:00,86.01468384632561
1996-07-05 22:00:00,83.31618555837576
1996-07-08 22:00:00,83.31618555837576
1996-07-09 22:00:00,83.73870573195798
1996-07-10 22:00:00,84.27174058435315
1996-07-11 22:00:00,84.594192455053
1996-07-12 22:00:00,85.02722818682273
1996-07-15 22:00:00,84.594192455053
1996-07-16 22:00:00,85.02722818682273
1996-07-17 22:00:00,85.1360443313124
1996-07-18 22:00:00,86.23661714467016
1996-07-19 22:00:00,85.68349599498539
1996-07-22 22:00:00,85.24508446429601
1996-07-23 22:00:00,85.68349599498539
1996-07-24 22:00:00,84.91863547776805
1996-07-25 22:00:00,84.91863547776805
1996-07-26 22:00:00,85.1360443313124
1996-07-29 22:00:00,84.37900421150432
1996-07-30 22:00:00,84.81026565258632
1996-07-31 22:00:00,85.57355434734563
1996-08-01 22:00:00,87.13358021976858
1996-08-02 22:00:00,88.2758983473889
1996-08-05 22:00:00,88.16059587922473
1996-08-06 22:00:00,88.04553291401074
1996-08-07 22:00:00,87.81612311347571
1996-08-08 22:00:00,88.04553291401074
1996-08-09 22:00:00,88.73951520929904
1996-08-12 22:00:00,88.73951520929904
1996-08-13 22:00:00,87.81612311347571
1996-08-14 22:00:00,87.81612311347571
1996-08-15 22:00:00,87.36015146959703
1996-08-16 22:00:00,87.93070885660315
1996-08-19 22:00:00,87.58766420401614
1996-08-20 22:00:00,87.58766420401614
1996-08-21 22:00:00,87.24674845126668
1996-08-22 22:00:00,87.13358021976858
1996-08-23 22:00:00,86.12553597844669
1996-08-26 22:00:00,85.35434914033385
1996-08-27 22:00:00,85.68349599498539
1996-08-28 22:00:00,85.46383891549178
1996-08-29 22:00:00,84.81026565258632
1996-08-30 22:00:00,83.95126517374737
1996-09-03 22:00:00,84.594192455053
1996-09-04 22:00:00,84.27174058435315
1996-09-05 22:00:00,83.73870573195798
1996-09-06 22:00:00,84.05787160594535
1996-09-09 22:00:00,84.48648798702393
1996-09-10 22:00:00,83.95126517374737
1996-09-11 22:00:00,84.05787160594535
1996-09-12 22:00:00,84.48648798702393
1996-09-13 22:00:00,85.90406018158014
1996-09-16 22:00:00,85.90406018158014
1996-09-17 22:00:00,85.35434914033385
1996-09-18 22:00:00,85.1360443313124
1996-09-19 22:00:00,84.81026565258632
1996-09-20 22:00:00,84.91863547776805
1996-09-23 22:00:00,85.1360443313124
1996-09-24 22:00:00,85.46383891549178
1996-09-25 22:00:00,86.12553597844669
1996-09-26 22:00:00,86.68324353913279
1996-09-27 22:00:00,86.34792791326316
1996-09-30 22:00:00,86.12553597844669
1996-10-01 22:00:00,86.68324353913279
1996-10-02 22:00:00,87.13358021976858
1996-10-03 22:00:00,87.13358021976858
1996-10-04 22:00:00,88.2758983473889
1996-10-07 22:00:00,87.81612311347571
1996-10-08 22:00:00,87.70177509271505
1996-10-09 22:00:00,87.24674845126668
1996-10-10 22:00:00,86.57124053835604
1996-10-11 22:00:00,87.13358021976858
1996-10-15 22:00:00,87.02064619277023
1996-10-16 22:00:00,86.90794578951981
1996-10-17 22:00:00,87.4737898586776
1996-10-18 22:00:00,87.70177509271505
1996-10-21 22:00:00,87.4737898586776
1996-10-22 22:00:00,87.02064619277023
1996-10-23 22:00:00,87.13358021976858
1996-10-24 22:00:00,87.02064619277023
1996-10-25 22:00:00,87.36015146959703
1996-10-28 22:00:00,87.24674845126668
1996-10-29 22:00:00,88.73951520929904
1996-10-30 22:00:00,88.85602417631216
1996-10-31 22:00:00,89.20701215365678
1996-11-01 22:00:00,88.97277625136844
1996-11-04 22:00:00,89.08977204106569
1996-11-05 22:00:00,89.91561788189489
1996-11-06 22:00:00,89.79689896533688
1996-11-07 22:00:00,91.35981683630035
1996-11-08 22:00:00,90.99535132242788
1996-11-12 22:00:00,91.8493606815507
1996-11-13 22:00:00,91.60407378380388
1996-11-14 22:00:00,92.09568270381172
1996-11-15 22:00:00,91.60407378380388
1996-11-18 22:00:00,91.60407378380388
1996-11-19 22:00:00,91.8493606815507
1996-11-20 22:00:00,92.21923351134976
1996-11-21 22:00:00,92.09568270381172
1996-11-22 22:00:00,91.8493606815507
1996-11-25 22:00:00,92.09568270381172
1996-11-26 22:00:00,91.97239197761844
1996-11-27 22:00:00,91.8493606815507
1996-11-29 22:00:00,92.84091168703938
1996-12-02 22:00:00,92.84091168703938
1996-12-03 22:00:00,92.96603675850504
1996-12-04 22:00:00,92.34304505323549
1996-12-05 22:00:00,91.11658469298372
1996-12-06 22:00:00,90.75364679785628
1996-12-09 22:00:00,91.35981683630035
1996-12-10 22:00:00,91.23807298464952
1996-12-11 22:00:00,89.79689896533688
1996-12-12 22:00:00,89.44222778883683
1996-12-13 22:00:00,90.15380221891236
1996-12-16 22:00:00,89.56020453625045
1996-12-17 22:00:00,89.20701215365678
1996-12-18 22:00:00,88.85602417631216
1996-12-19 22:00:00,89.91561788189489
1996-12-20 22:00:00,90.03458542586434
1996-12-23 22:00:00,90.15380221891236
1996-12-24 22:00:00,90.03458542586434
1996-12-26 22:00:00,90.03458542586434
1996-12-27 22:00:00,90.63317437478618
1996-12-30 22:00:00,90.63317437478618
1996-12-31 22:00:00,89.32449719905463
1997-01-02 22:00:00,88.16059587922473
1997-01-03 22:00:00,88.2758983473889
1997-01-06 22:00:00,87.93070885660315
1997-01-07 22:00:00,87.58766420401614
1997-01-08 22:00:00,87.24674845126668
1997-01-09 22:00:00,88.04553291401074
1997-01-10 22:00:00,86.90794578951981
1997-01-13 22:00:00,87.02064619277023
1997-01-14 22:00:00,87.93070885660315
1997-01-15 22:00:00,87.70177509271505
1997-01-16 22:00:00,87.24674845126668
1997-01-17 22:00:00,87.24674845126668
1997-01-21 22:00:00,87.81612311347571
1997-01-22 22:00:00,87.24674845126668
1997-01-23 22:00:00,87.02064619277023
1997-01-24 22:00:00,86.57124053835604
1997-01-27 22:00:00,86.01468384632561
1997-01-28 22:00:00,86.34792791326316
1997-01-29 22:00:00,86.45946885403795
1997-01-30 22:00:00,86.68324353913279
1997-01-31 22:00:00,87.58766420401614
1997-02-03 22:00:00,88.2758983473889
1997-02-04 22:00:00,88.50722418125879
1997-02-05 22:00:00,88.16059587922473
1997-02-06 22:00:00,88.04553291401074
1997-02-07 22:00:00,88.50722418125879
1997-02-10 22:00:00,88.62324874538183
1997-02-11 22:00:00,88.62324874538183
1997-02-12 22:00:00,88.50722418125879
1997-02-13 22:00:00,90.15380221891236
1997-02-14 22:00:00,90.75364679785628
1997-02-18 22:00:00,90.5129543347073
1997-02-19 22:00:00,90.2732688844046
1997-02-20 22:00:00,89.44222778883683
1997-02-21 22:00:00,89.56020453625045
1997-02-24 22:00:00,89.20701215365678
1997-02-25 22:00:00,89.20701215365678
1997-02-26 22:00:00,87.58766420401614
1997-02-27 22:00:00,87.36015146959703
1997-02-28 22:00:00,87.58766420401614
1997-03-03 22:00:00,87.24674845126668
1997-03-04 22:00:00,86.90794578951981
1997-03-05 22:00:00,87.02064619277023
1997-03-06 22:00:00,86.57124053835604
1997-03-07 22:00:00,87.24674845126668
1997-03-10 22:00:00,87.24674845126668
1997-03-11 22:00:00,87.13358021976858
1997-03-12 22:00:00,86.7954784308419
1997-03-13 22:00:00,85.57355434734563
1997-03-14 22:00:00,85.90406018158014
1997-03-17 22:00:00,85.79366441901972
1997-03-18 22:00:00,85.79366441901972
1997-03-19 22:00:00,85.46383891549178
1997-03-20 22:00:00,85.68349599498539
1997-03-21 22:00:00,85.79366441901972
1997-03-24 22:00:00,86.01468384632561
1997-03-25 22:00:00,85.90406018158014
1997-03-26 22:00:00,85.35434914033385
1997-03-27 22:00:00,84.37900421150432
1997-03-31 22:00:00,84.27174058435315
1997-04-01 22:00:00,84.37900421150432
1997-04-02 22:00:00,84.48648798702393
1997-04-03 22:00:00,84.48648798702393
1997-04-04 22:00:00,83.84487672802676
1997-04-07 22:00:00,84.48648798702393
1997-04-08 22:00:00,84.16469656290091
1997-04-09 22:00:00,84.16469656290091
1997-04-10 22:00:00,84.16469656290091
1997-04-11 22:00:00,83.52701394872295
1997-04-14 22:00:00,83.52701394872295
1997-04-15 22:00:00,84.27174058435315
1997-04-16 22:00:00,84.16469656290091
1997-04-17 22:00:00,84.594192455053
1997-04-18 22:00:00,84.70211816120826
1997-04-21 22:00:00,84.37900421150432
1997-04-22 22:00:00,84.81026565258632
1997-04-23 22:00:00,84.37900421150432
1997-04-24 22:00:00,83.95126517374737
1997-04-25 22:00:00,83.84487672802676
1997-04-28 22:00:00,84.05787160594535
1997-04-29 22:00:00,85.46383891549178
1997-04-30 22:00:00,85.90406018158014
1997-05-01 22:00:00,86.12553597844669
1997-05-02 22:00:00,86.45946885403795
1997-05-05 22:00:00,86.45946885403795
1997-05-06 22:00:00,86.57124053835604
1997-05-07 22:00:00,85.79366441901972
1997-05-08 22:00:00,86.23661714467016
1997-05-09 22:00:00,86.57124053835604
1997-05-12 22:00:00,86.68324353913279
1997-05-13 22:00:00,86.23661714467016
1997-05-14 22:00:00,86.45946885403795
1997-05-15 22:00:00,86.68324353913279
1997-05-16 22:00:00,86.34792791326316
1997-05-19 22:00:00,86.23661714467016
1997-05-20 22:00:00,86.23661714467016
1997-05-21 22:00:00,85.68349599498539
1997-05-22 22:00:00,85.35434914033385
1997-05-23 22:00:00,85.46383891549178
1997-05-27 22:00:00,85.02722818682273
1997-05-28 22:00:00,85.02722818682273
1997-05-29 22:00:00,85.46383891549178
1997-05-30 22:00:00,86.23661714467016
1997-06-02 22:00:00,86.45946885403795
1997-06-03 22:00:00,86.68324353913279
1997-06-04 22:00:00,86.68324353913279
1997-06-05 22:00:00,86.68324353913279
1997-06-06 22:00:00,87.81612311347571
1997-06-09 22:00:00,87.24674845126668
1997-06-10 22:00:00,87.13358021976858
1997-06-11 22:00:00,87.24674845126668
1997-06-12 22:00:00,87.93070885660315
1997-06-13 22:00:00,88.3914409152693
1997-06-16 22:00:00,88.73951520929904
1997-06-17 22:00:00,88.50722418125879
1997-06-18 22:00:00,88.85602417631216
1997-06-19 22:00:00,88.97277625136844
1997-06-20 22:00:00,89.32449719905463
1997-06-23 22:00:00,88.85602417631216
1997-06-24 22:00:00,88.73951520929904
1997-06-25 22:00:00,88.2758983473889
1997-06-26 22:00:00,87.81612311347571
1997-06-27 22:00:00,88.16059587922473
1997-06-30 22:00:00,87.58766420401614
1997-07-01 22:00:00,88.2758983473889
1997-07-02 22:00:00,88.50722418125879
1997-07-03 22:00:00,89.56020453625045
1997-07-07 22:00:00,90.15380221891236
1997-07-08 22:00:00,90.03458542586434
1997-07-09 22:00:00,90.39298604741045
1997-07-10 22:00:00,90.39298604741045
1997-07-11 22:00:00,90.75364679785628
1997-07-14 22:00:00,90.5129543347073
1997-07-15 22:00:00,90.5129543347073
1997-07-16 22:00:00,91.35981683630035
1997-07-17 22:00:00,91.23807298464952
1997-07-18 22:00:00,90.87437223585
1997-07-21 22:00:00,90.5129543347073
1997-07-22 22:00:00,91.97239197761844
1997-07-23 22:00:00,92.09568270381172
1997-07-24 22:00:00,91.97239197761844
1997-07-25 22:00:00,91.72658816616814
1997-07-28 22:00:00,91.97239197761844
1997-07-29 22:00:00,92.5914529610123
1997-07-30 22:00:00,93.21708163742008
1997-07-31 22:00:00,93.59564580769234
1997-08-01 22:00:00,91.60407378380388
1997-08-04 22:00:00,91.35981683630035
1997-08-05 22:00:00,91.23807298464952
1997-08-06 22:00:00,91.35981683630035
1997-08-07 22:00:00,90.99535132242788
1997-08-08 22:00:00,89.44222778883683
1997-08-11 22:00:00,89.44222778883683
1997-08-12 22:00:00,89.20701215365678
1997-08-13 22:00:00,89.44222778883683
1997-08-14 22:00:00,90.39298604741045
1997-08-15 22:00:00,90.2732688844046
1997-08-18 22:00:00,90.75364679785628
1997-08-19 22:00:00,90.99535132242788
1997-08-20 22:00:00,90.63317437478618
1997-08-21 22:00:00,89.91561788189489
1997-08-22 22:00:00,89.08977204106569
1997-08-25 22:00:00,89.08977204106569
1997-08-26 22:00:00,89.20701215365678
1997-08-27 22:00:00,89.20701215365678
1997-08-28 22:00:00,90.2732688844046
1997-08-29 22:00:00,89.79689896533688
1997-09-02 22:00:00,90.15380221891236
1997-09-03 22:00:00,89.91561788189489
1997-09-04 22:00:00,89.79689896533688
1997-09-05 22:00:00,89.32449719905463
1997-09-08 22:00:00,89.67842805621696
1997-09-09 22:00:00,89.56020453625045
1997-09-10 22:00:00,89.20701215365678
1997-09-11 22:00:00,88.97277625136844
1997-09-12 22:00:00,90.03458542586434
1997-09-15 22:00:00,90.15380221891236
1997-09-16 22:00:00,92.21923351134976
1997-09-17 22:00:00,92.46711798426094
1997-09-18 22:00:00,92.34304505323549
1997-09-19 22:00:00,92.5914529610123
1997-09-22 22:00:00,92.96603675850504
1997-09-23 22:00:00,92.5914529610123
1997-09-24 22:00:00,93.34300277796508
1997-09-25 22:00:00,92.34304505323549
1997-09-26 22:00:00,92.71605064187509
1997-09-29 22:00:00,92.46711798426094
1997-09-30 22:00:00,92.21923351134976
1997-10-01 22:00:00,93.21708163742008
1997-10-02 22:00:00,93.4691906110134
1997-10-03 22:00:00,93.59564580769234
1997-10-06 22:00:00,93.97662231844028
1997-10-07 22:00:00,94.36002943983269
1997-10-08 22:00:00,92.71605064187509
1997-10-09 22:00:00,92.5914529610123
1997-10-10 22:00:00,91.8493606815507
1997-10-14 22:00:00,92.84091168703938
1997-10-15 22:00:00,92.46711798426094
1997-10-16 22:00:00,92.46711798426094
1997-10-17 22:00:00,91.8493606815507
1997-10-20 22:00:00,92.09568270381172
1997-10-21 22:00:00,92.09568270381172
1997-10-22 22:00:00,92.21923351134976
1997-10-23 22:00:00,93.21708163742008
1997-10-24 22:00:00,93.59564580769234
1997-10-27 22:00:00,94.36002943983269
1997-10-28 22:00:00,93.7223690409708
1997-10-29 22:00:00,94.48837512884327
1997-10-30 22:00:00,95.26420219258785
1997-10-31 22:00:00,95.52501944074932
1997-11-03 22:00:00,94.7458855929245
1997-11-04 22:00:00,94.2319558642027
1997-11-05 22:00:00,94.36002943983269
1997-11-06 22:00:00,95.52501944074932
1997-11-07 22:00:00,95.65584524784526
1997-11-10 22:00:00,95.52501944074932
1997-11-12 22:00:00,95.78695011386304
1997-11-13 22:00:00,96.049999845004
1997-11-14 22:00:00,96.31417429828268
1997-11-17 22:00:00,96.57947916902478
1997-11-18 22:00:00,96.57947916902478
1997-11-19 22:00:00,97.11350310136748
1997-11-20 22:00:00,96.84592018395266
1997-11-21 22:00:00,96.9795685437168
1997-11-24 22:00:00,96.44668507428864
1997-11-25 22:00:00,96.71255729931394
1997-11-26 22:00:00,96.71255729931394
1997-11-28 22:00:00,96.9795685437168
1997-12-01 22:00:00,96.9795685437168
1997-12-02 22:00:00,97.11350310136748
1997-12-03 22:00:00,97.24772458165654
1997-12-04 22:00:00,96.9795685437168
1997-12-05 22:00:00,96.31417429828268
1997-12-08 22:00:00,95.65584524784526
1997-12-09 22:00:00,95.65584524784526
1997-12-10 22:00:00,96.181946126152
1997-12-11 22:00:00,97.24772458165654
1997-12-12 22:00:00,98.3319132707617
1997-12-15 22:00:00,97.92316132908576
1997-12-16 22:00:00,98.0591196772146
1997-12-17 22:00:00,97.65211783585792
1997-12-18 22:00:00,98.3319132707617
1997-12-19 22:00:00,98.6058810101732
1997-12-22 22:00:00,99.0190472069798
1997-12-23 22:00:00,98.8810288635316
1997-12-24 22:00:00,98.74330704831776
1997-12-26 22:00:00,98.8810288635316
1997-12-29 22:00:00,98.46875
1997-12-30 22:00:00,97.78749429423988
1997-12-31 22:00:00,98.46875
1998-01-02 22:00:00,99.4348889495175
1998-01-05 22:00:00,101.12542293535614
1998-01-06 22:00:00,101.26828959941004
1998-01-07 22:00:00,100.27468104187774
1998-01-08 22:00:00,100.98286510428606
1998-01-09 22:00:00,101.55495257761817
1998-01-12 22:00:00,101.69875047279852
1998-01-13 22:00:00,101.55495257761817
1998-01-14 22:00:00,101.12542293535614
1998-01-15 22:00:00,101.12542293535614
1998-01-16 22:00:00,100.13395979779872
1998-01-20 22:00:00,99.85342668783434
1998-01-21 22:00:00,100.13395979779872
1998-01-22 22:00:00,99.57410095911096
1998-01-23 22:00:00,97.78749429423988
1998-01-26 22:00:00,98.8810288635316
1998-01-27 22:00:00,98.19537007747716
1998-01-28 22:00:00,98.3319132707617
1998-01-29 22:00:00,99.57410095911096
1998-01-30 22:00:00,99.99354193646528
1998-02-02 22:00:00,99.29597649361229
1998-02-03 22:00:00,99.4348889495175
1998-02-04 22:00:00,99.29597649361229
1998-02-05 22:00:00,98.6058810101732
1998-02-06 22:00:00,98.6058810101732
1998-02-09 22:00:00,98.3319132707617
1998-02-10 22:00:00,98.46875
1998-02-11 22:00:00,99.4348889495175
1998-02-12 22:00:00,99.29597649361229
1998-02-13 22:00:00,99.57410095911096
1998-02-17 22:00:00,100.27468104187774
1998-02-18 22:00:00,99.71361328398469
1998-02-19 22:00:00,99.57410095911096
1998-02-20 22:00:00,99.29597649361229
1998-02-23 22:00:00,98.74330704831776
1998-02-24 22:00:00,97.92316132908576
1998-02-25 22:00:00,98.46875
1998-02-26 22:00:00,98.19537007747716
1998-02-27 22:00:00,98.6058810101732
1998-03-02 22:00:00,97.11350310136748
1998-03-03 22:00:00,96.57947916902478
1998-03-04 22:00:00,96.84592018395266
1998-03-05 22:00:00,96.57947916902478
1998-03-06 22:00:00,97.24772458165654
1998-03-09 22:00:00,97.92316132908576
1998-03-10 22:00:00,97.92316132908576
1998-03-11 22:00:00,98.46875
1998-03-12 22:00:00,99.29597649361229
1998-03-13 22:00:00,99.0190472069798
1998-03-16 22:00:00,99.4348889495175
1998-03-17 22:00:00,99.0190472069798
1998-03-18 22:00:00,98.74330704831776
1998-03-19 22:00:00,98.8810288635316
1998-03-20 22:00:00,99.0190472069798
1998-03-23 22:00:00,99.15736283190076
1998-03-24 22:00:00,99.15736283190076
1998-03-25 22:00:00,98.3319132707617
1998-03-26 22:00:00,98.0591196772146
1998-03-27 22:00:00,98.0591196772146
1998-03-30 22:00:00,97.78749429423988
1998-03-31 22:00:00,98.3319132707617
1998-04-01 22:00:00,98.8810288635316
1998-04-02 22:00:00,99.57410095911096
1998-04-03 22:00:00,100.55703676909236
1998-04-06 22:00:00,99.99354193646528
1998-04-07 22:00:00,99.71361328398469
1998-04-08 22:00:00,98.8810288635316
1998-04-09 22:00:00,99.15736283190076
1998-04-13 22:00:00,98.3319132707617
1998-04-14 22:00:00,98.74330704831776
1998-04-15 22:00:00,99.0190472069798
1998-04-16 22:00:00,99.29597649361229
1998-04-17 22:00:00,99.15736283190076
1998-04-20 22:00:00,98.6058810101732
1998-04-21 22:00:00,98.0591196772146
1998-04-22 22:00:00,98.0591196772146
1998-04-23 22:00:00,97.78749429423988
1998-04-24 22:00:00,98.19537007747716
1998-04-27 22:00:00,96.57947916902478
1998-04-28 22:00:00,96.57947916902478
1998-04-29 22:00:00,96.44668507428864
1998-04-30 22:00:00,98.19537007747716
1998-05-01 22:00:00,98.3319132707617
1998-05-04 22:00:00,98.3319132707617
1998-05-05 22:00:00,97.78749429423988
1998-05-06 22:00:00,98.3319132707617
1998-05-07 22:00:00,98.19537007747716
1998-05-08 22:00:00,97.78749429423988
1998-05-11 22:00:00,96.9795685437168
1998-05-12 22:00:00,98.0591196772146
1998-05-13 22:00:00,98.19537007747716
1998-05-14 22:00:00,97.78749429423988
1998-05-15 22:00:00,97.92316132908576
1998-05-18 22:00:00,98.6058810101732
1998-05-19 22:00:00,98.3319132707617
1998-05-20 22:00:00,99.0190472069798
1998-05-21 22:00:00,98.46875
1998-05-22 22:00:00,98.8810288635316
1998-05-26 22:00:00,99.57410095911096
1998-05-27 22:00:00,99.85342668783434
1998-05-28 22:00:00,99.85342668783434
1998-05-29 22:00:00,100.13395979779872
1998-06-01 22:00:00,100.55703676909236
1998-06-02 22:00:00,100.27468104187774
1998-06-03 22:00:00,100.27468104187774
1998-06-04 22:00:00,99.99354193646528
1998-06-05 22:00:00,100.41570644087372
1998-06-08 22:00:00,100.41570644087372
1998-06-09 22:00:00,100.41570644087372
1998-06-10 22:00:00,101.69875047279852
1998-06-11 22:00:00,102.42243582739393
1998-06-12 22:00:00,102.27706997496684
1998-06-15 22:00:00,103.00706729021144
1998-06-16 22:00:00,102.42243582739393
1998-06-17 22:00:00,101.12542293535614
1998-06-18 22:00:00,101.69875047279852
1998-06-19 22:00:00,102.13201931480978
1998-06-22 22:00:00,102.27706997496684
1998-06-23 22:00:00,102.56811767693738
1998-06-24 22:00:00,102.27706997496684
1998-06-25 22:00:00,102.27706997496684
1998-06-26 22:00:00,102.56811767693738
1998-06-29 22:00:00,102.42243582739393
1998-06-30 22:00:00,102.86043259791316
1998-07-01 22:00:00,102.7141163306732
1998-07-02 22:00:00,103.15402122137122
1998-07-06 22:00:00,103.59680661992218
1998-07-07 22:00:00,103.15402122137122
1998-07-08 22:00:00,102.7141163306732
1998-07-09 22:00:00,103.15402122137122
1998-07-10 22:00:00,102.7141163306732
1998-07-13 22:00:00,101.98728304429908
1998-07-14 22:00:00,101.41146588369044
1998-07-15 22:00:00,101.69875047279852
1998-07-16 22:00:00,101.41146588369044
1998-07-17 22:00:00,100.98286510428606
1998-07-20 22:00:00,101.55495257761817
1998-07-21 22:00:00,102.13201931480978
1998-07-22 22:00:00,101.98728304429908
1998-07-23 22:00:00,102.27706997496684
1998-07-24 22:00:00,101.98728304429908
1998-07-27 22:00:00,101.69875047279852
1998-07-28 22:00:00,101.12542293535614
1998-07-29 22:00:00,100.6986728029798
1998-07-30 22:00:00,101.26828959941004
1998-07-31 22:00:00,101.41146588369044
1998-08-03 22:00:00,102.13201931480978
1998-08-04 22:00:00,102.42243582739393
1998-08-05 22:00:00,102.27706997496684
1998-08-06 22:00:00,102.13201931480978
1998-08-07 22:00:00,102.7141163306732
1998-08-10 22:00:00,102.7141163306732
1998-08-11 22:00:00,103.15402122137122
1998-08-12 22:00:00,102.86043259791316
1998-08-13 22:00:00,103.15402122137122
1998-08-14 22:00:00,103.89360810145358
1998-08-17 22:00:00,103.74504568976738
1998-08-18 22:00:00,103.74504568976738
1998-08-19 22:00:00,103.74504568976738
1998-08-20 22:00:00,104.341243673391
1998-08-21 22:00:00,105.24535747676477
1998-08-24 22:00:00,104.94266834938465
1998-08-25 22:00:00,105.54937348762898
1998-08-26 22:00:00,105.54937348762898
1998-08-27 22:00:00,106.4694511608391
1998-08-28 22:00:00,106.62397746726336
1998-08-31 22:00:00,107.71521556617635
1998-09-01 22:00:00,107.08959665067334
1998-09-02 22:00:00,107.08959665067334
1998-09-03 22:00:00,107.5582946232119
1998-09-04 22:00:00,107.87248212793212
1998-09-08 22:00:00,107.08959665067334
1998-09-09 22:00:00,108.0300951978171
1998-09-10 22:00:00,109.6254812777171
1998-09-11 22:00:00,108.82338946972448
1998-09-14 22:00:00,108.82338946972448
1998-09-15 22:00:00,108.50502238680806
1998-09-16 22:00:00,108.82338946972448
1998-09-17 22:00:00,109.6254812777171
1998-09-18 22:00:00,110.11100653270825
1998-09-21 22:00:00,110.5997648025176
1998-09-22 22:00:00,109.94880679092697
1998-09-23 22:00:00,109.94880679092697
1998-09-24 22:00:00,110.11100653270825
1998-09-25 22:00:00,110.43648460996435
1998-09-28 22:00:00,110.11100653270825
1998-09-29 22:00:00,110.92741215761627
1998-09-30 22:00:00,112.92412774514383
1998-10-01 22:00:00,114.28519729004424
1998-10-02 22:00:00,115.14828775088591
1998-10-05 22:00:00,117.7962981436741
1998-10-06 22:00:00,116.9037105449136
1998-10-07 22:00:00,115.49623428986706
1998-10-08 22:00:00,112.7556933442466
1998-10-09 22:00:00,110.43648460996435
1998-10-13 22:00:00,110.92741215761627
1998-10-14 22:00:00,112.58763331612276
1998-10-15 22:00:00,112.25263251348038
1998-10-16 22:00:00,113.26212354619032
1998-10-19 22:00:00,112.92412774514383
1998-10-20 22:00:00,111.58708102008276
1998-10-21 22:00:00,111.25651505261852
1998-10-22 22:00:00,110.43648460996435
1998-10-23 22:00:00,109.94880679092697
1998-10-26 22:00:00,110.43648460996435
1998-10-27 22:00:00,111.25651505261852
1998-10-28 22:00:00,110.43648460996435
1998-10-29 22:00:00,111.09178119282882
1998-10-30 22:00:00,110.11100653270825
1998-11-02 22:00:00,108.82338946972448
1998-11-03 22:00:00,108.98310040363788
1998-11-04 22:00:00,107.08959665067334
1998-11-05 22:00:00,107.87248212793212
1998-11-06 22:00:00,106.62397746726336
1998-11-09 22:00:00,108.0300951978171
1998-11-10 22:00:00,108.18805566764507
1998-11-12 22:00:00,108.50502238680806
1998-11-13 22:00:00,108.34636443171291
1998-11-16 22:00:00,108.0300951978171
1998-11-17 22:00:00,107.71521556617635
1998-11-18 22:00:00,108.50502238680806
1998-11-19 22:00:00,108.50502238680806
1998-11-20 22:00:00,108.98310040363788
1998-11-23 22:00:00,108.50502238680806
1998-11-24 22:00:00,108.82338946972448
1998-11-25 22:00:00,109.46435366466272
1998-11-27 22:00:00,109.94880679092697
1998-11-30 22:00:00,111.25651505261852
1998-12-01 22:00:00,111.58708102008276
1998-12-02 22:00:00,112.08568981333354
1998-12-03 22:00:00,112.25263251348038
1998-12-04 22:00:00,111.75291502142322
1998-12-07 22:00:00,111.75291502142322
1998-12-08 22:00:00,112.58763331612276
1998-12-09 22:00:00,113.09293748836984
1998-12-10 22:00:00,113.43168689359
1998-12-11 22:00:00,112.25263251348038
1998-12-14 22:00:00,112.7556933442466
1998-12-15 22:00:00,112.08568981333354
1998-12-16 22:00:00,112.41994669391993
1998-12-17 22:00:00,112.41994669391993
1998-12-18 22:00:00,112.41994669391993
1998-12-21 22:00:00,111.4216146798655
1998-12-22 22:00:00,110.43648460996435
1998-12-23 22:00:00,109.30358159049104
1998-12-24 22:00:00,108.82338946972448
1998-12-28 22:00:00,109.7869653466282
1998-12-29 22:00:00,110.5997648025176
1998-12-30 22:00:00,111.09178119282882
1998-12-31 22:00:00,111.09178119282882
1999-01-04 22:00:00,110.11100653270825
1999-01-05 22:00:00,109.14316414077712
1999-01-06 22:00:00,109.7869653466282
1999-01-07 22:00:00,108.82338946972448
1999-01-08 22:00:00,108.34636443171291
1999-01-11 22:00:00,107.87248212793212
1999-01-12 22:00:00,108.82338946972448
1999-01-13 22:00:00,109.94880679092697
1999-01-14 22:00:00,111.4216146798655
1999-01-15 22:00:00,110.92741215761627
1999-01-19 22:00:00,110.27356549663882
1999-01-20 22:00:00,109.6254812777171
1999-01-21 22:00:00,110.27356549663882
1999-01-22 22:00:00,111.09178119282882
1999-01-25 22:00:00,110.5997648025176
1999-01-26 22:00:00,110.5997648025176
1999-01-27 22:00:00,110.27356549663882
1999-01-28 22:00:00,110.76340700672526
1999-01-29 22:00:00,111.09178119282882
1999-02-01 22:00:00,109.46435366466272
1999-02-02 22:00:00,108.66403043221528
1999-02-03 22:00:00,108.50502238680806
1999-02-04 22:00:00,107.71521556617635
1999-02-05 22:00:00,107.08959665067334
1999-02-08 22:00:00,106.93404933875996
1999-02-09 22:00:00,107.24548604864108
1999-02-10 22:00:00,107.08959665067334
1999-02-11 22:00:00,107.87248212793212
1999-02-12 22:00:00,105.85472319696702
1999-02-16 22:00:00,106.93404933875996
1999-02-17 22:00:00,107.40171841216936
1999-02-18 22:00:00,106.62397746726336
1999-02-19 22:00:00,106.4694511608391
1999-02-22 22:00:00,106.77884323583444
1999-02-23 22:00:00,105.85472319696702
1999-02-24 22:00:00,104.49110774977667
1999-02-25 22:00:00,103.00706729021144
1999-02-26 22:00:00,103.59680661992218
1999-03-01 22:00:00,102.13201931480978
1999-03-02 22:00:00,102.7141163306732
1999-03-03 22:00:00,101.98728304429908
1999-03-04 22:00:00,101.84286036302768
1999-03-05 22:00:00,103.15402122137122
1999-03-08 22:00:00,103.15402122137122
1999-03-09 22:00:00,104.04249468241584
1999-03-10 22:00:00,103.74504568976738
1999-03-11 22:00:00,103.59680661992218
1999-03-12 22:00:00,104.04249468241584
1999-03-15 22:00:00,104.49110774977667
1999-03-16 22:00:00,104.94266834938465
1999-03-17 22:00:00,104.49110774977667
1999-03-18 22:00:00,104.79181924763094
1999-03-19 22:00:00,104.19170626238429
1999-03-22 22:00:00,103.59680661992218
1999-03-23 22:00:00,103.59680661992218
1999-03-24 22:00:00,104.04249468241584
1999-03-25 22:00:00,103.30129520745103
1999-03-26 22:00:00,103.00706729021144
1999-03-29 22:00:00,102.42243582739393
1999-03-30 22:00:00,103.30129520745103
1999-03-31 22:00:00,102.7141163306732
1999-04-01 22:00:00,102.13201931480978
1999-04-02 22:00:00,103.30129520745103
1999-04-05 22:00:00,103.30129520745103
1999-04-06 22:00:00,104.341243673391
1999-04-07 22:00:00,104.49110774977667
1999-04-08 22:00:00,105.54937348762898
1999-04-09 22:00:00,105.24535747676477
1999-04-12 22:00:00,105.39719919671064
1999-04-13 22:00:00,104.6412993281973
1999-04-14 22:00:00,104.49110774977667
1999-04-15 22:00:00,104.19170626238429
1999-04-16 22:00:00,103.59680661992218
1999-04-19 22:00:00,103.89360810145358
1999-04-20 22:00:00,104.341243673391
1999-04-21 22:00:00,104.341243673391
1999-04-22 22:00:00,103.00706729021144
1999-04-23 22:00:00,103.15402122137122
1999-04-26 22:00:00,103.59680661992218
1999-04-27 22:00:00,103.89360810145358
1999-04-28 22:00:00,103.4488900667716
1999-04-29 22:00:00,104.19170626238429
1999-04-30 22:00:00,101.98728304429908
1999-05-03 22:00:00,102.13201931480978
1999-05-04 22:00:00,101.41146588369044
1999-05-05 22:00:00,101.55495257761817
1999-05-06 22:00:00,100.27468104187774
1999-05-07 22:00:00,99.99354193646528
1999-05-10 22:00:00,100.41570644087372
1999-05-11 22:00:00,99.57410095911096
1999-05-12 22:00:00,99.85342668783434
1999-05-13 22:00:00,100.98286510428606
1999-05-14 22:00:00,98.6058810101732
1999-05-17 22:00:00,98.74330704831776
1999-05-18 22:00:00,98.8810288635316
1999-05-19 22:00:00,100.13395979779872
1999-05-20 22:00:00,99.85342668783434
1999-05-21 22:00:00,100.55703676909236
1999-05-24 22:00:00,100.6986728029798
1999-05-25 22:00:00,100.84061532112904
1999-05-26 22:00:00,100.27468104187774
1999-05-27 22:00:00,99.57410095911096
1999-05-28 22:00:00,99.71361328398469
1999-06-01 22:00:00,98.3319132707617
1999-06-02 22:00:00,98.3319132707617
1999-06-03 22:00:00,98.0591196772146
1999-06-04 22:00:00,97.92316132908576
1999-06-07 22:00:00,97.92316132908576
1999-06-08 22:00:00,97.51703121914665
1999-06-09 22:00:00,97.24772458165654
1999-06-10 22:00:00,96.84592018395266
1999-06-11 22:00:00,95.78695011386304
1999-06-14 22:00:00,96.049999845004
1999-06-15 22:00:00,96.049999845004
1999-06-16 22:00:00,96.44668507428864
1999-06-17 22:00:00,98.19537007747716
1999-06-18 22:00:00,97.78749429423988
1999-06-21 22:00:00,97.11350310136748
1999-06-22 22:00:00,96.57947916902478
1999-06-23 22:00:00,95.78695011386304
1999-06-24 22:00:00,95.26420219258785
1999-06-25 22:00:00,95.39447198940934
1999-06-28 22:00:00,96.181946126152
1999-06-29 22:00:00,96.57947916902478
1999-06-30 22:00:00,97.78749429423988
1999-07-01 22:00:00,97.24772458165654
1999-07-02 22:00:00,97.51703121914665
1999-07-06 22:00:00,96.84592018395266
1999-07-07 22:00:00,96.44668507428864
1999-07-08 22:00:00,97.38223371133256
1999-07-09 22:00:00,97.38223371133256
1999-07-12 22:00:00,98.6058810101732
1999-07-13 22:00:00,98.8810288635316
1999-07-14 22:00:00,98.6058810101732
1999-07-15 22:00:00,98.74330704831776
1999-07-16 22:00:00,98.8810288635316
1999-07-19 22:00:00,98.8810288635316
1999-07-20 22:00:00,99.0190472069798
1999-07-21 22:00:00,98.74330704831776
1999-07-22 22:00:00,97.92316132908576
1999-07-23 22:00:00,97.24772458165654
1999-07-26 22:00:00,96.9795685437168
1999-07-27 22:00:00,97.38223371133256
1999-07-28 22:00:00,97.38223371133256
1999-07-29 22:00:00,96.57947916902478
1999-07-30 22:00:00,96.049999845004
1999-08-02 22:00:00,95.78695011386304
1999-08-03 22:00:00,95.52501944074932
1999-08-04 22:00:00,95.91833474390272
1999-08-05 22:00:00,96.84592018395266
1999-08-06 22:00:00,95.39447198940934
1999-08-09 22:00:00,94.48837512884327
1999-08-10 22:00:00,94.2319558642027
1999-08-11 22:00:00,94.61699361724294
1999-08-12 22:00:00,95.1342093509703
1999-08-13 22:00:00,96.31417429828268
1999-08-16 22:00:00,96.181946126152
1999-08-17 22:00:00,97.24772458165654
1999-08-18 22:00:00,97.38223371133256
1999-08-19 22:00:00,97.11350310136748
1999-08-20 22:00:00,97.65211783585792
1999-08-23 22:00:00,97.78749429423988
1999-08-24 22:00:00,98.19537007747716
1999-08-25 22:00:00,99.29597649361229
1999-08-26 22:00:00,99.15736283190076
1999-08-27 22:00:00,98.0591196772146
1999-08-30 22:00:00,96.57947916902478
1999-08-31 22:00:00,96.57947916902478
1999-09-01 22:00:00,96.44668507428864
1999-09-02 22:00:00,95.52501944074932
1999-09-03 22:00:00,97.11350310136748
1999-09-07 22:00:00,96.57947916902478
1999-09-08 22:00:00,96.57947916902478
1999-09-09 22:00:00,96.181946126152
1999-09-10 22:00:00,97.11350310136748
1999-09-13 22:00:00,96.71255729931394
1999-09-14 22:00:00,96.049999845004
1999-09-15 22:00:00,96.049999845004
1999-09-16 22:00:00,96.44668507428864
1999-09-17 22:00:00,96.84592018395266
1999-09-20 22:00:00,96.44668507428864
1999-09-21 22:00:00,96.181946126152
1999-09-22 22:00:00,96.181946126152
1999-09-23 22:00:00,96.84592018395266
1999-09-24 22:00:00,98.19537007747716
1999-09-27 22:00:00,97.24772458165654
1999-09-28 22:00:00,96.57947916902478
1999-09-29 22:00:00,95.78695011386304
1999-09-30 22:00:00,96.71255729931394
1999-10-01 22:00:00,95.52501944074932
1999-10-04 22:00:00,96.181946126152
1999-10-05 22:00:00,95.26420219258785
1999-10-06 22:00:00,95.26420219258785
1999-10-07 22:00:00,95.0044927671597
1999-10-08 22:00:00,94.87505174567076
1999-10-12 22:00:00,94.48837512884327
1999-10-13 22:00:00,93.7223690409708
1999-10-14 22:00:00,93.34300277796508
1999-10-15 22:00:00,94.10415371782386
1999-10-18 22:00:00,93.59564580769234
1999-10-19 22:00:00,92.96603675850504
1999-10-20 22:00:00,93.0914265200869
1999-10-21 22:00:00,92.84091168703938
1999-10-22 22:00:00,92.84091168703938
1999-10-25 22:00:00,92.84091168703938
1999-10-26 22:00:00,92.5914529610123
1999-10-27 22:00:00,93.21708163742008
1999-10-28 22:00:00,94.2319558642027
1999-10-29 22:00:00,95.39447198940934
1999-11-01 22:00:00,95.0044927671597
1999-11-02 22:00:00,95.52501944074932
1999-11-03 22:00:00,95.65584524784526
1999-11-04 22:00:00,96.31417429828268
1999-11-05 22:00:00,96.84592018395266
1999-11-08 22:00:00,96.71255729931394
1999-11-09 22:00:00,96.57947916902478
1999-11-10 22:00:00,96.31417429828268
1999-11-12 22:00:00,97.11350310136748
1999-11-15 22:00:00,96.9795685437168
1999-11-16 22:00:00,96.71255729931394
1999-11-17 22:00:00,95.78695011386304
1999-11-18 22:00:00,95.26420219258785
1999-11-19 22:00:00,95.26420219258785
1999-11-22 22:00:00,94.87505174567076
1999-11-23 22:00:00,94.87505174567076
1999-11-24 22:00:00,94.61699361724294
1999-11-26 22:00:00,94.36002943983269
1999-11-29 22:00:00,93.4691906110134
1999-11-30 22:00:00,93.7223690409708
1999-12-01 22:00:00,93.59564580769234
1999-12-02 22:00:00,93.4691906110134
1999-12-03 22:00:00,93.97662231844028
1999-12-06 22:00:00,94.2319558642027
1999-12-07 22:00:00,94.7458855929245
1999-12-08 22:00:00,94.48837512884327
1999-12-09 22:00:00,94.61699361724294
1999-12-10 22:00:00,95.26420219258785
1999-12-13 22:00:00,94.87505174567076
1999-12-14 22:00:00,93.4691906110134
1999-12-15 22:00:00,93.0914265200869
1999-12-16 22:00:00,92.46711798426094
1999-12-17 22:00:00,92.5914529610123
1999-12-20 22:00:00,91.8493606815507
1999-12-21 22:00:00,91.60407378380388
1999-12-22 22:00:00,91.4818168885596
1999-12-23 22:00:00,91.35981683630035
1999-12-27 22:00:00,91.60407378380388
1999-12-28 22:00:00,91.35981683630035
1999-12-29 22:00:00,91.72658816616814
1999-12-30 22:00:00,91.97239197761844
1999-12-31 22:00:00,91.35981683630035
2000-01-03 22:00:00,89.79689896533688
2000-01-04 22:00:00,90.75364679785628
2000-01-05 22:00:00,89.44222778883683
2000-01-06 22:00:00,90.15380221891236
2000-01-07 22:00:00,90.5129543347073
2000-01-10 22:00:00,90.03458542586434
2000-01-11 22:00:00,88.97277625136844
2000-01-12 22:00:00,88.62324874538183
2000-01-13 22:00:00,89.32449719905463
2000-01-14 22:00:00,88.85602417631216
2000-01-18 22:00:00,88.16059587922473
2000-01-19 22:00:00,88.50722418125879
2000-01-20 22:00:00,88.2758983473889
2000-01-21 22:00:00,88.62324874538183
2000-01-24 22:00:00,89.32449719905463
2000-01-25 22:00:00,89.44222778883683
2000-01-26 22:00:00,89.91561788189489
2000-01-27 22:00:00,90.75364679785628
2000-01-28 22:00:00,91.72658816616814
2000-01-31 22:00:00,91.23807298464952
2000-02-01 22:00:00,91.97239197761844
2000-02-02 22:00:00,93.34300277796508
2000-02-03 22:00:00,95.26420219258785
2000-02-04 22:00:00,94.48837512884327
2000-02-07 22:00:00,93.0914265200869
2000-02-08 22:00:00,94.61699361724294
2000-02-09 22:00:00,93.34300277796508
2000-02-10 22:00:00,92.96603675850504
2000-02-11 22:00:00,93.7223690409708
2000-02-14 22:00:00,94.61699361724294
2000-02-15 22:00:00,94.10415371782386
2000-02-16 22:00:00,93.97662231844028
2000-02-17 22:00:00,94.48837512884327
2000-02-18 22:00:00,95.39447198940934
2000-02-22 22:00:00,96.44668507428864
2000-02-23 22:00:00,95.65584524784526
2000-02-24 22:00:00,95.78695011386304
2000-02-25 22:00:00,95.26420219258785
2000-02-28 22:00:00,95.39447198940934
2000-02-29 22:00:00,95.52501944074932
2000-03-01 22:00:00,95.39447198940934
2000-03-02 22:00:00,95.52501944074932
2000-03-03 22:00:00,95.78695011386304
2000-03-06 22:00:00,95.39447198940934
2000-03-07 22:00:00,95.39447198940934
2000-03-08 22:00:00,95.26420219258785
2000-03-09 22:00:00,95.39447198940934
2000-03-10 22:00:00,95.0044927671597
2000-03-13 22:00:00,95.26420219258785
2000-03-14 22:00:00,96.049999845004
2000-03-15 22:00:00,96.57947916902478
2000-03-16 22:00:00,96.84592018395266
2000-03-17 22:00:00,97.38223371133256
2000-03-20 22:00:00,97.65211783585792
2000-03-21 22:00:00,97.92316132908576
2000-03-22 22:00:00,97.92316132908576
2000-03-23 22:00:00,98.6058810101732
2000-03-24 22:00:00,97.51703121914665
2000-03-27 22:00:00,97.65211783585792
2000-03-28 22:00:00,97.78749429423988
2000-03-29 22:00:00,97.65211783585792
2000-03-30 22:00:00,99.0190472069798
2000-03-31 22:00:00,99.71361328398469
2000-04-03 22:00:00,99.71361328398469
2000-04-04 22:00:00,100.6986728029798
2000-04-05 22:00:00,100.13395979779872
2000-04-06 22:00:00,100.27468104187774
2000-04-07 22:00:00,101.55495257761817
2000-04-10 22:00:00,101.84286036302768
2000-04-11 22:00:00,100.6986728029798
2000-04-12 22:00:00,99.71361328398469
2000-04-13 22:00:00,100.13395979779872
2000-04-14 22:00:00,100.41570644087372
2000-04-17 22:00:00,98.6058810101732
2000-04-18 22:00:00,98.6058810101732
2000-04-19 22:00:00,99.57410095911096
2000-04-20 22:00:00,99.85342668783434
2000-04-24 22:00:00,99.4348889495175
2000-04-25 22:00:00,98.19537007747716
2000-04-26 22:00:00,98.19537007747716
2000-04-27 22:00:00,97.51703121914665
2000-04-28 22:00:00,97.92316132908576
2000-05-01 22:00:00,97.78749429423988
2000-05-02 22:00:00,97.11350310136748
2000-05-03 22:00:00,96.049999845004
2000-05-04 22:00:00,95.0044927671597
2000-05-05 22:00:00,94.87505174567076
2000-05-08 22:00:00,94.2319558642027
2000-05-09 22:00:00,94.61699361724294
2000-05-10 22:00:00,95.1342093509703
2000-05-11 22:00:00,95.39447198940934
2000-05-12 22:00:00,94.87505174567076
2000-05-15 22:00:00,95.26420219258785
2000-05-16 22:00:00,95.91833474390272
2000-05-17 22:00:00,95.1342093509703
2000-05-18 22:00:00,94.36002943983269
2000-05-19 22:00:00,94.61699361724294
2000-05-22 22:00:00,95.1342093509703
2000-05-23 22:00:00,95.26420219258785
2000-05-24 22:00:00,95.0044927671597
2000-05-25 22:00:00,96.049999845004
2000-05-26 22:00:00,96.71255729931394
2000-05-30 22:00:00,96.31417429828268
2000-05-31 22:00:00,97.24772458165654
2000-06-01 22:00:00,98.19537007747716
2000-06-02 22:00:00,98.3319132707617
2000-06-05 22:00:00,98.74330704831776
2000-06-06 22:00:00,98.74330704831776
2000-06-07 22:00:00,99.0190472069798
2000-06-08 22:00:00,99.0190472069798
2000-06-09 22:00:00,99.0190472069798
2000-06-12 22:00:00,99.15736283190076
2000-06-13 22:00:00,98.3319132707617
2000-06-14 22:00:00,98.74330704831776
2000-06-15 22:00:00,98.46875
2000-06-16 22:00:00,99.15736283190076
2000-06-19 22:00:00,99.0190472069798
2000-06-20 22:00:00,98.8810288635316
2000-06-21 22:00:00,98.0591196772146
2000-06-22 22:00:00,97.78749429423988
2000-06-23 22:00:00,96.9795685437168
2000-06-26 22:00:00,97.65211783585792
2000-06-27 22:00:00,98.19537007747716
2000-06-28 22:00:00,97.92316132908576
2000-06-29 22:00:00,99.15736283190076
2000-06-30 22:00:00,98.8810288635316
2000-07-03 22:00:00,99.29597649361229
2000-07-05 22:00:00,99.4348889495175
2000-07-06 22:00:00,98.74330704831776
2000-07-07 22:00:00,99.29597649361229
2000-07-10 22:00:00,99.15736283190076
2000-07-11 22:00:00,99.0190472069798
2000-07-12 22:00:00,99.0190472069798
2000-07-13 22:00:00,100.13395979779872
2000-07-14 22:00:00,99.15736283190076
2000-07-17 22:00:00,98.46875
2000-07-18 22:00:00,98.6058810101732
2000-07-19 22:00:00,98.6058810101732
2000-07-20 22:00:00,100.13395979779872
2000-07-21 22:00:00,100.41570644087372
2000-07-24 22:00:00,100.13395979779872
2000-07-25 22:00:00,100.13395979779872
2000-07-26 22:00:00,99.99354193646528
2000-07-27 22:00:00,100.55703676909236
2000-07-28 22:00:00,100.55703676909236
2000-07-31 22:00:00,100.41570644087372
2000-08-01 22:00:00,101.12542293535614
2000-08-02 22:00:00,100.6986728029798
2000-08-03 22:00:00,101.12542293535614
2000-08-04 22:00:00,101.41146588369044
2000-08-07 22:00:00,100.84061532112904
2000-08-08 22:00:00,101.26828959941004
2000-08-09 22:00:00,101.26828959941004
2000-08-10 22:00:00,101.98728304429908
2000-08-11 22:00:00,101.41146588369044
2000-08-14 22:00:00,101.69875047279852
2000-08-15 22:00:00,101.41146588369044
2000-08-16 22:00:00,101.26828959941004
2000-08-17 22:00:00,101.41146588369044
2000-08-18 22:00:00,101.84286036302768
2000-08-21 22:00:00,101.55495257761817
2000-08-22 22:00:00,101.55495257761817
2000-08-23 22:00:00,101.98728304429908
2000-08-24 22:00:00,102.13201931480978
2000-08-25 22:00:00,102.13201931480978
2000-08-28 22:00:00,101.41146588369044
2000-08-29 22:00:00,100.98286510428606
2000-08-30 22:00:00,101.12542293535614
2000-08-31 22:00:00,102.13201931480978
2000-09-01 22:00:00,102.13201931480978
2000-09-05 22:00:00,102.13201931480978
2000-09-06 22:00:00,101.55495257761817
2000-09-07 22:00:00,101.41146588369044
2000-09-08 22:00:00,101.69875047279852
2000-09-11 22:00:00,101.26828959941004
2000-09-12 22:00:00,100.84061532112904
2000-09-13 22:00:00,101.26828959941004
2000-09-14 22:00:00,100.13395979779872
2000-09-15 22:00:00,98.8810288635316
2000-09-18 22:00:00,98.0591196772146
2000-09-19 22:00:00,98.6058810101732
2000-09-20 22:00:00,97.92316132908576
2000-09-21 22:00:00,98.46875
2000-09-22 22:00:00,98.125
2000-09-25 22:00:00,98.375
2000-09-26 22:00:00,98.84375
2000-09-27 22:00:00,98.375
2000-09-28 22:00:00,98.5625
2000-09-29 22:00:00,98.625
2000-10-02 22:00:00,98.1875
2000-10-03 22:00:00,97.90625
2000-10-04 22:00:00,97.875
2000-10-05 22:00:00,98.375
2000-10-06 22:00:00,99.09375
2000-10-09 22:00:00,98.875
2000-10-10 22:00:00,99.375
2000-10-11 22:00:00,99.25
2000-10-12 22:00:00,99.53125
2000-10-13 22:00:00,99.4375
2000-10-16 22:00:00,99.375
2000-10-17 22:00:00,100.03130340576172
2000-10-18 22:00:00,100.0
2000-10-19 22:00:00,100.3125
2000-10-20 22:00:00,100.65630340576172
2000-10-23 22:00:00,101.21880340576172
2000-10-24 22:00:00,100.8125
2000-10-25 22:00:00,100.34380340576172
2000-10-26 22:00:00,100.5
2000-10-27 22:00:00,100.4375
2000-10-30 22:00:00,100.25
2000-10-31 22:00:00,99.78125
2000-11-01 22:00:00,100.03130340576172
2000-11-02 22:00:00,99.9375
2000-11-03 22:00:00,99.09375
2000-11-06 22:00:00,98.75
2000-11-07 22:00:00,98.78125
2000-11-08 22:00:00,99.125
2000-11-09 22:00:00,99.28125
2000-11-10 22:00:00,99.3125
2000-11-13 22:00:00,99.65625
2000-11-14 22:00:00,99.96875
2000-11-15 22:00:00,100.4375
2000-11-16 22:00:00,100.8125
2000-11-17 22:00:00,100.375
2000-11-20 22:00:00,100.5625
2000-11-21 22:00:00,100.875
2000-11-22 22:00:00,101.8125
2000-11-24 22:00:00,101.53130340576172
2000-11-27 22:00:00,101.28130340576172
2000-11-28 22:00:00,101.5
2000-11-29 22:00:00,101.9375
2000-11-30 22:00:00,102.3125
2000-12-01 22:00:00,102.09380340576172
2000-12-04 22:00:00,101.65630340576172
2000-12-05 22:00:00,102.71880340576172
2000-12-06 22:00:00,103.71880340576172
2000-12-07 22:00:00,103.6875
2000-12-08 22:00:00,103.65630340576172
2000-12-11 22:00:00,103.375
2000-12-12 22:00:00,103.4375
2000-12-13 22:00:00,104.21880340576172
2000-12-14 22:00:00,104.53130340576172
2000-12-15 22:00:00,104.53130340576172
2000-12-18 22:00:00,104.5
2000-12-19 22:00:00,104.21880340576172
2000-12-20 22:00:00,105.40630340576172
2000-12-21 22:00:00,105.28130340576172
2000-12-22 22:00:00,105.40630340576172
2000-12-26 22:00:00,105.375
2000-12-27 22:00:00,104.71880340576172
2000-12-28 22:00:00,104.71880340576172
2000-12-29 22:00:00,104.6875
2001-01-02 22:00:00,106.34380340576172
2001-01-03 22:00:00,104.15630340576172
2001-01-04 22:00:00,104.96880340576172
2001-01-05 22:00:00,105.8125
2001-01-08 22:00:00,105.34380340576172
2001-01-09 22:00:00,105.28130340576172
2001-01-10 22:00:00,104.34380340576172
2001-01-11 22:00:00,103.84380340576172
2001-01-12 22:00:00,102.96880340576172
2001-01-16 22:00:00,103.21880340576172
2001-01-17 22:00:00,104.03130340576172
2001-01-18 22:00:00,104.53130340576172
2001-01-19 22:00:00,103.6875
2001-01-22 22:00:00,103.25
2001-01-23 22:00:00,102.59380340576172
2001-01-24 22:00:00,102.5
2001-01-25 22:00:00,103.1875
2001-01-26 22:00:00,102.75
2001-01-29 22:00:00,102.375
2001-01-30 22:00:00,103.40630340576172
2001-01-31 22:00:00,104.375
2001-02-01 22:00:00,104.875
2001-02-02 22:00:00,104.3125
2001-02-05 22:00:00,104.59380340576172
2001-02-06 22:00:00,104.5
2001-02-07 22:00:00,104.15630340576172
2001-02-08 22:00:00,104.375
2001-02-09 22:00:00,104.90630340576172
2001-02-12 22:00:00,104.4375
2001-02-13 22:00:00,104.375
2001-02-14 22:00:00,103.8125
2001-02-15 22:00:00,103.34380340576172
2001-02-16 22:00:00,103.8125
2001-02-20 22:00:00,103.78130340576172
2001-02-21 22:00:00,103.4375
2001-02-22 22:00:00,103.09380340576172
2001-02-23 22:00:00,103.84380340576172
2001-02-26 22:00:00,104.4375
2001-02-27 22:00:00,105.46880340576172
2001-02-28 22:00:00,105.84380340576172
2001-03-01 22:00:00,105.96880340576172
2001-03-02 22:00:00,105.15630340576172
2001-03-05 22:00:00,105.0625
2001-03-06 22:00:00,105.03130340576172
2001-03-07 22:00:00,105.78130340576172
2001-03-08 22:00:00,105.875
2001-03-09 22:00:00,105.6875
2001-03-12 22:00:00,105.84380340576172
2001-03-13 22:00:00,105.625
2001-03-14 22:00:00,106.53130340576172
2001-03-15 22:00:00,106.75
2001-03-16 22:00:00,106.8125
2001-03-19 22:00:00,106.40630340576172
2001-03-20 22:00:00,106.90630340576172
2001-03-21 22:00:00,106.5625
2001-03-22 22:00:00,106.53130340576172
2001-03-23 22:00:00,105.96880340576172
2001-03-26 22:00:00,105.28130340576172
2001-03-27 22:00:00,104.0625
2001-03-28 22:00:00,104.0625
2001-03-29 22:00:00,103.59380340576172
2001-03-30 22:00:00,104.375
2001-04-02 22:00:00,103.875
2001-04-03 22:00:00,104.03119659423828
2001-04-04 22:00:00,104.15630340576172
2001-04-05 22:00:00,103.59380340576172
2001-04-06 22:00:00,104.625
2001-04-09 22:00:00,104.0625
2001-04-10 22:00:00,102.375
2001-04-11 22:00:00,102.3125
2001-04-12 22:00:00,102.1875
2001-04-16 22:00:00,101.375
2001-04-17 22:00:00,101.6875
2001-04-18 22:00:00,101.875
2001-04-19 22:00:00,100.1875
2001-04-20 22:00:00,100.34380340576172
2001-04-23 22:00:00,101.28130340576172
2001-04-24 22:00:00,100.84380340576172
2001-04-25 22:00:00,100.6875
2001-04-26 22:00:00,101.5625
2001-04-27 22:00:00,100.28130340576172
2001-04-30 22:00:00,100.375
2001-05-01 22:00:00,101.0625
2001-05-02 22:00:00,101.5625
2001-05-03 22:00:00,102.3125
2001-05-04 22:00:00,102.03130340576172
2001-05-07 22:00:00,102.09380340576172
2001-05-08 22:00:00,101.4375
2001-05-09 22:00:00,102.1875
2001-05-10 22:00:00,100.90630340576172
2001-05-11 22:00:00,99.625
2001-05-14 22:00:00,99.625
2001-05-15 22:00:00,98.90625
2001-05-16 22:00:00,99.53125
2001-05-17 22:00:00,100.375
2001-05-18 22:00:00,100.375
2001-05-21 22:00:00,100.5625
2001-05-22 22:00:00,100.21880340576172
2001-05-23 22:00:00,100.1875
2001-05-24 22:00:00,99.3125
2001-05-25 22:00:00,99.28125
2001-05-29 22:00:00,99.125
2001-05-30 22:00:00,99.375
2001-05-31 22:00:00,100.34380340576172
2001-06-01 22:00:00,101.03130340576172
2001-06-04 22:00:00,101.28130340576172
2001-06-05 22:00:00,101.59380340576172
2001-06-06 22:00:00,101.75
2001-06-07 22:00:00,101.03130340576172
2001-06-08 22:00:00,100.875
2001-06-11 22:00:00,101.5
2001-06-12 22:00:00,101.9375
2001-06-13 22:00:00,101.84380340576172
2001-06-14 22:00:00,102.3125
2001-06-15 22:00:00,102.25
2001-06-18 22:00:00,101.78130340576172
2001-06-19 22:00:00,101.34380340576172
2001-06-20 22:00:00,102.1875
2001-06-21 22:00:00,102.03130340576172
2001-06-22 22:00:00,102.65630340576172
2001-06-25 22:00:00,102.46880340576172
2001-06-26 22:00:00,101.625
2001-06-27 22:00:00,101.8125
2001-06-28 22:00:00,101.09380340576172
2001-06-29 22:00:00,100.09380340576172
2001-07-02 22:00:00,101.03130340576172
2001-07-03 22:00:00,100.53130340576172
2001-07-05 22:00:00,100.25
2001-07-06 22:00:00,100.5625
2001-07-09 22:00:00,101.03130340576172
2001-07-10 22:00:00,101.4375
2001-07-11 22:00:00,101.125
2001-07-12 22:00:00,101.625
2001-07-13 22:00:00,101.9375
2001-07-16 22:00:00,102.46880340576172
2001-07-17 22:00:00,102.1875
2001-07-18 22:00:00,103.4375
2001-07-19 22:00:00,103.21880340576172
2001-07-20 22:00:00,103.03130340576172
2001-07-23 22:00:00,103.375
2001-07-24 22:00:00,103.5
2001-07-25 22:00:00,102.78130340576172
2001-07-26 22:00:00,103.03130340576172
2001-07-27 22:00:00,103.5
2001-07-30 22:00:00,103.8125
2001-07-31 22:00:00,103.84380340576172
2001-08-01 22:00:00,103.75
2001-08-02 22:00:00,103.09380340576172
2001-08-03 22:00:00,103.0625
2001-08-06 22:00:00,102.96880340576172
2001-08-07 22:00:00,102.875
2001-08-08 22:00:00,104.09380340576172
2001-08-09 22:00:00,103.625
2001-08-10 22:00:00,104.125
2001-08-13 22:00:00,104.03130340576172
2001-08-14 22:00:00,104.0625
2001-08-15 22:00:00,103.90630340576172
2001-08-16 22:00:00,104.40630340576172
2001-08-17 22:00:00,105.28130340576172
2001-08-20 22:00:00,104.8125
2001-08-21 22:00:00,105.15630340576172
2001-08-22 22:00:00,105.125
2001-08-23 22:00:00,105.40630340576172
2001-08-24 22:00:00,104.9375
2001-08-27 22:00:00,104.90630340576172
2001-08-28 22:00:00,105.625
2001-08-29 22:00:00,106.21880340576172
2001-08-30 22:00:00,105.875
2001-08-31 22:00:00,106.0625
2001-09-04 22:00:00,104.5625
2001-09-05 22:00:00,104.625
2001-09-06 22:00:00,105.4375
2001-09-07 22:00:00,106.21880340576172
2001-09-10 22:00:00,105.375
2001-09-11 22:00:00,105.4375
2001-09-12 22:00:00,106.625
2001-09-13 22:00:00,106.5
2001-09-14 22:00:00,106.875
2001-09-17 22:00:00,106.375
2001-09-18 22:00:00,105.0625
2001-09-19 22:00:00,104.625
2001-09-20 22:00:00,102.78130340576172
2001-09-21 22:00:00,103.3125
2001-09-24 22:00:00,103.375
2001-09-25 22:00:00,103.5625
2001-09-26 22:00:00,104.5625
2001-09-27 22:00:00,105.34380340576172
2001-09-28 22:00:00,105.46880340576172
2001-10-01 22:00:00,106.09380340576172
2001-10-02 22:00:00,106.65630340576172
2001-10-03 22:00:00,106.90630340576172
2001-10-04 22:00:00,106.9375
2001-10-05 22:00:00,106.78130340576172
2001-10-09 22:00:00,105.90630340576172
2001-10-10 22:00:00,106.125
2001-10-11 22:00:00,105.5
2001-10-12 22:00:00,105.3125
2001-10-15 22:00:00,106.09380340576172
2001-10-16 22:00:00,106.4375
2001-10-17 22:00:00,106.84380340576172
2001-10-18 22:00:00,106.75
2001-10-19 22:00:00,106.3125
2001-10-22 22:00:00,106.0625
2001-10-23 22:00:00,106.0625
2001-10-24 22:00:00,106.875
2001-10-25 22:00:00,107.40630340576172
2001-10-26 22:00:00,107.71880340576172
2001-10-29 22:00:00,107.875
2001-10-30 22:00:00,108.5625
2001-10-31 22:00:00,110.6875
2001-11-01 22:00:00,110.8125
2001-11-02 22:00:00,109.28130340576172
2001-11-05 22:00:00,110.15630340576172
2001-11-06 22:00:00,110.625
2001-11-07 22:00:00,111.625
2001-11-08 22:00:00,110.59380340576172
2001-11-09 22:00:00,110.40630340576172
2001-11-13 22:00:00,109.8125
2001-11-14 22:00:00,108.46880340576172
2001-11-15 22:00:00,105.9375
2001-11-16 22:00:00,105.28130340576172
2001-11-19 22:00:00,105.84380340576172
2001-11-20 22:00:00,104.9375
2001-11-21 22:00:00,104.0625
2001-11-23 22:00:00,103.46880340576172
2001-11-26 22:00:00,103.3125
2001-11-27 22:00:00,104.0
2001-11-28 22:00:00,103.6875
2001-11-29 22:00:00,105.0
2001-11-30 22:00:00,104.625
2001-12-03 22:00:00,105.34380340576172
2001-12-04 22:00:00,106.09380340576172
2001-12-05 22:00:00,103.875
2001-12-06 22:00:00,102.65630340576172
2001-12-07 22:00:00,101.125
2001-12-10 22:00:00,101.03130340576172
2001-12-11 22:00:00,101.53130340576172
2001-12-12 22:00:00,102.4375
2001-12-13 22:00:00,101.875
2001-12-14 22:00:00,100.84380340576172
2001-12-17 22:00:00,99.5625
2001-12-18 22:00:00,101.65630340576172
2001-12-19 22:00:00,102.40630340576172
2001-12-20 22:00:00,101.6875
2001-12-21 22:00:00,101.125
2001-12-24 22:00:00,100.6875
2001-12-26 22:00:00,100.15630340576172
2001-12-27 22:00:00,101.28130340576172
2001-12-28 22:00:00,100.59380340576172
2001-12-31 22:00:00,101.46880340576172
2002-01-02 22:00:00,100.3125
2002-01-03 22:00:00,100.6875
2002-01-04 22:00:00,100.40630340576172
2002-01-07 22:00:00,101.5
2002-01-08 22:00:00,101.21880340576172
2002-01-09 22:00:00,101.65630340576172
2002-01-10 22:00:00,102.75
2002-01-11 22:00:00,103.4375
2002-01-14 22:00:00,103.28130340576172
2002-01-15 22:00:00,103.90630340576172
2002-01-16 22:00:00,103.78130340576172
2002-01-17 22:00:00,103.0625
2002-01-18 22:00:00,103.71880340576172
2002-01-22 22:00:00,103.28130340576172
2002-01-23 22:00:00,102.1875
2002-01-24 22:00:00,102.625
2002-01-25 22:00:00,102.25
2002-01-28 22:00:00,102.3125
2002-01-29 22:00:00,103.5
2002-01-30 22:00:00,102.90630340576172
2002-01-31 22:00:00,102.75
2002-02-01 22:00:00,103.4375
2002-02-04 22:00:00,104.1875
2002-02-05 22:00:00,104.15630340576172
2002-02-06 22:00:00,103.78130340576172
2002-02-07 22:00:00,103.4375
2002-02-08 22:00:00,103.96880340576172
2002-02-11 22:00:00,103.53130340576172
2002-02-12 22:00:00,102.84380340576172
2002-02-13 22:00:00,102.8125
2002-02-14 22:00:00,103.46880340576172
2002-02-15 22:00:00,104.25
2002-02-19 22:00:00,104.03130340576172
2002-02-20 22:00:00,103.96880340576172
2002-02-21 22:00:00,104.40630340576172
2002-02-22 22:00:00,104.71880340576172
2002-02-25 22:00:00,104.53130340576172
2002-02-26 22:00:00,103.625
2002-02-27 22:00:00,104.53130340576172
2002-02-28 22:00:00,104.0625
2002-03-01 22:00:00,102.90630340576172
2002-03-04 22:00:00,102.90630340576172
2002-03-05 22:00:00,103.0
2002-03-06 22:00:00,102.40630340576172
2002-03-07 22:00:00,100.8125
2002-03-08 22:00:00,100.125
2002-03-11 22:00:00,100.25
2002-03-12 22:00:00,100.09380340576172
2002-03-13 22:00:00,100.21880340576172
2002-03-14 22:00:00,98.875
2002-03-15 22:00:00,99.90625
2002-03-18 22:00:00,100.25
2002-03-19 22:00:00,100.34380340576172
2002-03-20 22:00:00,98.03125
2002-03-21 22:00:00,98.46875
2002-03-22 22:00:00,98.03125
2002-03-25 22:00:00,98.125
2002-03-26 22:00:00,99.03125
2002-03-27 22:00:00,98.9375
2002-03-28 22:00:00,98.1875
2002-04-01 22:00:00,98.21875
2002-04-02 22:00:00,99.25
2002-04-03 22:00:00,99.84375
2002-04-04 22:00:00,99.9375
2002-04-05 22:00:00,100.5625
2002-04-08 22:00:00,100.0625
2002-04-09 22:00:00,100.59380340576172
2002-04-10 22:00:00,100.15630340576172
2002-04-11 22:00:00,100.625
2002-04-12 22:00:00,100.96880340576172
2002-04-15 22:00:00,101.3125
2002-04-16 22:00:00,100.90630340576172
2002-04-17 22:00:00,100.0625
2002-04-18 22:00:00,100.28130340576172
2002-04-19 22:00:00,100.5625
2002-04-22 22:00:00,100.75
2002-04-23 22:00:00,100.9375
2002-04-24 22:00:00,101.75
2002-04-25 22:00:00,101.8125
2002-04-26 22:00:00,102.21880340576172
2002-04-29 22:00:00,101.96880340576172
2002-04-30 22:00:00,102.3125
2002-05-01 22:00:00,102.6875
2002-05-02 22:00:00,102.15630340576172
2002-05-03 22:00:00,102.71880340576172
2002-05-06 22:00:00,102.625
2002-05-07 22:00:00,102.59380340576172
2002-05-08 22:00:00,101.125
2002-05-09 22:00:00,101.53130340576172
2002-05-10 22:00:00,102.0625
2002-05-13 22:00:00,101.03130340576172
2002-05-14 22:00:00,100.125
2002-05-15 22:00:00,100.375
2002-05-16 22:00:00,100.875
2002-05-17 22:00:00,100.1875
2002-05-20 22:00:00,100.8125
2002-05-21 22:00:00,101.25
2002-05-22 22:00:00,101.8125
2002-05-23 22:00:00,101.3125
2002-05-24 22:00:00,101.53130340576172
2002-05-28 22:00:00,101.5
2002-05-29 22:00:00,102.03130340576172
2002-05-30 22:00:00,102.4375
2002-05-31 22:00:00,102.28130340576172
2002-06-03 22:00:00,102.34380340576172
2002-06-04 22:00:00,102.5
2002-06-05 22:00:00,102.0
2002-06-06 22:00:00,102.53130340576172
2002-06-07 22:00:00,101.9375
2002-06-10 22:00:00,102.375
2002-06-11 22:00:00,103.0
2002-06-12 22:00:00,103.375
2002-06-13 22:00:00,103.75
2002-06-14 22:00:00,105.0625
2002-06-17 22:00:00,104.3125
2002-06-18 22:00:00,104.40630340576172
2002-06-19 22:00:00,105.1875
2002-06-20 22:00:00,103.3125
2002-06-21 22:00:00,104.125
2002-06-24 22:00:00,103.25
2002-06-25 22:00:00,103.1875
2002-06-26 22:00:00,104.21880340576172
2002-06-27 22:00:00,102.90630340576172
2002-06-28 22:00:00,102.78130340576172
2002-07-01 22:00:00,102.9375
2002-07-02 22:00:00,103.71880340576172
2002-07-03 22:00:00,103.71880340576172
2002-07-05 22:00:00,102.65630340576172
2002-07-08 22:00:00,103.0
2002-07-09 22:00:00,103.8125
2002-07-10 22:00:00,104.78130340576172
2002-07-11 22:00:00,105.09380340576172
2002-07-12 22:00:00,105.25
2002-07-15 22:00:00,104.84380340576172
2002-07-16 22:00:00,103.78130340576172
2002-07-17 22:00:00,104.21880340576172
2002-07-18 22:00:00,104.5625
2002-07-19 22:00:00,105.15630340576172
2002-07-22 22:00:00,106.125
2002-07-23 22:00:00,106.21880340576172
2002-07-24 22:00:00,105.9375
2002-07-25 22:00:00,106.1875
2002-07-26 22:00:00,105.90630340576172
2002-07-29 22:00:00,104.59380340576172
2002-07-30 22:00:00,104.6875
2002-07-31 22:00:00,105.9375
2002-08-01 22:00:00,106.25
2002-08-02 22:00:00,107.71880340576172
2002-08-05 22:00:00,107.9375
2002-08-06 22:00:00,106.84380340576172
2002-08-07 22:00:00,107.53130340576172
2002-08-08 22:00:00,107.03130340576172
2002-08-09 22:00:00,108.625
2002-08-12 22:00:00,109.3125
2002-08-13 22:00:00,110.25
2002-08-14 22:00:00,111.1875
2002-08-15 22:00:00,110.0625
2002-08-16 22:00:00,108.5625
2002-08-19 22:00:00,108.90630340576172
2002-08-20 22:00:00,110.0625
2002-08-21 22:00:00,109.78130340576172
2002-08-22 22:00:00,108.84380340576172
2002-08-23 22:00:00,109.9375
2002-08-26 22:00:00,110.125
2002-08-27 22:00:00,109.09380340576172
2002-08-28 22:00:00,109.875
2002-08-29 22:00:00,110.5625
2002-08-30 22:00:00,110.875
2002-09-03 22:00:00,112.71880340576172
2002-09-04 22:00:00,112.9375
2002-09-05 22:00:00,113.40630340576172
2002-09-06 22:00:00,111.8125
2002-09-09 22:00:00,111.8125
2002-09-10 22:00:00,112.40630340576172
2002-09-11 22:00:00,111.6875
2002-09-12 22:00:00,112.71880340576172
2002-09-13 22:00:00,113.625
2002-09-16 22:00:00,113.9375
2002-09-17 22:00:00,114.0625
2002-09-18 22:00:00,113.9375
2002-09-19 22:00:00,114.25
2002-09-20 22:00:00,113.0625
2002-09-23 22:00:00,114.09380340576172
2002-09-24 22:00:00,114.5
2002-09-25 22:00:00,113.0625
2002-09-26 22:00:00,113.0
2002-09-27 22:00:00,113.71880340576172
2002-09-30 22:00:00,114.25
2002-10-01 22:00:00,113.3125
2002-10-02 22:00:00,113.53130340576172
2002-10-03 22:00:00,113.4375
2002-10-04 22:00:00,113.625
2002-10-07 22:00:00,113.9375
2002-10-08 22:00:00,113.84380340576172
2002-10-09 22:00:00,114.625
2002-10-10 22:00:00,113.75
2002-10-11 22:00:00,112.3125
2002-10-14 22:00:00,112.3125
2002-10-15 22:00:00,110.15630340576172
2002-10-16 22:00:00,109.78130340576172
2002-10-17 22:00:00,108.78130340576172
2002-10-18 22:00:00,108.6875
2002-10-21 22:00:00,108.0625
2002-10-22 22:00:00,107.71880340576172
2002-10-23 22:00:00,107.625
2002-10-24 22:00:00,108.4375
2002-10-25 22:00:00,109.0
2002-10-28 22:00:00,108.96880340576172
2002-10-29 22:00:00,110.5625
2002-10-30 22:00:00,110.21880340576172
2002-10-31 22:00:00,110.65630340576172
2002-11-01 22:00:00,110.34380340576172
2002-11-04 22:00:00,109.6875
2002-11-05 22:00:00,109.4375
2002-11-06 22:00:00,109.90630340576172
2002-11-07 22:00:00,111.9375
2002-11-08 22:00:00,112.96880340576172
2002-11-11 22:00:00,112.96880340576172
2002-11-12 22:00:00,112.84380340576172
2002-11-13 22:00:00,113.0625
2002-11-14 22:00:00,111.21880340576172
2002-11-18 22:00:00,111.53099822998048
2002-11-19 22:00:00,112.09300231933594
2002-11-20 22:00:00,111.0
2002-11-21 22:00:00,110.125
2002-11-22 22:00:00,109.875
2002-11-25 22:00:00,109.84380340576172
2002-11-26 22:00:00,110.90630340576172
2002-11-27 22:00:00,109.71880340576172
2002-11-29 22:00:00,109.1875
2002-12-02 22:00:00,109.34380340576172
2002-12-03 22:00:00,109.1875
2002-12-04 22:00:00,109.78130340576172
2002-12-05 22:00:00,110.46880340576172
2002-12-06 22:00:00,110.53130340576172
2002-12-09 22:00:00,111.125
2002-12-10 22:00:00,111.4375
2002-12-11 22:00:00,112.21880340576172
2002-12-12 22:00:00,112.25
2002-12-13 22:00:00,111.375
2002-12-16 22:00:00,110.46880340576172
2002-12-17 22:00:00,110.53130340576172
2002-12-18 22:00:00,111.1875
2002-12-19 22:00:00,111.90630340576172
2002-12-20 22:00:00,110.96880340576172
2002-12-23 22:00:00,110.84380340576172
2002-12-24 22:00:00,111.5625
2002-12-26 22:00:00,111.71880340576172
2002-12-27 22:00:00,112.84380340576172
2002-12-30 22:00:00,113.125
2002-12-31 22:00:00,112.6875
2003-01-02 22:00:00,110.15630340576172
2003-01-03 22:00:00,110.28130340576172
2003-01-06 22:00:00,110.03130340576172
2003-01-07 22:00:00,110.34380340576172
2003-01-08 22:00:00,111.03130340576172
2003-01-09 22:00:00,109.03130340576172
2003-01-10 22:00:00,109.03130340576172
2003-01-13 22:00:00,109.46880340576172
2003-01-14 22:00:00,109.875
2003-01-15 22:00:00,110.28130340576172
2003-01-16 22:00:00,110.40630340576172
2003-01-17 22:00:00,111.0625
2003-01-21 22:00:00,111.375
2003-01-22 22:00:00,112.0
2003-01-23 22:00:00,111.5625
2003-01-24 22:00:00,112.375
2003-01-27 22:00:00,111.78130340576172
2003-01-28 22:00:00,111.71880340576172
2003-01-29 22:00:00,111.0625
2003-01-30 22:00:00,111.71880340576172
2003-01-31 22:00:00,112.1875
2003-02-03 22:00:00,112.15630340576172
2003-02-04 22:00:00,112.78130340576172
2003-02-05 22:00:00,111.75
2003-02-06 22:00:00,112.65630340576172
2003-02-07 22:00:00,113.03130340576172
2003-02-10 22:00:00,112.25
2003-02-11 22:00:00,112.3125
2003-02-12 22:00:00,112.6875
2003-02-13 22:00:00,113.40630340576172
2003-02-14 22:00:00,112.34380340576172
2003-02-18 22:00:00,112.625
2003-02-19 22:00:00,113.46880340576172
2003-02-20 22:00:00,113.78130340576172
2003-02-21 22:00:00,113.125
2003-02-24 22:00:00,113.59380340576172
2003-02-25 22:00:00,114.0625
2003-02-26 22:00:00,114.75
2003-02-27 22:00:00,115.0
2003-02-28 22:00:00,115.8125
2003-03-03 22:00:00,115.875
2003-03-04 22:00:00,116.03130340576172
2003-03-05 22:00:00,116.25
2003-03-06 22:00:00,115.90630340576172
2003-03-07 22:00:00,116.25
2003-03-10 22:00:00,116.6875
2003-03-11 22:00:00,116.78130340576172
2003-03-12 22:00:00,116.90630340576172
2003-03-13 22:00:00,115.125
2003-03-14 22:00:00,115.5
2003-03-17 22:00:00,114.1875
2003-03-18 22:00:00,113.34380340576172
2003-03-19 22:00:00,112.71880340576172
2003-03-20 22:00:00,112.53130340576172
2003-03-21 22:00:00,109.6875
2003-03-24 22:00:00,111.03130340576172
2003-03-25 22:00:00,111.0625
2003-03-26 22:00:00,111.21880340576172
2003-03-27 22:00:00,111.34380340576172
2003-03-28 22:00:00,111.71880340576172
2003-03-31 22:00:00,112.75
2003-04-01 22:00:00,112.75
2003-04-02 22:00:00,111.5625
2003-04-03 22:00:00,111.53130340576172
2003-04-04 22:00:00,111.25
2003-04-07 22:00:00,110.78130340576172
2003-04-08 22:00:00,111.84380340576172
2003-04-09 22:00:00,112.0625
2003-04-10 22:00:00,111.71880340576172
2003-04-11 22:00:00,111.46880340576172
2003-04-14 22:00:00,111.15630340576172
2003-04-15 22:00:00,111.8125
2003-04-16 22:00:00,112.15630340576172
2003-04-17 22:00:00,112.3125
2003-04-21 22:00:00,112.09380340576172
2003-04-22 22:00:00,112.0625
2003-04-23 22:00:00,112.125
2003-04-24 22:00:00,113.28130340576172
2003-04-25 22:00:00,113.40630340576172
2003-04-28 22:00:00,113.40630340576172
2003-04-29 22:00:00,113.09380340576172
2003-04-30 22:00:00,114.03130340576172
2003-05-01 22:00:00,114.03130340576172
2003-05-02 22:00:00,113.5
2003-05-05 22:00:00,113.90630340576172
2003-05-06 22:00:00,114.6875
2003-05-07 22:00:00,115.875
2003-05-08 22:00:00,116.28130340576172
2003-05-09 22:00:00,116.28130340576172
2003-05-12 22:00:00,116.84380340576172
2003-05-13 22:00:00,117.09380340576172
2003-05-14 22:00:00,118.4375
2003-05-15 22:00:00,118.40630340576172
2003-05-16 22:00:00,119.25
2003-05-19 22:00:00,119.03130340576172
2003-05-20 22:00:00,120.4375
2003-05-21 22:00:00,120.40630340576172
2003-05-22 22:00:00,121.15630340576172
2003-05-23 22:00:00,121.28130340576172
2003-05-27 22:00:00,119.875
2003-05-28 22:00:00,119.53130340576172
2003-05-29 22:00:00,120.59380340576172
2003-05-30 22:00:00,120.5
2003-06-02 22:00:00,119.5625
2003-06-03 22:00:00,120.6875
2003-06-04 22:00:00,121.15630340576172
2003-06-05 22:00:00,120.46880340576172
2003-06-06 22:00:00,120.65630340576172
2003-06-09 22:00:00,121.40630340576172
2003-06-10 22:00:00,122.75
2003-06-11 22:00:00,122.71880340576172
2003-06-12 22:00:00,123.09380340576172
2003-06-13 22:00:00,124.0
2003-06-16 22:00:00,123.0625
2003-06-17 22:00:00,121.96880340576172
2003-06-18 22:00:00,120.75
2003-06-19 22:00:00,120.8125
2003-06-20 22:00:00,118.5625
2003-06-23 22:00:00,119.53130340576172
2003-06-24 22:00:00,120.28130340576172
2003-06-25 22:00:00,118.84380340576172
2003-06-26 22:00:00,117.09380340576172
2003-06-27 22:00:00,116.65630340576172
2003-06-30 22:00:00,117.34380340576172
2003-07-01 22:00:00,117.09380340576172
2003-07-02 22:00:00,117.3125
2003-07-03 22:00:00,115.9375
2003-07-07 22:00:00,115.3125
2003-07-08 22:00:00,115.0625
2003-07-09 22:00:00,115.25
2003-07-10 22:00:00,115.4375
2003-07-11 22:00:00,115.9375
2003-07-14 22:00:00,114.6875
2003-07-15 22:00:00,112.46880340576172
2003-07-16 22:00:00,112.4375
2003-07-17 22:00:00,112.4375
2003-07-18 22:00:00,112.3125
2003-07-21 22:00:00,110.0
2003-07-22 22:00:00,110.40630340576172
2003-07-23 22:00:00,110.71880340576172
2003-07-24 22:00:00,109.875
2003-07-25 22:00:00,109.65630340576172
2003-07-28 22:00:00,108.3125
2003-07-29 22:00:00,107.0625
2003-07-30 22:00:00,108.0
2003-07-31 22:00:00,105.625
2003-08-01 22:00:00,105.96880340576172
2003-08-04 22:00:00,106.6875
2003-08-05 22:00:00,105.28130340576172
2003-08-06 22:00:00,107.5
2003-08-07 22:00:00,107.84380340576172
2003-08-08 22:00:00,107.65630340576172
2003-08-11 22:00:00,106.90630340576172
2003-08-12 22:00:00,107.0625
2003-08-13 22:00:00,104.53130340576172
2003-08-14 22:00:00,104.8125
2003-08-15 22:00:00,105.09380340576172
2003-08-18 22:00:00,105.75
2003-08-19 22:00:00,107.34380340576172
2003-08-20 22:00:00,106.6875
2003-08-21 22:00:00,106.28130340576172
2003-08-22 22:00:00,107.09380340576172
2003-08-25 22:00:00,106.21880340576172
2003-08-26 22:00:00,106.90630340576172
2003-08-27 22:00:00,106.28130340576172
2003-08-28 22:00:00,107.59380340576172
2003-08-29 22:00:00,107.40630340576172
2003-09-02 22:00:00,105.6875
2003-09-03 22:00:00,105.65630340576172
2003-09-04 22:00:00,106.25
2003-09-05 22:00:00,108.125
2003-09-08 22:00:00,107.84380340576172
2003-09-09 22:00:00,108.0625
2003-09-10 22:00:00,109.25
2003-09-11 22:00:00,108.46880340576172
2003-09-12 22:00:00,109.15630340576172
2003-09-15 22:00:00,109.28130340576172
2003-09-16 22:00:00,108.59380340576172
2003-09-17 22:00:00,110.09380340576172
2003-09-18 22:00:00,110.15630340576172
2003-09-19 22:00:00,110.71880340576172
2003-09-22 22:00:00,108.0625
2003-09-23 22:00:00,108.6875
2003-09-24 22:00:00,109.75
2003-09-25 22:00:00,110.28130340576172
2003-09-26 22:00:00,111.125
2003-09-29 22:00:00,110.34380340576172
2003-09-30 22:00:00,112.15630340576172
2003-10-01 22:00:00,112.0625
2003-10-02 22:00:00,111.3125
2003-10-03 22:00:00,108.875
2003-10-06 22:00:00,109.5625
2003-10-07 22:00:00,108.34380340576172
2003-10-08 22:00:00,108.21880340576172
2003-10-09 22:00:00,107.46880340576172
2003-10-10 22:00:00,108.125
2003-10-13 22:00:00,108.125
2003-10-14 22:00:00,106.90630340576172
2003-10-15 22:00:00,106.375
2003-10-16 22:00:00,106.0
2003-10-17 22:00:00,106.84380340576172
2003-10-20 22:00:00,107.21880340576172
2003-10-21 22:00:00,107.3125
2003-10-22 22:00:00,108.46880340576172
2003-10-23 22:00:00,108.0
2003-10-24 22:00:00,109.28130340576172
2003-10-27 22:00:00,108.78130340576172
2003-10-28 22:00:00,109.5625
2003-10-29 22:00:00,108.5625
2003-10-30 22:00:00,108.0
2003-10-31 22:00:00,108.71880340576172
2003-11-03 22:00:00,108.15630340576172
2003-11-04 22:00:00,108.84380340576172
2003-11-05 22:00:00,108.15630340576172
2003-11-06 22:00:00,107.34380340576172
2003-11-07 22:00:00,107.125
2003-11-10 22:00:00,106.96880340576172
2003-11-11 22:00:00,106.96880340576172
2003-11-12 22:00:00,107.75
2003-11-13 22:00:00,109.53130340576172
2003-11-14 22:00:00,110.25
2003-11-17 22:00:00,110.65630340576172
2003-11-18 22:00:00,110.96880340576172
2003-11-19 22:00:00,110.0625
2003-11-20 22:00:00,110.9375
2003-11-21 22:00:00,111.125
2003-11-24 22:00:00,110.21880340576172
2003-11-25 22:00:00,110.78130340576172
2003-11-26 22:00:00,110.21880340576172
2003-11-28 22:00:00,109.28130340576172
2003-12-01 22:00:00,108.84380340576172
2003-12-02 22:00:00,109.0
2003-12-03 22:00:00,108.5
2003-12-04 22:00:00,109.03130340576172
2003-12-05 22:00:00,110.6875
2003-12-08 22:00:00,110.0
2003-12-09 22:00:00,109.21880340576172
2003-12-10 22:00:00,109.5625
2003-12-11 22:00:00,110.34380340576172
2003-12-12 22:00:00,110.4375
2003-12-15 22:00:00,110.25
2003-12-16 22:00:00,110.71880340576172
2003-12-17 22:00:00,111.4375
2003-12-18 22:00:00,112.28130340576172
2003-12-19 22:00:00,111.875
2003-12-22 22:00:00,110.53130340576172
2003-12-23 22:00:00,109.53130340576172
2003-12-24 22:00:00,110.28130340576172
2003-12-26 22:00:00,110.90630340576172
2003-12-29 22:00:00,109.84380340576172
2003-12-30 22:00:00,109.1875
2003-12-31 22:00:00,109.3125
2004-01-02 22:00:00,107.90630340576172
2004-01-05 22:00:00,107.875
2004-01-06 22:00:00,109.03130340576172
2004-01-07 22:00:00,109.40630340576172
2004-01-08 22:00:00,109.4375
2004-01-09 22:00:00,111.28130340576172
2004-01-12 22:00:00,111.3125
2004-01-13 22:00:00,111.8125
2004-01-14 22:00:00,112.5
2004-01-15 22:00:00,112.84380340576172
2004-01-16 22:00:00,112.5625
2004-01-20 22:00:00,112.0625
2004-01-21 22:00:00,112.21880340576172
2004-01-22 22:00:00,113.0625
2004-01-23 22:00:00,111.84380340576172
2004-01-26 22:00:00,111.0625
2004-01-27 22:00:00,111.6875
2004-01-28 22:00:00,110.40630340576172
2004-01-29 22:00:00,110.59380340576172
2004-01-30 22:00:00,111.34380340576172
2004-02-02 22:00:00,111.125
2004-02-03 22:00:00,111.625
2004-02-04 22:00:00,111.53130340576172
2004-02-05 22:00:00,111.0625
2004-02-06 22:00:00,112.15630340576172
2004-02-09 22:00:00,112.375
2004-02-10 22:00:00,111.96880340576172
2004-02-11 22:00:00,112.9375
2004-02-12 22:00:00,112.34380340576172
2004-02-13 22:00:00,112.6875
2004-02-17 22:00:00,112.75
2004-02-18 22:00:00,112.8125
2004-02-19 22:00:00,112.90630340576172
2004-02-20 22:00:00,112.25
2004-02-23 22:00:00,112.84380340576172
2004-02-24 22:00:00,113.125
2004-02-25 22:00:00,113.21880340576172
2004-02-26 22:00:00,112.84380340576172
2004-02-27 22:00:00,113.875
2004-03-01 22:00:00,113.8125
2004-03-02 22:00:00,113.15630340576172
2004-03-03 22:00:00,113.0
2004-03-04 22:00:00,113.40630340576172
2004-03-05 22:00:00,115.6875
2004-03-08 22:00:00,116.21880340576172
2004-03-09 22:00:00,116.84380340576172
2004-03-10 22:00:00,116.71880340576172
2004-03-11 22:00:00,116.625
2004-03-12 22:00:00,116.40630340576172
2004-03-15 22:00:00,116.40630340576172
2004-03-16 22:00:00,117.40630340576172
2004-03-17 22:00:00,117.4375
2004-03-18 22:00:00,116.78130340576172
2004-03-19 22:00:00,116.375
2004-03-22 22:00:00,116.9375
2004-03-23 22:00:00,115.8125
2004-03-24 22:00:00,115.84380340576172
2004-03-25 22:00:00,115.4375
2004-03-26 22:00:00,114.125
2004-03-29 22:00:00,113.53130340576172
2004-03-30 22:00:00,113.375
2004-03-31 22:00:00,114.0625
2004-04-01 22:00:00,113.46880340576172
2004-04-02 22:00:00,110.9375
2004-04-05 22:00:00,109.96880340576172
2004-04-06 22:00:00,110.40630340576172
2004-04-07 22:00:00,110.40630340576172
2004-04-08 22:00:00,110.125
2004-04-12 22:00:00,109.75
2004-04-13 22:00:00,108.53130340576172
2004-04-14 22:00:00,108.09380340576172
2004-04-15 22:00:00,107.78130340576172
2004-04-16 22:00:00,108.25
2004-04-19 22:00:00,108.03130340576172
2004-04-20 22:00:00,107.625
2004-04-21 22:00:00,107.6875
2004-04-22 22:00:00,108.3125
2004-04-23 22:00:00,107.46880340576172
2004-04-26 22:00:00,107.84380340576172
2004-04-27 22:00:00,108.125
2004-04-28 22:00:00,107.34380340576172
2004-04-29 22:00:00,106.59380340576172
2004-04-30 22:00:00,107.09380340576172
2004-05-03 22:00:00,107.1875
2004-05-04 22:00:00,106.65630340576172
2004-05-05 22:00:00,106.375
2004-05-06 22:00:00,105.96880340576172
2004-05-07 22:00:00,104.5
2004-05-10 22:00:00,104.375
2004-05-11 22:00:00,104.5625
2004-05-12 22:00:00,104.21880340576172
2004-05-13 22:00:00,103.625
2004-05-14 22:00:00,104.375
2004-05-17 22:00:00,105.40630340576172
2004-05-18 22:00:00,105.15630340576172
2004-05-19 22:00:00,104.46880340576172
2004-05-20 22:00:00,105.40630340576172
2004-05-21 22:00:00,105.0
2004-05-24 22:00:00,105.375
2004-05-25 22:00:00,105.65630340576172
2004-05-26 22:00:00,106.15630340576172
2004-05-27 22:00:00,107.15630340576172
2004-05-28 22:00:00,106.5625
2004-06-01 22:00:00,105.84380340576172
2004-06-02 22:00:00,105.59380340576172
2004-06-03 22:00:00,105.78130340576172
2004-06-04 22:00:00,105.15630340576172
2004-06-07 22:00:00,105.25
2004-06-08 22:00:00,105.34380340576172
2004-06-09 22:00:00,104.90630340576172
2004-06-10 22:00:00,105.25
2004-06-11 22:00:00,105.25
2004-06-14 22:00:00,104.3125
2004-06-15 22:00:00,106.5625
2004-06-16 22:00:00,106.03130340576172
2004-06-17 22:00:00,106.6875
2004-06-18 22:00:00,106.46880340576172
2004-06-21 22:00:00,106.6875
2004-06-22 22:00:00,105.09380340576172
2004-06-23 22:00:00,105.25
2004-06-24 22:00:00,105.96880340576172
2004-06-25 22:00:00,105.96880340576172
2004-06-28 22:00:00,104.875
2004-06-29 22:00:00,105.4375
2004-06-30 22:00:00,106.375
2004-07-01 22:00:00,106.8125
2004-07-02 22:00:00,108.03130340576172
2004-07-06 22:00:00,107.8125
2004-07-07 22:00:00,107.84380340576172
2004-07-08 22:00:00,107.875
2004-07-09 22:00:00,107.96880340576172
2004-07-12 22:00:00,108.1875
2004-07-13 22:00:00,107.78130340576172
2004-07-14 22:00:00,107.8125
2004-07-15 22:00:00,107.875
2004-07-16 22:00:00,109.34380340576172
2004-07-19 22:00:00,109.34380340576172
2004-07-20 22:00:00,108.34380340576172
2004-07-21 22:00:00,107.96880340576172
2004-07-22 22:00:00,108.21880340576172
2004-07-23 22:00:00,108.625
2004-07-26 22:00:00,108.1875
2004-07-27 22:00:00,106.71880340576172
2004-07-28 22:00:00,106.8125
2004-07-29 22:00:00,106.96880340576172
2004-07-30 22:00:00,108.21880340576172
2004-08-02 22:00:00,108.375
2004-08-03 22:00:00,108.78130340576172
2004-08-04 22:00:00,108.71880340576172
2004-08-05 22:00:00,109.0
2004-08-06 22:00:00,110.84380340576172
2004-08-09 22:00:00,110.6875
2004-08-10 22:00:00,110.375
2004-08-11 22:00:00,110.5625
2004-08-12 22:00:00,110.75
2004-08-13 22:00:00,111.34380340576172
2004-08-16 22:00:00,110.75
2004-08-17 22:00:00,111.3125
2004-08-18 22:00:00,111.0625
2004-08-19 22:00:00,111.1875
2004-08-20 22:00:00,111.09380340576172
2004-08-23 22:00:00,110.5
2004-08-24 22:00:00,110.5
2004-08-25 22:00:00,110.8125
2004-08-26 22:00:00,111.25
2004-08-27 22:00:00,111.34380340576172
2004-08-30 22:00:00,111.8125
2004-08-31 22:00:00,112.53130340576172
2004-09-01 22:00:00,112.625
2004-09-02 22:00:00,111.875
2004-09-03 22:00:00,110.8125
2004-09-07 22:00:00,111.46880340576172
2004-09-08 22:00:00,112.4375
2004-09-09 22:00:00,112.03130340576172
2004-09-10 22:00:00,112.3125
2004-09-13 22:00:00,112.625
2004-09-14 22:00:00,112.84380340576172
2004-09-15 22:00:00,112.40630340576172
2004-09-16 22:00:00,113.65630340576172
2004-09-17 22:00:00,113.0625
2004-09-20 22:00:00,113.84380340576172
2004-09-21 22:00:00,113.75
2004-09-22 22:00:00,113.8125
2004-09-23 22:00:00,113.40630340576172
2004-09-24 22:00:00,113.4375
2004-09-27 22:00:00,113.8125
2004-09-28 22:00:00,113.5
2004-09-29 22:00:00,112.625
2004-09-30 22:00:00,112.21880340576172
2004-10-01 22:00:00,111.46880340576172
2004-10-04 22:00:00,111.6875
2004-10-05 22:00:00,111.71880340576172
2004-10-06 22:00:00,111.15630340576172
2004-10-07 22:00:00,110.84380340576172
2004-10-08 22:00:00,112.15630340576172
2004-10-11 22:00:00,112.15630340576172
2004-10-12 22:00:00,112.46880340576172
2004-10-13 22:00:00,112.71880340576172
2004-10-14 22:00:00,113.40630340576172
2004-10-15 22:00:00,113.0
2004-10-18 22:00:00,113.09380340576172
2004-10-19 22:00:00,113.375
2004-10-20 22:00:00,113.96880340576172
2004-10-21 22:00:00,114.03130340576172
2004-10-22 22:00:00,114.1875
2004-10-25 22:00:00,114.34380340576172
2004-10-26 22:00:00,114.1875
2004-10-27 22:00:00,113.0625
2004-10-28 22:00:00,113.15630340576172
2004-10-29 22:00:00,113.84380340576172
2004-11-01 22:00:00,113.125
2004-11-02 22:00:00,113.25
2004-11-03 22:00:00,113.4375
2004-11-04 22:00:00,113.59380340576172
2004-11-05 22:00:00,112.25
2004-11-08 22:00:00,111.96880340576172
2004-11-09 22:00:00,111.96880340576172
2004-11-10 22:00:00,111.53130340576172
2004-11-11 22:00:00,111.53130340576172
2004-11-12 22:00:00,112.375
2004-11-15 22:00:00,112.5625
2004-11-16 22:00:00,112.46880340576172
2004-11-17 22:00:00,113.28130340576172
2004-11-18 22:00:00,113.65630340576172
2004-11-19 22:00:00,112.71880340576172
2004-11-22 22:00:00,113.3125
2004-11-23 22:00:00,113.25
2004-11-24 22:00:00,113.1875
2004-11-26 22:00:00,112.65630340576172
2004-11-29 22:00:00,111.46880340576172
2004-11-30 22:00:00,111.09380340576172
2004-12-01 22:00:00,110.96880340576172
2004-12-02 22:00:00,110.625
2004-12-03 22:00:00,112.09380340576172
2004-12-06 22:00:00,112.46880340576172
2004-12-07 22:00:00,112.65630340576172
2004-12-08 22:00:00,114.03130340576172
2004-12-09 22:00:00,113.5625
2004-12-10 22:00:00,113.65630340576172
2004-12-13 22:00:00,113.78130340576172
2004-12-14 22:00:00,114.125
2004-12-15 22:00:00,114.875
2004-12-16 22:00:00,113.53130340576172
2004-12-17 22:00:00,113.34380340576172
2004-12-20 22:00:00,113.75
2004-12-21 22:00:00,112.875
2004-12-22 22:00:00,112.46880340576172
2004-12-23 22:00:00,112.28130340576172
2004-12-27 22:00:00,111.3125
2004-12-28 22:00:00,111.375
2004-12-29 22:00:00,111.0625
2004-12-30 22:00:00,111.75
2004-12-31 22:00:00,112.5
2005-01-03 22:00:00,112.53130340576172
2005-01-04 22:00:00,111.78130340576172
2005-01-05 22:00:00,112.0625
2005-01-06 22:00:00,112.09380340576172
2005-01-07 22:00:00,112.09380340576172
2005-01-10 22:00:00,112.34380340576172
2005-01-11 22:00:00,112.875
2005-01-12 22:00:00,113.0
2005-01-13 22:00:00,113.65630340576172
2005-01-14 22:00:00,113.4375
2005-01-18 22:00:00,113.90630340576172
2005-01-19 22:00:00,113.96880340576172
2005-01-20 22:00:00,114.15630340576172
2005-01-21 22:00:00,114.375
2005-01-24 22:00:00,114.71880340576172
2005-01-25 22:00:00,113.9375
2005-01-26 22:00:00,113.9375
2005-01-27 22:00:00,113.875
2005-01-28 22:00:00,114.65630340576172
2005-01-31 22:00:00,114.84380340576172
2005-02-01 22:00:00,114.8125
2005-02-02 22:00:00,114.875
2005-02-03 22:00:00,114.8125
2005-02-04 22:00:00,115.90630340576172
2005-02-07 22:00:00,116.46880340576172
2005-02-08 22:00:00,116.75
2005-02-09 22:00:00,117.21880340576172
2005-02-10 22:00:00,116.03130340576172
2005-02-11 22:00:00,115.8125
2005-02-14 22:00:00,116.21880340576172
2005-02-15 22:00:00,115.84380340576172
2005-02-16 22:00:00,115.25
2005-02-17 22:00:00,114.78130340576172
2005-02-18 22:00:00,113.9375
2005-02-22 22:00:00,113.65630340576172
2005-02-23 22:00:00,113.84380340576172
2005-02-24 22:00:00,113.75
2005-02-25 22:00:00,113.96880340576172
2005-02-28 22:00:00,113.09380340576172
2005-03-01 22:00:00,112.90630340576172
2005-03-02 22:00:00,112.75
2005-03-03 22:00:00,112.6875
2005-03-04 22:00:00,113.6875
2005-03-07 22:00:00,114.03130340576172
2005-03-08 22:00:00,113.1875
2005-03-09 22:00:00,111.625
2005-03-10 22:00:00,112.15630340576172
2005-03-11 22:00:00,111.40630340576172
2005-03-14 22:00:00,111.59380340576172
2005-03-15 22:00:00,111.3125
2005-03-16 22:00:00,111.5625
2005-03-17 22:00:00,111.90630340576172
2005-03-18 22:00:00,111.53130340576172
2005-03-21 22:00:00,111.40630340576172
2005-03-22 22:00:00,109.75
2005-03-23 22:00:00,109.9375
2005-03-24 22:00:00,110.15630340576172
2005-03-28 22:00:00,109.84380340576172
2005-03-29 22:00:00,110.1875
2005-03-30 22:00:00,110.6875
2005-03-31 22:00:00,111.375
2005-04-01 22:00:00,111.78130340576172
2005-04-04 22:00:00,111.78130340576172
2005-04-05 22:00:00,111.59380340576172
2005-04-06 22:00:00,111.78130340576172
2005-04-07 22:00:00,111.34380340576172
2005-04-08 22:00:00,111.34380340576172
2005-04-11 22:00:00,111.84380340576172
2005-04-12 22:00:00,112.78130340576172
2005-04-13 22:00:00,112.59380340576172
2005-04-14 22:00:00,112.53130340576172
2005-04-15 22:00:00,113.5625
2005-04-18 22:00:00,113.875
2005-04-19 22:00:00,114.375
2005-04-20 22:00:00,114.28130340576172
2005-04-21 22:00:00,113.4375
2005-04-22 22:00:00,114.0
2005-04-25 22:00:00,114.1875
2005-04-26 22:00:00,114.0625
2005-04-27 22:00:00,114.34380340576172
2005-04-28 22:00:00,115.03130340576172
2005-04-29 22:00:00,114.84380340576172
2005-05-02 22:00:00,114.875
2005-05-03 22:00:00,114.84380340576172
2005-05-04 22:00:00,114.65630340576172
2005-05-05 22:00:00,114.90630340576172
2005-05-06 22:00:00,114.0
2005-05-09 22:00:00,114.03130340576172
2005-05-10 22:00:00,114.625
2005-05-11 22:00:00,114.90630340576172
2005-05-12 22:00:00,115.15630340576172
2005-05-13 22:00:00,115.65630340576172
2005-05-16 22:00:00,115.625
2005-05-17 22:00:00,115.75
2005-05-18 22:00:00,116.3125
2005-05-19 22:00:00,115.96880340576172
2005-05-20 22:00:00,115.96880340576172
2005-05-23 22:00:00,116.6875
2005-05-24 22:00:00,116.9375
2005-05-25 22:00:00,116.4375
2005-05-26 22:00:00,116.40630340576172
2005-05-27 22:00:00,116.4375
2005-05-31 22:00:00,117.46880340576172
2005-06-01 22:00:00,118.40630340576172
2005-06-02 22:00:00,118.75
2005-06-03 22:00:00,117.8125
2005-06-06 22:00:00,118.0625
2005-06-07 22:00:00,118.6875
2005-06-08 22:00:00,118.28130340576172
2005-06-09 22:00:00,118.03130340576172
2005-06-10 22:00:00,117.125
2005-06-13 22:00:00,116.625
2005-06-14 22:00:00,116.0625
2005-06-15 22:00:00,116.21880340576172
2005-06-16 22:00:00,116.78130340576172
2005-06-17 22:00:00,116.78130340576172
2005-06-20 22:00:00,116.5
2005-06-21 22:00:00,117.21880340576172
2005-06-22 22:00:00,118.4375
2005-06-23 22:00:00,118.34380340576172
2005-06-24 22:00:00,118.9375
2005-06-27 22:00:00,119.25
2005-06-28 22:00:00,118.5
2005-06-29 22:00:00,118.15630340576172
2005-06-30 22:00:00,118.75
2005-07-01 22:00:00,117.625
2005-07-05 22:00:00,116.8125
2005-07-06 22:00:00,117.25
2005-07-07 22:00:00,117.59380340576172
2005-07-08 22:00:00,116.84380340576172
2005-07-11 22:00:00,117.125
2005-07-12 22:00:00,116.625
2005-07-13 22:00:00,116.40630340576172
2005-07-14 22:00:00,116.21880340576172
2005-07-15 22:00:00,116.40630340576172
2005-07-18 22:00:00,115.6875
2005-07-19 22:00:00,116.03130340576172
2005-07-20 22:00:00,116.5
2005-07-21 22:00:00,115.15630340576172
2005-07-22 22:00:00,115.84380340576172
2005-07-25 22:00:00,115.59380340576172
2005-07-26 22:00:00,115.65630340576172
2005-07-27 22:00:00,115.4375
2005-07-28 22:00:00,116.34380340576172
2005-07-29 22:00:00,115.3125
2005-08-01 22:00:00,114.96880340576172
2005-08-02 22:00:00,114.65630340576172
2005-08-03 22:00:00,115.15630340576172
2005-08-04 22:00:00,114.90630340576172
2005-08-05 22:00:00,114.1875
2005-08-08 22:00:00,113.9375
2005-08-09 22:00:00,114.25
2005-08-10 22:00:00,114.21880340576172
2005-08-11 22:00:00,114.90630340576172
2005-08-12 22:00:00,115.96880340576172
2005-08-15 22:00:00,115.65630340576172
2005-08-16 22:00:00,116.15630340576172
2005-08-17 22:00:00,115.59380340576172
2005-08-18 22:00:00,116.25
2005-08-19 22:00:00,116.25
2005-08-22 22:00:00,116.25
2005-08-23 22:00:00,116.53130340576172
2005-08-24 22:00:00,116.59380340576172
2005-08-25 22:00:00,117.0
2005-08-26 22:00:00,116.6875
2005-08-29 22:00:00,116.90630340576172
2005-08-30 22:00:00,117.6875
2005-08-31 22:00:00,118.375
2005-09-01 22:00:00,118.25
2005-09-02 22:00:00,118.09380340576172
2005-09-06 22:00:00,117.5
2005-09-07 22:00:00,116.65630340576172
2005-09-08 22:00:00,116.65630340576172
2005-09-09 22:00:00,116.90630340576172
2005-09-12 22:00:00,116.34380340576172
2005-09-13 22:00:00,116.6875
2005-09-14 22:00:00,116.3125
2005-09-15 22:00:00,115.65630340576172
2005-09-16 22:00:00,115.15630340576172
2005-09-19 22:00:00,115.25
2005-09-20 22:00:00,115.46880340576172
2005-09-21 22:00:00,116.15630340576172
2005-09-22 22:00:00,115.875
2005-09-23 22:00:00,115.15630340576172
2005-09-26 22:00:00,114.65630340576172
2005-09-27 22:00:00,114.5625
2005-09-28 22:00:00,115.15630340576172
2005-09-29 22:00:00,114.78130340576172
2005-09-30 22:00:00,114.40630340576172
2005-10-03 22:00:00,113.75
2005-10-04 22:00:00,113.9375
2005-10-05 22:00:00,114.1875
2005-10-06 22:00:00,114.125
2005-10-07 22:00:00,114.25
2005-10-11 22:00:00,114.0
2005-10-12 22:00:00,113.21880340576172
2005-10-13 22:00:00,112.71880340576172
2005-10-14 22:00:00,112.625
2005-10-17 22:00:00,112.59380340576172
2005-10-18 22:00:00,112.6875
2005-10-19 22:00:00,112.8125
2005-10-20 22:00:00,112.90630340576172
2005-10-21 22:00:00,113.71880340576172
2005-10-24 22:00:00,113.09380340576172
2005-10-25 22:00:00,112.4375
2005-10-26 22:00:00,111.46880340576172
2005-10-27 22:00:00,111.8125
2005-10-28 22:00:00,111.8125
2005-10-31 22:00:00,111.96880340576172
2005-11-01 22:00:00,111.78130340576172
2005-11-02 22:00:00,111.375
2005-11-03 22:00:00,110.78130340576172
2005-11-04 22:00:00,110.65630340576172
2005-11-07 22:00:00,110.90630340576172
2005-11-08 22:00:00,111.75
2005-11-09 22:00:00,111.0
2005-11-10 22:00:00,111.9375
2005-11-14 22:00:00,111.3125
2005-11-15 22:00:00,111.9375
2005-11-16 22:00:00,112.71880340576172
2005-11-17 22:00:00,113.0
2005-11-18 22:00:00,112.46880340576172
2005-11-21 22:00:00,112.8125
2005-11-22 22:00:00,112.96880340576172
2005-11-23 22:00:00,112.34380340576172
2005-11-25 22:00:00,112.90630340576172
2005-11-28 22:00:00,113.34380340576172
2005-11-29 22:00:00,112.4375
2005-11-30 22:00:00,112.28130340576172
2005-12-01 22:00:00,112.0625
2005-12-02 22:00:00,112.15630340576172
2005-12-05 22:00:00,111.71880340576172
2005-12-06 22:00:00,112.5625
2005-12-07 22:00:00,112.28130340576172
2005-12-08 22:00:00,112.90630340576172
2005-12-09 22:00:00,112.125
2005-12-12 22:00:00,112.03130340576172
2005-12-13 22:00:00,112.125
2005-12-14 22:00:00,113.125
2005-12-15 22:00:00,112.9375
2005-12-16 22:00:00,113.28130340576172
2005-12-19 22:00:00,113.34380340576172
2005-12-20 22:00:00,113.25
2005-12-21 22:00:00,112.71880340576172
2005-12-22 22:00:00,113.40630340576172
2005-12-23 22:00:00,114.1875
2005-12-27 22:00:00,114.6875
2005-12-28 22:00:00,114.3125
2005-12-29 22:00:00,114.4375
2005-12-30 22:00:00,114.1875
2006-01-03 22:00:00,114.375
2006-01-04 22:00:00,114.46875
2006-01-05 22:00:00,114.4375
2006-01-06 22:00:00,114.125
2006-01-09 22:00:00,114.125
2006-01-10 22:00:00,113.53125
2006-01-11 22:00:00,113.21875
2006-01-12 22:00:00,113.84375
2006-01-13 22:00:00,114.6875
2006-01-17 22:00:00,114.875
2006-01-18 22:00:00,114.75
2006-01-19 22:00:00,114.40625
2006-01-20 22:00:00,114.625
2006-01-23 22:00:00,114.65625
2006-01-24 22:00:00,114.28125
2006-01-25 22:00:00,113.1875
2006-01-26 22:00:00,112.65625
2006-01-27 22:00:00,112.90625
2006-01-30 22:00:00,112.65625
2006-01-31 22:00:00,112.84375
2006-02-01 22:00:00,112.59375
2006-02-02 22:00:00,112.6875
2006-02-03 22:00:00,113.28125
2006-02-06 22:00:00,113.3125
2006-02-07 22:00:00,112.875
2006-02-08 22:00:00,112.53125
2006-02-09 22:00:00,112.84375
2006-02-10 22:00:00,112.5
2006-02-13 22:00:00,112.40625
2006-02-14 22:00:00,112.0625
2006-02-15 22:00:00,112.1875
2006-02-16 22:00:00,112.3125
2006-02-17 22:00:00,113.0625
2006-02-21 22:00:00,112.875
2006-02-22 22:00:00,113.25
2006-02-23 22:00:00,112.875
2006-02-24 22:00:00,112.84375
2006-02-27 22:00:00,112.5
2006-02-28 22:00:00,113.09375
2006-03-01 22:00:00,112.5625
2006-03-02 22:00:00,111.9375
2006-03-03 22:00:00,111.375
2006-03-06 22:00:00,110.75
2006-03-07 22:00:00,110.75
2006-03-08 22:00:00,110.6875
2006-03-09 22:00:00,110.75
2006-03-10 22:00:00,110.53125
2006-03-13 22:00:00,110.34375
2006-03-14 22:00:00,111.125
2006-03-15 22:00:00,110.65625
2006-03-16 22:00:00,111.46875
2006-03-17 22:00:00,111.15625
2006-03-20 22:00:00,111.375
2006-03-21 22:00:00,110.78125
2006-03-22 22:00:00,110.90625
2006-03-23 22:00:00,110.5625
2006-03-24 22:00:00,111.25
2006-03-27 22:00:00,110.9375
2006-03-28 22:00:00,110.09375
2006-03-29 22:00:00,109.6875
2006-03-30 22:00:00,109.1875
2006-03-31 22:00:00,109.15625
2006-04-03 22:00:00,109.03125
2006-04-04 22:00:00,108.96875
2006-04-05 22:00:00,109.25
2006-04-06 22:00:00,108.625
2006-04-07 22:00:00,107.875
2006-04-10 22:00:00,107.875
2006-04-11 22:00:00,108.1875
2006-04-12 22:00:00,107.71875
2006-04-13 22:00:00,107.09375
2006-04-17 22:00:00,107.40625
2006-04-18 22:00:00,107.65625
2006-04-19 22:00:00,107.03125
2006-04-20 22:00:00,107.03125
2006-04-21 22:00:00,107.40625
2006-04-24 22:00:00,107.78125
2006-04-25 22:00:00,106.875
2006-04-26 22:00:00,106.59375
2006-04-27 22:00:00,106.6875
2006-04-28 22:00:00,106.84375
2006-05-01 22:00:00,106.21875
2006-05-02 22:00:00,106.4375
2006-05-03 22:00:00,106.03125
2006-05-04 22:00:00,106.0625
2006-05-05 22:00:00,106.5
2006-05-08 22:00:00,106.53125
2006-05-09 22:00:00,106.5
2006-05-10 22:00:00,106.5625
2006-05-11 22:00:00,106.1875
2006-05-12 22:00:00,105.5625
2006-05-15 22:00:00,105.875
2006-05-16 22:00:00,106.40625
2006-05-17 22:00:00,105.875
2006-05-18 22:00:00,106.84375
2006-05-19 22:00:00,107.15625
2006-05-22 22:00:00,107.21875
2006-05-23 22:00:00,107.03125
2006-05-24 22:00:00,107.25
2006-05-25 22:00:00,106.875
2006-05-26 22:00:00,107.03125
2006-05-30 22:00:00,106.71875
2006-05-31 22:00:00,106.40625
2006-06-01 22:00:00,106.46875
2006-06-02 22:00:00,107.6875
2006-06-05 22:00:00,107.5
2006-06-06 22:00:00,107.78125
2006-06-07 22:00:00,107.59375
2006-06-08 22:00:00,107.9375
2006-06-09 22:00:00,108.125
2006-06-12 22:00:00,108.09375
2006-06-13 22:00:00,108.34375
2006-06-14 22:00:00,107.5
2006-06-15 22:00:00,107.03125
2006-06-16 22:00:00,106.6875
2006-06-19 22:00:00,106.5
2006-06-20 22:00:00,106.4375
2006-06-21 22:00:00,106.53125
2006-06-22 22:00:00,105.96875
2006-06-23 22:00:00,105.6875
2006-06-26 22:00:00,105.5625
2006-06-27 22:00:00,105.875
2006-06-28 22:00:00,105.46875
2006-06-29 22:00:00,105.875
2006-06-30 22:00:00,106.65625
2006-07-03 22:00:00,106.53125
2006-07-05 22:00:00,105.75
2006-07-06 22:00:00,106.21875
2006-07-07 22:00:00,106.8125
2006-07-10 22:00:00,106.875
2006-07-11 22:00:00,107.1875
2006-07-12 22:00:00,107.25
2006-07-13 22:00:00,107.46875
2006-07-14 22:00:00,107.46875
2006-07-17 22:00:00,107.5
2006-07-18 22:00:00,106.84375
2006-07-19 22:00:00,107.59375
2006-07-20 22:00:00,107.90625
2006-07-21 22:00:00,107.71875
2006-07-24 22:00:00,107.71875
2006-07-25 22:00:00,107.5
2006-07-26 22:00:00,107.78125
2006-07-27 22:00:00,107.71875
2006-07-28 22:00:00,108.28125
2006-07-31 22:00:00,108.28125
2006-08-01 22:00:00,108.28125
2006-08-02 22:00:00,108.53125
2006-08-03 22:00:00,108.6875
2006-08-04 22:00:00,109.25
2006-08-07 22:00:00,109.09375
2006-08-08 22:00:00,108.96875
2006-08-09 22:00:00,108.78125
2006-08-10 22:00:00,108.65625
2006-08-11 22:00:00,108.28125
2006-08-14 22:00:00,107.96875
2006-08-15 22:00:00,108.71875
2006-08-16 22:00:00,109.3125
2006-08-17 22:00:00,109.3125
2006-08-18 22:00:00,109.625
2006-08-21 22:00:00,109.78125
2006-08-22 22:00:00,109.875
2006-08-23 22:00:00,109.875
2006-08-24 22:00:00,110.0
2006-08-25 22:00:00,110.125
2006-08-28 22:00:00,110.09375
2006-08-29 22:00:00,110.1875
2006-08-30 22:00:00,110.3125
2006-08-31 22:00:00,110.6875
2006-09-01 22:00:00,110.75
2006-09-05 22:00:00,110.125
2006-09-06 22:00:00,109.90625
2006-09-07 22:00:00,110.03125
2006-09-08 22:00:00,110.21875
2006-09-11 22:00:00,109.9375
2006-09-12 22:00:00,110.3125
2006-09-13 22:00:00,110.375
2006-09-14 22:00:00,110.15625
2006-09-15 22:00:00,110.125
2006-09-18 22:00:00,109.9375
2006-09-19 22:00:00,110.71875
2006-09-20 22:00:00,110.84375
2006-09-21 22:00:00,112.03125
2006-09-22 22:00:00,112.59375
2006-09-25 22:00:00,113.03125
2006-09-26 22:00:00,112.875
2006-09-27 22:00:00,112.75
2006-09-28 22:00:00,112.40625
2006-09-29 22:00:00,112.40625
2006-10-02 22:00:00,112.53125
2006-10-03 22:00:00,112.5625
2006-10-04 22:00:00,113.0
2006-10-05 22:00:00,112.5
2006-10-06 22:00:00,111.5625
2006-10-10 22:00:00,111.03125
2006-10-11 22:00:00,110.625
2006-10-12 22:00:00,110.6875
2006-10-13 22:00:00,110.34375
2006-10-16 22:00:00,110.53125
2006-10-17 22:00:00,110.625
2006-10-18 22:00:00,110.78125
2006-10-19 22:00:00,110.59375
2006-10-20 22:00:00,110.625
2006-10-23 22:00:00,110.125
2006-10-24 22:00:00,110.125
2006-10-25 22:00:00,110.6875
2006-10-26 22:00:00,111.34375
2006-10-27 22:00:00,111.84375
2006-10-30 22:00:00,111.90625
2006-10-31 22:00:00,112.65625
2006-11-01 22:00:00,113.15625
2006-11-02 22:00:00,112.8125
2006-11-03 22:00:00,111.625
2006-11-06 22:00:00,111.71875
2006-11-07 22:00:00,112.21875
2006-11-08 22:00:00,112.5625
2006-11-09 22:00:00,112.5625
2006-11-10 22:00:00,112.96875
2006-11-13 22:00:00,112.8125
2006-11-14 22:00:00,113.28125
2006-11-15 22:00:00,112.78125
2006-11-16 22:00:00,112.3125
2006-11-17 22:00:00,112.8125
2006-11-20 22:00:00,112.9375
2006-11-21 22:00:00,113.125
2006-11-22 22:00:00,113.21875
2006-11-24 22:00:00,113.4375
2006-11-27 22:00:00,113.59375
2006-11-28 22:00:00,113.875
2006-11-29 22:00:00,113.6875
2006-11-30 22:00:00,114.375
2006-12-01 22:00:00,114.625
2006-12-04 22:00:00,114.59375
2006-12-05 22:00:00,114.46875
2006-12-06 22:00:00,114.0625
2006-12-07 22:00:00,114.0625
2006-12-08 22:00:00,113.3125
2006-12-11 22:00:00,113.71875
2006-12-12 22:00:00,113.96875
2006-12-13 22:00:00,112.96875
2006-12-14 22:00:00,112.71875
2006-12-15 22:00:00,112.6875
2006-12-18 22:00:00,112.71875
2006-12-19 22:00:00,112.6875
2006-12-20 22:00:00,112.5625
2006-12-21 22:00:00,113.03125
2006-12-22 22:00:00,112.1875
2006-12-26 22:00:00,112.46875
2006-12-27 22:00:00,111.90625
2006-12-28 22:00:00,111.53125
2006-12-29 22:00:00,111.4375
2007-01-02 22:00:00,111.71875
2007-01-03 22:00:00,111.9375
2007-01-04 22:00:00,112.40625
2007-01-05 22:00:00,112.15625
2007-01-08 22:00:00,112.125
2007-01-09 22:00:00,112.125
2007-01-10 22:00:00,111.8125
2007-01-11 22:00:00,111.1875
2007-01-12 22:00:00,110.8125
2007-01-16 22:00:00,110.96875
2007-01-17 22:00:00,110.5625
2007-01-18 22:00:00,110.9375
2007-01-19 22:00:00,110.78125
2007-01-22 22:00:00,110.9375
2007-01-23 22:00:00,110.40625
2007-01-24 22:00:00,110.3125
2007-01-25 22:00:00,109.71875
2007-01-26 22:00:00,109.53125
2007-01-29 22:00:00,109.40625
2007-01-30 22:00:00,109.5
2007-01-31 22:00:00,110.125
2007-02-01 22:00:00,110.0625
2007-02-02 22:00:00,110.09375
2007-02-05 22:00:00,110.3125
2007-02-06 22:00:00,110.78125
2007-02-07 22:00:00,110.96875
2007-02-08 22:00:00,111.09375
2007-02-09 22:00:00,110.5
2007-02-12 22:00:00,110.3125
2007-02-13 22:00:00,110.1875
2007-02-14 22:00:00,111.03125
2007-02-15 22:00:00,111.3125
2007-02-16 22:00:00,111.5
2007-02-20 22:00:00,111.625
2007-02-21 22:00:00,111.46875
2007-02-22 22:00:00,111.0625
2007-02-23 22:00:00,111.625
2007-02-26 22:00:00,112.1875
2007-02-27 22:00:00,113.40625
2007-02-28 22:00:00,113.0
2007-03-01 22:00:00,112.875
2007-03-02 22:00:00,113.25
2007-03-05 22:00:00,113.25
2007-03-06 22:00:00,113.21875
2007-03-07 22:00:00,113.5
2007-03-08 22:00:00,113.375
2007-03-09 22:00:00,112.5
2007-03-12 22:00:00,112.84375
2007-03-13 22:00:00,113.3125
2007-03-14 22:00:00,113.0
2007-03-15 22:00:00,112.9375
2007-03-16 22:00:00,112.875
2007-03-19 22:00:00,112.5625
2007-03-20 22:00:00,112.78125
2007-03-21 22:00:00,112.40625
2007-03-22 22:00:00,112.0625
2007-03-23 22:00:00,111.84375
2007-03-26 22:00:00,112.03125
2007-03-27 22:00:00,111.75
2007-03-28 22:00:00,111.59375
2007-03-29 22:00:00,111.5625
2007-03-30 22:00:00,111.25
2007-04-02 22:00:00,111.34375
2007-04-03 22:00:00,111.1875
2007-04-04 22:00:00,111.28125
2007-04-05 22:00:00,111.03125
2007-04-09 22:00:00,110.375
2007-04-10 22:00:00,110.5625
2007-04-11 22:00:00,110.4375
2007-04-12 22:00:00,110.46875
2007-04-13 22:00:00,110.25
2007-04-16 22:00:00,110.59375
2007-04-17 22:00:00,111.125
2007-04-18 22:00:00,111.46875
2007-04-19 22:00:00,111.34375
2007-04-20 22:00:00,111.28125
2007-04-23 22:00:00,111.46875
2007-04-24 22:00:00,111.71875
2007-04-25 22:00:00,111.5
2007-04-26 22:00:00,111.0625
2007-04-27 22:00:00,110.90625
2007-04-30 22:00:00,111.75
2007-05-01 22:00:00,111.71875
2007-05-02 22:00:00,111.71875
2007-05-03 22:00:00,111.4375
2007-05-04 22:00:00,111.84375
2007-05-07 22:00:00,111.9375
2007-05-08 22:00:00,111.84375
2007-05-09 22:00:00,111.34375
2007-05-10 22:00:00,111.5625
2007-05-11 22:00:00,111.3125
2007-05-14 22:00:00,111.125
2007-05-15 22:00:00,110.875
2007-05-16 22:00:00,110.9375
2007-05-17 22:00:00,110.4375
2007-05-18 22:00:00,109.9375
2007-05-21 22:00:00,110.09375
2007-05-22 22:00:00,109.59375
2007-05-23 22:00:00,109.25
2007-05-24 22:00:00,109.28125
2007-05-25 22:00:00,109.25
2007-05-29 22:00:00,109.09375
2007-05-30 22:00:00,109.15625
2007-05-31 22:00:00,109.15625
2007-06-01 22:00:00,108.53125
2007-06-04 22:00:00,108.9375
2007-06-05 22:00:00,108.4375
2007-06-06 22:00:00,108.375
2007-06-07 22:00:00,107.03125
2007-06-08 22:00:00,106.875
2007-06-11 22:00:00,106.71875
2007-06-12 22:00:00,105.5625
2007-06-13 22:00:00,106.1875
2007-06-14 22:00:00,106.03125
2007-06-15 22:00:00,106.40625
2007-06-18 22:00:00,106.625
2007-06-19 22:00:00,107.1875
2007-06-20 22:00:00,106.78125
2007-06-21 22:00:00,106.125
2007-06-22 22:00:00,106.375
2007-06-25 22:00:00,107.03125
2007-06-26 22:00:00,106.78125
2007-06-27 22:00:00,107.125
2007-06-28 22:00:00,106.78125
2007-06-29 22:00:00,107.75
2007-07-02 22:00:00,108.03125
2007-07-03 22:00:00,107.5
2007-07-05 22:00:00,106.5625
2007-07-06 22:00:00,106.09375
2007-07-09 22:00:00,106.46875
2007-07-10 22:00:00,107.65625
2007-07-11 22:00:00,107.1875
2007-07-12 22:00:00,106.84375
2007-07-13 22:00:00,106.96875
2007-07-16 22:00:00,107.71875
2007-07-17 22:00:00,107.28125
2007-07-18 22:00:00,107.96875
2007-07-19 22:00:00,107.78125
2007-07-20 22:00:00,108.40625
2007-07-23 22:00:00,108.375
2007-07-24 22:00:00,108.46875
2007-07-25 22:00:00,108.875
2007-07-26 22:00:00,109.90625
2007-07-27 22:00:00,109.78125
2007-07-30 22:00:00,109.625
2007-07-31 22:00:00,110.0625
2007-08-01 22:00:00,110.0625
2007-08-02 22:00:00,110.21875
2007-08-03 22:00:00,110.625
2007-08-06 22:00:00,110.1875
2007-08-07 22:00:00,110.1875
2007-08-08 22:00:00,108.9375
2007-08-09 22:00:00,109.125
2007-08-10 22:00:00,109.3125
2007-08-13 22:00:00,109.46875
2007-08-14 22:00:00,109.8125
2007-08-15 22:00:00,109.5625
2007-08-16 22:00:00,110.59375
2007-08-17 22:00:00,109.84375
2007-08-20 22:00:00,110.25
2007-08-21 22:00:00,110.625
2007-08-22 22:00:00,110.375
2007-08-23 22:00:00,110.6875
2007-08-24 22:00:00,110.84375
2007-08-27 22:00:00,111.34375
2007-08-28 22:00:00,111.625
2007-08-29 22:00:00,111.46875
2007-08-30 22:00:00,112.09375
2007-08-31 22:00:00,111.78125
2007-09-04 22:00:00,111.65625
2007-09-05 22:00:00,112.5
2007-09-06 22:00:00,112.28125
2007-09-07 22:00:00,113.53125
2007-09-10 22:00:00,114.1875
2007-09-11 22:00:00,114.0
2007-09-12 22:00:00,113.53125
2007-09-13 22:00:00,112.8125
2007-09-14 22:00:00,112.96875
2007-09-17 22:00:00,113.0
2007-09-18 22:00:00,112.78125
2007-09-19 22:00:00,111.78125
2007-09-20 22:00:00,110.25
2007-09-21 22:00:00,110.75
2007-09-24 22:00:00,110.875
2007-09-25 22:00:00,110.8125
2007-09-26 22:00:00,110.71875
2007-09-27 22:00:00,111.34375
2007-09-28 22:00:00,111.34375
2007-10-01 22:00:00,111.71875
2007-10-02 22:00:00,112.0
2007-10-03 22:00:00,111.84375
2007-10-04 22:00:00,112.09375
2007-10-05 22:00:00,110.78125
2007-10-09 22:00:00,110.78125
2007-10-10 22:00:00,110.78125
2007-10-11 22:00:00,110.625
2007-10-12 22:00:00,110.375
2007-10-15 22:00:00,110.4375
2007-10-16 22:00:00,110.40625
2007-10-17 22:00:00,111.6875
2007-10-18 22:00:00,112.15625
2007-10-19 22:00:00,113.21875
2007-10-22 22:00:00,113.40625
2007-10-23 22:00:00,113.1875
2007-10-24 22:00:00,113.9375
2007-10-25 22:00:00,113.78125
2007-10-26 22:00:00,113.5
2007-10-29 22:00:00,113.65625
2007-10-30 22:00:00,113.59375
2007-10-31 22:00:00,112.59375
2007-11-01 22:00:00,113.84375
2007-11-02 22:00:00,114.5
2007-11-05 22:00:00,114.1875
2007-11-06 22:00:00,113.75
2007-11-07 22:00:00,113.71875
2007-11-08 22:00:00,114.0625
2007-11-09 22:00:00,114.6875
2007-11-13 22:00:00,114.40625
2007-11-14 22:00:00,114.40625
2007-11-15 22:00:00,115.40625
2007-11-16 22:00:00,115.5625
2007-11-19 22:00:00,116.21875
2007-11-20 22:00:00,116.25
2007-11-21 22:00:00,116.5
2007-11-23 22:00:00,116.875
2007-11-26 22:00:00,118.78125
2007-11-27 22:00:00,117.625
2007-11-28 22:00:00,116.9375
2007-11-29 22:00:00,117.78125
2007-11-30 22:00:00,117.1875
2007-12-03 22:00:00,118.0
2007-12-04 22:00:00,118.0
2007-12-05 22:00:00,117.65625
2007-12-06 22:00:00,116.625
2007-12-07 22:00:00,115.1875
2007-12-10 22:00:00,114.8125
2007-12-11 22:00:00,116.4375
2007-12-12 22:00:00,115.65625
2007-12-13 22:00:00,114.5
2007-12-14 22:00:00,113.8125
2007-12-17 22:00:00,114.34375
2007-12-18 22:00:00,115.28125
2007-12-19 22:00:00,115.71875
2007-12-20 22:00:00,116.5625
2007-12-21 22:00:00,115.0
2007-12-24 22:00:00,114.375
2007-12-26 22:00:00,113.53125
2007-12-27 22:00:00,114.4375
2007-12-28 22:00:00,115.6875
2007-12-31 22:00:00,116.375
2008-01-02 22:00:00,117.90625
2008-01-03 22:00:00,117.75
2008-01-04 22:00:00,118.09375
2008-01-07 22:00:00,118.40625
2008-01-08 22:00:00,118.28125
2008-01-09 22:00:00,118.8125
2008-01-10 22:00:00,117.4375
2008-01-11 22:00:00,118.25
2008-01-14 22:00:00,118.5
2008-01-15 22:00:00,119.53125
2008-01-16 22:00:00,119.1875
2008-01-17 22:00:00,120.09375
2008-01-18 22:00:00,119.59375
2008-01-22 22:00:00,120.78125
2008-01-23 22:00:00,121.4375
2008-01-24 22:00:00,118.96875
2008-01-25 22:00:00,119.875
2008-01-28 22:00:00,119.96875
2008-01-29 22:00:00,119.3125
2008-01-30 22:00:00,118.3125
2008-01-31 22:00:00,119.3125
2008-02-01 22:00:00,119.78125
2008-02-04 22:00:00,119.1875
2008-02-05 22:00:00,119.78125
2008-02-06 22:00:00,119.375
2008-02-07 22:00:00,117.8125
2008-02-08 22:00:00,118.71875
2008-02-11 22:00:00,119.28125
2008-02-12 22:00:00,118.5
2008-02-13 22:00:00,118.0625
2008-02-14 22:00:00,116.40625
2008-02-15 22:00:00,117.0
2008-02-19 22:00:00,116.0625
2008-02-20 22:00:00,115.90625
2008-02-21 22:00:00,117.25
2008-02-22 22:00:00,117.0625
2008-02-25 22:00:00,115.84375
2008-02-26 22:00:00,116.0
2008-02-27 22:00:00,116.21875
2008-02-28 22:00:00,117.71875
2008-02-29 22:00:00,119.6875
2008-03-03 22:00:00,119.67188262939452
2008-03-04 22:00:00,119.0
2008-03-05 22:00:00,117.54688262939452
2008-03-06 22:00:00,117.95313262939452
2008-03-07 22:00:00,118.42188262939452
2008-03-10 22:00:00,119.85938262939452
2008-03-11 22:00:00,118.26563262939452
2008-03-12 22:00:00,120.01563262939452
2008-03-13 22:00:00,119.39063262939452
2008-03-14 22:00:00,120.70313262939452
2008-03-17 22:00:00,121.48438262939452
2008-03-18 22:00:00,120.64063262939452
2008-03-19 22:00:00,121.1875
2008-03-20 22:00:00,120.95313262939452
2008-03-24 22:00:00,118.79688262939452
2008-03-25 22:00:00,119.0625
2008-03-26 22:00:00,118.8125
2008-03-27 22:00:00,118.17188262939452
2008-03-28 22:00:00,118.53125
2008-03-31 22:00:00,118.79688262939452
2008-04-01 22:00:00,117.64063262939452
2008-04-02 22:00:00,117.45313262939452
2008-04-03 22:00:00,117.54688262939452
2008-04-04 22:00:00,119.10938262939452
2008-04-07 22:00:00,118.34375
2008-04-08 22:00:00,118.26563262939452
2008-04-09 22:00:00,119.42188262939452
2008-04-10 22:00:00,119.03125
2008-04-11 22:00:00,119.67188262939452
2008-04-14 22:00:00,119.29688262939452
2008-04-15 22:00:00,118.42188262939452
2008-04-16 22:00:00,117.0
2008-04-17 22:00:00,116.6875
2008-04-18 22:00:00,116.4375
2008-04-21 22:00:00,117.07813262939452
2008-04-22 22:00:00,117.15625
2008-04-23 22:00:00,116.98438262939452
2008-04-24 22:00:00,116.10938262939452
2008-04-25 22:00:00,115.59375
2008-04-28 22:00:00,116.03125
2008-04-29 22:00:00,116.10938262939452
2008-04-30 22:00:00,116.89063262939452
2008-05-01 22:00:00,117.14063262939452
2008-05-02 22:00:00,116.23438262939452
2008-05-05 22:00:00,116.125
2008-05-06 22:00:00,115.42188262939452
2008-05-07 22:00:00,115.75
2008-05-08 22:00:00,116.76563262939452
2008-05-09 22:00:00,117.25
2008-05-12 22:00:00,117.25
2008-05-13 22:00:00,115.84375
2008-05-14 22:00:00,115.5
2008-05-15 22:00:00,116.42188262939452
2008-05-16 22:00:00,116.45313262939452
2008-05-19 22:00:00,116.60938262939452
2008-05-20 22:00:00,117.29688262939452
2008-05-21 22:00:00,116.96875
2008-05-22 22:00:00,115.8125
2008-05-23 22:00:00,116.85938262939452
2008-05-27 22:00:00,115.64063262939452
2008-05-28 22:00:00,114.76563262939452
2008-05-29 22:00:00,113.9375
2008-05-30 22:00:00,114.46875
2008-06-02 22:00:00,115.04688262939452
2008-06-03 22:00:00,115.89063262939452
2008-06-04 22:00:00,115.25
2008-06-05 22:00:00,114.25
2008-06-06 22:00:00,115.10938262939452
2008-06-09 22:00:00,114.9375
2008-06-10 22:00:00,113.95313262939452
2008-06-11 22:00:00,114.125
2008-06-12 22:00:00,112.9375
2008-06-13 22:00:00,112.54688262939452
2008-06-16 22:00:00,112.79688262939452
2008-06-17 22:00:00,112.8125
2008-06-18 22:00:00,113.57813262939452
2008-06-19 22:00:00,113.25
2008-06-20 22:00:00,113.45313262939452
2008-06-23 22:00:00,113.28125
2008-06-24 22:00:00,114.125
2008-06-25 22:00:00,113.96875
2008-06-26 22:00:00,115.0
2008-06-27 22:00:00,115.65625
2008-06-30 22:00:00,115.59375
2008-07-01 22:00:00,115.51563262939452
2008-07-02 22:00:00,116.125
2008-07-03 22:00:00,115.875
2008-07-07 22:00:00,116.29688262939452
2008-07-08 22:00:00,116.84375
2008-07-09 22:00:00,117.1875
2008-07-10 22:00:00,117.3125
2008-07-11 22:00:00,115.84375
2008-07-14 22:00:00,116.73438262939452
2008-07-15 22:00:00,116.875
2008-07-16 22:00:00,115.5
2008-07-17 22:00:00,114.64063262939452
2008-07-18 22:00:00,114.32813262939452
2008-07-21 22:00:00,114.54688262939452
2008-07-22 22:00:00,114.15625
2008-07-23 22:00:00,113.60938262939452
2008-07-24 22:00:00,115.0
2008-07-25 22:00:00,113.8125
2008-07-28 22:00:00,115.03125
2008-07-29 22:00:00,114.89063262939452
2008-07-30 22:00:00,114.82813262939452
2008-07-31 22:00:00,115.5
2008-08-01 22:00:00,115.90625
2008-08-04 22:00:00,115.70313262939452
2008-08-05 22:00:00,115.28125
2008-08-06 22:00:00,114.65625
2008-08-07 22:00:00,116.25
2008-08-08 22:00:00,116.375
2008-08-11 22:00:00,115.5625
2008-08-12 22:00:00,116.5
2008-08-13 22:00:00,116.07813262939452
2008-08-14 22:00:00,116.90625
2008-08-15 22:00:00,117.48438262939452
2008-08-18 22:00:00,117.92188262939452
2008-08-19 22:00:00,117.57813262939452
2008-08-20 22:00:00,118.04688262939452
2008-08-21 22:00:00,117.73438262939452
2008-08-22 22:00:00,117.6875
2008-08-25 22:00:00,118.54688262939452
2008-08-26 22:00:00,118.625
2008-08-27 22:00:00,118.79688262939452
2008-08-28 22:00:00,118.78125
2008-08-29 22:00:00,118.1875
2008-09-02 22:00:00,118.98438262939452
2008-09-03 22:00:00,119.45313262939452
2008-09-04 22:00:00,119.9375
2008-09-05 22:00:00,119.9375
2008-09-08 22:00:00,120.10938262939452
2008-09-09 22:00:00,121.04688262939452
2008-09-10 22:00:00,120.54688262939452
2008-09-11 22:00:00,120.84375
2008-09-12 22:00:00,119.45313262939452
2008-09-15 22:00:00,122.1875
2008-09-16 22:00:00,122.54688262939452
2008-09-17 22:00:00,122.89063262939452
2008-09-18 22:00:00,122.79688262939452
2008-09-19 22:00:00,119.21875
2008-09-22 22:00:00,117.45313262939452
2008-09-23 22:00:00,117.04688262939452
2008-09-24 22:00:00,117.35938262939452
2008-09-25 22:00:00,116.76563262939452
2008-09-26 22:00:00,117.4375
2008-09-29 22:00:00,119.82813262939452
2008-09-30 22:00:00,117.17188262939452
2008-10-01 22:00:00,118.20313262939452
2008-10-02 22:00:00,119.39063262939452
2008-10-03 22:00:00,119.64063262939452
2008-10-06 22:00:00,121.96875
2008-10-07 22:00:00,120.73438262939452
2008-10-08 22:00:00,118.28125
2008-10-09 22:00:00,116.51563262939452
2008-10-10 22:00:00,116.625
2008-10-13 22:00:00,115.04688262939452
2008-10-14 22:00:00,114.78125
2008-10-15 22:00:00,114.25
2008-10-16 22:00:00,114.39063262939452
2008-10-17 22:00:00,113.04688262939452
2008-10-20 22:00:00,113.48438262939452
2008-10-21 22:00:00,115.17188262939452
2008-10-22 22:00:00,115.85938262939452
2008-10-23 22:00:00,117.95313262939452
2008-10-24 22:00:00,116.95313262939452
2008-10-27 22:00:00,117.32813262939452
2008-10-28 22:00:00,116.35938262939452
2008-10-29 22:00:00,115.03125
2008-10-30 22:00:00,114.3125
2008-10-31 22:00:00,113.125
2008-11-03 22:00:00,113.54688262939452
2008-11-04 22:00:00,115.35938262939452
2008-11-05 22:00:00,116.625
2008-11-06 22:00:00,116.79688262939452
2008-11-07 22:00:00,116.35938262939452
2008-11-10 22:00:00,117.64063262939452
2008-11-11 22:00:00,118.4375
2008-11-12 22:00:00,118.09375
2008-11-13 22:00:00,117.01563262939452
2008-11-14 22:00:00,118.54688262939452
2008-11-17 22:00:00,118.8125
2008-11-18 22:00:00,120.15625
2008-11-19 22:00:00,122.09375
2008-11-20 22:00:00,125.78125
2008-11-21 22:00:00,126.29688262939452
2008-11-24 22:00:00,125.28125
2008-11-25 22:00:00,126.90625
2008-11-26 22:00:00,128.046875
2008-11-28 22:00:00,128.5625
2008-12-01 22:00:00,131.625
2008-12-02 22:00:00,132.203125
2008-12-03 22:00:00,132.96875
2008-12-04 22:00:00,134.9375
2008-12-05 22:00:00,134.609375
2008-12-08 22:00:00,134.703125
2008-12-09 22:00:00,135.59375
2008-12-10 22:00:00,135.03125
2008-12-11 22:00:00,135.609375
2008-12-12 22:00:00,135.9375
2008-12-15 22:00:00,136.3125
2008-12-16 22:00:00,138.484375
2008-12-17 22:00:00,140.484375
2008-12-18 22:00:00,142.546875
2008-12-19 22:00:00,142.625
2008-12-22 22:00:00,140.6875
2008-12-23 22:00:00,141.0
2008-12-24 22:00:00,140.46875
2008-12-26 22:00:00,141.171875
2008-12-29 22:00:00,140.890625
2008-12-30 22:00:00,141.421875
2008-12-31 22:00:00,138.046875
2009-01-02 22:00:00,135.46875
2009-01-05 22:00:00,133.015625
2009-01-06 22:00:00,132.6875
2009-01-07 22:00:00,132.6875
2009-01-08 22:00:00,133.015625
2009-01-09 22:00:00,133.140625
2009-01-12 22:00:00,134.828125
2009-01-13 22:00:00,134.828125
2009-01-14 22:00:00,136.875
2009-01-15 22:00:00,137.140625
2009-01-16 22:00:00,136.21875
2009-01-20 22:00:00,134.921875
2009-01-21 22:00:00,131.65625
2009-01-22 22:00:00,129.9375
2009-01-23 22:00:00,129.609375
2009-01-26 22:00:00,129.234375
2009-01-27 22:00:00,131.203125
2009-01-28 22:00:00,128.921875
2009-01-29 22:00:00,127.14063262939452
2009-01-30 22:00:00,126.70313262939452
2009-02-02 22:00:00,128.765625
2009-02-03 22:00:00,126.96875
2009-02-04 22:00:00,126.64063262939452
2009-02-05 22:00:00,126.90625
2009-02-06 22:00:00,125.84375
2009-02-09 22:00:00,125.67188262939452
2009-02-10 22:00:00,127.90625
2009-02-11 22:00:00,128.734375
2009-02-12 22:00:00,129.28125
2009-02-13 22:00:00,126.28125
2009-02-17 22:00:00,129.34375
2009-02-18 22:00:00,128.65625
2009-02-19 22:00:00,126.26563262939452
2009-02-20 22:00:00,127.625
2009-02-23 22:00:00,127.89063262939452
2009-02-24 22:00:00,127.875
2009-02-25 22:00:00,126.1875
2009-02-26 22:00:00,125.78125
2009-02-27 22:00:00,124.60938262939452
2009-03-02 22:00:00,126.01563262939452
2009-03-03 22:00:00,125.76563262939452
2009-03-04 22:00:00,125.0625
2009-03-05 22:00:00,128.265625
2009-03-06 22:00:00,128.5625
2009-03-09 22:00:00,127.5
2009-03-10 22:00:00,126.25
2009-03-11 22:00:00,127.125
2009-03-12 22:00:00,127.76563262939452
2009-03-13 22:00:00,127.51563262939452
2009-03-16 22:00:00,126.25
2009-03-17 22:00:00,125.54688262939452
2009-03-18 22:00:00,130.640625
2009-03-19 22:00:00,130.828125
2009-03-20 22:00:00,130.96875
2009-03-23 22:00:00,128.609375
2009-03-24 22:00:00,129.125
2009-03-25 22:00:00,127.76563262939452
2009-03-26 22:00:00,128.578125
2009-03-27 22:00:00,128.546875
2009-03-30 22:00:00,128.953125
2009-03-31 22:00:00,129.703125
2009-04-01 22:00:00,130.578125
2009-04-02 22:00:00,129.15625
2009-04-03 22:00:00,126.98438262939452
2009-04-06 22:00:00,126.07813262939452
2009-04-07 22:00:00,126.78125
2009-04-08 22:00:00,127.59375
2009-04-09 22:00:00,125.92188262939452
2009-04-13 22:00:00,127.09375
2009-04-14 22:00:00,127.65625
2009-04-15 22:00:00,127.92188262939452
2009-04-16 22:00:00,126.98438262939452
2009-04-17 22:00:00,125.34375
2009-04-20 22:00:00,126.65625
2009-04-21 22:00:00,125.65625
2009-04-22 22:00:00,124.64063262939452
2009-04-23 22:00:00,125.21875
2009-04-24 22:00:00,124.23438262939452
2009-04-27 22:00:00,125.03125
2009-04-28 22:00:00,123.8125
2009-04-29 22:00:00,122.75
2009-04-30 22:00:00,122.5625
2009-05-01 22:00:00,122.15625
2009-05-04 22:00:00,122.51563262939452
2009-05-05 22:00:00,122.54688262939452
2009-05-06 22:00:00,122.35938262939452
2009-05-07 22:00:00,120.4375
2009-05-08 22:00:00,120.32813262939452
2009-05-11 22:00:00,121.75
2009-05-12 22:00:00,122.01563262939452
2009-05-13 22:00:00,122.9375
2009-05-14 22:00:00,123.10938262939452
2009-05-15 22:00:00,122.92188262939452
2009-05-18 22:00:00,121.78125
2009-05-19 22:00:00,121.6875
2009-05-20 22:00:00,122.45313262939452
2009-05-21 22:00:00,120.32813262939452
2009-05-22 22:00:00,119.3125
2009-05-26 22:00:00,118.65625
2009-05-27 22:00:00,116.6875
2009-05-28 22:00:00,117.09375
2009-05-29 22:00:00,119.09375
2009-06-01 22:00:00,115.98438262939452
2009-06-02 22:00:00,116.76563262939452
2009-06-03 22:00:00,117.67188262939452
2009-06-04 22:00:00,115.89063262939452
2009-06-05 22:00:00,114.67188262939452
2009-06-08 22:00:00,114.875
2009-06-09 22:00:00,115.07813262939452
2009-06-10 22:00:00,114.125
2009-06-11 22:00:00,115.0
2009-06-12 22:00:00,115.78125
2009-06-15 22:00:00,116.625
2009-06-16 22:00:00,117.15625
2009-06-17 22:00:00,117.78125
2009-06-18 22:00:00,115.67188262939452
2009-06-19 22:00:00,116.0
2009-06-22 22:00:00,116.35938262939452
2009-06-23 22:00:00,117.20313262939452
2009-06-24 22:00:00,116.5625
2009-06-25 22:00:00,118.01563262939452
2009-06-26 22:00:00,118.53125
2009-06-29 22:00:00,118.5625
2009-06-30 22:00:00,118.35938262939452
2009-07-01 22:00:00,118.23438262939452
2009-07-02 22:00:00,118.9375
2009-07-06 22:00:00,118.82813262939452
2009-07-07 22:00:00,119.42188262939452
2009-07-08 22:00:00,121.25
2009-07-09 22:00:00,119.34375
2009-07-10 22:00:00,120.71875
2009-07-13 22:00:00,120.04688262939452
2009-07-14 22:00:00,118.65625
2009-07-15 22:00:00,116.82813262939452
2009-07-16 22:00:00,117.21875
2009-07-17 22:00:00,116.26563262939452
2009-07-20 22:00:00,117.1875
2009-07-21 22:00:00,118.32813262939452
2009-07-22 22:00:00,117.28125
2009-07-23 22:00:00,115.625
2009-07-24 22:00:00,116.09375
2009-07-27 22:00:00,115.51563262939452
2009-07-28 22:00:00,115.95313262939452
2009-07-29 22:00:00,116.46875
2009-07-30 22:00:00,117.04688262939452
2009-07-31 22:00:00,119.0
2009-08-03 22:00:00,117.59375
2009-08-04 22:00:00,117.04688262939452
2009-08-05 22:00:00,116.09375
2009-08-06 22:00:00,116.46875
2009-08-07 22:00:00,115.3125
2009-08-10 22:00:00,116.40625
2009-08-11 22:00:00,117.48438262939452
2009-08-12 22:00:00,116.85938262939452
2009-08-13 22:00:00,118.1875
2009-08-14 22:00:00,118.78125
2009-08-17 22:00:00,119.67188262939452
2009-08-18 22:00:00,119.28125
2009-08-19 22:00:00,119.85938262939452
2009-08-20 22:00:00,120.29688262939452
2009-08-21 22:00:00,118.8125
2009-08-24 22:00:00,119.76563262939452
2009-08-25 22:00:00,120.45313262939452
2009-08-26 22:00:00,120.8125
2009-08-27 22:00:00,120.29688262939452
2009-08-28 22:00:00,120.3125
2009-08-31 22:00:00,120.9375
2009-09-01 22:00:00,121.21875
2009-09-02 22:00:00,122.34375
2009-09-03 22:00:00,121.90625
2009-09-04 22:00:00,120.34375
2009-09-08 22:00:00,119.90625
2009-09-09 22:00:00,119.75
2009-09-10 22:00:00,121.75
2009-09-11 22:00:00,121.875
2009-09-14 22:00:00,121.25
2009-09-15 22:00:00,120.5625
2009-09-16 22:00:00,120.3125
2009-09-17 22:00:00,121.5
2009-09-18 22:00:00,120.6875
2009-09-21 22:00:00,120.96875
2009-09-22 22:00:00,119.15625
2009-09-23 22:00:00,119.6875
2009-09-24 22:00:00,119.96875
2009-09-25 22:00:00,120.875
2009-09-28 22:00:00,121.4375
2009-09-29 22:00:00,121.625
2009-09-30 22:00:00,121.375
2009-10-01 22:00:00,122.65625
2009-10-02 22:00:00,122.28125
2009-10-05 22:00:00,122.3125
2009-10-06 22:00:00,122.03125
2009-10-07 22:00:00,122.875
2009-10-08 22:00:00,121.71875
2009-10-09 22:00:00,119.96875
2009-10-12 22:00:00,120.125
2009-10-13 22:00:00,120.90625
2009-10-14 22:00:00,119.40625
2009-10-15 22:00:00,118.78125
2009-10-16 22:00:00,119.5625
2009-10-19 22:00:00,119.90625
2009-10-20 22:00:00,120.65625
2009-10-21 22:00:00,119.78125
2009-10-22 22:00:00,119.625
2009-10-23 22:00:00,119.03125
2009-10-26 22:00:00,118.0625
2009-10-27 22:00:00,119.125
2009-10-28 22:00:00,119.8125
2009-10-29 22:00:00,118.6875
2009-10-30 22:00:00,120.15625
2009-11-02 22:00:00,119.8125
2009-11-03 22:00:00,119.0625
2009-11-04 22:00:00,118.09375
2009-11-05 22:00:00,118.21875
2009-11-06 22:00:00,118.4375
2009-11-09 22:00:00,118.5
2009-11-10 22:00:00,118.40625
2009-11-11 22:00:00,119.375
2009-11-12 22:00:00,118.90625
2009-11-13 22:00:00,119.4375
2009-11-16 22:00:00,120.84375
2009-11-17 22:00:00,121.0625
2009-11-18 22:00:00,120.5
2009-11-19 22:00:00,120.8125
2009-11-20 22:00:00,120.875
2009-11-23 22:00:00,120.90625
2009-11-24 22:00:00,121.53125
2009-11-25 22:00:00,122.1875
2009-11-27 22:00:00,123.1875
2009-11-30 22:00:00,123.34375
2009-12-01 22:00:00,122.34375
2009-12-02 22:00:00,121.9375
2009-12-03 22:00:00,120.96875
2009-12-04 22:00:00,119.6875
2009-12-07 22:00:00,119.96875
2009-12-08 22:00:00,120.5
2009-12-09 22:00:00,120.21875
2009-12-10 22:00:00,119.40625
2009-12-11 22:00:00,118.90625
2009-12-14 22:00:00,119.09375
2009-12-15 22:00:00,118.6875
2009-12-16 22:00:00,118.65625
2009-12-17 22:00:00,120.0625
2009-12-18 22:00:00,119.4375
2009-12-21 22:00:00,118.3125
2009-12-22 22:00:00,116.09375
2009-12-23 22:00:00,115.9375
2009-12-24 22:00:00,115.21875
2009-12-28 22:00:00,115.0
2009-12-29 22:00:00,115.40625
2009-12-30 22:00:00,115.875
2009-12-31 22:00:00,115.375
2010-01-04 22:00:00,115.09375
2010-01-05 22:00:00,116.03125
2010-01-06 22:00:00,115.3125
2010-01-07 22:00:00,115.28125
2010-01-08 22:00:00,115.46875
2010-01-11 22:00:00,115.1875
2010-01-12 22:00:00,116.8125
2010-01-13 22:00:00,115.9375
2010-01-14 22:00:00,116.78125
2010-01-15 22:00:00,117.375
2010-01-19 22:00:00,117.15625
2010-01-20 22:00:00,117.96875
2010-01-21 22:00:00,118.625
2010-01-22 22:00:00,118.84375
2010-01-25 22:00:00,118.3125
2010-01-26 22:00:00,118.28125
2010-01-27 22:00:00,118.34375
2010-01-28 22:00:00,118.15625
2010-01-29 22:00:00,118.8125
2010-02-01 22:00:00,118.15625
2010-02-02 22:00:00,118.40625
2010-02-03 22:00:00,117.375
2010-02-04 22:00:00,118.78125
2010-02-05 22:00:00,119.5
2010-02-08 22:00:00,118.9375
2010-02-09 22:00:00,118.3125
2010-02-10 22:00:00,117.5625
2010-02-11 22:00:00,117.25
2010-02-12 22:00:00,117.5625
2010-02-16 22:00:00,117.8125
2010-02-17 22:00:00,116.8125
2010-02-18 22:00:00,116.1875
2010-02-19 22:00:00,116.78125
2010-02-22 22:00:00,116.375
2010-02-23 22:00:00,117.875
2010-02-24 22:00:00,117.71875
2010-02-25 22:00:00,118.40625
2010-02-26 22:00:00,119.1875
2010-03-01 22:00:00,118.96875
2010-03-02 22:00:00,118.84375
2010-03-03 22:00:00,118.78125
2010-03-04 22:00:00,119.3125
2010-03-05 22:00:00,118.1875
2010-03-08 22:00:00,117.90625
2010-03-09 22:00:00,117.96875
2010-03-10 22:00:00,117.84375
2010-03-11 22:00:00,118.125
2010-03-12 22:00:00,118.46875
2010-03-15 22:00:00,118.4375
2010-03-16 22:00:00,119.1875
2010-03-17 22:00:00,119.4375
2010-03-18 22:00:00,119.25
2010-03-19 22:00:00,119.4375
2010-03-22 22:00:00,119.4375
2010-03-23 22:00:00,117.71875
2010-03-24 22:00:00,115.84375
2010-03-25 22:00:00,115.03125
2010-03-26 22:00:00,115.4375
2010-03-29 22:00:00,115.5
2010-03-30 22:00:00,115.65625
2010-03-31 22:00:00,116.125
2010-04-01 22:00:00,115.90625
2010-04-05 22:00:00,114.375
2010-04-06 22:00:00,114.40625
2010-04-07 22:00:00,115.6875
2010-04-08 22:00:00,115.40625
2010-04-09 22:00:00,115.65625
2010-04-12 22:00:00,116.25
2010-04-13 22:00:00,116.625
2010-04-14 22:00:00,115.9375
2010-04-15 22:00:00,116.03125
2010-04-16 22:00:00,116.875
2010-04-19 22:00:00,116.5
2010-04-20 22:00:00,116.75
2010-04-21 22:00:00,117.59375
2010-04-22 22:00:00,117.28125
2010-04-23 22:00:00,116.875
2010-04-26 22:00:00,116.875
2010-04-27 22:00:00,118.4375
2010-04-28 22:00:00,117.53125
2010-04-29 22:00:00,118.21875
2010-04-30 22:00:00,119.0625
2010-05-03 22:00:00,118.71875
2010-05-04 22:00:00,120.0
2010-05-05 22:00:00,120.53125
2010-05-06 22:00:00,123.34375
2010-05-07 22:00:00,122.0
2010-05-10 22:00:00,120.84375
2010-05-11 22:00:00,120.78125
2010-05-12 22:00:00,120.3125
2010-05-13 22:00:00,120.53125
2010-05-14 22:00:00,122.03125
2010-05-17 22:00:00,121.4375
2010-05-18 22:00:00,122.6875
2010-05-19 22:00:00,122.78125
2010-05-20 22:00:00,124.03125
2010-05-21 22:00:00,124.875
2010-05-24 22:00:00,124.375
2010-05-25 22:00:00,125.25
2010-05-26 22:00:00,124.46875
2010-05-27 22:00:00,122.9375
2010-05-28 22:00:00,123.21875
2010-06-01 22:00:00,123.34375
2010-06-02 22:00:00,122.90625
2010-06-03 22:00:00,122.5
2010-06-04 22:00:00,124.90625
2010-06-07 22:00:00,124.8125
2010-06-08 22:00:00,125.09375
2010-06-09 22:00:00,124.875
2010-06-10 22:00:00,123.09375
2010-06-11 22:00:00,124.6875
2010-06-14 22:00:00,123.8125
2010-06-15 22:00:00,123.3125
2010-06-16 22:00:00,123.6875
2010-06-17 22:00:00,124.90625
2010-06-18 22:00:00,124.46875
2010-06-21 22:00:00,124.28125
2010-06-22 22:00:00,124.75
2010-06-23 22:00:00,125.34375
2010-06-24 22:00:00,125.03125
2010-06-25 22:00:00,125.34375
2010-06-28 22:00:00,126.28125
2010-06-29 22:00:00,127.125
2010-06-30 22:00:00,127.5
2010-07-01 22:00:00,128.0
2010-07-02 22:00:00,127.15625
2010-07-06 22:00:00,128.0
2010-07-07 22:00:00,127.3125
2010-07-08 22:00:00,126.78125
2010-07-09 22:00:00,126.28125
2010-07-12 22:00:00,126.34375
2010-07-13 22:00:00,125.46875
2010-07-14 22:00:00,126.59375
2010-07-15 22:00:00,127.65625
2010-07-16 22:00:00,128.09375
2010-07-19 22:00:00,127.59375
2010-07-20 22:00:00,127.96875
2010-07-21 22:00:00,128.84375
2010-07-22 22:00:00,128.09375
2010-07-23 22:00:00,127.15625
2010-07-26 22:00:00,127.21875
2010-07-27 22:00:00,126.34375
2010-07-28 22:00:00,126.84375
2010-07-29 22:00:00,126.875
2010-07-30 22:00:00,128.71875
2010-08-02 22:00:00,127.625
2010-08-03 22:00:00,128.40625
2010-08-04 22:00:00,127.90625
2010-08-05 22:00:00,128.375
2010-08-06 22:00:00,129.53125
2010-08-09 22:00:00,129.34375
2010-08-10 22:00:00,129.78125
2010-08-11 22:00:00,131.375
2010-08-12 22:00:00,131.21875
2010-08-13 22:00:00,132.0
2010-08-16 22:00:00,133.875
2010-08-17 22:00:00,132.90625
2010-08-18 22:00:00,133.34375
2010-08-19 22:00:00,134.34375
2010-08-20 22:00:00,134.0
2010-08-23 22:00:00,134.125
2010-08-24 22:00:00,135.75
2010-08-25 22:00:00,135.1875
2010-08-26 22:00:00,136.0
2010-08-27 22:00:00,133.6875
2010-08-30 22:00:00,135.46875
2010-08-31 22:00:00,136.4375
2010-09-01 22:00:00,134.59375
2010-09-02 22:00:00,133.9375
2010-09-03 22:00:00,132.875
2010-09-07 22:00:00,134.34375
2010-09-08 22:00:00,133.625
2010-09-09 22:00:00,131.96875
2010-09-10 22:00:00,131.53125
2010-09-13 22:00:00,132.09375
2010-09-14 22:00:00,133.0
2010-09-15 22:00:00,132.0625
2010-09-16 22:00:00,131.3125
2010-09-17 22:00:00,131.53125
2010-09-20 22:00:00,132.03125
2010-09-21 22:00:00,132.53125
2010-09-22 22:00:00,132.71875
2010-09-23 22:00:00,132.75
2010-09-24 22:00:00,131.75
2010-09-27 22:00:00,133.34375
2010-09-28 22:00:00,134.21875
2010-09-29 22:00:00,133.65625
2010-09-30 22:00:00,133.71875
2010-10-01 22:00:00,133.375
2010-10-04 22:00:00,133.90625
2010-10-05 22:00:00,133.6875
2010-10-06 22:00:00,134.8125
2010-10-07 22:00:00,134.4375
2010-10-08 22:00:00,134.3125
2010-10-11 22:00:00,134.3125
2010-10-12 22:00:00,133.71875
2010-10-13 22:00:00,133.4375
2010-10-14 22:00:00,132.4375
2010-10-15 22:00:00,131.03125
2010-10-18 22:00:00,132.15625
2010-10-19 22:00:00,132.4375
2010-10-20 22:00:00,132.65625
2010-10-21 22:00:00,131.8125
2010-10-22 22:00:00,131.6875
2010-10-25 22:00:00,132.125
2010-10-26 22:00:00,130.71875
2010-10-27 22:00:00,129.875
2010-10-28 22:00:00,130.21875
2010-10-29 22:00:00,130.9375
2010-11-01 22:00:00,130.625
2010-11-02 22:00:00,131.6875
2010-11-03 22:00:00,130.28125
2010-11-04 22:00:00,131.6875
2010-11-05 22:00:00,130.6875
2010-11-08 22:00:00,130.40625
2010-11-09 22:00:00,128.8125
2010-11-10 22:00:00,129.0625
2010-11-11 22:00:00,128.71875
2010-11-12 22:00:00,127.9375
2010-11-15 22:00:00,126.21875
2010-11-16 22:00:00,127.71875
2010-11-17 22:00:00,127.0625
2010-11-18 22:00:00,126.53125
2010-11-19 22:00:00,127.21875
2010-11-22 22:00:00,128.03125
2010-11-23 22:00:00,128.5625
2010-11-24 22:00:00,126.5
2010-11-26 22:00:00,127.53125
2010-11-29 22:00:00,128.15625
2010-11-30 22:00:00,128.71875
2010-12-01 22:00:00,126.3125
2010-12-02 22:00:00,126.03125
2010-12-03 22:00:00,125.625
2010-12-06 22:00:00,126.71875
2010-12-07 22:00:00,124.0
2010-12-08 22:00:00,123.28125
2010-12-09 22:00:00,123.59375
2010-12-10 22:00:00,123.03125
2010-12-13 22:00:00,123.40625
2010-12-14 22:00:00,121.09375
2010-12-15 22:00:00,120.5625
2010-12-16 22:00:00,121.03125
2010-12-17 22:00:00,122.84375
2010-12-20 22:00:00,122.25
2010-12-21 22:00:00,122.25
2010-12-22 22:00:00,120.78125
2010-12-23 22:00:00,120.4375
2010-12-27 22:00:00,121.25
2010-12-28 22:00:00,119.34375
2010-12-29 22:00:00,121.3125
2010-12-30 22:00:00,121.0
2010-12-31 22:00:00,122.125
2011-01-03 22:00:00,121.5
2011-01-04 22:00:00,121.3125
2011-01-05 22:00:00,119.46875
2011-01-06 22:00:00,120.09375
2011-01-07 22:00:00,120.96875
2011-01-10 22:00:00,121.1875
2011-01-11 22:00:00,120.96875
2011-01-12 22:00:00,120.78125
2011-01-13 22:00:00,121.46875
2011-01-14 22:00:00,120.90625
2011-01-18 22:00:00,120.4375
2011-01-19 22:00:00,121.0
2011-01-20 22:00:00,119.46875
2011-01-21 22:00:00,120.09375
2011-01-24 22:00:00,120.3125
2011-01-25 22:00:00,121.71875
2011-01-26 22:00:00,120.0625
2011-01-27 22:00:00,120.71875
2011-01-28 22:00:00,121.4375
2011-01-31 22:00:00,120.625
2011-02-01 22:00:00,119.9375
2011-02-02 22:00:00,119.53125
2011-02-03 22:00:00,119.09375
2011-02-04 22:00:00,117.875
2011-02-07 22:00:00,118.09375
2011-02-08 22:00:00,117.3125
2011-02-09 22:00:00,118.3125
2011-02-10 22:00:00,117.5
2011-02-11 22:00:00,118.40625
2011-02-14 22:00:00,118.9375
2011-02-15 22:00:00,118.96875
2011-02-16 22:00:00,118.9375
2011-02-17 22:00:00,119.4375
2011-02-18 22:00:00,119.21875
2011-02-22 22:00:00,120.84375
2011-02-23 22:00:00,120.8125
2011-02-24 22:00:00,121.53125
2011-02-25 22:00:00,121.71875
2011-02-28 22:00:00,121.9375
2011-03-01 22:00:00,122.0
2011-03-02 22:00:00,121.0625
2011-03-03 22:00:00,119.96875
2011-03-04 22:00:00,120.8125
2011-03-07 22:00:00,120.78125
2011-03-08 22:00:00,120.09375
2011-03-09 22:00:00,120.9375
2011-03-10 22:00:00,121.90625
2011-03-11 22:00:00,121.875
2011-03-14 22:00:00,122.34375
2011-03-15 22:00:00,122.875
2011-03-16 22:00:00,124.0625
2011-03-17 22:00:00,123.5
2011-03-18 22:00:00,123.34375
2011-03-21 22:00:00,123.0625
2011-03-22 22:00:00,122.9375
2011-03-23 22:00:00,121.28125
2011-03-24 22:00:00,120.75
2011-03-25 22:00:00,120.25
2011-03-28 22:00:00,120.40625
2011-03-29 22:00:00,119.75
2011-03-30 22:00:00,120.1875
2011-03-31 22:00:00,120.1875
2011-04-01 22:00:00,120.375
2011-04-04 22:00:00,120.375
2011-04-05 22:00:00,119.84375
2011-04-06 22:00:00,118.96875
2011-04-07 22:00:00,118.65625
2011-04-08 22:00:00,118.53125
2011-04-11 22:00:00,118.5
2011-04-12 22:00:00,119.34375
2011-04-13 22:00:00,119.8125
2011-04-14 22:00:00,119.6875
2011-04-15 22:00:00,120.8125
2011-04-18 22:00:00,121.15625
2011-04-19 22:00:00,121.46875
2011-04-20 22:00:00,121.0
2011-04-21 22:00:00,121.03125
2011-04-25 22:00:00,121.5
2011-04-26 22:00:00,122.15625
2011-04-27 22:00:00,121.375
2011-04-28 22:00:00,122.125
2011-04-29 22:00:00,122.375
2011-05-02 22:00:00,122.59375
2011-05-03 22:00:00,123.09375
2011-05-04 22:00:00,123.53125
2011-05-05 22:00:00,124.28125
2011-05-06 22:00:00,124.3125
2011-05-09 22:00:00,124.4375
2011-05-10 22:00:00,123.875
2011-05-11 22:00:00,124.40625
2011-05-12 22:00:00,123.8125
2011-05-13 22:00:00,124.4375
2011-05-16 22:00:00,124.96875
2011-05-17 22:00:00,125.4375
2011-05-18 22:00:00,124.71875
2011-05-19 22:00:00,124.625
2011-05-20 22:00:00,124.84375
2011-05-23 22:00:00,125.09375
2011-05-24 22:00:00,125.28125
2011-05-25 22:00:00,125.0625
2011-05-26 22:00:00,125.96875
2011-05-27 22:00:00,125.875
2011-05-31 22:00:00,126.15625
2011-06-01 22:00:00,127.25
2011-06-02 22:00:00,126.1875
2011-06-03 22:00:00,126.5625
2011-06-06 22:00:00,126.34375
2011-06-07 22:00:00,126.21875
2011-06-08 22:00:00,126.9375
2011-06-09 22:00:00,126.5
2011-06-10 22:00:00,126.96875
2011-06-13 22:00:00,126.6875
2011-06-14 22:00:00,125.1875
2011-06-15 22:00:00,126.78125
2011-06-16 22:00:00,127.625
2011-06-17 22:00:00,127.1875
2011-06-20 22:00:00,127.09375
2011-06-21 22:00:00,126.9375
2011-06-22 22:00:00,125.375
2011-06-23 22:00:00,126.4375
2011-06-24 22:00:00,126.59375
2011-06-27 22:00:00,125.5
2011-06-28 22:00:00,124.21875
2011-06-29 22:00:00,123.5625
2011-06-30 22:00:00,123.03125
2011-07-01 22:00:00,122.6875
2011-07-05 22:00:00,123.1875
2011-07-06 22:00:00,123.65625
2011-07-07 22:00:00,123.28125
2011-07-08 22:00:00,124.96875
2011-07-11 22:00:00,126.1875
2011-07-12 22:00:00,126.46875
2011-07-13 22:00:00,126.71875
2011-07-14 22:00:00,125.8125
2011-07-15 22:00:00,126.03125
2011-07-18 22:00:00,125.6875
2011-07-19 22:00:00,126.625
2011-07-20 22:00:00,125.875
2011-07-21 22:00:00,125.09375
2011-07-22 22:00:00,125.84375
2011-07-25 22:00:00,125.0625
2011-07-26 22:00:00,125.84375
2011-07-27 22:00:00,125.65625
2011-07-28 22:00:00,126.0625
2011-07-29 22:00:00,128.125
2011-08-01 22:00:00,129.0
2011-08-02 22:00:00,130.8125
2011-08-03 22:00:00,131.28125
2011-08-04 22:00:00,133.5
2011-08-05 22:00:00,132.1875
2011-08-08 22:00:00,135.28125
2011-08-09 22:00:00,137.1875
2011-08-10 22:00:00,138.21875
2011-08-11 22:00:00,135.21875
2011-08-12 22:00:00,136.9375
2011-08-15 22:00:00,136.15625
2011-08-16 22:00:00,137.0625
2011-08-17 22:00:00,137.9375
2011-08-18 22:00:00,139.625
2011-08-19 22:00:00,140.21875
2011-08-22 22:00:00,140.15625
2011-08-23 22:00:00,139.03125
2011-08-24 22:00:00,136.84375
2011-08-25 22:00:00,137.5625
2011-08-26 22:00:00,138.15625
2011-08-29 22:00:00,136.8125
2011-08-30 22:00:00,138.5625
2011-08-31 22:00:00,137.3125
2011-09-01 22:00:00,138.6875
2011-09-02 22:00:00,141.5625
2011-09-06 22:00:00,142.03125
2011-09-07 22:00:00,140.75
2011-09-08 22:00:00,141.34375
2011-09-09 22:00:00,142.5
2011-09-12 22:00:00,142.59375
2011-09-13 22:00:00,141.4375
2011-09-14 22:00:00,141.5625
2011-09-15 22:00:00,140.40625
2011-09-16 22:00:00,140.71875
2011-09-19 22:00:00,142.9375
2011-09-20 22:00:00,142.625
2011-09-21 22:00:00,143.25
2011-09-22 22:00:00,146.0625
2011-09-23 22:00:00,144.71875
2011-09-26 22:00:00,142.875
2011-09-27 22:00:00,140.78125
2011-09-28 22:00:00,140.9375
2011-09-29 22:00:00,142.09375
2011-09-30 22:00:00,142.625
2011-10-03 22:00:00,145.28125
2011-10-04 22:00:00,145.375
2011-10-05 22:00:00,143.5625
2011-10-06 22:00:00,142.4375
2011-10-07 22:00:00,141.3125
2011-10-10 22:00:00,138.6875
2011-10-11 22:00:00,139.875
2011-10-12 22:00:00,138.5625
2011-10-13 22:00:00,139.53125
2011-10-14 22:00:00,138.40625
2011-10-17 22:00:00,139.75
2011-10-18 22:00:00,139.59375
2011-10-19 22:00:00,139.46875
2011-10-20 22:00:00,139.0
2011-10-21 22:00:00,138.5
2011-10-24 22:00:00,138.09375
2011-10-25 22:00:00,140.0625
2011-10-26 22:00:00,138.78125
2011-10-27 22:00:00,135.40625
2011-10-28 22:00:00,136.875
2011-10-31 22:00:00,139.03125
2011-11-01 22:00:00,142.0
2011-11-02 22:00:00,141.75
2011-11-03 22:00:00,140.6875
2011-11-04 22:00:00,141.0
2011-11-07 22:00:00,142.0
2011-11-08 22:00:00,140.75
2011-11-09 22:00:00,142.71875
2011-11-10 22:00:00,141.3125
2011-11-11 22:00:00,140.4375
2011-11-14 22:00:00,141.78125
2011-11-15 22:00:00,141.5
2011-11-16 22:00:00,142.125
2011-11-17 22:00:00,143.34375
2011-11-18 22:00:00,142.78125
2011-11-21 22:00:00,143.59375
2011-11-22 22:00:00,144.09375
2011-11-23 22:00:00,145.34375
2011-11-25 22:00:00,143.84375
2011-11-28 22:00:00,144.0
2011-11-29 22:00:00,143.28125
2011-11-30 22:00:00,141.625
2011-12-01 22:00:00,140.65625
2011-12-02 22:00:00,142.0625
2011-12-05 22:00:00,141.8125
2011-12-06 22:00:00,141.03125
2011-12-07 22:00:00,142.125
2011-12-08 22:00:00,142.84375
2011-12-09 22:00:00,141.5
2011-12-12 22:00:00,142.4375
2011-12-13 22:00:00,143.40625
2011-12-14 22:00:00,144.75
2011-12-15 22:00:00,144.46875
2011-12-16 22:00:00,145.5625
2011-12-19 22:00:00,146.3125
2011-12-20 22:00:00,144.6875
2011-12-21 22:00:00,143.25
2011-12-22 22:00:00,143.46875
2011-12-23 22:00:00,141.96875
2011-12-27 22:00:00,142.4375
2011-12-28 22:00:00,144.53125
2011-12-29 22:00:00,144.5
2011-12-30 22:00:00,144.8125
2012-01-03 22:00:00,143.09375
2012-01-04 22:00:00,142.40625
2012-01-05 22:00:00,142.28125
2012-01-06 22:00:00,143.03125
2012-01-09 22:00:00,142.90625
2012-01-10 22:00:00,142.84375
2012-01-11 22:00:00,144.0
2012-01-12 22:00:00,143.5625
2012-01-13 22:00:00,145.0
2012-01-17 22:00:00,145.15625
2012-01-18 22:00:00,144.1875
2012-01-19 22:00:00,142.8125
2012-01-20 22:00:00,141.875
2012-01-23 22:00:00,141.15625
2012-01-24 22:00:00,141.15625
2012-01-25 22:00:00,141.78125
2012-01-26 22:00:00,142.84375
2012-01-27 22:00:00,143.4375
2012-01-30 22:00:00,144.625
2012-01-31 22:00:00,145.4375
2012-02-01 22:00:00,144.34375
2012-02-02 22:00:00,144.59375
2012-02-03 22:00:00,142.40625
2012-02-06 22:00:00,143.28125
2012-02-07 22:00:00,142.3125
2012-02-08 22:00:00,142.21875
2012-02-09 22:00:00,141.53125
2012-02-10 22:00:00,142.78125
2012-02-13 22:00:00,142.375
2012-02-14 22:00:00,143.5625
2012-02-15 22:00:00,143.3125
2012-02-16 22:00:00,142.28125
2012-02-17 22:00:00,142.09375
2012-02-21 22:00:00,141.53125
2012-02-22 22:00:00,142.25
2012-02-23 22:00:00,142.6875
2012-02-24 22:00:00,143.0
2012-02-27 22:00:00,143.96875
2012-02-28 22:00:00,143.8125
2012-02-29 22:00:00,143.09375
2012-03-01 22:00:00,141.90625
2012-03-02 22:00:00,142.65625
2012-03-05 22:00:00,142.34375
2012-03-06 22:00:00,143.4375
2012-03-07 22:00:00,142.9375
2012-03-08 22:00:00,142.125
2012-03-09 22:00:00,141.75
2012-03-12 22:00:00,141.96875
2012-03-13 22:00:00,140.6875
2012-03-14 22:00:00,138.0625
2012-03-15 22:00:00,137.96875
2012-03-16 22:00:00,137.875
2012-03-19 22:00:00,136.8125
2012-03-20 22:00:00,137.0625
2012-03-21 22:00:00,137.96875
2012-03-22 22:00:00,137.0625
2012-03-23 22:00:00,137.8125
2012-03-26 22:00:00,137.65625
2012-03-27 22:00:00,138.3125
2012-03-28 22:00:00,138.3125
2012-03-29 22:00:00,138.875
2012-03-30 22:00:00,137.75
2012-04-02 22:00:00,138.0
2012-04-03 22:00:00,136.8125
2012-04-04 22:00:00,137.28125
2012-04-05 22:00:00,138.34375
2012-04-09 22:00:00,140.59375
2012-04-10 22:00:00,141.40625
2012-04-11 22:00:00,140.78125
2012-04-12 22:00:00,140.46875
2012-04-13 22:00:00,141.4375
2012-04-16 22:00:00,141.875
2012-04-17 22:00:00,141.28125
2012-04-18 22:00:00,141.78125
2012-04-19 22:00:00,142.21875
2012-04-20 22:00:00,141.96875
2012-04-23 22:00:00,142.71875
2012-04-24 22:00:00,142.28125
2012-04-25 22:00:00,141.9375
2012-04-26 22:00:00,142.28125
2012-04-27 22:00:00,142.71875
2012-04-30 22:00:00,142.875
2012-05-01 22:00:00,142.09375
2012-05-02 22:00:00,142.84375
2012-05-03 22:00:00,142.84375
2012-05-04 22:00:00,143.6875
2012-05-07 22:00:00,143.75
2012-05-08 22:00:00,144.46875
2012-05-09 22:00:00,144.46875
2012-05-10 22:00:00,144.34375
2012-05-11 22:00:00,145.125
2012-05-14 22:00:00,146.09375
2012-05-15 22:00:00,146.40625
2012-05-16 22:00:00,146.8125
2012-05-17 22:00:00,148.375
2012-05-18 22:00:00,148.3125
2012-05-21 22:00:00,147.90625
2012-05-22 22:00:00,146.78125
2012-05-23 22:00:00,148.28125
2012-05-24 22:00:00,147.5
2012-05-25 22:00:00,147.71875
2012-05-29 22:00:00,147.8125
2012-05-30 22:00:00,149.65625
2012-05-31 22:00:00,150.28125
2012-06-01 22:00:00,152.625
2012-06-04 22:00:00,151.875
2012-06-05 22:00:00,151.21875
2012-06-06 22:00:00,149.34375
2012-06-07 22:00:00,149.0625
2012-06-08 22:00:00,149.21875
2012-06-11 22:00:00,149.875
2012-06-12 22:00:00,148.8125
2012-06-13 22:00:00,149.84375
2012-06-14 22:00:00,149.75
2012-06-15 22:00:00,150.21875
2012-06-18 22:00:00,150.21875
2012-06-19 22:00:00,149.5625
2012-06-20 22:00:00,149.34375
2012-06-21 22:00:00,149.21875
2012-06-22 22:00:00,148.09375
2012-06-25 22:00:00,149.28125
2012-06-26 22:00:00,148.90625
2012-06-27 22:00:00,149.0625
2012-06-28 22:00:00,149.84375
2012-06-29 22:00:00,147.96875
2012-07-02 22:00:00,149.59375
2012-07-03 22:00:00,148.53125
2012-07-05 22:00:00,148.90625
2012-07-06 22:00:00,149.875
2012-07-09 22:00:00,150.59375
2012-07-10 22:00:00,151.0
2012-07-11 22:00:00,151.15625
2012-07-12 22:00:00,151.625
2012-07-13 22:00:00,151.1875
2012-07-16 22:00:00,151.78125
2012-07-17 22:00:00,150.9375
2012-07-18 22:00:00,151.28125
2012-07-19 22:00:00,150.59375
2012-07-20 22:00:00,151.78125
2012-07-23 22:00:00,152.15625
2012-07-24 22:00:00,152.875
2012-07-25 22:00:00,152.8125
2012-07-26 22:00:00,152.5
2012-07-27 22:00:00,150.03125
2012-07-30 22:00:00,151.0
2012-07-31 22:00:00,151.03125
2012-08-01 22:00:00,150.28125
2012-08-02 22:00:00,151.5
2012-08-03 22:00:00,149.53125
2012-08-06 22:00:00,149.90625
2012-08-07 22:00:00,148.65625
2012-08-08 22:00:00,148.375
2012-08-09 22:00:00,148.25
2012-08-10 22:00:00,148.84375
2012-08-13 22:00:00,148.8125
2012-08-14 22:00:00,147.5
2012-08-15 22:00:00,146.125
2012-08-16 22:00:00,145.59375
2012-08-17 22:00:00,145.875
2012-08-20 22:00:00,146.0
2012-08-21 22:00:00,146.28125
2012-08-22 22:00:00,147.59375
2012-08-23 22:00:00,148.5
2012-08-24 22:00:00,148.375
2012-08-27 22:00:00,148.875
2012-08-28 22:00:00,149.21875
2012-08-29 22:00:00,148.96875
2012-08-30 22:00:00,149.625
2012-08-31 22:00:00,150.5
2012-09-04 22:00:00,150.21875
2012-09-05 22:00:00,149.96875
2012-09-06 22:00:00,148.625
2012-09-07 22:00:00,148.53125
2012-09-10 22:00:00,148.1875
2012-09-11 22:00:00,148.09375
2012-09-12 22:00:00,146.90625
2012-09-13 22:00:00,146.65625
2012-09-14 22:00:00,144.5625
2012-09-17 22:00:00,145.15625
2012-09-18 22:00:00,145.625
2012-09-19 22:00:00,145.96875
2012-09-20 22:00:00,146.71875
2012-09-21 22:00:00,146.875
2012-09-24 22:00:00,147.59375
2012-09-25 22:00:00,148.375
2012-09-26 22:00:00,149.875
2012-09-27 22:00:00,149.5
2012-09-28 22:00:00,149.375
2012-10-01 22:00:00,149.65625
2012-10-02 22:00:00,149.90625
2012-10-03 22:00:00,149.6875
2012-10-04 22:00:00,148.8125
2012-10-05 22:00:00,147.5
2012-10-08 22:00:00,148.25
2012-10-09 22:00:00,147.96875
2012-10-10 22:00:00,148.71875
2012-10-11 22:00:00,149.25
2012-10-12 22:00:00,149.5625
2012-10-15 22:00:00,149.4375
2012-10-16 22:00:00,148.1875
2012-10-17 22:00:00,146.65625
2012-10-18 22:00:00,146.375
2012-10-19 22:00:00,147.5625
2012-10-22 22:00:00,147.125
2012-10-23 22:00:00,147.75
2012-10-24 22:00:00,147.46875
2012-10-25 22:00:00,146.71875
2012-10-26 22:00:00,148.0
2012-10-31 22:00:00,149.3125
2012-11-01 22:00:00,148.59375
2012-11-02 22:00:00,148.40625
2012-11-05 22:00:00,149.25
2012-11-06 22:00:00,148.28125
2012-11-07 22:00:00,150.3125
2012-11-08 22:00:00,151.1875
2012-11-09 22:00:00,151.625
2012-11-12 22:00:00,151.65625
2012-11-13 22:00:00,152.09375
2012-11-14 22:00:00,152.03125
2012-11-15 22:00:00,152.0625
2012-11-16 22:00:00,152.21875
2012-11-19 22:00:00,151.4375
2012-11-20 22:00:00,150.53125
2012-11-21 22:00:00,150.09375
2012-11-23 22:00:00,150.03125
2012-11-26 22:00:00,150.59375
2012-11-27 22:00:00,150.875
2012-11-28 22:00:00,151.375
2012-11-29 22:00:00,151.21875
2012-11-30 22:00:00,151.40625
2012-12-03 22:00:00,151.0625
2012-12-04 22:00:00,151.46875
2012-12-05 22:00:00,151.59375
2012-12-06 22:00:00,151.84375
2012-12-07 22:00:00,150.875
2012-12-10 22:00:00,151.0625
2012-12-11 22:00:00,150.375
2012-12-12 22:00:00,149.4375
2012-12-13 22:00:00,149.1875
2012-12-14 22:00:00,149.71875
2012-12-17 22:00:00,148.65625
2012-12-18 22:00:00,147.3125
2012-12-19 22:00:00,148.03125
2012-12-20 22:00:00,146.5
2012-12-21 22:00:00,147.53125
2012-12-24 22:00:00,147.25
2012-12-26 22:00:00,147.46875
2012-12-27 22:00:00,148.34375
2012-12-28 22:00:00,148.375
2012-12-31 22:00:00,147.5
2013-01-02 22:00:00,145.71875
2013-01-03 22:00:00,144.71875
2013-01-04 22:00:00,144.5
2013-01-07 22:00:00,144.6875
2013-01-08 22:00:00,145.1875
2013-01-09 22:00:00,145.5
2013-01-10 22:00:00,144.84375
2013-01-11 22:00:00,145.28125
2013-01-14 22:00:00,145.46875
2013-01-15 22:00:00,145.96875
2013-01-16 22:00:00,146.09375
2013-01-17 22:00:00,145.1875
2013-01-18 22:00:00,145.84375
2013-01-22 22:00:00,146.03125
2013-01-23 22:00:00,145.96875
2013-01-24 22:00:00,145.84375
2013-01-25 22:00:00,144.0625
2013-01-28 22:00:00,143.65625
2013-01-29 22:00:00,143.4375
2013-01-30 22:00:00,143.0625
2013-01-31 22:00:00,143.46875
2013-02-01 22:00:00,142.84375
2013-02-04 22:00:00,143.46875
2013-02-05 22:00:00,142.75
2013-02-06 22:00:00,143.53125
2013-02-07 22:00:00,143.78125
2013-02-08 22:00:00,143.6875
2013-02-11 22:00:00,143.875
2013-02-12 22:00:00,143.25
2013-02-13 22:00:00,142.625
2013-02-14 22:00:00,143.46875
2013-02-15 22:00:00,143.46875
2013-02-19 22:00:00,143.0625
2013-02-20 22:00:00,143.09375
2013-02-21 22:00:00,143.84375
2013-02-22 22:00:00,144.0
2013-02-25 22:00:00,145.25
2013-02-26 22:00:00,145.625
2013-02-27 22:00:00,145.15625
2013-02-28 22:00:00,145.28125
2013-03-01 22:00:00,145.84375
2013-03-04 22:00:00,145.4375
2013-03-05 22:00:00,145.15625
2013-03-06 22:00:00,144.34375
2013-03-07 22:00:00,143.46875
2013-03-08 22:00:00,142.5
2013-03-11 22:00:00,142.4375
2013-03-12 22:00:00,143.0625
2013-03-13 22:00:00,143.0625
2013-03-14 22:00:00,142.8125
2013-03-15 22:00:00,143.375
2013-03-18 22:00:00,144.21875
2013-03-19 22:00:00,145.21875
2013-03-20 22:00:00,143.125
2013-03-21 22:00:00,143.3125
2013-03-22 22:00:00,143.625
2013-03-25 22:00:00,143.5
2013-03-26 22:00:00,143.6875
2013-03-27 22:00:00,144.5625
2013-03-28 22:00:00,144.46875
2013-04-01 22:00:00,144.875
2013-04-02 22:00:00,144.4375
2013-04-03 22:00:00,145.28125
2013-04-04 22:00:00,146.34375
2013-04-05 22:00:00,148.0
2013-04-08 22:00:00,147.3125
2013-04-09 22:00:00,147.0
2013-04-10 22:00:00,145.9375
2013-04-11 22:00:00,146.21875
2013-04-12 22:00:00,147.53125
2013-04-15 22:00:00,147.9375
2013-04-16 22:00:00,147.625
2013-04-17 22:00:00,147.96875
2013-04-18 22:00:00,148.4375
2013-04-19 22:00:00,148.125
2013-04-22 22:00:00,148.15625
2013-04-23 22:00:00,148.09375
2013-04-24 22:00:00,148.1875
2013-04-25 22:00:00,147.9375
2013-04-26 22:00:00,148.875
2013-04-29 22:00:00,148.59375
2013-04-30 22:00:00,148.375
2013-05-01 22:00:00,149.125
2013-05-02 22:00:00,149.1875
2013-05-03 22:00:00,147.0625
2013-05-06 22:00:00,146.5
2013-05-07 22:00:00,146.25
2013-05-08 22:00:00,146.71875
2013-05-09 22:00:00,146.5
2013-05-10 22:00:00,145.0
2013-05-13 22:00:00,144.625
2013-05-14 22:00:00,144.0625
2013-05-15 22:00:00,144.1875
2013-05-16 22:00:00,145.4375
2013-05-17 22:00:00,143.96875
2013-05-20 22:00:00,143.75
2013-05-21 22:00:00,144.09375
2013-05-22 22:00:00,142.84375
2013-05-23 22:00:00,143.0
2013-05-24 22:00:00,143.375
2013-05-28 22:00:00,141.25
2013-05-29 22:00:00,141.625
2013-05-30 22:00:00,141.5
2013-05-31 22:00:00,141.0625
2013-06-03 22:00:00,141.3125
2013-06-04 22:00:00,141.09375
2013-06-05 22:00:00,141.625
2013-06-06 22:00:00,142.125
2013-06-07 22:00:00,140.78125
2013-06-10 22:00:00,139.9375
2013-06-11 22:00:00,140.34375
2013-06-12 22:00:00,139.78125
2013-06-13 22:00:00,140.71875
2013-06-14 22:00:00,141.3125
2013-06-17 22:00:00,140.53125
2013-06-18 22:00:00,140.5625
2013-06-19 22:00:00,139.90625
2013-06-20 22:00:00,136.125
2013-06-21 22:00:00,135.03125
2013-06-24 22:00:00,134.8125
2013-06-25 22:00:00,134.15625
2013-06-26 22:00:00,134.96875
2013-06-27 22:00:00,135.59375
2013-06-28 22:00:00,135.84375
2013-07-01 22:00:00,135.75
2013-07-02 22:00:00,135.96875
2013-07-03 22:00:00,135.5625
2013-07-05 22:00:00,132.65625
2013-07-08 22:00:00,133.5
2013-07-09 22:00:00,133.46875
2013-07-10 22:00:00,132.875
2013-07-11 22:00:00,134.21875
2013-07-12 22:00:00,133.9375
2013-07-15 22:00:00,134.59375
2013-07-16 22:00:00,134.96875
2013-07-17 22:00:00,135.34375
2013-07-18 22:00:00,134.65625
2013-07-19 22:00:00,135.5
2013-07-22 22:00:00,135.5
2013-07-23 22:00:00,135.0625
2013-07-24 22:00:00,134.09375
2013-07-25 22:00:00,134.0
2013-07-26 22:00:00,134.71875
2013-07-29 22:00:00,134.15625
2013-07-30 22:00:00,133.90625
2013-07-31 22:00:00,134.0625
2013-08-01 22:00:00,132.03125
2013-08-02 22:00:00,133.71875
2013-08-05 22:00:00,133.1875
2013-08-06 22:00:00,133.15625
2013-08-07 22:00:00,133.90625
2013-08-08 22:00:00,134.28125
2013-08-09 22:00:00,134.4375
2013-08-12 22:00:00,134.125
2013-08-13 22:00:00,132.625
2013-08-14 22:00:00,132.625
2013-08-15 22:00:00,132.0625
2013-08-16 22:00:00,131.03125
2013-08-19 22:00:00,130.375
2013-08-20 22:00:00,131.34375
2013-08-21 22:00:00,130.8125
2013-08-22 22:00:00,130.59375
2013-08-23 22:00:00,131.8125
2013-08-26 22:00:00,131.96875
2013-08-27 22:00:00,133.1875
2013-08-28 22:00:00,132.46875
2013-08-29 22:00:00,133.125
2013-08-30 22:00:00,133.34375
2013-09-03 22:00:00,131.71875
2013-09-04 22:00:00,131.3125
2013-09-05 22:00:00,130.125
2013-09-06 22:00:00,130.46875
2013-09-09 22:00:00,131.03125
2013-09-10 22:00:00,130.28125
2013-09-11 22:00:00,130.875
2013-09-12 22:00:00,131.15625
2013-09-13 22:00:00,131.3125
2013-09-16 22:00:00,131.34375
2013-09-17 22:00:00,131.84375
2013-09-18 22:00:00,133.46875
2013-09-19 22:00:00,132.9375
2013-09-20 22:00:00,131.6875
2013-09-23 22:00:00,131.90625
2013-09-24 22:00:00,132.96875
2013-09-25 22:00:00,133.59375
2013-09-26 22:00:00,133.125
2013-09-27 22:00:00,133.4375
2013-09-30 22:00:00,133.375
2013-10-01 22:00:00,133.0
2013-10-02 22:00:00,133.28125
2013-10-03 22:00:00,133.4375
2013-10-04 22:00:00,132.96875
2013-10-07 22:00:00,133.34375
2013-10-08 22:00:00,133.40625
2013-10-09 22:00:00,133.125
2013-10-10 22:00:00,132.65625
2013-10-11 22:00:00,132.8125
2013-10-14 22:00:00,132.21875
2013-10-15 22:00:00,132.15625
2013-10-16 22:00:00,132.96875
2013-10-17 22:00:00,134.15625
2013-10-18 22:00:00,134.09375
2013-10-21 22:00:00,133.71875
2013-10-22 22:00:00,135.0
2013-10-23 22:00:00,135.46875
2013-10-24 22:00:00,135.0625
2013-10-25 22:00:00,135.34375
2013-10-28 22:00:00,135.21875
2013-10-29 22:00:00,135.25
2013-10-30 22:00:00,134.96875
2013-10-31 22:00:00,134.8125
2013-11-01 22:00:00,133.75
2013-11-04 22:00:00,133.96875
2013-11-05 22:00:00,132.96875
2013-11-06 22:00:00,133.09375
2013-11-07 22:00:00,133.6875
2013-11-08 22:00:00,131.75
2013-11-11 22:00:00,131.46875
2013-11-12 22:00:00,131.5
2013-11-13 22:00:00,131.9375
2013-11-14 22:00:00,132.53125
2013-11-15 22:00:00,132.53125
2013-11-18 22:00:00,133.0
2013-11-19 22:00:00,132.46875
2013-11-20 22:00:00,131.03125
2013-11-21 22:00:00,131.28125
2013-11-22 22:00:00,131.90625
2013-11-25 22:00:00,131.96875
2013-11-26 22:00:00,132.71875
2013-11-27 22:00:00,132.21875
2013-11-29 22:00:00,132.21875
2013-12-02 22:00:00,131.25
2013-12-03 22:00:00,131.65625
2013-12-04 22:00:00,130.625
2013-12-05 22:00:00,130.4375
2013-12-06 22:00:00,130.375
2013-12-09 22:00:00,130.78125
2013-12-10 22:00:00,131.71875
2013-12-11 22:00:00,130.96875
2013-12-12 22:00:00,130.75
2013-12-13 22:00:00,131.125
2013-12-16 22:00:00,130.84375
2013-12-17 22:00:00,129.84375
2013-12-18 22:00:00,129.25
2013-12-19 22:00:00,129.1875
2013-12-20 22:00:00,130.09375
2013-12-23 22:00:00,129.4375
2013-12-24 22:00:00,128.6875
2013-12-26 22:00:00,128.5
2013-12-27 22:00:00,128.28125
2013-12-30 22:00:00,128.78125
2013-12-31 22:00:00,128.3125
2014-01-02 22:00:00,128.625
2014-01-03 22:00:00,128.53125
2014-01-06 22:00:00,129.03125
2014-01-07 22:00:00,129.3125
2014-01-08 22:00:00,128.78125
2014-01-09 22:00:00,129.34375
2014-01-10 22:00:00,130.71875
2014-01-13 22:00:00,131.09375
2014-01-14 22:00:00,130.65625
2014-01-15 22:00:00,130.53125
2014-01-16 22:00:00,131.09375
2014-01-17 22:00:00,131.3125
2014-01-21 22:00:00,131.40625
2014-01-22 22:00:00,131.0625
2014-01-23 22:00:00,132.3125
2014-01-24 22:00:00,132.84375
2014-01-27 22:00:00,132.34375
2014-01-28 22:00:00,132.625
2014-01-29 22:00:00,133.5
2014-01-30 22:00:00,133.28125
2014-01-31 22:00:00,133.59375
2014-02-03 22:00:00,134.90625
2014-02-04 22:00:00,134.15625
2014-02-05 22:00:00,133.40625
2014-02-06 22:00:00,133.03125
2014-02-07 22:00:00,133.3125
2014-02-10 22:00:00,133.28125
2014-02-11 22:00:00,132.84375
2014-02-12 22:00:00,132.25
2014-02-13 22:00:00,133.0
2014-02-14 22:00:00,132.90625
2014-02-18 22:00:00,133.3125
2014-02-19 22:00:00,132.96875
2014-02-20 22:00:00,132.71875
2014-02-21 22:00:00,133.09375
2014-02-24 22:00:00,132.84375
2014-02-25 22:00:00,133.625
2014-02-26 22:00:00,134.09375
2014-02-27 22:00:00,134.65625
2014-02-28 22:00:00,134.59375
2014-03-03 22:00:00,135.1875
2014-03-04 22:00:00,133.9375
2014-03-05 22:00:00,133.90625
2014-03-06 22:00:00,133.28125
2014-03-07 22:00:00,132.6875
2014-03-10 22:00:00,132.71875
2014-03-11 22:00:00,133.0
2014-03-12 22:00:00,133.6875
2014-03-13 22:00:00,134.84375
2014-03-14 22:00:00,135.0
2014-03-17 22:00:00,134.3125
2014-03-19 22:00:00,133.5
2014-03-20 22:00:00,133.5625
2014-03-21 22:00:00,132.65625
2014-03-24 22:00:00,133.09375
2014-03-25 22:00:00,133.0625
2014-03-26 22:00:00,133.59375
2014-03-27 22:00:00,134.21875
2014-03-28 22:00:00,133.53125
2014-03-31 22:00:00,133.21875
2014-04-01 22:00:00,132.625
2014-04-02 22:00:00,131.96875
2014-04-03 22:00:00,132.21875
2014-04-04 22:00:00,132.96875
2014-04-07 22:00:00,133.4375
2014-04-08 22:00:00,133.65625
2014-04-09 22:00:00,133.4375
2014-04-10 22:00:00,134.4375
2014-04-11 22:00:00,134.78125
2014-04-14 22:00:00,134.5
2014-04-15 22:00:00,134.8125
2014-04-16 22:00:00,134.875
2014-04-17 22:00:00,133.90625
2014-04-21 22:00:00,133.71875
2014-04-22 22:00:00,133.9375
2014-04-23 22:00:00,134.46875
2014-04-24 22:00:00,134.53125
2014-04-25 22:00:00,134.9375
2014-04-28 22:00:00,134.71875
2014-04-29 22:00:00,134.375
2014-04-30 22:00:00,134.9375
2014-05-01 22:00:00,135.6875
2014-05-02 22:00:00,136.1875
2014-05-05 22:00:00,135.71875
2014-05-06 22:00:00,136.0625
2014-05-07 22:00:00,136.0
2014-05-08 22:00:00,136.1875
2014-05-09 22:00:00,135.75
2014-05-12 22:00:00,135.34375
2014-05-13 22:00:00,135.875
2014-05-14 22:00:00,137.03125
2014-05-15 22:00:00,137.59375
2014-05-16 22:00:00,137.4375
2014-05-19 22:00:00,136.96875
2014-05-20 22:00:00,137.25
2014-05-21 22:00:00,136.6875
2014-05-22 22:00:00,136.5
2014-05-23 22:00:00,136.9375
2014-05-27 22:00:00,137.375
2014-05-28 22:00:00,138.65625
2014-05-29 22:00:00,138.4375
2014-05-30 22:00:00,138.25
2014-06-02 22:00:00,137.1875
2014-06-03 22:00:00,136.21875
2014-06-04 22:00:00,136.03125
2014-06-05 22:00:00,136.28125
2014-06-06 22:00:00,136.28125
2014-06-09 22:00:00,136.125
2014-06-10 22:00:00,135.84375
2014-06-11 22:00:00,135.78125
2014-06-12 22:00:00,136.65625
2014-06-13 22:00:00,136.59375
2014-06-16 22:00:00,136.78125
2014-06-17 22:00:00,135.90625
2014-06-18 22:00:00,136.46875
2014-06-19 22:00:00,136.375
2014-06-20 22:00:00,135.34375
2014-06-23 22:00:00,135.375
2014-06-24 22:00:00,136.03125
2014-06-25 22:00:00,136.5
2014-06-26 22:00:00,137.15625
2014-06-27 22:00:00,136.90625
2014-06-30 22:00:00,137.1875
2014-07-01 22:00:00,136.34375
2014-07-02 22:00:00,135.25
2014-07-03 22:00:00,135.0
2014-07-07 22:00:00,135.6875
2014-07-08 22:00:00,136.59375
2014-07-09 22:00:00,136.96875
2014-07-10 22:00:00,137.09375
2014-07-11 22:00:00,137.375
2014-07-14 22:00:00,136.90625
2014-07-15 22:00:00,136.9375
2014-07-16 22:00:00,137.15625
2014-07-17 22:00:00,138.125
2014-07-18 22:00:00,138.0625
2014-07-21 22:00:00,138.4375
2014-07-22 22:00:00,138.5625
2014-07-23 22:00:00,138.5625
2014-07-24 22:00:00,137.875
2014-07-25 22:00:00,138.65625
2014-07-28 22:00:00,138.28125
2014-07-29 22:00:00,138.9375
2014-07-30 22:00:00,137.5
2014-07-31 22:00:00,137.40625
2014-08-01 22:00:00,137.9375
2014-08-04 22:00:00,138.09375
2014-08-05 22:00:00,138.375
2014-08-06 22:00:00,138.5
2014-08-07 22:00:00,139.25
2014-08-08 22:00:00,139.40625
2014-08-11 22:00:00,139.40625
2014-08-12 22:00:00,138.96875
2014-08-13 22:00:00,139.46875
2014-08-14 22:00:00,140.0625
2014-08-15 22:00:00,141.03125
2014-08-18 22:00:00,140.15625
2014-08-19 22:00:00,139.78125
2014-08-20 22:00:00,139.6875
2014-08-21 22:00:00,140.0625
2014-08-22 22:00:00,140.4375
2014-08-25 22:00:00,140.71875
2014-08-26 22:00:00,140.53125
2014-08-27 22:00:00,141.15625
2014-08-28 22:00:00,141.71875
2014-08-29 22:00:00,141.53125
2014-09-02 22:00:00,140.125
2014-09-03 22:00:00,140.375
2014-09-04 22:00:00,139.625
2014-09-05 22:00:00,139.375
2014-09-08 22:00:00,139.40625
2014-09-09 22:00:00,139.15625
2014-09-10 22:00:00,138.625
2014-09-11 22:00:00,138.71875
2014-09-12 22:00:00,137.28125
2014-09-15 22:00:00,137.5625
2014-09-16 22:00:00,137.46875
2014-09-17 22:00:00,137.375
2014-09-18 22:00:00,137.15625
2014-09-19 22:00:00,137.90625
2014-09-22 22:00:00,136.75
2014-09-23 22:00:00,137.40625
2014-09-24 22:00:00,136.84375
2014-09-25 22:00:00,137.8125
2014-09-26 22:00:00,137.625
2014-09-29 22:00:00,138.3125
2014-09-30 22:00:00,137.90625
2014-10-01 22:00:00,139.625
2014-10-02 22:00:00,139.0
2014-10-03 22:00:00,139.21875
2014-10-06 22:00:00,139.375
2014-10-07 22:00:00,140.59375
2014-10-08 22:00:00,140.65625
2014-10-09 22:00:00,140.8125
2014-10-10 22:00:00,141.28125
2014-10-13 22:00:00,142.03125
2014-10-14 22:00:00,142.6875
2014-10-15 22:00:00,144.375
2014-10-16 22:00:00,143.40625
2014-10-17 22:00:00,142.90625
2014-10-20 22:00:00,143.09375
2014-10-21 22:00:00,142.6875
2014-10-22 22:00:00,142.40625
2014-10-23 22:00:00,141.71875
2014-10-24 22:00:00,141.71875
2014-10-27 22:00:00,141.96875
2014-10-28 22:00:00,141.53125
2014-10-29 22:00:00,141.375
2014-10-30 22:00:00,141.5625
2014-10-31 22:00:00,141.09375
2014-11-03 22:00:00,141.0625
2014-11-04 22:00:00,141.25
2014-11-05 22:00:00,141.09375
2014-11-06 22:00:00,140.65625
2014-11-07 22:00:00,141.65625
2014-11-10 22:00:00,140.96875
2014-11-11 22:00:00,140.71875
2014-11-12 22:00:00,141.125
2014-11-13 22:00:00,141.25
2014-11-14 22:00:00,141.6875
2014-11-17 22:00:00,141.375
2014-11-18 22:00:00,141.6875
2014-11-19 22:00:00,141.21875
2014-11-20 22:00:00,141.5625
2014-11-21 22:00:00,142.0
2014-11-24 22:00:00,142.0625
2014-11-25 22:00:00,142.96875
2014-11-26 22:00:00,143.4375
2014-11-28 22:00:00,144.0625
2014-12-01 22:00:00,143.53125
2014-12-02 22:00:00,142.53125
2014-12-03 22:00:00,142.71875
2014-12-04 22:00:00,143.28125
2014-12-05 22:00:00,142.96875
2014-12-08 22:00:00,144.0
2014-12-09 22:00:00,144.59375
2014-12-10 22:00:00,145.375
2014-12-11 22:00:00,145.53125
2014-12-12 22:00:00,146.625
2014-12-15 22:00:00,146.53125
2014-12-16 22:00:00,147.21875
2014-12-17 22:00:00,146.15625
2014-12-18 22:00:00,145.1875
2014-12-19 22:00:00,145.78125
2014-12-22 22:00:00,144.59375
2014-12-23 22:00:00,142.875
2014-12-24 22:00:00,143.15625
2014-12-26 22:00:00,143.375
2014-12-29 22:00:00,144.0
2014-12-30 22:00:00,144.28125
2014-12-31 22:00:00,144.5625
2015-01-02 22:00:00,145.5
2015-01-05 22:00:00,146.96875
2015-01-06 22:00:00,148.15625
2015-01-07 22:00:00,148.1875
2015-01-08 22:00:00,146.90625
2015-01-09 22:00:00,147.53125
2015-01-12 22:00:00,148.4375
2015-01-13 22:00:00,148.625
2015-01-14 22:00:00,149.40625
2015-01-15 22:00:00,150.09375
2015-01-16 22:00:00,149.53125
2015-01-20 22:00:00,149.84375
2015-01-21 22:00:00,149.09375
2015-01-22 22:00:00,148.5
2015-01-23 22:00:00,149.84375
2015-01-26 22:00:00,149.59375
2015-01-27 22:00:00,149.53125
2015-01-28 22:00:00,151.1875
2015-01-29 22:00:00,150.40625
2015-01-30 22:00:00,151.28125
2015-02-02 22:00:00,150.84375
2015-02-03 22:00:00,149.28125
2015-02-04 22:00:00,149.4375
2015-02-05 22:00:00,148.875
2015-02-06 22:00:00,147.65625
2015-02-09 22:00:00,147.59375
2015-02-10 22:00:00,146.875
2015-02-11 22:00:00,146.90625
2015-02-12 22:00:00,146.8125
2015-02-13 22:00:00,145.90625
2015-02-17 22:00:00,144.09375
2015-02-18 22:00:00,144.8125
2015-02-19 22:00:00,144.3125
2015-02-20 22:00:00,144.03125
2015-02-23 22:00:00,145.34375
2015-02-24 22:00:00,146.15625
2015-02-25 22:00:00,146.875
2015-02-26 22:00:00,146.8125
2015-02-27 22:00:00,147.03125
2015-03-02 22:00:00,145.8125
2015-03-03 22:00:00,145.15625
2015-03-04 22:00:00,145.34375
2015-03-05 22:00:00,145.46875
2015-03-06 22:00:00,143.375
2015-03-09 22:00:00,144.1875
2015-03-10 22:00:00,145.25
2015-03-11 22:00:00,145.71875
2015-03-12 22:00:00,145.6875
2015-03-13 22:00:00,145.6875
2015-03-16 22:00:00,145.84375
2015-03-17 22:00:00,146.65625
2015-03-18 22:00:00,148.15625
2015-03-19 22:00:00,147.96875
2015-03-20 22:00:00,148.59375
2015-03-23 22:00:00,164.03125
2015-03-24 22:00:00,165.25
2015-03-25 22:00:00,164.53125
2015-03-26 22:00:00,162.40625
2015-03-27 22:00:00,164.40625
2015-03-30 22:00:00,163.46875
2015-03-31 22:00:00,163.875
2015-04-01 22:00:00,165.8125
2015-04-02 22:00:00,164.5625
2015-04-06 22:00:00,163.75
2015-04-07 22:00:00,164.625
2015-04-08 22:00:00,164.9375
2015-04-09 22:00:00,163.25
2015-04-10 22:00:00,163.5
2015-04-13 22:00:00,163.46875
2015-04-14 22:00:00,164.375
2015-04-15 22:00:00,164.09375
2015-04-16 22:00:00,164.125
2015-04-17 22:00:00,165.46875
2015-04-20 22:00:00,163.78125
2015-04-21 22:00:00,163.375
2015-04-22 22:00:00,161.46875
2015-04-23 22:00:00,162.03125
2015-04-24 22:00:00,162.5625
2015-04-27 22:00:00,162.84375
2015-04-28 22:00:00,161.46875
2015-04-29 22:00:00,159.875
2015-04-30 22:00:00,159.59375
2015-05-01 22:00:00,157.625
2015-05-04 22:00:00,156.78125
2015-05-05 22:00:00,156.0625
2015-05-06 22:00:00,154.3125
2015-05-07 22:00:00,155.96875
2015-05-08 22:00:00,156.21875
2015-05-11 22:00:00,153.1875
2015-05-12 22:00:00,153.59375
2015-05-13 22:00:00,152.5625
2015-05-14 22:00:00,153.0
2015-05-15 22:00:00,155.59375
2015-05-18 22:00:00,153.46875
2015-05-19 22:00:00,153.0
2015-05-20 22:00:00,152.71875
2015-05-21 22:00:00,154.40625
2015-05-22 22:00:00,153.78125
2015-05-26 22:00:00,156.21875
2015-05-27 22:00:00,156.5625
2015-05-28 22:00:00,156.34375
2015-05-29 22:00:00,157.1875
2015-06-01 22:00:00,154.96875
2015-06-02 22:00:00,153.3125
2015-06-03 22:00:00,151.25
2015-06-04 22:00:00,152.90625
2015-06-05 22:00:00,151.25
2015-06-08 22:00:00,151.5625
2015-06-09 22:00:00,150.65625
2015-06-10 22:00:00,149.46875
2015-06-11 22:00:00,151.875
2015-06-12 22:00:00,152.0
2015-06-15 22:00:00,152.125
2015-06-16 22:00:00,152.9375
2015-06-17 22:00:00,152.5625
2015-06-18 22:00:00,151.25
2015-06-19 22:00:00,153.59375
2015-06-22 22:00:00,149.71875
2015-06-23 22:00:00,148.8125
2015-06-24 22:00:00,149.84375
2015-06-25 22:00:00,149.5625
2015-06-26 22:00:00,147.5625
2015-06-29 22:00:00,150.90625
2015-06-30 22:00:00,150.84375
2015-07-01 22:00:00,148.84375
2015-07-02 22:00:00,149.1875
2015-07-06 22:00:00,152.0625
2015-07-07 22:00:00,153.5
2015-07-08 22:00:00,154.125
2015-07-09 22:00:00,151.59375
2015-07-10 22:00:00,149.09375
2015-07-13 22:00:00,149.15625
2015-07-14 22:00:00,149.53125
2015-07-15 22:00:00,150.84375
2015-07-16 22:00:00,151.34375
2015-07-17 22:00:00,152.09375
2015-07-20 22:00:00,151.75
2015-07-21 22:00:00,152.3125
2015-07-22 22:00:00,153.1875
2015-07-23 22:00:00,154.46875
2015-07-24 22:00:00,154.59375
2015-07-27 22:00:00,155.1875
2015-07-28 22:00:00,154.875
2015-07-29 22:00:00,154.375
2015-07-30 22:00:00,155.15625
2015-07-31 22:00:00,155.9375
2015-08-03 22:00:00,157.59375
2015-08-04 22:00:00,156.875
2015-08-05 22:00:00,155.65625
2015-08-06 22:00:00,156.71875
2015-08-07 22:00:00,158.53125
2015-08-10 22:00:00,156.78125
2015-08-11 22:00:00,158.8125
2015-08-12 22:00:00,158.625
2015-08-13 22:00:00,157.90625
2015-08-14 22:00:00,158.125
2015-08-17 22:00:00,159.09375
2015-08-18 22:00:00,157.71875
2015-08-19 22:00:00,158.8125
2015-08-20 22:00:00,160.09375
2015-08-21 22:00:00,160.1875
2015-08-24 22:00:00,160.90625
2015-08-25 22:00:00,157.71875
2015-08-26 22:00:00,156.03125
2015-08-27 22:00:00,156.875
2015-08-28 22:00:00,156.71875
2015-08-31 22:00:00,156.125
2015-09-01 22:00:00,156.125
2015-09-02 22:00:00,155.5
2015-09-03 22:00:00,155.96875
2015-09-04 22:00:00,157.3125
2015-09-08 22:00:00,155.4375
2015-09-09 22:00:00,156.15625
2015-09-10 22:00:00,155.28125
2015-09-11 22:00:00,156.28125
2015-09-14 22:00:00,156.4375
2015-09-15 22:00:00,152.40625
2015-09-16 22:00:00,151.8125
2015-09-17 22:00:00,153.125
2015-09-18 22:00:00,155.75
2015-09-21 22:00:00,153.5
2015-09-22 22:00:00,155.75
2015-09-23 22:00:00,155.625
2015-09-24 22:00:00,156.6875
2015-09-25 22:00:00,155.4375
2015-09-28 22:00:00,157.53125
2015-09-29 22:00:00,157.90625
2015-09-30 22:00:00,157.34375
2015-10-01 22:00:00,157.8125
2015-10-02 22:00:00,158.8125
2015-10-05 22:00:00,157.25
2015-10-06 22:00:00,157.8125
2015-10-07 22:00:00,157.65625
2015-10-08 22:00:00,156.40625
2015-10-09 22:00:00,156.90625
2015-10-12 22:00:00,157.8125
2015-10-13 22:00:00,157.84375
2015-10-14 22:00:00,159.59375
2015-10-15 22:00:00,158.71875
2015-10-16 22:00:00,158.9375
2015-10-19 22:00:00,158.375
2015-10-20 22:00:00,157.28125
2015-10-21 22:00:00,158.40625
2015-10-22 22:00:00,158.4375
2015-10-23 22:00:00,157.15625
2015-10-26 22:00:00,158.03125
2015-10-27 22:00:00,158.53125
2015-10-28 22:00:00,158.125
2015-10-29 22:00:00,155.84375
2015-10-30 22:00:00,156.4375
2015-11-02 22:00:00,155.75
2015-11-03 22:00:00,154.625
2015-11-04 22:00:00,154.6875
2015-11-05 22:00:00,154.09375
2015-11-06 22:00:00,152.3125
2015-11-09 22:00:00,152.09375
2015-11-10 22:00:00,152.59375
2015-11-11 22:00:00,152.03125
2015-11-12 22:00:00,152.84375
2015-11-13 22:00:00,153.375
2015-11-16 22:00:00,153.25
2015-11-17 22:00:00,153.84375
2015-11-18 22:00:00,153.84375
2015-11-19 22:00:00,154.6875
2015-11-20 22:00:00,154.4375
2015-11-23 22:00:00,154.9375
2015-11-24 22:00:00,155.0
2015-11-25 22:00:00,155.28125
2015-11-27 22:00:00,155.25
2015-11-30 22:00:00,155.40625
2015-12-01 22:00:00,157.21875
2015-12-02 22:00:00,157.5
2015-12-03 22:00:00,153.5
2015-12-04 22:00:00,155.1875
2015-12-07 22:00:00,156.6875
2015-12-08 22:00:00,156.21875
2015-12-09 22:00:00,156.84375
2015-12-10 22:00:00,156.46875
2015-12-11 22:00:00,158.59375
2015-12-14 22:00:00,156.8125
2015-12-15 22:00:00,156.09375
2015-12-16 22:00:00,155.90625
2015-12-17 22:00:00,157.25
2015-12-18 22:00:00,157.71875
2015-12-21 22:00:00,157.90625
2015-12-22 22:00:00,155.0625
2015-12-23 22:00:00,154.25
2015-12-24 22:00:00,155.0625
2015-12-28 22:00:00,155.625
2015-12-29 22:00:00,153.28125
2015-12-30 22:00:00,153.25
2015-12-31 22:00:00,153.75
2016-01-04 22:00:00,154.25
2016-01-05 22:00:00,153.6875
2016-01-06 22:00:00,155.59375
2016-01-07 22:00:00,156.0
2016-01-08 22:00:00,156.375
2016-01-11 22:00:00,155.78125
2016-01-12 22:00:00,157.5625
2016-01-13 22:00:00,158.53125
2016-01-14 22:00:00,157.46875
2016-01-15 22:00:00,159.125
2016-01-19 22:00:00,159.375
2016-01-20 22:00:00,160.4375
2016-01-21 22:00:00,159.5625
2016-01-22 22:00:00,159.03125
2016-01-25 22:00:00,159.625
2016-01-26 22:00:00,160.15625
2016-01-27 22:00:00,160.0
2016-01-28 22:00:00,160.0625
2016-01-29 22:00:00,161.03125
2016-02-01 22:00:00,160.53125
2016-02-02 22:00:00,163.03125
2016-02-03 22:00:00,162.375
2016-02-04 22:00:00,162.75
2016-02-05 22:00:00,163.25
2016-02-08 22:00:00,166.03125
2016-02-09 22:00:00,166.125
2016-02-10 22:00:00,167.0625
2016-02-11 22:00:00,168.34375
2016-02-12 22:00:00,166.46875
2016-02-16 22:00:00,165.71875
2016-02-17 22:00:00,164.5625
2016-02-18 22:00:00,166.09375
2016-02-19 22:00:00,166.59375
2016-02-22 22:00:00,166.1875
2016-02-23 22:00:00,166.75
2016-02-24 22:00:00,166.6875
2016-02-25 22:00:00,167.34375
2016-02-26 22:00:00,165.625
2016-02-29 22:00:00,165.875
2016-03-01 22:00:00,163.6875
2016-03-02 22:00:00,164.0
2016-03-03 22:00:00,164.8125
2016-03-04 22:00:00,163.59375
2016-03-07 22:00:00,163.65625
2016-03-08 22:00:00,165.28125
2016-03-09 22:00:00,164.1875
2016-03-10 22:00:00,163.71875
2016-03-11 22:00:00,162.5625
2016-03-14 22:00:00,162.8125
2016-03-15 22:00:00,163.03125
2016-03-16 22:00:00,162.84375
2016-03-17 22:00:00,164.0625
2016-03-18 22:00:00,164.5625
2016-03-21 22:00:00,163.53125
2016-03-22 22:00:00,161.90625
2016-03-23 22:00:00,163.5
2016-03-24 22:00:00,163.03125
2016-03-28 22:00:00,163.53125
2016-03-29 22:00:00,164.5
2016-03-30 22:00:00,163.46875
2016-03-31 22:00:00,164.4375
2016-04-01 22:00:00,164.375
2016-04-04 22:00:00,164.65625
2016-04-05 22:00:00,166.21875
2016-04-06 22:00:00,165.34375
2016-04-07 22:00:00,167.0
2016-04-08 22:00:00,166.1875
2016-04-11 22:00:00,166.09375
2016-04-12 22:00:00,165.03125
2016-04-13 22:00:00,165.875
2016-04-14 22:00:00,165.3125
2016-04-15 22:00:00,166.125
2016-04-18 22:00:00,165.375
2016-04-19 22:00:00,165.0625
2016-04-20 22:00:00,163.40625
2016-04-21 22:00:00,162.6875
2016-04-22 22:00:00,162.46875
2016-04-25 22:00:00,161.9375
2016-04-26 22:00:00,161.21875
2016-04-27 22:00:00,162.6875
2016-04-28 22:00:00,162.75
2016-04-29 22:00:00,163.3125
2016-05-02 22:00:00,162.1875
2016-05-03 22:00:00,163.84375
2016-05-04 22:00:00,164.375
2016-05-05 22:00:00,165.40625
2016-05-06 22:00:00,165.03125
2016-05-09 22:00:00,165.46875
2016-05-10 22:00:00,165.5625
2016-05-11 22:00:00,166.1875
2016-05-12 22:00:00,165.4375
2016-05-13 22:00:00,166.71875
2016-05-16 22:00:00,165.5625
2016-05-17 22:00:00,165.75
2016-05-18 22:00:00,163.25
2016-05-19 22:00:00,164.34375
2016-05-20 22:00:00,164.25
2016-05-23 22:00:00,164.46875
2016-05-24 22:00:00,164.0625
2016-05-25 22:00:00,163.59375
2016-05-26 22:00:00,164.5625
2016-05-27 22:00:00,164.3125
2016-05-31 22:00:00,164.71875
2016-06-01 22:00:00,164.9375
2016-06-02 22:00:00,166.0625
2016-06-03 22:00:00,168.0
2016-06-06 22:00:00,167.53125
2016-06-07 22:00:00,167.90625
2016-06-08 22:00:00,168.28125
2016-06-09 22:00:00,168.96875
2016-06-10 22:00:00,169.78125
2016-06-13 22:00:00,170.21875
2016-06-14 22:00:00,170.375
2016-06-15 22:00:00,170.65625
2016-06-16 22:00:00,171.625
2016-06-17 22:00:00,170.59375
2016-06-20 22:00:00,169.46875
2016-06-21 22:00:00,169.3125
2016-06-22 22:00:00,167.71875
2016-06-23 22:00:00,166.09375
2016-06-24 22:00:00,169.96875
2016-06-27 22:00:00,173.15625
2016-06-28 22:00:00,173.09375
2016-06-29 22:00:00,173.0
2016-06-30 22:00:00,172.34375
2016-07-01 22:00:00,173.6875
2016-07-05 22:00:00,176.25
2016-07-06 22:00:00,175.875
2016-07-07 22:00:00,176.25
2016-07-08 22:00:00,176.9375
2016-07-11 22:00:00,175.6875
2016-07-12 22:00:00,173.8125
2016-07-13 22:00:00,174.96875
2016-07-14 22:00:00,173.0
2016-07-15 22:00:00,171.65625
2016-07-18 22:00:00,171.5625
2016-07-19 22:00:00,172.21875
2016-07-20 22:00:00,171.46875
2016-07-21 22:00:00,171.46875
2016-07-22 22:00:00,171.625
2016-07-25 22:00:00,171.5625
2016-07-26 22:00:00,171.875
2016-07-27 22:00:00,173.21875
2016-07-28 22:00:00,173.34375
2016-07-29 22:00:00,174.4375
2016-08-01 22:00:00,173.59375
2016-08-02 22:00:00,172.34375
2016-08-03 22:00:00,172.15625
2016-08-04 22:00:00,173.15625
2016-08-05 22:00:00,171.5625
2016-08-08 22:00:00,171.65625
2016-08-09 22:00:00,172.71875
2016-08-10 22:00:00,173.46875
2016-08-11 22:00:00,171.78125
2016-08-12 22:00:00,172.96875
2016-08-15 22:00:00,171.75
2016-08-16 22:00:00,171.09375
2016-08-17 22:00:00,171.59375
2016-08-18 22:00:00,171.90625
2016-08-19 22:00:00,171.09375
2016-08-22 22:00:00,172.375
2016-08-23 22:00:00,172.4375
2016-08-24 22:00:00,172.25
2016-08-25 22:00:00,171.71875
2016-08-26 22:00:00,170.3125
2016-08-29 22:00:00,172.09375
2016-08-30 22:00:00,171.78125
2016-08-31 22:00:00,171.84375
2016-09-01 22:00:00,171.9375
2016-09-02 22:00:00,170.96875
2016-09-06 22:00:00,172.125
2016-09-07 22:00:00,172.1875
2016-09-08 22:00:00,169.90625
2016-09-09 22:00:00,168.375
2016-09-12 22:00:00,168.34375
2016-09-13 22:00:00,166.8125
2016-09-14 22:00:00,167.40625
2016-09-15 22:00:00,166.9375
2016-09-16 22:00:00,167.1875
2016-09-19 22:00:00,167.25
2016-09-20 22:00:00,167.53125
2016-09-21 22:00:00,167.34375
2016-09-22 22:00:00,167.5
2016-09-23 22:00:00,167.8125
2016-09-26 22:00:00,168.25
2016-09-27 22:00:00,169.4375
2016-09-28 22:00:00,169.25
2016-09-29 22:00:00,169.625
2016-09-30 22:00:00,168.15625
2016-10-03 22:00:00,168.0625
2016-10-04 22:00:00,166.4375
2016-10-05 22:00:00,165.71875
2016-10-06 22:00:00,165.0625
2016-10-07 22:00:00,164.90625
2016-10-11 22:00:00,164.34375
2016-10-12 22:00:00,164.09375
2016-10-13 22:00:00,164.96875
2016-10-14 22:00:00,163.21875
2016-10-17 22:00:00,163.9375
2016-10-18 22:00:00,164.28125
2016-10-19 22:00:00,164.21875
2016-10-20 22:00:00,164.65625
2016-10-21 22:00:00,164.8125
2016-10-24 22:00:00,164.3125
2016-10-25 22:00:00,164.6875
2016-10-26 22:00:00,163.9375
2016-10-27 22:00:00,162.4375
2016-10-28 22:00:00,162.1875
2016-10-31 22:00:00,162.71875
2016-11-01 22:00:00,163.0625
2016-11-02 22:00:00,163.25
2016-11-03 22:00:00,162.71875
2016-11-04 22:00:00,163.34375
2016-11-07 22:00:00,162.59375
2016-11-08 22:00:00,162.09375
2016-11-09 22:00:00,156.96875
2016-11-10 22:00:00,156.21875
2016-11-14 22:00:00,154.40625
2016-11-15 22:00:00,154.28125
2016-11-16 22:00:00,155.03125
2016-11-17 22:00:00,153.78125
2016-11-18 22:00:00,153.15625
2016-11-21 22:00:00,153.1875
2016-11-22 22:00:00,153.25
2016-11-23 22:00:00,152.90625
2016-11-25 22:00:00,152.8125
2016-11-28 22:00:00,153.6875
2016-11-29 22:00:00,154.125
2016-11-30 22:00:00,152.65625
2016-12-01 22:00:00,150.875
2016-12-02 22:00:00,151.875
2016-12-05 22:00:00,152.125
2016-12-06 22:00:00,151.65625
2016-12-07 22:00:00,152.5625
2016-12-08 22:00:00,151.34375
2016-12-09 22:00:00,149.875
2016-12-12 22:00:00,150.0
2016-12-13 22:00:00,150.21875
2016-12-14 22:00:00,149.84375
2016-12-15 22:00:00,149.9375
2016-12-16 22:00:00,149.03125
2016-12-19 22:00:00,150.3125
2016-12-20 22:00:00,149.875
2016-12-22 22:00:00,148.8125
2016-12-23 22:00:00,149.125
2016-12-27 22:00:00,148.5625
2016-12-28 22:00:00,149.71875
2016-12-29 22:00:00,149.90625
2016-12-30 22:00:00,150.65625
2017-01-03 22:00:00,150.5625
2017-01-04 22:00:00,150.6875
2017-01-05 22:00:00,152.5
2017-01-06 22:00:00,151.78125
2017-01-09 22:00:00,152.71875
2017-01-10 22:00:00,152.53125
2017-01-11 22:00:00,152.8125
2017-01-12 22:00:00,152.59375
2017-01-13 22:00:00,152.28125
2017-01-17 22:00:00,153.3125
2017-01-18 22:00:00,152.03125
2017-01-19 22:00:00,151.0625
2017-01-20 22:00:00,150.78125
2017-01-23 22:00:00,152.0
2017-01-24 22:00:00,150.59375
2017-01-25 22:00:00,149.46875
2017-01-26 22:00:00,149.78125
2017-01-27 22:00:00,150.375
2017-01-30 22:00:00,150.25
2017-01-31 22:00:00,150.84375
2017-02-01 22:00:00,150.4375
2017-02-02 22:00:00,150.5625
2017-02-03 22:00:00,150.03125
2017-02-06 22:00:00,151.53125
2017-02-07 22:00:00,152.1875
2017-02-08 22:00:00,153.28125
2017-02-09 22:00:00,152.1875
2017-02-10 22:00:00,151.90625
2017-02-13 22:00:00,151.375
2017-02-14 22:00:00,150.625
2017-02-15 22:00:00,149.9375
2017-02-16 22:00:00,150.8125
2017-02-17 22:00:00,151.25
2017-02-21 22:00:00,151.3125
2017-02-22 22:00:00,151.375
2017-02-23 22:00:00,151.8125
2017-02-24 22:00:00,153.21875
2017-02-27 22:00:00,152.625
2017-02-28 22:00:00,152.9375
2017-03-01 22:00:00,150.6875
2017-03-02 22:00:00,150.34375
2017-03-03 22:00:00,150.5
2017-03-06 22:00:00,150.3125
2017-03-07 22:00:00,150.09375
2017-03-08 22:00:00,149.15625
2017-03-09 22:00:00,148.0625
2017-03-10 22:00:00,148.0625
2017-03-13 22:00:00,147.625
2017-03-14 22:00:00,148.125
2017-03-15 22:00:00,149.625
2017-03-16 22:00:00,149.25
2017-03-17 22:00:00,149.75
2017-03-20 22:00:00,150.34375
2017-03-21 22:00:00,151.28125
2017-03-22 22:00:00,151.96875
2017-03-23 22:00:00,150.53125
2017-03-24 22:00:00,151.09375
2017-03-27 22:00:00,151.46875
2017-03-28 22:00:00,150.78125
2017-03-29 22:00:00,151.21875
2017-03-30 22:00:00,150.53125
2017-03-31 22:00:00,150.84375
2017-04-03 22:00:00,151.75
2017-04-04 22:00:00,151.65625
2017-04-05 22:00:00,151.5
2017-04-06 22:00:00,151.71875
2017-04-07 22:00:00,151.5
2017-04-10 22:00:00,151.78125
2017-04-11 22:00:00,152.96875
2017-04-12 22:00:00,153.0
2017-04-13 22:00:00,154.0
2017-04-17 22:00:00,153.46875
2017-04-18 22:00:00,155.15625
2017-04-19 22:00:00,154.75
2017-04-20 22:00:00,154.15625
2017-04-21 22:00:00,154.15625
2017-04-24 22:00:00,153.4375
2017-04-25 22:00:00,152.40625
2017-04-26 22:00:00,152.65625
2017-04-27 22:00:00,152.71875
2017-04-28 22:00:00,152.96875
2017-05-01 22:00:00,152.0
2017-05-02 22:00:00,152.75
2017-05-03 22:00:00,152.8125
2017-05-04 22:00:00,151.71875
2017-05-05 22:00:00,151.8125
2017-05-08 22:00:00,151.3125
2017-05-09 22:00:00,150.75
2017-05-10 22:00:00,150.53125
2017-05-11 22:00:00,150.625
2017-05-12 22:00:00,151.4375
2017-05-15 22:00:00,151.28125
2017-05-16 22:00:00,151.59375
2017-05-17 22:00:00,153.78125
2017-05-18 22:00:00,153.8125
2017-05-19 22:00:00,153.84375
2017-05-22 22:00:00,153.78125
2017-05-23 22:00:00,153.28125
2017-05-24 22:00:00,153.53125
2017-05-25 22:00:00,153.84375
2017-05-26 22:00:00,153.90625
2017-05-30 22:00:00,154.59375
2017-05-31 22:00:00,155.125
2017-06-01 22:00:00,154.84375
2017-06-02 22:00:00,156.15625
2017-06-05 22:00:00,155.65625
2017-06-06 22:00:00,156.28125
2017-06-07 22:00:00,155.84375
2017-06-08 22:00:00,155.5625
2017-06-09 22:00:00,155.53125
2017-06-12 22:00:00,155.28125
2017-06-13 22:00:00,155.3125
2017-06-14 22:00:00,156.90625
2017-06-15 22:00:00,156.71875
2017-06-16 22:00:00,156.875
2017-06-19 22:00:00,156.65625
2017-06-20 22:00:00,157.625
2017-06-21 22:00:00,157.59375
2017-06-22 22:00:00,156.46875
2017-06-23 22:00:00,156.625
2017-06-26 22:00:00,156.90625
2017-06-27 22:00:00,155.6875
2017-06-28 22:00:00,155.0
2017-06-29 22:00:00,154.25
2017-06-30 22:00:00,153.6875
2017-07-03 22:00:00,153.0625
2017-07-05 22:00:00,153.34375
2017-07-06 22:00:00,152.28125
2017-07-07 22:00:00,151.65625
2017-07-10 22:00:00,152.0
2017-07-11 22:00:00,152.0625
2017-07-12 22:00:00,152.78125
2017-07-13 22:00:00,152.1875
2017-07-14 22:00:00,152.625
2017-07-17 22:00:00,152.875
2017-07-18 22:00:00,153.84375
2017-07-19 22:00:00,153.9375
2017-07-20 22:00:00,154.0625
2017-07-21 22:00:00,154.78125
2017-07-24 22:00:00,154.25
2017-07-25 22:00:00,152.625
2017-07-26 22:00:00,153.15625
2017-07-27 22:00:00,152.59375
2017-07-28 22:00:00,153.1875
2017-07-31 22:00:00,152.96875
2017-08-01 22:00:00,154.03125
2017-08-02 22:00:00,154.21875
2017-08-03 22:00:00,155.0
2017-08-04 22:00:00,154.09375
2017-08-07 22:00:00,154.3125
2017-08-08 22:00:00,153.71875
2017-08-09 22:00:00,154.71875
2017-08-10 22:00:00,155.34375
2017-08-11 22:00:00,155.46875
2017-08-14 22:00:00,155.15625
2017-08-15 22:00:00,154.40625
2017-08-16 22:00:00,155.0625
2017-08-17 22:00:00,155.6875
2017-08-18 22:00:00,155.84375
2017-08-21 22:00:00,156.15625
2017-08-22 22:00:00,155.59375
2017-08-23 22:00:00,156.5
2017-08-24 22:00:00,156.09375
2017-08-25 22:00:00,156.53125
2017-08-28 22:00:00,156.75
2017-08-29 22:00:00,156.9375
2017-08-30 22:00:00,156.90625
2017-08-31 22:00:00,157.375
2017-09-01 22:00:00,156.46875
2017-09-05 22:00:00,158.28125
2017-09-06 22:00:00,157.625
2017-09-07 22:00:00,158.65625
2017-09-08 22:00:00,158.5625
2017-09-11 22:00:00,157.28125
2017-09-12 22:00:00,156.53125
2017-09-13 22:00:00,156.09375
2017-09-14 22:00:00,156.25
2017-09-15 22:00:00,156.3125
2017-09-18 22:00:00,155.625
2017-09-19 22:00:00,155.40625
2017-09-20 22:00:00,155.34375
2017-09-21 22:00:00,153.875
2017-09-22 22:00:00,154.09375
2017-09-25 22:00:00,154.90625
2017-09-26 22:00:00,154.78125
2017-09-27 22:00:00,152.9375
2017-09-28 22:00:00,152.78125
2017-09-29 22:00:00,152.8125
2017-10-02 22:00:00,152.6875
2017-10-03 22:00:00,152.625
2017-10-04 22:00:00,152.5625
2017-10-05 22:00:00,152.25
2017-10-06 22:00:00,151.90625
2017-10-09 22:00:00,152.09375
2017-10-10 22:00:00,152.5
2017-10-11 22:00:00,152.5625
2017-10-12 22:00:00,153.09375
2017-10-13 22:00:00,154.0
2017-10-16 22:00:00,153.71875
2017-10-17 22:00:00,154.0625
2017-10-18 22:00:00,153.03125
2017-10-19 22:00:00,153.53125
2017-10-20 22:00:00,152.1875
2017-10-23 22:00:00,152.34375
2017-10-24 22:00:00,151.6875
2017-10-25 22:00:00,150.90625
2017-10-26 22:00:00,150.71875
2017-10-27 22:00:00,151.1875
2017-10-30 22:00:00,152.375
2017-10-31 22:00:00,152.46875
2017-11-01 22:00:00,152.75
2017-11-02 22:00:00,153.46875
2017-11-03 22:00:00,153.65625
2017-11-06 22:00:00,154.21875
2017-11-07 22:00:00,154.6875
2017-11-08 22:00:00,154.34375
2017-11-09 22:00:00,153.875
2017-11-10 22:00:00,152.3125
2017-11-13 22:00:00,152.40625
2017-11-14 22:00:00,152.875
2017-11-15 22:00:00,154.0
2017-11-16 22:00:00,153.5625
2017-11-17 22:00:00,153.78125
2017-11-20 22:00:00,153.65625
2017-11-21 22:00:00,154.09375
2017-11-22 22:00:00,154.5
2017-11-24 22:00:00,154.25
2017-11-27 22:00:00,154.34375
2017-11-28 22:00:00,154.28125
2017-11-29 22:00:00,153.3125
2017-11-30 22:00:00,152.84375
2017-12-01 22:00:00,154.375
2017-12-04 22:00:00,154.125
2017-12-05 22:00:00,154.8125
2017-12-06 22:00:00,155.15625
2017-12-07 22:00:00,153.96875
2017-12-08 22:00:00,154.0
2017-12-11 22:00:00,154.15625
2017-12-12 22:00:00,153.78125
2017-12-13 22:00:00,154.8125
2017-12-14 22:00:00,155.21875
2017-12-15 22:00:00,155.375
2017-12-18 22:00:00,154.28125
2017-12-19 22:00:00,152.53125
2017-12-20 22:00:00,150.5625
2017-12-21 22:00:00,151.1875
2017-12-22 22:00:00,151.0
2017-12-26 22:00:00,151.625
2017-12-27 22:00:00,152.9375
2017-12-28 22:00:00,152.71875
2017-12-29 22:00:00,153.0
2018-01-02 22:00:00,151.75
2018-01-03 22:00:00,152.3125
2018-01-04 22:00:00,152.3125
2018-01-05 22:00:00,151.8125
2018-01-08 22:00:00,151.71875
2018-01-09 22:00:00,150.21875
2018-01-10 22:00:00,150.0625
2018-01-11 22:00:00,150.4375
2018-01-12 22:00:00,150.5
2018-01-16 22:00:00,150.8125
2018-01-17 22:00:00,150.3125
2018-01-18 22:00:00,149.4375
2018-01-19 22:00:00,149.0
2018-01-22 22:00:00,148.6875
2018-01-23 22:00:00,149.21875
2018-01-24 22:00:00,148.46875
2018-01-25 22:00:00,149.40625
2018-01-26 22:00:00,148.75
2018-01-29 22:00:00,148.125
2018-01-30 22:00:00,147.375
2018-01-31 22:00:00,147.8125
2018-02-01 22:00:00,146.5625
2018-02-02 22:00:00,144.78125
2018-02-05 22:00:00,145.6875
2018-02-06 22:00:00,146.03125
2018-02-07 22:00:00,144.625
2018-02-08 22:00:00,144.09375
2018-02-09 22:00:00,144.15625
2018-02-12 22:00:00,144.40625
2018-02-13 22:00:00,144.5625
2018-02-14 22:00:00,143.375
2018-02-15 22:00:00,144.0
2018-02-16 22:00:00,144.21875
2018-02-20 22:00:00,143.875
2018-02-21 22:00:00,142.6875
2018-02-22 22:00:00,143.125
2018-02-23 22:00:00,144.0625
2018-02-26 22:00:00,144.21875
2018-02-27 22:00:00,143.5625
2018-02-28 22:00:00,144.4375
2018-03-01 22:00:00,145.34375
2018-03-02 22:00:00,144.4375
2018-03-05 22:00:00,144.125
2018-03-06 22:00:00,144.40625
2018-03-07 22:00:00,144.125
2018-03-08 22:00:00,144.59375
2018-03-09 22:00:00,144.15625
2018-03-12 22:00:00,144.75
2018-03-13 22:00:00,145.15625
2018-03-14 22:00:00,145.875
2018-03-15 22:00:00,145.8125
2018-03-16 22:00:00,145.4375
2018-03-19 22:00:00,145.53125
2018-03-20 22:00:00,144.8125
2018-03-21 22:00:00,143.5
2018-03-22 22:00:00,144.75
2018-03-23 22:00:00,144.71875
2018-03-26 22:00:00,144.71875
2018-03-27 22:00:00,145.625
2018-03-28 22:00:00,145.875
2018-03-29 22:00:00,146.625
2018-04-02 22:00:00,146.75
2018-04-03 22:00:00,145.875
2018-04-04 22:00:00,145.71875
2018-04-05 22:00:00,144.90625
2018-04-06 22:00:00,146.03125
2018-04-09 22:00:00,146.0625
2018-04-10 22:00:00,145.9375
2018-04-11 22:00:00,146.125
2018-04-12 22:00:00,145.375
2018-04-13 22:00:00,145.40625
2018-04-16 22:00:00,145.46875
2018-04-17 22:00:00,146.03125
2018-04-18 22:00:00,144.9375
2018-04-19 22:00:00,143.78125
2018-04-20 22:00:00,143.09375
2018-04-23 22:00:00,142.96875
2018-04-24 22:00:00,142.53125
2018-04-25 22:00:00,141.75
2018-04-26 22:00:00,142.375
2018-04-27 22:00:00,143.25
2018-04-30 22:00:00,143.84375
2018-05-01 22:00:00,143.15625
2018-05-02 22:00:00,143.25
2018-05-03 22:00:00,143.5625
2018-05-04 22:00:00,143.65625
2018-05-07 22:00:00,143.5625
2018-05-08 22:00:00,143.375
2018-05-09 22:00:00,142.65625
2018-05-10 22:00:00,143.1875
2018-05-11 22:00:00,143.125
2018-05-14 22:00:00,142.75
2018-05-15 22:00:00,141.0625
2018-05-16 22:00:00,140.9375
2018-05-17 22:00:00,140.4375
2018-05-18 22:00:00,141.1875
2018-05-21 22:00:00,141.28125
2018-05-22 22:00:00,141.25
2018-05-23 22:00:00,142.21875
2018-05-24 22:00:00,142.78125
2018-05-25 22:00:00,143.6875
2018-05-29 22:00:00,146.25
2018-05-30 22:00:00,145.4375
2018-05-31 22:00:00,146.0
2018-06-01 22:00:00,144.8125
2018-06-04 22:00:00,144.125
2018-06-05 22:00:00,144.3125
2018-06-06 22:00:00,143.25
2018-06-07 22:00:00,144.125
2018-06-08 22:00:00,144.03125
2018-06-11 22:00:00,143.65625
2018-06-12 22:00:00,143.75
2018-06-13 22:00:00,143.4375
2018-06-14 22:00:00,144.125
2018-06-15 22:00:00,144.5
2018-06-18 22:00:00,144.40625
2018-06-19 22:00:00,144.9375
2018-06-20 22:00:00,144.5
2018-06-21 22:00:00,143.96875
2018-06-22 22:00:00,143.96875
2018-06-25 22:00:00,144.34375
2018-06-26 22:00:00,144.25
2018-06-27 22:00:00,145.28125
2018-06-28 22:00:00,144.96875
2018-06-29 22:00:00,145.0
2018-07-02 22:00:00,144.75
2018-07-03 22:00:00,145.34375
2018-07-05 22:00:00,145.5
2018-07-06 22:00:00,145.65625
2018-07-09 22:00:00,145.125
2018-07-10 22:00:00,145.0
2018-07-11 22:00:00,145.46875
2018-07-12 22:00:00,145.28125
2018-07-13 22:00:00,145.6875
2018-07-16 22:00:00,145.125
2018-07-17 22:00:00,145.03125
2018-07-18 22:00:00,144.71875
2018-07-19 22:00:00,145.28125
2018-07-20 22:00:00,144.1875
2018-07-23 22:00:00,142.8125
2018-07-24 22:00:00,143.1875
2018-07-25 22:00:00,143.40625
2018-07-26 22:00:00,142.6875
2018-07-27 22:00:00,142.9375
2018-07-30 22:00:00,142.625
2018-07-31 22:00:00,142.96875
2018-08-01 22:00:00,142.21875
2018-08-02 22:00:00,142.4375
2018-08-03 22:00:00,142.96875
2018-08-06 22:00:00,143.25
2018-08-07 22:00:00,142.59375
2018-08-08 22:00:00,142.625
2018-08-09 22:00:00,143.28125
2018-08-10 22:00:00,144.65625
2018-08-13 22:00:00,144.3125
2018-08-14 22:00:00,144.03125
2018-08-15 22:00:00,144.75
2018-08-16 22:00:00,144.53125
2018-08-17 22:00:00,144.53125
2018-08-20 22:00:00,145.46875
2018-08-21 22:00:00,145.125
2018-08-22 22:00:00,145.46875
2018-08-23 22:00:00,145.65625
2018-08-24 22:00:00,145.59375
2018-08-27 22:00:00,145.125
2018-08-28 22:00:00,144.4375
2018-08-29 22:00:00,144.59375
2018-08-30 22:00:00,144.96875
2018-08-31 22:00:00,144.96875
2018-09-04 22:00:00,143.875
2018-09-05 22:00:00,143.875
2018-09-06 22:00:00,144.375
2018-09-07 22:00:00,143.34375
2018-09-10 22:00:00,143.5
2018-09-11 22:00:00,142.75
2018-09-12 22:00:00,143.0625
2018-09-13 22:00:00,143.15625
2018-09-14 22:00:00,142.53125
2018-09-17 22:00:00,142.40625
2018-09-18 22:00:00,141.40625
2018-09-19 22:00:00,141.0625
2018-09-20 22:00:00,140.25
2018-09-21 22:00:00,140.34375
2018-09-24 22:00:00,140.25
2018-09-25 22:00:00,139.78125
2018-09-26 22:00:00,140.53125
2018-09-27 22:00:00,140.65625
2018-09-28 22:00:00,140.5
2018-10-01 22:00:00,139.96875
2018-10-02 22:00:00,140.5
2018-10-03 22:00:00,138.5
2018-10-04 22:00:00,137.90625
2018-10-05 22:00:00,137.28125
2018-10-08 22:00:00,137.03125
2018-10-09 22:00:00,137.71875
2018-10-10 22:00:00,137.25
2018-10-11 22:00:00,138.84375
2018-10-12 22:00:00,138.71875
2018-10-15 22:00:00,138.28125
2018-10-16 22:00:00,138.5
2018-10-17 22:00:00,138.15625
2018-10-18 22:00:00,138.125
2018-10-19 22:00:00,137.71875
2018-10-22 22:00:00,137.8125
2018-10-23 22:00:00,138.1875
2018-10-24 22:00:00,138.78125
2018-10-25 22:00:00,138.71875
2018-10-26 22:00:00,139.4375
2018-10-29 22:00:00,139.34375
2018-10-30 22:00:00,138.90625
2018-10-31 22:00:00,138.125
2018-11-01 22:00:00,138.4375
2018-11-02 22:00:00,137.15625
2018-11-05 22:00:00,137.5625
2018-11-06 22:00:00,137.4375
2018-11-07 22:00:00,137.375
2018-11-08 22:00:00,137.1875
2018-11-09 22:00:00,137.90625
2018-11-12 22:00:00,138.46875
2018-11-13 22:00:00,138.59375
2018-11-14 22:00:00,138.875
2018-11-15 22:00:00,138.78125
2018-11-16 22:00:00,139.5625
2018-11-19 22:00:00,139.78125
2018-11-20 22:00:00,140.03125
2018-11-21 22:00:00,139.90625
2018-11-23 22:00:00,140.0
2018-11-26 22:00:00,139.78125
2018-11-27 22:00:00,139.90625
2018-11-28 22:00:00,139.9375
2018-11-29 22:00:00,140.125
2018-11-30 22:00:00,140.53125
2018-12-03 22:00:00,141.15625
2018-12-04 22:00:00,142.78125
2018-12-06 22:00:00,143.78125
2018-12-07 22:00:00,143.9375
2018-12-10 22:00:00,144.0625
2018-12-11 22:00:00,143.78125
2018-12-12 22:00:00,143.28125
2018-12-13 22:00:00,143.03125
2018-12-14 22:00:00,143.28125
2018-12-17 22:00:00,143.78125
2018-12-18 22:00:00,144.46875
2018-12-19 22:00:00,144.90625
2018-12-20 22:00:00,144.8125
2018-12-21 22:00:00,144.8125
2018-12-24 22:00:00,145.4375
2018-12-26 22:00:00,144.75
2018-12-27 22:00:00,145.53125
2018-12-28 22:00:00,145.53125
2018-12-31 22:00:00,146.0
2019-01-02 22:00:00,146.75
2019-01-03 22:00:00,148.65625
2019-01-04 22:00:00,146.875
2019-01-07 22:00:00,146.5
2019-01-08 22:00:00,146.03125
2019-01-09 22:00:00,145.5625
2019-01-10 22:00:00,145.28125
2019-01-11 22:00:00,145.75
2019-01-14 22:00:00,145.40625
2019-01-15 22:00:00,145.40625
2019-01-16 22:00:00,145.1875
2019-01-17 22:00:00,145.03125
2019-01-18 22:00:00,144.53125
2019-01-22 22:00:00,145.40625
2019-01-23 22:00:00,144.96875
2019-01-24 22:00:00,145.78125
2019-01-25 22:00:00,145.09375
2019-01-28 22:00:00,145.09375
2019-01-29 22:00:00,145.65625
2019-01-30 22:00:00,145.6875
2019-01-31 22:00:00,146.6875
2019-02-01 22:00:00,145.9375
2019-02-04 22:00:00,145.25
2019-02-05 22:00:00,145.6875
2019-02-06 22:00:00,145.65625
2019-02-07 22:00:00,146.5
2019-02-08 22:00:00,146.875
2019-02-11 22:00:00,146.375
2019-02-12 22:00:00,145.96875
2019-02-13 22:00:00,145.75
2019-02-14 22:00:00,146.5
2019-02-15 22:00:00,146.5625
2019-02-19 22:00:00,146.84375
2019-02-20 22:00:00,146.59375
2019-02-21 22:00:00,145.78125
2019-02-22 22:00:00,146.40625
2019-02-25 22:00:00,146.125
2019-02-26 22:00:00,146.8125
2019-02-27 22:00:00,145.5625
2019-02-28 22:00:00,145.125
2019-03-01 22:00:00,144.46875
2019-03-04 22:00:00,145.0625
2019-03-05 22:00:00,145.09375
2019-03-06 22:00:00,145.5625
2019-03-07 22:00:00,146.46875
2019-03-08 22:00:00,146.65625
2019-03-11 22:00:00,146.3125
2019-03-12 22:00:00,147.09375
2019-03-13 22:00:00,146.8125
2019-03-14 22:00:00,146.1875
2019-03-15 22:00:00,146.875
2019-03-18 22:00:00,146.78125
2019-03-19 22:00:00,146.46875
2019-03-20 22:00:00,146.90625
2019-03-21 22:00:00,147.125
2019-03-22 22:00:00,148.53125
2019-03-25 22:00:00,149.0
2019-03-26 22:00:00,149.09375
2019-03-27 22:00:00,150.0625
2019-03-28 22:00:00,150.03125
2019-03-29 22:00:00,149.65625
2019-04-01 22:00:00,148.21875
2019-04-02 22:00:00,148.3125
2019-04-03 22:00:00,147.5
2019-04-04 22:00:00,147.6875
2019-04-05 22:00:00,147.9375
2019-04-08 22:00:00,147.625
2019-04-09 22:00:00,148.0
2019-04-10 22:00:00,148.21875
2019-04-11 22:00:00,147.71875
2019-04-12 22:00:00,146.90625
2019-04-15 22:00:00,147.0625
2019-04-16 22:00:00,146.34375
2019-04-17 22:00:00,146.3125
2019-04-18 22:00:00,146.84375
2019-04-22 22:00:00,146.21875
2019-04-23 22:00:00,146.5
2019-04-24 22:00:00,147.34375
2019-04-25 22:00:00,147.15625
2019-04-26 22:00:00,147.59375
2019-04-29 22:00:00,146.96875
2019-04-30 22:00:00,147.46875
2019-05-01 22:00:00,147.59375
2019-05-02 22:00:00,146.9375
2019-05-03 22:00:00,147.375
2019-05-06 22:00:00,147.8125
2019-05-07 22:00:00,148.75
2019-05-08 22:00:00,148.21875
2019-05-09 22:00:00,148.6875
2019-05-10 22:00:00,148.65625
2019-05-13 22:00:00,149.46875
2019-05-14 22:00:00,149.1875
2019-05-15 22:00:00,149.875
2019-05-16 22:00:00,149.4375
2019-05-17 22:00:00,149.6875
2019-05-20 22:00:00,149.375
2019-05-21 22:00:00,149.1875
2019-05-22 22:00:00,149.71875
2019-05-23 22:00:00,151.4375
2019-05-24 22:00:00,150.96875
2019-05-28 22:00:00,152.03125
2019-05-29 22:00:00,152.75
2019-05-30 22:00:00,153.0625
2019-05-31 22:00:00,154.375
2019-06-03 22:00:00,155.25
2019-06-04 22:00:00,154.34375
2019-06-05 22:00:00,154.0625
2019-06-06 22:00:00,154.1875
2019-06-07 22:00:00,155.1875
2019-06-10 22:00:00,154.125
2019-06-11 22:00:00,154.25
2019-06-12 22:00:00,154.25
2019-06-13 22:00:00,154.90625
2019-06-14 22:00:00,154.96875
2019-06-17 22:00:00,155.25
2019-06-18 22:00:00,155.625
2019-06-19 22:00:00,155.0
2019-06-20 22:00:00,155.71875
2019-06-21 22:00:00,154.59375
2019-06-24 22:00:00,155.40625
2019-06-25 22:00:00,155.90625
2019-06-26 22:00:00,154.96875
2019-06-27 22:00:00,155.71875
2019-06-28 22:00:00,155.59375
2019-07-01 22:00:00,155.0
2019-07-02 22:00:00,156.09375
2019-07-03 22:00:00,156.65625
2019-07-05 22:00:00,154.96875
2019-07-08 22:00:00,155.40625
2019-07-09 22:00:00,155.09375
2019-07-10 22:00:00,154.65625
2019-07-11 22:00:00,153.53125
2019-07-12 22:00:00,153.71875
2019-07-15 22:00:00,154.0625
2019-07-16 22:00:00,153.625
2019-07-17 22:00:00,154.75
2019-07-18 22:00:00,154.96875
2019-07-19 22:00:00,154.75
2019-07-22 22:00:00,154.9375
2019-07-23 22:00:00,154.28125
2019-07-24 22:00:00,154.8125
2019-07-25 22:00:00,154.3125
2019-07-26 22:00:00,154.34375
2019-07-29 22:00:00,154.78125
2019-07-30 22:00:00,154.625
2019-07-31 22:00:00,155.59375
2019-08-01 22:00:00,157.6875
2019-08-02 22:00:00,158.59375
2019-08-05 22:00:00,160.71875
2019-08-06 22:00:00,161.0
2019-08-07 22:00:00,162.21875
2019-08-08 22:00:00,161.5625
2019-08-09 22:00:00,161.28125
2019-08-12 22:00:00,163.4375
2019-08-13 22:00:00,162.9375
2019-08-14 22:00:00,164.90625
2019-08-15 22:00:00,165.71875
2019-08-16 22:00:00,165.5625
2019-08-19 22:00:00,164.25
2019-08-20 22:00:00,165.0
2019-08-21 22:00:00,164.8125
2019-08-22 22:00:00,164.09375
2019-08-23 22:00:00,165.53125
2019-08-26 22:00:00,165.09375
2019-08-27 22:00:00,166.5
2019-08-28 22:00:00,166.90625
2019-08-29 22:00:00,166.0625
2019-08-30 22:00:00,166.0625
2019-09-03 22:00:00,166.71875
2019-09-04 22:00:00,166.75
2019-09-05 22:00:00,164.6875
2019-09-06 22:00:00,165.3125
2019-09-09 22:00:00,163.78125
2019-09-10 22:00:00,162.25
2019-09-11 22:00:00,161.71875
2019-09-12 22:00:00,160.59375
2019-09-13 22:00:00,158.375
2019-09-16 22:00:00,159.71875
2019-09-17 22:00:00,160.15625
2019-09-18 22:00:00,160.84375
2019-09-19 22:00:00,161.21875
2019-09-20 22:00:00,160.875
2019-09-23 22:00:00,161.65625
2019-09-24 22:00:00,163.125
2019-09-25 22:00:00,161.25
2019-09-26 22:00:00,162.3125
2019-09-27 22:00:00,162.34375
2019-09-30 22:00:00,162.3125
2019-10-01 22:00:00,162.6875
2019-10-02 22:00:00,163.3125
2019-10-03 22:00:00,164.40625
2019-10-04 22:00:00,165.0
2019-10-07 22:00:00,164.40625
2019-10-08 22:00:00,164.5625
2019-10-09 22:00:00,163.5625
2019-10-10 22:00:00,162.25
2019-10-11 22:00:00,160.4375
2019-10-14 22:00:00,161.125
2019-10-15 22:00:00,159.9375
2019-10-16 22:00:00,160.28125
2019-10-17 22:00:00,160.1875
2019-10-18 22:00:00,160.21875
2019-10-21 22:00:00,159.4375
2019-10-22 22:00:00,160.0625
2019-10-23 22:00:00,160.09375
2019-10-24 22:00:00,159.96875
2019-10-25 22:00:00,159.375
2019-10-28 22:00:00,158.28125
2019-10-29 22:00:00,158.6875
2019-10-30 22:00:00,159.59375
2019-10-31 22:00:00,161.375
2019-11-01 22:00:00,160.625
2019-11-04 22:00:00,159.46875
2019-11-05 22:00:00,157.875
2019-11-06 22:00:00,158.96875
2019-11-07 22:00:00,156.65625
2019-11-08 22:00:00,156.40625
2019-11-11 22:00:00,156.5
2019-11-12 22:00:00,157.0
2019-11-13 22:00:00,157.625
2019-11-14 22:00:00,158.65625
2019-11-15 22:00:00,158.3125
2019-11-18 22:00:00,158.78125
2019-11-19 22:00:00,159.34375
2019-11-20 22:00:00,160.3125
2019-11-21 22:00:00,159.71875
2019-11-22 22:00:00,159.875
2019-11-25 22:00:00,160.0625
2019-11-26 22:00:00,160.59375
2019-11-27 22:00:00,160.09375
2019-11-29 22:00:00,159.75
2019-12-02 22:00:00,158.1875
2019-12-03 22:00:00,160.875
2019-12-04 22:00:00,159.5
2019-12-05 22:00:00,159.125
2019-12-06 22:00:00,158.4375
2019-12-09 22:00:00,158.78125
2019-12-10 22:00:00,158.875
2019-12-11 22:00:00,159.6875
2019-12-12 22:00:00,157.5625
2019-12-13 22:00:00,159.03125
2019-12-16 22:00:00,157.65625
2019-12-17 22:00:00,157.625
2019-12-18 22:00:00,156.84375
2019-12-19 22:00:00,157.1875
2019-12-20 22:00:00,156.25
2019-12-23 22:00:00,155.875
2019-12-24 22:00:00,156.375
2019-12-26 22:00:00,156.46875
2019-12-27 22:00:00,156.90625
2019-12-30 22:00:00,156.25
2019-12-31 22:00:00,155.90625
2020-01-02 22:00:00,156.59375
2020-01-03 22:00:00,158.28125
2020-01-06 22:00:00,157.84375
2020-01-07 22:00:00,157.40625
2020-01-08 22:00:00,156.375
2020-01-09 22:00:00,156.8125
2020-01-10 22:00:00,157.625
2020-01-13 22:00:00,157.25
2020-01-14 22:00:00,157.90625
2020-01-15 22:00:00,158.5
2020-01-16 22:00:00,158.09375
2020-01-17 22:00:00,157.28125
2020-01-21 22:00:00,158.59375
2020-01-22 22:00:00,158.8125
2020-01-23 22:00:00,159.5625
2020-01-24 22:00:00,160.625
2020-01-27 22:00:00,162.03125
2020-01-28 22:00:00,161.3125
2020-01-29 22:00:00,162.25
2020-01-30 22:00:00,162.90625
2020-01-31 22:00:00,163.53125
2020-02-03 22:00:00,163.78125
2020-02-04 22:00:00,162.09375
2020-02-05 22:00:00,161.125
2020-02-06 22:00:00,161.375
2020-02-07 22:00:00,162.59375
2020-02-10 22:00:00,163.15625
2020-02-11 22:00:00,162.46875
2020-02-12 22:00:00,161.6875
2020-02-13 22:00:00,161.875
2020-02-14 22:00:00,162.40625
2020-02-18 22:00:00,163.15625
2020-02-19 22:00:00,162.96875
2020-02-20 22:00:00,163.9375
2020-02-21 22:00:00,164.96875
2020-02-24 22:00:00,166.71875
2020-02-25 22:00:00,167.6875
2020-02-26 22:00:00,168.09375
2020-02-27 22:00:00,168.5
2020-02-28 22:00:00,171.375
2020-03-02 22:00:00,172.21875
2020-03-03 22:00:00,173.3125
2020-03-04 22:00:00,173.40625
2020-03-05 22:00:00,174.9375
2020-03-06 22:00:00,180.96875
2020-03-09 22:00:00,186.9375
2020-03-10 22:00:00,180.9375
2020-03-11 22:00:00,181.71875
2020-03-12 22:00:00,180.25
2020-03-13 22:00:00,177.9375
2020-03-16 22:00:00,182.34375
2020-03-17 22:00:00,175.0
2020-03-18 22:00:00,169.28125
2020-03-19 22:00:00,172.6875
2020-03-20 22:00:00,177.3125
2020-03-23 22:00:00,179.65625
2020-03-24 22:00:00,178.84375
2020-03-25 22:00:00,177.75
2020-03-26 22:00:00,178.125
2020-03-27 22:00:00,179.0625
2020-03-30 22:00:00,180.71875
2020-03-31 22:00:00,179.0625
2020-04-01 22:00:00,181.125
2020-04-02 22:00:00,181.53125
2020-04-03 22:00:00,182.5625
2020-04-06 22:00:00,180.5625
2020-04-07 22:00:00,179.21875
2020-04-08 22:00:00,178.28125
2020-04-09 22:00:00,178.84375
2020-04-13 22:00:00,178.125
2020-04-14 22:00:00,177.6875
2020-04-15 22:00:00,180.5625
2020-04-16 22:00:00,181.40625
2020-04-17 22:00:00,179.875
2020-04-20 22:00:00,180.75
2020-04-21 22:00:00,182.25
2020-04-22 22:00:00,180.96875
2020-04-23 22:00:00,181.40625
2020-04-24 22:00:00,182.0
2020-04-27 22:00:00,180.5625
2020-04-28 22:00:00,181.84375
2020-04-29 22:00:00,181.375
2020-04-30 22:00:00,181.03125
2020-05-01 22:00:00,180.65625
2020-05-04 22:00:00,180.71875
2020-05-05 22:00:00,180.28125
2020-05-06 22:00:00,178.71875
2020-05-07 22:00:00,181.125
2020-05-08 22:00:00,179.6875
2020-05-11 22:00:00,178.5
2020-05-12 22:00:00,179.8125
2020-05-13 22:00:00,180.65625
2020-05-14 22:00:00,181.625
2020-05-15 22:00:00,180.9375
2020-05-18 22:00:00,178.15625
2020-05-19 22:00:00,178.625
2020-05-20 22:00:00,179.625
2020-05-21 22:00:00,179.71875
2020-05-22 22:00:00,180.25
2020-05-26 22:00:00,178.96875
2020-05-27 22:00:00,179.46875
2020-05-28 22:00:00,178.65625
2020-05-29 22:00:00,180.0
2020-06-01 22:00:00,179.375
2020-06-02 22:00:00,178.96875
2020-06-03 22:00:00,177.125
2020-06-04 22:00:00,175.625
2020-06-05 22:00:00,174.125
2020-06-08 22:00:00,174.5
2020-06-09 22:00:00,175.9375
2020-06-10 22:00:00,177.53125
2020-06-11 22:00:00,179.96875
2020-06-12 22:00:00,178.78125
2020-06-15 22:00:00,178.90625
2020-06-16 22:00:00,177.28125
2020-06-17 22:00:00,177.78125
2020-06-18 22:00:00,179.0
2020-06-19 22:00:00,179.125
2020-06-22 22:00:00,177.28125
2020-06-23 22:00:00,176.9375
2020-06-24 22:00:00,177.875
2020-06-25 22:00:00,178.21875
2020-06-26 22:00:00,179.09375
2020-06-29 22:00:00,179.03125
2020-06-30 22:00:00,178.5625
2020-07-01 22:00:00,178.125
2020-07-02 22:00:00,178.28125
2020-07-06 22:00:00,177.96875
2020-07-07 22:00:00,179.0
2020-07-08 22:00:00,178.9375
2020-07-09 22:00:00,180.375
2020-07-10 22:00:00,179.8125
2020-07-13 22:00:00,179.625
2020-07-14 22:00:00,180.28125
2020-07-15 22:00:00,179.71875
2020-07-16 22:00:00,180.21875
2020-07-17 22:00:00,179.71875
2020-07-20 22:00:00,180.0
2020-07-21 22:00:00,180.28125
2020-07-22 22:00:00,180.625
2020-07-23 22:00:00,181.09375
2020-07-24 22:00:00,181.09375
2020-07-27 22:00:00,180.65625
2020-07-28 22:00:00,181.4375
2020-07-29 22:00:00,181.28125
2020-07-30 22:00:00,182.3125
2020-07-31 22:00:00,182.28125
2020-08-03 22:00:00,181.59375
2020-08-04 22:00:00,182.78125
2020-08-05 22:00:00,182.09375
2020-08-06 22:00:00,182.25
2020-08-07 22:00:00,181.59375
2020-08-10 22:00:00,181.28125
2020-08-11 22:00:00,179.125
2020-08-12 22:00:00,178.78125
2020-08-13 22:00:00,177.8125
2020-08-14 22:00:00,177.84375
2020-08-17 22:00:00,178.34375
2020-08-18 22:00:00,178.8125
2020-08-19 22:00:00,178.4375
2020-08-20 22:00:00,179.34375
2020-08-21 22:00:00,179.59375
2020-08-24 22:00:00,179.4375
2020-08-25 22:00:00,178.53125
2020-08-26 22:00:00,178.15625
2020-08-27 22:00:00,176.40625
2020-08-28 22:00:00,176.4375
2020-08-31 22:00:00,177.375
2020-09-01 22:00:00,178.0
2020-09-02 22:00:00,178.875
2020-09-03 22:00:00,179.53125
2020-09-04 22:00:00,177.03125
2020-09-08 22:00:00,177.9375
2020-09-09 22:00:00,177.375
2020-09-10 22:00:00,177.90625
2020-09-11 22:00:00,178.25
2020-09-14 22:00:00,178.34375
2020-09-15 22:00:00,178.15625
2020-09-16 22:00:00,177.9375
2020-09-17 22:00:00,178.125
2020-09-18 22:00:00,177.65625
2020-09-21 22:00:00,178.28125
2020-09-22 22:00:00,176.6875
2020-09-23 22:00:00,176.46875
2020-09-24 22:00:00,176.96875
2020-09-25 22:00:00,177.03125
2020-09-28 22:00:00,176.84375
2020-09-29 22:00:00,177.21875
2020-09-30 22:00:00,176.28125
2020-10-01 22:00:00,176.34375
2020-10-02 22:00:00,175.90625
2020-10-05 22:00:00,174.21875
2020-10-06 22:00:00,174.6875
2020-10-07 22:00:00,173.65625
2020-10-08 22:00:00,174.1875
2020-10-09 22:00:00,174.03125
2020-10-12 22:00:00,174.375
2020-10-13 22:00:00,175.1875
2020-10-14 22:00:00,175.375
2020-10-15 22:00:00,175.25
2020-10-16 22:00:00,174.90625
2020-10-19 22:00:00,174.5
2020-10-20 22:00:00,173.5
2020-10-21 22:00:00,173.09375
2020-10-22 22:00:00,172.34375
2020-10-23 22:00:00,172.59375
2020-10-26 22:00:00,173.59375
2020-10-27 22:00:00,174.09375
2020-10-28 22:00:00,174.03125
2020-10-29 22:00:00,172.84375
2020-10-30 22:00:00,172.46875
2020-11-02 22:00:00,172.75
2020-11-03 22:00:00,172.03125
2020-11-04 22:00:00,174.4375
2020-11-05 22:00:00,174.34375
2020-11-06 22:00:00,173.3125
2020-11-09 22:00:00,170.1875
2020-11-10 22:00:00,170.0
2020-11-11 22:00:00,170.65625
2020-11-12 22:00:00,172.28125
2020-11-13 22:00:00,172.1875
2020-11-16 22:00:00,171.90625
2020-11-17 22:00:00,172.5625
2020-11-18 22:00:00,172.53125
2020-11-19 22:00:00,173.25
2020-11-20 22:00:00,174.0625
2020-11-23 22:00:00,173.46875
2020-11-24 22:00:00,172.90625
2020-11-25 22:00:00,172.875
2020-11-27 22:00:00,173.875
2020-11-30 22:00:00,173.78125
2020-12-01 22:00:00,171.6875
2020-12-02 22:00:00,171.21875
2020-12-03 22:00:00,171.90625
2020-12-04 22:00:00,170.75
2020-12-07 22:00:00,171.5625
2020-12-08 22:00:00,172.09375
2020-12-09 22:00:00,171.5
2020-12-10 22:00:00,172.46875
2020-12-11 22:00:00,172.625
2020-12-14 22:00:00,172.65625
2020-12-15 22:00:00,171.90625
2020-12-16 22:00:00,171.96875
2020-12-17 22:00:00,171.71875
2020-12-18 22:00:00,171.1875
2020-12-21 22:00:00,171.5
2020-12-22 22:00:00,173.03125
2020-12-23 22:00:00,172.0625
2020-12-24 22:00:00,172.75
2020-12-28 22:00:00,172.75
2020-12-29 22:00:00,172.65625
2020-12-30 22:00:00,172.84375
2020-12-31 22:00:00,173.1875
2021-01-04 22:00:00,173.03125
2021-01-05 22:00:00,172.0
2021-01-06 22:00:00,169.71875
2021-01-07 22:00:00,169.21875
2021-01-08 22:00:00,168.75
2021-01-11 22:00:00,168.34375
2021-01-12 22:00:00,168.1875
2021-01-13 22:00:00,169.375
2021-01-14 22:00:00,168.21875
2021-01-15 22:00:00,168.8125
2021-01-19 22:00:00,168.96875
2021-01-20 22:00:00,169.0
2021-01-21 22:00:00,168.4375
2021-01-22 22:00:00,168.875
2021-01-25 22:00:00,169.96875
2021-01-26 22:00:00,169.875
2021-01-27 22:00:00,170.4375
2021-01-28 22:00:00,169.5625
2021-01-29 22:00:00,168.71875
2021-02-01 22:00:00,169.0
2021-02-02 22:00:00,168.4375
2021-02-03 22:00:00,167.84375
2021-02-04 22:00:00,167.46875
2021-02-05 22:00:00,166.71875
2021-02-08 22:00:00,167.125
2021-02-09 22:00:00,167.125
2021-02-10 22:00:00,167.53125
2021-02-11 22:00:00,167.25
2021-02-12 22:00:00,166.15625
2021-02-16 22:00:00,164.09375
2021-02-17 22:00:00,164.40625
2021-02-18 22:00:00,164.5
2021-02-19 22:00:00,163.09375
2021-02-22 22:00:00,162.375
2021-02-23 22:00:00,162.15625
2021-02-24 22:00:00,161.53125
2021-02-25 22:00:00,159.6875
2021-02-26 22:00:00,160.75
2021-03-01 22:00:00,160.71875
2021-03-02 22:00:00,161.0
2021-03-03 22:00:00,160.0625
2021-03-04 22:00:00,158.625
2021-03-05 22:00:00,158.75
2021-03-08 22:00:00,158.28125
2021-03-09 22:00:00,159.3125
2021-03-10 22:00:00,159.6875
2021-03-11 22:00:00,159.4375
2021-03-12 22:00:00,157.125
2021-03-15 22:00:00,157.625
2021-03-16 22:00:00,157.375
2021-03-17 22:00:00,156.6875
2021-03-18 22:00:00,155.53125
2021-03-19 22:00:00,155.59375
2021-03-22 22:00:00,156.84375
2021-03-23 22:00:00,156.15625
2021-03-24 22:00:00,156.75
2021-03-25 22:00:00,156.6875
2021-03-26 22:00:00,155.96875
2021-03-29 22:00:00,154.78125
2021-03-30 22:00:00,155.03125
2021-03-31 22:00:00,154.59375
2021-04-01 22:00:00,156.21875
2021-04-05 22:00:00,155.59375
2021-04-06 22:00:00,156.53125
2021-04-07 22:00:00,156.375
2021-04-08 22:00:00,156.78125
2021-04-09 22:00:00,156.5
2021-04-12 22:00:00,156.28125
2021-04-13 22:00:00,157.15625
2021-04-14 22:00:00,156.875
2021-04-15 22:00:00,159.0
2021-04-16 22:00:00,158.0
2021-04-19 22:00:00,157.5
2021-04-20 22:00:00,158.15625
2021-04-21 22:00:00,158.125
2021-04-22 22:00:00,158.4375
2021-04-23 22:00:00,158.28125
2021-04-26 22:00:00,158.4375
2021-04-27 22:00:00,157.4375
2021-04-28 22:00:00,157.5
2021-04-29 22:00:00,157.1875
2021-04-30 22:00:00,157.25
2021-05-03 22:00:00,157.625
2021-05-04 22:00:00,158.0
2021-05-05 22:00:00,158.125
2021-05-06 22:00:00,158.625
2021-05-07 22:00:00,157.96875
2021-05-10 22:00:00,157.53125
2021-05-11 22:00:00,156.9375
2021-05-12 22:00:00,155.59375
2021-05-13 22:00:00,156.1875
2021-05-14 22:00:00,156.8125
2021-05-17 22:00:00,156.78125
2021-05-18 22:00:00,156.6875
2021-05-19 22:00:00,156.0625
2021-05-20 22:00:00,157.0
2021-05-21 22:00:00,157.25
2021-05-24 22:00:00,157.6875
2021-05-25 22:00:00,158.59375
2021-05-26 22:00:00,158.53125
2021-05-27 22:00:00,157.78125
2021-05-28 22:00:00,158.125
2021-06-01 22:00:00,157.71875
2021-06-02 22:00:00,158.09375
2021-06-03 22:00:00,157.65625
2021-06-04 22:00:00,159.0625
2021-06-07 22:00:00,158.8125
2021-06-08 22:00:00,159.59375
2021-06-09 22:00:00,160.375
2021-06-10 22:00:00,160.90625
2021-06-11 22:00:00,160.8125
2021-06-14 22:00:00,160.1875
2021-06-15 22:00:00,160.125
2021-06-16 22:00:00,159.40625
2021-06-17 22:00:00,161.3125
2021-06-18 22:00:00,162.53125
2021-06-21 22:00:00,161.625
2021-06-22 22:00:00,159.9375
2021-06-23 22:00:00,159.78125
2021-06-24 22:00:00,159.9375
2021-06-25 22:00:00,158.75
2021-06-28 22:00:00,160.0625
2021-06-29 22:00:00,160.09375
2021-06-30 22:00:00,160.75
2021-07-01 22:00:00,160.1875
2021-07-02 22:00:00,160.90625
2021-07-06 22:00:00,162.09375
2021-07-07 22:00:00,163.28125
2021-07-08 22:00:00,163.9375
2021-07-09 22:00:00,162.625
2021-07-12 22:00:00,162.5
2021-07-13 22:00:00,161.4375
2021-07-14 22:00:00,162.59375
2021-07-15 22:00:00,163.90625
2021-07-16 22:00:00,163.8125
2021-07-19 22:00:00,166.15625
2021-07-20 22:00:00,165.40625
2021-07-21 22:00:00,164.03125
2021-07-22 22:00:00,164.5
2021-07-23 22:00:00,164.03125
2021-07-26 22:00:00,164.125
2021-07-27 22:00:00,165.0
2021-07-28 22:00:00,164.375
2021-07-29 22:00:00,164.15625
2021-07-30 22:00:00,164.71875
2021-08-02 22:00:00,166.0
2021-08-03 22:00:00,166.0
2021-08-04 22:00:00,166.1875
2021-08-05 22:00:00,165.6875
2021-08-06 22:00:00,164.1875
2021-08-09 22:00:00,163.6875
2021-08-10 22:00:00,163.21875
2021-08-11 22:00:00,163.03125
2021-08-12 22:00:00,162.90625
2021-08-13 22:00:00,164.40625
2021-08-16 22:00:00,165.125
2021-08-17 22:00:00,165.125
2021-08-18 22:00:00,165.0625
2021-08-19 22:00:00,165.8125
2021-08-20 22:00:00,165.75
2021-08-23 22:00:00,165.8125
2021-08-24 22:00:00,165.03125
2021-08-25 22:00:00,163.9375
2021-08-26 22:00:00,164.0625
2021-08-27 22:00:00,164.5
2021-08-30 22:00:00,165.03125
2021-08-31 22:00:00,164.53125
2021-09-01 22:00:00,164.78125
2021-09-02 22:00:00,164.96875
2021-09-03 22:00:00,164.46875
2021-09-07 22:00:00,163.46875
2021-09-08 22:00:00,164.15625
2021-09-09 22:00:00,165.125
2021-09-10 22:00:00,164.28125
2021-09-13 22:00:00,164.71875
2021-09-14 22:00:00,165.875
2021-09-15 22:00:00,165.40625
2021-09-16 22:00:00,164.96875
2021-09-17 22:00:00,164.15625
2021-09-20 22:00:00,165.4375
2021-09-21 22:00:00,165.375
2021-09-22 22:00:00,163.75
2021-09-23 22:00:00,162.15625
2021-09-24 22:00:00,160.96875
2021-09-27 22:00:00,160.6875
2021-09-28 22:00:00,159.3125
2021-09-29 22:00:00,159.09375
2021-09-30 22:00:00,159.21875
2021-10-01 22:00:00,160.34375
2021-10-04 22:00:00,160.125
2021-10-05 22:00:00,159.15625
2021-10-06 22:00:00,159.46875
2021-10-07 22:00:00,158.4375
2021-10-08 22:00:00,157.75
2021-10-11 22:00:00,157.46875
2021-10-12 22:00:00,158.5625
2021-10-13 22:00:00,159.65625
2021-10-14 22:00:00,160.09375
2021-10-15 22:00:00,159.375
2021-10-18 22:00:00,159.5625
2021-10-19 22:00:00,158.28125
2021-10-20 22:00:00,158.125
2021-10-21 22:00:00,157.75
2021-10-22 22:00:00,158.28125
2021-10-25 22:00:00,158.53125
2021-10-26 22:00:00,158.96875
2021-10-27 22:00:00,160.96875
2021-10-28 22:00:00,160.5
2021-10-29 22:00:00,160.84375
2021-11-01 22:00:00,160.375
2021-11-02 22:00:00,160.78125
2021-11-03 22:00:00,160.46875
2021-11-04 22:00:00,161.15625
2021-11-05 22:00:00,162.875
2021-11-08 22:00:00,162.28125
2021-11-09 22:00:00,163.71875
2021-11-10 22:00:00,162.125
2021-11-11 22:00:00,161.78125
2021-11-12 22:00:00,161.375
2021-11-15 22:00:00,160.25
2021-11-16 22:00:00,160.0
2021-11-17 22:00:00,160.4375
2021-11-18 22:00:00,160.9375
2021-11-19 22:00:00,161.8125
2021-11-22 22:00:00,160.3125
2021-11-23 22:00:00,159.375
2021-11-24 22:00:00,160.0
2021-11-26 22:00:00,162.875
2021-11-29 22:00:00,162.0
2021-11-30 22:00:00,163.6875
2021-12-01 22:00:00,163.9375
2021-12-02 22:00:00,163.90625
2021-12-03 22:00:00,165.71875
2021-12-06 22:00:00,164.09375
2021-12-07 22:00:00,163.46875
2021-12-08 22:00:00,162.375
2021-12-09 22:00:00,162.84375
2021-12-10 22:00:00,162.875
2021-12-13 22:00:00,164.03125
2021-12-14 22:00:00,163.78125
2021-12-15 22:00:00,163.3125
2021-12-16 22:00:00,163.6875
2021-12-17 22:00:00,164.125
2021-12-20 22:00:00,163.53125
2021-12-21 22:00:00,161.9375
2021-12-22 22:00:00,161.375
2021-12-23 22:00:00,160.46875
2021-12-27 22:00:00,160.75
2021-12-28 22:00:00,160.65625
2021-12-29 22:00:00,159.375
2021-12-30 22:00:00,159.875
2021-12-31 22:00:00,160.4375
2022-01-03 22:00:00,157.90625
2022-01-04 22:00:00,156.8125
2022-01-05 22:00:00,156.375
2022-01-06 22:00:00,155.9375
2022-01-07 22:00:00,155.125
2022-01-10 22:00:00,155.34375
2022-01-11 22:00:00,155.9375
2022-01-12 22:00:00,156.03125
2022-01-13 22:00:00,156.53125
2022-01-14 22:00:00,155.34375
2022-01-18 22:00:00,153.6875
2022-01-19 22:00:00,154.5625
2022-01-20 22:00:00,154.46875
2022-01-21 22:00:00,155.9375
2022-01-24 22:00:00,155.90625
2022-01-25 22:00:00,155.25
2022-01-26 22:00:00,154.34375
2022-01-27 22:00:00,155.40625
2022-01-28 22:00:00,155.75
2022-01-31 22:00:00,155.625
2022-02-01 22:00:00,155.3125
2022-02-02 22:00:00,156.0
2022-02-03 22:00:00,154.90625
2022-02-04 22:00:00,153.25
2022-02-07 22:00:00,153.5
2022-02-08 22:00:00,152.78125
2022-02-09 22:00:00,153.28125
2022-02-10 22:00:00,151.65625
2022-02-11 22:00:00,152.65625
2022-02-14 22:00:00,151.75
2022-02-15 22:00:00,150.75
2022-02-16 22:00:00,150.84375
2022-02-17 22:00:00,151.96875
2022-02-18 22:00:00,153.03125
2022-02-22 22:00:00,152.96875
2022-02-23 22:00:00,152.5625
2022-02-24 22:00:00,152.4375
2022-02-25 22:00:00,152.25
2022-02-28 22:00:00,154.59375
2022-03-01 22:00:00,157.03125
2022-03-02 22:00:00,154.5625
2022-03-03 22:00:00,154.90625
2022-03-04 22:00:00,157.21875
2022-03-07 22:00:00,157.625
2022-03-08 22:00:00,155.09375
2022-03-09 22:00:00,153.6875
2022-03-10 22:00:00,152.8125
2022-03-11 22:00:00,153.15625
2022-03-14 22:00:00,150.71875
2022-03-15 22:00:00,150.125
2022-03-16 22:00:00,150.15625
2022-03-17 22:00:00,149.8125
2022-03-18 22:00:00,150.78125
2022-03-21 22:00:00,148.09375
2022-03-22 22:00:00,146.96875
2022-03-23 22:00:00,149.53125
2022-03-24 22:00:00,149.34375
2022-03-25 22:00:00,147.0625
2022-03-28 22:00:00,147.625
2022-03-29 22:00:00,148.9375
2022-03-30 22:00:00,149.4375
2022-03-31 22:00:00,150.0625
2022-04-01 22:00:00,149.8125
2022-04-04 22:00:00,148.875
2022-04-05 22:00:00,146.40625
2022-04-06 22:00:00,145.4375
2022-04-07 22:00:00,144.25
2022-04-08 22:00:00,143.15625
2022-04-11 22:00:00,142.0625
2022-04-12 22:00:00,142.4375
2022-04-13 22:00:00,143.1875
2022-04-14 22:00:00,141.0625
2022-04-18 22:00:00,140.1875
2022-04-19 22:00:00,139.46875
2022-04-20 22:00:00,141.03125
2022-04-21 22:00:00,140.0625
2022-04-22 22:00:00,140.09375
2022-04-25 22:00:00,141.53125
2022-04-26 22:00:00,142.4375
2022-04-27 22:00:00,141.53125
2022-04-28 22:00:00,141.21875
2022-04-29 22:00:00,140.6875
2022-05-02 22:00:00,139.09375
2022-05-03 22:00:00,140.0
2022-05-04 22:00:00,140.15625
2022-05-05 22:00:00,137.28125
2022-05-06 22:00:00,136.3125
2022-05-09 22:00:00,136.9375
2022-05-10 22:00:00,138.59375
2022-05-11 22:00:00,139.625
2022-05-12 22:00:00,140.9375
2022-05-13 22:00:00,139.09375
2022-05-16 22:00:00,139.90625
2022-05-17 22:00:00,138.65625
2022-05-18 22:00:00,140.3125
2022-05-19 22:00:00,140.59375
2022-05-20 22:00:00,141.78125
2022-05-23 22:00:00,140.3125
2022-05-24 22:00:00,141.90625
2022-05-25 22:00:00,141.84375
2022-05-26 22:00:00,141.6875
2022-05-27 22:00:00,141.9375
2022-05-31 22:00:00,140.4375
2022-06-01 22:00:00,139.625
2022-06-02 22:00:00,139.75
2022-06-03 22:00:00,139.1875
2022-06-06 22:00:00,137.71875
2022-06-07 22:00:00,139.0
2022-06-08 22:00:00,138.0
2022-06-09 22:00:00,138.09375
2022-06-10 22:00:00,136.65625
2022-06-13 22:00:00,133.59375
2022-06-14 22:00:00,132.375
2022-06-15 22:00:00,133.40625
2022-06-16 22:00:00,134.65625
2022-06-17 22:00:00,135.8125
2022-06-21 22:00:00,134.59375
2022-06-22 22:00:00,135.96875
2022-06-23 22:00:00,137.09375
2022-06-24 22:00:00,136.03125
2022-06-27 22:00:00,135.3125
2022-06-28 22:00:00,135.15625
2022-06-29 22:00:00,136.9375
2022-06-30 22:00:00,138.625
2022-07-01 22:00:00,139.34375
2022-07-05 22:00:00,141.15625
2022-07-06 22:00:00,139.78125
2022-07-07 22:00:00,138.40625
2022-07-08 22:00:00,136.84375
2022-07-11 22:00:00,138.71875
2022-07-12 22:00:00,139.34375
2022-07-13 22:00:00,140.34375
2022-07-14 22:00:00,139.5625
2022-07-15 22:00:00,140.03125
2022-07-18 22:00:00,139.25
2022-07-19 22:00:00,138.5625
2022-07-20 22:00:00,138.5
2022-07-21 22:00:00,140.34375
2022-07-22 22:00:00,142.0625
2022-07-25 22:00:00,141.40625
2022-07-26 22:00:00,142.125
2022-07-27 22:00:00,142.75
2022-07-28 22:00:00,143.15625
2022-07-29 22:00:00,144.0
2022-08-01 22:00:00,144.6875
2022-08-02 22:00:00,142.96875
2022-08-03 22:00:00,142.84375
2022-08-04 22:00:00,143.6875
2022-08-05 22:00:00,141.21875
2022-08-08 22:00:00,142.5625
2022-08-09 22:00:00,142.375
2022-08-10 22:00:00,141.9375
2022-08-11 22:00:00,140.0
2022-08-12 22:00:00,140.59375
2022-08-15 22:00:00,141.53125
2022-08-16 22:00:00,141.21875
2022-08-17 22:00:00,140.3125
2022-08-18 22:00:00,140.4375
2022-08-19 22:00:00,138.46875
2022-08-22 22:00:00,137.90625
2022-08-23 22:00:00,137.5
2022-08-24 22:00:00,136.4375
2022-08-25 22:00:00,137.8125
2022-08-26 22:00:00,137.6875
2022-08-29 22:00:00,136.5625
2022-08-30 22:00:00,136.78125
2022-08-31 22:00:00,136.40625
2022-09-01 22:00:00,134.125
2022-09-02 22:00:00,135.15625
2022-09-06 22:00:00,133.0
2022-09-07 22:00:00,134.1875
2022-09-08 22:00:00,133.8125
2022-09-09 22:00:00,133.46875
2022-09-12 22:00:00,132.84375
2022-09-13 22:00:00,132.375
2022-09-14 22:00:00,132.4375
2022-09-15 22:00:00,131.875
2022-09-16 22:00:00,131.625
2022-09-19 22:00:00,131.375
2022-09-20 22:00:00,130.28125
2022-09-21 22:00:00,130.21875
2022-09-22 22:00:00,128.21875
2022-09-23 22:00:00,128.78125
2022-09-26 22:00:00,126.5
2022-09-27 22:00:00,124.8125
2022-09-28 22:00:00,127.6875
2022-09-29 22:00:00,127.0625
2022-09-30 22:00:00,126.40625
2022-10-03 22:00:00,128.3125
2022-10-04 22:00:00,128.65625
2022-10-05 22:00:00,126.78125
2022-10-06 22:00:00,126.28125
2022-10-07 22:00:00,125.53125
2022-10-10 22:00:00,124.15625
2022-10-11 22:00:00,124.65625
2022-10-12 22:00:00,125.15625
2022-10-13 22:00:00,124.5625
2022-10-14 22:00:00,123.71875
2022-10-17 22:00:00,123.375
2022-10-18 22:00:00,123.5625
2022-10-19 22:00:00,121.90625
2022-10-20 22:00:00,120.4375
2022-10-21 22:00:00,119.125
2022-10-24 22:00:00,118.3125
2022-10-25 22:00:00,120.0625
2022-10-26 22:00:00,121.46875
2022-10-27 22:00:00,122.34375
2022-10-28 22:00:00,121.25
2022-10-31 22:00:00,120.5
2022-11-01 22:00:00,121.03125
2022-11-02 22:00:00,120.71875
2022-11-03 22:00:00,120.3125
2022-11-04 22:00:00,119.4375
2022-11-07 22:00:00,118.53125
2022-11-08 22:00:00,119.9375
2022-11-09 22:00:00,119.65625
2022-11-10 22:00:00,124.125
2022-11-11 22:00:00,123.8125
2022-11-14 22:00:00,123.65625
2022-11-15 22:00:00,124.53125
2022-11-16 22:00:00,126.40625
2022-11-17 22:00:00,125.84375
2022-11-18 22:00:00,125.4375
2022-11-21 22:00:00,125.46875
2022-11-22 22:00:00,126.625
2022-11-23 22:00:00,127.625
2022-11-25 22:00:00,127.59375
2022-11-28 22:00:00,127.40625
2022-11-29 22:00:00,126.71875
2022-11-30 22:00:00,127.03125
2022-12-01 22:00:00,129.5625
2022-12-02 22:00:00,129.84375
2022-12-05 22:00:00,128.875
2022-12-06 22:00:00,130.46875
2022-12-07 22:00:00,131.96875
2022-12-08 22:00:00,131.03125
2022-12-09 22:00:00,129.9375
2022-12-12 22:00:00,129.71875
2022-12-13 22:00:00,131.25
2022-12-14 22:00:00,131.15625
2022-12-15 22:00:00,132.125
2022-12-16 22:00:00,131.21875
2022-12-19 22:00:00,129.84375
2022-12-20 22:00:00,128.25
2022-12-21 22:00:00,128.15625
2022-12-22 22:00:00,128.4375
2022-12-23 22:00:00,127.15625
2022-12-27 22:00:00,125.3125
2022-12-28 22:00:00,124.90625
2022-12-29 22:00:00,125.5
2022-12-30 22:00:00,125.34375
2023-01-03 22:00:00,126.21875
2023-01-04 22:00:00,127.5
2023-01-05 22:00:00,127.53125
2023-01-06 22:00:00,129.21875
2023-01-09 22:00:00,129.90625
2023-01-10 22:00:00,128.21875
2023-01-11 22:00:00,129.09375
2023-01-12 22:00:00,130.65625
2023-01-13 22:00:00,130.0
2023-01-17 22:00:00,129.71875
2023-01-18 22:00:00,132.0625
2023-01-19 22:00:00,131.75
2023-01-20 22:00:00,130.46875
2023-01-23 22:00:00,129.84375
2023-01-24 22:00:00,130.84375
2023-01-25 22:00:00,130.8125
2023-01-26 22:00:00,130.40625
2023-01-27 22:00:00,130.15625
2023-01-30 22:00:00,129.78125
2023-01-31 22:00:00,129.875
2023-02-01 22:00:00,131.65625
2023-02-02 22:00:00,131.78125
2023-02-03 22:00:00,130.0625
2023-02-06 22:00:00,129.0
2023-02-07 22:00:00,128.40625
2023-02-08 22:00:00,128.34375
2023-02-09 22:00:00,127.875
2023-02-10 22:00:00,126.9375
2023-02-13 22:00:00,127.375
2023-02-14 22:00:00,126.96875
2023-02-15 22:00:00,126.21875
2023-02-16 22:00:00,125.5625
2023-02-17 22:00:00,125.78125
2023-02-21 22:00:00,124.09375
2023-02-22 22:00:00,124.5625
2023-02-23 22:00:00,125.09375
2023-02-24 22:00:00,123.875
2023-02-27 22:00:00,124.21875
2023-02-28 22:00:00,124.125
2023-03-01 22:00:00,123.1875
2023-03-02 22:00:00,122.21875
2023-03-03 22:00:00,123.84375
2023-03-06 22:00:00,123.59375
2023-03-07 22:00:00,124.0
2023-03-08 22:00:00,124.1875
2023-03-09 22:00:00,124.71875
2023-03-10 22:00:00,128.03125
2023-03-13 22:00:00,130.125
2023-03-14 22:00:00,128.59375
2023-03-15 22:00:00,130.21875
2023-03-16 22:00:00,129.15625
2023-03-17 22:00:00,131.28125
2023-03-20 22:00:00,130.0
2023-03-21 22:00:00,128.71875
2023-03-22 22:00:00,129.03125
2023-03-23 22:00:00,131.78125
2023-03-24 22:00:00,132.34375
2023-03-27 22:00:00,130.34375
2023-03-28 22:00:00,129.9375
2023-03-29 22:00:00,129.8125
2023-03-30 22:00:00,130.15625
2023-03-31 22:00:00,131.15625
2023-04-03 22:00:00,131.9375
2023-04-04 22:00:00,133.125
2023-04-05 22:00:00,134.0625
2023-04-06 22:00:00,134.09375
2023-04-10 22:00:00,132.5625
2023-04-11 22:00:00,132.375
2023-04-12 22:00:00,132.15625
2023-04-13 22:00:00,131.8125
2023-04-14 22:00:00,130.71875
2023-04-17 22:00:00,129.75
2023-04-18 22:00:00,130.03125
2023-04-19 22:00:00,129.71875
2023-04-20 22:00:00,130.3125
2023-04-21 22:00:00,129.90625
2023-04-24 22:00:00,130.75
2023-04-25 22:00:00,132.375
2023-04-26 22:00:00,131.71875
2023-04-27 22:00:00,130.40625
2023-04-28 22:00:00,131.65625
2023-05-01 22:00:00,129.65625
2023-05-02 22:00:00,131.4375
2023-05-03 22:00:00,131.875
2023-05-04 22:00:00,132.125
2023-05-05 22:00:00,130.96875
2023-05-08 22:00:00,129.875
2023-05-09 22:00:00,129.6875
2023-05-10 22:00:00,130.6875
2023-05-11 22:00:00,131.53125
2023-05-12 22:00:00,130.71875
2023-05-15 22:00:00,129.78125
2023-05-16 22:00:00,129.125
2023-05-17 22:00:00,128.78125
2023-05-18 22:00:00,127.90625
2023-05-19 22:00:00,127.15625
2023-05-22 22:00:00,126.78125
2023-05-23 22:00:00,126.9375
2023-05-24 22:00:00,126.5625
2023-05-25 22:00:00,125.53125
2023-05-26 22:00:00,125.625
2023-05-30 22:00:00,127.1875
2023-05-31 22:00:00,128.0625
2023-06-01 22:00:00,128.59375
2023-06-02 22:00:00,127.6875
2023-06-05 22:00:00,127.6875
2023-06-06 22:00:00,127.71875
2023-06-07 22:00:00,126.3125
2023-06-08 22:00:00,127.46875
2023-06-09 22:00:00,127.34375
2023-06-12 22:00:00,126.96875
2023-06-13 22:00:00,126.0625
2023-06-14 22:00:00,126.9375
2023-06-15 22:00:00,127.75
2023-06-16 22:00:00,127.34375
2023-06-20 22:00:00,128.25
2023-06-21 22:00:00,127.8125
2023-06-22 22:00:00,127.0
2023-06-23 22:00:00,127.90625
2023-06-26 22:00:00,128.09375
2023-06-27 22:00:00,127.5625
2023-06-28 22:00:00,128.25
2023-06-29 22:00:00,126.15625
2023-06-30 22:00:00,126.90625
2023-07-03 22:00:00,126.625
2023-07-05 22:00:00,125.25
2023-07-06 22:00:00,124.03125
2023-07-07 22:00:00,123.75
2023-07-10 22:00:00,124.0625
2023-07-11 22:00:00,124.375
2023-07-12 22:00:00,125.78125
2023-07-13 22:00:00,127.0
2023-07-14 22:00:00,126.4375
2023-07-17 22:00:00,126.5625
2023-07-18 22:00:00,126.78125
2023-07-19 22:00:00,127.6875
2023-07-20 22:00:00,126.1875
2023-07-21 22:00:00,126.375
2023-07-24 22:00:00,126.15625
2023-07-25 22:00:00,125.53125
2023-07-26 22:00:00,126.1875
2023-07-27 22:00:00,123.875
2023-07-28 22:00:00,124.25
2023-07-31 22:00:00,124.4375
2023-08-01 22:00:00,122.96875
2023-08-02 22:00:00,122.28125
2023-08-03 22:00:00,120.34375
2023-08-04 22:00:00,122.0
2023-08-07 22:00:00,121.5625
2023-08-08 22:00:00,122.4375
2023-08-09 22:00:00,122.75
2023-08-10 22:00:00,121.6875
2023-08-11 22:00:00,120.75
2023-08-14 22:00:00,120.6875
2023-08-15 22:00:00,120.09375
2023-08-16 22:00:00,119.375
2023-08-17 22:00:00,118.65625
2023-08-18 22:00:00,119.21875
2023-08-21 22:00:00,117.875
2023-08-22 22:00:00,118.34375
2023-08-23 22:00:00,120.21875
2023-08-24 22:00:00,119.84375
2023-08-25 22:00:00,119.75
2023-08-28 22:00:00,119.9375
2023-08-29 22:00:00,121.09375
2023-08-30 22:00:00,121.125
2023-08-31 22:00:00,121.5625
2023-09-01 22:00:00,120.25
2023-09-05 22:00:00,119.03125
2023-09-06 22:00:00,119.125
2023-09-07 22:00:00,119.28125
2023-09-08 22:00:00,119.5
2023-09-11 22:00:00,119.03125
2023-09-12 22:00:00,119.375
2023-09-13 22:00:00,119.625
2023-09-14 22:00:00,119.03125
2023-09-15 22:00:00,118.59375
2023-09-18 22:00:00,118.875
2023-09-19 22:00:00,118.375
2023-09-20 22:00:00,119.21875
2023-09-21 22:00:00,116.28125
2023-09-22 22:00:00,116.90625
2023-09-25 22:00:00,114.84375
2023-09-26 22:00:00,114.375
2023-09-27 22:00:00,113.5
2023-09-28 22:00:00,113.5
2023-09-29 22:00:00,113.78125
2023-10-02 22:00:00,112.375
2023-10-03 22:00:00,110.65625
2023-10-04 22:00:00,111.5
2023-10-05 22:00:00,111.40625
2023-10-06 22:00:00,110.46875
2023-10-09 22:00:00,112.03125
2023-10-10 22:00:00,112.0625
2023-10-11 22:00:00,113.375
2023-10-12 22:00:00,111.46875
2023-10-13 22:00:00,112.78125
2023-10-16 22:00:00,111.34375
2023-10-17 22:00:00,110.0
2023-10-18 22:00:00,109.28125
2023-10-19 22:00:00,107.84375
2023-10-20 22:00:00,108.46875
2023-10-23 22:00:00,109.96875
2023-10-24 22:00:00,110.0
2023-10-25 22:00:00,108.40625
2023-10-26 22:00:00,109.875
2023-10-27 22:00:00,109.5
2023-10-30 22:00:00,109.28125
2023-10-31 22:00:00,109.4375
2023-11-01 22:00:00,110.4375
2023-11-02 22:00:00,112.5
2023-11-03 22:00:00,113.65625
2023-11-06 22:00:00,112.46875
2023-11-07 22:00:00,113.96875
2023-11-08 22:00:00,114.8125
2023-11-09 22:00:00,112.96875
2023-11-10 22:00:00,113.375
2023-11-13 22:00:00,113.28125
2023-11-14 22:00:00,115.4375
2023-11-15 22:00:00,114.25
2023-11-16 22:00:00,115.3125
2023-11-17 22:00:00,115.40625
2023-11-20 22:00:00,115.8125
2023-11-21 22:00:00,115.625
2023-11-22 22:00:00,115.875
2023-11-23 22:00:00,115.4375
2023-11-24 22:00:00,114.84375
2023-11-27 22:00:00,116.03125
2023-11-28 22:00:00,116.375
2023-11-29 22:00:00,117.40625
2023-11-30 22:00:00,116.4375
2023-12-01 22:00:00,118.15625
2023-12-04 22:00:00,117.5625
2023-12-05 22:00:00,119.4375
2023-12-06 22:00:00,120.5625
2023-12-07 22:00:00,120.28125
2023-12-08 22:00:00,119.03125
2023-12-11 22:00:00,119.03125
2023-12-12 22:00:00,119.5
2023-12-13 22:00:00,121.625
2023-12-14 22:00:00,123.34375
2023-12-15 22:00:00,123.84375
2023-12-18 22:00:00,123.25
2023-12-19 22:00:00,123.71875
2023-12-20 22:00:00,124.375
2023-12-21 22:00:00,123.96875
2023-12-22 22:00:00,123.78125
2023-12-26 22:00:00,124.25
2023-12-27 22:00:00,125.875
2023-12-28 22:00:00,125.125
2023-12-29 22:00:00,124.9375
2024-01-02 22:00:00,123.8125
2024-01-03 22:00:00,124.125
2024-01-04 22:00:00,122.84375
2024-01-05 22:00:00,122.03125
2024-01-08 22:00:00,122.53125
2024-01-09 22:00:00,122.40625
2024-01-10 22:00:00,122.15625
2024-01-11 22:00:00,122.71875
2024-01-12 22:00:00,122.875
2024-01-16 22:00:00,121.0625
2024-01-17 22:00:00,120.78125
2024-01-18 22:00:00,119.90625
2024-01-19 22:00:00,120.0
2024-01-22 22:00:00,120.71875
2024-01-23 22:00:00,119.8125
2024-01-24 22:00:00,119.21875
2024-01-25 22:00:00,119.8125
2024-01-26 22:00:00,119.5625
2024-01-29 22:00:00,120.53125
2024-01-30 22:00:00,121.25
2024-01-31 22:00:00,122.34375
2024-02-01 22:00:00,124.03125
2024-02-02 22:00:00,121.90625
2024-02-05 22:00:00,120.125
2024-02-06 22:00:00,121.0
2024-02-07 22:00:00,120.84375
2024-02-08 22:00:00,119.6875
2024-02-09 22:00:00,119.625
2024-02-12 22:00:00,119.84375
2024-02-13 22:00:00,117.96875
2024-02-14 22:00:00,118.53125
2024-02-15 22:00:00,118.875
2024-02-16 22:00:00,118.21875
2024-02-20 22:00:00,118.3125
2024-02-21 22:00:00,117.71875
2024-02-22 22:00:00,118.0625
2024-02-23 22:00:00,119.0625
2024-02-26 22:00:00,118.59375
2024-02-27 22:00:00,118.3125
2024-02-28 22:00:00,118.75
2024-02-29 22:00:00,119.25
2024-03-01 22:00:00,120.03125
2024-03-04 22:00:00,119.59375
2024-03-05 22:00:00,120.84375
2024-03-06 22:00:00,121.59375
2024-03-07 22:00:00,121.71875
2024-03-08 22:00:00,121.5
2024-03-11 22:00:00,121.40625
2024-03-12 22:00:00,120.75
2024-03-13 22:00:00,120.25
2024-03-14 22:00:00,118.71875
2024-03-15 22:00:00,118.75
2024-03-18 22:00:00,118.21875
2024-03-19 22:00:00,118.75
2024-03-20 22:00:00,118.8125
2024-03-21 22:00:00,119.0
2024-03-22 22:00:00,119.78125
2024-03-25 22:00:00,119.3125
2024-03-26 22:00:00,119.625
2024-03-27 22:00:00,120.1875
2024-03-28 22:00:00,120.4375
2024-04-01 22:00:00,118.5
2024-04-02 22:00:00,117.71875
2024-04-03 22:00:00,117.78125
2024-04-04 22:00:00,118.40625
2024-04-05 22:00:00,117.53125
2024-04-08 22:00:00,117.125
2024-04-09 22:00:00,117.96875
2024-04-10 22:00:00,115.5625
2024-04-11 22:00:00,115.25
2024-04-12 22:00:00,116.21875
2024-04-15 22:00:00,114.28125
2024-04-16 22:00:00,113.96875
2024-04-17 22:00:00,114.84375
2024-04-18 22:00:00,114.125
2024-04-19 22:00:00,114.625
2024-04-22 22:00:00,114.53125
2024-04-23 22:00:00,114.71875
2024-04-24 22:00:00,113.90625
2024-04-25 22:00:00,113.3125
2024-04-26 22:00:00,113.84375
2024-04-29 22:00:00,114.59375
2024-04-30 22:00:00,113.8125
2024-05-01 22:00:00,115.03125
2024-05-02 22:00:00,115.125
2024-05-03 22:00:00,115.9375
2024-05-06 22:00:00,116.21875
2024-05-07 22:00:00,116.6875
2024-05-08 22:00:00,116.34375
2024-05-09 22:00:00,116.75
2024-05-10 22:00:00,116.0625
2024-05-13 22:00:00,116.375
2024-05-14 22:00:00,116.78125
2024-05-15 22:00:00,118.0625
2024-05-16 22:00:00,117.90625
2024-05-17 22:00:00,117.3125
2024-05-20 22:00:00,117.0625
2024-05-21 22:00:00,117.34375
2024-05-22 22:00:00,117.28125
2024-05-23 22:00:00,116.8125
2024-05-24 22:00:00,116.8125
2024-05-28 22:00:00,115.78125
2024-05-29 22:00:00,114.5625
2024-05-30 22:00:00,115.4375
2024-05-31 22:00:00,115.9375
2024-06-03 22:00:00,117.46875
2024-06-04 22:00:00,118.40625
2024-06-05 22:00:00,119.0625
2024-06-06 22:00:00,119.25
2024-06-07 22:00:00,117.40625
2024-06-10 22:00:00,116.78125
2024-06-11 22:00:00,117.59375
2024-06-12 22:00:00,119.0
2024-06-13 22:00:00,119.6875
2024-06-14 22:00:00,120.28125
2024-06-17 22:00:00,119.46875
2024-06-18 22:00:00,120.0625
2024-06-20 22:00:00,119.8125
2024-06-21 22:00:00,119.78125
2024-06-24 22:00:00,120.0
2024-06-25 22:00:00,120.15625
2024-06-26 22:00:00,118.9375
2024-06-27 22:00:00,119.3125
2024-06-28 22:00:00,118.3125
2024-07-01 22:00:00,116.09375
2024-07-02 22:00:00,116.65625
2024-07-03 22:00:00,118.0
2024-07-05 22:00:00,118.8125
2024-07-08 22:00:00,119.0
2024-07-09 22:00:00,118.4375
2024-07-10 22:00:00,118.75
2024-07-11 22:00:00,119.84375
2024-07-12 22:00:00,119.9375
2024-07-15 22:00:00,119.1875
2024-07-16 22:00:00,120.28125
2024-07-17 22:00:00,120.53125
2024-07-18 22:00:00,119.8125
2024-07-19 22:00:00,119.125
2024-07-22 22:00:00,118.78125
2024-07-23 22:00:00,119.03125
2024-07-24 22:00:00,118.03125
2024-07-25 22:00:00,118.625
2024-07-26 22:00:00,119.34375
2024-07-29 22:00:00,119.65625
2024-07-30 22:00:00,120.1875
2024-07-31 22:00:00,120.78125
2024-08-01 22:00:00,122.53125
2024-08-02 22:00:00,125.0625
2024-08-05 22:00:00,125.40625
2024-08-06 22:00:00,123.6875
2024-08-07 22:00:00,122.4375
2024-08-08 22:00:00,122.0
2024-08-09 22:00:00,122.90625
2024-08-12 22:00:00,123.3125
2024-08-13 22:00:00,124.0
2024-08-14 22:00:00,124.59375
2024-08-15 22:00:00,123.28125
2024-08-16 22:00:00,123.6875
2024-08-19 22:00:00,124.1875
2024-08-20 22:00:00,124.875
2024-08-21 22:00:00,125.375
2024-08-22 22:00:00,124.03125
2024-08-23 22:00:00,124.59375
2024-08-26 22:00:00,124.53125
2024-08-27 22:00:00,124.15625
2024-08-28 22:00:00,123.96875
2024-08-29 22:00:00,123.59375
2024-08-30 22:00:00,122.96875
2024-09-03 22:00:00,124.03125
2024-09-04 22:00:00,125.03125
2024-09-05 22:00:00,125.53125
2024-09-06 22:00:00,125.78125
2024-09-09 22:00:00,126.0625
2024-09-10 22:00:00,126.71875
2024-09-11 22:00:00,126.625
2024-09-12 22:00:00,126.1875
2024-09-13 22:00:00,126.59375
2024-09-16 22:00:00,127.03125
2024-09-17 22:00:00,126.84375
2024-09-18 22:00:00,125.96875
2024-09-19 22:00:00,125.0
2024-09-20 22:00:00,125.25
2024-09-23 22:00:00,125.125
2024-09-24 22:00:00,125.03125
2024-09-25 22:00:00,124.28125
2024-09-26 22:00:00,124.34375
2024-09-27 22:00:00,124.875
2024-09-30 22:00:00,124.1875
2024-10-01 22:00:00,125.0
2024-10-02 22:00:00,124.28125
2024-10-03 22:00:00,123.4375
2024-10-04 22:00:00,121.96875
2024-10-07 22:00:00,121.3125
2024-10-08 22:00:00,121.125
2024-10-09 22:00:00,120.78125
2024-10-10 22:00:00,120.1875
2024-10-11 22:00:00,120.375
2024-10-14 22:00:00,119.78125
2024-10-15 22:00:00,121.0625
2024-10-16 22:00:00,121.34375
2024-10-17 22:00:00,120.0
2024-10-18 22:00:00,120.25
2024-10-21 22:00:00,118.6875
2024-10-22 22:00:00,118.46875
2024-10-23 22:00:00,118.03125
2024-10-24 22:00:00,118.75
2024-10-25 22:00:00,118.28125
2024-10-28 22:00:00,117.65625
2024-10-29 22:00:00,117.6875
2024-10-30 22:00:00,118.0625
2024-10-31 22:00:00,117.96875
2024-11-01 22:00:00,116.8125
2024-11-04 22:00:00,117.6875
2024-11-05 22:00:00,118.15625
2024-11-06 22:00:00,116.25
2024-11-07 22:00:00,117.09375
2024-11-08 22:00:00,117.84375
2024-11-11 22:00:00,117.65625
2024-11-12 22:00:00,116.3125
2024-11-13 22:00:00,115.84375
2024-11-14 22:00:00,116.5625
2024-11-15 22:00:00,116.3125
2024-11-18 22:00:00,116.3125
2024-11-19 22:00:00,116.90625
2024-11-20 22:00:00,116.5625
2024-11-21 22:00:00,116.125
2024-11-22 22:00:00,116.28125
2024-11-25 22:00:00,118.28125
2024-11-26 22:00:00,117.875
2024-11-27 22:00:00,118.625
2024-11-29 22:00:00,119.28125
2024-12-02 22:00:00,119.4375
2024-12-03 22:00:00,118.96875
2024-12-04 22:00:00,119.5625
2024-12-05 22:00:00,119.65625
2024-12-06 22:00:00,119.9375
2024-12-09 22:00:00,119.15625
2024-12-10 22:00:00,118.84375
2024-12-11 22:00:00,118.0
2024-12-12 22:00:00,117.15625
2024-12-13 22:00:00,116.15625
2024-12-16 22:00:00,116.125
2024-12-17 22:00:00,116.34375
2024-12-18 22:00:00,115.03125
2024-12-19 22:00:00,113.75
2024-12-20 22:00:00,114.5
2024-12-23 22:00:00,113.5625
2024-12-24 22:00:00,113.875
2024-12-26 22:00:00,113.9375
2024-12-27 22:00:00,113.28125
2024-12-30 22:00:00,114.09375
2024-12-31 22:00:00,113.84375
2025-01-02 22:00:00,113.75
2025-01-03 22:00:00,113.53125
2025-01-06 22:00:00,113.125
2025-01-07 22:00:00,112.15625
2025-01-08 22:00:00,111.96875
2025-01-09 22:00:00,112.125
2025-01-10 22:00:00,111.21875
2025-01-13 22:00:00,110.84375
2025-01-14 22:00:00,110.90625
2025-01-15 22:00:00,112.53125
2025-01-16 22:00:00,113.0
2025-01-17 22:00:00,113.09375
2025-01-21 22:00:00,113.65625
2025-01-22 22:00:00,113.4375
2025-01-23 22:00:00,112.875
2025-01-24 22:00:00,113.1875
2025-01-27 22:00:00,114.375
2025-01-28 22:00:00,114.09375
2025-01-29 22:00:00,114.09375
2025-01-30 22:00:00,114.65625
2025-01-31 22:00:00,113.90625
2025-02-03 22:00:00,114.375
2025-02-04 22:00:00,114.75
2025-02-05 22:00:00,116.15625
2025-02-06 22:00:00,116.09375
2025-02-07 22:00:00,115.53125
2025-02-10 22:00:00,115.40625
2025-02-11 22:00:00,114.78125
2025-02-12 22:00:00,113.40625
2025-02-13 22:00:00,115.0
2025-02-14 22:00:00,115.53125
2025-02-18 22:00:00,114.65625
2025-02-19 22:00:00,114.625
2025-02-20 22:00:00,115.03125
2025-02-21 22:00:00,116.09375
2025-02-24 22:00:00,116.34375
2025-02-25 22:00:00,117.65625
2025-02-26 22:00:00,118.28125
2025-02-27 22:00:00,117.71875
2025-02-28 22:00:00,118.3125
2025-03-03 22:00:00,119.03125
2025-03-04 22:00:00,118.4375
2025-03-05 22:00:00,117.75
2025-03-06 22:00:00,117.34375
2025-03-07 22:00:00,116.90625
2025-03-10 22:00:00,118.15625
2025-03-11 22:00:00,117.1875
2025-03-12 22:00:00,116.8125
2025-03-13 22:00:00,117.4375
2025-03-14 22:00:00,117.03125
2025-03-17 22:00:00,117.25
2025-03-18 22:00:00,117.53125
2025-03-19 22:00:00,117.78125
2025-03-20 22:00:00,118.15625
2025-03-21 22:00:00,117.375
2025-03-24 22:00:00,116.40625
2025-03-25 22:00:00,116.59375
2025-03-26 22:00:00,116.15625
2025-03-27 22:00:00,115.65625
2025-03-28 22:00:00,117.09375
2025-03-31 22:00:00,117.28125
2025-04-01 22:00:00,118.59375
2025-04-02 22:00:00,118.0
2025-04-03 22:00:00,119.40625
2025-04-04 22:00:00,120.59375
2025-04-07 22:00:00,117.625
2025-04-08 22:00:00,115.75
2025-04-09 22:00:00,114.53125
2025-04-10 22:00:00,113.875
2025-04-11 22:00:00,113.1875
2025-04-14 22:00:00,114.5
2025-04-15 22:00:00,114.84375
2025-04-16 22:00:00,115.28125
2025-04-17 22:00:00,114.5625
2025-04-21 22:00:00,113.03125
2025-04-22 22:00:00,113.59375
2025-04-23 22:00:00,114.15625
2025-04-24 22:00:00,115.1875
2025-04-25 22:00:00,115.8125
2025-04-28 22:00:00,116.375
2025-04-29 22:00:00,117.0625
2025-04-30 22:00:00,116.625
2025-05-01 22:00:00,115.875
2025-05-02 22:00:00,114.90625
2025-05-05 22:00:00,114.5
2025-05-06 22:00:00,114.75
2025-05-07 22:00:00,115.375
2025-05-08 22:00:00,114.40625
2025-05-09 22:00:00,114.34375
2025-05-12 22:00:00,113.5
2025-05-13 22:00:00,112.6875
2025-05-14 22:00:00,112.375
2025-05-15 22:00:00,113.0625
2025-05-16 22:00:00,113.375
2025-05-19 22:00:00,112.78125
2025-05-20 22:00:00,112.5625
2025-05-21 22:00:00,110.78125
2025-05-22 22:00:00,111.1875
2025-05-23 22:00:00,111.65625
2025-05-27 22:00:00,112.90625
2025-05-28 22:00:00,112.34375
2025-05-29 22:00:00,113.1875
2025-05-30 22:00:00,113.1875
2025-06-02 22:00:00,112.375
2025-06-03 22:00:00,112.625
2025-06-04 22:00:00,114.0625
2025-06-05 22:00:00,113.96875
2025-06-06 22:00:00,112.65625
2025-06-09 22:00:00,112.875
2025-06-10 22:00:00,113.09375
2025-06-11 22:00:00,113.78125
2025-06-12 22:00:00,114.78125
2025-06-13 22:00:00,113.75
2025-06-16 22:00:00,113.125
2025-06-17 22:00:00,114.09375
2025-06-18 22:00:00,114.5625
2025-06-20 22:00:00,113.78125
2025-06-23 22:00:00,114.34375
2025-06-24 22:00:00,114.71875
2025-06-25 22:00:00,114.5625
2025-06-26 22:00:00,114.9375
2025-06-27 22:00:00,114.46875
2025-06-30 22:00:00,115.46875
2025-07-01 22:00:00,115.375
2025-07-02 22:00:00,114.6875
2025-07-03 22:00:00,114.25
2025-07-04 22:00:00,114.28125
2025-07-07 22:00:00,113.21875
2025-07-08 22:00:00,113.03125
2025-07-09 22:00:00,114.0625
2025-07-10 22:00:00,114.25
2025-07-11 22:00:00,112.90625
2025-07-14 22:00:00,112.75
2025-07-15 22:00:00,111.96875
2025-07-16 22:00:00,112.15625
2025-07-17 22:00:00,112.125
2025-07-18 22:00:00,112.4375
2025-07-21 22:00:00,113.4375
2025-07-22 22:00:00,113.96875
2025-07-23 22:00:00,113.34375
2025-07-24 22:00:00,113.28125
2025-07-25 22:00:00,113.59375
2025-07-28 22:00:00,113.15625
2025-07-29 22:00:00,114.53125
2025-07-30 22:00:00,113.875
2025-07-31 22:00:00,114.1875
2025-08-01 22:00:00,115.6875
2025-08-04 22:00:00,115.90625
2025-08-05 22:00:00,116.125
2025-08-06 22:00:00,115.5625
2025-08-07 22:00:00,115.53125
2025-08-08 22:00:00,115.0
2025-08-11 22:00:00,115.15625
2025-08-12 22:00:00,114.65625
2025-08-13 22:00:00,115.5
2025-08-14 22:00:00,114.65625
2025-08-15 22:00:00,114.0
2025-08-18 22:00:00,113.78125
2025-08-19 22:00:00,114.34375
2025-08-20 22:00:00,114.40625
2025-08-21 22:00:00,114.0625
2025-08-22 22:00:00,114.84375
2025-08-25 22:00:00,114.71875
2025-08-26 22:00:00,114.59375
2025-08-27 22:00:00,114.625
2025-08-28 22:00:00,115.1875
2025-08-29 22:00:00,114.65625
2025-09-02 22:00:00,113.875
2025-09-03 22:00:00,115.0
2025-09-04 22:00:00,115.34375
2025-09-05 22:00:00,116.90625
2025-09-08 22:00:00,117.90625
2025-09-09 22:00:00,117.5625
2025-09-10 22:00:00,118.125
2025-09-11 22:00:00,118.40625
2025-09-12 22:00:00,117.84375
2025-09-15 22:00:00,118.28125
2025-09-16 22:00:00,118.40625
2025-09-17 22:00:00,117.90625
2025-09-18 22:00:00,117.28125
2025-09-19 22:00:00,116.78125
2025-09-22 22:00:00,116.25
2025-09-23 22:00:00,116.59375
2025-09-24 22:00:00,116.3125
2025-09-25 22:00:00,116.21875
2025-09-26 22:00:00,116.03125
2025-09-29 22:00:00,116.84375
2025-09-30 22:00:00,116.59375
2025-10-01 22:00:00,116.96875
2025-10-02 22:00:00,117.28125
2025-10-03 22:00:00,116.9375
2025-10-06 22:00:00,116.25
2025-10-07 22:00:00,116.78125
2025-10-08 22:00:00,116.8125
2025-10-09 22:00:00,116.625
2025-10-10 22:00:00,118.0625
2025-10-13 22:00:00,117.9375
2025-10-14 22:00:00,118.28125
2025-10-15 22:00:00,117.96875
2025-10-16 22:00:00,118.84375
2025-10-17 22:00:00,118.46875
2025-10-20 22:00:00,118.78125
2025-10-21 22:00:00,119.1875
2025-10-22 22:00:00,119.28125
2025-10-23 22:00:00,118.84375
2025-10-24 22:00:00,118.59375
2025-10-27 22:00:00,118.78125
2025-10-28 22:00:00,119.0625
2025-10-29 22:00:00,118.21875
2025-10-30 22:00:00,117.59375
2025-10-31 22:00:00,117.3125
2025-11-03 22:00:00,117.15625
2025-11-04 22:00:00,117.40625
2025-11-05 22:00:00,116.4375
2025-11-06 22:00:00,117.21875
2025-11-07 22:00:00,117.0625
2025-11-10 22:00:00,117.0
2025-11-11 22:00:00,117.5
2025-11-12 22:00:00,117.625
2025-11-13 22:00:00,117.09375
2025-11-14 22:00:00,116.5
2025-11-17 22:00:00,116.71875
2025-11-18 22:00:00,116.71875
2025-11-19 22:00:00,116.59375
2025-11-20 22:00:00,116.90625
2025-11-21 22:00:00,117.21875
2025-11-24 22:00:00,117.71875
2025-11-25 22:00:00,118.09375
2025-11-26 22:00:00,118.21875
2025-11-28 22:00:00,117.875
2025-12-01 22:00:00,116.71875
2025-12-02 22:00:00,116.84375
2025-12-03 22:00:00,117.21875
2025-12-04 22:00:00,116.5625
2025-12-05 22:00:00,116.125
2025-12-08 22:00:00,115.65625
2025-12-09 22:00:00,115.75
2025-12-10 22:00:00,115.9375
2025-12-11 22:00:00,116.1875
2025-12-12 22:00:00,115.28125
2025-12-15 22:00:00,115.46875
2025-12-16 22:00:00,115.96875
2025-12-17 22:00:00,115.84375
2025-12-18 22:00:00,116.3125
2025-12-19 22:00:00,115.9375
2025-12-22 22:00:00,115.125
2025-12-23 22:00:00,115.28125
2025-12-24 22:00:00,115.78125
2025-12-26 22:00:00,115.53125
2025-12-29 22:00:00,115.875
2025-12-30 22:00:00,115.8125
2025-12-31 22:00:00,115.59375
2026-01-02 22:00:00,115.0625
2026-01-05 22:00:00,115.3125
2026-01-06 22:00:00,115.15625
2026-01-07 22:00:00,115.90625
2026-01-08 22:00:00,115.375
2026-01-09 22:00:00,115.78125
2026-01-12 22:00:00,115.625
2026-01-13 22:00:00,115.8125
2026-01-14 22:00:00,116.3125
2026-01-15 22:00:00,116.3125
2026-01-16 22:00:00,115.4375
2026-01-20 22:00:00,114.25
2026-01-21 22:00:00,114.96875
2026-01-22 22:00:00,115.1875
2026-01-23 22:00:00,115.34375
2026-01-26 22:00:00,115.84375
2026-01-27 22:00:00,115.53125
2026-01-28 22:00:00,115.09375
2026-01-29 22:00:00,115.21875
2026-01-30 22:00:00,115.125
2026-02-02 22:00:00,114.625
2026-02-03 22:00:00,114.59375
2026-02-04 22:00:00,114.53125
2026-02-05 22:00:00,115.375
2026-02-06 22:00:00,115.5
2026-02-09 22:00:00,115.5625
2026-02-10 22:00:00,116.46875
2026-02-11 22:00:00,116.09375
2026-02-12 22:00:00,117.28125
2026-02-13 22:00:00,117.78125
2026-02-17 22:00:00,118.0
2026-02-18 22:00:00,117.625
2026-02-19 22:00:00,117.65625
2026-02-20 22:00:00,117.40625
2026-02-23 22:00:00,118.0
2026-02-24 22:00:00,118.03125
2026-02-25 22:00:00,117.90625
2026-02-26 22:00:00,118.28125
2026-02-27 22:00:00,118.875
2026-03-02 22:00:00,117.84375
2026-03-03 22:00:00,117.6875
2026-03-04 22:00:00,117.46875
2026-03-05 22:00:00,116.625
2026-03-06 22:00:00,116.59375
2026-03-09 22:00:00,116.6875
2026-03-10 22:00:00,116.53125
2026-03-11 22:00:00,115.21875
2026-03-12 22:00:00,114.59375
2026-03-13 22:00:00,114.1875
2026-03-16 22:00:00,115.09375
2026-03-17 22:00:00,115.3125
2026-03-18 22:00:00,114.71875
2026-03-19 22:00:00,114.8125
2026-03-20 22:00:00,113.3125
2026-03-23 22:00:00,113.1875
2026-03-24 22:00:00,112.625
2026-03-25 22:00:00,113.5625
2026-03-26 22:00:00,112.6875
2026-03-27 22:00:00,112.1875
2026-03-30 22:00:00,113.5
2026-03-31 22:00:00,113.875
2026-04-01 22:00:00,113.71875
2026-04-02 22:00:00,113.9375
2026-04-06 22:00:00,113.875
2026-04-07 22:00:00,113.5
2026-04-08 22:00:00,114.1875
2026-04-09 22:00:00,114.125
2026-04-10 22:00:00,113.78125
2026-04-13 22:00:00,114.0625
2026-04-14 22:00:00,114.65625
2026-04-15 22:00:00,114.34375
2026-04-16 22:00:00,113.75
2026-04-17 22:00:00,114.59375
2026-04-20 22:00:00,114.65625
2026-04-21 22:00:00,114.1875
2026-04-22 22:00:00,114.15625
2026-04-23 22:00:00,113.84375
2026-04-24 22:00:00,114.0
2026-04-27 22:00:00,113.6875
2026-04-28 22:00:00,113.53125
2026-04-29 22:00:00,112.6875
2026-04-30 22:00:00,112.84375
2026-05-01 22:00:00,113.09375
2026-05-04 22:00:00,112.15625
2026-05-05 22:00:00,112.71875
2026-05-06 22:00:00,113.625
2026-05-07 22:00:00,113.15625
2026-05-08 22:00:00,113.5625
2026-05-11 22:00:00,112.96875
2026-05-12 22:00:00,112.28125
2026-05-13 22:00:00,112.0625
2026-05-14 22:00:00,112.46875
2026-05-15 22:00:00,110.625
2026-05-18 22:00:00,110.375
2026-05-19 22:00:00,109.8125
2026-05-20 22:00:00,110.875
2026-05-21 22:00:00,110.875
2026-05-22 22:00:00,111.21875
2026-05-26 22:00:00,112.1875
2026-05-27 22:00:00,112.40625
2026-05-28 22:00:00,112.8125
2026-05-29 22:00:00,112.71875
2026-06-01 22:00:00,112.71875
2026-06-02 22:00:00,113.03125
2026-06-03 22:00:00,112.59375
2026-06-04 22:00:00,112.78125
2026-06-05 22:00:00,112.25
2026-06-08 22:00:00,112.0
2026-06-09 22:00:00,112.28125
2026-06-10 22:00:00,112.0625
2026-06-11 22:00:00,113.1875
2026-06-12 22:00:00,112.875
2026-06-15 22:00:00,113.0625
2026-06-16 22:00:00,113.65625
2026-06-17 22:00:00,113.53125
2026-06-18 22:00:00,113.84375
2026-06-22 22:00:00,112.6875
2026-06-23 22:00:00,112.8125
2026-06-24 22:00:00,114.09375
2026-06-25 22:00:00,114.09375
2026-06-26 22:00:00,114.15625
2026-06-29 22:00:00,114.15625
2026-06-30 22:00:00,113.5
2026-07-01 22:00:00,112.65625
2026-07-02 22:00:00,112.4375
2026-07-06 22:00:00,112.375
2026-07-07 22:00:00,111.65625
2026-07-08 22:00:00,111.21875
2026-07-09 22:00:00,111.4375
2026-07-10 22:00:00,111.15625
2026-07-13 22:00:00,110.71875
2026-07-14 22:00:00,110.90625
2026-07-15 22:00:00,111.21875
2026-07-16 22:00:00,111.0
2026-07-17 22:00:00,111.40625
2026-07-20 22:00:00,110.625
2026-07-21 22:00:00,110.375
2026-07-22 22:00:00,110.03125
2026-07-23 22:00:00,109.46875
2026-07-24 22:00:00,109.71875
2026-07-27 22:00:00,110.28125
2026-07-28 22:00:00,110.78125
2026-07-29 22:00:00,110.28125
2026-07-30 22:00:00,109.40625
2026-07-31 22:00:00,108.3125
2026-08-03 22:00:00,109.09375
2026-08-04 22:00:00,109.84375
2026-08-05 22:00:00,109.96875
2026-08-06 22:00:00,109.34375
2026-08-07 22:00:00,109.375
2026-08-10 22:00:00,108.90625
2026-08-11 22:00:00,109.09375
2026-08-12 22:00:00,109.03125
2026-08-13 22:00:00,109.65625
2026-08-14 22:00:00,108.84375
2026-08-17 22:00:00,108.3125
2026-08-18 22:00:00,108.65625
2026-08-19 22:00:00,109.96875
2026-08-20 22:00:00,109.46875
2026-08-21 22:00:00,108.875
