DATETIME,price
1984-01-02 22:00:00,386.44062140209934
1984-01-03 22:00:00,386.44062140209934
1984-01-04 22:00:00,386.44062140209934
1984-01-05 22:00:00,386.44062140209934
1984-01-06 22:00:00,386.44062140209934
1984-01-09 22:00:00,386.44062140209934
1984-01-10 22:00:00,386.44062140209934
1984-01-11 22:00:00,386.44062140209934
1984-01-12 22:00:00,386.44062140209934
1984-01-13 22:00:00,386.44062140209934
1984-01-16 22:00:00,386.44062140209934
1984-01-17 22:00:00,386.44062140209934
1984-01-18 22:00:00,386.44062140209934
1984-01-19 22:00:00,386.44062140209934
1984-01-20 22:00:00,386.44062140209934
1984-01-23 22:00:00,386.44062140209934
1984-01-24 22:00:00,386.44062140209934
1984-01-25 22:00:00,386.44062140209934
1984-01-26 22:00:00,386.44062140209934
1984-01-27 22:00:00,386.44062140209934
1984-01-30 22:00:00,386.44062140209934
1984-01-31 22:00:00,386.44062140209934
1984-02-01 22:00:00,384.44865943610915
1984-02-02 22:00:00,384.44865943610915
1984-02-03 22:00:00,384.44865943610915
1984-02-06 22:00:00,384.44865943610915
1984-02-07 22:00:00,384.44865943610915
1984-02-08 22:00:00,384.44865943610915
1984-02-09 22:00:00,384.44865943610915
1984-02-10 22:00:00,384.44865943610915
1984-02-13 22:00:00,384.44865943610915
1984-02-14 22:00:00,384.44865943610915
1984-02-15 22:00:00,384.44865943610915
1984-02-16 22:00:00,384.44865943610915
1984-02-17 22:00:00,384.44865943610915
1984-02-20 22:00:00,384.44865943610915
1984-02-21 22:00:00,384.44865943610915
1984-02-22 22:00:00,384.44865943610915
1984-02-23 22:00:00,384.44865943610915
1984-02-24 22:00:00,384.44865943610915
1984-02-27 22:00:00,384.44865943610915
1984-02-28 22:00:00,384.44865943610915
1984-02-29 22:00:00,384.44865943610915
1984-03-01 22:00:00,392.41650730006995
1984-03-02 22:00:00,392.41650730006995
1984-03-05 22:00:00,392.41650730006995
1984-03-06 22:00:00,392.41650730006995
1984-03-07 22:00:00,392.41650730006995
1984-03-08 22:00:00,392.41650730006995
1984-03-09 22:00:00,392.41650730006995
1984-03-12 22:00:00,392.41650730006995
1984-03-13 22:00:00,392.41650730006995
1984-03-14 22:00:00,392.41650730006995
1984-03-15 22:00:00,392.41650730006995
1984-03-16 22:00:00,392.41650730006995
1984-03-19 22:00:00,392.41650730006995
1984-03-20 22:00:00,392.41650730006995
1984-03-21 22:00:00,392.41650730006995
1984-03-22 22:00:00,392.41650730006995
1984-03-23 22:00:00,392.41650730006995
1984-03-26 22:00:00,392.41650730006995
1984-03-27 22:00:00,392.41650730006995
1984-03-28 22:00:00,392.41650730006995
1984-03-29 22:00:00,392.41650730006995
1984-03-30 22:00:00,392.41650730006995
1984-04-02 22:00:00,392.41650730006995
1984-04-03 22:00:00,392.41650730006995
1984-04-04 22:00:00,392.41650730006995
1984-04-05 22:00:00,392.41650730006995
1984-04-06 22:00:00,392.41650730006995
1984-04-09 22:00:00,392.41650730006995
1984-04-10 22:00:00,392.41650730006995
1984-04-11 22:00:00,392.41650730006995
1984-04-12 22:00:00,392.41650730006995
1984-04-13 22:00:00,392.41650730006995
1984-04-16 22:00:00,392.41650730006995
1984-04-17 22:00:00,392.41650730006995
1984-04-18 22:00:00,392.41650730006995
1984-04-19 22:00:00,392.41650730006995
1984-04-20 22:00:00,392.41650730006995
1984-04-23 22:00:00,392.41650730006995
1984-04-24 22:00:00,392.41650730006995
1984-04-25 22:00:00,392.41650730006995
1984-04-26 22:00:00,392.41650730006995
1984-04-27 22:00:00,392.41650730006995
1984-04-30 22:00:00,392.41650730006995
1984-05-01 22:00:00,375.4848305891532
1984-05-02 22:00:00,375.4848305891532
1984-05-03 22:00:00,375.4848305891532
1984-05-04 22:00:00,375.4848305891532
1984-05-07 22:00:00,375.4848305891532
1984-05-08 22:00:00,375.4848305891532
1984-05-09 22:00:00,375.4848305891532
1984-05-10 22:00:00,375.4848305891532
1984-05-11 22:00:00,375.4848305891532
1984-05-14 22:00:00,375.4848305891532
1984-05-15 22:00:00,375.4848305891532
1984-05-16 22:00:00,375.4848305891532
1984-05-17 22:00:00,375.4848305891532
1984-05-18 22:00:00,375.4848305891532
1984-05-21 22:00:00,375.4848305891532
1984-05-22 22:00:00,375.4848305891532
1984-05-23 22:00:00,375.4848305891532
1984-05-24 22:00:00,375.4848305891532
1984-05-25 22:00:00,375.4848305891532
1984-05-28 22:00:00,375.4848305891532
1984-05-29 22:00:00,375.4848305891532
1984-05-30 22:00:00,375.4848305891532
1984-05-31 22:00:00,375.4848305891532
1984-06-01 22:00:00,376.48081157214835
1984-06-04 22:00:00,376.48081157214835
1984-06-05 22:00:00,376.48081157214835
1984-06-06 22:00:00,376.48081157214835
1984-06-07 22:00:00,376.48081157214835
1984-06-08 22:00:00,376.48081157214835
1984-06-11 22:00:00,376.48081157214835
1984-06-12 22:00:00,376.48081157214835
1984-06-13 22:00:00,376.48081157214835
1984-06-14 22:00:00,376.48081157214835
1984-06-15 22:00:00,376.48081157214835
1984-06-18 22:00:00,376.48081157214835
1984-06-19 22:00:00,376.48081157214835
1984-06-20 22:00:00,376.48081157214835
1984-06-21 22:00:00,376.48081157214835
1984-06-22 22:00:00,376.48081157214835
1984-06-25 22:00:00,376.48081157214835
1984-06-26 22:00:00,376.48081157214835
1984-06-27 22:00:00,376.48081157214835
1984-06-28 22:00:00,376.48081157214835
1984-06-29 22:00:00,376.48081157214835
1984-07-02 22:00:00,376.48081157214835
1984-07-03 22:00:00,376.48081157214835
1984-07-04 22:00:00,376.48081157214835
1984-07-05 22:00:00,376.48081157214835
1984-07-06 22:00:00,376.48081157214835
1984-07-09 22:00:00,376.48081157214835
1984-07-10 22:00:00,376.48081157214835
1984-07-11 22:00:00,376.48081157214835
1984-07-12 22:00:00,376.48081157214835
1984-07-13 22:00:00,376.48081157214835
1984-07-16 22:00:00,376.48081157214835
1984-07-17 22:00:00,376.48081157214835
1984-07-18 22:00:00,376.48081157214835
1984-07-19 22:00:00,376.48081157214835
1984-07-20 22:00:00,376.48081157214835
1984-07-23 22:00:00,376.48081157214835
1984-07-24 22:00:00,376.48081157214835
1984-07-25 22:00:00,376.48081157214835
1984-07-26 22:00:00,376.48081157214835
1984-07-27 22:00:00,376.48081157214835
1984-07-30 22:00:00,376.48081157214835
1984-07-31 22:00:00,376.48081157214835
1984-08-01 22:00:00,346.6013820822953
1984-08-02 22:00:00,346.6013820822953
1984-08-03 22:00:00,346.6013820822953
1984-08-06 22:00:00,346.6013820822953
1984-08-07 22:00:00,346.6013820822953
1984-08-08 22:00:00,346.6013820822953
1984-08-09 22:00:00,346.6013820822953
1984-08-10 22:00:00,346.6013820822953
1984-08-13 22:00:00,346.6013820822953
1984-08-14 22:00:00,346.6013820822953
1984-08-15 22:00:00,346.6013820822953
1984-08-16 22:00:00,346.6013820822953
1984-08-17 22:00:00,346.6013820822953
1984-08-20 22:00:00,346.6013820822953
1984-08-21 22:00:00,346.6013820822953
1984-08-22 22:00:00,346.6013820822953
1984-08-23 22:00:00,346.6013820822953
1984-08-24 22:00:00,346.6013820822953
1984-08-27 22:00:00,346.6013820822953
1984-08-28 22:00:00,346.6013820822953
1984-08-29 22:00:00,346.6013820822953
1984-08-30 22:00:00,346.6013820822953
1984-08-31 22:00:00,346.6013820822953
1984-09-03 22:00:00,346.6013820822953
1984-09-04 22:00:00,346.6013820822953
1984-09-05 22:00:00,346.6013820822953
1984-09-06 22:00:00,346.6013820822953
1984-09-07 22:00:00,346.6013820822953
1984-09-10 22:00:00,346.6013820822953
1984-09-11 22:00:00,346.6013820822953
1984-09-12 22:00:00,346.6013820822953
1984-09-13 22:00:00,346.6013820822953
1984-09-14 22:00:00,346.6013820822953
1984-09-17 22:00:00,346.6013820822953
1984-09-18 22:00:00,346.6013820822953
1984-09-19 22:00:00,346.6013820822953
1984-09-20 22:00:00,346.6013820822953
1984-09-21 22:00:00,346.6013820822953
1984-09-24 22:00:00,346.6013820822953
1984-09-25 22:00:00,346.6013820822953
1984-09-26 22:00:00,346.6013820822953
1984-09-27 22:00:00,346.6013820822953
1984-09-28 22:00:00,346.6013820822953
1984-10-01 22:00:00,339.6295152013296
1984-10-02 22:00:00,339.6295152013296
1984-10-03 22:00:00,339.6295152013296
1984-10-04 22:00:00,339.6295152013296
1984-10-05 22:00:00,339.6295152013296
1984-10-08 22:00:00,339.6295152013296
1984-10-09 22:00:00,339.6295152013296
1984-10-10 22:00:00,339.6295152013296
1984-10-11 22:00:00,339.6295152013296
1984-10-12 22:00:00,339.6295152013296
1984-10-15 22:00:00,339.6295152013296
1984-10-16 22:00:00,339.6295152013296
1984-10-17 22:00:00,339.6295152013296
1984-10-18 22:00:00,339.6295152013296
1984-10-19 22:00:00,339.6295152013296
1984-10-22 22:00:00,339.6295152013296
1984-10-23 22:00:00,339.6295152013296
1984-10-24 22:00:00,339.6295152013296
1984-10-25 22:00:00,339.6295152013296
1984-10-26 22:00:00,339.6295152013296
1984-10-29 22:00:00,339.6295152013296
1984-10-30 22:00:00,339.6295152013296
1984-10-31 22:00:00,339.6295152013296
1984-11-01 22:00:00,340.6254961843247
1984-11-02 22:00:00,340.6254961843247
1984-11-05 22:00:00,340.6254961843247
1984-11-06 22:00:00,340.6254961843247
1984-11-07 22:00:00,340.6254961843247
1984-11-08 22:00:00,340.6254961843247
1984-11-09 22:00:00,340.6254961843247
1984-11-12 22:00:00,340.6254961843247
1984-11-13 22:00:00,340.6254961843247
1984-11-14 22:00:00,340.6254961843247
1984-11-15 22:00:00,340.6254961843247
1984-11-16 22:00:00,340.6254961843247
1984-11-19 22:00:00,340.6254961843247
1984-11-20 22:00:00,340.6254961843247
1984-11-21 22:00:00,340.6254961843247
1984-11-22 22:00:00,340.6254961843247
1984-11-23 22:00:00,340.6254961843247
1984-11-26 22:00:00,340.6254961843247
1984-11-27 22:00:00,340.6254961843247
1984-11-28 22:00:00,340.6254961843247
1984-11-29 22:00:00,340.6254961843247
1984-11-30 22:00:00,340.6254961843247
1984-12-03 22:00:00,340.6254961843247
1984-12-04 22:00:00,340.6254961843247
1984-12-05 22:00:00,340.6254961843247
1984-12-06 22:00:00,340.6254961843247
1984-12-07 22:00:00,340.6254961843247
1984-12-10 22:00:00,340.6254961843247
1984-12-11 22:00:00,340.6254961843247
1984-12-12 22:00:00,340.6254961843247
1984-12-13 22:00:00,340.6254961843247
1984-12-14 22:00:00,340.6254961843247
1984-12-17 22:00:00,340.6254961843247
1984-12-18 22:00:00,340.6254961843247
1984-12-19 22:00:00,340.6254961843247
1984-12-20 22:00:00,340.6254961843247
1984-12-21 22:00:00,340.6254961843247
1984-12-24 22:00:00,340.6254961843247
1984-12-25 22:00:00,340.6254961843247
1984-12-26 22:00:00,340.6254961843247
1984-12-27 22:00:00,340.6254961843247
1984-12-28 22:00:00,340.6254961843247
1984-12-31 22:00:00,340.6254961843247
1985-01-01 22:00:00,301.7822378475157
1985-01-02 22:00:00,301.7822378475157
1985-01-03 22:00:00,301.7822378475157
1985-01-04 22:00:00,301.7822378475157
1985-01-07 22:00:00,301.7822378475157
1985-01-08 22:00:00,301.7822378475157
1985-01-09 22:00:00,301.7822378475157
1985-01-10 22:00:00,301.7822378475157
1985-01-11 22:00:00,301.7822378475157
1985-01-14 22:00:00,301.7822378475157
1985-01-15 22:00:00,301.7822378475157
1985-01-16 22:00:00,301.7822378475157
1985-01-17 22:00:00,301.7822378475157
1985-01-18 22:00:00,301.7822378475157
1985-01-21 22:00:00,301.7822378475157
1985-01-22 22:00:00,301.7822378475157
1985-01-23 22:00:00,301.7822378475157
1985-01-24 22:00:00,301.7822378475157
1985-01-25 22:00:00,301.7822378475157
1985-01-28 22:00:00,301.7822378475157
1985-01-29 22:00:00,301.7822378475157
1985-01-30 22:00:00,301.7822378475157
1985-01-31 22:00:00,301.7822378475157
1985-02-01 22:00:00,297.79831391553535
1985-02-04 22:00:00,297.79831391553535
1985-02-05 22:00:00,297.79831391553535
1985-02-06 22:00:00,297.79831391553535
1985-02-07 22:00:00,297.79831391553535
1985-02-08 22:00:00,297.79831391553535
1985-02-11 22:00:00,297.79831391553535
1985-02-12 22:00:00,297.79831391553535
1985-02-13 22:00:00,297.79831391553535
1985-02-14 22:00:00,297.79831391553535
1985-02-15 22:00:00,297.79831391553535
1985-02-18 22:00:00,297.79831391553535
1985-02-19 22:00:00,297.79831391553535
1985-02-20 22:00:00,297.79831391553535
1985-02-21 22:00:00,297.79831391553535
1985-02-22 22:00:00,297.79831391553535
1985-02-25 22:00:00,297.79831391553535
1985-02-26 22:00:00,297.79831391553535
1985-02-27 22:00:00,297.79831391553535
1985-02-28 22:00:00,297.79831391553535
1985-03-01 22:00:00,312.73802866046185
1985-03-04 22:00:00,312.73802866046185
1985-03-05 22:00:00,312.73802866046185
1985-03-06 22:00:00,312.73802866046185
1985-03-07 22:00:00,312.73802866046185
1985-03-08 22:00:00,312.73802866046185
1985-03-11 22:00:00,312.73802866046185
1985-03-12 22:00:00,312.73802866046185
1985-03-13 22:00:00,312.73802866046185
1985-03-14 22:00:00,312.73802866046185
1985-03-15 22:00:00,312.73802866046185
1985-03-18 22:00:00,312.73802866046185
1985-03-19 22:00:00,312.73802866046185
1985-03-20 22:00:00,312.73802866046185
1985-03-21 22:00:00,312.73802866046185
1985-03-22 22:00:00,312.73802866046185
1985-03-25 22:00:00,312.73802866046185
1985-03-26 22:00:00,312.73802866046185
1985-03-27 22:00:00,312.73802866046185
1985-03-28 22:00:00,312.73802866046185
1985-03-29 22:00:00,312.73802866046185
1985-04-01 22:00:00,325.68578143939817
1985-04-02 22:00:00,325.68578143939817
1985-04-03 22:00:00,325.68578143939817
1985-04-04 22:00:00,325.68578143939817
1985-04-05 22:00:00,325.68578143939817
1985-04-08 22:00:00,325.68578143939817
1985-04-09 22:00:00,325.68578143939817
1985-04-10 22:00:00,325.68578143939817
1985-04-11 22:00:00,325.68578143939817
1985-04-12 22:00:00,325.68578143939817
1985-04-15 22:00:00,325.68578143939817
1985-04-16 22:00:00,325.68578143939817
1985-04-17 22:00:00,325.68578143939817
1985-04-18 22:00:00,325.68578143939817
1985-04-19 22:00:00,325.68578143939817
1985-04-22 22:00:00,325.68578143939817
1985-04-23 22:00:00,325.68578143939817
1985-04-24 22:00:00,325.68578143939817
1985-04-25 22:00:00,325.68578143939817
1985-04-26 22:00:00,325.68578143939817
1985-04-29 22:00:00,325.68578143939817
1985-04-30 22:00:00,325.68578143939817
1985-05-01 22:00:00,314.72999062645204
1985-05-02 22:00:00,314.72999062645204
1985-05-03 22:00:00,314.72999062645204
1985-05-06 22:00:00,314.72999062645204
1985-05-07 22:00:00,314.72999062645204
1985-05-08 22:00:00,314.72999062645204
1985-05-09 22:00:00,314.72999062645204
1985-05-10 22:00:00,314.72999062645204
1985-05-13 22:00:00,314.72999062645204
1985-05-14 22:00:00,314.72999062645204
1985-05-15 22:00:00,314.72999062645204
1985-05-16 22:00:00,314.72999062645204
1985-05-17 22:00:00,314.72999062645204
1985-05-20 22:00:00,314.72999062645204
1985-05-21 22:00:00,314.72999062645204
1985-05-22 22:00:00,314.72999062645204
1985-05-23 22:00:00,314.72999062645204
1985-05-24 22:00:00,314.72999062645204
1985-05-27 22:00:00,314.72999062645204
1985-05-28 22:00:00,314.72999062645204
1985-05-29 22:00:00,314.72999062645204
1985-05-30 22:00:00,314.72999062645204
1985-05-31 22:00:00,314.72999062645204
1985-06-03 22:00:00,314.72999062645204
1985-06-04 22:00:00,314.72999062645204
1985-06-05 22:00:00,314.72999062645204
1985-06-06 22:00:00,314.72999062645204
1985-06-07 22:00:00,314.72999062645204
1985-06-10 22:00:00,314.72999062645204
1985-06-11 22:00:00,314.72999062645204
1985-06-12 22:00:00,314.72999062645204
1985-06-13 22:00:00,314.72999062645204
1985-06-14 22:00:00,314.72999062645204
1985-06-17 22:00:00,314.72999062645204
1985-06-18 22:00:00,314.72999062645204
1985-06-19 22:00:00,314.72999062645204
1985-06-20 22:00:00,314.72999062645204
1985-06-21 22:00:00,314.72999062645204
1985-06-24 22:00:00,314.72999062645204
1985-06-25 22:00:00,314.72999062645204
1985-06-26 22:00:00,314.72999062645204
1985-06-27 22:00:00,314.72999062645204
1985-06-28 22:00:00,314.72999062645204
1985-07-01 22:00:00,315.72597160944713
1985-07-02 22:00:00,315.72597160944713
1985-07-03 22:00:00,315.72597160944713
1985-07-04 22:00:00,315.72597160944713
1985-07-05 22:00:00,315.72597160944713
1985-07-08 22:00:00,315.72597160944713
1985-07-09 22:00:00,315.72597160944713
1985-07-10 22:00:00,315.72597160944713
1985-07-11 22:00:00,315.72597160944713
1985-07-12 22:00:00,315.72597160944713
1985-07-15 22:00:00,315.72597160944713
1985-07-16 22:00:00,315.72597160944713
1985-07-17 22:00:00,315.72597160944713
1985-07-18 22:00:00,315.72597160944713
1985-07-19 22:00:00,315.72597160944713
1985-07-22 22:00:00,315.72597160944713
1985-07-23 22:00:00,315.72597160944713
1985-07-24 22:00:00,315.72597160944713
1985-07-25 22:00:00,315.72597160944713
1985-07-26 22:00:00,315.72597160944713
1985-07-29 22:00:00,315.72597160944713
1985-07-30 22:00:00,315.72597160944713
1985-07-31 22:00:00,315.72597160944713
1985-08-01 22:00:00,328.67372438838345
1985-08-02 22:00:00,328.67372438838345
1985-08-05 22:00:00,328.67372438838345
1985-08-06 22:00:00,328.67372438838345
1985-08-07 22:00:00,328.67372438838345
1985-08-08 22:00:00,328.67372438838345
1985-08-09 22:00:00,328.67372438838345
1985-08-12 22:00:00,328.67372438838345
1985-08-13 22:00:00,328.67372438838345
1985-08-14 22:00:00,328.67372438838345
1985-08-15 22:00:00,328.67372438838345
1985-08-16 22:00:00,328.67372438838345
1985-08-19 22:00:00,328.67372438838345
1985-08-20 22:00:00,328.67372438838345
1985-08-21 22:00:00,328.67372438838345
1985-08-22 22:00:00,328.67372438838345
1985-08-23 22:00:00,328.67372438838345
1985-08-26 22:00:00,328.67372438838345
1985-08-27 22:00:00,328.67372438838345
1985-08-28 22:00:00,328.67372438838345
1985-08-29 22:00:00,328.67372438838345
1985-08-30 22:00:00,328.67372438838345
1985-09-02 22:00:00,328.67372438838345
1985-09-03 22:00:00,328.67372438838345
1985-09-04 22:00:00,328.67372438838345
1985-09-05 22:00:00,328.67372438838345
1985-09-06 22:00:00,328.67372438838345
1985-09-09 22:00:00,328.67372438838345
1985-09-10 22:00:00,328.67372438838345
1985-09-11 22:00:00,328.67372438838345
1985-09-12 22:00:00,328.67372438838345
1985-09-13 22:00:00,328.67372438838345
1985-09-16 22:00:00,328.67372438838345
1985-09-17 22:00:00,328.67372438838345
1985-09-18 22:00:00,328.67372438838345
1985-09-19 22:00:00,328.67372438838345
1985-09-20 22:00:00,328.67372438838345
1985-09-23 22:00:00,328.67372438838345
1985-09-24 22:00:00,328.67372438838345
1985-09-25 22:00:00,328.67372438838345
1985-09-26 22:00:00,328.67372438838345
1985-09-27 22:00:00,328.67372438838345
1985-09-30 22:00:00,328.67372438838345
1985-10-01 22:00:00,324.6898004564031
1985-10-02 22:00:00,324.6898004564031
1985-10-03 22:00:00,324.6898004564031
1985-10-04 22:00:00,324.6898004564031
1985-10-07 22:00:00,324.6898004564031
1985-10-08 22:00:00,324.6898004564031
1985-10-09 22:00:00,324.6898004564031
1985-10-10 22:00:00,324.6898004564031
1985-10-11 22:00:00,324.6898004564031
1985-10-14 22:00:00,324.6898004564031
1985-10-15 22:00:00,324.6898004564031
1985-10-16 22:00:00,324.6898004564031
1985-10-17 22:00:00,324.6898004564031
1985-10-18 22:00:00,324.6898004564031
1985-10-21 22:00:00,324.6898004564031
1985-10-22 22:00:00,324.6898004564031
1985-10-23 22:00:00,324.6898004564031
1985-10-24 22:00:00,324.6898004564031
1985-10-25 22:00:00,324.6898004564031
1985-10-28 22:00:00,324.6898004564031
1985-10-29 22:00:00,324.6898004564031
1985-10-30 22:00:00,324.6898004564031
1985-10-31 22:00:00,324.6898004564031
1985-11-01 22:00:00,320.70587652442265
1985-11-04 22:00:00,320.70587652442265
1985-11-05 22:00:00,320.70587652442265
1985-11-06 22:00:00,320.70587652442265
1985-11-07 22:00:00,320.70587652442265
1985-11-08 22:00:00,320.70587652442265
1985-11-11 22:00:00,320.70587652442265
1985-11-12 22:00:00,320.70587652442265
1985-11-13 22:00:00,320.70587652442265
1985-11-14 22:00:00,320.70587652442265
1985-11-15 22:00:00,320.70587652442265
1985-11-18 22:00:00,320.70587652442265
1985-11-19 22:00:00,320.70587652442265
1985-11-20 22:00:00,320.70587652442265
1985-11-21 22:00:00,320.70587652442265
1985-11-22 22:00:00,320.70587652442265
1985-11-25 22:00:00,320.70587652442265
1985-11-26 22:00:00,320.70587652442265
1985-11-27 22:00:00,320.70587652442265
1985-11-28 22:00:00,320.70587652442265
1985-11-29 22:00:00,320.70587652442265
1985-12-02 22:00:00,320.70587652442265
1985-12-03 22:00:00,320.70587652442265
1985-12-04 22:00:00,320.70587652442265
1985-12-05 22:00:00,320.70587652442265
1985-12-06 22:00:00,320.70587652442265
1985-12-09 22:00:00,320.70587652442265
1985-12-10 22:00:00,320.70587652442265
1985-12-11 22:00:00,320.70587652442265
1985-12-12 22:00:00,320.70587652442265
1985-12-13 22:00:00,320.70587652442265
1985-12-16 22:00:00,320.70587652442265
1985-12-17 22:00:00,320.70587652442265
1985-12-18 22:00:00,320.70587652442265
1985-12-19 22:00:00,320.70587652442265
1985-12-20 22:00:00,320.70587652442265
1985-12-23 22:00:00,320.70587652442265
1985-12-24 22:00:00,320.70587652442265
1985-12-25 22:00:00,320.70587652442265
1985-12-26 22:00:00,320.70587652442265
1985-12-27 22:00:00,320.70587652442265
1985-12-30 22:00:00,320.70587652442265
1985-12-31 22:00:00,320.70587652442265
1986-01-01 22:00:00,345.6054010993002
1986-01-02 22:00:00,345.6054010993002
1986-01-03 22:00:00,345.6054010993002
1986-01-06 22:00:00,345.6054010993002
1986-01-07 22:00:00,345.6054010993002
1986-01-08 22:00:00,345.6054010993002
1986-01-09 22:00:00,345.6054010993002
1986-01-10 22:00:00,345.6054010993002
1986-01-13 22:00:00,345.6054010993002
1986-01-14 22:00:00,345.6054010993002
1986-01-15 22:00:00,345.6054010993002
1986-01-16 22:00:00,345.6054010993002
1986-01-17 22:00:00,345.6054010993002
1986-01-20 22:00:00,345.6054010993002
1986-01-21 22:00:00,345.6054010993002
1986-01-22 22:00:00,345.6054010993002
1986-01-23 22:00:00,345.6054010993002
1986-01-24 22:00:00,345.6054010993002
1986-01-27 22:00:00,345.6054010993002
1986-01-28 22:00:00,345.6054010993002
1986-01-29 22:00:00,345.6054010993002
1986-01-30 22:00:00,345.6054010993002
1986-01-31 22:00:00,345.6054010993002
1986-02-03 22:00:00,345.6054010993002
1986-02-04 22:00:00,345.6054010993002
1986-02-05 22:00:00,345.6054010993002
1986-02-06 22:00:00,345.6054010993002
1986-02-07 22:00:00,345.6054010993002
1986-02-10 22:00:00,345.6054010993002
1986-02-11 22:00:00,345.6054010993002
1986-02-12 22:00:00,345.6054010993002
1986-02-13 22:00:00,345.6054010993002
1986-02-14 22:00:00,345.6054010993002
1986-02-17 22:00:00,345.6054010993002
1986-02-18 22:00:00,345.6054010993002
1986-02-19 22:00:00,345.6054010993002
1986-02-20 22:00:00,345.6054010993002
1986-02-21 22:00:00,345.6054010993002
1986-02-24 22:00:00,345.6054010993002
1986-02-25 22:00:00,345.6054010993002
1986-02-26 22:00:00,345.6054010993002
1986-02-27 22:00:00,345.6054010993002
1986-02-28 22:00:00,345.6054010993002
1986-03-03 22:00:00,345.6054010993002
1986-03-04 22:00:00,345.6054010993002
1986-03-05 22:00:00,345.6054010993002
1986-03-06 22:00:00,345.6054010993002
1986-03-07 22:00:00,345.6054010993002
1986-03-10 22:00:00,345.6054010993002
1986-03-11 22:00:00,345.6054010993002
1986-03-12 22:00:00,345.6054010993002
1986-03-13 22:00:00,345.6054010993002
1986-03-14 22:00:00,345.6054010993002
1986-03-17 22:00:00,345.6054010993002
1986-03-18 22:00:00,345.6054010993002
1986-03-19 22:00:00,345.6054010993002
1986-03-20 22:00:00,345.6054010993002
1986-03-21 22:00:00,345.6054010993002
1986-03-24 22:00:00,345.6054010993002
1986-03-25 22:00:00,345.6054010993002
1986-03-26 22:00:00,345.6054010993002
1986-03-27 22:00:00,345.6054010993002
1986-03-28 22:00:00,345.6054010993002
1986-03-31 22:00:00,345.6054010993002
1986-04-01 22:00:00,338.6335342183345
1986-04-02 22:00:00,338.6335342183345
1986-04-03 22:00:00,338.6335342183345
1986-04-04 22:00:00,338.6335342183345
1986-04-07 22:00:00,338.6335342183345
1986-04-08 22:00:00,338.6335342183345
1986-04-09 22:00:00,338.6335342183345
1986-04-10 22:00:00,338.6335342183345
1986-04-11 22:00:00,338.6335342183345
1986-04-14 22:00:00,338.6335342183345
1986-04-15 22:00:00,338.6335342183345
1986-04-16 22:00:00,338.6335342183345
1986-04-17 22:00:00,338.6335342183345
1986-04-18 22:00:00,338.6335342183345
1986-04-21 22:00:00,338.6335342183345
1986-04-22 22:00:00,338.6335342183345
1986-04-23 22:00:00,338.6335342183345
1986-04-24 22:00:00,338.6335342183345
1986-04-25 22:00:00,338.6335342183345
1986-04-28 22:00:00,338.6335342183345
1986-04-29 22:00:00,338.6335342183345
1986-04-30 22:00:00,338.6335342183345
1986-05-01 22:00:00,340.6254961843247
1986-05-02 22:00:00,340.6254961843247
1986-05-05 22:00:00,340.6254961843247
1986-05-06 22:00:00,340.6254961843247
1986-05-07 22:00:00,340.6254961843247
1986-05-08 22:00:00,340.6254961843247
1986-05-09 22:00:00,340.6254961843247
1986-05-12 22:00:00,340.6254961843247
1986-05-13 22:00:00,340.6254961843247
1986-05-14 22:00:00,340.6254961843247
1986-05-15 22:00:00,340.6254961843247
1986-05-16 22:00:00,340.6254961843247
1986-05-19 22:00:00,340.6254961843247
1986-05-20 22:00:00,340.6254961843247
1986-05-21 22:00:00,340.6254961843247
1986-05-22 22:00:00,340.6254961843247
1986-05-23 22:00:00,340.6254961843247
1986-05-26 22:00:00,340.6254961843247
1986-05-27 22:00:00,340.6254961843247
1986-05-28 22:00:00,340.6254961843247
1986-05-29 22:00:00,340.6254961843247
1986-05-30 22:00:00,340.6254961843247
1986-06-02 22:00:00,340.6254961843247
1986-06-03 22:00:00,340.6254961843247
1986-06-04 22:00:00,340.6254961843247
1986-06-05 22:00:00,340.6254961843247
1986-06-06 22:00:00,340.6254961843247
1986-06-09 22:00:00,340.6254961843247
1986-06-10 22:00:00,340.6254961843247
1986-06-11 22:00:00,340.6254961843247
1986-06-12 22:00:00,340.6254961843247
1986-06-13 22:00:00,340.6254961843247
1986-06-16 22:00:00,340.6254961843247
1986-06-17 22:00:00,340.6254961843247
1986-06-18 22:00:00,340.6254961843247
1986-06-19 22:00:00,340.6254961843247
1986-06-20 22:00:00,340.6254961843247
1986-06-23 22:00:00,340.6254961843247
1986-06-24 22:00:00,340.6254961843247
1986-06-25 22:00:00,340.6254961843247
1986-06-26 22:00:00,340.6254961843247
1986-06-27 22:00:00,340.6254961843247
1986-06-30 22:00:00,340.6254961843247
1986-07-01 22:00:00,346.6013820822953
1986-07-02 22:00:00,346.6013820822953
1986-07-03 22:00:00,346.6013820822953
1986-07-04 22:00:00,346.6013820822953
1986-07-07 22:00:00,346.6013820822953
1986-07-08 22:00:00,346.6013820822953
1986-07-09 22:00:00,346.6013820822953
1986-07-10 22:00:00,346.6013820822953
1986-07-11 22:00:00,346.6013820822953
1986-07-14 22:00:00,346.6013820822953
1986-07-15 22:00:00,346.6013820822953
1986-07-16 22:00:00,346.6013820822953
1986-07-17 22:00:00,346.6013820822953
1986-07-18 22:00:00,346.6013820822953
1986-07-21 22:00:00,346.6013820822953
1986-07-22 22:00:00,346.6013820822953
1986-07-23 22:00:00,346.6013820822953
1986-07-24 22:00:00,346.6013820822953
1986-07-25 22:00:00,346.6013820822953
1986-07-28 22:00:00,346.6013820822953
1986-07-29 22:00:00,346.6013820822953
1986-07-30 22:00:00,346.6013820822953
1986-07-31 22:00:00,346.6013820822953
1986-08-01 22:00:00,375.4848305891532
1986-08-04 22:00:00,375.4848305891532
1986-08-05 22:00:00,375.4848305891532
1986-08-06 22:00:00,375.4848305891532
1986-08-07 22:00:00,375.4848305891532
1986-08-08 22:00:00,375.4848305891532
1986-08-11 22:00:00,375.4848305891532
1986-08-12 22:00:00,375.4848305891532
1986-08-13 22:00:00,375.4848305891532
1986-08-14 22:00:00,375.4848305891532
1986-08-15 22:00:00,375.4848305891532
1986-08-18 22:00:00,375.4848305891532
1986-08-19 22:00:00,375.4848305891532
1986-08-20 22:00:00,375.4848305891532
1986-08-21 22:00:00,375.4848305891532
1986-08-22 22:00:00,375.4848305891532
1986-08-25 22:00:00,375.4848305891532
1986-08-26 22:00:00,375.4848305891532
1986-08-27 22:00:00,375.4848305891532
1986-08-28 22:00:00,375.4848305891532
1986-08-29 22:00:00,375.4848305891532
1986-09-01 22:00:00,416.3200508919524
1986-09-02 22:00:00,416.3200508919524
1986-09-03 22:00:00,416.3200508919524
1986-09-04 22:00:00,416.3200508919524
1986-09-05 22:00:00,416.3200508919524
1986-09-08 22:00:00,416.3200508919524
1986-09-09 22:00:00,416.3200508919524
1986-09-10 22:00:00,416.3200508919524
1986-09-11 22:00:00,416.3200508919524
1986-09-12 22:00:00,416.3200508919524
1986-09-15 22:00:00,416.3200508919524
1986-09-16 22:00:00,416.3200508919524
1986-09-17 22:00:00,416.3200508919524
1986-09-18 22:00:00,416.3200508919524
1986-09-19 22:00:00,416.3200508919524
1986-09-22 22:00:00,416.3200508919524
1986-09-23 22:00:00,416.3200508919524
1986-09-24 22:00:00,416.3200508919524
1986-09-25 22:00:00,416.3200508919524
1986-09-26 22:00:00,416.3200508919524
1986-09-29 22:00:00,416.3200508919524
1986-09-30 22:00:00,416.3200508919524
1986-10-01 22:00:00,422.295936789923
1986-10-02 22:00:00,422.295936789923
1986-10-03 22:00:00,422.295936789923
1986-10-06 22:00:00,422.295936789923
1986-10-07 22:00:00,422.295936789923
1986-10-08 22:00:00,422.295936789923
1986-10-09 22:00:00,422.295936789923
1986-10-10 22:00:00,422.295936789923
1986-10-13 22:00:00,422.295936789923
1986-10-14 22:00:00,422.295936789923
1986-10-15 22:00:00,422.295936789923
1986-10-16 22:00:00,422.295936789923
1986-10-17 22:00:00,422.295936789923
1986-10-20 22:00:00,422.295936789923
1986-10-21 22:00:00,422.295936789923
1986-10-22 22:00:00,422.295936789923
1986-10-23 22:00:00,422.295936789923
1986-10-24 22:00:00,422.295936789923
1986-10-27 22:00:00,422.295936789923
1986-10-28 22:00:00,422.295936789923
1986-10-29 22:00:00,422.295936789923
1986-10-30 22:00:00,422.295936789923
1986-10-31 22:00:00,422.295936789923
1986-11-03 22:00:00,422.295936789923
1986-11-04 22:00:00,422.295936789923
1986-11-05 22:00:00,422.295936789923
1986-11-06 22:00:00,422.295936789923
1986-11-07 22:00:00,422.295936789923
1986-11-10 22:00:00,422.295936789923
1986-11-11 22:00:00,422.295936789923
1986-11-12 22:00:00,422.295936789923
1986-11-13 22:00:00,422.295936789923
1986-11-14 22:00:00,422.295936789923
1986-11-17 22:00:00,422.295936789923
1986-11-18 22:00:00,422.295936789923
1986-11-19 22:00:00,422.295936789923
1986-11-20 22:00:00,422.295936789923
1986-11-21 22:00:00,422.295936789923
1986-11-24 22:00:00,422.295936789923
1986-11-25 22:00:00,422.295936789923
1986-11-26 22:00:00,422.295936789923
1986-11-27 22:00:00,422.295936789923
1986-11-28 22:00:00,422.295936789923
1986-12-01 22:00:00,389.4285643510847
1986-12-02 22:00:00,389.4285643510847
1986-12-03 22:00:00,389.4285643510847
1986-12-04 22:00:00,389.4285643510847
1986-12-05 22:00:00,389.4285643510847
1986-12-08 22:00:00,389.4285643510847
1986-12-09 22:00:00,389.4285643510847
1986-12-10 22:00:00,389.4285643510847
1986-12-11 22:00:00,389.4285643510847
1986-12-12 22:00:00,389.4285643510847
1986-12-15 22:00:00,389.4285643510847
1986-12-16 22:00:00,389.4285643510847
1986-12-17 22:00:00,389.4285643510847
1986-12-18 22:00:00,389.4285643510847
1986-12-19 22:00:00,389.4285643510847
1986-12-22 22:00:00,389.4285643510847
1986-12-23 22:00:00,389.4285643510847
1986-12-24 22:00:00,389.4285643510847
1986-12-25 22:00:00,389.4285643510847
1986-12-26 22:00:00,389.4285643510847
1986-12-29 22:00:00,389.4285643510847
1986-12-30 22:00:00,389.4285643510847
1986-12-31 22:00:00,389.4285643510847
1987-01-01 22:00:00,406.36024106200136
1987-01-02 22:00:00,406.36024106200136
1987-01-05 22:00:00,406.36024106200136
1987-01-06 22:00:00,406.36024106200136
1987-01-07 22:00:00,406.36024106200136
1987-01-08 22:00:00,406.36024106200136
1987-01-09 22:00:00,406.36024106200136
1987-01-12 22:00:00,406.36024106200136
1987-01-13 22:00:00,406.36024106200136
1987-01-14 22:00:00,406.36024106200136
1987-01-15 22:00:00,406.36024106200136
1987-01-16 22:00:00,406.36024106200136
1987-01-19 22:00:00,406.36024106200136
1987-01-20 22:00:00,406.36024106200136
1987-01-21 22:00:00,406.36024106200136
1987-01-22 22:00:00,406.36024106200136
1987-01-23 22:00:00,406.36024106200136
1987-01-26 22:00:00,406.36024106200136
1987-01-27 22:00:00,406.36024106200136
1987-01-28 22:00:00,406.36024106200136
1987-01-29 22:00:00,406.36024106200136
1987-01-30 22:00:00,406.36024106200136
1987-02-02 22:00:00,406.36024106200136
1987-02-03 22:00:00,406.36024106200136
1987-02-04 22:00:00,406.36024106200136
1987-02-05 22:00:00,406.36024106200136
1987-02-06 22:00:00,406.36024106200136
1987-02-09 22:00:00,406.36024106200136
1987-02-10 22:00:00,406.36024106200136
1987-02-11 22:00:00,406.36024106200136
1987-02-12 22:00:00,406.36024106200136
1987-02-13 22:00:00,406.36024106200136
1987-02-16 22:00:00,406.36024106200136
1987-02-17 22:00:00,406.36024106200136
1987-02-18 22:00:00,406.36024106200136
1987-02-19 22:00:00,406.36024106200136
1987-02-20 22:00:00,406.36024106200136
1987-02-23 22:00:00,406.36024106200136
1987-02-24 22:00:00,406.36024106200136
1987-02-25 22:00:00,406.36024106200136
1987-02-26 22:00:00,406.36024106200136
1987-02-27 22:00:00,406.36024106200136
1987-03-02 22:00:00,406.36024106200136
1987-03-03 22:00:00,406.36024106200136
1987-03-04 22:00:00,406.36024106200136
1987-03-05 22:00:00,406.36024106200136
1987-03-06 22:00:00,406.36024106200136
1987-03-09 22:00:00,406.36024106200136
1987-03-10 22:00:00,406.36024106200136
1987-03-11 22:00:00,406.36024106200136
1987-03-12 22:00:00,406.36024106200136
1987-03-13 22:00:00,406.36024106200136
1987-03-16 22:00:00,406.36024106200136
1987-03-17 22:00:00,406.36024106200136
1987-03-18 22:00:00,406.36024106200136
1987-03-19 22:00:00,406.36024106200136
1987-03-20 22:00:00,406.36024106200136
1987-03-23 22:00:00,406.36024106200136
1987-03-24 22:00:00,406.36024106200136
1987-03-25 22:00:00,406.36024106200136
1987-03-26 22:00:00,406.36024106200136
1987-03-27 22:00:00,406.36024106200136
1987-03-30 22:00:00,406.36024106200136
1987-03-31 22:00:00,406.36024106200136
1987-04-01 22:00:00,436.23967055185443
1987-04-02 22:00:00,436.23967055185443
1987-04-03 22:00:00,436.23967055185443
1987-04-06 22:00:00,436.23967055185443
1987-04-07 22:00:00,436.23967055185443
1987-04-08 22:00:00,436.23967055185443
1987-04-09 22:00:00,436.23967055185443
1987-04-10 22:00:00,436.23967055185443
1987-04-13 22:00:00,436.23967055185443
1987-04-14 22:00:00,436.23967055185443
1987-04-15 22:00:00,436.23967055185443
1987-04-16 22:00:00,436.23967055185443
1987-04-17 22:00:00,436.23967055185443
1987-04-20 22:00:00,436.23967055185443
1987-04-21 22:00:00,436.23967055185443
1987-04-22 22:00:00,436.23967055185443
1987-04-23 22:00:00,436.23967055185443
1987-04-24 22:00:00,436.23967055185443
1987-04-27 22:00:00,436.23967055185443
1987-04-28 22:00:00,436.23967055185443
1987-04-29 22:00:00,436.23967055185443
1987-04-30 22:00:00,436.23967055185443
1987-05-01 22:00:00,458.15125217774664
1987-05-04 22:00:00,458.15125217774664
1987-05-05 22:00:00,458.15125217774664
1987-05-06 22:00:00,458.15125217774664
1987-05-07 22:00:00,458.15125217774664
1987-05-08 22:00:00,458.15125217774664
1987-05-11 22:00:00,458.15125217774664
1987-05-12 22:00:00,458.15125217774664
1987-05-13 22:00:00,458.15125217774664
1987-05-14 22:00:00,458.15125217774664
1987-05-15 22:00:00,458.15125217774664
1987-05-18 22:00:00,458.15125217774664
1987-05-19 22:00:00,458.15125217774664
1987-05-20 22:00:00,458.15125217774664
1987-05-21 22:00:00,458.15125217774664
1987-05-22 22:00:00,458.15125217774664
1987-05-25 22:00:00,458.15125217774664
1987-05-26 22:00:00,458.15125217774664
1987-05-27 22:00:00,458.15125217774664
1987-05-28 22:00:00,458.15125217774664
1987-05-29 22:00:00,458.15125217774664
1987-06-01 22:00:00,448.19144234779566
1987-06-02 22:00:00,448.19144234779566
1987-06-03 22:00:00,448.19144234779566
1987-06-04 22:00:00,448.19144234779566
1987-06-05 22:00:00,448.19144234779566
1987-06-08 22:00:00,448.19144234779566
1987-06-09 22:00:00,448.19144234779566
1987-06-10 22:00:00,448.19144234779566
1987-06-11 22:00:00,448.19144234779566
1987-06-12 22:00:00,448.19144234779566
1987-06-15 22:00:00,448.19144234779566
1987-06-16 22:00:00,448.19144234779566
1987-06-17 22:00:00,448.19144234779566
1987-06-18 22:00:00,448.19144234779566
1987-06-19 22:00:00,448.19144234779566
1987-06-22 22:00:00,448.19144234779566
1987-06-23 22:00:00,448.19144234779566
1987-06-24 22:00:00,448.19144234779566
1987-06-25 22:00:00,448.19144234779566
1987-06-26 22:00:00,448.19144234779566
1987-06-29 22:00:00,448.19144234779566
1987-06-30 22:00:00,448.19144234779566
1987-07-01 22:00:00,449.18742333079075
1987-07-02 22:00:00,449.18742333079075
1987-07-03 22:00:00,449.18742333079075
1987-07-06 22:00:00,449.18742333079075
1987-07-07 22:00:00,449.18742333079075
1987-07-08 22:00:00,449.18742333079075
1987-07-09 22:00:00,449.18742333079075
1987-07-10 22:00:00,449.18742333079075
1987-07-13 22:00:00,449.18742333079075
1987-07-14 22:00:00,449.18742333079075
1987-07-15 22:00:00,449.18742333079075
1987-07-16 22:00:00,449.18742333079075
1987-07-17 22:00:00,449.18742333079075
1987-07-20 22:00:00,449.18742333079075
1987-07-21 22:00:00,449.18742333079075
1987-07-22 22:00:00,449.18742333079075
1987-07-23 22:00:00,449.18742333079075
1987-07-24 22:00:00,449.18742333079075
1987-07-27 22:00:00,449.18742333079075
1987-07-28 22:00:00,449.18742333079075
1987-07-29 22:00:00,449.18742333079075
1987-07-30 22:00:00,449.18742333079075
1987-07-31 22:00:00,449.18742333079075
1987-08-03 22:00:00,449.18742333079075
1987-08-04 22:00:00,449.18742333079075
1987-08-05 22:00:00,449.18742333079075
1987-08-06 22:00:00,449.18742333079075
1987-08-07 22:00:00,449.18742333079075
1987-08-10 22:00:00,449.18742333079075
1987-08-11 22:00:00,449.18742333079075
1987-08-12 22:00:00,449.18742333079075
1987-08-13 22:00:00,449.18742333079075
1987-08-14 22:00:00,449.18742333079075
1987-08-17 22:00:00,449.18742333079075
1987-08-18 22:00:00,449.18742333079075
1987-08-19 22:00:00,449.18742333079075
1987-08-20 22:00:00,449.18742333079075
1987-08-21 22:00:00,449.18742333079075
1987-08-24 22:00:00,449.18742333079075
1987-08-25 22:00:00,449.18742333079075
1987-08-26 22:00:00,449.18742333079075
1987-08-27 22:00:00,449.18742333079075
1987-08-28 22:00:00,449.18742333079075
1987-08-31 22:00:00,449.18742333079075
1987-09-01 22:00:00,458.15125217774664
1987-09-02 22:00:00,458.15125217774664
1987-09-03 22:00:00,458.15125217774664
1987-09-04 22:00:00,458.15125217774664
1987-09-07 22:00:00,458.15125217774664
1987-09-08 22:00:00,458.15125217774664
1987-09-09 22:00:00,458.15125217774664
1987-09-10 22:00:00,458.15125217774664
1987-09-11 22:00:00,458.15125217774664
1987-09-14 22:00:00,458.15125217774664
1987-09-15 22:00:00,458.15125217774664
1987-09-16 22:00:00,458.15125217774664
1987-09-17 22:00:00,458.15125217774664
1987-09-18 22:00:00,458.15125217774664
1987-09-21 22:00:00,458.15125217774664
1987-09-22 22:00:00,458.15125217774664
1987-09-23 22:00:00,458.15125217774664
1987-09-24 22:00:00,458.15125217774664
1987-09-25 22:00:00,458.15125217774664
1987-09-28 22:00:00,458.15125217774664
1987-09-29 22:00:00,458.15125217774664
1987-09-30 22:00:00,458.15125217774664
1987-10-01 22:00:00,463.13115709272216
1987-10-02 22:00:00,463.13115709272216
1987-10-05 22:00:00,463.13115709272216
1987-10-06 22:00:00,463.13115709272216
1987-10-07 22:00:00,463.13115709272216
1987-10-08 22:00:00,463.13115709272216
1987-10-09 22:00:00,463.13115709272216
1987-10-12 22:00:00,463.13115709272216
1987-10-13 22:00:00,463.13115709272216
1987-10-14 22:00:00,463.13115709272216
1987-10-15 22:00:00,463.13115709272216
1987-10-16 22:00:00,463.13115709272216
1987-10-19 22:00:00,463.13115709272216
1987-10-20 22:00:00,463.13115709272216
1987-10-21 22:00:00,463.13115709272216
1987-10-22 22:00:00,463.13115709272216
1987-10-23 22:00:00,463.13115709272216
1987-10-26 22:00:00,463.13115709272216
1987-10-27 22:00:00,463.13115709272216
1987-10-28 22:00:00,463.13115709272216
1987-10-29 22:00:00,463.13115709272216
1987-10-30 22:00:00,463.13115709272216
1987-11-02 22:00:00,463.13115709272216
1987-11-03 22:00:00,463.13115709272216
1987-11-04 22:00:00,463.13115709272216
1987-11-05 22:00:00,463.13115709272216
1987-11-06 22:00:00,463.13115709272216
1987-11-09 22:00:00,463.13115709272216
1987-11-10 22:00:00,463.13115709272216
1987-11-11 22:00:00,463.13115709272216
1987-11-12 22:00:00,463.13115709272216
1987-11-13 22:00:00,463.13115709272216
1987-11-16 22:00:00,463.13115709272216
1987-11-17 22:00:00,463.13115709272216
1987-11-18 22:00:00,463.13115709272216
1987-11-19 22:00:00,463.13115709272216
1987-11-20 22:00:00,463.13115709272216
1987-11-23 22:00:00,463.13115709272216
1987-11-24 22:00:00,463.13115709272216
1987-11-25 22:00:00,463.13115709272216
1987-11-26 22:00:00,463.13115709272216
1987-11-27 22:00:00,463.13115709272216
1987-11-30 22:00:00,463.13115709272216
1987-12-01 22:00:00,484.0467577356193
1987-12-02 22:00:00,484.0467577356193
1987-12-03 22:00:00,484.0467577356193
1987-12-04 22:00:00,484.0467577356193
1987-12-07 22:00:00,484.0467577356193
1987-12-08 22:00:00,484.0467577356193
1987-12-09 22:00:00,484.0467577356193
1987-12-10 22:00:00,484.0467577356193
1987-12-11 22:00:00,484.0467577356193
1987-12-14 22:00:00,484.0467577356193
1987-12-15 22:00:00,484.0467577356193
1987-12-16 22:00:00,484.0467577356193
1987-12-17 22:00:00,484.0467577356193
1987-12-18 22:00:00,484.0467577356193
1987-12-21 22:00:00,484.0467577356193
1987-12-22 22:00:00,484.0467577356193
1987-12-23 22:00:00,484.0467577356193
1987-12-24 22:00:00,484.0467577356193
1987-12-25 22:00:00,484.0467577356193
1987-12-28 22:00:00,484.0467577356193
1987-12-29 22:00:00,484.0467577356193
1987-12-30 22:00:00,484.0467577356193
1987-12-31 22:00:00,484.0467577356193
1988-01-01 22:00:00,475.0829288886634
1988-01-04 22:00:00,475.0829288886634
1988-01-05 22:00:00,475.0829288886634
1988-01-06 22:00:00,475.0829288886634
1988-01-07 22:00:00,475.0829288886634
1988-01-08 22:00:00,475.0829288886634
1988-01-11 22:00:00,475.0829288886634
1988-01-12 22:00:00,475.0829288886634
1988-01-13 22:00:00,475.0829288886634
1988-01-14 22:00:00,475.0829288886634
1988-01-15 22:00:00,475.0829288886634
1988-01-18 22:00:00,475.0829288886634
1988-01-19 22:00:00,475.0829288886634
1988-01-20 22:00:00,475.0829288886634
1988-01-21 22:00:00,475.0829288886634
1988-01-22 22:00:00,475.0829288886634
1988-01-25 22:00:00,475.0829288886634
1988-01-26 22:00:00,475.0829288886634
1988-01-27 22:00:00,475.0829288886634
1988-01-28 22:00:00,475.0829288886634
1988-01-29 22:00:00,475.0829288886634
1988-02-01 22:00:00,440.2235944838348
1988-02-02 22:00:00,440.2235944838348
1988-02-03 22:00:00,440.2235944838348
1988-02-04 22:00:00,440.2235944838348
1988-02-05 22:00:00,440.2235944838348
1988-02-08 22:00:00,440.2235944838348
1988-02-09 22:00:00,440.2235944838348
1988-02-10 22:00:00,440.2235944838348
1988-02-11 22:00:00,440.2235944838348
1988-02-12 22:00:00,440.2235944838348
1988-02-15 22:00:00,440.2235944838348
1988-02-16 22:00:00,440.2235944838348
1988-02-17 22:00:00,440.2235944838348
1988-02-18 22:00:00,440.2235944838348
1988-02-19 22:00:00,440.2235944838348
1988-02-22 22:00:00,440.2235944838348
1988-02-23 22:00:00,440.2235944838348
1988-02-24 22:00:00,440.2235944838348
1988-02-25 22:00:00,440.2235944838348
1988-02-26 22:00:00,440.2235944838348
1988-02-29 22:00:00,440.2235944838348
1988-03-01 22:00:00,442.21555644982504
1988-03-02 22:00:00,442.21555644982504
1988-03-03 22:00:00,442.21555644982504
1988-03-04 22:00:00,442.21555644982504
1988-03-07 22:00:00,442.21555644982504
1988-03-08 22:00:00,442.21555644982504
1988-03-09 22:00:00,442.21555644982504
1988-03-10 22:00:00,442.21555644982504
1988-03-11 22:00:00,442.21555644982504
1988-03-14 22:00:00,442.21555644982504
1988-03-15 22:00:00,442.21555644982504
1988-03-16 22:00:00,442.21555644982504
1988-03-17 22:00:00,442.21555644982504
1988-03-18 22:00:00,442.21555644982504
1988-03-21 22:00:00,442.21555644982504
1988-03-22 22:00:00,442.21555644982504
1988-03-23 22:00:00,442.21555644982504
1988-03-24 22:00:00,442.21555644982504
1988-03-25 22:00:00,442.21555644982504
1988-03-28 22:00:00,442.21555644982504
1988-03-29 22:00:00,442.21555644982504
1988-03-30 22:00:00,442.21555644982504
1988-03-31 22:00:00,442.21555644982504
1988-04-01 22:00:00,450.18340431378584
1988-04-04 22:00:00,450.18340431378584
1988-04-05 22:00:00,450.18340431378584
1988-04-06 22:00:00,450.18340431378584
1988-04-07 22:00:00,450.18340431378584
1988-04-08 22:00:00,450.18340431378584
1988-04-11 22:00:00,450.18340431378584
1988-04-12 22:00:00,450.18340431378584
1988-04-13 22:00:00,450.18340431378584
1988-04-14 22:00:00,450.18340431378584
1988-04-15 22:00:00,450.18340431378584
1988-04-18 22:00:00,450.18340431378584
1988-04-19 22:00:00,450.18340431378584
1988-04-20 22:00:00,450.18340431378584
1988-04-21 22:00:00,450.18340431378584
1988-04-22 22:00:00,450.18340431378584
1988-04-25 22:00:00,450.18340431378584
1988-04-26 22:00:00,450.18340431378584
1988-04-27 22:00:00,450.18340431378584
1988-04-28 22:00:00,450.18340431378584
1988-04-29 22:00:00,450.18340431378584
1988-05-02 22:00:00,450.18340431378584
1988-05-03 22:00:00,450.18340431378584
1988-05-04 22:00:00,450.18340431378584
1988-05-05 22:00:00,450.18340431378584
1988-05-06 22:00:00,450.18340431378584
1988-05-09 22:00:00,450.18340431378584
1988-05-10 22:00:00,450.18340431378584
1988-05-11 22:00:00,450.18340431378584
1988-05-12 22:00:00,450.18340431378584
1988-05-13 22:00:00,450.18340431378584
1988-05-16 22:00:00,450.18340431378584
1988-05-17 22:00:00,450.18340431378584
1988-05-18 22:00:00,450.18340431378584
1988-05-19 22:00:00,450.18340431378584
1988-05-20 22:00:00,450.18340431378584
1988-05-23 22:00:00,450.18340431378584
1988-05-24 22:00:00,450.18340431378584
1988-05-25 22:00:00,450.18340431378584
1988-05-26 22:00:00,450.18340431378584
1988-05-27 22:00:00,450.18340431378584
1988-05-30 22:00:00,450.18340431378584
1988-05-31 22:00:00,450.18340431378584
1988-06-01 22:00:00,449.18742333079075
1988-06-02 22:00:00,449.18742333079075
1988-06-03 22:00:00,449.18742333079075
1988-06-06 22:00:00,449.18742333079075
1988-06-07 22:00:00,449.18742333079075
1988-06-08 22:00:00,449.18742333079075
1988-06-09 22:00:00,449.18742333079075
1988-06-10 22:00:00,449.18742333079075
1988-06-13 22:00:00,449.18742333079075
1988-06-14 22:00:00,449.18742333079075
1988-06-15 22:00:00,449.18742333079075
1988-06-16 22:00:00,449.18742333079075
1988-06-17 22:00:00,449.18742333079075
1988-06-20 22:00:00,449.18742333079075
1988-06-21 22:00:00,449.18742333079075
1988-06-22 22:00:00,449.18742333079075
1988-06-23 22:00:00,449.18742333079075
1988-06-24 22:00:00,449.18742333079075
1988-06-27 22:00:00,449.18742333079075
1988-06-28 22:00:00,449.18742333079075
1988-06-29 22:00:00,449.18742333079075
1988-06-30 22:00:00,449.18742333079075
1988-07-01 22:00:00,436.23967055185443
1988-07-04 22:00:00,436.23967055185443
1988-07-05 22:00:00,436.23967055185443
1988-07-06 22:00:00,436.23967055185443
1988-07-07 22:00:00,436.23967055185443
1988-07-08 22:00:00,436.23967055185443
1988-07-11 22:00:00,436.23967055185443
1988-07-12 22:00:00,436.23967055185443
1988-07-13 22:00:00,436.23967055185443
1988-07-14 22:00:00,436.23967055185443
1988-07-15 22:00:00,436.23967055185443
1988-07-18 22:00:00,436.23967055185443
1988-07-19 22:00:00,436.23967055185443
1988-07-20 22:00:00,436.23967055185443
1988-07-21 22:00:00,436.23967055185443
1988-07-22 22:00:00,436.23967055185443
1988-07-25 22:00:00,436.23967055185443
1988-07-26 22:00:00,436.23967055185443
1988-07-27 22:00:00,436.23967055185443
1988-07-28 22:00:00,436.23967055185443
1988-07-29 22:00:00,436.23967055185443
1988-08-01 22:00:00,429.2678036708887
1988-08-02 22:00:00,429.2678036708887
1988-08-03 22:00:00,429.2678036708887
1988-08-04 22:00:00,429.2678036708887
1988-08-05 22:00:00,429.2678036708887
1988-08-08 22:00:00,429.2678036708887
1988-08-09 22:00:00,429.2678036708887
1988-08-10 22:00:00,429.2678036708887
1988-08-11 22:00:00,429.2678036708887
1988-08-12 22:00:00,429.2678036708887
1988-08-15 22:00:00,429.2678036708887
1988-08-16 22:00:00,429.2678036708887
1988-08-17 22:00:00,429.2678036708887
1988-08-18 22:00:00,429.2678036708887
1988-08-19 22:00:00,429.2678036708887
1988-08-22 22:00:00,429.2678036708887
1988-08-23 22:00:00,429.2678036708887
1988-08-24 22:00:00,429.2678036708887
1988-08-25 22:00:00,429.2678036708887
1988-08-26 22:00:00,429.2678036708887
1988-08-29 22:00:00,429.2678036708887
1988-08-30 22:00:00,429.2678036708887
1988-08-31 22:00:00,429.2678036708887
1988-09-01 22:00:00,411.3401459769769
1988-09-02 22:00:00,411.3401459769769
1988-09-05 22:00:00,411.3401459769769
1988-09-06 22:00:00,411.3401459769769
1988-09-07 22:00:00,411.3401459769769
1988-09-08 22:00:00,411.3401459769769
1988-09-09 22:00:00,411.3401459769769
1988-09-12 22:00:00,411.3401459769769
1988-09-13 22:00:00,411.3401459769769
1988-09-14 22:00:00,411.3401459769769
1988-09-15 22:00:00,411.3401459769769
1988-09-16 22:00:00,411.3401459769769
1988-09-19 22:00:00,411.3401459769769
1988-09-20 22:00:00,411.3401459769769
1988-09-21 22:00:00,411.3401459769769
1988-09-22 22:00:00,411.3401459769769
1988-09-23 22:00:00,411.3401459769769
1988-09-26 22:00:00,411.3401459769769
1988-09-27 22:00:00,411.3401459769769
1988-09-28 22:00:00,411.3401459769769
1988-09-29 22:00:00,411.3401459769769
1988-09-30 22:00:00,411.3401459769769
1988-10-03 22:00:00,411.3401459769769
1988-10-04 22:00:00,411.3401459769769
1988-10-05 22:00:00,411.3401459769769
1988-10-06 22:00:00,411.3401459769769
1988-10-07 22:00:00,411.3401459769769
1988-10-10 22:00:00,411.3401459769769
1988-10-11 22:00:00,411.3401459769769
1988-10-12 22:00:00,411.3401459769769
1988-10-13 22:00:00,411.3401459769769
1988-10-14 22:00:00,411.3401459769769
1988-10-17 22:00:00,411.3401459769769
1988-10-18 22:00:00,411.3401459769769
1988-10-19 22:00:00,411.3401459769769
1988-10-20 22:00:00,411.3401459769769
1988-10-21 22:00:00,411.3401459769769
1988-10-24 22:00:00,411.3401459769769
1988-10-25 22:00:00,411.3401459769769
1988-10-26 22:00:00,411.3401459769769
1988-10-27 22:00:00,411.3401459769769
1988-10-28 22:00:00,411.3401459769769
1988-10-31 22:00:00,411.3401459769769
1988-11-01 22:00:00,418.3120128579426
1988-11-02 22:00:00,418.3120128579426
1988-11-03 22:00:00,418.3120128579426
1988-11-04 22:00:00,418.3120128579426
1988-11-07 22:00:00,418.3120128579426
1988-11-08 22:00:00,418.3120128579426
1988-11-09 22:00:00,418.3120128579426
1988-11-10 22:00:00,418.3120128579426
1988-11-11 22:00:00,418.3120128579426
1988-11-14 22:00:00,418.3120128579426
1988-11-15 22:00:00,418.3120128579426
1988-11-16 22:00:00,418.3120128579426
1988-11-17 22:00:00,418.3120128579426
1988-11-18 22:00:00,418.3120128579426
1988-11-21 22:00:00,418.3120128579426
1988-11-22 22:00:00,418.3120128579426
1988-11-23 22:00:00,418.3120128579426
1988-11-24 22:00:00,418.3120128579426
1988-11-25 22:00:00,418.3120128579426
1988-11-28 22:00:00,418.3120128579426
1988-11-29 22:00:00,418.3120128579426
1988-11-30 22:00:00,418.3120128579426
1988-12-01 22:00:00,417.3160318749475
1988-12-02 22:00:00,417.3160318749475
1988-12-05 22:00:00,417.3160318749475
1988-12-06 22:00:00,417.3160318749475
1988-12-07 22:00:00,417.3160318749475
1988-12-08 22:00:00,417.3160318749475
1988-12-09 22:00:00,417.3160318749475
1988-12-12 22:00:00,417.3160318749475
1988-12-13 22:00:00,417.3160318749475
1988-12-14 22:00:00,417.3160318749475
1988-12-15 22:00:00,417.3160318749475
1988-12-16 22:00:00,417.3160318749475
1988-12-19 22:00:00,417.3160318749475
1988-12-20 22:00:00,417.3160318749475
1988-12-21 22:00:00,417.3160318749475
1988-12-22 22:00:00,417.3160318749475
1988-12-23 22:00:00,417.3160318749475
1988-12-26 22:00:00,417.3160318749475
1988-12-27 22:00:00,417.3160318749475
1988-12-28 22:00:00,417.3160318749475
1988-12-29 22:00:00,417.3160318749475
1988-12-30 22:00:00,417.3160318749475
1989-01-02 22:00:00,417.3160318749475
1989-01-03 22:00:00,417.3160318749475
1989-01-04 22:00:00,417.3160318749475
1989-01-05 22:00:00,417.3160318749475
1989-01-06 22:00:00,417.3160318749475
1989-01-09 22:00:00,417.3160318749475
1989-01-10 22:00:00,417.3160318749475
1989-01-11 22:00:00,417.3160318749475
1989-01-12 22:00:00,417.3160318749475
1989-01-13 22:00:00,417.3160318749475
1989-01-16 22:00:00,417.3160318749475
1989-01-17 22:00:00,417.3160318749475
1989-01-18 22:00:00,417.3160318749475
1989-01-19 22:00:00,417.3160318749475
1989-01-20 22:00:00,417.3160318749475
1989-01-23 22:00:00,417.3160318749475
1989-01-24 22:00:00,417.3160318749475
1989-01-25 22:00:00,417.3160318749475
1989-01-26 22:00:00,417.3160318749475
1989-01-27 22:00:00,417.3160318749475
1989-01-30 22:00:00,417.3160318749475
1989-01-31 22:00:00,417.3160318749475
1989-02-01 22:00:00,386.44062140209934
1989-02-02 22:00:00,386.44062140209934
1989-02-03 22:00:00,386.44062140209934
1989-02-06 22:00:00,386.44062140209934
1989-02-07 22:00:00,386.44062140209934
1989-02-08 22:00:00,386.44062140209934
1989-02-09 22:00:00,386.44062140209934
1989-02-10 22:00:00,386.44062140209934
1989-02-13 22:00:00,386.44062140209934
1989-02-14 22:00:00,386.44062140209934
1989-02-15 22:00:00,386.44062140209934
1989-02-16 22:00:00,386.44062140209934
1989-02-17 22:00:00,386.44062140209934
1989-02-20 22:00:00,386.44062140209934
1989-02-21 22:00:00,386.44062140209934
1989-02-22 22:00:00,386.44062140209934
1989-02-23 22:00:00,386.44062140209934
1989-02-24 22:00:00,386.44062140209934
1989-02-27 22:00:00,386.44062140209934
1989-02-28 22:00:00,386.44062140209934
1989-03-01 22:00:00,388.4325833680895
1989-03-02 22:00:00,388.4325833680895
1989-03-03 22:00:00,388.4325833680895
1989-03-06 22:00:00,388.4325833680895
1989-03-07 22:00:00,388.4325833680895
1989-03-08 22:00:00,388.4325833680895
1989-03-09 22:00:00,388.4325833680895
1989-03-10 22:00:00,388.4325833680895
1989-03-13 22:00:00,388.4325833680895
1989-03-14 22:00:00,388.4325833680895
1989-03-15 22:00:00,388.4325833680895
1989-03-16 22:00:00,388.4325833680895
1989-03-17 22:00:00,388.4325833680895
1989-03-20 22:00:00,388.4325833680895
1989-03-21 22:00:00,388.4325833680895
1989-03-22 22:00:00,388.4325833680895
1989-03-23 22:00:00,388.4325833680895
1989-03-24 22:00:00,388.4325833680895
1989-03-27 22:00:00,388.4325833680895
1989-03-28 22:00:00,388.4325833680895
1989-03-29 22:00:00,388.4325833680895
1989-03-30 22:00:00,388.4325833680895
1989-03-31 22:00:00,388.4325833680895
1989-04-03 22:00:00,388.4325833680895
1989-04-04 22:00:00,388.4325833680895
1989-04-05 22:00:00,388.4325833680895
1989-04-06 22:00:00,388.4325833680895
1989-04-07 22:00:00,388.4325833680895
1989-04-10 22:00:00,388.4325833680895
1989-04-11 22:00:00,388.4325833680895
1989-04-12 22:00:00,388.4325833680895
1989-04-13 22:00:00,388.4325833680895
1989-04-14 22:00:00,388.4325833680895
1989-04-17 22:00:00,388.4325833680895
1989-04-18 22:00:00,388.4325833680895
1989-04-19 22:00:00,388.4325833680895
1989-04-20 22:00:00,388.4325833680895
1989-04-21 22:00:00,388.4325833680895
1989-04-24 22:00:00,388.4325833680895
1989-04-25 22:00:00,388.4325833680895
1989-04-26 22:00:00,388.4325833680895
1989-04-27 22:00:00,388.4325833680895
1989-04-28 22:00:00,388.4325833680895
1989-05-01 22:00:00,369.50894469118265
1989-05-02 22:00:00,369.50894469118265
1989-05-03 22:00:00,369.50894469118265
1989-05-04 22:00:00,369.50894469118265
1989-05-05 22:00:00,369.50894469118265
1989-05-08 22:00:00,369.50894469118265
1989-05-09 22:00:00,369.50894469118265
1989-05-10 22:00:00,369.50894469118265
1989-05-11 22:00:00,369.50894469118265
1989-05-12 22:00:00,369.50894469118265
1989-05-15 22:00:00,369.50894469118265
1989-05-16 22:00:00,369.50894469118265
1989-05-17 22:00:00,369.50894469118265
1989-05-18 22:00:00,369.50894469118265
1989-05-19 22:00:00,369.50894469118265
1989-05-22 22:00:00,369.50894469118265
1989-05-23 22:00:00,369.50894469118265
1989-05-24 22:00:00,369.50894469118265
1989-05-25 22:00:00,369.50894469118265
1989-05-26 22:00:00,369.50894469118265
1989-05-29 22:00:00,369.50894469118265
1989-05-30 22:00:00,369.50894469118265
1989-05-31 22:00:00,369.50894469118265
1989-06-01 22:00:00,366.5210017421973
1989-06-02 22:00:00,366.5210017421973
1989-06-05 22:00:00,366.5210017421973
1989-06-06 22:00:00,366.5210017421973
1989-06-07 22:00:00,366.5210017421973
1989-06-08 22:00:00,366.5210017421973
1989-06-09 22:00:00,366.5210017421973
1989-06-12 22:00:00,366.5210017421973
1989-06-13 22:00:00,366.5210017421973
1989-06-14 22:00:00,366.5210017421973
1989-06-15 22:00:00,366.5210017421973
1989-06-16 22:00:00,366.5210017421973
1989-06-19 22:00:00,366.5210017421973
1989-06-20 22:00:00,366.5210017421973
1989-06-21 22:00:00,366.5210017421973
1989-06-22 22:00:00,366.5210017421973
1989-06-23 22:00:00,366.5210017421973
1989-06-26 22:00:00,366.5210017421973
1989-06-27 22:00:00,366.5210017421973
1989-06-28 22:00:00,366.5210017421973
1989-06-29 22:00:00,366.5210017421973
1989-06-30 22:00:00,366.5210017421973
1989-07-03 22:00:00,366.5210017421973
1989-07-04 22:00:00,366.5210017421973
1989-07-05 22:00:00,366.5210017421973
1989-07-06 22:00:00,366.5210017421973
1989-07-07 22:00:00,366.5210017421973
1989-07-10 22:00:00,366.5210017421973
1989-07-11 22:00:00,366.5210017421973
1989-07-12 22:00:00,366.5210017421973
1989-07-13 22:00:00,366.5210017421973
1989-07-14 22:00:00,366.5210017421973
1989-07-17 22:00:00,366.5210017421973
1989-07-18 22:00:00,366.5210017421973
1989-07-19 22:00:00,366.5210017421973
1989-07-20 22:00:00,366.5210017421973
1989-07-21 22:00:00,366.5210017421973
1989-07-24 22:00:00,366.5210017421973
1989-07-25 22:00:00,366.5210017421973
1989-07-26 22:00:00,366.5210017421973
1989-07-27 22:00:00,366.5210017421973
1989-07-28 22:00:00,366.5210017421973
1989-07-31 22:00:00,366.5210017421973
1989-08-01 22:00:00,363.53305879321204
1989-08-02 22:00:00,363.53305879321204
1989-08-03 22:00:00,363.53305879321204
1989-08-04 22:00:00,363.53305879321204
1989-08-07 22:00:00,363.53305879321204
1989-08-08 22:00:00,363.53305879321204
1989-08-09 22:00:00,363.53305879321204
1989-08-10 22:00:00,363.53305879321204
1989-08-11 22:00:00,363.53305879321204
1989-08-14 22:00:00,363.53305879321204
1989-08-15 22:00:00,363.53305879321204
1989-08-16 22:00:00,363.53305879321204
1989-08-17 22:00:00,363.53305879321204
1989-08-18 22:00:00,363.53305879321204
1989-08-21 22:00:00,363.53305879321204
1989-08-22 22:00:00,363.53305879321204
1989-08-23 22:00:00,363.53305879321204
1989-08-24 22:00:00,363.53305879321204
1989-08-25 22:00:00,363.53305879321204
1989-08-28 22:00:00,363.53305879321204
1989-08-29 22:00:00,363.53305879321204
1989-08-30 22:00:00,363.53305879321204
1989-08-31 22:00:00,363.53305879321204
1989-09-01 22:00:00,360.5451158442267
1989-09-04 22:00:00,360.5451158442267
1989-09-05 22:00:00,360.5451158442267
1989-09-06 22:00:00,360.5451158442267
1989-09-07 22:00:00,360.5451158442267
1989-09-08 22:00:00,360.5451158442267
1989-09-11 22:00:00,360.5451158442267
1989-09-12 22:00:00,360.5451158442267
1989-09-13 22:00:00,360.5451158442267
1989-09-14 22:00:00,360.5451158442267
1989-09-15 22:00:00,360.5451158442267
1989-09-18 22:00:00,360.5451158442267
1989-09-19 22:00:00,360.5451158442267
1989-09-20 22:00:00,360.5451158442267
1989-09-21 22:00:00,360.5451158442267
1989-09-22 22:00:00,360.5451158442267
1989-09-25 22:00:00,360.5451158442267
1989-09-26 22:00:00,360.5451158442267
1989-09-27 22:00:00,360.5451158442267
1989-09-28 22:00:00,360.5451158442267
1989-09-29 22:00:00,360.5451158442267
1989-10-02 22:00:00,360.5451158442267
1989-10-03 22:00:00,360.5451158442267
1989-10-04 22:00:00,360.5451158442267
1989-10-05 22:00:00,360.5451158442267
1989-10-06 22:00:00,360.5451158442267
1989-10-09 22:00:00,360.5451158442267
1989-10-10 22:00:00,360.5451158442267
1989-10-11 22:00:00,360.5451158442267
1989-10-12 22:00:00,360.5451158442267
1989-10-13 22:00:00,360.5451158442267
1989-10-16 22:00:00,360.5451158442267
1989-10-17 22:00:00,360.5451158442267
1989-10-18 22:00:00,360.5451158442267
1989-10-19 22:00:00,360.5451158442267
1989-10-20 22:00:00,360.5451158442267
1989-10-23 22:00:00,360.5451158442267
1989-10-24 22:00:00,360.5451158442267
1989-10-25 22:00:00,360.5451158442267
1989-10-26 22:00:00,360.5451158442267
1989-10-27 22:00:00,360.5451158442267
1989-10-30 22:00:00,360.5451158442267
1989-10-31 22:00:00,360.5451158442267
1989-11-01 22:00:00,392.41650730006995
1989-11-02 22:00:00,392.41650730006995
1989-11-03 22:00:00,392.41650730006995
1989-11-06 22:00:00,392.41650730006995
1989-11-07 22:00:00,392.41650730006995
1989-11-08 22:00:00,392.41650730006995
1989-11-09 22:00:00,392.41650730006995
1989-11-10 22:00:00,392.41650730006995
1989-11-13 22:00:00,392.41650730006995
1989-11-14 22:00:00,392.41650730006995
1989-11-15 22:00:00,392.41650730006995
1989-11-16 22:00:00,392.41650730006995
1989-11-17 22:00:00,392.41650730006995
1989-11-20 22:00:00,392.41650730006995
1989-11-21 22:00:00,392.41650730006995
1989-11-22 22:00:00,392.41650730006995
1989-11-23 22:00:00,392.41650730006995
1989-11-24 22:00:00,392.41650730006995
1989-11-27 22:00:00,392.41650730006995
1989-11-28 22:00:00,392.41650730006995
1989-11-29 22:00:00,392.41650730006995
1989-11-30 22:00:00,392.41650730006995
1989-12-01 22:00:00,407.7446546283646
1989-12-04 22:00:00,407.7446546283646
1989-12-05 22:00:00,407.7446546283646
1989-12-06 22:00:00,407.7446546283646
1989-12-07 22:00:00,407.7446546283646
1989-12-08 22:00:00,407.7446546283646
1989-12-11 22:00:00,407.7446546283646
1989-12-12 22:00:00,407.7446546283646
1989-12-13 22:00:00,407.7446546283646
1989-12-14 22:00:00,407.7446546283646
1989-12-15 22:00:00,407.7446546283646
1989-12-18 22:00:00,407.7446546283646
1989-12-19 22:00:00,407.7446546283646
1989-12-20 22:00:00,407.7446546283646
1989-12-21 22:00:00,407.7446546283646
1989-12-22 22:00:00,407.7446546283646
1989-12-25 22:00:00,407.7446546283646
1989-12-26 22:00:00,407.7446546283646
1989-12-27 22:00:00,407.7446546283646
1989-12-28 22:00:00,407.7446546283646
1989-12-29 22:00:00,407.7446546283646
1990-01-01 22:00:00,408.35220302799155
1990-01-02 22:00:00,408.35220302799155
1990-01-03 22:00:00,408.35220302799155
1990-01-04 22:00:00,408.35220302799155
1990-01-05 22:00:00,408.35220302799155
1990-01-08 22:00:00,408.35220302799155
1990-01-09 22:00:00,408.35220302799155
1990-01-10 22:00:00,408.35220302799155
1990-01-11 22:00:00,408.35220302799155
1990-01-12 22:00:00,408.35220302799155
1990-01-15 22:00:00,408.35220302799155
1990-01-16 22:00:00,408.35220302799155
1990-01-17 22:00:00,408.35220302799155
1990-01-18 22:00:00,408.35220302799155
1990-01-19 22:00:00,408.35220302799155
1990-01-22 22:00:00,408.35220302799155
1990-01-23 22:00:00,408.35220302799155
1990-01-24 22:00:00,408.35220302799155
1990-01-25 22:00:00,408.35220302799155
1990-01-26 22:00:00,408.35220302799155
1990-01-29 22:00:00,408.35220302799155
1990-01-30 22:00:00,408.35220302799155
1990-01-31 22:00:00,408.35220302799155
1990-02-01 22:00:00,415.3240699089573
1990-02-02 22:00:00,415.3240699089573
1990-02-05 22:00:00,415.3240699089573
1990-02-06 22:00:00,415.3240699089573
1990-02-07 22:00:00,415.3240699089573
1990-02-08 22:00:00,415.3240699089573
1990-02-09 22:00:00,415.3240699089573
1990-02-12 22:00:00,415.3240699089573
1990-02-13 22:00:00,415.3240699089573
1990-02-14 22:00:00,415.3240699089573
1990-02-15 22:00:00,415.3240699089573
1990-02-16 22:00:00,415.3240699089573
1990-02-19 22:00:00,415.3240699089573
1990-02-20 22:00:00,415.3240699089573
1990-02-21 22:00:00,415.3240699089573
1990-02-22 22:00:00,415.3240699089573
1990-02-23 22:00:00,415.3240699089573
1990-02-26 22:00:00,415.3240699089573
1990-02-27 22:00:00,415.3240699089573
1990-02-28 22:00:00,415.3240699089573
1990-03-01 22:00:00,391.42052631707486
1990-03-02 22:00:00,391.42052631707486
1990-03-05 22:00:00,391.42052631707486
1990-03-06 22:00:00,391.42052631707486
1990-03-07 22:00:00,391.42052631707486
1990-03-08 22:00:00,391.42052631707486
1990-03-09 22:00:00,391.42052631707486
1990-03-12 22:00:00,391.42052631707486
1990-03-13 22:00:00,391.42052631707486
1990-03-14 22:00:00,391.42052631707486
1990-03-15 22:00:00,391.42052631707486
1990-03-16 22:00:00,391.42052631707486
1990-03-19 22:00:00,391.42052631707486
1990-03-20 22:00:00,391.42052631707486
1990-03-21 22:00:00,391.42052631707486
1990-03-22 22:00:00,391.42052631707486
1990-03-23 22:00:00,391.42052631707486
1990-03-26 22:00:00,391.42052631707486
1990-03-27 22:00:00,391.42052631707486
1990-03-28 22:00:00,391.42052631707486
1990-03-29 22:00:00,391.42052631707486
1990-03-30 22:00:00,391.42052631707486
1990-04-02 22:00:00,391.42052631707486
1990-04-03 22:00:00,391.42052631707486
1990-04-04 22:00:00,391.42052631707486
1990-04-05 22:00:00,391.42052631707486
1990-04-06 22:00:00,391.42052631707486
1990-04-09 22:00:00,391.42052631707486
1990-04-10 22:00:00,391.42052631707486
1990-04-11 22:00:00,391.42052631707486
1990-04-12 22:00:00,391.42052631707486
1990-04-13 22:00:00,391.42052631707486
1990-04-16 22:00:00,391.42052631707486
1990-04-17 22:00:00,391.42052631707486
1990-04-18 22:00:00,391.42052631707486
1990-04-19 22:00:00,391.42052631707486
1990-04-20 22:00:00,391.42052631707486
1990-04-23 22:00:00,391.42052631707486
1990-04-24 22:00:00,391.42052631707486
1990-04-25 22:00:00,391.42052631707486
1990-04-26 22:00:00,391.42052631707486
1990-04-27 22:00:00,391.42052631707486
1990-04-30 22:00:00,391.42052631707486
1990-05-01 22:00:00,367.5169827251924
1990-05-02 22:00:00,367.5169827251924
1990-05-03 22:00:00,367.5169827251924
1990-05-04 22:00:00,367.5169827251924
1990-05-07 22:00:00,367.5169827251924
1990-05-08 22:00:00,367.5169827251924
1990-05-09 22:00:00,367.5169827251924
1990-05-10 22:00:00,367.5169827251924
1990-05-11 22:00:00,367.5169827251924
1990-05-14 22:00:00,367.5169827251924
1990-05-15 22:00:00,367.5169827251924
1990-05-16 22:00:00,367.5169827251924
1990-05-17 22:00:00,367.5169827251924
1990-05-18 22:00:00,367.5169827251924
1990-05-21 22:00:00,367.5169827251924
1990-05-22 22:00:00,367.5169827251924
1990-05-23 22:00:00,367.5169827251924
1990-05-24 22:00:00,367.5169827251924
1990-05-25 22:00:00,367.5169827251924
1990-05-28 22:00:00,367.5169827251924
1990-05-29 22:00:00,367.5169827251924
1990-05-30 22:00:00,367.5169827251924
1990-05-31 22:00:00,367.5169827251924
1990-06-01 22:00:00,350.5853060142757
1990-06-04 22:00:00,350.5853060142757
1990-06-05 22:00:00,350.5853060142757
1990-06-06 22:00:00,350.5853060142757
1990-06-07 22:00:00,350.5853060142757
1990-06-08 22:00:00,350.5853060142757
1990-06-11 22:00:00,350.5853060142757
1990-06-12 22:00:00,350.5853060142757
1990-06-13 22:00:00,350.5853060142757
1990-06-14 22:00:00,350.5853060142757
1990-06-15 22:00:00,350.5853060142757
1990-06-18 22:00:00,350.5853060142757
1990-06-19 22:00:00,350.5853060142757
1990-06-20 22:00:00,350.5853060142757
1990-06-21 22:00:00,350.5853060142757
1990-06-22 22:00:00,350.5853060142757
1990-06-25 22:00:00,350.5853060142757
1990-06-26 22:00:00,350.5853060142757
1990-06-27 22:00:00,350.5853060142757
1990-06-28 22:00:00,350.5853060142757
1990-06-29 22:00:00,350.5853060142757
1990-07-02 22:00:00,350.5853060142757
1990-07-03 22:00:00,350.5853060142757
1990-07-04 22:00:00,350.5853060142757
1990-07-05 22:00:00,350.5853060142757
1990-07-06 22:00:00,350.5853060142757
1990-07-09 22:00:00,350.5853060142757
1990-07-10 22:00:00,350.5853060142757
1990-07-11 22:00:00,350.5853060142757
1990-07-12 22:00:00,350.5853060142757
1990-07-13 22:00:00,350.5853060142757
1990-07-16 22:00:00,350.5853060142757
1990-07-17 22:00:00,350.5853060142757
1990-07-18 22:00:00,350.5853060142757
1990-07-19 22:00:00,350.5853060142757
1990-07-20 22:00:00,350.5853060142757
1990-07-23 22:00:00,350.5853060142757
1990-07-24 22:00:00,350.5853060142757
1990-07-25 22:00:00,350.5853060142757
1990-07-26 22:00:00,350.5853060142757
1990-07-27 22:00:00,350.5853060142757
1990-07-30 22:00:00,350.5853060142757
1990-07-31 22:00:00,350.5853060142757
1990-08-01 22:00:00,393.41248828306504
1990-08-02 22:00:00,393.41248828306504
1990-08-03 22:00:00,393.41248828306504
1990-08-06 22:00:00,393.41248828306504
1990-08-07 22:00:00,393.41248828306504
1990-08-08 22:00:00,393.41248828306504
1990-08-09 22:00:00,393.41248828306504
1990-08-10 22:00:00,393.41248828306504
1990-08-13 22:00:00,393.41248828306504
1990-08-14 22:00:00,393.41248828306504
1990-08-15 22:00:00,393.41248828306504
1990-08-16 22:00:00,393.41248828306504
1990-08-17 22:00:00,393.41248828306504
1990-08-20 22:00:00,393.41248828306504
1990-08-21 22:00:00,393.41248828306504
1990-08-22 22:00:00,393.41248828306504
1990-08-23 22:00:00,393.41248828306504
1990-08-24 22:00:00,393.41248828306504
1990-08-27 22:00:00,393.41248828306504
1990-08-28 22:00:00,393.41248828306504
1990-08-29 22:00:00,393.41248828306504
1990-08-30 22:00:00,393.41248828306504
1990-08-31 22:00:00,393.41248828306504
1990-09-03 22:00:00,393.41248828306504
1990-09-04 22:00:00,393.41248828306504
1990-09-05 22:00:00,393.41248828306504
1990-09-06 22:00:00,393.41248828306504
1990-09-07 22:00:00,393.41248828306504
1990-09-10 22:00:00,393.41248828306504
1990-09-11 22:00:00,393.41248828306504
1990-09-12 22:00:00,393.41248828306504
1990-09-13 22:00:00,393.41248828306504
1990-09-14 22:00:00,393.41248828306504
1990-09-17 22:00:00,393.41248828306504
1990-09-18 22:00:00,393.41248828306504
1990-09-19 22:00:00,393.41248828306504
1990-09-20 22:00:00,393.41248828306504
1990-09-21 22:00:00,393.41248828306504
1990-09-24 22:00:00,393.41248828306504
1990-09-25 22:00:00,393.41248828306504
1990-09-26 22:00:00,393.41248828306504
1990-09-27 22:00:00,393.41248828306504
1990-09-28 22:00:00,393.41248828306504
1990-10-01 22:00:00,379.46875452113363
1990-10-02 22:00:00,379.46875452113363
1990-10-03 22:00:00,379.46875452113363
1990-10-04 22:00:00,379.46875452113363
1990-10-05 22:00:00,379.46875452113363
1990-10-08 22:00:00,379.46875452113363
1990-10-09 22:00:00,379.46875452113363
1990-10-10 22:00:00,379.46875452113363
1990-10-11 22:00:00,379.46875452113363
1990-10-12 22:00:00,379.46875452113363
1990-10-15 22:00:00,379.46875452113363
1990-10-16 22:00:00,379.46875452113363
1990-10-17 22:00:00,379.46875452113363
1990-10-18 22:00:00,379.46875452113363
1990-10-19 22:00:00,379.46875452113363
1990-10-22 22:00:00,379.46875452113363
1990-10-23 22:00:00,379.46875452113363
1990-10-24 22:00:00,379.46875452113363
1990-10-25 22:00:00,379.46875452113363
1990-10-26 22:00:00,379.46875452113363
1990-10-29 22:00:00,379.46875452113363
1990-10-30 22:00:00,379.46875452113363
1990-10-31 22:00:00,379.46875452113363
1990-11-01 22:00:00,380.4647355041287
1990-11-02 22:00:00,380.4647355041287
1990-11-05 22:00:00,380.4647355041287
1990-11-06 22:00:00,380.4647355041287
1990-11-07 22:00:00,380.4647355041287
1990-11-08 22:00:00,380.4647355041287
1990-11-09 22:00:00,380.4647355041287
1990-11-12 22:00:00,380.4647355041287
1990-11-13 22:00:00,380.4647355041287
1990-11-14 22:00:00,380.4647355041287
1990-11-15 22:00:00,380.4647355041287
1990-11-16 22:00:00,380.4647355041287
1990-11-19 22:00:00,380.4647355041287
1990-11-20 22:00:00,380.4647355041287
1990-11-21 22:00:00,380.4647355041287
1990-11-22 22:00:00,380.4647355041287
1990-11-23 22:00:00,380.4647355041287
1990-11-26 22:00:00,380.4647355041287
1990-11-27 22:00:00,380.4647355041287
1990-11-28 22:00:00,380.4647355041287
1990-11-29 22:00:00,380.4647355041287
1990-11-30 22:00:00,380.4647355041287
1990-12-03 22:00:00,380.4647355041287
1990-12-04 22:00:00,380.4647355041287
1990-12-05 22:00:00,380.4647355041287
1990-12-06 22:00:00,380.4647355041287
1990-12-07 22:00:00,380.4647355041287
1990-12-10 22:00:00,380.4647355041287
1990-12-11 22:00:00,380.4647355041287
1990-12-12 22:00:00,380.4647355041287
1990-12-13 22:00:00,380.4647355041287
1990-12-14 22:00:00,380.4647355041287
1990-12-17 22:00:00,380.4647355041287
1990-12-18 22:00:00,380.4647355041287
1990-12-19 22:00:00,380.4647355041287
1990-12-20 22:00:00,380.4647355041287
1990-12-21 22:00:00,380.4647355041287
1990-12-24 22:00:00,380.4647355041287
1990-12-25 22:00:00,380.4647355041287
1990-12-26 22:00:00,380.4647355041287
1990-12-27 22:00:00,380.4647355041287
1990-12-28 22:00:00,380.4647355041287
1990-12-31 22:00:00,380.4647355041287
1991-01-01 22:00:00,382.4566974701189
1991-01-02 22:00:00,382.4566974701189
1991-01-03 22:00:00,382.4566974701189
1991-01-04 22:00:00,382.4566974701189
1991-01-07 22:00:00,382.4566974701189
1991-01-08 22:00:00,382.4566974701189
1991-01-09 22:00:00,382.4566974701189
1991-01-10 22:00:00,382.4566974701189
1991-01-11 22:00:00,382.4566974701189
1991-01-14 22:00:00,382.4566974701189
1991-01-15 22:00:00,382.4566974701189
1991-01-16 22:00:00,382.4566974701189
1991-01-17 22:00:00,382.4566974701189
1991-01-18 22:00:00,382.4566974701189
1991-01-21 22:00:00,382.4566974701189
1991-01-22 22:00:00,382.4566974701189
1991-01-23 22:00:00,382.4566974701189
1991-01-24 22:00:00,382.4566974701189
1991-01-25 22:00:00,382.4566974701189
1991-01-28 22:00:00,382.4566974701189
1991-01-29 22:00:00,382.4566974701189
1991-01-30 22:00:00,382.4566974701189
1991-01-31 22:00:00,382.4566974701189
1991-02-01 22:00:00,362.5370778102169
1991-02-04 22:00:00,362.5370778102169
1991-02-05 22:00:00,362.5370778102169
1991-02-06 22:00:00,362.5370778102169
1991-02-07 22:00:00,362.5370778102169
1991-02-08 22:00:00,362.5370778102169
1991-02-11 22:00:00,362.5370778102169
1991-02-12 22:00:00,362.5370778102169
1991-02-13 22:00:00,362.5370778102169
1991-02-14 22:00:00,362.5370778102169
1991-02-15 22:00:00,362.5370778102169
1991-02-18 22:00:00,362.5370778102169
1991-02-19 22:00:00,362.5370778102169
1991-02-20 22:00:00,362.5370778102169
1991-02-21 22:00:00,362.5370778102169
1991-02-22 22:00:00,362.5370778102169
1991-02-25 22:00:00,362.5370778102169
1991-02-26 22:00:00,362.5370778102169
1991-02-27 22:00:00,362.5370778102169
1991-02-28 22:00:00,362.5370778102169
1991-03-01 22:00:00,361.5410968272218
1991-03-04 22:00:00,361.5410968272218
1991-03-05 22:00:00,361.5410968272218
1991-03-06 22:00:00,361.5410968272218
1991-03-07 22:00:00,361.5410968272218
1991-03-08 22:00:00,361.5410968272218
1991-03-11 22:00:00,361.5410968272218
1991-03-12 22:00:00,361.5410968272218
1991-03-13 22:00:00,361.5410968272218
1991-03-14 22:00:00,361.5410968272218
1991-03-15 22:00:00,361.5410968272218
1991-03-18 22:00:00,361.5410968272218
1991-03-19 22:00:00,361.5410968272218
1991-03-20 22:00:00,361.5410968272218
1991-03-21 22:00:00,361.5410968272218
1991-03-22 22:00:00,361.5410968272218
1991-03-25 22:00:00,361.5410968272218
1991-03-26 22:00:00,361.5410968272218
1991-03-27 22:00:00,361.5410968272218
1991-03-28 22:00:00,361.5410968272218
1991-03-29 22:00:00,361.5410968272218
1991-04-01 22:00:00,356.56119191224633
1991-04-02 22:00:00,356.56119191224633
1991-04-03 22:00:00,356.56119191224633
1991-04-04 22:00:00,356.56119191224633
1991-04-05 22:00:00,356.56119191224633
1991-04-08 22:00:00,356.56119191224633
1991-04-09 22:00:00,356.56119191224633
1991-04-10 22:00:00,356.56119191224633
1991-04-11 22:00:00,356.56119191224633
1991-04-12 22:00:00,356.56119191224633
1991-04-15 22:00:00,356.56119191224633
1991-04-16 22:00:00,356.56119191224633
1991-04-17 22:00:00,356.56119191224633
1991-04-18 22:00:00,356.56119191224633
1991-04-19 22:00:00,356.56119191224633
1991-04-22 22:00:00,356.56119191224633
1991-04-23 22:00:00,356.56119191224633
1991-04-24 22:00:00,356.56119191224633
1991-04-25 22:00:00,356.56119191224633
1991-04-26 22:00:00,356.56119191224633
1991-04-29 22:00:00,356.56119191224633
1991-04-30 22:00:00,356.56119191224633
1991-05-01 22:00:00,355.5652109292512
1991-05-02 22:00:00,355.5652109292512
1991-05-03 22:00:00,355.5652109292512
1991-05-06 22:00:00,355.5652109292512
1991-05-07 22:00:00,355.5652109292512
1991-05-08 22:00:00,355.5652109292512
1991-05-09 22:00:00,355.5652109292512
1991-05-10 22:00:00,355.5652109292512
1991-05-13 22:00:00,355.5652109292512
1991-05-14 22:00:00,355.5652109292512
1991-05-15 22:00:00,355.5652109292512
1991-05-16 22:00:00,355.5652109292512
1991-05-17 22:00:00,355.5652109292512
1991-05-20 22:00:00,355.5652109292512
1991-05-21 22:00:00,355.5652109292512
1991-05-22 22:00:00,355.5652109292512
1991-05-23 22:00:00,355.5652109292512
1991-05-24 22:00:00,355.5652109292512
1991-05-27 22:00:00,355.5652109292512
1991-05-28 22:00:00,355.5652109292512
1991-05-29 22:00:00,355.5652109292512
1991-05-30 22:00:00,355.5652109292512
1991-05-31 22:00:00,355.5652109292512
1991-06-03 22:00:00,355.5652109292512
1991-06-04 22:00:00,355.5652109292512
1991-06-05 22:00:00,355.5652109292512
1991-06-06 22:00:00,355.5652109292512
1991-06-07 22:00:00,355.5652109292512
1991-06-10 22:00:00,355.5652109292512
1991-06-11 22:00:00,355.5652109292512
1991-06-12 22:00:00,355.5652109292512
1991-06-13 22:00:00,355.5652109292512
1991-06-14 22:00:00,355.5652109292512
1991-06-17 22:00:00,355.5652109292512
1991-06-18 22:00:00,355.5652109292512
1991-06-19 22:00:00,355.5652109292512
1991-06-20 22:00:00,355.5652109292512
1991-06-21 22:00:00,355.5652109292512
1991-06-24 22:00:00,355.5652109292512
1991-06-25 22:00:00,355.5652109292512
1991-06-26 22:00:00,355.5652109292512
1991-06-27 22:00:00,355.5652109292512
1991-06-28 22:00:00,355.5652109292512
1991-07-01 22:00:00,366.5210017421973
1991-07-02 22:00:00,366.5210017421973
1991-07-03 22:00:00,366.5210017421973
1991-07-04 22:00:00,366.5210017421973
1991-07-05 22:00:00,366.5210017421973
1991-07-08 22:00:00,366.5210017421973
1991-07-09 22:00:00,366.5210017421973
1991-07-10 22:00:00,366.5210017421973
1991-07-11 22:00:00,366.5210017421973
1991-07-12 22:00:00,366.5210017421973
1991-07-15 22:00:00,366.5210017421973
1991-07-16 22:00:00,366.5210017421973
1991-07-17 22:00:00,366.5210017421973
1991-07-18 22:00:00,366.5210017421973
1991-07-19 22:00:00,366.5210017421973
1991-07-22 22:00:00,366.5210017421973
1991-07-23 22:00:00,366.5210017421973
1991-07-24 22:00:00,366.5210017421973
1991-07-25 22:00:00,366.5210017421973
1991-07-26 22:00:00,366.5210017421973
1991-07-29 22:00:00,366.5210017421973
1991-07-30 22:00:00,366.5210017421973
1991-07-31 22:00:00,366.5210017421973
1991-08-01 22:00:00,354.5692299462561
1991-08-02 22:00:00,354.5692299462561
1991-08-05 22:00:00,354.5692299462561
1991-08-06 22:00:00,354.5692299462561
1991-08-07 22:00:00,354.5692299462561
1991-08-08 22:00:00,354.5692299462561
1991-08-09 22:00:00,354.5692299462561
1991-08-12 22:00:00,354.5692299462561
1991-08-13 22:00:00,354.5692299462561
1991-08-14 22:00:00,354.5692299462561
1991-08-15 22:00:00,354.5692299462561
1991-08-16 22:00:00,354.5692299462561
1991-08-19 22:00:00,354.5692299462561
1991-08-20 22:00:00,354.5692299462561
1991-08-21 22:00:00,354.5692299462561
1991-08-22 22:00:00,354.5692299462561
1991-08-23 22:00:00,354.5692299462561
1991-08-26 22:00:00,354.5692299462561
1991-08-27 22:00:00,354.5692299462561
1991-08-28 22:00:00,354.5692299462561
1991-08-29 22:00:00,354.5692299462561
1991-08-30 22:00:00,354.5692299462561
1991-09-02 22:00:00,354.5692299462561
1991-09-03 22:00:00,354.5692299462561
1991-09-04 22:00:00,354.5692299462561
1991-09-05 22:00:00,354.5692299462561
1991-09-06 22:00:00,354.5692299462561
1991-09-09 22:00:00,354.5692299462561
1991-09-10 22:00:00,354.5692299462561
1991-09-11 22:00:00,354.5692299462561
1991-09-12 22:00:00,354.5692299462561
1991-09-13 22:00:00,354.5692299462561
1991-09-16 22:00:00,354.5692299462561
1991-09-17 22:00:00,354.5692299462561
1991-09-18 22:00:00,354.5692299462561
1991-09-19 22:00:00,354.5692299462561
1991-09-20 22:00:00,354.5692299462561
1991-09-23 22:00:00,354.5692299462561
1991-09-24 22:00:00,354.5692299462561
1991-09-25 22:00:00,354.5692299462561
1991-09-26 22:00:00,354.5692299462561
1991-09-27 22:00:00,354.5692299462561
1991-09-30 22:00:00,354.5692299462561
1991-10-01 22:00:00,357.5571728952414
1991-10-02 22:00:00,357.5571728952414
1991-10-03 22:00:00,357.5571728952414
1991-10-04 22:00:00,357.5571728952414
1991-10-07 22:00:00,357.5571728952414
1991-10-08 22:00:00,357.5571728952414
1991-10-09 22:00:00,357.5571728952414
1991-10-10 22:00:00,357.5571728952414
1991-10-11 22:00:00,357.5571728952414
1991-10-14 22:00:00,357.5571728952414
1991-10-15 22:00:00,357.5571728952414
1991-10-16 22:00:00,357.5571728952414
1991-10-17 22:00:00,357.5571728952414
1991-10-18 22:00:00,357.5571728952414
1991-10-21 22:00:00,357.5571728952414
1991-10-22 22:00:00,357.5571728952414
1991-10-23 22:00:00,357.5571728952414
1991-10-24 22:00:00,357.5571728952414
1991-10-25 22:00:00,357.5571728952414
1991-10-28 22:00:00,357.5571728952414
1991-10-29 22:00:00,357.5571728952414
1991-10-30 22:00:00,357.5571728952414
1991-10-31 22:00:00,357.5571728952414
1991-11-01 22:00:00,358.5531538782365
1991-11-04 22:00:00,358.5531538782365
1991-11-05 22:00:00,358.5531538782365
1991-11-06 22:00:00,358.5531538782365
1991-11-07 22:00:00,358.5531538782365
1991-11-08 22:00:00,358.5531538782365
1991-11-11 22:00:00,358.5531538782365
1991-11-12 22:00:00,358.5531538782365
1991-11-13 22:00:00,358.5531538782365
1991-11-14 22:00:00,358.5531538782365
1991-11-15 22:00:00,358.5531538782365
1991-11-18 22:00:00,358.5531538782365
1991-11-19 22:00:00,358.5531538782365
1991-11-20 22:00:00,358.5531538782365
1991-11-21 22:00:00,358.5531538782365
1991-11-22 22:00:00,358.5531538782365
1991-11-25 22:00:00,358.5531538782365
1991-11-26 22:00:00,358.5531538782365
1991-11-27 22:00:00,358.5531538782365
1991-11-28 22:00:00,358.5531538782365
1991-11-29 22:00:00,358.5531538782365
1991-12-02 22:00:00,358.5531538782365
1991-12-03 22:00:00,358.5531538782365
1991-12-04 22:00:00,358.5531538782365
1991-12-05 22:00:00,358.5531538782365
1991-12-06 22:00:00,358.5531538782365
1991-12-09 22:00:00,358.5531538782365
1991-12-10 22:00:00,358.5531538782365
1991-12-11 22:00:00,358.5531538782365
1991-12-12 22:00:00,358.5531538782365
1991-12-13 22:00:00,358.5531538782365
1991-12-16 22:00:00,358.5531538782365
1991-12-17 22:00:00,358.5531538782365
1991-12-18 22:00:00,358.5531538782365
1991-12-19 22:00:00,358.5531538782365
1991-12-20 22:00:00,358.5531538782365
1991-12-23 22:00:00,358.5531538782365
1991-12-24 22:00:00,358.5531538782365
1991-12-25 22:00:00,358.5531538782365
1991-12-26 22:00:00,358.5531538782365
1991-12-27 22:00:00,358.5531538782365
1991-12-30 22:00:00,358.5531538782365
1991-12-31 22:00:00,358.5531538782365
1992-01-01 22:00:00,352.5772679802659
1992-01-02 22:00:00,352.5772679802659
1992-01-03 22:00:00,352.5772679802659
1992-01-06 22:00:00,352.5772679802659
1992-01-07 22:00:00,352.5772679802659
1992-01-08 22:00:00,352.5772679802659
1992-01-09 22:00:00,352.5772679802659
1992-01-10 22:00:00,352.5772679802659
1992-01-13 22:00:00,352.5772679802659
1992-01-14 22:00:00,352.5772679802659
1992-01-15 22:00:00,352.5772679802659
1992-01-16 22:00:00,352.5772679802659
1992-01-17 22:00:00,352.5772679802659
1992-01-20 22:00:00,352.5772679802659
1992-01-21 22:00:00,352.5772679802659
1992-01-22 22:00:00,352.5772679802659
1992-01-23 22:00:00,352.5772679802659
1992-01-24 22:00:00,352.5772679802659
1992-01-27 22:00:00,352.5772679802659
1992-01-28 22:00:00,352.5772679802659
1992-01-29 22:00:00,352.5772679802659
1992-01-30 22:00:00,352.5772679802659
1992-01-31 22:00:00,352.5772679802659
1992-02-03 22:00:00,352.5772679802659
1992-02-04 22:00:00,352.5772679802659
1992-02-05 22:00:00,352.5772679802659
1992-02-06 22:00:00,352.5772679802659
1992-02-07 22:00:00,352.5772679802659
1992-02-10 22:00:00,352.5772679802659
1992-02-11 22:00:00,352.5772679802659
1992-02-12 22:00:00,352.5772679802659
1992-02-13 22:00:00,352.5772679802659
1992-02-14 22:00:00,352.5772679802659
1992-02-17 22:00:00,352.5772679802659
1992-02-18 22:00:00,352.5772679802659
1992-02-19 22:00:00,352.5772679802659
1992-02-20 22:00:00,352.5772679802659
1992-02-21 22:00:00,352.5772679802659
1992-02-24 22:00:00,352.5772679802659
1992-02-25 22:00:00,352.5772679802659
1992-02-26 22:00:00,352.5772679802659
1992-02-27 22:00:00,352.5772679802659
1992-02-28 22:00:00,352.5772679802659
1992-03-02 22:00:00,352.5772679802659
1992-03-03 22:00:00,352.5772679802659
1992-03-04 22:00:00,352.5772679802659
1992-03-05 22:00:00,352.5772679802659
1992-03-06 22:00:00,352.5772679802659
1992-03-09 22:00:00,352.5772679802659
1992-03-10 22:00:00,352.5772679802659
1992-03-11 22:00:00,352.5772679802659
1992-03-12 22:00:00,352.5772679802659
1992-03-13 22:00:00,352.5772679802659
1992-03-16 22:00:00,352.5772679802659
1992-03-17 22:00:00,352.5772679802659
1992-03-18 22:00:00,352.5772679802659
1992-03-19 22:00:00,352.5772679802659
1992-03-20 22:00:00,352.5772679802659
1992-03-23 22:00:00,352.5772679802659
1992-03-24 22:00:00,352.5772679802659
1992-03-25 22:00:00,352.5772679802659
1992-03-26 22:00:00,352.5772679802659
1992-03-27 22:00:00,352.5772679802659
1992-03-30 22:00:00,352.5772679802659
1992-03-31 22:00:00,352.5772679802659
1992-04-01 22:00:00,337.6375532353394
1992-04-02 22:00:00,337.6375532353394
1992-04-03 22:00:00,337.6375532353394
1992-04-06 22:00:00,337.6375532353394
1992-04-07 22:00:00,337.6375532353394
1992-04-08 22:00:00,337.6375532353394
1992-04-09 22:00:00,337.6375532353394
1992-04-10 22:00:00,337.6375532353394
1992-04-13 22:00:00,337.6375532353394
1992-04-14 22:00:00,337.6375532353394
1992-04-15 22:00:00,337.6375532353394
1992-04-16 22:00:00,337.6375532353394
1992-04-17 22:00:00,337.6375532353394
1992-04-20 22:00:00,337.6375532353394
1992-04-21 22:00:00,337.6375532353394
1992-04-22 22:00:00,337.6375532353394
1992-04-23 22:00:00,337.6375532353394
1992-04-24 22:00:00,337.6375532353394
1992-04-27 22:00:00,337.6375532353394
1992-04-28 22:00:00,337.6375532353394
1992-04-29 22:00:00,337.6375532353394
1992-04-30 22:00:00,337.6375532353394
1992-05-01 22:00:00,335.64559126934915
1992-05-04 22:00:00,335.64559126934915
1992-05-05 22:00:00,335.64559126934915
1992-05-06 22:00:00,335.64559126934915
1992-05-07 22:00:00,335.64559126934915
1992-05-08 22:00:00,335.64559126934915
1992-05-11 22:00:00,335.64559126934915
1992-05-12 22:00:00,335.64559126934915
1992-05-13 22:00:00,335.64559126934915
1992-05-14 22:00:00,335.64559126934915
1992-05-15 22:00:00,335.64559126934915
1992-05-18 22:00:00,335.64559126934915
1992-05-19 22:00:00,335.64559126934915
1992-05-20 22:00:00,335.64559126934915
1992-05-21 22:00:00,335.64559126934915
1992-05-22 22:00:00,335.64559126934915
1992-05-25 22:00:00,335.64559126934915
1992-05-26 22:00:00,335.64559126934915
1992-05-27 22:00:00,335.64559126934915
1992-05-28 22:00:00,335.64559126934915
1992-05-29 22:00:00,335.64559126934915
1992-06-01 22:00:00,339.6295152013296
1992-06-02 22:00:00,339.6295152013296
1992-06-03 22:00:00,339.6295152013296
1992-06-04 22:00:00,339.6295152013296
1992-06-05 22:00:00,339.6295152013296
1992-06-08 22:00:00,339.6295152013296
1992-06-09 22:00:00,339.6295152013296
1992-06-10 22:00:00,339.6295152013296
1992-06-11 22:00:00,339.6295152013296
1992-06-12 22:00:00,339.6295152013296
1992-06-15 22:00:00,339.6295152013296
1992-06-16 22:00:00,339.6295152013296
1992-06-17 22:00:00,339.6295152013296
1992-06-18 22:00:00,339.6295152013296
1992-06-19 22:00:00,339.6295152013296
1992-06-22 22:00:00,339.6295152013296
1992-06-23 22:00:00,339.6295152013296
1992-06-24 22:00:00,339.6295152013296
1992-06-25 22:00:00,339.6295152013296
1992-06-26 22:00:00,339.6295152013296
1992-06-29 22:00:00,339.6295152013296
1992-06-30 22:00:00,339.6295152013296
1992-07-01 22:00:00,351.5812869972708
1992-07-02 22:00:00,351.5812869972708
1992-07-03 22:00:00,351.5812869972708
1992-07-06 22:00:00,351.5812869972708
1992-07-07 22:00:00,351.5812869972708
1992-07-08 22:00:00,351.5812869972708
1992-07-09 22:00:00,351.5812869972708
1992-07-10 22:00:00,351.5812869972708
1992-07-13 22:00:00,351.5812869972708
1992-07-14 22:00:00,351.5812869972708
1992-07-15 22:00:00,351.5812869972708
1992-07-16 22:00:00,351.5812869972708
1992-07-17 22:00:00,351.5812869972708
1992-07-20 22:00:00,351.5812869972708
1992-07-21 22:00:00,351.5812869972708
1992-07-22 22:00:00,351.5812869972708
1992-07-23 22:00:00,351.5812869972708
1992-07-24 22:00:00,351.5812869972708
1992-07-27 22:00:00,351.5812869972708
1992-07-28 22:00:00,351.5812869972708
1992-07-29 22:00:00,351.5812869972708
1992-07-30 22:00:00,351.5812869972708
1992-07-31 22:00:00,351.5812869972708
1992-08-03 22:00:00,351.5812869972708
1992-08-04 22:00:00,351.5812869972708
1992-08-05 22:00:00,351.5812869972708
1992-08-06 22:00:00,351.5812869972708
1992-08-07 22:00:00,351.5812869972708
1992-08-10 22:00:00,351.5812869972708
1992-08-11 22:00:00,351.5812869972708
1992-08-12 22:00:00,351.5812869972708
1992-08-13 22:00:00,351.5812869972708
1992-08-14 22:00:00,351.5812869972708
1992-08-17 22:00:00,351.5812869972708
1992-08-18 22:00:00,351.5812869972708
1992-08-19 22:00:00,351.5812869972708
1992-08-20 22:00:00,351.5812869972708
1992-08-21 22:00:00,351.5812869972708
1992-08-24 22:00:00,351.5812869972708
1992-08-25 22:00:00,351.5812869972708
1992-08-26 22:00:00,351.5812869972708
1992-08-27 22:00:00,351.5812869972708
1992-08-28 22:00:00,351.5812869972708
1992-08-31 22:00:00,351.5812869972708
1992-09-01 22:00:00,343.61343913331
1992-09-02 22:00:00,343.61343913331
1992-09-03 22:00:00,343.61343913331
1992-09-04 22:00:00,343.61343913331
1992-09-07 22:00:00,343.61343913331
1992-09-08 22:00:00,343.61343913331
1992-09-09 22:00:00,343.61343913331
1992-09-10 22:00:00,343.61343913331
1992-09-11 22:00:00,343.61343913331
1992-09-14 22:00:00,343.61343913331
1992-09-15 22:00:00,343.61343913331
1992-09-16 22:00:00,343.61343913331
1992-09-17 22:00:00,343.61343913331
1992-09-18 22:00:00,343.61343913331
1992-09-21 22:00:00,343.61343913331
1992-09-22 22:00:00,343.61343913331
1992-09-23 22:00:00,343.61343913331
1992-09-24 22:00:00,343.61343913331
1992-09-25 22:00:00,343.61343913331
1992-09-28 22:00:00,343.61343913331
1992-09-29 22:00:00,343.61343913331
1992-09-30 22:00:00,343.61343913331
1992-10-01 22:00:00,342.61745815031486
1992-10-02 22:00:00,342.61745815031486
1992-10-05 22:00:00,342.61745815031486
1992-10-06 22:00:00,342.61745815031486
1992-10-07 22:00:00,342.61745815031486
1992-10-08 22:00:00,342.61745815031486
1992-10-09 22:00:00,342.61745815031486
1992-10-12 22:00:00,342.61745815031486
1992-10-13 22:00:00,342.61745815031486
1992-10-14 22:00:00,342.61745815031486
1992-10-15 22:00:00,342.61745815031486
1992-10-16 22:00:00,342.61745815031486
1992-10-19 22:00:00,342.61745815031486
1992-10-20 22:00:00,342.61745815031486
1992-10-21 22:00:00,342.61745815031486
1992-10-22 22:00:00,342.61745815031486
1992-10-23 22:00:00,342.61745815031486
1992-10-26 22:00:00,342.61745815031486
1992-10-27 22:00:00,342.61745815031486
1992-10-28 22:00:00,342.61745815031486
1992-10-29 22:00:00,342.61745815031486
1992-10-30 22:00:00,342.61745815031486
1992-11-02 22:00:00,342.61745815031486
1992-11-03 22:00:00,342.61745815031486
1992-11-04 22:00:00,342.61745815031486
1992-11-05 22:00:00,342.61745815031486
1992-11-06 22:00:00,342.61745815031486
1992-11-09 22:00:00,342.61745815031486
1992-11-10 22:00:00,342.61745815031486
1992-11-11 22:00:00,342.61745815031486
1992-11-12 22:00:00,342.61745815031486
1992-11-13 22:00:00,342.61745815031486
1992-11-16 22:00:00,342.61745815031486
1992-11-17 22:00:00,342.61745815031486
1992-11-18 22:00:00,342.61745815031486
1992-11-19 22:00:00,342.61745815031486
1992-11-20 22:00:00,342.61745815031486
1992-11-23 22:00:00,342.61745815031486
1992-11-24 22:00:00,342.61745815031486
1992-11-25 22:00:00,342.61745815031486
1992-11-26 22:00:00,342.61745815031486
1992-11-27 22:00:00,342.61745815031486
1992-11-30 22:00:00,342.61745815031486
1992-12-01 22:00:00,333.65362930335897
1992-12-02 22:00:00,333.65362930335897
1992-12-03 22:00:00,333.65362930335897
1992-12-04 22:00:00,333.65362930335897
1992-12-07 22:00:00,333.65362930335897
1992-12-08 22:00:00,333.65362930335897
1992-12-09 22:00:00,333.65362930335897
1992-12-10 22:00:00,333.65362930335897
1992-12-11 22:00:00,333.65362930335897
1992-12-14 22:00:00,333.65362930335897
1992-12-15 22:00:00,333.65362930335897
1992-12-16 22:00:00,333.65362930335897
1992-12-17 22:00:00,333.65362930335897
1992-12-18 22:00:00,333.65362930335897
1992-12-21 22:00:00,333.65362930335897
1992-12-22 22:00:00,333.65362930335897
1992-12-23 22:00:00,333.65362930335897
1992-12-24 22:00:00,333.65362930335897
1992-12-25 22:00:00,333.65362930335897
1992-12-28 22:00:00,333.65362930335897
1992-12-29 22:00:00,333.65362930335897
1992-12-30 22:00:00,333.65362930335897
1992-12-31 22:00:00,333.65362930335897
1993-01-01 22:00:00,327.67774340538836
1993-01-04 22:00:00,327.67774340538836
1993-01-05 22:00:00,327.67774340538836
1993-01-06 22:00:00,327.67774340538836
1993-01-07 22:00:00,327.67774340538836
1993-01-08 22:00:00,327.67774340538836
1993-01-11 22:00:00,327.67774340538836
1993-01-12 22:00:00,327.67774340538836
1993-01-13 22:00:00,327.67774340538836
1993-01-14 22:00:00,327.67774340538836
1993-01-15 22:00:00,327.67774340538836
1993-01-18 22:00:00,327.67774340538836
1993-01-19 22:00:00,327.67774340538836
1993-01-20 22:00:00,327.67774340538836
1993-01-21 22:00:00,327.67774340538836
1993-01-22 22:00:00,327.67774340538836
1993-01-25 22:00:00,327.67774340538836
1993-01-26 22:00:00,327.67774340538836
1993-01-27 22:00:00,327.67774340538836
1993-01-28 22:00:00,327.67774340538836
1993-01-29 22:00:00,327.67774340538836
1993-02-01 22:00:00,327.67774340538836
1993-02-02 22:00:00,327.67774340538836
1993-02-03 22:00:00,327.67774340538836
1993-02-04 22:00:00,327.67774340538836
1993-02-05 22:00:00,327.67774340538836
1993-02-08 22:00:00,327.67774340538836
1993-02-09 22:00:00,327.67774340538836
1993-02-10 22:00:00,327.67774340538836
1993-02-11 22:00:00,327.67774340538836
1993-02-12 22:00:00,327.67774340538836
1993-02-15 22:00:00,327.67774340538836
1993-02-16 22:00:00,327.67774340538836
1993-02-17 22:00:00,327.67774340538836
1993-02-18 22:00:00,327.67774340538836
1993-02-19 22:00:00,327.67774340538836
1993-02-22 22:00:00,327.67774340538836
1993-02-23 22:00:00,327.67774340538836
1993-02-24 22:00:00,327.67774340538836
1993-02-25 22:00:00,327.67774340538836
1993-02-26 22:00:00,327.67774340538836
1993-03-01 22:00:00,328.67372438838345
1993-03-02 22:00:00,328.67372438838345
1993-03-03 22:00:00,328.67372438838345
1993-03-04 22:00:00,328.67372438838345
1993-03-05 22:00:00,328.67372438838345
1993-03-08 22:00:00,328.67372438838345
1993-03-09 22:00:00,328.67372438838345
1993-03-10 22:00:00,328.67372438838345
1993-03-11 22:00:00,328.67372438838345
1993-03-12 22:00:00,328.67372438838345
1993-03-15 22:00:00,328.67372438838345
1993-03-16 22:00:00,328.67372438838345
1993-03-17 22:00:00,328.67372438838345
1993-03-18 22:00:00,328.67372438838345
1993-03-19 22:00:00,328.67372438838345
1993-03-22 22:00:00,328.67372438838345
1993-03-23 22:00:00,328.67372438838345
1993-03-24 22:00:00,328.67372438838345
1993-03-25 22:00:00,328.67372438838345
1993-03-26 22:00:00,328.67372438838345
1993-03-29 22:00:00,328.67372438838345
1993-03-30 22:00:00,328.67372438838345
1993-03-31 22:00:00,328.67372438838345
1993-04-01 22:00:00,340.6254961843247
1993-04-02 22:00:00,340.6254961843247
1993-04-05 22:00:00,340.6254961843247
1993-04-06 22:00:00,340.6254961843247
1993-04-07 22:00:00,340.6254961843247
1993-04-08 22:00:00,340.6254961843247
1993-04-09 22:00:00,340.6254961843247
1993-04-12 22:00:00,340.6254961843247
1993-04-13 22:00:00,340.6254961843247
1993-04-14 22:00:00,340.6254961843247
1993-04-15 22:00:00,340.6254961843247
1993-04-16 22:00:00,340.6254961843247
1993-04-19 22:00:00,340.6254961843247
1993-04-20 22:00:00,340.6254961843247
1993-04-21 22:00:00,340.6254961843247
1993-04-22 22:00:00,340.6254961843247
1993-04-23 22:00:00,340.6254961843247
1993-04-26 22:00:00,340.6254961843247
1993-04-27 22:00:00,340.6254961843247
1993-04-28 22:00:00,340.6254961843247
1993-04-29 22:00:00,340.6254961843247
1993-04-30 22:00:00,340.6254961843247
1993-05-03 22:00:00,340.6254961843247
1993-05-04 22:00:00,340.6254961843247
1993-05-05 22:00:00,340.6254961843247
1993-05-06 22:00:00,340.6254961843247
1993-05-07 22:00:00,340.6254961843247
1993-05-10 22:00:00,340.6254961843247
1993-05-11 22:00:00,340.6254961843247
1993-05-12 22:00:00,340.6254961843247
1993-05-13 22:00:00,340.6254961843247
1993-05-14 22:00:00,340.6254961843247
1993-05-17 22:00:00,340.6254961843247
1993-05-18 22:00:00,340.6254961843247
1993-05-19 22:00:00,340.6254961843247
1993-05-20 22:00:00,340.6254961843247
1993-05-21 22:00:00,340.6254961843247
1993-05-24 22:00:00,340.6254961843247
1993-05-25 22:00:00,340.6254961843247
1993-05-26 22:00:00,340.6254961843247
1993-05-27 22:00:00,340.6254961843247
1993-05-28 22:00:00,340.6254961843247
1993-05-31 22:00:00,340.6254961843247
1993-06-01 22:00:00,370.50492567417774
1993-06-02 22:00:00,370.50492567417774
1993-06-03 22:00:00,370.50492567417774
1993-06-04 22:00:00,370.50492567417774
1993-06-07 22:00:00,370.50492567417774
1993-06-08 22:00:00,370.50492567417774
1993-06-09 22:00:00,370.50492567417774
1993-06-10 22:00:00,370.50492567417774
1993-06-11 22:00:00,370.50492567417774
1993-06-14 22:00:00,370.50492567417774
1993-06-15 22:00:00,370.50492567417774
1993-06-16 22:00:00,370.50492567417774
1993-06-17 22:00:00,370.50492567417774
1993-06-18 22:00:00,370.50492567417774
1993-06-21 22:00:00,370.50492567417774
1993-06-22 22:00:00,370.50492567417774
1993-06-23 22:00:00,370.50492567417774
1993-06-24 22:00:00,370.50492567417774
1993-06-25 22:00:00,370.50492567417774
1993-06-28 22:00:00,370.50492567417774
1993-06-29 22:00:00,370.50492567417774
1993-06-30 22:00:00,370.50492567417774
1993-07-01 22:00:00,390.42454533407977
1993-07-02 22:00:00,390.42454533407977
1993-07-05 22:00:00,390.42454533407977
1993-07-06 22:00:00,390.42454533407977
1993-07-07 22:00:00,390.42454533407977
1993-07-08 22:00:00,390.42454533407977
1993-07-09 22:00:00,390.42454533407977
1993-07-12 22:00:00,390.42454533407977
1993-07-13 22:00:00,390.42454533407977
1993-07-14 22:00:00,390.42454533407977
1993-07-15 22:00:00,390.42454533407977
1993-07-16 22:00:00,390.42454533407977
1993-07-19 22:00:00,390.42454533407977
1993-07-20 22:00:00,390.42454533407977
1993-07-21 22:00:00,390.42454533407977
1993-07-22 22:00:00,390.42454533407977
1993-07-23 22:00:00,390.42454533407977
1993-07-26 22:00:00,390.42454533407977
1993-07-27 22:00:00,390.42454533407977
1993-07-28 22:00:00,390.42454533407977
1993-07-29 22:00:00,390.42454533407977
1993-07-30 22:00:00,390.42454533407977
1993-08-02 22:00:00,390.42454533407977
1993-08-03 22:00:00,390.42454533407977
1993-08-04 22:00:00,390.42454533407977
1993-08-05 22:00:00,390.42454533407977
1993-08-06 22:00:00,390.42454533407977
1993-08-09 22:00:00,390.42454533407977
1993-08-10 22:00:00,390.42454533407977
1993-08-11 22:00:00,390.42454533407977
1993-08-12 22:00:00,390.42454533407977
1993-08-13 22:00:00,390.42454533407977
1993-08-16 22:00:00,390.42454533407977
1993-08-17 22:00:00,390.42454533407977
1993-08-18 22:00:00,390.42454533407977
1993-08-19 22:00:00,390.42454533407977
1993-08-20 22:00:00,390.42454533407977
1993-08-23 22:00:00,390.42454533407977
1993-08-24 22:00:00,390.42454533407977
1993-08-25 22:00:00,390.42454533407977
1993-08-26 22:00:00,390.42454533407977
1993-08-27 22:00:00,390.42454533407977
1993-08-30 22:00:00,390.42454533407977
1993-08-31 22:00:00,390.42454533407977
1993-09-01 22:00:00,353.573248963261
1993-09-02 22:00:00,353.573248963261
1993-09-03 22:00:00,353.573248963261
1993-09-06 22:00:00,353.573248963261
1993-09-07 22:00:00,353.573248963261
1993-09-08 22:00:00,353.573248963261
1993-09-09 22:00:00,353.573248963261
1993-09-10 22:00:00,353.573248963261
1993-09-13 22:00:00,353.573248963261
1993-09-14 22:00:00,353.573248963261
1993-09-15 22:00:00,353.573248963261
1993-09-16 22:00:00,353.573248963261
1993-09-17 22:00:00,353.573248963261
1993-09-20 22:00:00,353.573248963261
1993-09-21 22:00:00,353.573248963261
1993-09-22 22:00:00,353.573248963261
1993-09-23 22:00:00,353.573248963261
1993-09-24 22:00:00,353.573248963261
1993-09-27 22:00:00,353.573248963261
1993-09-28 22:00:00,353.573248963261
1993-09-29 22:00:00,353.573248963261
1993-09-30 22:00:00,353.573248963261
1993-10-01 22:00:00,362.5370778102169
1993-10-04 22:00:00,362.5370778102169
1993-10-05 22:00:00,362.5370778102169
1993-10-06 22:00:00,362.5370778102169
1993-10-07 22:00:00,362.5370778102169
1993-10-08 22:00:00,362.5370778102169
1993-10-11 22:00:00,362.5370778102169
1993-10-12 22:00:00,362.5370778102169
1993-10-13 22:00:00,362.5370778102169
1993-10-14 22:00:00,362.5370778102169
1993-10-15 22:00:00,362.5370778102169
1993-10-18 22:00:00,362.5370778102169
1993-10-19 22:00:00,362.5370778102169
1993-10-20 22:00:00,362.5370778102169
1993-10-21 22:00:00,362.5370778102169
1993-10-22 22:00:00,362.5370778102169
1993-10-25 22:00:00,362.5370778102169
1993-10-26 22:00:00,362.5370778102169
1993-10-27 22:00:00,362.5370778102169
1993-10-28 22:00:00,362.5370778102169
1993-10-29 22:00:00,362.5370778102169
1993-11-01 22:00:00,372.4968876401679
1993-11-02 22:00:00,372.4968876401679
1993-11-03 22:00:00,372.4968876401679
1993-11-04 22:00:00,372.4968876401679
1993-11-05 22:00:00,372.4968876401679
1993-11-08 22:00:00,372.4968876401679
1993-11-09 22:00:00,372.4968876401679
1993-11-10 22:00:00,372.4968876401679
1993-11-11 22:00:00,372.4968876401679
1993-11-12 22:00:00,372.4968876401679
1993-11-15 22:00:00,372.4968876401679
1993-11-16 22:00:00,372.4968876401679
1993-11-17 22:00:00,372.4968876401679
1993-11-18 22:00:00,372.4968876401679
1993-11-19 22:00:00,372.4968876401679
1993-11-22 22:00:00,372.4968876401679
1993-11-23 22:00:00,372.4968876401679
1993-11-24 22:00:00,372.4968876401679
1993-11-25 22:00:00,372.4968876401679
1993-11-26 22:00:00,372.4968876401679
1993-11-29 22:00:00,372.4968876401679
1993-11-30 22:00:00,372.4968876401679
1993-12-01 22:00:00,381.4607164871238
1993-12-02 22:00:00,381.4607164871238
1993-12-03 22:00:00,381.4607164871238
1993-12-06 22:00:00,381.4607164871238
1993-12-07 22:00:00,381.4607164871238
1993-12-08 22:00:00,381.4607164871238
1993-12-09 22:00:00,381.4607164871238
1993-12-10 22:00:00,381.4607164871238
1993-12-13 22:00:00,381.4607164871238
1993-12-14 22:00:00,381.4607164871238
1993-12-15 22:00:00,381.4607164871238
1993-12-16 22:00:00,381.4607164871238
1993-12-17 22:00:00,381.4607164871238
1993-12-20 22:00:00,381.4607164871238
1993-12-21 22:00:00,381.4607164871238
1993-12-22 22:00:00,381.4607164871238
1993-12-23 22:00:00,381.4607164871238
1993-12-24 22:00:00,381.4607164871238
1993-12-27 22:00:00,381.4607164871238
1993-12-28 22:00:00,381.4607164871238
1993-12-29 22:00:00,381.4607164871238
1993-12-30 22:00:00,381.4607164871238
1993-12-31 22:00:00,381.4607164871238
1994-01-03 22:00:00,381.4607164871238
1994-01-04 22:00:00,381.4607164871238
1994-01-05 22:00:00,381.4607164871238
1994-01-06 22:00:00,381.4607164871238
1994-01-07 22:00:00,381.4607164871238
1994-01-10 22:00:00,381.4607164871238
1994-01-11 22:00:00,381.4607164871238
1994-01-12 22:00:00,381.4607164871238
1994-01-13 22:00:00,381.4607164871238
1994-01-14 22:00:00,381.4607164871238
1994-01-17 22:00:00,381.4607164871238
1994-01-18 22:00:00,381.4607164871238
1994-01-19 22:00:00,381.4607164871238
1994-01-20 22:00:00,381.4607164871238
1994-01-21 22:00:00,381.4607164871238
1994-01-24 22:00:00,381.4607164871238
1994-01-25 22:00:00,381.4607164871238
1994-01-26 22:00:00,381.4607164871238
1994-01-27 22:00:00,381.4607164871238
1994-01-28 22:00:00,381.4607164871238
1994-01-31 22:00:00,381.4607164871238
1994-02-01 22:00:00,380.4647355041287
1994-02-02 22:00:00,380.4647355041287
1994-02-03 22:00:00,380.4647355041287
1994-02-04 22:00:00,380.4647355041287
1994-02-07 22:00:00,380.4647355041287
1994-02-08 22:00:00,380.4647355041287
1994-02-09 22:00:00,380.4647355041287
1994-02-10 22:00:00,380.4647355041287
1994-02-11 22:00:00,380.4647355041287
1994-02-14 22:00:00,380.4647355041287
1994-02-15 22:00:00,380.4647355041287
1994-02-16 22:00:00,380.4647355041287
1994-02-17 22:00:00,380.4647355041287
1994-02-18 22:00:00,380.4647355041287
1994-02-21 22:00:00,380.4647355041287
1994-02-22 22:00:00,380.4647355041287
1994-02-23 22:00:00,380.4647355041287
1994-02-24 22:00:00,380.4647355041287
1994-02-25 22:00:00,380.4647355041287
1994-02-28 22:00:00,380.4647355041287
1994-03-01 22:00:00,382.4566974701189
1994-03-02 22:00:00,382.4566974701189
1994-03-03 22:00:00,382.4566974701189
1994-03-04 22:00:00,382.4566974701189
1994-03-07 22:00:00,382.4566974701189
1994-03-08 22:00:00,382.4566974701189
1994-03-09 22:00:00,382.4566974701189
1994-03-10 22:00:00,382.4566974701189
1994-03-11 22:00:00,382.4566974701189
1994-03-14 22:00:00,382.4566974701189
1994-03-15 22:00:00,382.4566974701189
1994-03-16 22:00:00,382.4566974701189
1994-03-17 22:00:00,382.4566974701189
1994-03-18 22:00:00,382.4566974701189
1994-03-21 22:00:00,382.4566974701189
1994-03-22 22:00:00,382.4566974701189
1994-03-23 22:00:00,382.4566974701189
1994-03-24 22:00:00,382.4566974701189
1994-03-25 22:00:00,382.4566974701189
1994-03-28 22:00:00,382.4566974701189
1994-03-29 22:00:00,382.4566974701189
1994-03-30 22:00:00,382.4566974701189
1994-03-31 22:00:00,382.4566974701189
1994-04-01 22:00:00,375.4848305891532
1994-04-04 22:00:00,375.4848305891532
1994-04-05 22:00:00,375.4848305891532
1994-04-06 22:00:00,375.4848305891532
1994-04-07 22:00:00,375.4848305891532
1994-04-08 22:00:00,375.4848305891532
1994-04-11 22:00:00,375.4848305891532
1994-04-12 22:00:00,375.4848305891532
1994-04-13 22:00:00,375.4848305891532
1994-04-14 22:00:00,375.4848305891532
1994-04-15 22:00:00,375.4848305891532
1994-04-18 22:00:00,375.4848305891532
1994-04-19 22:00:00,375.4848305891532
1994-04-20 22:00:00,375.4848305891532
1994-04-21 22:00:00,375.4848305891532
1994-04-22 22:00:00,375.4848305891532
1994-04-25 22:00:00,375.4848305891532
1994-04-26 22:00:00,375.4848305891532
1994-04-27 22:00:00,375.4848305891532
1994-04-28 22:00:00,375.4848305891532
1994-04-29 22:00:00,375.4848305891532
1994-05-02 22:00:00,375.4848305891532
1994-05-03 22:00:00,375.4848305891532
1994-05-04 22:00:00,375.4848305891532
1994-05-05 22:00:00,375.4848305891532
1994-05-06 22:00:00,375.4848305891532
1994-05-09 22:00:00,375.4848305891532
1994-05-10 22:00:00,375.4848305891532
1994-05-11 22:00:00,375.4848305891532
1994-05-12 22:00:00,375.4848305891532
1994-05-13 22:00:00,375.4848305891532
1994-05-16 22:00:00,375.4848305891532
1994-05-17 22:00:00,375.4848305891532
1994-05-18 22:00:00,375.4848305891532
1994-05-19 22:00:00,375.4848305891532
1994-05-20 22:00:00,375.4848305891532
1994-05-23 22:00:00,375.4848305891532
1994-05-24 22:00:00,375.4848305891532
1994-05-25 22:00:00,375.4848305891532
1994-05-26 22:00:00,375.4848305891532
1994-05-27 22:00:00,375.4848305891532
1994-05-30 22:00:00,375.4848305891532
1994-05-31 22:00:00,375.4848305891532
1994-06-01 22:00:00,384.44865943610915
1994-06-02 22:00:00,384.44865943610915
1994-06-03 22:00:00,384.44865943610915
1994-06-06 22:00:00,384.44865943610915
1994-06-07 22:00:00,384.44865943610915
1994-06-08 22:00:00,384.44865943610915
1994-06-09 22:00:00,384.44865943610915
1994-06-10 22:00:00,384.44865943610915
1994-06-13 22:00:00,384.44865943610915
1994-06-14 22:00:00,384.44865943610915
1994-06-15 22:00:00,384.44865943610915
1994-06-16 22:00:00,384.44865943610915
1994-06-17 22:00:00,384.44865943610915
1994-06-20 22:00:00,384.44865943610915
1994-06-21 22:00:00,384.44865943610915
1994-06-22 22:00:00,384.44865943610915
1994-06-23 22:00:00,384.44865943610915
1994-06-24 22:00:00,384.44865943610915
1994-06-27 22:00:00,384.44865943610915
1994-06-28 22:00:00,384.44865943610915
1994-06-29 22:00:00,384.44865943610915
1994-06-30 22:00:00,384.44865943610915
1994-07-01 22:00:00,383.45267845311406
1994-07-04 22:00:00,383.45267845311406
1994-07-05 22:00:00,383.45267845311406
1994-07-06 22:00:00,383.45267845311406
1994-07-07 22:00:00,383.45267845311406
1994-07-08 22:00:00,383.45267845311406
1994-07-11 22:00:00,383.45267845311406
1994-07-12 22:00:00,383.45267845311406
1994-07-13 22:00:00,383.45267845311406
1994-07-14 22:00:00,383.45267845311406
1994-07-15 22:00:00,383.45267845311406
1994-07-18 22:00:00,383.45267845311406
1994-07-19 22:00:00,383.45267845311406
1994-07-20 22:00:00,383.45267845311406
1994-07-21 22:00:00,383.45267845311406
1994-07-22 22:00:00,383.45267845311406
1994-07-25 22:00:00,383.45267845311406
1994-07-26 22:00:00,383.45267845311406
1994-07-27 22:00:00,383.45267845311406
1994-07-28 22:00:00,383.45267845311406
1994-07-29 22:00:00,383.45267845311406
1994-08-01 22:00:00,378.47277353813854
1994-08-02 22:00:00,378.47277353813854
1994-08-03 22:00:00,378.47277353813854
1994-08-04 22:00:00,378.47277353813854
1994-08-05 22:00:00,378.47277353813854
1994-08-08 22:00:00,378.47277353813854
1994-08-09 22:00:00,378.47277353813854
1994-08-10 22:00:00,378.47277353813854
1994-08-11 22:00:00,378.47277353813854
1994-08-12 22:00:00,378.47277353813854
1994-08-15 22:00:00,378.47277353813854
1994-08-16 22:00:00,378.47277353813854
1994-08-17 22:00:00,378.47277353813854
1994-08-18 22:00:00,378.47277353813854
1994-08-19 22:00:00,378.47277353813854
1994-08-22 22:00:00,378.47277353813854
1994-08-23 22:00:00,378.47277353813854
1994-08-24 22:00:00,378.47277353813854
1994-08-25 22:00:00,378.47277353813854
1994-08-26 22:00:00,378.47277353813854
1994-08-29 22:00:00,378.47277353813854
1994-08-30 22:00:00,378.47277353813854
1994-08-31 22:00:00,378.47277353813854
1994-09-01 22:00:00,390.42454533407977
1994-09-02 22:00:00,390.42454533407977
1994-09-05 22:00:00,390.42454533407977
1994-09-06 22:00:00,390.42454533407977
1994-09-07 22:00:00,390.42454533407977
1994-09-08 22:00:00,390.42454533407977
1994-09-09 22:00:00,390.42454533407977
1994-09-12 22:00:00,390.42454533407977
1994-09-13 22:00:00,390.42454533407977
1994-09-14 22:00:00,390.42454533407977
1994-09-15 22:00:00,390.42454533407977
1994-09-16 22:00:00,390.42454533407977
1994-09-19 22:00:00,390.42454533407977
1994-09-20 22:00:00,390.42454533407977
1994-09-21 22:00:00,390.42454533407977
1994-09-22 22:00:00,390.42454533407977
1994-09-23 22:00:00,390.42454533407977
1994-09-26 22:00:00,390.42454533407977
1994-09-27 22:00:00,390.42454533407977
1994-09-28 22:00:00,390.42454533407977
1994-09-29 22:00:00,390.42454533407977
1994-09-30 22:00:00,390.42454533407977
1994-10-03 22:00:00,390.42454533407977
1994-10-04 22:00:00,390.42454533407977
1994-10-05 22:00:00,390.42454533407977
1994-10-06 22:00:00,390.42454533407977
1994-10-07 22:00:00,390.42454533407977
1994-10-10 22:00:00,390.42454533407977
1994-10-11 22:00:00,390.42454533407977
1994-10-12 22:00:00,390.42454533407977
1994-10-13 22:00:00,390.42454533407977
1994-10-14 22:00:00,390.42454533407977
1994-10-17 22:00:00,390.42454533407977
1994-10-18 22:00:00,390.42454533407977
1994-10-19 22:00:00,390.42454533407977
1994-10-20 22:00:00,390.42454533407977
1994-10-21 22:00:00,390.42454533407977
1994-10-24 22:00:00,390.42454533407977
1994-10-25 22:00:00,390.42454533407977
1994-10-26 22:00:00,390.42454533407977
1994-10-27 22:00:00,390.42454533407977
1994-10-28 22:00:00,390.42454533407977
1994-10-31 22:00:00,390.42454533407977
1994-11-01 22:00:00,382.4566974701189
1994-11-02 22:00:00,382.4566974701189
1994-11-03 22:00:00,382.4566974701189
1994-11-04 22:00:00,382.4566974701189
1994-11-07 22:00:00,382.4566974701189
1994-11-08 22:00:00,382.4566974701189
1994-11-09 22:00:00,382.4566974701189
1994-11-10 22:00:00,382.4566974701189
1994-11-11 22:00:00,382.4566974701189
1994-11-14 22:00:00,382.4566974701189
1994-11-15 22:00:00,382.4566974701189
1994-11-16 22:00:00,382.4566974701189
1994-11-17 22:00:00,382.4566974701189
1994-11-18 22:00:00,382.4566974701189
1994-11-21 22:00:00,382.4566974701189
1994-11-22 22:00:00,382.4566974701189
1994-11-23 22:00:00,382.4566974701189
1994-11-24 22:00:00,382.4566974701189
1994-11-25 22:00:00,382.4566974701189
1994-11-28 22:00:00,382.4566974701189
1994-11-29 22:00:00,382.4566974701189
1994-11-30 22:00:00,382.4566974701189
1994-12-01 22:00:00,377.47679255514345
1994-12-02 22:00:00,377.47679255514345
1994-12-05 22:00:00,377.47679255514345
1994-12-06 22:00:00,377.47679255514345
1994-12-07 22:00:00,377.47679255514345
1994-12-08 22:00:00,377.47679255514345
1994-12-09 22:00:00,377.47679255514345
1994-12-12 22:00:00,377.47679255514345
1994-12-13 22:00:00,377.47679255514345
1994-12-14 22:00:00,377.47679255514345
1994-12-15 22:00:00,377.47679255514345
1994-12-16 22:00:00,377.47679255514345
1994-12-19 22:00:00,377.47679255514345
1994-12-20 22:00:00,377.47679255514345
1994-12-21 22:00:00,377.47679255514345
1994-12-22 22:00:00,377.47679255514345
1994-12-23 22:00:00,377.47679255514345
1994-12-26 22:00:00,377.47679255514345
1994-12-27 22:00:00,377.47679255514345
1994-12-28 22:00:00,377.47679255514345
1994-12-29 22:00:00,377.47679255514345
1994-12-30 22:00:00,377.47679255514345
1995-01-02 22:00:00,377.47679255514345
1995-01-03 22:00:00,377.47679255514345
1995-01-04 22:00:00,377.47679255514345
1995-01-05 22:00:00,377.47679255514345
1995-01-06 22:00:00,377.47679255514345
1995-01-09 22:00:00,377.47679255514345
1995-01-10 22:00:00,377.47679255514345
1995-01-11 22:00:00,377.47679255514345
1995-01-12 22:00:00,377.47679255514345
1995-01-13 22:00:00,377.47679255514345
1995-01-16 22:00:00,377.47679255514345
1995-01-17 22:00:00,377.47679255514345
1995-01-18 22:00:00,377.47679255514345
1995-01-19 22:00:00,377.47679255514345
1995-01-20 22:00:00,377.47679255514345
1995-01-23 22:00:00,377.47679255514345
1995-01-24 22:00:00,377.47679255514345
1995-01-25 22:00:00,377.47679255514345
1995-01-26 22:00:00,377.47679255514345
1995-01-27 22:00:00,377.47679255514345
1995-01-30 22:00:00,377.47679255514345
1995-01-31 22:00:00,377.47679255514345
1995-02-01 22:00:00,375.4848305891532
1995-02-02 22:00:00,375.4848305891532
1995-02-03 22:00:00,375.4848305891532
1995-02-06 22:00:00,375.4848305891532
1995-02-07 22:00:00,375.4848305891532
1995-02-08 22:00:00,375.4848305891532
1995-02-09 22:00:00,375.4848305891532
1995-02-10 22:00:00,375.4848305891532
1995-02-13 22:00:00,375.4848305891532
1995-02-14 22:00:00,375.4848305891532
1995-02-15 22:00:00,375.4848305891532
1995-02-16 22:00:00,375.4848305891532
1995-02-17 22:00:00,375.4848305891532
1995-02-20 22:00:00,375.4848305891532
1995-02-21 22:00:00,375.4848305891532
1995-02-22 22:00:00,375.4848305891532
1995-02-23 22:00:00,375.4848305891532
1995-02-24 22:00:00,375.4848305891532
1995-02-27 22:00:00,375.4848305891532
1995-02-28 22:00:00,375.4848305891532
1995-03-01 22:00:00,380.4647355041287
1995-03-02 22:00:00,380.4647355041287
1995-03-03 22:00:00,380.4647355041287
1995-03-06 22:00:00,380.4647355041287
1995-03-07 22:00:00,380.4647355041287
1995-03-08 22:00:00,380.4647355041287
1995-03-09 22:00:00,380.4647355041287
1995-03-10 22:00:00,380.4647355041287
1995-03-13 22:00:00,380.4647355041287
1995-03-14 22:00:00,380.4647355041287
1995-03-15 22:00:00,380.4647355041287
1995-03-16 22:00:00,380.4647355041287
1995-03-17 22:00:00,380.4647355041287
1995-03-20 22:00:00,380.4647355041287
1995-03-21 22:00:00,380.4647355041287
1995-03-22 22:00:00,380.4647355041287
1995-03-23 22:00:00,380.4647355041287
1995-03-24 22:00:00,380.4647355041287
1995-03-27 22:00:00,380.4647355041287
1995-03-28 22:00:00,380.4647355041287
1995-03-29 22:00:00,380.4647355041287
1995-03-30 22:00:00,380.4647355041287
1995-03-31 22:00:00,380.4647355041287
1995-04-03 22:00:00,380.4647355041287
1995-04-04 22:00:00,380.4647355041287
1995-04-05 22:00:00,380.4647355041287
1995-04-06 22:00:00,380.4647355041287
1995-04-07 22:00:00,380.4647355041287
1995-04-10 22:00:00,380.4647355041287
1995-04-11 22:00:00,380.4647355041287
1995-04-12 22:00:00,380.4647355041287
1995-04-13 22:00:00,380.4647355041287
1995-04-14 22:00:00,380.4647355041287
1995-04-17 22:00:00,380.4647355041287
1995-04-18 22:00:00,380.4647355041287
1995-04-19 22:00:00,380.4647355041287
1995-04-20 22:00:00,380.4647355041287
1995-04-21 22:00:00,380.4647355041287
1995-04-24 22:00:00,380.4647355041287
1995-04-25 22:00:00,380.4647355041287
1995-04-26 22:00:00,380.4647355041287
1995-04-27 22:00:00,380.4647355041287
1995-04-28 22:00:00,380.4647355041287
1995-05-01 22:00:00,383.45267845311406
1995-05-02 22:00:00,383.45267845311406
1995-05-03 22:00:00,383.45267845311406
1995-05-04 22:00:00,383.45267845311406
1995-05-05 22:00:00,383.45267845311406
1995-05-08 22:00:00,383.45267845311406
1995-05-09 22:00:00,383.45267845311406
1995-05-10 22:00:00,383.45267845311406
1995-05-11 22:00:00,383.45267845311406
1995-05-12 22:00:00,383.45267845311406
1995-05-15 22:00:00,383.45267845311406
1995-05-16 22:00:00,383.45267845311406
1995-05-17 22:00:00,383.45267845311406
1995-05-18 22:00:00,383.45267845311406
1995-05-19 22:00:00,383.45267845311406
1995-05-22 22:00:00,383.45267845311406
1995-05-23 22:00:00,383.45267845311406
1995-05-24 22:00:00,383.45267845311406
1995-05-25 22:00:00,383.45267845311406
1995-05-26 22:00:00,383.45267845311406
1995-05-29 22:00:00,383.45267845311406
1995-05-30 22:00:00,383.45267845311406
1995-05-31 22:00:00,383.45267845311406
1995-06-01 22:00:00,386.44062140209934
1995-06-02 22:00:00,386.44062140209934
1995-06-05 22:00:00,386.44062140209934
1995-06-06 22:00:00,386.44062140209934
1995-06-07 22:00:00,386.44062140209934
1995-06-08 22:00:00,386.44062140209934
1995-06-09 22:00:00,386.44062140209934
1995-06-12 22:00:00,386.44062140209934
1995-06-13 22:00:00,386.44062140209934
1995-06-14 22:00:00,386.44062140209934
1995-06-15 22:00:00,386.44062140209934
1995-06-16 22:00:00,386.44062140209934
1995-06-19 22:00:00,386.44062140209934
1995-06-20 22:00:00,386.44062140209934
1995-06-21 22:00:00,386.44062140209934
1995-06-22 22:00:00,386.44062140209934
1995-06-23 22:00:00,386.44062140209934
1995-06-26 22:00:00,386.44062140209934
1995-06-27 22:00:00,386.44062140209934
1995-06-28 22:00:00,386.44062140209934
1995-06-29 22:00:00,386.44062140209934
1995-06-30 22:00:00,386.44062140209934
1995-07-03 22:00:00,386.44062140209934
1995-07-04 22:00:00,386.44062140209934
1995-07-05 22:00:00,386.44062140209934
1995-07-06 22:00:00,386.44062140209934
1995-07-07 22:00:00,386.44062140209934
1995-07-10 22:00:00,386.44062140209934
1995-07-11 22:00:00,386.44062140209934
1995-07-12 22:00:00,386.44062140209934
1995-07-13 22:00:00,386.44062140209934
1995-07-14 22:00:00,386.44062140209934
1995-07-17 22:00:00,386.44062140209934
1995-07-18 22:00:00,386.44062140209934
1995-07-19 22:00:00,386.44062140209934
1995-07-20 22:00:00,386.44062140209934
1995-07-21 22:00:00,386.44062140209934
1995-07-24 22:00:00,386.44062140209934
1995-07-25 22:00:00,386.44062140209934
1995-07-26 22:00:00,386.44062140209934
1995-07-27 22:00:00,386.44062140209934
1995-07-28 22:00:00,386.44062140209934
1995-07-31 22:00:00,386.44062140209934
1995-08-01 22:00:00,382.4566974701189
1995-08-02 22:00:00,382.4566974701189
1995-08-03 22:00:00,382.4566974701189
1995-08-04 22:00:00,382.4566974701189
1995-08-07 22:00:00,382.4566974701189
1995-08-08 22:00:00,382.4566974701189
1995-08-09 22:00:00,382.4566974701189
1995-08-10 22:00:00,382.4566974701189
1995-08-11 22:00:00,382.4566974701189
1995-08-14 22:00:00,382.4566974701189
1995-08-15 22:00:00,382.4566974701189
1995-08-16 22:00:00,382.4566974701189
1995-08-17 22:00:00,382.4566974701189
1995-08-18 22:00:00,382.4566974701189
1995-08-21 22:00:00,382.4566974701189
1995-08-22 22:00:00,382.4566974701189
1995-08-23 22:00:00,382.4566974701189
1995-08-24 22:00:00,382.4566974701189
1995-08-25 22:00:00,382.4566974701189
1995-08-28 22:00:00,382.4566974701189
1995-08-29 22:00:00,382.4566974701189
1995-08-30 22:00:00,382.4566974701189
1995-08-31 22:00:00,382.4566974701189
1995-09-01 22:00:00,381.4607164871238
1995-09-04 22:00:00,381.4607164871238
1995-09-05 22:00:00,381.4607164871238
1995-09-06 22:00:00,381.4607164871238
1995-09-07 22:00:00,381.4607164871238
1995-09-08 22:00:00,381.4607164871238
1995-09-11 22:00:00,381.4607164871238
1995-09-12 22:00:00,381.4607164871238
1995-09-13 22:00:00,381.4607164871238
1995-09-14 22:00:00,381.4607164871238
1995-09-15 22:00:00,381.4607164871238
1995-09-18 22:00:00,381.4607164871238
1995-09-19 22:00:00,381.4607164871238
1995-09-20 22:00:00,381.4607164871238
1995-09-21 22:00:00,381.4607164871238
1995-09-22 22:00:00,381.4607164871238
1995-09-25 22:00:00,381.4607164871238
1995-09-26 22:00:00,381.4607164871238
1995-09-27 22:00:00,381.4607164871238
1995-09-28 22:00:00,381.4607164871238
1995-09-29 22:00:00,381.4607164871238
1995-10-02 22:00:00,381.4607164871238
1995-10-03 22:00:00,381.4607164871238
1995-10-04 22:00:00,381.4607164871238
1995-10-05 22:00:00,381.4607164871238
1995-10-06 22:00:00,381.4607164871238
1995-10-09 22:00:00,381.4607164871238
1995-10-10 22:00:00,381.4607164871238
1995-10-11 22:00:00,381.4607164871238
1995-10-12 22:00:00,381.4607164871238
1995-10-13 22:00:00,381.4607164871238
1995-10-16 22:00:00,381.4607164871238
1995-10-17 22:00:00,381.4607164871238
1995-10-18 22:00:00,381.4607164871238
1995-10-19 22:00:00,381.4607164871238
1995-10-20 22:00:00,381.4607164871238
1995-10-23 22:00:00,381.4607164871238
1995-10-24 22:00:00,381.4607164871238
1995-10-25 22:00:00,381.4607164871238
1995-10-26 22:00:00,381.4607164871238
1995-10-27 22:00:00,381.4607164871238
1995-10-30 22:00:00,381.4607164871238
1995-10-31 22:00:00,381.4607164871238
1995-11-01 22:00:00,383.45267845311406
1995-11-02 22:00:00,383.45267845311406
1995-11-03 22:00:00,383.45267845311406
1995-11-06 22:00:00,383.45267845311406
1995-11-07 22:00:00,383.45267845311406
1995-11-08 22:00:00,383.45267845311406
1995-11-09 22:00:00,383.45267845311406
1995-11-10 22:00:00,383.45267845311406
1995-11-13 22:00:00,383.45267845311406
1995-11-14 22:00:00,383.45267845311406
1995-11-15 22:00:00,383.45267845311406
1995-11-16 22:00:00,383.45267845311406
1995-11-17 22:00:00,383.45267845311406
1995-11-20 22:00:00,383.45267845311406
1995-11-21 22:00:00,383.45267845311406
1995-11-22 22:00:00,383.45267845311406
1995-11-23 22:00:00,383.45267845311406
1995-11-24 22:00:00,383.45267845311406
1995-11-27 22:00:00,383.45267845311406
1995-11-28 22:00:00,383.45267845311406
1995-11-29 22:00:00,383.45267845311406
1995-11-30 22:00:00,383.45267845311406
1995-12-01 22:00:00,385.44464041910425
1995-12-04 22:00:00,385.44464041910425
1995-12-05 22:00:00,385.44464041910425
1995-12-06 22:00:00,385.44464041910425
1995-12-07 22:00:00,385.44464041910425
1995-12-08 22:00:00,385.44464041910425
1995-12-11 22:00:00,385.44464041910425
1995-12-12 22:00:00,385.44464041910425
1995-12-13 22:00:00,385.44464041910425
1995-12-14 22:00:00,385.44464041910425
1995-12-15 22:00:00,385.44464041910425
1995-12-18 22:00:00,385.44464041910425
1995-12-19 22:00:00,385.44464041910425
1995-12-20 22:00:00,385.44464041910425
1995-12-21 22:00:00,385.44464041910425
1995-12-22 22:00:00,385.44464041910425
1995-12-25 22:00:00,385.44464041910425
1995-12-26 22:00:00,385.44464041910425
1995-12-27 22:00:00,385.44464041910425
1995-12-28 22:00:00,385.44464041910425
1995-12-29 22:00:00,385.44464041910425
1996-01-01 22:00:00,397.3964122150455
1996-01-02 22:00:00,397.3964122150455
1996-01-03 22:00:00,397.3964122150455
1996-01-04 22:00:00,397.3964122150455
1996-01-05 22:00:00,397.3964122150455
1996-01-08 22:00:00,397.3964122150455
1996-01-09 22:00:00,397.3964122150455
1996-01-10 22:00:00,397.3964122150455
1996-01-11 22:00:00,397.3964122150455
1996-01-12 22:00:00,397.3964122150455
1996-01-15 22:00:00,397.3964122150455
1996-01-16 22:00:00,397.3964122150455
1996-01-17 22:00:00,397.3964122150455
1996-01-18 22:00:00,397.3964122150455
1996-01-19 22:00:00,397.3964122150455
1996-01-22 22:00:00,397.3964122150455
1996-01-23 22:00:00,397.3964122150455
1996-01-24 22:00:00,397.3964122150455
1996-01-25 22:00:00,397.3964122150455
1996-01-26 22:00:00,397.3964122150455
1996-01-29 22:00:00,397.3964122150455
1996-01-30 22:00:00,397.3964122150455
1996-01-31 22:00:00,397.3964122150455
1996-02-01 22:00:00,403.3722981130161
1996-02-02 22:00:00,403.3722981130161
1996-02-05 22:00:00,403.3722981130161
1996-02-06 22:00:00,403.3722981130161
1996-02-07 22:00:00,403.3722981130161
1996-02-08 22:00:00,403.3722981130161
1996-02-09 22:00:00,403.3722981130161
1996-02-12 22:00:00,403.3722981130161
1996-02-13 22:00:00,403.3722981130161
1996-02-14 22:00:00,403.3722981130161
1996-02-15 22:00:00,403.3722981130161
1996-02-16 22:00:00,403.3722981130161
1996-02-19 22:00:00,403.3722981130161
1996-02-20 22:00:00,403.3722981130161
1996-02-21 22:00:00,403.3722981130161
1996-02-22 22:00:00,403.3722981130161
1996-02-23 22:00:00,403.3722981130161
1996-02-26 22:00:00,403.3722981130161
1996-02-27 22:00:00,403.3722981130161
1996-02-28 22:00:00,403.3722981130161
1996-02-29 22:00:00,403.3722981130161
1996-03-01 22:00:00,394.40846926606014
1996-03-04 22:00:00,394.40846926606014
1996-03-05 22:00:00,394.40846926606014
1996-03-06 22:00:00,394.40846926606014
1996-03-07 22:00:00,394.40846926606014
1996-03-08 22:00:00,394.40846926606014
1996-03-11 22:00:00,394.40846926606014
1996-03-12 22:00:00,394.40846926606014
1996-03-13 22:00:00,394.40846926606014
1996-03-14 22:00:00,394.40846926606014
1996-03-15 22:00:00,394.40846926606014
1996-03-18 22:00:00,394.40846926606014
1996-03-19 22:00:00,394.40846926606014
1996-03-20 22:00:00,394.40846926606014
1996-03-21 22:00:00,394.40846926606014
1996-03-22 22:00:00,394.40846926606014
1996-03-25 22:00:00,394.40846926606014
1996-03-26 22:00:00,394.40846926606014
1996-03-27 22:00:00,394.40846926606014
1996-03-28 22:00:00,394.40846926606014
1996-03-29 22:00:00,394.40846926606014
1996-04-01 22:00:00,391.42052631707486
1996-04-02 22:00:00,391.42052631707486
1996-04-03 22:00:00,391.42052631707486
1996-04-04 22:00:00,391.42052631707486
1996-04-05 22:00:00,391.42052631707486
1996-04-08 22:00:00,391.42052631707486
1996-04-09 22:00:00,391.42052631707486
1996-04-10 22:00:00,391.42052631707486
1996-04-11 22:00:00,391.42052631707486
1996-04-12 22:00:00,391.42052631707486
1996-04-15 22:00:00,391.42052631707486
1996-04-16 22:00:00,391.42052631707486
1996-04-17 22:00:00,391.42052631707486
1996-04-18 22:00:00,391.42052631707486
1996-04-19 22:00:00,391.42052631707486
1996-04-22 22:00:00,391.42052631707486
1996-04-23 22:00:00,391.42052631707486
1996-04-24 22:00:00,391.42052631707486
1996-04-25 22:00:00,391.42052631707486
1996-04-26 22:00:00,391.42052631707486
1996-04-29 22:00:00,391.42052631707486
1996-04-30 22:00:00,391.42052631707486
1996-05-01 22:00:00,390.42454533407977
1996-05-02 22:00:00,390.42454533407977
1996-05-03 22:00:00,390.42454533407977
1996-05-06 22:00:00,390.42454533407977
1996-05-07 22:00:00,390.42454533407977
1996-05-08 22:00:00,390.42454533407977
1996-05-09 22:00:00,390.42454533407977
1996-05-10 22:00:00,390.42454533407977
1996-05-13 22:00:00,390.42454533407977
1996-05-14 22:00:00,390.42454533407977
1996-05-15 22:00:00,390.42454533407977
1996-05-16 22:00:00,390.42454533407977
1996-05-17 22:00:00,390.42454533407977
1996-05-20 22:00:00,390.42454533407977
1996-05-21 22:00:00,390.42454533407977
1996-05-22 22:00:00,390.42454533407977
1996-05-23 22:00:00,390.42454533407977
1996-05-24 22:00:00,390.42454533407977
1996-05-27 22:00:00,390.42454533407977
1996-05-28 22:00:00,390.42454533407977
1996-05-29 22:00:00,390.42454533407977
1996-05-30 22:00:00,390.42454533407977
1996-05-31 22:00:00,390.42454533407977
1996-06-03 22:00:00,390.42454533407977
1996-06-04 22:00:00,390.42454533407977
1996-06-05 22:00:00,390.42454533407977
1996-06-06 22:00:00,390.42454533407977
1996-06-07 22:00:00,390.42454533407977
1996-06-10 22:00:00,390.42454533407977
1996-06-11 22:00:00,390.42454533407977
1996-06-12 22:00:00,390.42454533407977
1996-06-13 22:00:00,390.42454533407977
1996-06-14 22:00:00,390.42454533407977
1996-06-17 22:00:00,390.42454533407977
1996-06-18 22:00:00,390.42454533407977
1996-06-19 22:00:00,390.42454533407977
1996-06-20 22:00:00,390.42454533407977
1996-06-21 22:00:00,390.42454533407977
1996-06-24 22:00:00,390.42454533407977
1996-06-25 22:00:00,390.42454533407977
1996-06-26 22:00:00,390.42454533407977
1996-06-27 22:00:00,390.42454533407977
1996-06-28 22:00:00,390.42454533407977
1996-07-01 22:00:00,381.4607164871238
1996-07-02 22:00:00,381.4607164871238
1996-07-03 22:00:00,381.4607164871238
1996-07-04 22:00:00,381.4607164871238
1996-07-05 22:00:00,381.4607164871238
1996-07-08 22:00:00,381.4607164871238
1996-07-09 22:00:00,381.4607164871238
1996-07-10 22:00:00,381.4607164871238
1996-07-11 22:00:00,381.4607164871238
1996-07-12 22:00:00,381.4607164871238
1996-07-15 22:00:00,381.4607164871238
1996-07-16 22:00:00,381.4607164871238
1996-07-17 22:00:00,381.4607164871238
1996-07-18 22:00:00,381.4607164871238
1996-07-19 22:00:00,381.4607164871238
1996-07-22 22:00:00,381.4607164871238
1996-07-23 22:00:00,381.4607164871238
1996-07-24 22:00:00,381.4607164871238
1996-07-25 22:00:00,381.4607164871238
1996-07-26 22:00:00,381.4607164871238
1996-07-29 22:00:00,381.4607164871238
1996-07-30 22:00:00,381.4607164871238
1996-07-31 22:00:00,381.4607164871238
1996-08-01 22:00:00,385.44464041910425
1996-08-02 22:00:00,385.44464041910425
1996-08-05 22:00:00,385.44464041910425
1996-08-06 22:00:00,385.44464041910425
1996-08-07 22:00:00,385.44464041910425
1996-08-08 22:00:00,385.44464041910425
1996-08-09 22:00:00,385.44464041910425
1996-08-12 22:00:00,385.44464041910425
1996-08-13 22:00:00,385.44464041910425
1996-08-14 22:00:00,385.44464041910425
1996-08-15 22:00:00,385.44464041910425
1996-08-16 22:00:00,385.44464041910425
1996-08-19 22:00:00,385.44464041910425
1996-08-20 22:00:00,385.44464041910425
1996-08-21 22:00:00,385.44464041910425
1996-08-22 22:00:00,385.44464041910425
1996-08-23 22:00:00,385.44464041910425
1996-08-26 22:00:00,385.44464041910425
1996-08-27 22:00:00,385.44464041910425
1996-08-28 22:00:00,385.44464041910425
1996-08-29 22:00:00,385.44464041910425
1996-08-30 22:00:00,385.44464041910425
1996-09-02 22:00:00,385.44464041910425
1996-09-03 22:00:00,385.44464041910425
1996-09-04 22:00:00,385.44464041910425
1996-09-05 22:00:00,385.44464041910425
1996-09-06 22:00:00,385.44464041910425
1996-09-09 22:00:00,385.44464041910425
1996-09-10 22:00:00,385.44464041910425
1996-09-11 22:00:00,385.44464041910425
1996-09-12 22:00:00,385.44464041910425
1996-09-13 22:00:00,385.44464041910425
1996-09-16 22:00:00,385.44464041910425
1996-09-17 22:00:00,385.44464041910425
1996-09-18 22:00:00,385.44464041910425
1996-09-19 22:00:00,385.44464041910425
1996-09-20 22:00:00,385.44464041910425
1996-09-23 22:00:00,385.44464041910425
1996-09-24 22:00:00,385.44464041910425
1996-09-25 22:00:00,385.44464041910425
1996-09-26 22:00:00,385.44464041910425
1996-09-27 22:00:00,385.44464041910425
1996-09-30 22:00:00,385.44464041910425
1996-10-01 22:00:00,379.46875452113363
1996-10-02 22:00:00,379.46875452113363
1996-10-03 22:00:00,379.46875452113363
1996-10-04 22:00:00,379.46875452113363
1996-10-07 22:00:00,379.46875452113363
1996-10-08 22:00:00,379.46875452113363
1996-10-09 22:00:00,379.46875452113363
1996-10-10 22:00:00,379.46875452113363
1996-10-11 22:00:00,379.46875452113363
1996-10-14 22:00:00,379.46875452113363
1996-10-15 22:00:00,379.46875452113363
1996-10-16 22:00:00,379.46875452113363
1996-10-17 22:00:00,379.46875452113363
1996-10-18 22:00:00,379.46875452113363
1996-10-21 22:00:00,379.46875452113363
1996-10-22 22:00:00,379.46875452113363
1996-10-23 22:00:00,379.46875452113363
1996-10-24 22:00:00,379.46875452113363
1996-10-25 22:00:00,379.46875452113363
1996-10-28 22:00:00,379.46875452113363
1996-10-29 22:00:00,379.46875452113363
1996-10-30 22:00:00,379.46875452113363
1996-10-31 22:00:00,379.46875452113363
1996-11-01 22:00:00,376.48081157214835
1996-11-04 22:00:00,376.48081157214835
1996-11-05 22:00:00,376.48081157214835
1996-11-06 22:00:00,376.48081157214835
1996-11-07 22:00:00,376.48081157214835
1996-11-08 22:00:00,376.48081157214835
1996-11-11 22:00:00,376.48081157214835
1996-11-12 22:00:00,376.48081157214835
1996-11-13 22:00:00,376.48081157214835
1996-11-14 22:00:00,376.48081157214835
1996-11-15 22:00:00,376.48081157214835
1996-11-18 22:00:00,376.48081157214835
1996-11-19 22:00:00,376.48081157214835
1996-11-20 22:00:00,376.48081157214835
1996-11-21 22:00:00,376.48081157214835
1996-11-22 22:00:00,376.48081157214835
1996-11-25 22:00:00,376.48081157214835
1996-11-26 22:00:00,376.48081157214835
1996-11-27 22:00:00,376.48081157214835
1996-11-28 22:00:00,376.48081157214835
1996-11-29 22:00:00,376.48081157214835
1996-12-02 22:00:00,376.48081157214835
1996-12-03 22:00:00,376.48081157214835
1996-12-04 22:00:00,376.48081157214835
1996-12-05 22:00:00,376.48081157214835
1996-12-06 22:00:00,376.48081157214835
1996-12-09 22:00:00,376.48081157214835
1996-12-10 22:00:00,376.48081157214835
1996-12-11 22:00:00,376.48081157214835
1996-12-12 22:00:00,376.48081157214835
1996-12-13 22:00:00,376.48081157214835
1996-12-16 22:00:00,376.48081157214835
1996-12-17 22:00:00,376.48081157214835
1996-12-18 22:00:00,376.48081157214835
1996-12-19 22:00:00,376.48081157214835
1996-12-20 22:00:00,376.48081157214835
1996-12-23 22:00:00,376.48081157214835
1996-12-24 22:00:00,376.48081157214835
1996-12-25 22:00:00,376.48081157214835
1996-12-26 22:00:00,376.48081157214835
1996-12-27 22:00:00,376.48081157214835
1996-12-30 22:00:00,376.48081157214835
1996-12-31 22:00:00,376.48081157214835
1997-01-01 22:00:00,353.573248963261
1997-01-02 22:00:00,353.573248963261
1997-01-03 22:00:00,353.573248963261
1997-01-06 22:00:00,353.573248963261
1997-01-07 22:00:00,353.573248963261
1997-01-08 22:00:00,353.573248963261
1997-01-09 22:00:00,353.573248963261
1997-01-10 22:00:00,353.573248963261
1997-01-13 22:00:00,353.573248963261
1997-01-14 22:00:00,353.573248963261
1997-01-15 22:00:00,353.573248963261
1997-01-16 22:00:00,353.573248963261
1997-01-17 22:00:00,353.573248963261
1997-01-20 22:00:00,353.573248963261
1997-01-21 22:00:00,353.573248963261
1997-01-22 22:00:00,353.573248963261
1997-01-23 22:00:00,353.573248963261
1997-01-24 22:00:00,353.573248963261
1997-01-27 22:00:00,353.573248963261
1997-01-28 22:00:00,353.573248963261
1997-01-29 22:00:00,353.573248963261
1997-01-30 22:00:00,353.573248963261
1997-01-31 22:00:00,353.573248963261
1997-02-03 22:00:00,353.573248963261
1997-02-04 22:00:00,353.573248963261
1997-02-05 22:00:00,353.573248963261
1997-02-06 22:00:00,353.573248963261
1997-02-07 22:00:00,353.573248963261
1997-02-10 22:00:00,353.573248963261
1997-02-11 22:00:00,353.573248963261
1997-02-12 22:00:00,353.573248963261
1997-02-13 22:00:00,353.573248963261
1997-02-14 22:00:00,353.573248963261
1997-02-17 22:00:00,353.573248963261
1997-02-18 22:00:00,353.573248963261
1997-02-19 22:00:00,353.573248963261
1997-02-20 22:00:00,353.573248963261
1997-02-21 22:00:00,353.573248963261
1997-02-24 22:00:00,353.573248963261
1997-02-25 22:00:00,353.573248963261
1997-02-26 22:00:00,353.573248963261
1997-02-27 22:00:00,353.573248963261
1997-02-28 22:00:00,353.573248963261
1997-03-03 22:00:00,353.573248963261
1997-03-04 22:00:00,353.573248963261
1997-03-05 22:00:00,353.573248963261
1997-03-06 22:00:00,353.573248963261
1997-03-07 22:00:00,353.573248963261
1997-03-10 22:00:00,353.573248963261
1997-03-11 22:00:00,353.573248963261
1997-03-12 22:00:00,353.573248963261
1997-03-13 22:00:00,353.573248963261
1997-03-14 22:00:00,353.573248963261
1997-03-17 22:00:00,353.573248963261
1997-03-18 22:00:00,353.573248963261
1997-03-19 22:00:00,353.573248963261
1997-03-20 22:00:00,353.573248963261
1997-03-21 22:00:00,353.573248963261
1997-03-24 22:00:00,353.573248963261
1997-03-25 22:00:00,353.573248963261
1997-03-26 22:00:00,353.573248963261
1997-03-27 22:00:00,353.573248963261
1997-03-28 22:00:00,353.573248963261
1997-03-31 22:00:00,353.573248963261
1997-04-01 22:00:00,342.61745815031486
1997-04-02 22:00:00,342.61745815031486
1997-04-03 22:00:00,342.61745815031486
1997-04-04 22:00:00,342.61745815031486
1997-04-07 22:00:00,342.61745815031486
1997-04-08 22:00:00,342.61745815031486
1997-04-09 22:00:00,342.61745815031486
1997-04-10 22:00:00,342.61745815031486
1997-04-11 22:00:00,342.61745815031486
1997-04-14 22:00:00,342.61745815031486
1997-04-15 22:00:00,342.61745815031486
1997-04-16 22:00:00,342.61745815031486
1997-04-17 22:00:00,342.61745815031486
1997-04-18 22:00:00,342.61745815031486
1997-04-21 22:00:00,342.61745815031486
1997-04-22 22:00:00,342.61745815031486
1997-04-23 22:00:00,342.61745815031486
1997-04-24 22:00:00,342.61745815031486
1997-04-25 22:00:00,342.61745815031486
1997-04-28 22:00:00,342.61745815031486
1997-04-29 22:00:00,342.61745815031486
1997-04-30 22:00:00,342.61745815031486
1997-05-01 22:00:00,342.61745815031486
1997-05-02 22:00:00,342.61745815031486
1997-05-05 22:00:00,342.61745815031486
1997-05-06 22:00:00,342.61745815031486
1997-05-07 22:00:00,342.61745815031486
1997-05-08 22:00:00,342.61745815031486
1997-05-09 22:00:00,342.61745815031486
1997-05-12 22:00:00,342.61745815031486
1997-05-13 22:00:00,342.61745815031486
1997-05-14 22:00:00,342.61745815031486
1997-05-15 22:00:00,342.61745815031486
1997-05-16 22:00:00,342.61745815031486
1997-05-19 22:00:00,342.61745815031486
1997-05-20 22:00:00,342.61745815031486
1997-05-21 22:00:00,342.61745815031486
1997-05-22 22:00:00,342.61745815031486
1997-05-23 22:00:00,342.61745815031486
1997-05-26 22:00:00,342.61745815031486
1997-05-27 22:00:00,342.61745815031486
1997-05-28 22:00:00,342.61745815031486
1997-05-29 22:00:00,342.61745815031486
1997-05-30 22:00:00,342.61745815031486
1997-06-02 22:00:00,342.61745815031486
1997-06-03 22:00:00,342.61745815031486
1997-06-04 22:00:00,342.61745815031486
1997-06-05 22:00:00,342.61745815031486
1997-06-06 22:00:00,342.61745815031486
1997-06-09 22:00:00,342.61745815031486
1997-06-10 22:00:00,342.61745815031486
1997-06-11 22:00:00,342.61745815031486
1997-06-12 22:00:00,342.61745815031486
1997-06-13 22:00:00,342.61745815031486
1997-06-16 22:00:00,342.61745815031486
1997-06-17 22:00:00,342.61745815031486
1997-06-18 22:00:00,342.61745815031486
1997-06-19 22:00:00,342.61745815031486
1997-06-20 22:00:00,342.61745815031486
1997-06-23 22:00:00,342.61745815031486
1997-06-24 22:00:00,342.61745815031486
1997-06-25 22:00:00,342.61745815031486
1997-06-26 22:00:00,342.61745815031486
1997-06-27 22:00:00,342.61745815031486
1997-06-30 22:00:00,342.61745815031486
1997-07-01 22:00:00,322.69783849041283
1997-07-02 22:00:00,322.69783849041283
1997-07-03 22:00:00,322.69783849041283
1997-07-04 22:00:00,322.69783849041283
1997-07-07 22:00:00,322.69783849041283
1997-07-08 22:00:00,322.69783849041283
1997-07-09 22:00:00,322.69783849041283
1997-07-10 22:00:00,322.69783849041283
1997-07-11 22:00:00,322.69783849041283
1997-07-14 22:00:00,322.69783849041283
1997-07-15 22:00:00,322.69783849041283
1997-07-16 22:00:00,322.69783849041283
1997-07-17 22:00:00,322.69783849041283
1997-07-18 22:00:00,322.69783849041283
1997-07-21 22:00:00,322.69783849041283
1997-07-22 22:00:00,322.69783849041283
1997-07-23 22:00:00,322.69783849041283
1997-07-24 22:00:00,322.69783849041283
1997-07-25 22:00:00,322.69783849041283
1997-07-28 22:00:00,322.69783849041283
1997-07-29 22:00:00,322.69783849041283
1997-07-30 22:00:00,322.69783849041283
1997-07-31 22:00:00,322.69783849041283
1997-08-01 22:00:00,322.69783849041283
1997-08-04 22:00:00,322.69783849041283
1997-08-05 22:00:00,322.69783849041283
1997-08-06 22:00:00,322.69783849041283
1997-08-07 22:00:00,322.69783849041283
1997-08-08 22:00:00,322.69783849041283
1997-08-11 22:00:00,322.69783849041283
1997-08-12 22:00:00,322.69783849041283
1997-08-13 22:00:00,322.69783849041283
1997-08-14 22:00:00,322.69783849041283
1997-08-15 22:00:00,322.69783849041283
1997-08-18 22:00:00,322.69783849041283
1997-08-19 22:00:00,322.69783849041283
1997-08-20 22:00:00,322.69783849041283
1997-08-21 22:00:00,322.69783849041283
1997-08-22 22:00:00,322.69783849041283
1997-08-25 22:00:00,322.69783849041283
1997-08-26 22:00:00,322.69783849041283
1997-08-27 22:00:00,322.69783849041283
1997-08-28 22:00:00,322.69783849041283
1997-08-29 22:00:00,322.69783849041283
1997-09-01 22:00:00,321.70185750741774
1997-09-02 22:00:00,321.70185750741774
1997-09-03 22:00:00,321.70185750741774
1997-09-04 22:00:00,321.70185750741774
1997-09-05 22:00:00,321.70185750741774
1997-09-08 22:00:00,321.70185750741774
1997-09-09 22:00:00,321.70185750741774
1997-09-10 22:00:00,321.70185750741774
1997-09-11 22:00:00,321.70185750741774
1997-09-12 22:00:00,321.70185750741774
1997-09-15 22:00:00,321.70185750741774
1997-09-16 22:00:00,321.70185750741774
1997-09-17 22:00:00,321.70185750741774
1997-09-18 22:00:00,321.70185750741774
1997-09-19 22:00:00,321.70185750741774
1997-09-22 22:00:00,321.70185750741774
1997-09-23 22:00:00,321.70185750741774
1997-09-24 22:00:00,321.70185750741774
1997-09-25 22:00:00,321.70185750741774
1997-09-26 22:00:00,321.70185750741774
1997-09-29 22:00:00,321.70185750741774
1997-09-30 22:00:00,321.70185750741774
1997-10-01 22:00:00,323.693819473408
1997-10-02 22:00:00,323.693819473408
1997-10-03 22:00:00,323.693819473408
1997-10-06 22:00:00,323.693819473408
1997-10-07 22:00:00,323.693819473408
1997-10-08 22:00:00,323.693819473408
1997-10-09 22:00:00,323.693819473408
1997-10-10 22:00:00,323.693819473408
1997-10-13 22:00:00,323.693819473408
1997-10-14 22:00:00,323.693819473408
1997-10-15 22:00:00,323.693819473408
1997-10-16 22:00:00,323.693819473408
1997-10-17 22:00:00,323.693819473408
1997-10-20 22:00:00,323.693819473408
1997-10-21 22:00:00,323.693819473408
1997-10-22 22:00:00,323.693819473408
1997-10-23 22:00:00,323.693819473408
1997-10-24 22:00:00,323.693819473408
1997-10-27 22:00:00,323.693819473408
1997-10-28 22:00:00,323.693819473408
1997-10-29 22:00:00,323.693819473408
1997-10-30 22:00:00,323.693819473408
1997-10-31 22:00:00,323.693819473408
1997-11-03 22:00:00,323.693819473408
1997-11-04 22:00:00,323.693819473408
1997-11-05 22:00:00,323.693819473408
1997-11-06 22:00:00,323.693819473408
1997-11-07 22:00:00,323.693819473408
1997-11-10 22:00:00,323.693819473408
1997-11-11 22:00:00,323.693819473408
1997-11-12 22:00:00,323.693819473408
1997-11-13 22:00:00,323.693819473408
1997-11-14 22:00:00,323.693819473408
1997-11-17 22:00:00,323.693819473408
1997-11-18 22:00:00,323.693819473408
1997-11-19 22:00:00,323.693819473408
1997-11-20 22:00:00,323.693819473408
1997-11-21 22:00:00,323.693819473408
1997-11-24 22:00:00,323.693819473408
1997-11-25 22:00:00,323.693819473408
1997-11-26 22:00:00,323.693819473408
1997-11-27 22:00:00,323.693819473408
1997-11-28 22:00:00,323.693819473408
1997-12-01 22:00:00,287.5795490300056
1997-12-02 22:00:00,287.5795490300056
1997-12-03 22:00:00,287.5795490300056
1997-12-04 22:00:00,287.5795490300056
1997-12-05 22:00:00,287.5795490300056
1997-12-08 22:00:00,287.5795490300056
1997-12-09 22:00:00,287.5795490300056
1997-12-10 22:00:00,287.5795490300056
1997-12-11 22:00:00,287.5795490300056
1997-12-12 22:00:00,287.5795490300056
1997-12-15 22:00:00,287.5795490300056
1997-12-16 22:00:00,287.5795490300056
1997-12-17 22:00:00,287.5795490300056
1997-12-18 22:00:00,287.5795490300056
1997-12-19 22:00:00,287.5795490300056
1997-12-22 22:00:00,287.5795490300056
1997-12-23 22:00:00,287.5795490300056
1997-12-24 22:00:00,287.5795490300056
1997-12-25 22:00:00,287.5795490300056
1997-12-26 22:00:00,287.5795490300056
1997-12-29 22:00:00,287.5795490300056
1997-12-30 22:00:00,287.5795490300056
1997-12-31 22:00:00,287.5795490300056
1998-01-01 22:00:00,287.8385040855843
1998-01-02 22:00:00,287.8385040855843
1998-01-05 22:00:00,287.8385040855843
1998-01-06 22:00:00,287.8385040855843
1998-01-07 22:00:00,287.8385040855843
1998-01-08 22:00:00,287.8385040855843
1998-01-09 22:00:00,287.8385040855843
1998-01-12 22:00:00,287.8385040855843
1998-01-13 22:00:00,287.8385040855843
1998-01-14 22:00:00,287.8385040855843
1998-01-15 22:00:00,287.8385040855843
1998-01-16 22:00:00,287.8385040855843
1998-01-19 22:00:00,287.8385040855843
1998-01-20 22:00:00,287.8385040855843
1998-01-21 22:00:00,287.8385040855843
1998-01-22 22:00:00,287.8385040855843
1998-01-23 22:00:00,287.8385040855843
1998-01-26 22:00:00,287.8385040855843
1998-01-27 22:00:00,287.8385040855843
1998-01-28 22:00:00,287.8385040855843
1998-01-29 22:00:00,287.8385040855843
1998-01-30 22:00:00,287.8385040855843
1998-02-02 22:00:00,287.8385040855843
1998-02-03 22:00:00,287.8385040855843
1998-02-04 22:00:00,287.8385040855843
1998-02-05 22:00:00,287.8385040855843
1998-02-06 22:00:00,287.8385040855843
1998-02-09 22:00:00,287.8385040855843
1998-02-10 22:00:00,287.8385040855843
1998-02-11 22:00:00,287.8385040855843
1998-02-12 22:00:00,287.8385040855843
1998-02-13 22:00:00,287.8385040855843
1998-02-16 22:00:00,287.8385040855843
1998-02-17 22:00:00,287.8385040855843
1998-02-18 22:00:00,287.8385040855843
1998-02-19 22:00:00,287.8385040855843
1998-02-20 22:00:00,287.8385040855843
1998-02-23 22:00:00,287.8385040855843
1998-02-24 22:00:00,287.8385040855843
1998-02-25 22:00:00,287.8385040855843
1998-02-26 22:00:00,287.8385040855843
1998-02-27 22:00:00,287.8385040855843
1998-03-02 22:00:00,287.8385040855843
1998-03-03 22:00:00,287.8385040855843
1998-03-04 22:00:00,287.8385040855843
1998-03-05 22:00:00,287.8385040855843
1998-03-06 22:00:00,287.8385040855843
1998-03-09 22:00:00,287.8385040855843
1998-03-10 22:00:00,287.8385040855843
1998-03-11 22:00:00,287.8385040855843
1998-03-12 22:00:00,287.8385040855843
1998-03-13 22:00:00,287.8385040855843
1998-03-16 22:00:00,287.8385040855843
1998-03-17 22:00:00,287.8385040855843
1998-03-18 22:00:00,287.8385040855843
1998-03-19 22:00:00,287.8385040855843
1998-03-20 22:00:00,287.8385040855843
1998-03-23 22:00:00,287.8385040855843
1998-03-24 22:00:00,287.8385040855843
1998-03-25 22:00:00,287.8385040855843
1998-03-26 22:00:00,287.8385040855843
1998-03-27 22:00:00,287.8385040855843
1998-03-30 22:00:00,287.8385040855843
1998-03-31 22:00:00,287.8385040855843
1998-04-01 22:00:00,306.76214276249124
1998-04-02 22:00:00,306.76214276249124
1998-04-03 22:00:00,306.76214276249124
1998-04-06 22:00:00,306.76214276249124
1998-04-07 22:00:00,306.76214276249124
1998-04-08 22:00:00,306.76214276249124
1998-04-09 22:00:00,306.76214276249124
1998-04-10 22:00:00,306.76214276249124
1998-04-13 22:00:00,306.76214276249124
1998-04-14 22:00:00,306.76214276249124
1998-04-15 22:00:00,306.76214276249124
1998-04-16 22:00:00,306.76214276249124
1998-04-17 22:00:00,306.76214276249124
1998-04-20 22:00:00,306.76214276249124
1998-04-21 22:00:00,306.76214276249124
1998-04-22 22:00:00,306.76214276249124
1998-04-23 22:00:00,306.76214276249124
1998-04-24 22:00:00,306.76214276249124
1998-04-27 22:00:00,306.76214276249124
1998-04-28 22:00:00,306.76214276249124
1998-04-29 22:00:00,306.76214276249124
1998-04-30 22:00:00,306.76214276249124
1998-05-01 22:00:00,297.79831391553535
1998-05-04 22:00:00,297.79831391553535
1998-05-05 22:00:00,297.79831391553535
1998-05-06 22:00:00,297.79831391553535
1998-05-07 22:00:00,297.79831391553535
1998-05-08 22:00:00,297.79831391553535
1998-05-11 22:00:00,297.79831391553535
1998-05-12 22:00:00,297.79831391553535
1998-05-13 22:00:00,297.79831391553535
1998-05-14 22:00:00,297.79831391553535
1998-05-15 22:00:00,297.79831391553535
1998-05-18 22:00:00,297.79831391553535
1998-05-19 22:00:00,297.79831391553535
1998-05-20 22:00:00,297.79831391553535
1998-05-21 22:00:00,297.79831391553535
1998-05-22 22:00:00,297.79831391553535
1998-05-25 22:00:00,297.79831391553535
1998-05-26 22:00:00,297.79831391553535
1998-05-27 22:00:00,297.79831391553535
1998-05-28 22:00:00,297.79831391553535
1998-05-29 22:00:00,297.79831391553535
1998-06-01 22:00:00,290.8264470345696
1998-06-02 22:00:00,290.8264470345696
1998-06-03 22:00:00,290.8264470345696
1998-06-04 22:00:00,290.8264470345696
1998-06-05 22:00:00,290.8264470345696
1998-06-08 22:00:00,290.8264470345696
1998-06-09 22:00:00,290.8264470345696
1998-06-10 22:00:00,290.8264470345696
1998-06-11 22:00:00,290.8264470345696
1998-06-12 22:00:00,290.8264470345696
1998-06-15 22:00:00,290.8264470345696
1998-06-16 22:00:00,290.8264470345696
1998-06-17 22:00:00,290.8264470345696
1998-06-18 22:00:00,290.8264470345696
1998-06-19 22:00:00,290.8264470345696
1998-06-22 22:00:00,290.8264470345696
1998-06-23 22:00:00,290.8264470345696
1998-06-24 22:00:00,290.8264470345696
1998-06-25 22:00:00,290.8264470345696
1998-06-26 22:00:00,290.8264470345696
1998-06-29 22:00:00,290.8264470345696
1998-06-30 22:00:00,290.8264470345696
1998-07-01 22:00:00,291.82242801756473
1998-07-02 22:00:00,291.82242801756473
1998-07-03 22:00:00,291.82242801756473
1998-07-06 22:00:00,291.82242801756473
1998-07-07 22:00:00,291.82242801756473
1998-07-08 22:00:00,291.82242801756473
1998-07-09 22:00:00,291.82242801756473
1998-07-10 22:00:00,291.82242801756473
1998-07-13 22:00:00,291.82242801756473
1998-07-14 22:00:00,291.82242801756473
1998-07-15 22:00:00,291.82242801756473
1998-07-16 22:00:00,291.82242801756473
1998-07-17 22:00:00,291.82242801756473
1998-07-20 22:00:00,291.82242801756473
1998-07-21 22:00:00,291.82242801756473
1998-07-22 22:00:00,291.82242801756473
1998-07-23 22:00:00,291.82242801756473
1998-07-24 22:00:00,291.82242801756473
1998-07-27 22:00:00,291.82242801756473
1998-07-28 22:00:00,291.82242801756473
1998-07-29 22:00:00,291.82242801756473
1998-07-30 22:00:00,291.82242801756473
1998-07-31 22:00:00,291.82242801756473
1998-08-03 22:00:00,291.82242801756473
1998-08-04 22:00:00,291.82242801756473
1998-08-05 22:00:00,291.82242801756473
1998-08-06 22:00:00,291.82242801756473
1998-08-07 22:00:00,291.82242801756473
1998-08-10 22:00:00,291.82242801756473
1998-08-11 22:00:00,291.82242801756473
1998-08-12 22:00:00,291.82242801756473
1998-08-13 22:00:00,291.82242801756473
1998-08-14 22:00:00,291.82242801756473
1998-08-17 22:00:00,291.82242801756473
1998-08-18 22:00:00,291.82242801756473
1998-08-19 22:00:00,291.82242801756473
1998-08-20 22:00:00,291.82242801756473
1998-08-21 22:00:00,291.82242801756473
1998-08-24 22:00:00,291.82242801756473
1998-08-25 22:00:00,291.82242801756473
1998-08-26 22:00:00,291.82242801756473
1998-08-27 22:00:00,291.82242801756473
1998-08-28 22:00:00,291.82242801756473
1998-08-31 22:00:00,291.82242801756473
1998-09-01 22:00:00,287.8385040855843
1998-09-02 22:00:00,287.8385040855843
1998-09-03 22:00:00,287.8385040855843
1998-09-04 22:00:00,287.8385040855843
1998-09-07 22:00:00,287.8385040855843
1998-09-08 22:00:00,287.8385040855843
1998-09-09 22:00:00,287.8385040855843
1998-09-10 22:00:00,287.8385040855843
1998-09-11 22:00:00,287.8385040855843
1998-09-14 22:00:00,287.8385040855843
1998-09-15 22:00:00,287.8385040855843
1998-09-16 22:00:00,287.8385040855843
1998-09-17 22:00:00,287.8385040855843
1998-09-18 22:00:00,287.8385040855843
1998-09-21 22:00:00,287.8385040855843
1998-09-22 22:00:00,287.8385040855843
1998-09-23 22:00:00,287.8385040855843
1998-09-24 22:00:00,287.8385040855843
1998-09-25 22:00:00,287.8385040855843
1998-09-28 22:00:00,287.8385040855843
1998-09-29 22:00:00,287.8385040855843
1998-09-30 22:00:00,287.8385040855843
1998-10-01 22:00:00,294.81037096655
1998-10-02 22:00:00,294.81037096655
1998-10-05 22:00:00,294.81037096655
1998-10-06 22:00:00,294.81037096655
1998-10-07 22:00:00,294.81037096655
1998-10-08 22:00:00,294.81037096655
1998-10-09 22:00:00,294.81037096655
1998-10-12 22:00:00,294.81037096655
1998-10-13 22:00:00,294.81037096655
1998-10-14 22:00:00,294.81037096655
1998-10-15 22:00:00,294.81037096655
1998-10-16 22:00:00,294.81037096655
1998-10-19 22:00:00,294.81037096655
1998-10-20 22:00:00,294.81037096655
1998-10-21 22:00:00,294.81037096655
1998-10-22 22:00:00,294.81037096655
1998-10-23 22:00:00,294.81037096655
1998-10-26 22:00:00,294.81037096655
1998-10-27 22:00:00,294.81037096655
1998-10-28 22:00:00,294.81037096655
1998-10-29 22:00:00,294.81037096655
1998-10-30 22:00:00,294.81037096655
1998-11-02 22:00:00,294.81037096655
1998-11-03 22:00:00,294.81037096655
1998-11-04 22:00:00,294.81037096655
1998-11-05 22:00:00,294.81037096655
1998-11-06 22:00:00,294.81037096655
1998-11-09 22:00:00,294.81037096655
1998-11-10 22:00:00,294.81037096655
1998-11-11 22:00:00,294.81037096655
1998-11-12 22:00:00,294.81037096655
1998-11-13 22:00:00,294.81037096655
1998-11-16 22:00:00,294.81037096655
1998-11-17 22:00:00,294.81037096655
1998-11-18 22:00:00,294.81037096655
1998-11-19 22:00:00,294.81037096655
1998-11-20 22:00:00,294.81037096655
1998-11-23 22:00:00,294.81037096655
1998-11-24 22:00:00,294.81037096655
1998-11-25 22:00:00,294.81037096655
1998-11-26 22:00:00,294.81037096655
1998-11-27 22:00:00,294.81037096655
1998-11-30 22:00:00,294.81037096655
1998-12-01 22:00:00,290.8264470345696
1998-12-02 22:00:00,290.8264470345696
1998-12-03 22:00:00,290.8264470345696
1998-12-04 22:00:00,290.8264470345696
1998-12-07 22:00:00,290.8264470345696
1998-12-08 22:00:00,290.8264470345696
1998-12-09 22:00:00,290.8264470345696
1998-12-10 22:00:00,290.8264470345696
1998-12-11 22:00:00,290.8264470345696
1998-12-14 22:00:00,290.8264470345696
1998-12-15 22:00:00,290.8264470345696
1998-12-16 22:00:00,290.8264470345696
1998-12-17 22:00:00,290.8264470345696
1998-12-18 22:00:00,290.8264470345696
1998-12-21 22:00:00,290.8264470345696
1998-12-22 22:00:00,290.8264470345696
1998-12-23 22:00:00,290.8264470345696
1998-12-24 22:00:00,290.8264470345696
1998-12-25 22:00:00,290.8264470345696
1998-12-28 22:00:00,290.8264470345696
1998-12-29 22:00:00,290.8264470345696
1998-12-30 22:00:00,290.8264470345696
1998-12-31 22:00:00,290.8264470345696
1999-01-01 22:00:00,285.8465421195941
1999-01-04 22:00:00,285.8465421195941
1999-01-05 22:00:00,285.8465421195941
1999-01-06 22:00:00,285.8465421195941
1999-01-07 22:00:00,285.8465421195941
1999-01-08 22:00:00,285.8465421195941
1999-01-11 22:00:00,285.8465421195941
1999-01-12 22:00:00,285.8465421195941
1999-01-13 22:00:00,285.8465421195941
1999-01-14 22:00:00,285.8465421195941
1999-01-15 22:00:00,285.8465421195941
1999-01-18 22:00:00,285.8465421195941
1999-01-19 22:00:00,285.8465421195941
1999-01-20 22:00:00,285.8465421195941
1999-01-21 22:00:00,285.8465421195941
1999-01-22 22:00:00,285.8465421195941
1999-01-25 22:00:00,285.8465421195941
1999-01-26 22:00:00,285.8465421195941
1999-01-27 22:00:00,285.8465421195941
1999-01-28 22:00:00,285.8465421195941
1999-01-29 22:00:00,285.8465421195941
1999-02-01 22:00:00,285.8465421195941
1999-02-02 22:00:00,285.8465421195941
1999-02-03 22:00:00,285.8465421195941
1999-02-04 22:00:00,285.8465421195941
1999-02-05 22:00:00,285.8465421195941
1999-02-08 22:00:00,285.8465421195941
1999-02-09 22:00:00,285.8465421195941
1999-02-10 22:00:00,285.8465421195941
1999-02-11 22:00:00,285.8465421195941
1999-02-12 22:00:00,285.8465421195941
1999-02-15 22:00:00,285.8465421195941
1999-02-16 22:00:00,285.8465421195941
1999-02-17 22:00:00,285.8465421195941
1999-02-18 22:00:00,285.8465421195941
1999-02-19 22:00:00,285.8465421195941
1999-02-22 22:00:00,285.8465421195941
1999-02-23 22:00:00,285.8465421195941
1999-02-24 22:00:00,285.8465421195941
1999-02-25 22:00:00,285.8465421195941
1999-02-26 22:00:00,285.8465421195941
1999-03-01 22:00:00,284.850561136599
1999-03-02 22:00:00,284.850561136599
1999-03-03 22:00:00,284.850561136599
1999-03-04 22:00:00,284.850561136599
1999-03-05 22:00:00,284.850561136599
1999-03-08 22:00:00,284.850561136599
1999-03-09 22:00:00,284.850561136599
1999-03-10 22:00:00,284.850561136599
1999-03-11 22:00:00,284.850561136599
1999-03-12 22:00:00,284.850561136599
1999-03-15 22:00:00,284.850561136599
1999-03-16 22:00:00,284.850561136599
1999-03-17 22:00:00,284.850561136599
1999-03-18 22:00:00,284.850561136599
1999-03-19 22:00:00,284.850561136599
1999-03-22 22:00:00,284.850561136599
1999-03-23 22:00:00,284.850561136599
1999-03-24 22:00:00,284.850561136599
1999-03-25 22:00:00,284.850561136599
1999-03-26 22:00:00,284.850561136599
1999-03-29 22:00:00,284.850561136599
1999-03-30 22:00:00,284.850561136599
1999-03-31 22:00:00,284.850561136599
1999-04-01 22:00:00,281.8626181876137
1999-04-02 22:00:00,281.8626181876137
1999-04-05 22:00:00,281.8626181876137
1999-04-06 22:00:00,281.8626181876137
1999-04-07 22:00:00,281.8626181876137
1999-04-08 22:00:00,281.8626181876137
1999-04-09 22:00:00,281.8626181876137
1999-04-12 22:00:00,281.8626181876137
1999-04-13 22:00:00,281.8626181876137
1999-04-14 22:00:00,281.8626181876137
1999-04-15 22:00:00,281.8626181876137
1999-04-16 22:00:00,281.8626181876137
1999-04-19 22:00:00,281.8626181876137
1999-04-20 22:00:00,281.8626181876137
1999-04-21 22:00:00,281.8626181876137
1999-04-22 22:00:00,281.8626181876137
1999-04-23 22:00:00,281.8626181876137
1999-04-26 22:00:00,281.8626181876137
1999-04-27 22:00:00,281.8626181876137
1999-04-28 22:00:00,281.8626181876137
1999-04-29 22:00:00,281.8626181876137
1999-04-30 22:00:00,281.8626181876137
1999-05-03 22:00:00,281.8626181876137
1999-05-04 22:00:00,281.8626181876137
1999-05-05 22:00:00,281.8626181876137
1999-05-06 22:00:00,281.8626181876137
1999-05-07 22:00:00,281.8626181876137
1999-05-10 22:00:00,281.8626181876137
1999-05-11 22:00:00,281.8626181876137
1999-05-12 22:00:00,281.8626181876137
1999-05-13 22:00:00,281.8626181876137
1999-05-14 22:00:00,281.8626181876137
1999-05-17 22:00:00,281.8626181876137
1999-05-18 22:00:00,281.8626181876137
1999-05-19 22:00:00,281.8626181876137
1999-05-20 22:00:00,281.8626181876137
1999-05-21 22:00:00,281.8626181876137
1999-05-24 22:00:00,281.8626181876137
1999-05-25 22:00:00,281.8626181876137
1999-05-26 22:00:00,281.8626181876137
1999-05-27 22:00:00,281.8626181876137
1999-05-28 22:00:00,281.8626181876137
1999-05-31 22:00:00,281.8626181876137
1999-06-01 22:00:00,259.9510365617215
1999-06-02 22:00:00,259.9510365617215
1999-06-03 22:00:00,259.9510365617215
1999-06-04 22:00:00,259.9510365617215
1999-06-07 22:00:00,259.9510365617215
1999-06-08 22:00:00,259.9510365617215
1999-06-09 22:00:00,259.9510365617215
1999-06-10 22:00:00,259.9510365617215
1999-06-11 22:00:00,259.9510365617215
1999-06-14 22:00:00,259.9510365617215
1999-06-15 22:00:00,259.9510365617215
1999-06-16 22:00:00,259.9510365617215
1999-06-17 22:00:00,259.9510365617215
1999-06-18 22:00:00,259.9510365617215
1999-06-21 22:00:00,259.9510365617215
1999-06-22 22:00:00,259.9510365617215
1999-06-23 22:00:00,259.9510365617215
1999-06-24 22:00:00,259.9510365617215
1999-06-25 22:00:00,259.9510365617215
1999-06-28 22:00:00,259.9510365617215
1999-06-29 22:00:00,259.9510365617215
1999-06-30 22:00:00,259.9510365617215
1999-07-01 22:00:00,254.97113164674596
1999-07-02 22:00:00,254.97113164674596
1999-07-05 22:00:00,254.97113164674596
1999-07-06 22:00:00,254.97113164674596
1999-07-07 22:00:00,254.97113164674596
1999-07-08 22:00:00,254.97113164674596
1999-07-09 22:00:00,254.97113164674596
1999-07-12 22:00:00,254.97113164674596
1999-07-13 22:00:00,254.97113164674596
1999-07-14 22:00:00,254.97113164674596
1999-07-15 22:00:00,254.97113164674596
1999-07-16 22:00:00,254.97113164674596
1999-07-19 22:00:00,254.97113164674596
1999-07-20 22:00:00,254.97113164674596
1999-07-21 22:00:00,254.97113164674596
1999-07-22 22:00:00,254.97113164674596
1999-07-23 22:00:00,254.97113164674596
1999-07-26 22:00:00,254.97113164674596
1999-07-27 22:00:00,254.97113164674596
1999-07-28 22:00:00,254.97113164674596
1999-07-29 22:00:00,254.97113164674596
1999-07-30 22:00:00,254.97113164674596
1999-08-02 22:00:00,254.97113164674596
1999-08-03 22:00:00,254.97113164674596
1999-08-04 22:00:00,254.97113164674596
1999-08-05 22:00:00,254.97113164674596
1999-08-06 22:00:00,254.97113164674596
1999-08-09 22:00:00,254.97113164674596
1999-08-10 22:00:00,254.97113164674596
1999-08-11 22:00:00,254.97113164674596
1999-08-12 22:00:00,254.97113164674596
1999-08-13 22:00:00,254.97113164674596
1999-08-16 22:00:00,254.97113164674596
1999-08-17 22:00:00,254.97113164674596
1999-08-18 22:00:00,254.97113164674596
1999-08-19 22:00:00,254.97113164674596
1999-08-20 22:00:00,254.97113164674596
1999-08-23 22:00:00,254.97113164674596
1999-08-24 22:00:00,254.97113164674596
1999-08-25 22:00:00,254.97113164674596
1999-08-26 22:00:00,254.97113164674596
1999-08-27 22:00:00,254.97113164674596
1999-08-30 22:00:00,254.97113164674596
1999-08-31 22:00:00,254.97113164674596
1999-09-01 22:00:00,263.93496049370185
1999-09-02 22:00:00,263.93496049370185
1999-09-03 22:00:00,263.93496049370185
1999-09-06 22:00:00,263.93496049370185
1999-09-07 22:00:00,263.93496049370185
1999-09-08 22:00:00,263.93496049370185
1999-09-09 22:00:00,263.93496049370185
1999-09-10 22:00:00,263.93496049370185
1999-09-13 22:00:00,263.93496049370185
1999-09-14 22:00:00,263.93496049370185
1999-09-15 22:00:00,263.93496049370185
1999-09-16 22:00:00,263.93496049370185
1999-09-17 22:00:00,263.93496049370185
1999-09-20 22:00:00,263.93496049370185
1999-09-21 22:00:00,263.93496049370185
1999-09-22 22:00:00,263.93496049370185
1999-09-23 22:00:00,263.93496049370185
1999-09-24 22:00:00,263.93496049370185
1999-09-27 22:00:00,263.93496049370185
1999-09-28 22:00:00,263.93496049370185
1999-09-29 22:00:00,263.93496049370185
1999-09-30 22:00:00,263.93496049370185
1999-10-01 22:00:00,309.7500857114765
1999-10-04 22:00:00,309.7500857114765
1999-10-05 22:00:00,309.7500857114765
1999-10-06 22:00:00,309.7500857114765
1999-10-07 22:00:00,309.7500857114765
1999-10-08 22:00:00,309.7500857114765
1999-10-11 22:00:00,309.7500857114765
1999-10-12 22:00:00,309.7500857114765
1999-10-13 22:00:00,309.7500857114765
1999-10-14 22:00:00,309.7500857114765
1999-10-15 22:00:00,309.7500857114765
1999-10-18 22:00:00,309.7500857114765
1999-10-19 22:00:00,309.7500857114765
1999-10-20 22:00:00,309.7500857114765
1999-10-21 22:00:00,309.7500857114765
1999-10-22 22:00:00,309.7500857114765
1999-10-25 22:00:00,309.7500857114765
1999-10-26 22:00:00,309.7500857114765
1999-10-27 22:00:00,309.7500857114765
1999-10-28 22:00:00,309.7500857114765
1999-10-29 22:00:00,309.7500857114765
1999-11-01 22:00:00,291.82242801756473
1999-11-02 22:00:00,291.82242801756473
1999-11-03 22:00:00,291.82242801756473
1999-11-04 22:00:00,291.82242801756473
1999-11-05 22:00:00,291.82242801756473
1999-11-08 22:00:00,291.82242801756473
1999-11-09 22:00:00,291.82242801756473
1999-11-10 22:00:00,291.82242801756473
1999-11-11 22:00:00,291.82242801756473
1999-11-12 22:00:00,291.82242801756473
1999-11-15 22:00:00,291.82242801756473
1999-11-16 22:00:00,291.82242801756473
1999-11-17 22:00:00,291.82242801756473
1999-11-18 22:00:00,291.82242801756473
1999-11-19 22:00:00,291.82242801756473
1999-11-22 22:00:00,291.82242801756473
1999-11-23 22:00:00,291.82242801756473
1999-11-24 22:00:00,291.82242801756473
1999-11-25 22:00:00,291.82242801756473
1999-11-26 22:00:00,291.82242801756473
1999-11-29 22:00:00,291.82242801756473
1999-11-30 22:00:00,291.82242801756473
1999-12-01 22:00:00,281.8626181876137
1999-12-02 22:00:00,281.8626181876137
1999-12-03 22:00:00,281.8626181876137
1999-12-06 22:00:00,281.8626181876137
1999-12-07 22:00:00,281.8626181876137
1999-12-08 22:00:00,281.8626181876137
1999-12-09 22:00:00,281.8626181876137
1999-12-10 22:00:00,281.8626181876137
1999-12-13 22:00:00,281.8626181876137
1999-12-14 22:00:00,281.8626181876137
1999-12-15 22:00:00,281.8626181876137
1999-12-16 22:00:00,281.8626181876137
1999-12-17 22:00:00,281.8626181876137
1999-12-20 22:00:00,281.8626181876137
1999-12-21 22:00:00,281.8626181876137
1999-12-22 22:00:00,281.8626181876137
1999-12-23 22:00:00,281.8626181876137
1999-12-24 22:00:00,281.8626181876137
1999-12-27 22:00:00,281.8626181876137
1999-12-28 22:00:00,281.8626181876137
1999-12-29 22:00:00,281.8626181876137
1999-12-30 22:00:00,281.8626181876137
1999-12-31 22:00:00,281.8626181876137
2000-01-03 22:00:00,281.8626181876137
2000-01-04 22:00:00,281.8626181876137
2000-01-05 22:00:00,281.8626181876137
2000-01-06 22:00:00,281.8626181876137
2000-01-07 22:00:00,281.8626181876137
2000-01-10 22:00:00,281.8626181876137
2000-01-11 22:00:00,281.8626181876137
2000-01-12 22:00:00,281.8626181876137
2000-01-13 22:00:00,281.8626181876137
2000-01-14 22:00:00,281.8626181876137
2000-01-17 22:00:00,281.8626181876137
2000-01-18 22:00:00,281.8626181876137
2000-01-19 22:00:00,281.8626181876137
2000-01-20 22:00:00,281.8626181876137
2000-01-21 22:00:00,281.8626181876137
2000-01-24 22:00:00,281.8626181876137
2000-01-25 22:00:00,281.8626181876137
2000-01-26 22:00:00,281.8626181876137
2000-01-27 22:00:00,281.8626181876137
2000-01-28 22:00:00,281.8626181876137
2000-01-31 22:00:00,281.8626181876137
2000-02-01 22:00:00,298.79429489853044
2000-02-02 22:00:00,298.79429489853044
2000-02-03 22:00:00,298.79429489853044
2000-02-04 22:00:00,298.79429489853044
2000-02-07 22:00:00,298.79429489853044
2000-02-08 22:00:00,298.79429489853044
2000-02-09 22:00:00,298.79429489853044
2000-02-10 22:00:00,298.79429489853044
2000-02-11 22:00:00,298.79429489853044
2000-02-14 22:00:00,298.79429489853044
2000-02-15 22:00:00,298.79429489853044
2000-02-16 22:00:00,298.79429489853044
2000-02-17 22:00:00,298.79429489853044
2000-02-18 22:00:00,298.79429489853044
2000-02-21 22:00:00,298.79429489853044
2000-02-22 22:00:00,298.79429489853044
2000-02-23 22:00:00,298.79429489853044
2000-02-24 22:00:00,298.79429489853044
2000-02-25 22:00:00,298.79429489853044
2000-02-28 22:00:00,298.79429489853044
2000-02-29 22:00:00,298.79429489853044
2000-03-01 22:00:00,284.850561136599
2000-03-02 22:00:00,284.850561136599
2000-03-03 22:00:00,284.850561136599
2000-03-06 22:00:00,284.850561136599
2000-03-07 22:00:00,284.850561136599
2000-03-08 22:00:00,284.850561136599
2000-03-09 22:00:00,284.850561136599
2000-03-10 22:00:00,284.850561136599
2000-03-13 22:00:00,284.850561136599
2000-03-14 22:00:00,284.850561136599
2000-03-15 22:00:00,284.850561136599
2000-03-16 22:00:00,284.850561136599
2000-03-17 22:00:00,284.850561136599
2000-03-20 22:00:00,284.850561136599
2000-03-21 22:00:00,284.850561136599
2000-03-22 22:00:00,284.850561136599
2000-03-23 22:00:00,284.850561136599
2000-03-24 22:00:00,284.850561136599
2000-03-27 22:00:00,284.850561136599
2000-03-28 22:00:00,284.850561136599
2000-03-29 22:00:00,284.850561136599
2000-03-30 22:00:00,284.850561136599
2000-03-31 22:00:00,284.850561136599
2000-04-03 22:00:00,284.850561136599
2000-04-04 22:00:00,284.850561136599
2000-04-05 22:00:00,284.850561136599
2000-04-06 22:00:00,284.850561136599
2000-04-07 22:00:00,284.850561136599
2000-04-10 22:00:00,284.850561136599
2000-04-11 22:00:00,284.850561136599
2000-04-12 22:00:00,284.850561136599
2000-04-13 22:00:00,284.850561136599
2000-04-14 22:00:00,284.850561136599
2000-04-17 22:00:00,284.850561136599
2000-04-18 22:00:00,284.850561136599
2000-04-19 22:00:00,284.850561136599
2000-04-20 22:00:00,284.850561136599
2000-04-21 22:00:00,284.850561136599
2000-04-24 22:00:00,284.850561136599
2000-04-25 22:00:00,284.850561136599
2000-04-26 22:00:00,284.850561136599
2000-04-27 22:00:00,284.850561136599
2000-04-28 22:00:00,284.850561136599
2000-05-01 22:00:00,273.8947703236529
2000-05-02 22:00:00,273.8947703236529
2000-05-03 22:00:00,273.8947703236529
2000-05-04 22:00:00,273.8947703236529
2000-05-05 22:00:00,273.8947703236529
2000-05-08 22:00:00,273.8947703236529
2000-05-09 22:00:00,273.8947703236529
2000-05-10 22:00:00,273.8947703236529
2000-05-11 22:00:00,273.8947703236529
2000-05-12 22:00:00,273.8947703236529
2000-05-15 22:00:00,273.8947703236529
2000-05-16 22:00:00,273.8947703236529
2000-05-17 22:00:00,273.8947703236529
2000-05-18 22:00:00,273.8947703236529
2000-05-19 22:00:00,273.8947703236529
2000-05-22 22:00:00,273.8947703236529
2000-05-23 22:00:00,273.8947703236529
2000-05-24 22:00:00,273.8947703236529
2000-05-25 22:00:00,273.8947703236529
2000-05-26 22:00:00,273.8947703236529
2000-05-29 22:00:00,273.8947703236529
2000-05-30 22:00:00,273.8947703236529
2000-05-31 22:00:00,273.8947703236529
2000-06-01 22:00:00,284.850561136599
2000-06-02 22:00:00,284.850561136599
2000-06-05 22:00:00,284.850561136599
2000-06-06 22:00:00,284.850561136599
2000-06-07 22:00:00,284.850561136599
2000-06-08 22:00:00,284.850561136599
2000-06-09 22:00:00,284.850561136599
2000-06-12 22:00:00,284.850561136599
2000-06-13 22:00:00,284.850561136599
2000-06-14 22:00:00,284.850561136599
2000-06-15 22:00:00,284.850561136599
2000-06-16 22:00:00,284.850561136599
2000-06-19 22:00:00,284.850561136599
2000-06-20 22:00:00,284.850561136599
2000-06-21 22:00:00,284.850561136599
2000-06-22 22:00:00,284.850561136599
2000-06-23 22:00:00,284.850561136599
2000-06-26 22:00:00,284.850561136599
2000-06-27 22:00:00,284.850561136599
2000-06-28 22:00:00,284.850561136599
2000-06-29 22:00:00,284.850561136599
2000-06-30 22:00:00,284.850561136599
2000-07-03 22:00:00,284.850561136599
2000-07-04 22:00:00,284.850561136599
2000-07-05 22:00:00,284.850561136599
2000-07-06 22:00:00,284.850561136599
2000-07-07 22:00:00,284.850561136599
2000-07-10 22:00:00,284.850561136599
2000-07-11 22:00:00,284.850561136599
2000-07-12 22:00:00,284.850561136599
2000-07-13 22:00:00,284.850561136599
2000-07-14 22:00:00,284.850561136599
2000-07-17 22:00:00,284.850561136599
2000-07-18 22:00:00,284.850561136599
2000-07-19 22:00:00,284.850561136599
2000-07-20 22:00:00,284.850561136599
2000-07-21 22:00:00,284.850561136599
2000-07-24 22:00:00,284.850561136599
2000-07-25 22:00:00,284.850561136599
2000-07-26 22:00:00,284.850561136599
2000-07-27 22:00:00,284.850561136599
2000-07-28 22:00:00,284.850561136599
2000-07-31 22:00:00,284.850561136599
2000-08-01 22:00:00,273.3669004026655
2000-08-02 22:00:00,273.3669004026655
2000-08-03 22:00:00,273.3669004026655
2000-08-04 22:00:00,273.3669004026655
2000-08-07 22:00:00,273.3669004026655
2000-08-08 22:00:00,273.3669004026655
2000-08-09 22:00:00,273.3669004026655
2000-08-10 22:00:00,273.3669004026655
2000-08-11 22:00:00,273.3669004026655
2000-08-14 22:00:00,273.3669004026655
2000-08-15 22:00:00,273.3669004026655
2000-08-16 22:00:00,273.3669004026655
2000-08-17 22:00:00,273.3669004026655
2000-08-18 22:00:00,273.3669004026655
2000-08-21 22:00:00,273.3669004026655
2000-08-22 22:00:00,273.3669004026655
2000-08-23 22:00:00,273.3669004026655
2000-08-24 22:00:00,273.3669004026655
2000-08-25 22:00:00,273.3669004026655
2000-08-28 22:00:00,273.3669004026655
2000-08-29 22:00:00,273.3669004026655
2000-08-30 22:00:00,273.8999938964844
2000-08-31 22:00:00,278.29998779296875
2000-09-01 22:00:00,277.0
2000-09-05 22:00:00,275.79998779296875
2000-09-06 22:00:00,274.20001220703125
2000-09-07 22:00:00,274.0
2000-09-08 22:00:00,273.29998779296875
2000-09-11 22:00:00,273.1000061035156
2000-09-12 22:00:00,272.8999938964844
2000-09-13 22:00:00,272.79998779296875
2000-09-14 22:00:00,272.3999938964844
2000-09-15 22:00:00,272.29998779296875
2000-09-18 22:00:00,271.3999938964844
2000-09-19 22:00:00,271.8999938964844
2000-09-20 22:00:00,269.0
2000-09-21 22:00:00,270.29998779296875
2000-09-22 22:00:00,271.79998779296875
2000-09-25 22:00:00,274.1000061035156
2000-09-26 22:00:00,273.8999938964844
2000-09-27 22:00:00,278.3999938964844
2000-09-28 22:00:00,275.6000061035156
2000-09-29 22:00:00,273.6000061035156
2000-10-02 22:00:00,273.1000061035156
2000-10-03 22:00:00,271.6000061035156
2000-10-04 22:00:00,270.29998779296875
2000-10-05 22:00:00,270.6000061035156
2000-10-06 22:00:00,269.29998779296875
2000-10-09 22:00:00,270.1000061035156
2000-10-10 22:00:00,272.3999938964844
2000-10-11 22:00:00,270.5
2000-10-12 22:00:00,276.3999938964844
2000-10-13 22:00:00,272.3999938964844
2000-10-16 22:00:00,271.5
2000-10-17 22:00:00,271.1000061035156
2000-10-18 22:00:00,270.29998779296875
2000-10-19 22:00:00,270.1000061035156
2000-10-20 22:00:00,271.20001220703125
2000-10-23 22:00:00,270.1000061035156
2000-10-24 22:00:00,270.1000061035156
2000-10-25 22:00:00,266.20001220703125
2000-10-26 22:00:00,264.8999938964844
2000-10-27 22:00:00,264.3999938964844
2000-10-30 22:00:00,264.29998779296875
2000-10-31 22:00:00,264.8999938964844
2000-11-01 22:00:00,263.8999938964844
2000-11-02 22:00:00,264.3999938964844
2000-11-03 22:00:00,264.6000061035156
2000-11-06 22:00:00,264.5
2000-11-07 22:00:00,264.29998779296875
2000-11-08 22:00:00,265.0
2000-11-09 22:00:00,265.79998779296875
2000-11-10 22:00:00,264.5
2000-11-13 22:00:00,264.29998779296875
2000-11-14 22:00:00,264.8999938964844
2000-11-15 22:00:00,265.1000061035156
2000-11-16 22:00:00,265.79998779296875
2000-11-17 22:00:00,265.70001220703125
2000-11-20 22:00:00,266.29998779296875
2000-11-21 22:00:00,265.70001220703125
2000-11-22 22:00:00,266.29998779296875
2000-11-27 22:00:00,270.1000061035156
2000-11-28 22:00:00,269.79998779296875
2000-11-29 22:00:00,266.3999938964844
2000-11-30 22:00:00,270.1000061035156
2000-12-01 22:00:00,268.70001220703125
2000-12-04 22:00:00,270.70001220703125
2000-12-05 22:00:00,270.3999938964844
2000-12-06 22:00:00,274.29998779296875
2000-12-07 22:00:00,273.20001220703125
2000-12-08 22:00:00,272.20001220703125
2000-12-11 22:00:00,270.20001220703125
2000-12-12 22:00:00,270.29998779296875
2000-12-13 22:00:00,268.6000061035156
2000-12-14 22:00:00,269.0
2000-12-15 22:00:00,270.3999938964844
2000-12-18 22:00:00,269.70001220703125
2000-12-19 22:00:00,269.70001220703125
2000-12-20 22:00:00,272.5
2000-12-21 22:00:00,273.70001220703125
2000-12-22 22:00:00,273.70001220703125
2000-12-26 22:00:00,274.1000061035156
2000-12-27 22:00:00,275.20001220703125
2000-12-28 22:00:00,271.70001220703125
2000-12-29 22:00:00,272.0
2001-01-02 22:00:00,268.3999938964844
2001-01-03 22:00:00,268.0
2001-01-04 22:00:00,267.29998779296875
2001-01-05 22:00:00,268.0
2001-01-08 22:00:00,268.0
2001-01-09 22:00:00,267.5
2001-01-10 22:00:00,264.70001220703125
2001-01-11 22:00:00,264.0
2001-01-12 22:00:00,263.8999938964844
2001-01-16 22:00:00,263.29998779296875
2001-01-17 22:00:00,263.20001220703125
2001-01-18 22:00:00,264.20001220703125
2001-01-19 22:00:00,264.29998779296875
2001-01-22 22:00:00,266.3999938964844
2001-01-23 22:00:00,266.1000061035156
2001-01-24 22:00:00,264.29998779296875
2001-01-25 22:00:00,264.5
2001-01-26 22:00:00,262.79998779296875
2001-01-29 22:00:00,262.79998779296875
2001-01-30 22:00:00,265.5
2001-01-31 22:00:00,265.6000061035156
2001-02-01 22:00:00,268.5
2001-02-02 22:00:00,267.1000061035156
2001-02-05 22:00:00,265.20001220703125
2001-02-06 22:00:00,263.29998779296875
2001-02-07 22:00:00,262.79998779296875
2001-02-08 22:00:00,260.1000061035156
2001-02-09 22:00:00,259.8999938964844
2001-02-12 22:00:00,260.70001220703125
2001-02-13 22:00:00,260.29998779296875
2001-02-14 22:00:00,259.3999938964844
2001-02-15 22:00:00,255.1000061035156
2001-02-16 22:00:00,258.20001220703125
2001-02-20 22:00:00,256.1000061035156
2001-02-21 22:00:00,258.20001220703125
2001-02-22 22:00:00,258.5
2001-02-23 22:00:00,260.8999938964844
2001-02-26 22:00:00,265.79998779296875
2001-02-27 22:00:00,267.3999938964844
2001-02-28 22:00:00,266.79998779296875
2001-03-01 22:00:00,265.20001220703125
2001-03-02 22:00:00,262.1000061035156
2001-03-05 22:00:00,262.5
2001-03-06 22:00:00,259.8999938964844
2001-03-07 22:00:00,261.3999938964844
2001-03-08 22:00:00,265.3999938964844
2001-03-09 22:00:00,270.79998779296875
2001-03-12 22:00:00,271.6000061035156
2001-03-13 22:00:00,266.79998779296875
2001-03-14 22:00:00,262.5
2001-03-15 22:00:00,260.0
2001-03-16 22:00:00,258.1000061035156
2001-03-19 22:00:00,259.79998779296875
2001-03-20 22:00:00,260.5
2001-03-21 22:00:00,261.8999938964844
2001-03-22 22:00:00,261.1000061035156
2001-03-23 22:00:00,261.5
2001-03-26 22:00:00,261.8999938964844
2001-03-27 22:00:00,261.0
2001-03-28 22:00:00,259.70001220703125
2001-03-29 22:00:00,258.79998779296875
2001-03-30 22:00:00,257.8999938964844
2001-04-02 22:00:00,255.6000061035156
2001-04-03 22:00:00,256.79998779296875
2001-04-04 22:00:00,258.3999938964844
2001-04-05 22:00:00,258.1000061035156
2001-04-06 22:00:00,260.0
2001-04-09 22:00:00,258.29998779296875
2001-04-10 22:00:00,257.29998779296875
2001-04-11 22:00:00,258.70001220703125
2001-04-12 22:00:00,260.1000061035156
2001-04-16 22:00:00,263.29998779296875
2001-04-17 22:00:00,261.1000061035156
2001-04-18 22:00:00,261.29998779296875
2001-04-19 22:00:00,265.29998779296875
2001-04-20 22:00:00,264.79998779296875
2001-04-23 22:00:00,263.70001220703125
2001-04-24 22:00:00,264.1000061035156
2001-04-25 22:00:00,262.3999938964844
2001-04-26 22:00:00,264.3999938964844
2001-04-27 22:00:00,263.8999938964844
2001-04-30 22:00:00,264.0
2001-05-01 22:00:00,264.3999938964844
2001-05-02 22:00:00,265.3999938964844
2001-05-03 22:00:00,266.29998779296875
2001-05-04 22:00:00,266.1000061035156
2001-05-07 22:00:00,266.1000061035156
2001-05-08 22:00:00,265.1000061035156
2001-05-09 22:00:00,270.0
2001-05-10 22:00:00,269.1000061035156
2001-05-11 22:00:00,267.8999938964844
2001-05-14 22:00:00,268.29998779296875
2001-05-15 22:00:00,268.1000061035156
2001-05-16 22:00:00,272.0
2001-05-17 22:00:00,273.6000061035156
2001-05-18 22:00:00,287.3999938964844
2001-05-21 22:00:00,285.3999938964844
2001-05-22 22:00:00,285.1000061035156
2001-05-23 22:00:00,283.6000061035156
2001-05-24 22:00:00,279.1000061035156
2001-05-25 22:00:00,277.8999938964844
2001-05-29 22:00:00,273.79998779296875
2001-05-30 22:00:00,265.70001220703125
2001-05-31 22:00:00,265.29998779296875
2001-06-01 22:00:00,266.3999938964844
2001-06-04 22:00:00,264.8999938964844
2001-06-05 22:00:00,265.70001220703125
2001-06-06 22:00:00,265.70001220703125
2001-06-07 22:00:00,266.0
2001-06-08 22:00:00,273.3999938964844
2001-06-11 22:00:00,267.8999938964844
2001-06-12 22:00:00,271.5
2001-06-13 22:00:00,272.0
2001-06-14 22:00:00,275.29998779296875
2001-06-15 22:00:00,271.20001220703125
2001-06-18 22:00:00,272.3999938964844
2001-06-19 22:00:00,273.3999938964844
2001-06-20 22:00:00,272.3999938964844
2001-06-21 22:00:00,272.6000061035156
2001-06-22 22:00:00,272.29998779296875
2001-06-25 22:00:00,273.70001220703125
2001-06-26 22:00:00,276.20001220703125
2001-06-27 22:00:00,272.1000061035156
2001-06-28 22:00:00,269.29998779296875
2001-06-29 22:00:00,270.6000061035156
2001-07-02 22:00:00,269.3999938964844
2001-07-03 22:00:00,267.6000061035156
2001-07-05 22:00:00,265.1000061035156
2001-07-06 22:00:00,265.8999938964844
2001-07-09 22:00:00,266.5
2001-07-10 22:00:00,266.20001220703125
2001-07-11 22:00:00,268.29998779296875
2001-07-12 22:00:00,266.6000061035156
2001-07-13 22:00:00,267.1000061035156
2001-07-16 22:00:00,266.8999938964844
2001-07-17 22:00:00,268.1000061035156
2001-07-18 22:00:00,270.3999938964844
2001-07-19 22:00:00,269.3999938964844
2001-07-20 22:00:00,269.8999938964844
2001-07-23 22:00:00,268.79998779296875
2001-07-24 22:00:00,269.70001220703125
2001-07-25 22:00:00,267.70001220703125
2001-07-26 22:00:00,266.20001220703125
2001-07-27 22:00:00,267.3999938964844
2001-07-30 22:00:00,264.6000061035156
2001-07-31 22:00:00,266.20001220703125
2001-08-01 22:00:00,267.3999938964844
2001-08-02 22:00:00,267.3999938964844
2001-08-03 22:00:00,267.8999938964844
2001-08-06 22:00:00,267.1000061035156
2001-08-07 22:00:00,267.20001220703125
2001-08-08 22:00:00,267.8999938964844
2001-08-09 22:00:00,273.3999938964844
2001-08-10 22:00:00,273.8999938964844
2001-08-13 22:00:00,275.70001220703125
2001-08-14 22:00:00,276.29998779296875
2001-08-15 22:00:00,275.70001220703125
2001-08-16 22:00:00,275.20001220703125
2001-08-17 22:00:00,279.29998779296875
2001-08-20 22:00:00,276.1000061035156
2001-08-21 22:00:00,275.0
2001-08-22 22:00:00,274.8999938964844
2001-08-23 22:00:00,275.29998779296875
2001-08-24 22:00:00,272.5
2001-08-27 22:00:00,272.6000061035156
2001-08-28 22:00:00,272.29998779296875
2001-08-29 22:00:00,273.70001220703125
2001-08-30 22:00:00,275.3999938964844
2001-08-31 22:00:00,274.3999938964844
2001-09-04 22:00:00,271.6000061035156
2001-09-05 22:00:00,272.0
2001-09-06 22:00:00,273.0
2001-09-07 22:00:00,273.1000061035156
2001-09-10 22:00:00,271.6000061035156
2001-09-14 22:00:00,290.20001220703125
2001-09-17 22:00:00,289.79998779296875
2001-09-18 22:00:00,288.1000061035156
2001-09-19 22:00:00,291.5
2001-09-20 22:00:00,289.0
2001-09-21 22:00:00,291.8999938964844
2001-09-24 22:00:00,289.70001220703125
2001-09-25 22:00:00,290.5
2001-09-26 22:00:00,293.29998779296875
2001-09-27 22:00:00,291.70001220703125
2001-09-28 22:00:00,292.3999938964844
2001-10-01 22:00:00,292.20001220703125
2001-10-02 22:00:00,289.8999938964844
2001-10-03 22:00:00,290.5
2001-10-04 22:00:00,290.5
2001-10-05 22:00:00,291.3999938964844
2001-10-08 22:00:00,292.3999938964844
2001-10-09 22:00:00,288.8999938964844
2001-10-10 22:00:00,285.70001220703125
2001-10-11 22:00:00,281.79998779296875
2001-10-12 22:00:00,284.8999938964844
2001-10-15 22:00:00,282.1000061035156
2001-10-16 22:00:00,282.29998779296875
2001-10-17 22:00:00,283.3999938964844
2001-10-18 22:00:00,279.20001220703125
2001-10-19 22:00:00,280.1000061035156
2001-10-22 22:00:00,275.5
2001-10-23 22:00:00,276.1000061035156
2001-10-24 22:00:00,275.8999938964844
2001-10-25 22:00:00,277.79998779296875
2001-10-26 22:00:00,277.8999938964844
2001-10-29 22:00:00,279.1000061035156
2001-10-30 22:00:00,280.6000061035156
2001-10-31 22:00:00,279.5
2001-11-01 22:00:00,279.70001220703125
2001-11-02 22:00:00,279.79998779296875
2001-11-05 22:00:00,278.5
2001-11-06 22:00:00,279.70001220703125
2001-11-07 22:00:00,281.0
2001-11-08 22:00:00,276.79998779296875
2001-11-09 22:00:00,277.3999938964844
2001-11-12 22:00:00,278.29998779296875
2001-11-13 22:00:00,277.79998779296875
2001-11-14 22:00:00,277.79998779296875
2001-11-15 22:00:00,275.1000061035156
2001-11-16 22:00:00,274.70001220703125
2001-11-19 22:00:00,272.70001220703125
2001-11-20 22:00:00,273.0
2001-11-21 22:00:00,272.8999938964844
2001-11-26 22:00:00,272.29998779296875
2001-11-27 22:00:00,273.20001220703125
2001-11-28 22:00:00,274.1000061035156
2001-11-29 22:00:00,273.5
2001-11-30 22:00:00,273.8999938964844
2001-12-03 22:00:00,276.8999938964844
2001-12-04 22:00:00,275.3999938964844
2001-12-05 22:00:00,273.70001220703125
2001-12-06 22:00:00,274.20001220703125
2001-12-07 22:00:00,273.8999938964844
2001-12-10 22:00:00,272.20001220703125
2001-12-11 22:00:00,272.20001220703125
2001-12-12 22:00:00,273.79998779296875
2001-12-13 22:00:00,273.8999938964844
2001-12-14 22:00:00,278.0
2001-12-17 22:00:00,277.70001220703125
2001-12-18 22:00:00,280.3999938964844
2001-12-19 22:00:00,275.5
2001-12-20 22:00:00,276.0
2001-12-21 22:00:00,278.0
2001-12-26 22:00:00,279.70001220703125
2001-12-27 22:00:00,277.3999938964844
2001-12-28 22:00:00,276.5
2001-12-31 22:00:00,278.70001220703125
2002-01-02 22:00:00,278.8999938964844
2002-01-03 22:00:00,278.20001220703125
2002-01-04 22:00:00,278.8999938964844
2002-01-07 22:00:00,278.6000061035156
2002-01-08 22:00:00,278.8999938964844
2002-01-09 22:00:00,283.3999938964844
2002-01-10 22:00:00,287.1000061035156
2002-01-11 22:00:00,287.3999938964844
2002-01-14 22:00:00,285.3999938964844
2002-01-15 22:00:00,284.3999938964844
2002-01-16 22:00:00,287.29998779296875
2002-01-17 22:00:00,284.3999938964844
2002-01-18 22:00:00,283.1000061035156
2002-01-22 22:00:00,281.5
2002-01-23 22:00:00,278.6000061035156
2002-01-24 22:00:00,278.1000061035156
2002-01-25 22:00:00,278.79998779296875
2002-01-28 22:00:00,278.29998779296875
2002-01-29 22:00:00,281.3999938964844
2002-01-30 22:00:00,281.8999938964844
2002-01-31 22:00:00,282.1000061035156
2002-02-01 22:00:00,286.0
2002-02-04 22:00:00,289.29998779296875
2002-02-05 22:00:00,298.20001220703125
2002-02-06 22:00:00,297.5
2002-02-07 22:00:00,299.70001220703125
2002-02-08 22:00:00,303.5
2002-02-11 22:00:00,300.1000061035156
2002-02-12 22:00:00,300.70001220703125
2002-02-13 22:00:00,299.3999938964844
2002-02-14 22:00:00,299.70001220703125
2002-02-15 22:00:00,298.3999938964844
2002-02-19 22:00:00,293.20001220703125
2002-02-20 22:00:00,292.29998779296875
2002-02-21 22:00:00,293.20001220703125
2002-02-22 22:00:00,293.20001220703125
2002-02-25 22:00:00,292.70001220703125
2002-02-26 22:00:00,298.0
2002-02-27 22:00:00,296.29998779296875
2002-02-28 22:00:00,296.70001220703125
2002-03-01 22:00:00,298.0
2002-03-04 22:00:00,296.70001220703125
2002-03-05 22:00:00,294.0
2002-03-06 22:00:00,293.5
2002-03-07 22:00:00,290.1000061035156
2002-03-08 22:00:00,290.1000061035156
2002-03-11 22:00:00,291.1000061035156
2002-03-12 22:00:00,293.6000061035156
2002-03-13 22:00:00,293.6000061035156
2002-03-14 22:00:00,291.0
2002-03-15 22:00:00,289.8999938964844
2002-03-18 22:00:00,292.1000061035156
2002-03-19 22:00:00,292.79998779296875
2002-03-20 22:00:00,292.1000061035156
2002-03-21 22:00:00,292.79998779296875
2002-03-22 22:00:00,297.29998779296875
2002-03-25 22:00:00,297.3999938964844
2002-03-26 22:00:00,296.6000061035156
2002-03-27 22:00:00,302.20001220703125
2002-03-28 22:00:00,302.6000061035156
2002-04-01 22:00:00,303.20001220703125
2002-04-02 22:00:00,305.8999938964844
2002-04-03 22:00:00,302.6000061035156
2002-04-04 22:00:00,301.1000061035156
2002-04-05 22:00:00,300.1000061035156
2002-04-08 22:00:00,300.5
2002-04-09 22:00:00,298.79998779296875
2002-04-10 22:00:00,301.70001220703125
2002-04-11 22:00:00,302.20001220703125
2002-04-12 22:00:00,302.1000061035156
2002-04-15 22:00:00,300.0
2002-04-16 22:00:00,298.79998779296875
2002-04-17 22:00:00,302.1000061035156
2002-04-18 22:00:00,304.5
2002-04-19 22:00:00,302.29998779296875
2002-04-22 22:00:00,303.0
2002-04-23 22:00:00,304.0
2002-04-24 22:00:00,304.29998779296875
2002-04-25 22:00:00,308.1000061035156
2002-04-26 22:00:00,311.6000061035156
2002-04-29 22:00:00,311.20001220703125
2002-04-30 22:00:00,308.8999938964844
2002-05-01 22:00:00,309.1000061035156
2002-05-02 22:00:00,308.29998779296875
2002-05-03 22:00:00,312.20001220703125
2002-05-06 22:00:00,311.20001220703125
2002-05-07 22:00:00,311.6000061035156
2002-05-08 22:00:00,308.20001220703125
2002-05-09 22:00:00,309.5
2002-05-10 22:00:00,311.0
2002-05-13 22:00:00,310.6000061035156
2002-05-14 22:00:00,307.29998779296875
2002-05-15 22:00:00,308.70001220703125
2002-05-16 22:00:00,309.79998779296875
2002-05-17 22:00:00,310.6000061035156
2002-05-20 22:00:00,315.70001220703125
2002-05-21 22:00:00,315.79998779296875
2002-05-22 22:00:00,318.0
2002-05-23 22:00:00,322.5
2002-05-24 22:00:00,320.3999938964844
2002-05-28 22:00:00,323.8999938964844
2002-05-29 22:00:00,325.3999938964844
2002-05-30 22:00:00,325.5
2002-05-31 22:00:00,326.5
2002-06-03 22:00:00,326.70001220703125
2002-06-04 22:00:00,327.79998779296875
2002-06-05 22:00:00,321.20001220703125
2002-06-06 22:00:00,324.8999938964844
2002-06-07 22:00:00,324.6000061035156
2002-06-10 22:00:00,318.70001220703125
2002-06-11 22:00:00,319.70001220703125
2002-06-12 22:00:00,320.29998779296875
2002-06-13 22:00:00,317.70001220703125
2002-06-14 22:00:00,319.1000061035156
2002-06-17 22:00:00,317.3999938964844
2002-06-18 22:00:00,319.20001220703125
2002-06-19 22:00:00,319.79998779296875
2002-06-20 22:00:00,323.20001220703125
2002-06-21 22:00:00,324.6000061035156
2002-06-24 22:00:00,324.29998779296875
2002-06-25 22:00:00,320.20001220703125
2002-06-26 22:00:00,320.5
2002-06-27 22:00:00,319.20001220703125
2002-06-28 22:00:00,313.5
2002-07-01 22:00:00,314.0
2002-07-02 22:00:00,312.79998779296875
2002-07-03 22:00:00,310.8999938964844
2002-07-08 22:00:00,312.1000061035156
2002-07-09 22:00:00,316.1000061035156
2002-07-10 22:00:00,314.70001220703125
2002-07-11 22:00:00,317.20001220703125
2002-07-12 22:00:00,315.6000061035156
2002-07-15 22:00:00,319.6000061035156
2002-07-16 22:00:00,317.20001220703125
2002-07-17 22:00:00,317.3999938964844
2002-07-18 22:00:00,317.0
2002-07-19 22:00:00,323.8999938964844
2002-07-22 22:00:00,323.6000061035156
2002-07-23 22:00:00,312.70001220703125
2002-07-24 22:00:00,311.5
2002-07-25 22:00:00,309.79998779296875
2002-07-26 22:00:00,303.3999938964844
2002-07-29 22:00:00,302.5
2002-07-30 22:00:00,303.70001220703125
2002-07-31 22:00:00,303.20001220703125
2002-08-01 22:00:00,304.0
2002-08-02 22:00:00,307.0
2002-08-05 22:00:00,307.79998779296875
2002-08-06 22:00:00,305.5
2002-08-07 22:00:00,314.29998779296875
2002-08-08 22:00:00,310.3999938964844
2002-08-09 22:00:00,314.20001220703125
2002-08-12 22:00:00,314.1000061035156
2002-08-13 22:00:00,314.20001220703125
2002-08-14 22:00:00,311.79998779296875
2002-08-15 22:00:00,314.29998779296875
2002-08-16 22:00:00,313.70001220703125
2002-08-19 22:00:00,306.0
2002-08-20 22:00:00,308.70001220703125
2002-08-21 22:00:00,307.6000061035156
2002-08-22 22:00:00,306.6000061035156
2002-08-23 22:00:00,306.70001220703125
2002-08-26 22:00:00,309.3999938964844
2002-08-27 22:00:00,312.29998779296875
2002-08-28 22:00:00,309.3999938964844
2002-08-29 22:00:00,312.8999938964844
2002-08-30 22:00:00,312.3999938964844
2002-09-03 22:00:00,313.3999938964844
2002-09-04 22:00:00,314.8999938964844
2002-09-05 22:00:00,318.20001220703125
2002-09-06 22:00:00,319.8999938964844
2002-09-09 22:00:00,321.29998779296875
2002-09-10 22:00:00,317.8999938964844
2002-09-11 22:00:00,316.6000061035156
2002-09-12 22:00:00,318.8999938964844
2002-09-13 22:00:00,316.6000061035156
2002-09-16 22:00:00,317.1000061035156
2002-09-17 22:00:00,317.0
2002-09-18 22:00:00,320.6000061035156
2002-09-19 22:00:00,322.6000061035156
2002-09-20 22:00:00,321.8999938964844
2002-09-23 22:00:00,323.0
2002-09-24 22:00:00,325.8999938964844
2002-09-25 22:00:00,322.20001220703125
2002-09-26 22:00:00,320.29998779296875
2002-09-27 22:00:00,319.70001220703125
2002-09-30 22:00:00,323.8999938964844
2002-10-01 22:00:00,320.8999938964844
2002-10-02 22:00:00,321.5
2002-10-03 22:00:00,321.1000061035156
2002-10-04 22:00:00,322.1000061035156
2002-10-07 22:00:00,321.8999938964844
2002-10-08 22:00:00,318.20001220703125
2002-10-09 22:00:00,319.6000061035156
2002-10-10 22:00:00,316.5
2002-10-11 22:00:00,316.29998779296875
2002-10-14 22:00:00,317.79998779296875
2002-10-15 22:00:00,312.6000061035156
2002-10-16 22:00:00,314.0
2002-10-17 22:00:00,311.6000061035156
2002-10-18 22:00:00,312.70001220703125
2002-10-21 22:00:00,310.8999938964844
2002-10-22 22:00:00,313.0
2002-10-23 22:00:00,312.0
2002-10-24 22:00:00,310.70001220703125
2002-10-25 22:00:00,313.3999938964844
2002-10-28 22:00:00,315.20001220703125
2002-10-29 22:00:00,317.70001220703125
2002-10-30 22:00:00,316.5
2002-10-31 22:00:00,318.0
2002-11-01 22:00:00,318.79998779296875
2002-11-04 22:00:00,318.29998779296875
2002-11-05 22:00:00,318.20001220703125
2002-11-06 22:00:00,317.5
2002-11-07 22:00:00,320.5
2002-11-08 22:00:00,321.29998779296875
2002-11-11 22:00:00,321.20001220703125
2002-11-12 22:00:00,324.5
2002-11-13 22:00:00,318.70001220703125
2002-11-14 22:00:00,317.8999938964844
2002-11-15 22:00:00,320.70001220703125
2002-11-18 22:00:00,319.20001220703125
2002-11-19 22:00:00,318.6000061035156
2002-11-20 22:00:00,317.3999938964844
2002-11-21 22:00:00,317.3999938964844
2002-11-22 22:00:00,320.70001220703125
2002-11-25 22:00:00,317.79998779296875
2002-11-26 22:00:00,317.70001220703125
2002-11-27 22:00:00,316.79998779296875
2002-12-02 22:00:00,317.6000061035156
2002-12-03 22:00:00,320.20001220703125
2002-12-04 22:00:00,322.20001220703125
2002-12-05 22:00:00,324.79998779296875
2002-12-06 22:00:00,326.29998779296875
2002-12-09 22:00:00,325.79998779296875
2002-12-10 22:00:00,323.5
2002-12-11 22:00:00,324.79998779296875
2002-12-12 22:00:00,331.3999938964844
2002-12-13 22:00:00,333.20001220703125
2002-12-16 22:00:00,337.0
2002-12-17 22:00:00,337.3999938964844
2002-12-18 22:00:00,342.1000061035156
2002-12-19 22:00:00,345.8999938964844
2002-12-20 22:00:00,340.5
2002-12-23 22:00:00,345.1000061035156
2002-12-24 22:00:00,346.79998779296875
2002-12-26 22:00:00,348.8999938964844
2002-12-27 22:00:00,349.20001220703125
2002-12-30 22:00:00,343.3999938964844
2002-12-31 22:00:00,347.6000061035156
2003-01-02 22:00:00,346.1000061035156
2003-01-03 22:00:00,351.20001220703125
2003-01-06 22:00:00,351.70001220703125
2003-01-07 22:00:00,347.29998779296875
2003-01-08 22:00:00,353.8999938964844
2003-01-09 22:00:00,353.29998779296875
2003-01-10 22:00:00,354.5
2003-01-13 22:00:00,354.70001220703125
2003-01-14 22:00:00,352.0
2003-01-15 22:00:00,350.70001220703125
2003-01-16 22:00:00,357.70001220703125
2003-01-17 22:00:00,356.6000061035156
2003-01-21 22:00:00,357.29998779296875
2003-01-22 22:00:00,359.70001220703125
2003-01-23 22:00:00,364.5
2003-01-24 22:00:00,368.2000122070313
2003-01-27 22:00:00,369.3999938964844
2003-01-28 22:00:00,370.0
2003-01-29 22:00:00,366.2999877929688
2003-01-30 22:00:00,368.6000061035156
2003-01-31 22:00:00,368.2999877929688
2003-02-03 22:00:00,370.7999877929688
2003-02-04 22:00:00,379.0
2003-02-05 22:00:00,376.3999938964844
2003-02-06 22:00:00,370.1000061035156
2003-02-07 22:00:00,369.8999938964844
2003-02-10 22:00:00,363.7000122070313
2003-02-11 22:00:00,362.5
2003-02-12 22:00:00,352.6000061035156
2003-02-13 22:00:00,357.3999938964844
2003-02-14 22:00:00,351.8999938964844
2003-02-18 22:00:00,344.20001220703125
2003-02-19 22:00:00,349.8999938964844
2003-02-20 22:00:00,353.1000061035156
2003-02-21 22:00:00,351.79998779296875
2003-02-24 22:00:00,356.29998779296875
2003-02-25 22:00:00,352.29998779296875
2003-02-26 22:00:00,354.0
2003-02-27 22:00:00,346.1000061035156
2003-02-28 22:00:00,350.20001220703125
2003-03-03 22:00:00,349.20001220703125
2003-03-04 22:00:00,353.20001220703125
2003-03-05 22:00:00,353.1000061035156
2003-03-06 22:00:00,356.79998779296875
2003-03-07 22:00:00,350.79998779296875
2003-03-10 22:00:00,354.70001220703125
2003-03-11 22:00:00,350.5
2003-03-12 22:00:00,346.5
2003-03-13 22:00:00,335.8999938964844
2003-03-14 22:00:00,336.5
2003-03-17 22:00:00,337.1000061035156
2003-03-18 22:00:00,337.6000061035156
2003-03-19 22:00:00,336.1000061035156
2003-03-20 22:00:00,332.8999938964844
2003-03-21 22:00:00,326.0
2003-03-24 22:00:00,329.5
2003-03-25 22:00:00,328.3999938964844
2003-03-26 22:00:00,330.29998779296875
2003-03-27 22:00:00,328.70001220703125
2003-03-28 22:00:00,328.70001220703125
2003-03-31 22:00:00,335.8999938964844
2003-04-01 22:00:00,334.29998779296875
2003-04-02 22:00:00,329.6000061035156
2003-04-03 22:00:00,324.8999938964844
2003-04-04 22:00:00,325.29998779296875
2003-04-07 22:00:00,321.5
2003-04-08 22:00:00,322.20001220703125
2003-04-09 22:00:00,325.6000061035156
2003-04-10 22:00:00,326.70001220703125
2003-04-11 22:00:00,327.8999938964844
2003-04-14 22:00:00,324.20001220703125
2003-04-15 22:00:00,324.8999938964844
2003-04-16 22:00:00,325.79998779296875
2003-04-17 22:00:00,327.20001220703125
2003-04-21 22:00:00,333.5
2003-04-22 22:00:00,334.3999938964844
2003-04-23 22:00:00,331.5
2003-04-24 22:00:00,334.79998779296875
2003-04-25 22:00:00,333.3999938964844
2003-04-28 22:00:00,334.5
2003-04-29 22:00:00,333.70001220703125
2003-04-30 22:00:00,339.1000061035156
2003-05-01 22:00:00,342.1000061035156
2003-05-02 22:00:00,341.0
2003-05-05 22:00:00,342.29998779296875
2003-05-06 22:00:00,342.5
2003-05-07 22:00:00,341.8999938964844
2003-05-08 22:00:00,348.3999938964844
2003-05-09 22:00:00,348.6000061035156
2003-05-12 22:00:00,351.6000061035156
2003-05-13 22:00:00,350.0
2003-05-14 22:00:00,352.29998779296875
2003-05-15 22:00:00,352.6000061035156
2003-05-16 22:00:00,354.70001220703125
2003-05-19 22:00:00,364.2000122070313
2003-05-20 22:00:00,366.2999877929688
2003-05-21 22:00:00,372.0
2003-05-22 22:00:00,368.1000061035156
2003-05-23 22:00:00,368.7999877929688
2003-05-27 22:00:00,367.7999877929688
2003-05-28 22:00:00,365.2000122070313
2003-05-29 22:00:00,369.6000061035156
2003-05-30 22:00:00,364.5
2003-06-02 22:00:00,366.0
2003-06-03 22:00:00,365.2000122070313
2003-06-04 22:00:00,362.6000061035156
2003-06-05 22:00:00,368.6000061035156
2003-06-06 22:00:00,363.7000122070313
2003-06-09 22:00:00,361.7999877929688
2003-06-10 22:00:00,352.20001220703125
2003-06-11 22:00:00,355.5
2003-06-12 22:00:00,353.29998779296875
2003-06-13 22:00:00,356.6000061035156
2003-06-16 22:00:00,359.0
2003-06-17 22:00:00,363.2000122070313
2003-06-18 22:00:00,357.20001220703125
2003-06-19 22:00:00,361.2999877929688
2003-06-20 22:00:00,356.29998779296875
2003-06-23 22:00:00,353.0
2003-06-24 22:00:00,346.29998779296875
2003-06-25 22:00:00,349.29998779296875
2003-06-26 22:00:00,343.8999938964844
2003-06-27 22:00:00,345.20001220703125
2003-06-30 22:00:00,346.0
2003-07-01 22:00:00,351.3999938964844
2003-07-02 22:00:00,351.29998779296875
2003-07-03 22:00:00,351.0
2003-07-07 22:00:00,348.1000061035156
2003-07-08 22:00:00,344.1000061035156
2003-07-09 22:00:00,343.6000061035156
2003-07-10 22:00:00,344.29998779296875
2003-07-11 22:00:00,344.79998779296875
2003-07-14 22:00:00,347.70001220703125
2003-07-15 22:00:00,342.1000061035156
2003-07-16 22:00:00,343.1000061035156
2003-07-17 22:00:00,344.20001220703125
2003-07-18 22:00:00,347.20001220703125
2003-07-21 22:00:00,350.8999938964844
2003-07-22 22:00:00,350.6000061035156
2003-07-23 22:00:00,358.6000061035156
2003-07-24 22:00:00,362.2000122070313
2003-07-25 22:00:00,362.7000122070313
2003-07-28 22:00:00,364.7999877929688
2003-07-29 22:00:00,361.7000122070313
2003-07-30 22:00:00,356.20001220703125
2003-07-31 22:00:00,354.0
2003-08-01 22:00:00,346.1000061035156
2003-08-04 22:00:00,349.20001220703125
2003-08-05 22:00:00,349.6000061035156
2003-08-06 22:00:00,350.79998779296875
2003-08-07 22:00:00,352.5
2003-08-08 22:00:00,356.29998779296875
2003-08-11 22:00:00,361.7000122070313
2003-08-12 22:00:00,358.5
2003-08-13 22:00:00,362.1000061035156
2003-08-14 22:00:00,366.0
2003-08-15 22:00:00,363.2000122070313
2003-08-18 22:00:00,358.3999938964844
2003-08-19 22:00:00,361.6000061035156
2003-08-20 22:00:00,365.6000061035156
2003-08-21 22:00:00,360.6000061035156
2003-08-22 22:00:00,363.1000061035156
2003-08-25 22:00:00,361.2999877929688
2003-08-26 22:00:00,365.7999877929688
2003-08-27 22:00:00,373.5
2003-08-28 22:00:00,370.5
2003-08-29 22:00:00,375.7000122070313
2003-09-02 22:00:00,373.2000122070313
2003-09-03 22:00:00,373.8999938964844
2003-09-04 22:00:00,372.8999938964844
2003-09-05 22:00:00,377.6000061035156
2003-09-08 22:00:00,375.1000061035156
2003-09-09 22:00:00,381.7000122070313
2003-09-10 22:00:00,380.0
2003-09-11 22:00:00,379.7000122070313
2003-09-12 22:00:00,375.7999877929688
2003-09-15 22:00:00,374.5
2003-09-16 22:00:00,373.5
2003-09-17 22:00:00,376.2000122070313
2003-09-18 22:00:00,376.6000061035156
2003-09-19 22:00:00,381.7999877929688
2003-09-22 22:00:00,387.2000122070313
2003-09-23 22:00:00,385.8999938964844
2003-09-24 22:00:00,387.5
2003-09-25 22:00:00,385.0
2003-09-26 22:00:00,380.7999877929688
2003-09-29 22:00:00,382.3999938964844
2003-09-30 22:00:00,385.3999938964844
2003-10-01 22:00:00,384.2999877929688
2003-10-02 22:00:00,383.1000061035156
2003-10-03 22:00:00,369.3999938964844
2003-10-06 22:00:00,372.7000122070313
2003-10-07 22:00:00,377.2000122070313
2003-10-08 22:00:00,375.3999938964844
2003-10-09 22:00:00,369.2000122070313
2003-10-10 22:00:00,373.6000061035156
2003-10-13 22:00:00,375.2000122070313
2003-10-14 22:00:00,375.7000122070313
2003-10-15 22:00:00,372.6000061035156
2003-10-16 22:00:00,372.7000122070313
2003-10-17 22:00:00,371.7999877929688
2003-10-20 22:00:00,374.0
2003-10-21 22:00:00,381.7000122070313
2003-10-22 22:00:00,386.5
2003-10-23 22:00:00,384.7000122070313
2003-10-24 22:00:00,388.8999938964844
2003-10-27 22:00:00,387.8999938964844
2003-10-28 22:00:00,383.2000122070313
2003-10-29 22:00:00,386.7999877929688
2003-10-30 22:00:00,384.2999877929688
2003-10-31 22:00:00,384.5
2003-11-03 22:00:00,377.0
2003-11-04 22:00:00,379.8999938964844
2003-11-05 22:00:00,382.6000061035156
2003-11-06 22:00:00,380.6000061035156
2003-11-07 22:00:00,383.2999877929688
2003-11-10 22:00:00,386.6000061035156
2003-11-11 22:00:00,388.1000061035156
2003-11-12 22:00:00,394.8999938964844
2003-11-13 22:00:00,394.1000061035156
2003-11-14 22:00:00,397.7999877929688
2003-11-17 22:00:00,391.5
2003-11-18 22:00:00,397.6000061035156
2003-11-19 22:00:00,394.8999938964844
2003-11-20 22:00:00,393.7000122070313
2003-11-21 22:00:00,396.0
2003-11-24 22:00:00,391.5
2003-11-25 22:00:00,391.1000061035156
2003-11-26 22:00:00,396.7999877929688
2003-12-01 22:00:00,402.7000122070313
2003-12-02 22:00:00,403.7000122070313
2003-12-03 22:00:00,403.8999938964844
2003-12-04 22:00:00,403.2999877929688
2003-12-05 22:00:00,406.3999938964844
2003-12-08 22:00:00,406.6000061035156
2003-12-09 22:00:00,408.2000122070313
2003-12-10 22:00:00,406.2000122070313
2003-12-11 22:00:00,404.6000061035156
2003-12-12 22:00:00,409.3999938964844
2003-12-15 22:00:00,409.2000122070313
2003-12-16 22:00:00,407.7000122070313
2003-12-17 22:00:00,412.0
2003-12-18 22:00:00,410.3999938964844
2003-12-19 22:00:00,409.2000122070313
2003-12-22 22:00:00,410.6000061035156
2003-12-23 22:00:00,411.0
2003-12-24 22:00:00,412.2999877929688
2003-12-29 22:00:00,414.7999877929688
2003-12-30 22:00:00,416.8999938964844
2003-12-31 22:00:00,415.7000122070313
2004-01-05 22:00:00,424.3999938964844
2004-01-06 22:00:00,422.7999877929688
2004-01-07 22:00:00,421.8999938964844
2004-01-08 22:00:00,424.0
2004-01-09 22:00:00,426.3999938964844
2004-01-12 22:00:00,426.2999877929688
2004-01-13 22:00:00,423.7000122070313
2004-01-14 22:00:00,421.7000122070313
2004-01-15 22:00:00,408.3999938964844
2004-01-16 22:00:00,406.7000122070313
2004-01-20 22:00:00,412.7000122070313
2004-01-21 22:00:00,411.1000061035156
2004-01-22 22:00:00,410.0
2004-01-23 22:00:00,407.8999938964844
2004-01-26 22:00:00,406.6000061035156
2004-01-27 22:00:00,410.0
2004-01-28 22:00:00,414.5
2004-01-29 22:00:00,398.5
2004-01-30 22:00:00,402.2000122070313
2004-02-02 22:00:00,398.7000122070313
2004-02-03 22:00:00,399.2000122070313
2004-02-04 22:00:00,401.0
2004-02-05 22:00:00,398.1000061035156
2004-02-06 22:00:00,403.6000061035156
2004-02-09 22:00:00,406.7999877929688
2004-02-10 22:00:00,406.3999938964844
2004-02-11 22:00:00,410.2000122070313
2004-02-12 22:00:00,413.7000122070313
2004-02-13 22:00:00,410.2999877929688
2004-02-17 22:00:00,416.0
2004-02-18 22:00:00,412.2999877929688
2004-02-19 22:00:00,409.7999877929688
2004-02-20 22:00:00,397.5
2004-02-23 22:00:00,399.0
2004-02-24 22:00:00,404.5
2004-02-25 22:00:00,395.7999877929688
2004-02-26 22:00:00,395.7999877929688
2004-02-27 22:00:00,396.3999938964844
2004-03-01 22:00:00,399.2999877929688
2004-03-02 22:00:00,393.5
2004-03-03 22:00:00,392.3999938964844
2004-03-04 22:00:00,392.8999938964844
2004-03-05 22:00:00,401.2999877929688
2004-03-08 22:00:00,400.6000061035156
2004-03-09 22:00:00,404.2000122070313
2004-03-10 22:00:00,400.0
2004-03-11 22:00:00,400.7000122070313
2004-03-12 22:00:00,395.2999877929688
2004-03-15 22:00:00,399.3999938964844
2004-03-16 22:00:00,402.3999938964844
2004-03-17 22:00:00,406.8999938964844
2004-03-18 22:00:00,411.1000061035156
2004-03-19 22:00:00,412.5
2004-03-22 22:00:00,417.3999938964844
2004-03-23 22:00:00,419.7999877929688
2004-03-24 22:00:00,417.2000122070313
2004-03-25 22:00:00,416.7000122070313
2004-03-26 22:00:00,422.1000061035156
2004-03-29 22:00:00,417.1000061035156
2004-03-30 22:00:00,421.7000122070313
2004-03-31 22:00:00,427.2999877929688
2004-04-01 22:00:00,427.7999877929688
2004-04-02 22:00:00,421.6000061035156
2004-04-05 22:00:00,415.3999938964844
2004-04-06 22:00:00,418.8999938964844
2004-04-07 22:00:00,422.7999877929688
2004-04-08 22:00:00,419.8999938964844
2004-04-12 22:00:00,420.1000061035156
2004-04-13 22:00:00,407.0
2004-04-14 22:00:00,399.7999877929688
2004-04-15 22:00:00,397.7000122070313
2004-04-16 22:00:00,401.0
2004-04-19 22:00:00,400.6000061035156
2004-04-20 22:00:00,397.7000122070313
2004-04-21 22:00:00,390.7999877929688
2004-04-22 22:00:00,393.2999877929688
2004-04-23 22:00:00,395.1000061035156
2004-04-26 22:00:00,396.0
2004-04-27 22:00:00,398.6000061035156
2004-04-28 22:00:00,385.3999938964844
2004-04-29 22:00:00,386.6000061035156
2004-04-30 22:00:00,387.0
2004-05-03 22:00:00,387.0
2004-05-04 22:00:00,391.3999938964844
2004-05-05 22:00:00,393.3999938964844
2004-05-06 22:00:00,388.0
2004-05-07 22:00:00,378.7000122070313
2004-05-10 22:00:00,378.2999877929688
2004-05-11 22:00:00,376.8999938964844
2004-05-12 22:00:00,377.3999938964844
2004-05-13 22:00:00,374.7999877929688
2004-05-14 22:00:00,377.0
2004-05-17 22:00:00,379.5
2004-05-18 22:00:00,375.7999877929688
2004-05-19 22:00:00,382.8999938964844
2004-05-20 22:00:00,378.3999938964844
2004-05-21 22:00:00,384.7999877929688
2004-05-24 22:00:00,385.6000061035156
2004-05-25 22:00:00,388.2999877929688
2004-05-26 22:00:00,388.2999877929688
2004-05-27 22:00:00,394.8999938964844
2004-05-28 22:00:00,394.0
2004-06-01 22:00:00,394.6000061035156
2004-06-02 22:00:00,390.7000122070313
2004-06-03 22:00:00,388.1000061035156
2004-06-04 22:00:00,390.8999938964844
2004-06-07 22:00:00,393.7999877929688
2004-06-08 22:00:00,391.0
2004-06-09 22:00:00,384.5
2004-06-10 22:00:00,385.8999938964844
2004-06-14 22:00:00,383.6000061035156
2004-06-15 22:00:00,388.1000061035156
2004-06-16 22:00:00,384.6000061035156
2004-06-17 22:00:00,388.8999938964844
2004-06-18 22:00:00,395.1000061035156
2004-06-21 22:00:00,394.0
2004-06-22 22:00:00,395.0
2004-06-23 22:00:00,395.0
2004-06-24 22:00:00,403.1000061035156
2004-06-25 22:00:00,402.8999938964844
2004-06-28 22:00:00,401.0
2004-06-29 22:00:00,392.5
2004-06-30 22:00:00,392.6000061035156
2004-07-01 22:00:00,396.0
2004-07-02 22:00:00,398.2999877929688
2004-07-06 22:00:00,392.6000061035156
2004-07-07 22:00:00,402.2999877929688
2004-07-08 22:00:00,407.7999877929688
2004-07-09 22:00:00,407.5
2004-07-12 22:00:00,408.1000061035156
2004-07-13 22:00:00,402.0
2004-07-14 22:00:00,405.3999938964844
2004-07-15 22:00:00,404.2000122070313
2004-07-16 22:00:00,406.6000061035156
2004-07-19 22:00:00,405.6000061035156
2004-07-20 22:00:00,401.8999938964844
2004-07-21 22:00:00,397.1000061035156
2004-07-22 22:00:00,395.2000122070313
2004-07-23 22:00:00,390.5
2004-07-26 22:00:00,390.2999877929688
2004-07-27 22:00:00,387.0
2004-07-28 22:00:00,389.0
2004-07-29 22:00:00,387.0
2004-07-30 22:00:00,391.0
2004-08-02 22:00:00,391.7000122070313
2004-08-03 22:00:00,394.0
2004-08-04 22:00:00,392.2000122070313
2004-08-05 22:00:00,392.2999877929688
2004-08-06 22:00:00,399.7999877929688
2004-08-09 22:00:00,400.7000122070313
2004-08-10 22:00:00,400.0
2004-08-11 22:00:00,395.5
2004-08-12 22:00:00,394.2999877929688
2004-08-13 22:00:00,398.8999938964844
2004-08-16 22:00:00,402.8999938964844
2004-08-17 22:00:00,404.3999938964844
2004-08-18 22:00:00,404.2999877929688
2004-08-19 22:00:00,407.1000061035156
2004-08-20 22:00:00,413.2000122070313
2004-08-23 22:00:00,410.5
2004-08-24 22:00:00,403.0
2004-08-25 22:00:00,407.8999938964844
2004-08-26 22:00:00,407.3999938964844
2004-08-27 22:00:00,403.2999877929688
2004-08-30 22:00:00,407.7999877929688
2004-08-31 22:00:00,410.3999938964844
2004-09-01 22:00:00,408.7999877929688
2004-09-02 22:00:00,406.0
2004-09-03 22:00:00,400.5
2004-09-07 22:00:00,397.3999938964844
2004-09-08 22:00:00,399.3999938964844
2004-09-09 22:00:00,398.5
2004-09-10 22:00:00,401.8999938964844
2004-09-13 22:00:00,404.1000061035156
2004-09-14 22:00:00,405.7000122070313
2004-09-15 22:00:00,405.0
2004-09-16 22:00:00,404.7000122070313
2004-09-17 22:00:00,405.7999877929688
2004-09-20 22:00:00,405.2999877929688
2004-09-21 22:00:00,408.2999877929688
2004-09-22 22:00:00,407.2000122070313
2004-09-23 22:00:00,410.8999938964844
2004-09-24 22:00:00,408.1000061035156
2004-09-27 22:00:00,409.1000061035156
2004-09-28 22:00:00,412.5
2004-09-29 22:00:00,413.0
2004-09-30 22:00:00,418.7000122070313
2004-10-01 22:00:00,419.5
2004-10-04 22:00:00,414.0
2004-10-05 22:00:00,418.2000122070313
2004-10-06 22:00:00,418.3999938964844
2004-10-07 22:00:00,418.0
2004-10-08 22:00:00,423.1000061035156
2004-10-11 22:00:00,422.0
2004-10-12 22:00:00,415.1000061035156
2004-10-13 22:00:00,413.2000122070313
2004-10-14 22:00:00,418.1000061035156
2004-10-15 22:00:00,418.7000122070313
2004-10-18 22:00:00,416.2000122070313
2004-10-19 22:00:00,420.2999877929688
2004-10-20 22:00:00,423.5
2004-10-21 22:00:00,424.3999938964844
2004-10-22 22:00:00,424.6000061035156
2004-10-25 22:00:00,429.0
2004-10-26 22:00:00,426.7999877929688
2004-10-27 22:00:00,424.7999877929688
2004-10-28 22:00:00,425.1000061035156
2004-10-29 22:00:00,428.5
2004-11-01 22:00:00,427.2999877929688
2004-11-02 22:00:00,420.0
2004-11-03 22:00:00,424.6000061035156
2004-11-04 22:00:00,430.1000061035156
2004-11-05 22:00:00,433.6000061035156
2004-11-08 22:00:00,432.7000122070313
2004-11-09 22:00:00,435.7000122070313
2004-11-10 22:00:00,434.0
2004-11-11 22:00:00,434.8999938964844
2004-11-12 22:00:00,437.8999938964844
2004-11-15 22:00:00,437.0
2004-11-16 22:00:00,440.2000122070313
2004-11-17 22:00:00,444.7999877929688
2004-11-18 22:00:00,442.6000061035156
2004-11-19 22:00:00,446.7999877929688
2004-11-22 22:00:00,448.7999877929688
2004-11-23 22:00:00,447.7999877929688
2004-11-24 22:00:00,449.2999877929688
2004-11-29 22:00:00,453.7000122070313
2004-11-30 22:00:00,451.2999877929688
2004-12-01 22:00:00,454.0
2004-12-02 22:00:00,450.3999938964844
2004-12-03 22:00:00,456.0
2004-12-06 22:00:00,454.2000122070313
2004-12-07 22:00:00,452.0
2004-12-08 22:00:00,437.2000122070313
2004-12-09 22:00:00,435.7999877929688
2004-12-10 22:00:00,433.8999938964844
2004-12-13 22:00:00,438.8999938964844
2004-12-14 22:00:00,435.8999938964844
2004-12-15 22:00:00,440.7999877929688
2004-12-16 22:00:00,436.8999938964844
2004-12-17 22:00:00,441.6000061035156
2004-12-20 22:00:00,442.3999938964844
2004-12-21 22:00:00,441.7999877929688
2004-12-22 22:00:00,440.2999877929688
2004-12-23 22:00:00,441.8999938964844
2004-12-27 22:00:00,445.2000122070313
2004-12-28 22:00:00,444.2999877929688
2004-12-29 22:00:00,436.0
2004-12-30 22:00:00,437.5
2005-01-03 22:00:00,428.7000122070313
2005-01-04 22:00:00,428.5
2005-01-05 22:00:00,426.6000061035156
2005-01-06 22:00:00,421.0
2005-01-07 22:00:00,418.8999938964844
2005-01-10 22:00:00,419.1000061035156
2005-01-11 22:00:00,421.8999938964844
2005-01-12 22:00:00,426.1000061035156
2005-01-13 22:00:00,424.5
2005-01-14 22:00:00,422.7000122070313
2005-01-18 22:00:00,423.2000122070313
2005-01-19 22:00:00,423.0
2005-01-20 22:00:00,422.3999938964844
2005-01-21 22:00:00,426.7000122070313
2005-01-24 22:00:00,426.8999938964844
2005-01-25 22:00:00,422.0
2005-01-26 22:00:00,426.8999938964844
2005-01-27 22:00:00,426.2999877929688
2005-01-28 22:00:00,425.7999877929688
2005-01-31 22:00:00,421.7999877929688
2005-02-01 22:00:00,420.7999877929688
2005-02-02 22:00:00,421.1000061035156
2005-02-03 22:00:00,416.6000061035156
2005-02-04 22:00:00,414.0
2005-02-07 22:00:00,413.6000061035156
2005-02-08 22:00:00,412.6000061035156
2005-02-09 22:00:00,412.8999938964844
2005-02-10 22:00:00,417.2000122070313
2005-02-11 22:00:00,420.5
2005-02-14 22:00:00,425.7999877929688
2005-02-15 22:00:00,425.8999938964844
2005-02-16 22:00:00,425.5
2005-02-17 22:00:00,427.2999877929688
2005-02-18 22:00:00,427.1000061035156
2005-02-22 22:00:00,434.5
2005-02-23 22:00:00,434.8999938964844
2005-02-24 22:00:00,434.5
2005-02-25 22:00:00,434.8999938964844
2005-02-28 22:00:00,436.5
2005-03-01 22:00:00,432.8999938964844
2005-03-02 22:00:00,432.7999877929688
2005-03-03 22:00:00,429.8999938964844
2005-03-04 22:00:00,434.2000122070313
2005-03-07 22:00:00,435.0
2005-03-08 22:00:00,440.2999877929688
2005-03-09 22:00:00,442.1000061035156
2005-03-10 22:00:00,442.7999877929688
2005-03-11 22:00:00,446.2000122070313
2005-03-14 22:00:00,441.1000061035156
2005-03-15 22:00:00,440.8999938964844
2005-03-16 22:00:00,443.7000122070313
2005-03-17 22:00:00,438.7000122070313
2005-03-18 22:00:00,439.2999877929688
2005-03-21 22:00:00,431.1000061035156
2005-03-22 22:00:00,431.2999877929688
2005-03-23 22:00:00,425.2000122070313
2005-03-24 22:00:00,424.7000122070313
2005-03-28 22:00:00,425.8999938964844
2005-03-29 22:00:00,426.0
2005-03-31 22:00:00,428.7000122070313
2005-04-01 22:00:00,425.8999938964844
2005-04-04 22:00:00,423.8999938964844
2005-04-05 22:00:00,424.5
2005-04-06 22:00:00,427.1000061035156
2005-04-07 22:00:00,426.5
2005-04-08 22:00:00,426.8999938964844
2005-04-11 22:00:00,428.6000061035156
2005-04-12 22:00:00,427.6000061035156
2005-04-13 22:00:00,429.2999877929688
2005-04-14 22:00:00,424.0
2005-04-15 22:00:00,424.8999938964844
2005-04-18 22:00:00,427.5
2005-04-19 22:00:00,432.8999938964844
2005-04-20 22:00:00,435.2999877929688
2005-04-21 22:00:00,433.0
2005-04-22 22:00:00,434.2999877929688
2005-04-25 22:00:00,434.6000061035156
2005-04-26 22:00:00,437.8999938964844
2005-04-27 22:00:00,433.0
2005-04-29 22:00:00,435.0
2005-05-02 22:00:00,429.5
2005-05-03 22:00:00,426.7000122070313
2005-05-04 22:00:00,429.0
2005-05-05 22:00:00,429.7999877929688
2005-05-06 22:00:00,426.1000061035156
2005-05-09 22:00:00,426.2000122070313
2005-05-10 22:00:00,427.2000122070313
2005-05-11 22:00:00,427.2000122070313
2005-05-12 22:00:00,421.6000061035156
2005-05-13 22:00:00,420.2000122070313
2005-05-16 22:00:00,418.8999938964844
2005-05-17 22:00:00,419.3999938964844
2005-05-18 22:00:00,421.5
2005-05-19 22:00:00,420.5
2005-05-20 22:00:00,417.3999938964844
2005-05-23 22:00:00,416.6000061035156
2005-05-24 22:00:00,417.5
2005-05-25 22:00:00,418.7999877929688
2005-05-26 22:00:00,418.0
2005-05-27 22:00:00,419.7999877929688
2005-05-31 22:00:00,416.2999877929688
2005-06-01 22:00:00,415.2999877929688
2005-06-02 22:00:00,422.7000122070313
2005-06-03 22:00:00,423.7000122070313
2005-06-06 22:00:00,426.5
2005-06-07 22:00:00,424.7999877929688
2005-06-08 22:00:00,424.7000122070313
2005-06-09 22:00:00,424.2000122070313
2005-06-10 22:00:00,427.3999938964844
2005-06-13 22:00:00,429.2999877929688
2005-06-14 22:00:00,427.5
2005-06-15 22:00:00,429.1000061035156
2005-06-16 22:00:00,436.2000122070313
2005-06-17 22:00:00,438.2999877929688
2005-06-20 22:00:00,438.3999938964844
2005-06-21 22:00:00,438.8999938964844
2005-06-22 22:00:00,438.1000061035156
2005-06-23 22:00:00,441.7000122070313
2005-06-24 22:00:00,440.5
2005-06-27 22:00:00,440.2999877929688
2005-06-28 22:00:00,436.3999938964844
2005-06-30 22:00:00,435.8999938964844
2005-07-01 22:00:00,427.7999877929688
2005-07-05 22:00:00,422.8999938964844
2005-07-06 22:00:00,423.5
2005-07-07 22:00:00,423.2999877929688
2005-07-08 22:00:00,422.8999938964844
2005-07-11 22:00:00,425.5
2005-07-12 22:00:00,426.2999877929688
2005-07-13 22:00:00,423.8999938964844
2005-07-14 22:00:00,419.6000061035156
2005-07-15 22:00:00,420.7000122070313
2005-07-18 22:00:00,420.5
2005-07-19 22:00:00,419.7000122070313
2005-07-20 22:00:00,421.7000122070313
2005-07-21 22:00:00,425.3999938964844
2005-07-22 22:00:00,424.7000122070313
2005-07-25 22:00:00,425.7000122070313
2005-07-26 22:00:00,423.3999938964844
2005-07-27 22:00:00,424.7000122070313
2005-07-28 22:00:00,427.2999877929688
2005-07-29 22:00:00,429.8999938964844
2005-08-01 22:00:00,431.8999938964844
2005-08-02 22:00:00,431.8999938964844
2005-08-03 22:00:00,436.8999938964844
2005-08-04 22:00:00,437.8999938964844
2005-08-05 22:00:00,437.2000122070313
2005-08-08 22:00:00,434.7000122070313
2005-08-09 22:00:00,434.2000122070313
2005-08-10 22:00:00,436.5
2005-08-11 22:00:00,445.5
2005-08-12 22:00:00,445.8999938964844
2005-08-15 22:00:00,442.2000122070313
2005-08-16 22:00:00,446.1000061035156
2005-08-17 22:00:00,439.8999938964844
2005-08-18 22:00:00,439.5
2005-08-19 22:00:00,437.2000122070313
2005-08-22 22:00:00,438.1000061035156
2005-08-23 22:00:00,439.3999938964844
2005-08-24 22:00:00,437.2999877929688
2005-08-25 22:00:00,438.3999938964844
2005-08-26 22:00:00,437.3999938964844
2005-08-29 22:00:00,437.0
2005-08-30 22:00:00,431.2000122070313
2005-08-31 22:00:00,433.7999877929688
2005-09-01 22:00:00,442.2999877929688
2005-09-02 22:00:00,444.2000122070313
2005-09-06 22:00:00,444.3999938964844
2005-09-07 22:00:00,444.8999938964844
2005-09-08 22:00:00,446.7000122070313
2005-09-09 22:00:00,449.0
2005-09-12 22:00:00,449.7000122070313
2005-09-13 22:00:00,446.1000061035156
2005-09-14 22:00:00,449.7999877929688
2005-09-15 22:00:00,455.5
2005-09-16 22:00:00,459.5
2005-09-19 22:00:00,466.7000122070313
2005-09-20 22:00:00,466.2000122070313
2005-09-21 22:00:00,468.8999938964844
2005-09-22 22:00:00,466.6000061035156
2005-09-23 22:00:00,463.5
2005-09-26 22:00:00,465.8999938964844
2005-09-27 22:00:00,462.6000061035156
2005-09-28 22:00:00,469.7000122070313
2005-09-29 22:00:00,472.2000122070313
2005-09-30 22:00:00,469.0
2005-10-03 22:00:00,466.1000061035156
2005-10-04 22:00:00,466.1000061035156
2005-10-05 22:00:00,466.1000061035156
2005-10-06 22:00:00,471.8999938964844
2005-10-07 22:00:00,474.7000122070313
2005-10-10 22:00:00,475.1000061035156
2005-10-11 22:00:00,477.1000061035156
2005-10-12 22:00:00,473.8999938964844
2005-10-13 22:00:00,471.1000061035156
2005-10-14 22:00:00,469.2000122070313
2005-10-17 22:00:00,474.1000061035156
2005-10-18 22:00:00,472.1000061035156
2005-10-19 22:00:00,463.5
2005-10-20 22:00:00,461.0
2005-10-21 22:00:00,467.0
2005-10-24 22:00:00,465.0
2005-10-25 22:00:00,472.7999877929688
2005-10-26 22:00:00,471.2000122070313
2005-10-27 22:00:00,473.7999877929688
2005-10-28 22:00:00,473.0
2005-10-31 22:00:00,465.1000061035156
2005-11-01 22:00:00,458.7999877929688
2005-11-02 22:00:00,462.7999877929688
2005-11-03 22:00:00,460.1000061035156
2005-11-04 22:00:00,456.2999877929688
2005-11-07 22:00:00,459.0
2005-11-08 22:00:00,460.8999938964844
2005-11-09 22:00:00,466.2999877929688
2005-11-10 22:00:00,466.6000061035156
2005-11-11 22:00:00,468.2999877929688
2005-11-14 22:00:00,468.2000122070313
2005-11-15 22:00:00,468.1000061035156
2005-11-16 22:00:00,478.2999877929688
2005-11-17 22:00:00,486.2000122070313
2005-11-18 22:00:00,485.6000061035156
2005-11-21 22:00:00,489.0
2005-11-22 22:00:00,492.6000061035156
2005-11-23 22:00:00,492.1000061035156
2005-11-28 22:00:00,498.2999877929688
2005-11-29 22:00:00,499.1000061035156
2005-11-30 22:00:00,494.6000061035156
2005-12-01 22:00:00,502.5
2005-12-02 22:00:00,503.2999877929688
2005-12-05 22:00:00,508.8999938964844
2005-12-06 22:00:00,510.2000122070313
2005-12-07 22:00:00,514.2999877929688
2005-12-08 22:00:00,519.2999877929688
2005-12-09 22:00:00,527.0
2005-12-12 22:00:00,528.4000244140625
2005-12-13 22:00:00,521.0
2005-12-14 22:00:00,506.5
2005-12-15 22:00:00,503.8999938964844
2005-12-16 22:00:00,503.3999938964844
2005-12-19 22:00:00,503.6000061035156
2005-12-20 22:00:00,494.6000061035156
2005-12-21 22:00:00,493.0
2005-12-22 22:00:00,502.7000122070313
2005-12-23 22:00:00,503.0
2005-12-27 22:00:00,508.0
2005-12-28 22:00:00,514.2000122070312
2005-12-29 22:00:00,515.7000122070312
2005-12-30 22:00:00,517.0999755859375
2006-01-03 22:00:00,530.7000122070312
2006-01-04 22:00:00,533.9000244140625
2006-01-05 22:00:00,526.2999877929688
2006-01-06 22:00:00,539.7000122070312
2006-01-09 22:00:00,549.0999755859375
2006-01-10 22:00:00,544.2999877929688
2006-01-11 22:00:00,548.7999877929688
2006-01-12 22:00:00,548.2999877929688
2006-01-13 22:00:00,556.0999755859375
2006-01-17 22:00:00,553.4000244140625
2006-01-18 22:00:00,543.7000122070312
2006-01-19 22:00:00,558.4000244140625
2006-01-20 22:00:00,553.5
2006-01-23 22:00:00,558.2999877929688
2006-01-24 22:00:00,557.7000122070312
2006-01-25 22:00:00,562.2000122070312
2006-01-26 22:00:00,559.7000122070312
2006-01-27 22:00:00,558.7000122070312
2006-01-30 22:00:00,565.7999877929688
2006-01-31 22:00:00,570.7999877929688
2006-02-01 22:00:00,569.4000244140625
2006-02-02 22:00:00,572.5
2006-02-03 22:00:00,567.4000244140625
2006-02-06 22:00:00,570.2000122070312
2006-02-07 22:00:00,551.0
2006-02-08 22:00:00,550.0999755859375
2006-02-09 22:00:00,564.5
2006-02-10 22:00:00,550.2000122070312
2006-02-13 22:00:00,539.0
2006-02-14 22:00:00,545.9000244140625
2006-02-15 22:00:00,539.7000122070312
2006-02-16 22:00:00,546.0
2006-02-17 22:00:00,551.7999877929688
2006-02-21 22:00:00,553.9000244140625
2006-02-22 22:00:00,553.9000244140625
2006-02-23 22:00:00,548.4000244140625
2006-02-24 22:00:00,558.7999877929688
2006-02-27 22:00:00,554.7000122070312
2006-02-28 22:00:00,561.5999755859375
2006-03-01 22:00:00,563.5
2006-03-02 22:00:00,568.2000122070312
2006-03-03 22:00:00,566.0
2006-03-06 22:00:00,554.9000244140625
2006-03-07 22:00:00,552.7000122070312
2006-03-08 22:00:00,542.5
2006-03-09 22:00:00,545.5
2006-03-10 22:00:00,539.9000244140625
2006-03-13 22:00:00,546.0999755859375
2006-03-14 22:00:00,551.7000122070312
2006-03-15 22:00:00,553.0999755859375
2006-03-16 22:00:00,554.4000244140625
2006-03-17 22:00:00,554.0999755859375
2006-03-20 22:00:00,555.2000122070312
2006-03-21 22:00:00,552.4000244140625
2006-03-22 22:00:00,550.9000244140625
2006-03-23 22:00:00,550.0999755859375
2006-03-24 22:00:00,560.0
2006-03-27 22:00:00,567.0
2006-03-28 22:00:00,566.5999755859375
2006-03-29 22:00:00,573.0
2006-03-30 22:00:00,586.7000122070312
2006-03-31 22:00:00,581.7999877929688
2006-04-03 22:00:00,589.4000244140625
2006-04-04 22:00:00,586.0
2006-04-05 22:00:00,587.9000244140625
2006-04-06 22:00:00,595.2000122070312
2006-04-07 22:00:00,588.4000244140625
2006-04-10 22:00:00,597.5999755859375
2006-04-11 22:00:00,595.2000122070312
2006-04-12 22:00:00,597.5
2006-04-13 22:00:00,596.5
2006-04-17 22:00:00,615.4000244140625
2006-04-18 22:00:00,620.0
2006-04-19 22:00:00,632.5999755859375
2006-04-20 22:00:00,619.7999877929688
2006-04-21 22:00:00,632.2000122070312
2006-04-24 22:00:00,620.5999755859375
2006-04-25 22:00:00,631.0
2006-04-26 22:00:00,638.7999877929688
2006-04-27 22:00:00,633.2999877929688
2006-04-28 22:00:00,651.7999877929688
2006-05-01 22:00:00,657.5
2006-05-02 22:00:00,664.7000122070312
2006-05-03 22:00:00,665.9000244140625
2006-05-04 22:00:00,674.2000122070312
2006-05-05 22:00:00,682.2000122070312
2006-05-08 22:00:00,677.7999877929688
2006-05-09 22:00:00,699.4000244140625
2006-05-10 22:00:00,703.7000122070312
2006-05-11 22:00:00,719.7999877929688
2006-05-12 22:00:00,710.2999877929688
2006-05-15 22:00:00,683.5999755859375
2006-05-16 22:00:00,691.5
2006-05-17 22:00:00,690.5
2006-05-18 22:00:00,679.5999755859375
2006-05-19 22:00:00,656.7000122070312
2006-05-22 22:00:00,657.0
2006-05-23 22:00:00,673.0
2006-05-24 22:00:00,637.0
2006-05-25 22:00:00,648.4000244140625
2006-05-26 22:00:00,650.9000244140625
2006-05-30 22:00:00,653.9000244140625
2006-05-31 22:00:00,642.5
2006-06-01 22:00:00,627.5999755859375
2006-06-02 22:00:00,635.5
2006-06-05 22:00:00,643.2000122070312
2006-06-06 22:00:00,629.4000244140625
2006-06-07 22:00:00,627.4000244140625
2006-06-08 22:00:00,609.0999755859375
2006-06-09 22:00:00,608.2000122070312
2006-06-12 22:00:00,606.7999877929688
2006-06-13 22:00:00,562.5
2006-06-14 22:00:00,562.2999877929688
2006-06-15 22:00:00,566.5
2006-06-16 22:00:00,578.0
2006-06-19 22:00:00,568.7999877929688
2006-06-20 22:00:00,576.9000244140625
2006-06-21 22:00:00,587.5
2006-06-22 22:00:00,582.2000122070312
2006-06-23 22:00:00,584.7999877929688
2006-06-26 22:00:00,584.7999877929688
2006-06-27 22:00:00,581.5999755859375
2006-06-28 22:00:00,578.2999877929688
2006-06-29 22:00:00,586.5
2006-06-30 22:00:00,613.5
2006-07-05 22:00:00,627.2999877929688
2006-07-06 22:00:00,634.0999755859375
2006-07-07 22:00:00,632.7999877929688
2006-07-10 22:00:00,624.0999755859375
2006-07-11 22:00:00,641.2000122070312
2006-07-12 22:00:00,649.4000244140625
2006-07-13 22:00:00,652.9000244140625
2006-07-14 22:00:00,666.5999755859375
2006-07-17 22:00:00,650.5999755859375
2006-07-18 22:00:00,628.2999877929688
2006-07-19 22:00:00,641.5999755859375
2006-07-20 22:00:00,631.7000122070312
2006-07-21 22:00:00,619.5999755859375
2006-07-24 22:00:00,612.7000122070312
2006-07-25 22:00:00,617.5999755859375
2006-07-26 22:00:00,621.5999755859375
2006-07-27 22:00:00,632.4000244140625
2006-07-28 22:00:00,634.7999877929688
2006-07-31 22:00:00,634.2000122070312
2006-08-01 22:00:00,646.2999877929688
2006-08-02 22:00:00,651.5999755859375
2006-08-03 22:00:00,644.9000244140625
2006-08-04 22:00:00,644.0
2006-08-07 22:00:00,647.7999877929688
2006-08-08 22:00:00,645.7000122070312
2006-08-09 22:00:00,650.5
2006-08-10 22:00:00,634.9000244140625
2006-08-11 22:00:00,633.5
2006-08-14 22:00:00,628.5
2006-08-15 22:00:00,622.5
2006-08-16 22:00:00,628.7000122070312
2006-08-17 22:00:00,615.4000244140625
2006-08-18 22:00:00,612.0999755859375
2006-08-21 22:00:00,625.7000122070312
2006-08-22 22:00:00,624.5999755859375
2006-08-23 22:00:00,623.7000122070312
2006-08-24 22:00:00,619.5
2006-08-25 22:00:00,622.0
2006-08-28 22:00:00,615.2999877929688
2006-08-29 22:00:00,610.7000122070312
2006-08-30 22:00:00,617.7000122070312
2006-08-31 22:00:00,625.9000244140625
2006-09-01 22:00:00,624.4000244140625
2006-09-04 22:00:00,624.4000244140625
2006-09-05 22:00:00,638.5
2006-09-06 22:00:00,633.5
2006-09-07 22:00:00,617.0
2006-09-08 22:00:00,609.5999755859375
2006-09-11 22:00:00,590.0
2006-09-12 22:00:00,586.9000244140625
2006-09-13 22:00:00,589.0999755859375
2006-09-14 22:00:00,579.2999877929688
2006-09-15 22:00:00,576.4000244140625
2006-09-18 22:00:00,586.2000122070312
2006-09-19 22:00:00,576.7999877929688
2006-09-20 22:00:00,580.0
2006-09-21 22:00:00,582.2000122070312
2006-09-22 22:00:00,589.4000244140625
2006-09-25 22:00:00,589.9000244140625
2006-09-26 22:00:00,591.2000122070312
2006-09-27 22:00:00,597.2999877929688
2006-09-28 22:00:00,605.0
2006-09-29 22:00:00,598.5999755859375
2006-10-02 22:00:00,597.7000122070312
2006-10-03 22:00:00,576.2999877929688
2006-10-04 22:00:00,562.0
2006-10-05 22:00:00,571.0
2006-10-06 22:00:00,572.4000244140625
2006-10-09 22:00:00,578.4000244140625
2006-10-10 22:00:00,571.9000244140625
2006-10-11 22:00:00,572.2999877929688
2006-10-12 22:00:00,576.2999877929688
2006-10-13 22:00:00,588.7999877929688
2006-10-16 22:00:00,594.7000122070312
2006-10-17 22:00:00,589.7000122070312
2006-10-18 22:00:00,588.9000244140625
2006-10-19 22:00:00,599.0
2006-10-20 22:00:00,593.0
2006-10-23 22:00:00,579.7000122070312
2006-10-24 22:00:00,584.4000244140625
2006-10-25 22:00:00,587.5999755859375
2006-10-26 22:00:00,596.7999877929688
2006-10-27 22:00:00,598.2000122070312
2006-10-30 22:00:00,604.7000122070312
2006-10-31 22:00:00,604.0999755859375
2006-11-01 22:00:00,616.5999755859375
2006-11-02 22:00:00,625.4000244140625
2006-11-03 22:00:00,626.9000244140625
2006-11-06 22:00:00,625.7999877929688
2006-11-07 22:00:00,625.7000122070312
2006-11-08 22:00:00,616.4000244140625
2006-11-09 22:00:00,635.0
2006-11-10 22:00:00,628.4000244140625
2006-11-13 22:00:00,624.2000122070312
2006-11-14 22:00:00,623.7999877929688
2006-11-15 22:00:00,622.5
2006-11-16 22:00:00,620.5999755859375
2006-11-17 22:00:00,621.5
2006-11-20 22:00:00,621.2000122070312
2006-11-21 22:00:00,628.2000122070312
2006-11-22 22:00:00,628.7000122070312
2006-11-24 22:00:00,628.7000122070312
2006-11-28 22:00:00,637.2000122070312
2006-11-29 22:00:00,635.5
2006-11-30 22:00:00,646.9000244140625
2006-12-01 22:00:00,644.7000122070312
2006-12-04 22:00:00,645.2000122070312
2006-12-05 22:00:00,642.2999877929688
2006-12-06 22:00:00,630.5
2006-12-07 22:00:00,631.9000244140625
2006-12-08 22:00:00,626.0999755859375
2006-12-11 22:00:00,630.0
2006-12-12 22:00:00,627.0
2006-12-13 22:00:00,627.9000244140625
2006-12-14 22:00:00,626.5999755859375
2006-12-15 22:00:00,615.0
2006-12-18 22:00:00,614.0
2006-12-19 22:00:00,621.5999755859375
2006-12-20 22:00:00,620.5999755859375
2006-12-21 22:00:00,618.2000122070312
2006-12-22 22:00:00,619.0999755859375
2006-12-26 22:00:00,623.7000122070312
2006-12-27 22:00:00,627.2000122070312
2006-12-28 22:00:00,634.0999755859375
2006-12-29 22:00:00,635.2000122070312
2007-01-02 22:00:00,635.2000122070312
2007-01-03 22:00:00,627.0999755859375
2007-01-04 22:00:00,623.9000244140625
2007-01-05 22:00:00,604.9000244140625
2007-01-08 22:00:00,607.5
2007-01-09 22:00:00,613.0999755859375
2007-01-10 22:00:00,611.5999755859375
2007-01-11 22:00:00,612.4000244140625
2007-01-12 22:00:00,625.5
2007-01-16 22:00:00,624.5999755859375
2007-01-17 22:00:00,632.0999755859375
2007-01-18 22:00:00,627.0999755859375
2007-01-19 22:00:00,635.5
2007-01-22 22:00:00,633.2999877929688
2007-01-23 22:00:00,645.2000122070312
2007-01-24 22:00:00,647.5999755859375
2007-01-25 22:00:00,647.7999877929688
2007-01-26 22:00:00,644.5
2007-01-29 22:00:00,643.0999755859375
2007-01-30 22:00:00,644.2000122070312
2007-01-31 22:00:00,652.0
2007-02-01 22:00:00,657.4000244140625
2007-02-02 22:00:00,646.2000122070312
2007-02-05 22:00:00,650.9000244140625
2007-02-06 22:00:00,653.5999755859375
2007-02-07 22:00:00,652.2999877929688
2007-02-08 22:00:00,658.0
2007-02-09 22:00:00,667.5
2007-02-12 22:00:00,662.5999755859375
2007-02-13 22:00:00,663.9000244140625
2007-02-14 22:00:00,667.4000244140625
2007-02-15 22:00:00,667.2999877929688
2007-02-16 22:00:00,668.7999877929688
2007-02-20 22:00:00,657.0999755859375
2007-02-21 22:00:00,680.2000122070312
2007-02-22 22:00:00,679.4000244140625
2007-02-23 22:00:00,683.0999755859375
2007-02-26 22:00:00,686.5
2007-02-27 22:00:00,683.9000244140625
2007-02-28 22:00:00,669.4000244140625
2007-03-01 22:00:00,662.2999877929688
2007-03-02 22:00:00,641.5
2007-03-05 22:00:00,636.7000122070312
2007-03-06 22:00:00,643.7999877929688
2007-03-07 22:00:00,650.5999755859375
2007-03-08 22:00:00,653.4000244140625
2007-03-09 22:00:00,650.0
2007-03-12 22:00:00,648.4000244140625
2007-03-13 22:00:00,647.5999755859375
2007-03-14 22:00:00,640.9000244140625
2007-03-15 22:00:00,645.7000122070312
2007-03-16 22:00:00,652.5999755859375
2007-03-19 22:00:00,653.0999755859375
2007-03-20 22:00:00,657.9000244140625
2007-03-21 22:00:00,659.0
2007-03-22 22:00:00,663.4000244140625
2007-03-23 22:00:00,656.7000122070312
2007-03-26 22:00:00,663.4000244140625
2007-03-27 22:00:00,662.0999755859375
2007-03-28 22:00:00,666.5
2007-03-29 22:00:00,661.5
2007-03-30 22:00:00,663.0
2007-04-02 22:00:00,665.7000122070312
2007-04-03 22:00:00,664.0
2007-04-04 22:00:00,672.0999755859375
2007-04-05 22:00:00,674.2000122070312
2007-04-09 22:00:00,671.9000244140625
2007-04-10 22:00:00,676.5
2007-04-11 22:00:00,676.7999877929688
2007-04-12 22:00:00,675.0999755859375
2007-04-13 22:00:00,685.4000244140625
2007-04-16 22:00:00,690.0999755859375
2007-04-17 22:00:00,688.2000122070312
2007-04-18 22:00:00,689.0999755859375
2007-04-19 22:00:00,684.2999877929688
2007-04-20 22:00:00,692.0
2007-04-23 22:00:00,690.5999755859375
2007-04-24 22:00:00,684.2000122070312
2007-04-25 22:00:00,684.0999755859375
2007-04-26 22:00:00,674.9000244140625
2007-04-27 22:00:00,678.7000122070312
2007-04-30 22:00:00,680.5
2007-05-01 22:00:00,674.4000244140625
2007-05-02 22:00:00,672.2999877929688
2007-05-03 22:00:00,681.7999877929688
2007-05-04 22:00:00,687.2000122070312
2007-05-07 22:00:00,688.0
2007-05-08 22:00:00,685.0999755859375
2007-05-09 22:00:00,680.2999877929688
2007-05-10 22:00:00,665.0999755859375
2007-05-11 22:00:00,670.5999755859375
2007-05-14 22:00:00,668.5
2007-05-15 22:00:00,673.0
2007-05-16 22:00:00,660.2000122070312
2007-05-17 22:00:00,656.2000122070312
2007-05-18 22:00:00,661.0
2007-05-21 22:00:00,662.9000244140625
2007-05-22 22:00:00,659.0999755859375
2007-05-23 22:00:00,661.9000244140625
2007-05-24 22:00:00,653.0
2007-05-25 22:00:00,655.0999755859375
2007-05-29 22:00:00,657.0999755859375
2007-05-30 22:00:00,653.0999755859375
2007-05-31 22:00:00,661.0
2007-06-01 22:00:00,671.2000122070312
2007-06-04 22:00:00,670.7000122070312
2007-06-05 22:00:00,669.5999755859375
2007-06-06 22:00:00,669.2999877929688
2007-06-07 22:00:00,660.0999755859375
2007-06-08 22:00:00,645.5
2007-06-11 22:00:00,654.2999877929688
2007-06-12 22:00:00,648.5
2007-06-13 22:00:00,648.2000122070312
2007-06-14 22:00:00,651.5999755859375
2007-06-15 22:00:00,654.5
2007-06-18 22:00:00,655.7999877929688
2007-06-19 22:00:00,660.7000122070312
2007-06-20 22:00:00,656.0999755859375
2007-06-21 22:00:00,650.5999755859375
2007-06-22 22:00:00,653.5
2007-06-25 22:00:00,651.2999877929688
2007-06-26 22:00:00,642.0999755859375
2007-06-27 22:00:00,641.7000122070312
2007-06-28 22:00:00,647.5
2007-06-29 22:00:00,648.0999755859375
2007-07-02 22:00:00,656.5
2007-07-03 22:00:00,652.9000244140625
2007-07-05 22:00:00,648.4000244140625
2007-07-06 22:00:00,652.7000122070312
2007-07-09 22:00:00,660.5
2007-07-10 22:00:00,662.5
2007-07-11 22:00:00,660.2999877929688
2007-07-12 22:00:00,666.7000122070312
2007-07-13 22:00:00,665.7999877929688
2007-07-16 22:00:00,665.0
2007-07-17 22:00:00,664.7000122070312
2007-07-18 22:00:00,672.5999755859375
2007-07-19 22:00:00,677.2000122070312
2007-07-20 22:00:00,683.9000244140625
2007-07-23 22:00:00,680.7999877929688
2007-07-24 22:00:00,684.2000122070312
2007-07-25 22:00:00,673.2999877929688
2007-07-26 22:00:00,662.5
2007-07-27 22:00:00,660.0
2007-07-30 22:00:00,664.0999755859375
2007-07-31 22:00:00,666.9000244140625
2007-08-01 22:00:00,663.5999755859375
2007-08-02 22:00:00,664.5999755859375
2007-08-03 22:00:00,672.5
2007-08-06 22:00:00,671.5
2007-08-07 22:00:00,670.5999755859375
2007-08-08 22:00:00,674.5
2007-08-09 22:00:00,661.4000244140625
2007-08-10 22:00:00,670.2999877929688
2007-08-13 22:00:00,669.7000122070312
2007-08-14 22:00:00,668.5999755859375
2007-08-15 22:00:00,668.9000244140625
2007-08-16 22:00:00,648.2999877929688
2007-08-17 22:00:00,656.9000244140625
2007-08-20 22:00:00,656.7000122070312
2007-08-21 22:00:00,656.7000122070312
2007-08-22 22:00:00,659.0999755859375
2007-08-23 22:00:00,658.9000244140625
2007-08-24 22:00:00,668.0
2007-08-27 22:00:00,666.7999877929688
2007-08-28 22:00:00,664.4000244140625
2007-08-29 22:00:00,666.2999877929688
2007-08-30 22:00:00,665.0
2007-08-31 22:00:00,673.0
2007-09-04 22:00:00,682.5
2007-09-05 22:00:00,681.7000122070312
2007-09-06 22:00:00,695.5999755859375
2007-09-07 22:00:00,700.7999877929688
2007-09-10 22:00:00,703.2999877929688
2007-09-11 22:00:00,712.2000122070312
2007-09-12 22:00:00,711.9000244140625
2007-09-13 22:00:00,709.5
2007-09-14 22:00:00,709.5999755859375
2007-09-17 22:00:00,715.7999877929688
2007-09-18 22:00:00,715.7999877929688
2007-09-19 22:00:00,722.0
2007-09-20 22:00:00,732.4000244140625
2007-09-21 22:00:00,731.4000244140625
2007-09-24 22:00:00,732.0999755859375
2007-09-25 22:00:00,731.5999755859375
2007-09-26 22:00:00,728.2999877929688
2007-09-27 22:00:00,732.7000122070312
2007-09-28 22:00:00,742.7999877929688
2007-10-01 22:00:00,747.2000122070312
2007-10-02 22:00:00,729.7999877929688
2007-10-03 22:00:00,729.2999877929688
2007-10-04 22:00:00,737.7999877929688
2007-10-05 22:00:00,741.2999877929688
2007-10-08 22:00:00,732.7999877929688
2007-10-09 22:00:00,737.4000244140625
2007-10-10 22:00:00,740.4000244140625
2007-10-11 22:00:00,751.2999877929688
2007-10-12 22:00:00,748.7000122070312
2007-10-15 22:00:00,757.0999755859375
2007-10-16 22:00:00,757.0
2007-10-17 22:00:00,757.5
2007-10-18 22:00:00,764.0999755859375
2007-10-19 22:00:00,764.0
2007-10-22 22:00:00,755.7999877929688
2007-10-23 22:00:00,759.0
2007-10-24 22:00:00,761.5999755859375
2007-10-25 22:00:00,767.2999877929688
2007-10-26 22:00:00,783.9000244140625
2007-10-29 22:00:00,789.0999755859375
2007-10-30 22:00:00,784.2999877929688
2007-10-31 22:00:00,792.0
2007-11-01 22:00:00,790.7000122070312
2007-11-02 22:00:00,805.7000122070312
2007-11-05 22:00:00,808.0999755859375
2007-11-06 22:00:00,820.7999877929688
2007-11-07 22:00:00,831.0
2007-11-08 22:00:00,835.2000122070312
2007-11-09 22:00:00,832.5
2007-11-12 22:00:00,805.7999877929688
2007-11-13 22:00:00,797.2000122070312
2007-11-14 22:00:00,813.0
2007-11-15 22:00:00,785.9000244140625
2007-11-16 22:00:00,785.7000122070312
2007-11-19 22:00:00,776.7999877929688
2007-11-20 22:00:00,790.2999877929688
2007-11-21 22:00:00,797.5999755859375
2007-11-23 22:00:00,824.0
2007-11-26 22:00:00,826.0
2007-11-27 22:00:00,813.7000122070312
2007-11-28 22:00:00,800.0999755859375
2007-11-29 22:00:00,795.2999877929688
2007-11-30 22:00:00,782.2000122070312
2007-12-03 22:00:00,788.2999877929688
2007-12-04 22:00:00,801.2999877929688
2007-12-05 22:00:00,797.5
2007-12-06 22:00:00,801.2000122070312
2007-12-07 22:00:00,794.4000244140625
2007-12-10 22:00:00,807.7000122070312
2007-12-11 22:00:00,811.4000244140625
2007-12-12 22:00:00,813.5
2007-12-13 22:00:00,799.0
2007-12-14 22:00:00,793.2999877929688
2007-12-17 22:00:00,794.7999877929688
2007-12-18 22:00:00,803.0
2007-12-19 22:00:00,801.0999755859375
2007-12-20 22:00:00,799.2000122070312
2007-12-21 22:00:00,811.5999755859375
2007-12-24 22:00:00,812.7999877929688
2007-12-26 22:00:00,826.0
2007-12-27 22:00:00,828.5999755859375
2007-12-28 22:00:00,839.5999755859375
2007-12-31 22:00:00,834.9000244140625
2008-01-02 22:00:00,857.0
2008-01-03 22:00:00,866.4000244140625
2008-01-04 22:00:00,863.0999755859375
2008-01-07 22:00:00,859.5999755859375
2008-01-08 22:00:00,878.0
2008-01-09 22:00:00,879.5
2008-01-10 22:00:00,891.7000122070312
2008-01-11 22:00:00,896.0999755859375
2008-01-14 22:00:00,901.5999755859376
2008-01-15 22:00:00,901.0
2008-01-16 22:00:00,880.5999755859375
2008-01-17 22:00:00,879.5
2008-01-18 22:00:00,880.7999877929688
2008-01-22 22:00:00,889.5999755859375
2008-01-23 22:00:00,882.5
2008-01-24 22:00:00,905.5
2008-01-25 22:00:00,910.5
2008-01-28 22:00:00,927.0999755859376
2008-01-29 22:00:00,925.0999755859376
2008-01-30 22:00:00,920.5999755859376
2008-01-31 22:00:00,922.7000122070312
2008-02-01 22:00:00,908.7000122070312
2008-02-04 22:00:00,904.9000244140624
2008-02-05 22:00:00,885.9000244140625
2008-02-06 22:00:00,900.7000122070312
2008-02-07 22:00:00,906.0999755859376
2008-02-08 22:00:00,918.4000244140624
2008-02-11 22:00:00,922.9000244140624
2008-02-12 22:00:00,907.4000244140624
2008-02-13 22:00:00,906.5
2008-02-14 22:00:00,907.4000244140624
2008-02-15 22:00:00,902.7999877929688
2008-02-19 22:00:00,926.5999755859376
2008-02-20 22:00:00,934.5999755859376
2008-02-21 22:00:00,946.0999755859376
2008-02-22 22:00:00,944.7000122070312
2008-02-25 22:00:00,937.5999755859376
2008-02-26 22:00:00,946.0999755859376
2008-02-27 22:00:00,958.2000122070312
2008-02-28 22:00:00,964.5
2008-02-29 22:00:00,972.0999755859376
2008-03-03 22:00:00,981.5
2008-03-04 22:00:00,963.9000244140624
2008-03-05 22:00:00,986.2000122070312
2008-03-06 22:00:00,975.0
2008-03-07 22:00:00,972.2000122070312
2008-03-10 22:00:00,969.9000244140624
2008-03-11 22:00:00,974.2000122070312
2008-03-12 22:00:00,978.7999877929688
2008-03-13 22:00:00,992.2999877929688
2008-03-14 22:00:00,998.2000122070312
2008-03-17 22:00:00,1001.4000244140624
2008-03-18 22:00:00,1003.2000122070312
2008-03-19 22:00:00,944.7000122070312
2008-03-20 22:00:00,919.5999755859376
2008-03-24 22:00:00,918.2999877929688
2008-03-25 22:00:00,934.5999755859376
2008-03-26 22:00:00,949.0
2008-03-27 22:00:00,948.7999877929688
2008-03-28 22:00:00,930.5999755859376
2008-03-31 22:00:00,916.2000122070312
2008-04-01 22:00:00,882.9000244140625
2008-04-02 22:00:00,895.2000122070312
2008-04-03 22:00:00,905.0
2008-04-04 22:00:00,909.0
2008-04-07 22:00:00,922.7000122070312
2008-04-08 22:00:00,914.0
2008-04-09 22:00:00,933.5999755859376
2008-04-10 22:00:00,928.2999877929688
2008-04-11 22:00:00,923.5999755859376
2008-04-14 22:00:00,925.4000244140624
2008-04-15 22:00:00,928.7000122070312
2008-04-16 22:00:00,945.0999755859376
2008-04-17 22:00:00,939.7999877929688
2008-04-18 22:00:00,912.2000122070312
2008-04-21 22:00:00,914.7000122070312
2008-04-22 22:00:00,922.2999877929688
2008-04-23 22:00:00,906.2000122070312
2008-04-24 22:00:00,886.7999877929688
2008-04-25 22:00:00,887.2000122070312
2008-04-28 22:00:00,892.9000244140625
2008-04-29 22:00:00,874.2000122070312
2008-04-30 22:00:00,862.7999877929688
2008-05-01 22:00:00,848.9000244140625
2008-05-02 22:00:00,856.0999755859375
2008-05-05 22:00:00,872.2999877929688
2008-05-06 22:00:00,876.0
2008-05-07 22:00:00,869.5999755859375
2008-05-08 22:00:00,880.5999755859375
2008-05-09 22:00:00,884.5
2008-05-12 22:00:00,883.7000122070312
2008-05-13 22:00:00,868.5
2008-05-14 22:00:00,865.4000244140625
2008-05-15 22:00:00,879.0
2008-05-16 22:00:00,899.0
2008-05-19 22:00:00,905.0
2008-05-20 22:00:00,919.5
2008-05-21 22:00:00,928.0
2008-05-22 22:00:00,917.9000244140624
2008-05-23 22:00:00,925.5999755859376
2008-05-27 22:00:00,907.7000122070312
2008-05-28 22:00:00,900.5
2008-05-29 22:00:00,877.2000122070312
2008-05-30 22:00:00,887.2999877929688
2008-06-02 22:00:00,892.9000244140625
2008-06-03 22:00:00,881.5999755859375
2008-06-04 22:00:00,879.9000244140625
2008-06-05 22:00:00,871.7999877929688
2008-06-06 22:00:00,895.4000244140625
2008-06-09 22:00:00,894.7000122070312
2008-06-10 22:00:00,867.9000244140625
2008-06-11 22:00:00,879.7000122070312
2008-06-12 22:00:00,869.2000122070312
2008-06-13 22:00:00,870.2999877929688
2008-06-16 22:00:00,883.5999755859375
2008-06-17 22:00:00,884.2999877929688
2008-06-18 22:00:00,890.9000244140625
2008-06-19 22:00:00,901.7000122070312
2008-06-20 22:00:00,901.2999877929688
2008-06-23 22:00:00,884.7999877929688
2008-06-24 22:00:00,889.2000122070312
2008-06-25 22:00:00,880.0
2008-06-26 22:00:00,913.0999755859376
2008-06-27 22:00:00,929.2999877929688
2008-06-30 22:00:00,926.2000122070312
2008-07-01 22:00:00,942.5
2008-07-02 22:00:00,944.7999877929688
2008-07-03 22:00:00,931.9000244140624
2008-07-07 22:00:00,927.2999877929688
2008-07-08 22:00:00,921.9000244140624
2008-07-09 22:00:00,927.2999877929688
2008-07-10 22:00:00,940.9000244140624
2008-07-11 22:00:00,959.5
2008-07-14 22:00:00,972.7000122070312
2008-07-15 22:00:00,977.7000122070312
2008-07-16 22:00:00,961.7999877929688
2008-07-17 22:00:00,970.0
2008-07-18 22:00:00,957.2999877929688
2008-07-21 22:00:00,963.0999755859376
2008-07-22 22:00:00,948.0
2008-07-23 22:00:00,922.4000244140624
2008-07-24 22:00:00,922.0
2008-07-25 22:00:00,926.5999755859376
2008-07-28 22:00:00,927.5999755859376
2008-07-29 22:00:00,916.4000244140624
2008-07-30 22:00:00,902.9000244140624
2008-07-31 22:00:00,913.9000244140624
2008-08-01 22:00:00,909.0
2008-08-04 22:00:00,900.0999755859375
2008-08-05 22:00:00,878.5999755859375
2008-08-06 22:00:00,875.5999755859375
2008-08-07 22:00:00,870.7000122070312
2008-08-08 22:00:00,857.7999877929688
2008-08-11 22:00:00,821.5
2008-08-12 22:00:00,808.2000122070312
2008-08-13 22:00:00,825.0
2008-08-14 22:00:00,808.2000122070312
2008-08-15 22:00:00,786.0
2008-08-18 22:00:00,799.7000122070312
2008-08-19 22:00:00,811.0999755859375
2008-08-20 22:00:00,810.2999877929688
2008-08-21 22:00:00,833.0
2008-08-22 22:00:00,827.4000244140625
2008-08-25 22:00:00,819.7999877929688
2008-08-26 22:00:00,822.2000122070312
2008-08-27 22:00:00,828.0999755859375
2008-08-28 22:00:00,830.9000244140625
2008-08-29 22:00:00,829.2999877929688
2008-09-02 22:00:00,805.0
2008-09-03 22:00:00,802.7000122070312
2008-09-04 22:00:00,797.9000244140625
2008-09-05 22:00:00,797.5999755859375
2008-09-08 22:00:00,797.5
2008-09-09 22:00:00,787.0999755859375
2008-09-10 22:00:00,757.9000244140625
2008-09-11 22:00:00,741.2999877929688
2008-09-12 22:00:00,760.2999877929688
2008-09-15 22:00:00,783.0999755859375
2008-09-16 22:00:00,776.5
2008-09-17 22:00:00,846.5999755859375
2008-09-18 22:00:00,892.7000122070312
2008-09-19 22:00:00,860.5999755859375
2008-09-22 22:00:00,903.9000244140624
2008-09-23 22:00:00,885.5
2008-09-24 22:00:00,889.0
2008-09-25 22:00:00,877.7000122070312
2008-09-26 22:00:00,882.9000244140625
2008-09-29 22:00:00,888.2000122070312
2008-09-30 22:00:00,874.2000122070312
2008-10-01 22:00:00,880.7000122070312
2008-10-02 22:00:00,839.0
2008-10-03 22:00:00,828.9000244140625
2008-10-06 22:00:00,862.7000122070312
2008-10-07 22:00:00,878.4000244140625
2008-10-08 22:00:00,903.0999755859376
2008-10-09 22:00:00,883.0999755859375
2008-10-10 22:00:00,855.4000244140625
2008-10-13 22:00:00,838.9000244140625
2008-10-14 22:00:00,836.2999877929688
2008-10-15 22:00:00,835.5
2008-10-16 22:00:00,801.5
2008-10-17 22:00:00,785.0999755859375
2008-10-20 22:00:00,787.5999755859375
2008-10-21 22:00:00,766.0999755859375
2008-10-22 22:00:00,733.2999877929688
2008-10-23 22:00:00,713.2999877929688
2008-10-24 22:00:00,729.0999755859375
2008-10-27 22:00:00,741.7000122070312
2008-10-28 22:00:00,739.2999877929688
2008-10-29 22:00:00,752.7999877929688
2008-10-30 22:00:00,737.2000122070312
2008-10-31 22:00:00,716.7999877929688
2008-11-03 22:00:00,725.4000244140625
2008-11-04 22:00:00,756.0
2008-11-05 22:00:00,741.2999877929688
2008-11-06 22:00:00,731.2000122070312
2008-11-07 22:00:00,733.2000122070312
2008-11-10 22:00:00,745.5999755859375
2008-11-11 22:00:00,732.0
2008-11-12 22:00:00,717.7000122070312
2008-11-13 22:00:00,704.9000244140625
2008-11-14 22:00:00,742.4000244140625
2008-11-17 22:00:00,741.9000244140625
2008-11-18 22:00:00,732.5999755859375
2008-11-19 22:00:00,735.9000244140625
2008-11-20 22:00:00,748.5999755859375
2008-11-21 22:00:00,791.7000122070312
2008-11-24 22:00:00,819.4000244140625
2008-11-25 22:00:00,818.4000244140625
2008-11-26 22:00:00,808.5
2008-11-28 22:00:00,816.2000122070312
2008-12-01 22:00:00,774.5999755859375
2008-12-02 22:00:00,781.2999877929688
2008-12-03 22:00:00,768.7999877929688
2008-12-04 22:00:00,763.7999877929688
2008-12-05 22:00:00,750.5
2008-12-08 22:00:00,767.4000244140625
2008-12-09 22:00:00,772.4000244140625
2008-12-10 22:00:00,807.0999755859375
2008-12-11 22:00:00,824.9000244140625
2008-12-12 22:00:00,818.9000244140625
2008-12-15 22:00:00,835.4000244140625
2008-12-16 22:00:00,841.7000122070312
2008-12-17 22:00:00,867.5
2008-12-18 22:00:00,859.5999755859375
2008-12-19 22:00:00,836.4000244140625
2008-12-22 22:00:00,846.2000122070312
2008-12-23 22:00:00,837.2000122070312
2008-12-24 22:00:00,847.0999755859375
2008-12-26 22:00:00,870.4000244140625
2008-12-29 22:00:00,874.5999755859375
2008-12-30 22:00:00,869.2999877929688
2008-12-31 22:00:00,883.5999755859375
2009-01-02 22:00:00,878.7999877929688
2009-01-05 22:00:00,857.2000122070312
2009-01-06 22:00:00,865.4000244140625
2009-01-07 22:00:00,841.0999755859375
2009-01-08 22:00:00,853.9000244140625
2009-01-09 22:00:00,854.2999877929688
2009-01-12 22:00:00,820.2999877929688
2009-01-13 22:00:00,820.0999755859375
2009-01-14 22:00:00,808.2000122070312
2009-01-15 22:00:00,806.7000122070312
2009-01-16 22:00:00,839.2999877929688
2009-01-20 22:00:00,854.5999755859375
2009-01-21 22:00:00,849.5999755859375
2009-01-22 22:00:00,858.2000122070312
2009-01-23 22:00:00,895.2999877929688
2009-01-26 22:00:00,908.5
2009-01-27 22:00:00,899.2000122070312
2009-01-28 22:00:00,888.0999755859375
2009-01-29 22:00:00,905.0999755859376
2009-01-30 22:00:00,927.2999877929688
2009-02-02 22:00:00,906.7000122070312
2009-02-03 22:00:00,892.0
2009-02-04 22:00:00,901.5999755859376
2009-02-05 22:00:00,913.5999755859376
2009-02-06 22:00:00,913.9000244140624
2009-02-09 22:00:00,892.4000244140625
2009-02-10 22:00:00,913.7000122070312
2009-02-11 22:00:00,943.7999877929688
2009-02-12 22:00:00,948.5
2009-02-13 22:00:00,941.5
2009-02-17 22:00:00,967.0
2009-02-18 22:00:00,977.7000122070312
2009-02-19 22:00:00,976.0999755859376
2009-02-20 22:00:00,1001.7999877929688
2009-02-23 22:00:00,994.5999755859376
2009-02-24 22:00:00,969.0999755859376
2009-02-25 22:00:00,965.7000122070312
2009-02-26 22:00:00,941.7999877929688
2009-02-27 22:00:00,941.5
2009-03-02 22:00:00,939.0
2009-03-03 22:00:00,912.9000244140624
2009-03-04 22:00:00,906.0
2009-03-05 22:00:00,927.0
2009-03-06 22:00:00,942.0999755859376
2009-03-09 22:00:00,917.7000122070312
2009-03-10 22:00:00,895.5999755859375
2009-03-11 22:00:00,910.4000244140624
2009-03-12 22:00:00,923.7000122070312
2009-03-13 22:00:00,929.7999877929688
2009-03-16 22:00:00,921.5999755859376
2009-03-17 22:00:00,916.4000244140624
2009-03-18 22:00:00,888.7000122070312
2009-03-19 22:00:00,958.2999877929688
2009-03-20 22:00:00,955.7999877929688
2009-03-23 22:00:00,952.0999755859376
2009-03-24 22:00:00,923.2999877929688
2009-03-25 22:00:00,935.4000244140624
2009-03-26 22:00:00,939.5999755859376
2009-03-27 22:00:00,923.0
2009-03-30 22:00:00,915.5
2009-03-31 22:00:00,922.5999755859376
2009-04-01 22:00:00,926.0999755859376
2009-04-02 22:00:00,907.4000244140624
2009-04-03 22:00:00,895.5999755859375
2009-04-06 22:00:00,871.5
2009-04-07 22:00:00,882.2000122070312
2009-04-08 22:00:00,884.7999877929688
2009-04-09 22:00:00,882.2000122070312
2009-04-13 22:00:00,894.7000122070312
2009-04-14 22:00:00,890.9000244140625
2009-04-15 22:00:00,892.7999877929688
2009-04-16 22:00:00,879.2999877929688
2009-04-17 22:00:00,867.4000244140625
2009-04-20 22:00:00,887.0
2009-04-21 22:00:00,882.0999755859375
2009-04-22 22:00:00,891.7999877929688
2009-04-23 22:00:00,905.9000244140624
2009-04-24 22:00:00,913.5999755859376
2009-04-27 22:00:00,907.4000244140624
2009-04-28 22:00:00,892.7999877929688
2009-04-29 22:00:00,899.7999877929688
2009-04-30 22:00:00,890.7000122070312
2009-05-01 22:00:00,887.5999755859375
2009-05-04 22:00:00,901.5999755859376
2009-05-05 22:00:00,903.7000122070312
2009-05-06 22:00:00,910.5
2009-05-07 22:00:00,915.0
2009-05-08 22:00:00,914.4000244140624
2009-05-11 22:00:00,913.0
2009-05-12 22:00:00,923.5
2009-05-13 22:00:00,925.5
2009-05-14 22:00:00,928.0
2009-05-15 22:00:00,930.9000244140624
2009-05-18 22:00:00,921.2999877929688
2009-05-19 22:00:00,926.2999877929688
2009-05-20 22:00:00,937.0
2009-05-21 22:00:00,950.7999877929688
2009-05-22 22:00:00,958.5
2009-05-26 22:00:00,953.0999755859376
2009-05-27 22:00:00,953.2000122070312
2009-05-28 22:00:00,961.5
2009-05-29 22:00:00,978.7999877929688
2009-06-01 22:00:00,978.5999755859376
2009-06-02 22:00:00,983.2000122070312
2009-06-03 22:00:00,964.5
2009-06-04 22:00:00,981.2000122070312
2009-06-05 22:00:00,961.7000122070312
2009-06-08 22:00:00,951.7000122070312
2009-06-09 22:00:00,954.0
2009-06-10 22:00:00,954.0
2009-06-11 22:00:00,961.2999877929688
2009-06-12 22:00:00,940.0999755859376
2009-06-15 22:00:00,926.9000244140624
2009-06-16 22:00:00,931.5999755859376
2009-06-17 22:00:00,935.4000244140624
2009-06-18 22:00:00,934.0
2009-06-19 22:00:00,935.5999755859376
2009-06-22 22:00:00,920.5999755859376
2009-06-23 22:00:00,923.9000244140624
2009-06-24 22:00:00,934.0999755859376
2009-06-25 22:00:00,939.0999755859376
2009-06-26 22:00:00,940.7000122070312
2009-06-29 22:00:00,940.4000244140624
2009-06-30 22:00:00,927.0999755859376
2009-07-01 22:00:00,941.0
2009-07-02 22:00:00,930.7000122070312
2009-07-06 22:00:00,924.0
2009-07-07 22:00:00,928.7999877929688
2009-07-08 22:00:00,909.0
2009-07-09 22:00:00,915.9000244140624
2009-07-10 22:00:00,912.2000122070312
2009-07-13 22:00:00,922.2000122070312
2009-07-14 22:00:00,922.5
2009-07-15 22:00:00,939.0999755859376
2009-07-16 22:00:00,935.0999755859376
2009-07-17 22:00:00,937.2000122070312
2009-07-20 22:00:00,948.5
2009-07-21 22:00:00,946.5999755859376
2009-07-22 22:00:00,953.0
2009-07-23 22:00:00,954.5
2009-07-24 22:00:00,952.7999877929688
2009-07-27 22:00:00,953.2999877929688
2009-07-28 22:00:00,939.0
2009-07-29 22:00:00,927.2000122070312
2009-07-30 22:00:00,934.9000244140624
2009-07-31 22:00:00,953.7000122070312
2009-08-03 22:00:00,956.5999755859376
2009-08-04 22:00:00,967.5
2009-08-05 22:00:00,964.2000122070312
2009-08-06 22:00:00,960.7000122070312
2009-08-07 22:00:00,957.2999877929688
2009-08-10 22:00:00,945.0
2009-08-11 22:00:00,945.7999877929688
2009-08-12 22:00:00,950.7000122070312
2009-08-13 22:00:00,954.7000122070312
2009-08-14 22:00:00,947.0
2009-08-17 22:00:00,934.2999877929688
2009-08-18 22:00:00,937.7000122070312
2009-08-19 22:00:00,943.2999877929688
2009-08-20 22:00:00,940.2999877929688
2009-08-21 22:00:00,953.2000122070312
2009-08-24 22:00:00,942.2999877929688
2009-08-25 22:00:00,944.5
2009-08-26 22:00:00,944.2999877929688
2009-08-27 22:00:00,945.5
2009-08-28 22:00:00,957.0
2009-08-31 22:00:00,951.7000122070312
2009-09-01 22:00:00,954.7000122070312
2009-09-02 22:00:00,976.5999755859376
2009-09-03 22:00:00,995.7999877929688
2009-09-04 22:00:00,994.9000244140624
2009-09-08 22:00:00,997.9000244140624
2009-09-09 22:00:00,995.2999877929688
2009-09-10 22:00:00,995.4000244140624
2009-09-11 22:00:00,1004.9000244140624
2009-09-14 22:00:00,999.9000244140624
2009-09-15 22:00:00,1005.0
2009-09-16 22:00:00,1018.9000244140624
2009-09-17 22:00:00,1012.2999877929688
2009-09-18 22:00:00,1009.2000122070312
2009-09-21 22:00:00,1003.7000122070312
2009-09-22 22:00:00,1014.2000122070312
2009-09-23 22:00:00,1013.0
2009-09-24 22:00:00,997.5
2009-09-25 22:00:00,990.2000122070312
2009-09-28 22:00:00,992.5
2009-09-29 22:00:00,993.0999755859376
2009-09-30 22:00:00,1008.0
2009-10-01 22:00:00,999.5
2009-10-02 22:00:00,1003.2000122070312
2009-10-05 22:00:00,1016.7000122070312
2009-10-06 22:00:00,1038.5999755859375
2009-10-07 22:00:00,1043.300048828125
2009-10-08 22:00:00,1055.4000244140625
2009-10-09 22:00:00,1047.800048828125
2009-10-12 22:00:00,1056.699951171875
2009-10-13 22:00:00,1064.199951171875
2009-10-14 22:00:00,1063.9000244140625
2009-10-15 22:00:00,1049.800048828125
2009-10-16 22:00:00,1050.699951171875
2009-10-19 22:00:00,1057.300048828125
2009-10-20 22:00:00,1057.800048828125
2009-10-21 22:00:00,1063.699951171875
2009-10-22 22:00:00,1057.800048828125
2009-10-23 22:00:00,1055.5999755859375
2009-10-26 22:00:00,1042.0999755859375
2009-10-27 22:00:00,1034.699951171875
2009-10-28 22:00:00,1029.9000244140625
2009-10-29 22:00:00,1046.4000244140625
2009-10-30 22:00:00,1039.699951171875
2009-11-02 22:00:00,1053.4000244140625
2009-11-03 22:00:00,1084.300048828125
2009-11-04 22:00:00,1086.699951171875
2009-11-05 22:00:00,1088.699951171875
2009-11-06 22:00:00,1095.0999755859375
2009-11-09 22:00:00,1100.800048828125
2009-11-10 22:00:00,1101.9000244140625
2009-11-11 22:00:00,1114.0
2009-11-12 22:00:00,1106.0
2009-11-13 22:00:00,1116.0999755859375
2009-11-16 22:00:00,1138.5999755859375
2009-11-17 22:00:00,1138.800048828125
2009-11-18 22:00:00,1140.699951171875
2009-11-19 22:00:00,1141.4000244140625
2009-11-20 22:00:00,1146.4000244140625
2009-11-23 22:00:00,1164.300048828125
2009-11-24 22:00:00,1165.5
2009-11-25 22:00:00,1186.9000244140625
2009-11-27 22:00:00,1174.199951171875
2009-11-30 22:00:00,1181.0999755859375
2009-12-01 22:00:00,1199.0999755859375
2009-12-02 22:00:00,1212.0
2009-12-03 22:00:00,1217.4000244140625
2009-12-04 22:00:00,1168.800048828125
2009-12-07 22:00:00,1163.4000244140625
2009-12-08 22:00:00,1142.800048828125
2009-12-09 22:00:00,1120.4000244140625
2009-12-10 22:00:00,1125.699951171875
2009-12-11 22:00:00,1119.4000244140625
2009-12-14 22:00:00,1123.300048828125
2009-12-15 22:00:00,1122.4000244140625
2009-12-16 22:00:00,1135.5
2009-12-17 22:00:00,1106.800048828125
2009-12-18 22:00:00,1110.800048828125
2009-12-21 22:00:00,1095.4000244140625
2009-12-22 22:00:00,1086.0
2009-12-23 22:00:00,1093.300048828125
2009-12-24 22:00:00,1104.0999755859375
2009-12-28 22:00:00,1107.199951171875
2009-12-29 22:00:00,1097.0
2009-12-30 22:00:00,1091.5
2009-12-31 22:00:00,1095.199951171875
2010-01-04 22:00:00,1117.699951171875
2010-01-05 22:00:00,1118.0999755859375
2010-01-06 22:00:00,1135.9000244140625
2010-01-07 22:00:00,1133.0999755859375
2010-01-08 22:00:00,1138.199951171875
2010-01-11 22:00:00,1150.699951171875
2010-01-12 22:00:00,1128.9000244140625
2010-01-13 22:00:00,1136.4000244140625
2010-01-14 22:00:00,1142.5999755859375
2010-01-15 22:00:00,1130.0999755859375
2010-01-19 22:00:00,1139.699951171875
2010-01-20 22:00:00,1112.300048828125
2010-01-21 22:00:00,1102.699951171875
2010-01-22 22:00:00,1089.199951171875
2010-01-25 22:00:00,1095.199951171875
2010-01-26 22:00:00,1097.9000244140625
2010-01-27 22:00:00,1084.4000244140625
2010-01-28 22:00:00,1083.5999755859375
2010-01-29 22:00:00,1083.0
2010-02-01 22:00:00,1104.300048828125
2010-02-02 22:00:00,1117.4000244140625
2010-02-03 22:00:00,1111.4000244140625
2010-02-04 22:00:00,1062.4000244140625
2010-02-05 22:00:00,1052.199951171875
2010-02-08 22:00:00,1065.699951171875
2010-02-09 22:00:00,1076.699951171875
2010-02-10 22:00:00,1075.800048828125
2010-02-11 22:00:00,1094.199951171875
2010-02-12 22:00:00,1089.5
2010-02-16 22:00:00,1119.300048828125
2010-02-17 22:00:00,1119.5
2010-02-18 22:00:00,1118.0
2010-02-19 22:00:00,1121.300048828125
2010-02-22 22:00:00,1112.5999755859375
2010-02-23 22:00:00,1102.699951171875
2010-02-24 22:00:00,1096.5
2010-02-25 22:00:00,1107.800048828125
2010-02-26 22:00:00,1118.300048828125
2010-03-01 22:00:00,1117.800048828125
2010-03-02 22:00:00,1136.9000244140625
2010-03-03 22:00:00,1142.699951171875
2010-03-04 22:00:00,1132.5999755859375
2010-03-05 22:00:00,1134.800048828125
2010-03-08 22:00:00,1123.5999755859375
2010-03-09 22:00:00,1122.0
2010-03-10 22:00:00,1107.800048828125
2010-03-11 22:00:00,1108.0
2010-03-12 22:00:00,1101.5
2010-03-15 22:00:00,1105.0999755859375
2010-03-16 22:00:00,1122.199951171875
2010-03-17 22:00:00,1124.0
2010-03-18 22:00:00,1127.4000244140625
2010-03-19 22:00:00,1107.4000244140625
2010-03-22 22:00:00,1099.300048828125
2010-03-23 22:00:00,1103.5
2010-03-24 22:00:00,1088.5999755859375
2010-03-25 22:00:00,1092.699951171875
2010-03-26 22:00:00,1104.199951171875
2010-03-29 22:00:00,1110.300048828125
2010-03-30 22:00:00,1104.5
2010-03-31 22:00:00,1113.300048828125
2010-04-01 22:00:00,1125.0999755859375
2010-04-05 22:00:00,1132.9000244140625
2010-04-06 22:00:00,1135.0999755859375
2010-04-07 22:00:00,1152.300048828125
2010-04-08 22:00:00,1152.199951171875
2010-04-09 22:00:00,1161.0999755859375
2010-04-12 22:00:00,1161.5999755859375
2010-04-13 22:00:00,1152.800048828125
2010-04-14 22:00:00,1159.0
2010-04-15 22:00:00,1159.699951171875
2010-04-16 22:00:00,1136.300048828125
2010-04-19 22:00:00,1135.199951171875
2010-04-20 22:00:00,1138.5999755859375
2010-04-21 22:00:00,1148.199951171875
2010-04-22 22:00:00,1142.300048828125
2010-04-23 22:00:00,1153.0999755859375
2010-04-26 22:00:00,1153.5
2010-04-27 22:00:00,1161.699951171875
2010-04-28 22:00:00,1171.300048828125
2010-04-29 22:00:00,1168.4000244140625
2010-04-30 22:00:00,1180.0999755859375
2010-05-03 22:00:00,1182.699951171875
2010-05-04 22:00:00,1168.5999755859375
2010-05-05 22:00:00,1174.5999755859375
2010-05-06 22:00:00,1196.9000244140625
2010-05-07 22:00:00,1210.0
2010-05-10 22:00:00,1200.4000244140625
2010-05-11 22:00:00,1219.9000244140625
2010-05-12 22:00:00,1242.699951171875
2010-05-13 22:00:00,1228.800048828125
2010-05-14 22:00:00,1227.4000244140625
2010-05-17 22:00:00,1227.699951171875
2010-05-18 22:00:00,1214.300048828125
2010-05-19 22:00:00,1192.5999755859375
2010-05-20 22:00:00,1187.800048828125
2010-05-21 22:00:00,1175.699951171875
2010-05-24 22:00:00,1193.800048828125
2010-05-25 22:00:00,1197.800048828125
2010-05-26 22:00:00,1213.300048828125
2010-05-27 22:00:00,1211.9000244140625
2010-05-28 22:00:00,1212.199951171875
2010-06-01 22:00:00,1224.800048828125
2010-06-02 22:00:00,1220.5999755859375
2010-06-03 22:00:00,1208.300048828125
2010-06-04 22:00:00,1216.199951171875
2010-06-07 22:00:00,1239.300048828125
2010-06-08 22:00:00,1244.0
2010-06-09 22:00:00,1228.5
2010-06-10 22:00:00,1220.800048828125
2010-06-11 22:00:00,1228.9000244140625
2010-06-14 22:00:00,1223.300048828125
2010-06-15 22:00:00,1233.199951171875
2010-06-16 22:00:00,1229.300048828125
2010-06-17 22:00:00,1247.5
2010-06-18 22:00:00,1257.199951171875
2010-06-21 22:00:00,1239.699951171875
2010-06-22 22:00:00,1239.9000244140625
2010-06-23 22:00:00,1234.0999755859375
2010-06-24 22:00:00,1245.5
2010-06-25 22:00:00,1255.800048828125
2010-06-28 22:00:00,1238.199951171875
2010-06-29 22:00:00,1242.0
2010-06-30 22:00:00,1245.5
2010-07-01 22:00:00,1206.300048828125
2010-07-02 22:00:00,1207.4000244140625
2010-07-06 22:00:00,1194.800048828125
2010-07-07 22:00:00,1198.5999755859375
2010-07-08 22:00:00,1195.800048828125
2010-07-09 22:00:00,1209.5999755859375
2010-07-12 22:00:00,1198.5
2010-07-13 22:00:00,1213.300048828125
2010-07-14 22:00:00,1206.800048828125
2010-07-15 22:00:00,1208.0999755859375
2010-07-16 22:00:00,1188.0
2010-07-19 22:00:00,1181.699951171875
2010-07-20 22:00:00,1191.5
2010-07-21 22:00:00,1191.5999755859375
2010-07-22 22:00:00,1195.5
2010-07-23 22:00:00,1187.699951171875
2010-07-26 22:00:00,1183.0
2010-07-27 22:00:00,1158.0
2010-07-28 22:00:00,1160.4000244140625
2010-07-29 22:00:00,1168.4000244140625
2010-07-30 22:00:00,1181.699951171875
2010-08-02 22:00:00,1183.4000244140625
2010-08-03 22:00:00,1185.199951171875
2010-08-04 22:00:00,1193.699951171875
2010-08-05 22:00:00,1197.199951171875
2010-08-06 22:00:00,1203.4000244140625
2010-08-09 22:00:00,1200.699951171875
2010-08-10 22:00:00,1196.199951171875
2010-08-11 22:00:00,1197.5
2010-08-12 22:00:00,1214.800048828125
2010-08-13 22:00:00,1214.9000244140625
2010-08-16 22:00:00,1224.5
2010-08-17 22:00:00,1226.5999755859375
2010-08-18 22:00:00,1229.699951171875
2010-08-19 22:00:00,1233.800048828125
2010-08-20 22:00:00,1227.199951171875
2010-08-23 22:00:00,1226.9000244140625
2010-08-24 22:00:00,1231.800048828125
2010-08-25 22:00:00,1239.5
2010-08-26 22:00:00,1235.4000244140625
2010-08-27 22:00:00,1236.0
2010-08-30 22:00:00,1237.0999755859375
2010-08-31 22:00:00,1248.300048828125
2010-09-01 22:00:00,1246.300048828125
2010-09-02 22:00:00,1251.5
2010-09-03 22:00:00,1249.199951171875
2010-09-07 22:00:00,1257.300048828125
2010-09-08 22:00:00,1255.5999755859375
2010-09-09 22:00:00,1248.9000244140625
2010-09-10 22:00:00,1244.5
2010-09-13 22:00:00,1245.0999755859375
2010-09-14 22:00:00,1269.699951171875
2010-09-15 22:00:00,1266.699951171875
2010-09-16 22:00:00,1271.9000244140625
2010-09-17 22:00:00,1275.5999755859375
2010-09-20 22:00:00,1279.0
2010-09-21 22:00:00,1272.4000244140625
2010-09-22 22:00:00,1290.199951171875
2010-09-23 22:00:00,1294.300048828125
2010-09-24 22:00:00,1296.0
2010-09-27 22:00:00,1296.699951171875
2010-09-28 22:00:00,1306.5999755859375
2010-09-29 22:00:00,1308.5
2010-09-30 22:00:00,1307.800048828125
2010-10-01 22:00:00,1316.0999755859375
2010-10-04 22:00:00,1315.4000244140625
2010-10-05 22:00:00,1338.9000244140625
2010-10-06 22:00:00,1346.4000244140625
2010-10-07 22:00:00,1333.9000244140625
2010-10-08 22:00:00,1344.199951171875
2010-10-11 22:00:00,1353.300048828125
2010-10-12 22:00:00,1345.699951171875
2010-10-13 22:00:00,1369.5
2010-10-14 22:00:00,1376.699951171875
2010-10-15 22:00:00,1371.0999755859375
2010-10-18 22:00:00,1371.199951171875
2010-10-19 22:00:00,1335.0999755859375
2010-10-20 22:00:00,1343.300048828125
2010-10-21 22:00:00,1324.699951171875
2010-10-22 22:00:00,1324.4000244140625
2010-10-25 22:00:00,1338.300048828125
2010-10-26 22:00:00,1338.0
2010-10-27 22:00:00,1322.199951171875
2010-10-28 22:00:00,1342.0999755859375
2010-10-29 22:00:00,1357.0999755859375
2010-11-01 22:00:00,1350.199951171875
2010-11-02 22:00:00,1356.4000244140625
2010-11-03 22:00:00,1337.0999755859375
2010-11-04 22:00:00,1382.699951171875
2010-11-05 22:00:00,1397.300048828125
2010-11-08 22:00:00,1402.800048828125
2010-11-09 22:00:00,1409.800048828125
2010-11-10 22:00:00,1399.0999755859375
2010-11-11 22:00:00,1403.0999755859375
2010-11-12 22:00:00,1365.4000244140625
2010-11-15 22:00:00,1368.4000244140625
2010-11-16 22:00:00,1338.300048828125
2010-11-17 22:00:00,1336.800048828125
2010-11-18 22:00:00,1352.9000244140625
2010-11-19 22:00:00,1352.199951171875
2010-11-22 22:00:00,1357.699951171875
2010-11-23 22:00:00,1377.5
2010-11-24 22:00:00,1372.9000244140625
2010-11-26 22:00:00,1362.300048828125
2010-11-29 22:00:00,1366.0
2010-11-30 22:00:00,1385.0
2010-12-01 22:00:00,1387.300048828125
2010-12-02 22:00:00,1388.5
2010-12-03 22:00:00,1405.4000244140625
2010-12-06 22:00:00,1415.300048828125
2010-12-07 22:00:00,1408.300048828125
2010-12-08 22:00:00,1382.5
2010-12-09 22:00:00,1392.0999755859375
2010-12-10 22:00:00,1384.300048828125
2010-12-13 22:00:00,1397.300048828125
2010-12-14 22:00:00,1403.5999755859375
2010-12-15 22:00:00,1385.5
2010-12-16 22:00:00,1370.4000244140625
2010-12-17 22:00:00,1378.5999755859375
2010-12-20 22:00:00,1385.5
2010-12-21 22:00:00,1388.199951171875
2010-12-22 22:00:00,1386.800048828125
2010-12-23 22:00:00,1380.0
2010-12-27 22:00:00,1382.4000244140625
2010-12-28 22:00:00,1405.199951171875
2010-12-29 22:00:00,1413.0999755859375
2010-12-30 22:00:00,1405.5999755859375
2010-12-31 22:00:00,1421.0999755859375
2011-01-02 22:00:00,1414.5
2011-01-03 22:00:00,1380.25
2011-01-04 22:00:00,1377.95
2011-01-05 22:00:00,1371.2
2011-01-06 22:00:00,1369.08
2011-01-07 22:00:00,1368.5
2011-01-09 22:00:00,1375.3
2011-01-10 22:00:00,1381.25
2011-01-11 22:00:00,1387.5
2011-01-12 22:00:00,1373.4
2011-01-13 22:00:00,1361.6
2011-01-14 22:00:00,1360.4000244140625
2011-01-16 22:00:00,1361.2
2011-01-17 22:00:00,1367.95
2011-01-18 22:00:00,1369.7
2011-01-19 22:00:00,1345.72
2011-01-20 22:00:00,1342.28
2011-01-21 22:00:00,1341.0
2011-01-23 22:00:00,1334.05
2011-01-24 22:00:00,1332.15
2011-01-25 22:00:00,1345.3
2011-01-26 22:00:00,1313.6
2011-01-27 22:00:00,1336.34
2011-01-28 22:00:00,1340.699951171875
2011-01-30 22:00:00,1332.65
2011-01-31 22:00:00,1341.15
2011-02-01 22:00:00,1334.75
2011-02-02 22:00:00,1354.3
2011-02-03 22:00:00,1348.6
2011-02-04 22:00:00,1348.300048828125
2011-02-06 22:00:00,1350.95
2011-02-07 22:00:00,1363.45
2011-02-08 22:00:00,1363.34
2011-02-09 22:00:00,1363.15
2011-02-10 22:00:00,1356.45
2011-02-11 22:00:00,1359.9000244140625
2011-02-13 22:00:00,1361.55
2011-02-14 22:00:00,1373.45
2011-02-15 22:00:00,1374.05
2011-02-16 22:00:00,1383.9
2011-02-17 22:00:00,1389.85
2011-02-18 22:00:00,1388.199951171875
2011-02-20 22:00:00,1406.2
2011-02-21 22:00:00,1398.9
2011-02-22 22:00:00,1411.05
2011-02-23 22:00:00,1402.22
2011-02-24 22:00:00,1410.15
2011-02-25 22:00:00,1408.699951171875
2011-02-27 22:00:00,1410.68
2011-02-28 22:00:00,1433.06
2011-03-01 22:00:00,1434.05
2011-03-02 22:00:00,1415.65
2011-03-03 22:00:00,1430.4
2011-03-04 22:00:00,1428.199951171875
2011-03-06 22:00:00,1431.75
2011-03-07 22:00:00,1428.59
2011-03-08 22:00:00,1430.49
2011-03-09 22:00:00,1411.45
2011-03-10 22:00:00,1417.44
2011-03-11 22:00:00,1421.5
2011-03-12 22:00:00,1430.91
2011-03-13 21:00:00,1426.08
2011-03-14 21:00:00,1393.92
2011-03-14 22:00:00,1424.5999755859375
2011-03-15 21:00:00,1391.74
2011-03-15 22:00:00,1392.5999755859375
2011-03-16 21:00:00,1406.0
2011-03-16 22:00:00,1396.0
2011-03-17 21:00:00,1418.32
2011-03-17 22:00:00,1404.0
2011-03-18 22:00:00,1415.9000244140625
2011-03-19 21:00:00,1425.34
2011-03-20 21:00:00,1427.45
2011-03-21 21:00:00,1427.53
2011-03-21 22:00:00,1426.199951171875
2011-03-22 21:00:00,1437.11
2011-03-22 22:00:00,1427.5
2011-03-23 21:00:00,1430.22
2011-03-23 22:00:00,1437.9000244140625
2011-03-24 21:00:00,1429.55
2011-03-24 22:00:00,1434.800048828125
2011-03-25 22:00:00,1426.0999755859375
2011-03-27 21:00:00,1420.15
2011-03-28 21:00:00,1418.15
2011-03-28 22:00:00,1419.800048828125
2011-03-29 21:00:00,1422.6
2011-03-29 22:00:00,1416.0
2011-03-30 21:00:00,1431.85
2011-03-30 22:00:00,1423.800048828125
2011-03-31 21:00:00,1428.33
2011-03-31 22:00:00,1438.9000244140625
2011-04-01 22:00:00,1428.0999755859375
2011-04-03 21:00:00,1433.65
2011-04-04 21:00:00,1455.4
2011-04-04 22:00:00,1432.199951171875
2011-04-05 21:00:00,1459.4
2011-04-05 22:00:00,1451.800048828125
2011-04-06 21:00:00,1457.91
2011-04-06 22:00:00,1457.699951171875
2011-04-07 21:00:00,1474.35
2011-04-07 22:00:00,1458.5
2011-04-08 22:00:00,1473.4000244140625
2011-04-10 21:00:00,1463.0
2011-04-11 21:00:00,1452.7
2011-04-11 22:00:00,1467.4000244140625
2011-04-12 21:00:00,1457.0
2011-04-12 22:00:00,1452.9000244140625
2011-04-13 21:00:00,1473.85
2011-04-13 22:00:00,1454.9000244140625
2011-04-14 21:00:00,1486.35
2011-04-14 22:00:00,1471.699951171875
2011-04-15 22:00:00,1485.300048828125
2011-04-17 21:00:00,1495.0
2011-04-18 21:00:00,1496.15
2011-04-18 22:00:00,1492.300048828125
2011-04-19 21:00:00,1502.15
2011-04-19 22:00:00,1494.5
2011-04-20 21:00:00,1504.56
2011-04-20 22:00:00,1498.300048828125
2011-04-21 21:00:00,1504.5
2011-04-21 22:00:00,1503.199951171875
2011-04-24 21:00:00,1506.65
2011-04-25 21:00:00,1505.95
2011-04-25 22:00:00,1508.5999755859375
2011-04-26 21:00:00,1526.6
2011-04-26 22:00:00,1503.0
2011-04-27 21:00:00,1536.0
2011-04-27 22:00:00,1516.699951171875
2011-04-28 21:00:00,1562.9
2011-04-28 22:00:00,1530.800048828125
2011-04-29 22:00:00,1556.0
2011-05-01 21:00:00,1544.85
2011-05-02 21:00:00,1535.6
2011-05-02 22:00:00,1556.699951171875
2011-05-03 21:00:00,1515.95
2011-05-03 22:00:00,1540.0999755859375
2011-05-04 21:00:00,1473.95
2011-05-04 22:00:00,1514.9000244140625
2011-05-05 21:00:00,1495.08
2011-05-05 22:00:00,1480.9000244140625
2011-05-06 22:00:00,1491.199951171875
2011-05-08 21:00:00,1513.44
2011-05-09 21:00:00,1515.9
2011-05-09 22:00:00,1502.9000244140625
2011-05-10 21:00:00,1500.9
2011-05-10 22:00:00,1516.5999755859375
2011-05-11 21:00:00,1505.55
2011-05-11 22:00:00,1501.0999755859375
2011-05-12 21:00:00,1494.75
2011-05-12 22:00:00,1506.5999755859375
2011-05-13 22:00:00,1493.4000244140625
2011-05-15 21:00:00,1488.95
2011-05-16 21:00:00,1486.44
2011-05-16 22:00:00,1490.4000244140625
2011-05-17 21:00:00,1496.9
2011-05-17 22:00:00,1479.800048828125
2011-05-18 21:00:00,1493.05
2011-05-18 22:00:00,1495.5999755859375
2011-05-19 21:00:00,1511.55
2011-05-19 22:00:00,1492.199951171875
2011-05-20 22:00:00,1508.800048828125
2011-05-22 21:00:00,1516.8
2011-05-23 21:00:00,1526.35
2011-05-23 22:00:00,1515.300048828125
2011-05-24 21:00:00,1525.0
2011-05-24 22:00:00,1523.199951171875
2011-05-25 21:00:00,1518.85
2011-05-25 22:00:00,1526.5999755859375
2011-05-26 21:00:00,1535.93
2011-05-26 22:00:00,1522.800048828125
2011-05-27 22:00:00,1536.300048828125
2011-05-29 21:00:00,1538.2
2011-05-30 21:00:00,1535.45
2011-05-31 21:00:00,1539.45
2011-05-31 22:00:00,1535.9000244140625
2011-06-01 21:00:00,1533.35
2011-06-01 22:00:00,1542.4000244140625
2011-06-02 21:00:00,1541.65
2011-06-02 22:00:00,1532.0
2011-06-03 22:00:00,1541.699951171875
2011-06-05 21:00:00,1544.27
2011-06-06 21:00:00,1543.85
2011-06-06 22:00:00,1546.5
2011-06-07 21:00:00,1537.25
2011-06-07 22:00:00,1543.300048828125
2011-06-08 21:00:00,1543.75
2011-06-08 22:00:00,1538.0999755859375
2011-06-09 21:00:00,1530.82
2011-06-09 22:00:00,1542.0999755859375
2011-06-10 22:00:00,1528.5999755859375
2011-06-12 21:00:00,1515.44
2011-06-13 21:00:00,1523.71
2011-06-13 22:00:00,1515.0
2011-06-14 21:00:00,1530.75
2011-06-14 22:00:00,1523.800048828125
2011-06-15 21:00:00,1529.53
2011-06-15 22:00:00,1525.5999755859375
2011-06-16 21:00:00,1538.95
2011-06-16 22:00:00,1529.300048828125
2011-06-17 22:00:00,1538.5999755859375
2011-06-19 21:00:00,1540.45
2011-06-20 21:00:00,1546.0
2011-06-20 22:00:00,1541.5
2011-06-21 21:00:00,1548.85
2011-06-21 22:00:00,1546.0
2011-06-22 21:00:00,1520.97
2011-06-22 22:00:00,1552.9000244140625
2011-06-23 21:00:00,1502.14
2011-06-23 22:00:00,1520.0999755859375
2011-06-24 22:00:00,1500.5
2011-06-26 21:00:00,1497.65
2011-06-27 21:00:00,1501.05
2011-06-27 22:00:00,1496.0
2011-06-28 21:00:00,1512.06
2011-06-28 22:00:00,1499.699951171875
2011-06-29 21:00:00,1499.61
2011-06-29 22:00:00,1509.9000244140625
2011-06-30 21:00:00,1487.25
2011-06-30 22:00:00,1502.300048828125
2011-07-01 22:00:00,1482.300048828125
2011-07-03 21:00:00,1496.15
2011-07-04 21:00:00,1515.4
2011-07-05 21:00:00,1528.6
2011-07-05 22:00:00,1512.300048828125
2011-07-06 21:00:00,1532.2
2011-07-06 22:00:00,1528.699951171875
2011-07-07 21:00:00,1543.7
2011-07-07 22:00:00,1530.199951171875
2011-07-08 22:00:00,1541.199951171875
2011-07-10 21:00:00,1553.05
2011-07-11 21:00:00,1567.5
2011-07-11 22:00:00,1548.800048828125
2011-07-12 21:00:00,1582.1
2011-07-12 22:00:00,1561.9000244140625
2011-07-13 21:00:00,1587.0
2011-07-13 22:00:00,1585.199951171875
2011-07-14 21:00:00,1593.1
2011-07-14 22:00:00,1589.0
2011-07-15 22:00:00,1589.800048828125
2011-07-17 21:00:00,1604.55
2011-07-18 21:00:00,1588.15
2011-07-18 22:00:00,1602.0999755859375
2011-07-19 21:00:00,1600.15
2011-07-19 22:00:00,1600.9000244140625
2011-07-20 21:00:00,1590.35
2011-07-20 22:00:00,1596.699951171875
2011-07-21 21:00:00,1600.75
2011-07-21 22:00:00,1586.800048828125
2011-07-22 22:00:00,1601.300048828125
2011-07-24 21:00:00,1613.8
2011-07-25 21:00:00,1619.05
2011-07-25 22:00:00,1612.0
2011-07-26 21:00:00,1613.35
2011-07-26 22:00:00,1616.5999755859375
2011-07-27 21:00:00,1615.85
2011-07-27 22:00:00,1615.0
2011-07-28 21:00:00,1626.65
2011-07-28 22:00:00,1613.4000244140625
2011-07-29 22:00:00,1628.300048828125
2011-07-31 21:00:00,1619.2
2011-08-01 21:00:00,1660.85
2011-08-01 22:00:00,1619.0
2011-08-02 21:00:00,1661.72
2011-08-02 22:00:00,1641.9000244140625
2011-08-03 21:00:00,1646.35
2011-08-03 22:00:00,1663.4000244140625
2011-08-04 21:00:00,1663.11
2011-08-04 22:00:00,1656.199951171875
2011-08-05 22:00:00,1648.800048828125
2011-08-07 21:00:00,1719.1
2011-08-08 21:00:00,1739.88
2011-08-08 22:00:00,1710.199951171875
2011-08-09 21:00:00,1792.6
2011-08-09 22:00:00,1740.0
2011-08-10 21:00:00,1763.65
2011-08-10 22:00:00,1781.300048828125
2011-08-11 21:00:00,1746.45
2011-08-11 22:00:00,1748.800048828125
2011-08-12 22:00:00,1740.199951171875
2011-08-14 21:00:00,1765.48
2011-08-15 21:00:00,1785.27
2011-08-15 22:00:00,1755.5
2011-08-16 21:00:00,1790.85
2011-08-16 22:00:00,1782.4000244140625
2011-08-17 21:00:00,1823.35
2011-08-17 22:00:00,1791.199951171875
2011-08-18 21:00:00,1851.55
2011-08-18 22:00:00,1818.9000244140625
2011-08-19 22:00:00,1848.9000244140625
2011-08-21 21:00:00,1897.18
2011-08-22 21:00:00,1828.28
2011-08-22 22:00:00,1888.699951171875
2011-08-23 21:00:00,1758.65
2011-08-23 22:00:00,1858.300048828125
2011-08-24 21:00:00,1774.8
2011-08-24 22:00:00,1754.0999755859375
2011-08-25 21:00:00,1827.6
2011-08-25 22:00:00,1759.800048828125
2011-08-26 22:00:00,1794.0999755859375
2011-08-28 21:00:00,1788.0
2011-08-29 21:00:00,1835.07
2011-08-29 22:00:00,1788.4000244140625
2011-08-30 21:00:00,1825.75
2011-08-30 22:00:00,1826.699951171875
2011-08-31 21:00:00,1825.85
2011-08-31 22:00:00,1828.5
2011-09-01 21:00:00,1882.6
2011-09-01 22:00:00,1826.0
2011-09-02 22:00:00,1873.699951171875
2011-09-04 21:00:00,1901.05
2011-09-05 21:00:00,1874.7
2011-09-06 21:00:00,1817.23
2011-09-06 22:00:00,1869.9000244140625
2011-09-07 21:00:00,1869.88
2011-09-07 22:00:00,1814.199951171875
2011-09-08 21:00:00,1855.3
2011-09-08 22:00:00,1854.4000244140625
2011-09-09 22:00:00,1856.4000244140625
2011-09-11 21:00:00,1814.75
2011-09-12 21:00:00,1833.4
2011-09-12 22:00:00,1809.9000244140625
2011-09-13 21:00:00,1819.4
2011-09-13 22:00:00,1826.800048828125
2011-09-14 21:00:00,1788.3
2011-09-14 22:00:00,1823.5
2011-09-15 21:00:00,1811.35
2011-09-15 22:00:00,1778.5
2011-09-16 22:00:00,1812.0999755859373
2011-09-18 21:00:00,1778.45
2011-09-19 21:00:00,1803.25
2011-09-19 22:00:00,1776.4000244140625
2011-09-20 21:00:00,1781.83
2011-09-20 22:00:00,1806.5999755859373
2011-09-21 21:00:00,1739.88
2011-09-21 22:00:00,1805.5
2011-09-22 21:00:00,1656.35
2011-09-22 22:00:00,1739.199951171875
2011-09-23 22:00:00,1637.5
2011-09-25 21:00:00,1626.38
2011-09-26 21:00:00,1650.0
2011-09-26 22:00:00,1592.5
2011-09-27 21:00:00,1608.62
2011-09-27 22:00:00,1650.5999755859375
2011-09-28 21:00:00,1614.66
2011-09-28 22:00:00,1616.300048828125
2011-09-29 21:00:00,1623.5
2011-09-29 22:00:00,1615.5
2011-09-30 22:00:00,1620.4000244140625
2011-10-02 21:00:00,1658.35
2011-10-03 21:00:00,1623.7
2011-10-03 22:00:00,1656.0
2011-10-04 21:00:00,1640.65
2011-10-04 22:00:00,1614.699951171875
2011-10-05 21:00:00,1651.08
2011-10-05 22:00:00,1640.300048828125
2011-10-06 21:00:00,1637.65
2011-10-06 22:00:00,1651.9000244140625
2011-10-07 22:00:00,1634.5
2011-10-09 21:00:00,1676.38
2011-10-10 21:00:00,1661.75
2011-10-10 22:00:00,1669.5999755859375
2011-10-11 21:00:00,1675.9
2011-10-11 22:00:00,1659.699951171875
2011-10-12 21:00:00,1667.7
2011-10-12 22:00:00,1681.300048828125
2011-10-13 21:00:00,1680.4
2011-10-13 22:00:00,1667.300048828125
2011-10-14 22:00:00,1681.800048828125
2011-10-16 21:00:00,1670.15
2011-10-17 21:00:00,1657.45
2011-10-17 22:00:00,1675.5
2011-10-18 21:00:00,1640.3
2011-10-18 22:00:00,1651.699951171875
2011-10-19 21:00:00,1620.35
2011-10-19 22:00:00,1646.0
2011-10-20 21:00:00,1641.82
2011-10-20 22:00:00,1611.9000244140625
2011-10-21 22:00:00,1635.0999755859375
2011-10-23 21:00:00,1653.15
2011-10-24 21:00:00,1704.8
2011-10-24 22:00:00,1651.5
2011-10-25 21:00:00,1724.38
2011-10-25 22:00:00,1699.5999755859375
2011-10-26 21:00:00,1744.6
2011-10-26 22:00:00,1722.699951171875
2011-10-27 21:00:00,1743.1
2011-10-27 22:00:00,1746.699951171875
2011-10-28 22:00:00,1746.199951171875
2011-10-30 21:00:00,1714.55
2011-10-31 21:00:00,1719.5
2011-10-31 22:00:00,1724.199951171875
2011-11-01 21:00:00,1738.35
2011-11-01 22:00:00,1711.0
2011-11-02 21:00:00,1763.6
2011-11-02 22:00:00,1728.699951171875
2011-11-03 21:00:00,1754.15
2011-11-03 22:00:00,1764.199951171875
2011-11-04 22:00:00,1755.300048828125
2011-11-06 22:00:00,1794.5
2011-11-07 22:00:00,1786.0
2011-11-08 22:00:00,1769.65
2011-11-09 22:00:00,1758.0
2011-11-10 22:00:00,1788.08
2011-11-11 22:00:00,1787.5
2011-11-13 22:00:00,1780.2
2011-11-14 22:00:00,1780.36
2011-11-15 22:00:00,1762.98
2011-11-16 22:00:00,1721.24
2011-11-17 22:00:00,1723.4
2011-11-18 22:00:00,1724.699951171875
2011-11-20 22:00:00,1676.95
2011-11-21 22:00:00,1699.45
2011-11-22 22:00:00,1692.0
2011-11-23 22:00:00,1694.69
2011-11-24 22:00:00,1680.25
2011-11-25 22:00:00,1685.5
2011-11-27 22:00:00,1711.85
2011-11-28 22:00:00,1715.15
2011-11-29 22:00:00,1745.9
2011-11-30 22:00:00,1744.45
2011-12-01 22:00:00,1746.2
2011-12-02 22:00:00,1747.0
2011-12-04 22:00:00,1722.55
2011-12-05 22:00:00,1728.1
2011-12-06 22:00:00,1741.45
2011-12-07 22:00:00,1707.93
2011-12-08 22:00:00,1710.95
2011-12-09 22:00:00,1712.800048828125
2011-12-11 22:00:00,1666.09
2011-12-12 22:00:00,1631.3
2011-12-13 22:00:00,1573.7
2011-12-14 22:00:00,1570.2
2011-12-15 22:00:00,1598.45
2011-12-16 22:00:00,1595.5999755859375
2011-12-18 22:00:00,1593.6
2011-12-19 22:00:00,1615.19
2011-12-20 22:00:00,1614.85
2011-12-21 22:00:00,1605.77
2011-12-22 22:00:00,1606.48
2011-12-23 22:00:00,1604.699951171875
2011-12-26 22:00:00,1592.65
2011-12-27 22:00:00,1556.33
2011-12-28 22:00:00,1545.2
2011-12-29 22:00:00,1564.73
2011-12-30 22:00:00,1565.800048828125
2012-01-02 22:00:00,1603.48
2012-01-03 22:00:00,1611.41
2012-01-04 22:00:00,1622.44
2012-01-05 22:00:00,1616.64
2012-01-06 22:00:00,1616.0999755859375
2012-01-08 22:00:00,1610.87
2012-01-09 22:00:00,1632.25
2012-01-10 22:00:00,1641.63
2012-01-11 22:00:00,1649.58
2012-01-12 22:00:00,1638.57
2012-01-13 22:00:00,1630.4000244140625
2012-01-15 22:00:00,1643.15
2012-01-16 22:00:00,1652.1
2012-01-17 22:00:00,1659.52
2012-01-18 22:00:00,1657.84
2012-01-19 22:00:00,1666.05
2012-01-20 22:00:00,1663.699951171875
2012-01-22 22:00:00,1676.47
2012-01-23 22:00:00,1664.88
2012-01-24 22:00:00,1710.31
2012-01-25 22:00:00,1720.1
2012-01-26 22:00:00,1738.54
2012-01-27 22:00:00,1731.800048828125
2012-01-29 22:00:00,1729.53
2012-01-30 22:00:00,1737.45
2012-01-31 22:00:00,1743.46
2012-02-01 22:00:00,1758.96
2012-02-02 22:00:00,1725.58
2012-02-03 22:00:00,1737.9000244140625
2012-02-05 22:00:00,1719.68
2012-02-06 22:00:00,1744.95
2012-02-07 22:00:00,1732.64
2012-02-08 22:00:00,1729.09
2012-02-09 22:00:00,1721.25
2012-02-10 22:00:00,1723.300048828125
2012-02-12 22:00:00,1721.89
2012-02-13 22:00:00,1719.86
2012-02-14 22:00:00,1727.75
2012-02-15 22:00:00,1727.69
2012-02-16 22:00:00,1723.0
2012-02-17 22:00:00,1724.5
2012-02-19 22:00:00,1734.35
2012-02-20 22:00:00,1758.85
2012-02-21 22:00:00,1775.75
2012-02-22 22:00:00,1780.29
2012-02-23 22:00:00,1771.8
2012-02-24 22:00:00,1775.0999755859375
2012-02-26 22:00:00,1767.3
2012-02-27 22:00:00,1783.84
2012-02-28 22:00:00,1696.5
2012-02-29 22:00:00,1717.89
2012-03-01 22:00:00,1711.98
2012-03-02 22:00:00,1708.800048828125
2012-03-04 22:00:00,1706.05
2012-03-05 22:00:00,1673.9
2012-03-06 22:00:00,1684.49
2012-03-07 22:00:00,1699.44
2012-03-08 22:00:00,1713.35
2012-03-09 22:00:00,1710.9000244140625
2012-03-10 22:00:00,1713.63
2012-03-11 21:00:00,1699.65
2012-03-12 21:00:00,1676.34
2012-03-12 22:00:00,1699.199951171875
2012-03-13 21:00:00,1643.16
2012-03-13 22:00:00,1693.699951171875
2012-03-14 21:00:00,1655.79
2012-03-14 22:00:00,1642.5
2012-03-15 21:00:00,1659.5
2012-03-15 22:00:00,1659.0999755859375
2012-03-16 22:00:00,1655.5
2012-03-17 21:00:00,1658.39
2012-03-18 21:00:00,1664.1
2012-03-19 21:00:00,1650.48
2012-03-19 22:00:00,1666.9000244140625
2012-03-20 21:00:00,1650.05
2012-03-20 22:00:00,1646.699951171875
2012-03-21 21:00:00,1645.6
2012-03-21 22:00:00,1650.0
2012-03-22 21:00:00,1661.25
2012-03-22 22:00:00,1642.300048828125
2012-03-23 22:00:00,1662.300048828125
2012-03-25 21:00:00,1689.75
2012-03-26 21:00:00,1680.24
2012-03-26 22:00:00,1685.5
2012-03-27 21:00:00,1663.24
2012-03-27 22:00:00,1684.800048828125
2012-03-28 21:00:00,1661.2
2012-03-28 22:00:00,1657.9000244140625
2012-03-29 21:00:00,1667.84
2012-03-29 22:00:00,1652.199951171875
2012-03-30 22:00:00,1669.300048828125
2012-04-01 21:00:00,1677.4
2012-04-02 21:00:00,1645.79
2012-04-02 22:00:00,1677.5
2012-04-03 21:00:00,1620.3
2012-04-03 22:00:00,1670.0
2012-04-04 21:00:00,1630.9
2012-04-04 22:00:00,1612.300048828125
2012-04-05 22:00:00,1628.5
2012-04-08 21:00:00,1639.94
2012-04-09 21:00:00,1659.55
2012-04-09 22:00:00,1642.5
2012-04-10 21:00:00,1658.6
2012-04-10 22:00:00,1659.5
2012-04-11 21:00:00,1675.34
2012-04-11 22:00:00,1659.0
2012-04-12 21:00:00,1657.9
2012-04-12 22:00:00,1679.5
2012-04-13 22:00:00,1659.0999755859375
2012-04-15 21:00:00,1651.55
2012-04-16 21:00:00,1649.29
2012-04-16 22:00:00,1648.699951171875
2012-04-17 21:00:00,1641.86
2012-04-17 22:00:00,1650.300048828125
2012-04-18 21:00:00,1642.44
2012-04-18 22:00:00,1638.800048828125
2012-04-19 21:00:00,1642.7
2012-04-19 22:00:00,1640.5999755859375
2012-04-20 22:00:00,1642.0999755859375
2012-04-22 21:00:00,1638.33
2012-04-23 21:00:00,1641.65
2012-04-23 22:00:00,1631.9000244140625
2012-04-24 21:00:00,1643.6
2012-04-24 22:00:00,1643.0
2012-04-25 21:00:00,1656.97
2012-04-25 22:00:00,1641.4000244140625
2012-04-26 21:00:00,1662.25
2012-04-26 22:00:00,1659.5999755859375
2012-04-27 22:00:00,1664.0
2012-04-29 21:00:00,1664.1
2012-04-30 21:00:00,1662.25
2012-04-30 22:00:00,1663.4000244140625
2012-05-01 21:00:00,1653.15
2012-05-01 22:00:00,1661.699951171875
2012-05-02 21:00:00,1635.6
2012-05-02 22:00:00,1653.4000244140625
2012-05-03 21:00:00,1641.8
2012-05-03 22:00:00,1634.199951171875
2012-05-04 22:00:00,1644.699951171875
2012-05-06 21:00:00,1638.15
2012-05-07 21:00:00,1605.05
2012-05-07 22:00:00,1638.5999755859375
2012-05-08 21:00:00,1589.2
2012-05-08 22:00:00,1604.0
2012-05-09 21:00:00,1593.65
2012-05-09 22:00:00,1593.699951171875
2012-05-10 21:00:00,1578.8
2012-05-10 22:00:00,1595.0999755859375
2012-05-11 22:00:00,1583.5999755859375
2012-05-13 21:00:00,1556.25
2012-05-14 21:00:00,1543.75
2012-05-14 22:00:00,1560.5999755859375
2012-05-15 21:00:00,1539.25
2012-05-15 22:00:00,1556.800048828125
2012-05-16 21:00:00,1573.85
2012-05-16 22:00:00,1536.199951171875
2012-05-17 21:00:00,1592.28
2012-05-17 22:00:00,1574.5
2012-05-18 22:00:00,1591.5999755859375
2012-05-20 21:00:00,1592.8
2012-05-21 21:00:00,1568.15
2012-05-21 22:00:00,1588.4000244140625
2012-05-22 21:00:00,1561.1
2012-05-22 22:00:00,1576.300048828125
2012-05-23 21:00:00,1558.75
2012-05-23 22:00:00,1548.0999755859375
2012-05-24 21:00:00,1572.24
2012-05-24 22:00:00,1557.300048828125
2012-05-25 22:00:00,1568.800048828125
2012-05-27 21:00:00,1575.6
2012-05-28 21:00:00,1554.85
2012-05-29 21:00:00,1563.0
2012-05-29 22:00:00,1548.5999755859375
2012-05-30 21:00:00,1560.1
2012-05-30 22:00:00,1563.4000244140625
2012-05-31 21:00:00,1623.41
2012-05-31 22:00:00,1562.5999755859375
2012-06-01 22:00:00,1620.5
2012-06-03 21:00:00,1618.5
2012-06-04 21:00:00,1616.65
2012-06-04 22:00:00,1612.199951171875
2012-06-05 21:00:00,1619.15
2012-06-05 22:00:00,1615.199951171875
2012-06-06 21:00:00,1588.82
2012-06-06 22:00:00,1632.800048828125
2012-06-07 21:00:00,1592.98
2012-06-07 22:00:00,1586.5999755859375
2012-06-08 22:00:00,1590.0999755859375
2012-06-10 21:00:00,1596.38
2012-06-11 21:00:00,1609.53
2012-06-11 22:00:00,1595.5
2012-06-12 21:00:00,1616.78
2012-06-12 22:00:00,1612.699951171875
2012-06-13 21:00:00,1623.48
2012-06-13 22:00:00,1618.0999755859375
2012-06-14 21:00:00,1626.83
2012-06-14 22:00:00,1618.4000244140625
2012-06-15 22:00:00,1627.0
2012-06-17 21:00:00,1627.84
2012-06-18 21:00:00,1618.18
2012-06-18 22:00:00,1625.699951171875
2012-06-19 21:00:00,1607.15
2012-06-19 22:00:00,1622.199951171875
2012-06-20 21:00:00,1565.9
2012-06-20 22:00:00,1614.800048828125
2012-06-21 21:00:00,1572.2
2012-06-21 22:00:00,1564.5
2012-06-22 22:00:00,1566.0
2012-06-24 21:00:00,1584.23
2012-06-25 21:00:00,1572.63
2012-06-25 22:00:00,1587.5
2012-06-26 21:00:00,1573.97
2012-06-26 22:00:00,1574.0
2012-06-27 21:00:00,1552.38
2012-06-27 22:00:00,1577.5
2012-06-28 21:00:00,1596.88
2012-06-28 22:00:00,1549.699951171875
2012-06-29 22:00:00,1603.5
2012-07-01 21:00:00,1596.83
2012-07-02 21:00:00,1617.03
2012-07-02 22:00:00,1597.199951171875
2012-07-03 21:00:00,1614.63
2012-07-03 22:00:00,1621.300048828125
2012-07-04 21:00:00,1604.45
2012-07-05 21:00:00,1583.2
2012-07-05 22:00:00,1608.9000244140625
2012-07-06 22:00:00,1578.4000244140625
2012-07-08 21:00:00,1587.6
2012-07-09 21:00:00,1567.1
2012-07-09 22:00:00,1588.5999755859375
2012-07-10 21:00:00,1576.0
2012-07-10 22:00:00,1579.300048828125
2012-07-11 21:00:00,1571.2
2012-07-11 22:00:00,1575.199951171875
2012-07-12 21:00:00,1589.05
2012-07-12 22:00:00,1564.9000244140625
2012-07-13 22:00:00,1591.5999755859375
2012-07-15 21:00:00,1589.19
2012-07-16 21:00:00,1582.9
2012-07-16 22:00:00,1591.199951171875
2012-07-17 21:00:00,1573.1
2012-07-17 22:00:00,1589.0999755859375
2012-07-18 21:00:00,1581.05
2012-07-18 22:00:00,1570.4000244140625
2012-07-19 21:00:00,1583.96
2012-07-19 22:00:00,1580.0999755859375
2012-07-20 22:00:00,1582.5
2012-07-22 21:00:00,1576.45
2012-07-23 21:00:00,1580.7
2012-07-23 22:00:00,1577.0999755859375
2012-07-24 21:00:00,1604.15
2012-07-24 22:00:00,1576.0
2012-07-25 21:00:00,1615.25
2012-07-25 22:00:00,1608.0
2012-07-26 21:00:00,1622.9
2012-07-26 22:00:00,1615.0
2012-07-27 22:00:00,1617.9000244140625
2012-07-29 21:00:00,1621.54
2012-07-30 21:00:00,1614.12
2012-07-30 22:00:00,1619.699951171875
2012-07-31 21:00:00,1599.1
2012-07-31 22:00:00,1610.5
2012-08-01 21:00:00,1588.05
2012-08-01 22:00:00,1603.699951171875
2012-08-02 21:00:00,1603.25
2012-08-02 22:00:00,1587.4000244140625
2012-08-03 22:00:00,1606.0
2012-08-05 21:00:00,1610.45
2012-08-06 21:00:00,1612.15
2012-08-06 22:00:00,1612.9000244140625
2012-08-07 21:00:00,1611.9
2012-08-07 22:00:00,1609.699951171875
2012-08-08 21:00:00,1617.1
2012-08-08 22:00:00,1612.9000244140625
2012-08-09 21:00:00,1620.1
2012-08-09 22:00:00,1617.0999755859375
2012-08-10 22:00:00,1619.699951171875
2012-08-12 21:00:00,1610.15
2012-08-13 21:00:00,1599.0
2012-08-13 22:00:00,1609.5999755859375
2012-08-14 21:00:00,1602.95
2012-08-14 22:00:00,1599.4000244140625
2012-08-15 21:00:00,1614.55
2012-08-15 22:00:00,1603.699951171875
2012-08-16 21:00:00,1615.6
2012-08-16 22:00:00,1616.0999755859375
2012-08-17 22:00:00,1616.300048828125
2012-08-19 21:00:00,1615.15
2012-08-20 21:00:00,1636.9
2012-08-20 22:00:00,1620.0999755859375
2012-08-21 21:00:00,1654.53
2012-08-21 22:00:00,1639.9000244140625
2012-08-22 21:00:00,1669.51
2012-08-22 22:00:00,1637.4000244140625
2012-08-23 21:00:00,1670.38
2012-08-23 22:00:00,1669.5999755859375
2012-08-24 22:00:00,1669.800048828125
2012-08-25 21:00:00,1669.28
2012-08-26 21:00:00,1663.01
2012-08-27 21:00:00,1665.97
2012-08-27 22:00:00,1672.4000244140625
2012-08-28 21:00:00,1655.02
2012-08-28 22:00:00,1666.5
2012-08-29 21:00:00,1655.48
2012-08-29 22:00:00,1659.800048828125
2012-08-30 21:00:00,1691.58
2012-08-30 22:00:00,1653.5
2012-08-31 22:00:00,1684.5999755859375
2012-09-02 21:00:00,1692.13
2012-09-03 21:00:00,1695.08
2012-09-04 21:00:00,1693.33
2012-09-04 22:00:00,1692.9000244140625
2012-09-05 21:00:00,1701.03
2012-09-05 22:00:00,1690.800048828125
2012-09-06 21:00:00,1735.58
2012-09-06 22:00:00,1702.5999755859375
2012-09-07 22:00:00,1737.5
2012-09-09 21:00:00,1724.78
2012-09-10 21:00:00,1731.28
2012-09-10 22:00:00,1728.699951171875
2012-09-11 21:00:00,1731.03
2012-09-11 22:00:00,1731.800048828125
2012-09-12 21:00:00,1766.78
2012-09-12 22:00:00,1730.5999755859375
2012-09-13 21:00:00,1770.28
2012-09-13 22:00:00,1769.0999755859375
2012-09-14 22:00:00,1769.800048828125
2012-09-16 21:00:00,1760.58
2012-09-17 21:00:00,1771.03
2012-09-17 22:00:00,1767.699951171875
2012-09-18 21:00:00,1769.33
2012-09-18 22:00:00,1768.4000244140625
2012-09-19 21:00:00,1761.23
2012-09-19 22:00:00,1769.0
2012-09-20 22:00:00,1767.699951171875
2012-09-21 22:00:00,1775.5
2012-09-24 22:00:00,1762.0999755859375
2012-09-25 22:00:00,1763.800048828125
2012-09-26 22:00:00,1750.5999755859375
2012-09-27 22:00:00,1777.5999755859375
2012-09-28 22:00:00,1771.0999755859375
2012-10-01 22:00:00,1780.5
2012-10-02 22:00:00,1772.699951171875
2012-10-03 22:00:00,1777.300048828125
2012-10-04 22:00:00,1794.0999755859375
2012-10-05 22:00:00,1778.5999755859375
2012-10-08 22:00:00,1773.5
2012-10-09 22:00:00,1763.0
2012-10-10 22:00:00,1763.199951171875
2012-10-11 22:00:00,1768.800048828125
2012-10-12 22:00:00,1758.0
2012-10-14 21:00:00,1737.0
2012-10-15 21:00:00,1747.22
2012-10-15 22:00:00,1736.0
2012-10-16 21:00:00,1749.68
2012-10-16 22:00:00,1744.699951171875
2012-10-17 21:00:00,1740.99
2012-10-17 22:00:00,1751.5
2012-10-18 21:00:00,1721.44
2012-10-18 22:00:00,1743.300048828125
2012-10-19 22:00:00,1722.800048828125
2012-10-21 21:00:00,1728.33
2012-10-22 21:00:00,1707.26
2012-10-22 22:00:00,1725.0999755859375
2012-10-23 21:00:00,1701.24
2012-10-23 22:00:00,1708.300048828125
2012-10-24 21:00:00,1710.39
2012-10-24 22:00:00,1700.5
2012-10-25 21:00:00,1711.12
2012-10-25 22:00:00,1712.0
2012-10-26 22:00:00,1710.9000244140625
2012-10-28 21:00:00,1709.13
2012-10-29 21:00:00,1709.35
2012-10-30 21:00:00,1720.47
2012-10-31 21:00:00,1714.18
2012-10-31 22:00:00,1717.5
2012-11-01 21:00:00,1677.71
2012-11-01 22:00:00,1714.0999755859375
2012-11-02 22:00:00,1674.0999755859375
2012-11-04 22:00:00,1684.32
2012-11-05 22:00:00,1716.23
2012-11-06 22:00:00,1718.0
2012-11-07 22:00:00,1733.24
2012-11-08 22:00:00,1731.35
2012-11-09 22:00:00,1730.95
2012-11-11 22:00:00,1728.05
2012-11-12 22:00:00,1724.77
2012-11-13 22:00:00,1726.5
2012-11-14 22:00:00,1715.6
2012-11-15 22:00:00,1713.73
2012-11-16 22:00:00,1714.300048828125
2012-11-18 22:00:00,1731.5
2012-11-19 22:00:00,1726.86
2012-11-20 22:00:00,1728.41
2012-11-21 22:00:00,1729.89
2012-11-22 22:00:00,1751.28
2012-11-23 22:00:00,1751.300048828125
2012-11-25 22:00:00,1748.44
2012-11-26 22:00:00,1742.06
2012-11-27 22:00:00,1719.54
2012-11-28 22:00:00,1725.77
2012-11-29 22:00:00,1714.61
2012-11-30 22:00:00,1710.9000244140625
2012-12-02 22:00:00,1715.81
2012-12-03 22:00:00,1697.34
2012-12-04 22:00:00,1693.76
2012-12-05 22:00:00,1699.72
2012-12-06 22:00:00,1703.82
2012-12-07 22:00:00,1704.0
2012-12-09 22:00:00,1712.67
2012-12-10 22:00:00,1709.8
2012-12-11 22:00:00,1711.54
2012-12-12 22:00:00,1696.97
2012-12-13 22:00:00,1695.51
2012-12-14 22:00:00,1695.800048828125
2012-12-16 22:00:00,1697.95
2012-12-17 22:00:00,1671.07
2012-12-18 22:00:00,1667.04
2012-12-19 22:00:00,1647.91
2012-12-20 22:00:00,1656.88
2012-12-21 22:00:00,1659.0999755859375
2012-12-23 22:00:00,1657.43
2012-12-24 22:00:00,1658.5999755859375
2012-12-25 22:00:00,1659.15
2012-12-26 22:00:00,1663.83
2012-12-27 22:00:00,1655.58
2012-12-28 22:00:00,1654.9000244140625
2012-12-30 22:00:00,1675.01
2012-12-31 22:00:00,1674.800048828125
2013-01-01 22:00:00,1686.71
2013-01-02 22:00:00,1663.71
2013-01-03 22:00:00,1655.49
2013-01-04 22:00:00,1648.0999755859375
2013-01-06 22:00:00,1646.89
2013-01-07 22:00:00,1659.08
2013-01-08 22:00:00,1657.68
2013-01-09 22:00:00,1675.12
2013-01-10 22:00:00,1662.55
2013-01-11 22:00:00,1660.0
2013-01-13 22:00:00,1667.65
2013-01-14 22:00:00,1679.14
2013-01-15 22:00:00,1679.75
2013-01-16 22:00:00,1687.45
2013-01-17 22:00:00,1683.85
2013-01-18 22:00:00,1686.5999755859375
2013-01-20 22:00:00,1689.79
2013-01-21 22:00:00,1692.46
2013-01-22 22:00:00,1685.62
2013-01-23 22:00:00,1667.82
2013-01-24 22:00:00,1658.56
2013-01-25 22:00:00,1656.4000244140625
2013-01-27 22:00:00,1655.42
2013-01-28 22:00:00,1663.78
2013-01-29 22:00:00,1676.8
2013-01-30 22:00:00,1663.65
2013-01-31 22:00:00,1667.14
2013-02-01 22:00:00,1669.4000244140625
2013-02-03 22:00:00,1674.23
2013-02-04 22:00:00,1672.83
2013-02-05 22:00:00,1677.53
2013-02-06 22:00:00,1671.43
2013-02-07 22:00:00,1667.2
2013-02-08 22:00:00,1666.0
2013-02-10 22:00:00,1647.98
2013-02-11 22:00:00,1651.13
2013-02-12 22:00:00,1642.48
2013-02-13 22:00:00,1634.78
2013-02-14 22:00:00,1609.65
2013-02-15 22:00:00,1608.800048828125
2013-02-17 22:00:00,1609.3
2013-02-18 22:00:00,1605.08
2013-02-19 22:00:00,1564.45
2013-02-20 22:00:00,1576.03
2013-02-21 22:00:00,1581.15
2013-02-22 22:00:00,1572.4000244140625
2013-02-24 22:00:00,1593.25
2013-02-25 22:00:00,1613.5
2013-02-26 22:00:00,1597.23
2013-02-27 22:00:00,1579.6
2013-02-28 22:00:00,1575.87
2013-03-01 22:00:00,1571.9000244140625
2013-03-03 22:00:00,1573.85
2013-03-04 22:00:00,1575.18
2013-03-05 22:00:00,1583.73
2013-03-06 22:00:00,1578.85
2013-03-07 22:00:00,1578.66
2013-03-08 22:00:00,1578.6
2013-03-10 21:00:00,1580.15
2013-03-11 21:00:00,1592.3
2013-03-11 22:00:00,1577.800048828125
2013-03-12 21:00:00,1587.25
2013-03-12 22:00:00,1591.5
2013-03-13 21:00:00,1589.55
2013-03-13 22:00:00,1588.300048828125
2013-03-14 21:00:00,1591.85
2013-03-14 22:00:00,1590.5999755859375
2013-03-15 22:00:00,1592.5
2013-03-17 21:00:00,1605.45
2013-03-18 21:00:00,1612.7
2013-03-18 22:00:00,1604.5999755859375
2013-03-19 21:00:00,1606.94
2013-03-19 22:00:00,1611.300048828125
2013-03-20 21:00:00,1614.54
2013-03-20 22:00:00,1607.5
2013-03-21 21:00:00,1608.73
2013-03-21 22:00:00,1613.800048828125
2013-03-22 21:00:00,1608.65
2013-03-22 22:00:00,1606.199951171875
2013-03-24 21:00:00,1604.88
2013-03-25 21:00:00,1599.96
2013-03-25 22:00:00,1604.5999755859375
2013-03-26 21:00:00,1605.08
2013-03-26 22:00:00,1595.800048828125
2013-03-27 21:00:00,1597.0
2013-03-27 22:00:00,1606.199951171875
2013-03-28 21:00:00,1594.5
2013-03-28 22:00:00,1594.800048828125
2013-03-31 21:00:00,1598.95
2013-04-01 21:00:00,1575.9
2013-04-01 22:00:00,1600.0
2013-04-02 21:00:00,1557.55
2013-04-02 22:00:00,1575.0999755859375
2013-04-03 21:00:00,1553.0
2013-04-03 22:00:00,1552.800048828125
2013-04-04 21:00:00,1580.89
2013-04-04 22:00:00,1551.800048828125
2013-04-05 22:00:00,1575.4000244140625
2013-04-06 21:00:00,1580.6
2013-04-07 21:00:00,1572.45
2013-04-08 21:00:00,1584.65
2013-04-08 22:00:00,1572.0
2013-04-09 21:00:00,1558.95
2013-04-09 22:00:00,1586.199951171875
2013-04-10 21:00:00,1559.85
2013-04-10 22:00:00,1558.300048828125
2013-04-11 21:00:00,1483.2
2013-04-11 22:00:00,1564.300048828125
2013-04-12 22:00:00,1501.0
2013-04-14 21:00:00,1351.95
2013-04-15 21:00:00,1368.0
2013-04-15 22:00:00,1360.5999755859375
2013-04-16 21:00:00,1377.05
2013-04-16 22:00:00,1386.800048828125
2013-04-17 21:00:00,1390.85
2013-04-17 22:00:00,1382.199951171875
2013-04-18 21:00:00,1403.6
2013-04-18 22:00:00,1392.0
2013-04-19 22:00:00,1395.300048828125
2013-04-21 21:00:00,1425.0
2013-04-22 21:00:00,1412.35
2013-04-22 22:00:00,1421.0
2013-04-23 21:00:00,1430.55
2013-04-23 22:00:00,1408.5999755859375
2013-04-24 21:00:00,1466.45
2013-04-24 22:00:00,1423.4000244140625
2013-04-25 21:00:00,1460.65
2013-04-25 22:00:00,1461.800048828125
2013-04-26 22:00:00,1453.5999755859375
2013-04-28 21:00:00,1474.65
2013-04-29 21:00:00,1475.0
2013-04-29 22:00:00,1467.4000244140625
2013-04-30 21:00:00,1455.75
2013-04-30 22:00:00,1472.199951171875
2013-05-01 21:00:00,1466.2
2013-05-01 22:00:00,1446.300048828125
2013-05-02 21:00:00,1470.25
2013-05-02 22:00:00,1467.699951171875
2013-05-03 22:00:00,1464.300048828125
2013-05-04 21:00:00,1470.32
2013-05-05 21:00:00,1469.4
2013-05-06 21:00:00,1451.8
2013-05-06 22:00:00,1468.0999755859375
2013-05-07 21:00:00,1473.5
2013-05-07 22:00:00,1449.0
2013-05-08 21:00:00,1456.6
2013-05-08 22:00:00,1473.9000244140625
2013-05-09 21:00:00,1448.45
2013-05-09 22:00:00,1468.800048828125
2013-05-10 22:00:00,1436.800048828125
2013-05-12 21:00:00,1430.25
2013-05-13 21:00:00,1424.85
2013-05-13 22:00:00,1434.5
2013-05-14 21:00:00,1392.2
2013-05-14 22:00:00,1424.699951171875
2013-05-15 21:00:00,1385.8
2013-05-15 22:00:00,1396.5
2013-05-16 21:00:00,1359.3
2013-05-16 22:00:00,1387.0999755859375
2013-05-17 22:00:00,1364.9000244140625
2013-05-19 21:00:00,1393.85
2013-05-20 21:00:00,1375.4
2013-05-20 22:00:00,1384.300048828125
2013-05-21 21:00:00,1369.7
2013-05-21 22:00:00,1377.800048828125
2013-05-22 21:00:00,1390.55
2013-05-22 22:00:00,1367.5999755859375
2013-05-23 21:00:00,1386.3
2013-05-23 22:00:00,1392.0
2013-05-24 22:00:00,1386.800048828125
2013-05-25 21:00:00,1385.89
2013-05-26 21:00:00,1394.05
2013-05-27 21:00:00,1380.15
2013-05-28 21:00:00,1393.45
2013-05-28 22:00:00,1379.0999755859375
2013-05-29 21:00:00,1412.7
2013-05-29 22:00:00,1391.300048828125
2013-05-30 21:00:00,1387.7
2013-05-30 22:00:00,1411.5
2013-05-31 22:00:00,1392.5999755859375
2013-06-01 21:00:00,1387.72
2013-06-02 21:00:00,1410.5
2013-06-03 21:00:00,1398.75
2013-06-03 22:00:00,1411.699951171875
2013-06-04 21:00:00,1401.1
2013-06-04 22:00:00,1397.0999755859375
2013-06-05 21:00:00,1411.4
2013-06-05 22:00:00,1398.4000244140625
2013-06-06 21:00:00,1382.97
2013-06-06 22:00:00,1415.699951171875
2013-06-07 22:00:00,1383.0
2013-06-09 21:00:00,1385.8
2013-06-10 21:00:00,1377.25
2013-06-10 22:00:00,1386.199951171875
2013-06-11 21:00:00,1388.0
2013-06-11 22:00:00,1377.0
2013-06-12 21:00:00,1384.55
2013-06-12 22:00:00,1391.800048828125
2013-06-13 21:00:00,1390.42
2013-06-13 22:00:00,1377.5999755859375
2013-06-14 22:00:00,1387.300048828125
2013-06-16 21:00:00,1383.9
2013-06-17 21:00:00,1366.6
2013-06-17 22:00:00,1382.800048828125
2013-06-18 21:00:00,1350.65
2013-06-18 22:00:00,1366.5999755859375
2013-06-19 21:00:00,1277.37
2013-06-19 22:00:00,1373.5999755859375
2013-06-20 21:00:00,1296.26
2013-06-20 22:00:00,1285.9000244140625
2013-06-21 22:00:00,1291.5999755859375
2013-06-23 21:00:00,1281.7
2013-06-24 21:00:00,1277.1
2013-06-24 22:00:00,1276.800048828125
2013-06-25 21:00:00,1223.3
2013-06-25 22:00:00,1274.800048828125
2013-06-26 21:00:00,1198.45
2013-06-26 22:00:00,1229.5999755859375
2013-06-27 21:00:00,1234.25
2013-06-27 22:00:00,1211.4000244140625
2013-06-28 22:00:00,1223.800048828125
2013-06-30 21:00:00,1251.2
2013-07-01 21:00:00,1242.15
2013-07-01 22:00:00,1255.9000244140625
2013-07-02 21:00:00,1252.45
2013-07-02 22:00:00,1243.5999755859375
2013-07-03 21:00:00,1246.45
2013-07-03 22:00:00,1252.0999755859375
2013-07-04 21:00:00,1222.9
2013-07-05 22:00:00,1212.9000244140625
2013-07-07 21:00:00,1236.1
2013-07-08 21:00:00,1250.85
2013-07-08 22:00:00,1234.9000244140625
2013-07-09 21:00:00,1263.7
2013-07-09 22:00:00,1245.9000244140625
2013-07-10 21:00:00,1283.3
2013-07-10 22:00:00,1247.4000244140625
2013-07-11 21:00:00,1285.0
2013-07-11 22:00:00,1280.0999755859375
2013-07-12 22:00:00,1277.800048828125
2013-07-14 21:00:00,1282.75
2013-07-15 21:00:00,1290.35
2013-07-15 22:00:00,1283.800048828125
2013-07-16 21:00:00,1274.25
2013-07-16 22:00:00,1290.800048828125
2013-07-17 21:00:00,1282.9
2013-07-17 22:00:00,1277.9000244140625
2013-07-18 21:00:00,1295.85
2013-07-18 22:00:00,1284.5999755859375
2013-07-19 22:00:00,1293.300048828125
2013-07-21 21:00:00,1335.0
2013-07-22 21:00:00,1344.2
2013-07-22 22:00:00,1336.4000244140625
2013-07-23 21:00:00,1320.75
2013-07-23 22:00:00,1335.0999755859375
2013-07-24 21:00:00,1332.74
2013-07-24 22:00:00,1319.699951171875
2013-07-25 21:00:00,1332.99
2013-07-25 22:00:00,1329.0
2013-07-26 22:00:00,1321.699951171875
2013-07-28 21:00:00,1327.09
2013-07-29 21:00:00,1325.79
2013-07-29 22:00:00,1328.4000244140625
2013-07-30 21:00:00,1322.79
2013-07-30 22:00:00,1324.0
2013-07-31 21:00:00,1308.69
2013-07-31 22:00:00,1312.4000244140625
2013-08-01 21:00:00,1311.69
2013-08-01 22:00:00,1311.0
2013-08-02 22:00:00,1310.5999755859375
2013-08-04 21:00:00,1302.19
2013-08-05 21:00:00,1282.04
2013-08-05 22:00:00,1302.5999755859375
2013-08-06 21:00:00,1286.69
2013-08-06 22:00:00,1283.199951171875
2013-08-07 21:00:00,1312.59
2013-08-07 22:00:00,1286.0999755859375
2013-08-08 21:00:00,1314.34
2013-08-08 22:00:00,1310.699951171875
2013-08-09 22:00:00,1312.9000244140625
2013-08-11 21:00:00,1336.34
2013-08-12 21:00:00,1320.94
2013-08-12 22:00:00,1334.699951171875
2013-08-13 21:00:00,1335.79
2013-08-13 22:00:00,1321.199951171875
2013-08-14 21:00:00,1364.99
2013-08-14 22:00:00,1334.0
2013-08-15 21:00:00,1376.6
2013-08-15 22:00:00,1361.5999755859375
2013-08-16 22:00:00,1371.699951171875
2013-08-18 21:00:00,1365.23
2013-08-19 21:00:00,1370.68
2013-08-19 22:00:00,1366.199951171875
2013-08-20 21:00:00,1365.73
2013-08-20 22:00:00,1373.0999755859375
2013-08-21 21:00:00,1375.38
2013-08-21 22:00:00,1370.5999755859375
2013-08-22 21:00:00,1397.33
2013-08-22 22:00:00,1371.199951171875
2013-08-23 22:00:00,1395.699951171875
2013-08-25 21:00:00,1404.73
2013-08-26 21:00:00,1415.58
2013-08-26 22:00:00,1393.0
2013-08-27 21:00:00,1417.33
2013-08-27 22:00:00,1420.5999755859375
2013-08-28 21:00:00,1406.73
2013-08-28 22:00:00,1419.0
2013-08-29 21:00:00,1394.78
2013-08-29 22:00:00,1412.9000244140625
2013-08-30 22:00:00,1396.0999755859375
2013-09-01 21:00:00,1391.83
2013-09-02 21:00:00,1411.73
2013-09-03 21:00:00,1391.08
2013-09-03 22:00:00,1412.0
2013-09-04 21:00:00,1367.18
2013-09-04 22:00:00,1389.9000244140625
2013-09-05 21:00:00,1391.64
2013-09-05 22:00:00,1373.0999755859375
2013-09-06 22:00:00,1386.699951171875
2013-09-08 21:00:00,1385.43
2013-09-09 21:00:00,1362.43
2013-09-09 22:00:00,1386.800048828125
2013-09-10 21:00:00,1364.98
2013-09-10 22:00:00,1364.0999755859375
2013-09-11 21:00:00,1320.83
2013-09-11 22:00:00,1363.9000244140625
2013-09-12 21:00:00,1325.91
2013-09-12 22:00:00,1330.4000244140625
2013-09-13 22:00:00,1308.4000244140625
2013-09-15 21:00:00,1312.26
2013-09-16 21:00:00,1309.68
2013-09-16 22:00:00,1317.9000244140625
2013-09-17 21:00:00,1363.75
2013-09-17 22:00:00,1309.5
2013-09-18 21:00:00,1364.53
2013-09-18 22:00:00,1307.800048828125
2013-09-19 21:00:00,1325.28
2013-09-19 22:00:00,1369.4000244140625
2013-09-20 22:00:00,1332.5
2013-09-22 21:00:00,1321.63
2013-09-23 21:00:00,1322.78
2013-09-23 22:00:00,1326.9000244140625
2013-09-24 21:00:00,1332.63
2013-09-24 22:00:00,1316.0
2013-09-25 21:00:00,1323.23
2013-09-25 22:00:00,1335.9000244140625
2013-09-26 21:00:00,1336.38
2013-09-26 22:00:00,1323.5999755859375
2013-09-27 22:00:00,1338.4000244140625
2013-09-29 21:00:00,1327.48
2013-09-30 21:00:00,1286.28
2013-09-30 22:00:00,1326.5
2013-10-01 21:00:00,1314.88
2013-10-01 22:00:00,1286.0
2013-10-02 21:00:00,1315.87
2013-10-02 22:00:00,1320.5999755859375
2013-10-03 21:00:00,1310.03
2013-10-03 22:00:00,1317.4000244140625
2013-10-04 22:00:00,1309.699951171875
2013-10-06 21:00:00,1321.88
2013-10-07 21:00:00,1318.73
2013-10-07 22:00:00,1324.800048828125
2013-10-08 21:00:00,1306.29
2013-10-08 22:00:00,1324.199951171875
2013-10-09 21:00:00,1285.56
2013-10-09 22:00:00,1306.9000244140625
2013-10-10 21:00:00,1271.33
2013-10-10 22:00:00,1296.5999755859375
2013-10-11 22:00:00,1268.0
2013-10-13 21:00:00,1271.33
2013-10-14 21:00:00,1280.63
2013-10-14 22:00:00,1276.4000244140625
2013-10-15 21:00:00,1281.83
2013-10-15 22:00:00,1273.0
2013-10-16 21:00:00,1319.03
2013-10-16 22:00:00,1282.0
2013-10-17 21:00:00,1316.03
2013-10-17 22:00:00,1322.699951171875
2013-10-18 22:00:00,1314.4000244140625
2013-10-20 21:00:00,1314.83
2013-10-21 21:00:00,1338.83
2013-10-21 22:00:00,1315.699951171875
2013-10-22 21:00:00,1332.18
2013-10-22 22:00:00,1342.5
2013-10-23 21:00:00,1345.28
2013-10-23 22:00:00,1333.9000244140625
2013-10-24 21:00:00,1349.78
2013-10-24 22:00:00,1350.199951171875
2013-10-25 22:00:00,1352.4000244140625
2013-10-27 21:00:00,1352.48
2013-10-28 21:00:00,1344.79
2013-10-28 22:00:00,1352.0
2013-10-29 21:00:00,1344.17
2013-10-29 22:00:00,1345.199951171875
2013-10-30 21:00:00,1322.79
2013-10-30 22:00:00,1349.0
2013-10-31 21:00:00,1315.23
2013-10-31 22:00:00,1323.5999755859375
2013-11-01 22:00:00,1313.0999755859375
2013-11-03 22:00:00,1314.23
2013-11-04 22:00:00,1311.09
2013-11-05 22:00:00,1317.62
2013-11-06 22:00:00,1307.34
2013-11-07 22:00:00,1287.84
2013-11-08 22:00:00,1287.58
2013-11-10 22:00:00,1282.78
2013-11-11 22:00:00,1267.93
2013-11-12 22:00:00,1281.53
2013-11-13 22:00:00,1287.03
2013-11-14 22:00:00,1289.93
2013-11-15 22:00:00,1287.300048828125
2013-11-17 22:00:00,1275.01
2013-11-18 22:00:00,1275.16
2013-11-19 22:00:00,1243.93
2013-11-20 22:00:00,1242.71
2013-11-21 22:00:00,1242.83
2013-11-22 22:00:00,1244.0
2013-11-24 22:00:00,1251.34
2013-11-25 22:00:00,1242.66
2013-11-26 22:00:00,1237.72
2013-11-27 22:00:00,1243.89
2013-11-28 22:00:00,1251.58
2013-11-29 22:00:00,1250.5999755859375
2013-12-01 22:00:00,1219.5
2013-12-02 22:00:00,1222.98
2013-12-03 22:00:00,1243.41
2013-12-04 22:00:00,1224.96
2013-12-05 22:00:00,1228.63
2013-12-06 22:00:00,1230.300048828125
2013-12-08 22:00:00,1240.16
2013-12-09 22:00:00,1261.72
2013-12-10 22:00:00,1251.84
2013-12-11 22:00:00,1225.2
2013-12-12 22:00:00,1238.32
2013-12-13 22:00:00,1235.699951171875
2013-12-15 22:00:00,1240.96
2013-12-16 22:00:00,1230.73
2013-12-17 22:00:00,1218.14
2013-12-18 22:00:00,1188.12
2013-12-19 22:00:00,1202.88
2013-12-20 22:00:00,1205.0999755859375
2013-12-22 22:00:00,1198.19
2013-12-23 22:00:00,1203.77
2013-12-24 22:00:00,1205.0999755859375
2013-12-25 22:00:00,1210.44
2013-12-26 22:00:00,1212.89
2013-12-27 22:00:00,1216.0999755859375
2013-12-29 22:00:00,1196.26
2013-12-30 22:00:00,1205.74
2013-12-31 22:00:00,1201.9000244140625
2014-01-01 22:00:00,1224.2
2014-01-02 22:00:00,1236.11
2014-01-03 22:00:00,1238.4000244140625
2014-01-05 22:00:00,1237.67
2014-01-06 22:00:00,1231.95
2014-01-07 22:00:00,1225.77
2014-01-08 22:00:00,1227.73
2014-01-09 22:00:00,1247.63
2014-01-10 22:00:00,1246.699951171875
2014-01-12 22:00:00,1252.91
2014-01-13 22:00:00,1245.0
2014-01-14 22:00:00,1241.65
2014-01-15 22:00:00,1242.05
2014-01-16 22:00:00,1253.79
2014-01-17 22:00:00,1251.699951171875
2014-01-19 22:00:00,1254.67
2014-01-20 22:00:00,1241.18
2014-01-21 22:00:00,1236.82
2014-01-22 22:00:00,1264.04
2014-01-23 22:00:00,1269.26
2014-01-24 22:00:00,1264.5
2014-01-26 22:00:00,1256.57
2014-01-27 22:00:00,1256.64
2014-01-28 22:00:00,1267.21
2014-01-29 22:00:00,1243.58
2014-01-30 22:00:00,1243.87
2014-01-31 22:00:00,1240.0999755859375
2014-02-02 22:00:00,1257.38
2014-02-03 22:00:00,1254.34
2014-02-04 22:00:00,1257.74
2014-02-05 22:00:00,1257.88
2014-02-06 22:00:00,1267.13
2014-02-07 22:00:00,1263.300048828125
2014-02-09 22:00:00,1274.36
2014-02-10 22:00:00,1290.89
2014-02-11 22:00:00,1290.86
2014-02-12 22:00:00,1302.56
2014-02-13 22:00:00,1317.96
2014-02-14 22:00:00,1319.0
2014-02-16 22:00:00,1325.27
2014-02-17 22:00:00,1321.84
2014-02-18 22:00:00,1311.09
2014-02-19 22:00:00,1322.65
2014-02-20 22:00:00,1324.16
2014-02-21 22:00:00,1323.9000244140625
2014-02-23 22:00:00,1336.74
2014-02-24 22:00:00,1340.36
2014-02-25 22:00:00,1330.54
2014-02-26 22:00:00,1330.99
2014-02-27 22:00:00,1326.14
2014-02-28 22:00:00,1321.4000244140625
2014-03-02 22:00:00,1350.32
2014-03-03 22:00:00,1334.29
2014-03-04 22:00:00,1336.59
2014-03-05 22:00:00,1350.7
2014-03-06 22:00:00,1340.32
2014-03-07 22:00:00,1338.0999755859375
2014-03-09 21:00:00,1339.45
2014-03-10 21:00:00,1348.85
2014-03-10 22:00:00,1341.4000244140625
2014-03-11 21:00:00,1366.52
2014-03-11 22:00:00,1346.5
2014-03-12 21:00:00,1370.01
2014-03-12 22:00:00,1370.300048828125
2014-03-13 21:00:00,1382.75
2014-03-13 22:00:00,1372.199951171875
2014-03-14 22:00:00,1379.0
2014-03-16 21:00:00,1366.9
2014-03-17 21:00:00,1355.58
2014-03-17 22:00:00,1372.9000244140625
2014-03-18 21:00:00,1329.45
2014-03-18 22:00:00,1359.0
2014-03-19 21:00:00,1327.74
2014-03-19 22:00:00,1341.4000244140625
2014-03-20 21:00:00,1334.17
2014-03-20 22:00:00,1330.5
2014-03-21 22:00:00,1336.0
2014-03-23 21:00:00,1308.54
2014-03-24 21:00:00,1310.93
2014-03-24 22:00:00,1311.199951171875
2014-03-25 21:00:00,1304.39
2014-03-25 22:00:00,1311.4000244140625
2014-03-26 21:00:00,1290.94
2014-03-26 22:00:00,1303.4000244140625
2014-03-27 21:00:00,1294.92
2014-03-27 22:00:00,1294.699951171875
2014-03-28 22:00:00,1293.800048828125
2014-03-30 21:00:00,1283.81
2014-03-31 21:00:00,1278.52
2014-03-31 22:00:00,1283.4000244140625
2014-04-01 21:00:00,1289.6
2014-04-01 22:00:00,1279.5999755859375
2014-04-02 21:00:00,1286.42
2014-04-02 22:00:00,1290.5
2014-04-03 21:00:00,1304.04
2014-04-03 22:00:00,1284.4000244140625
2014-04-04 22:00:00,1303.199951171875
2014-04-06 21:00:00,1297.04
2014-04-07 21:00:00,1308.39
2014-04-07 22:00:00,1298.0
2014-04-08 21:00:00,1311.69
2014-04-08 22:00:00,1308.699951171875
2014-04-09 21:00:00,1318.44
2014-04-09 22:00:00,1305.5
2014-04-10 21:00:00,1318.25
2014-04-10 22:00:00,1320.0999755859375
2014-04-11 22:00:00,1318.699951171875
2014-04-13 21:00:00,1327.57
2014-04-14 21:00:00,1302.48
2014-04-14 22:00:00,1327.199951171875
2014-04-15 21:00:00,1302.13
2014-04-15 22:00:00,1300.0
2014-04-16 21:00:00,1294.86
2014-04-16 22:00:00,1303.0999755859375
2014-04-17 22:00:00,1293.4000244140625
2014-04-20 21:00:00,1289.72
2014-04-21 21:00:00,1283.69
2014-04-21 22:00:00,1288.0
2014-04-22 21:00:00,1283.69
2014-04-22 22:00:00,1280.5999755859375
2014-04-23 21:00:00,1293.09
2014-04-23 22:00:00,1284.199951171875
2014-04-24 21:00:00,1302.69
2014-04-24 22:00:00,1290.5
2014-04-25 22:00:00,1300.699951171875
2014-04-27 21:00:00,1296.51
2014-04-28 21:00:00,1295.64
2014-04-28 22:00:00,1298.9000244140625
2014-04-29 21:00:00,1291.23
2014-04-29 22:00:00,1296.0
2014-04-30 21:00:00,1284.1
2014-04-30 22:00:00,1295.5999755859375
2014-05-01 21:00:00,1299.99
2014-05-01 22:00:00,1283.0999755859375
2014-05-02 22:00:00,1302.5999755859375
2014-05-04 21:00:00,1309.97
2014-05-05 21:00:00,1307.85
2014-05-05 22:00:00,1309.0
2014-05-06 21:00:00,1289.74
2014-05-06 22:00:00,1308.300048828125
2014-05-07 21:00:00,1288.96
2014-05-07 22:00:00,1288.5999755859375
2014-05-08 21:00:00,1288.43
2014-05-08 22:00:00,1287.4000244140625
2014-05-09 22:00:00,1287.300048828125
2014-05-11 21:00:00,1295.27
2014-05-12 21:00:00,1293.33
2014-05-12 22:00:00,1295.5999755859375
2014-05-13 21:00:00,1305.15
2014-05-13 22:00:00,1294.5999755859375
2014-05-14 21:00:00,1295.77
2014-05-14 22:00:00,1305.699951171875
2014-05-15 21:00:00,1293.29
2014-05-15 22:00:00,1293.5
2014-05-16 22:00:00,1293.300048828125
2014-05-18 21:00:00,1292.24
2014-05-19 21:00:00,1294.02
2014-05-19 22:00:00,1293.699951171875
2014-05-20 21:00:00,1291.55
2014-05-20 22:00:00,1294.5
2014-05-21 21:00:00,1293.88
2014-05-21 22:00:00,1288.0
2014-05-22 21:00:00,1291.97
2014-05-22 22:00:00,1294.9000244140625
2014-05-23 22:00:00,1291.5999755859375
2014-05-25 21:00:00,1292.61
2014-05-26 21:00:00,1264.27
2014-05-27 21:00:00,1257.92
2014-05-27 22:00:00,1265.4000244140625
2014-05-28 21:00:00,1255.24
2014-05-28 22:00:00,1259.300048828125
2014-05-29 21:00:00,1249.33
2014-05-29 22:00:00,1256.300048828125
2014-05-30 22:00:00,1245.5999755859375
2014-06-01 21:00:00,1243.43
2014-06-02 21:00:00,1244.82
2014-06-02 22:00:00,1243.699951171875
2014-06-03 21:00:00,1243.69
2014-06-03 22:00:00,1244.300048828125
2014-06-04 21:00:00,1253.4
2014-06-04 22:00:00,1244.0
2014-06-05 21:00:00,1253.07
2014-06-05 22:00:00,1253.0
2014-06-06 22:00:00,1252.0999755859375
2014-06-08 21:00:00,1252.11
2014-06-09 21:00:00,1259.62
2014-06-09 22:00:00,1253.5
2014-06-10 21:00:00,1260.88
2014-06-10 22:00:00,1259.800048828125
2014-06-11 21:00:00,1273.12
2014-06-11 22:00:00,1260.800048828125
2014-06-12 21:00:00,1276.56
2014-06-12 22:00:00,1273.5999755859375
2014-06-13 22:00:00,1273.699951171875
2014-06-15 21:00:00,1271.59
2014-06-16 21:00:00,1270.52
2014-06-16 22:00:00,1274.9000244140625
2014-06-17 21:00:00,1277.2
2014-06-17 22:00:00,1271.699951171875
2014-06-18 21:00:00,1319.68
2014-06-18 22:00:00,1272.4000244140625
2014-06-19 21:00:00,1314.99
2014-06-19 22:00:00,1313.699951171875
2014-06-20 22:00:00,1316.199951171875
2014-06-22 21:00:00,1317.05
2014-06-23 21:00:00,1318.0
2014-06-23 22:00:00,1318.0
2014-06-24 21:00:00,1318.89
2014-06-24 22:00:00,1320.9000244140625
2014-06-25 21:00:00,1316.23
2014-06-25 22:00:00,1322.199951171875
2014-06-26 21:00:00,1315.92
2014-06-26 22:00:00,1316.0999755859375
2014-06-27 22:00:00,1319.0
2014-06-29 21:00:00,1327.06
2014-06-30 21:00:00,1326.18
2014-06-30 22:00:00,1321.800048828125
2014-07-01 21:00:00,1326.6
2014-07-01 22:00:00,1326.4000244140625
2014-07-02 21:00:00,1319.19
2014-07-02 22:00:00,1330.699951171875
2014-07-03 21:00:00,1320.33
2014-07-03 22:00:00,1320.4000244140625
2014-07-06 21:00:00,1319.77
2014-07-07 21:00:00,1319.14
2014-07-07 22:00:00,1316.5
2014-07-08 21:00:00,1327.35
2014-07-08 22:00:00,1316.0
2014-07-09 21:00:00,1335.39
2014-07-09 22:00:00,1323.800048828125
2014-07-10 21:00:00,1337.98
2014-07-10 22:00:00,1338.699951171875
2014-07-11 22:00:00,1337.0
2014-07-13 21:00:00,1307.05
2014-07-14 21:00:00,1293.84
2014-07-14 22:00:00,1306.300048828125
2014-07-15 21:00:00,1298.39
2014-07-15 22:00:00,1296.9000244140625
2014-07-16 21:00:00,1319.09
2014-07-16 22:00:00,1299.5999755859375
2014-07-17 21:00:00,1310.46
2014-07-17 22:00:00,1316.699951171875
2014-07-18 22:00:00,1309.199951171875
2014-07-20 21:00:00,1311.7
2014-07-21 21:00:00,1305.58
2014-07-21 22:00:00,1313.699951171875
2014-07-22 21:00:00,1303.86
2014-07-22 22:00:00,1306.0999755859375
2014-07-23 21:00:00,1293.06
2014-07-23 22:00:00,1304.5
2014-07-24 21:00:00,1307.22
2014-07-24 22:00:00,1290.5999755859375
2014-07-25 22:00:00,1303.0999755859375
2014-07-27 21:00:00,1303.86
2014-07-28 21:00:00,1298.24
2014-07-28 22:00:00,1303.300048828125
2014-07-29 21:00:00,1295.92
2014-07-29 22:00:00,1298.300048828125
2014-07-30 21:00:00,1282.48
2014-07-30 22:00:00,1294.9000244140625
2014-07-31 21:00:00,1293.03
2014-07-31 22:00:00,1281.300048828125
2014-08-01 22:00:00,1293.5999755859375
2014-08-03 21:00:00,1287.43
2014-08-04 21:00:00,1287.95
2014-08-04 22:00:00,1287.699951171875
2014-08-05 21:00:00,1305.06
2014-08-05 22:00:00,1284.0
2014-08-06 21:00:00,1311.74
2014-08-06 22:00:00,1306.699951171875
2014-08-07 21:00:00,1310.5
2014-08-07 22:00:00,1310.800048828125
2014-08-08 22:00:00,1308.9000244140625
2014-08-10 21:00:00,1307.66
2014-08-11 21:00:00,1308.66
2014-08-11 22:00:00,1308.5
2014-08-12 21:00:00,1312.07
2014-08-12 22:00:00,1308.800048828125
2014-08-13 21:00:00,1312.63
2014-08-13 22:00:00,1312.800048828125
2014-08-14 21:00:00,1304.71
2014-08-14 22:00:00,1313.9000244140625
2014-08-15 22:00:00,1304.5
2014-08-17 21:00:00,1297.63
2014-08-18 21:00:00,1294.97
2014-08-18 22:00:00,1297.699951171875
2014-08-19 21:00:00,1291.61
2014-08-19 22:00:00,1295.0999755859375
2014-08-20 21:00:00,1275.98
2014-08-20 22:00:00,1293.4000244140625
2014-08-21 21:00:00,1280.8
2014-08-21 22:00:00,1273.699951171875
2014-08-22 22:00:00,1278.5999755859375
2014-08-24 21:00:00,1276.13
2014-08-25 21:00:00,1280.33
2014-08-25 22:00:00,1277.300048828125
2014-08-26 21:00:00,1282.56
2014-08-26 22:00:00,1283.800048828125
2014-08-27 21:00:00,1289.31
2014-08-27 22:00:00,1281.9000244140625
2014-08-28 21:00:00,1286.78
2014-08-28 22:00:00,1288.699951171875
2014-08-29 22:00:00,1285.800048828125
2014-08-31 21:00:00,1286.78
2014-09-01 21:00:00,1264.62
2014-09-02 21:00:00,1268.61
2014-09-02 22:00:00,1263.699951171875
2014-09-03 21:00:00,1261.58
2014-09-03 22:00:00,1268.9000244140625
2014-09-04 21:00:00,1268.87
2014-09-04 22:00:00,1265.0999755859375
2014-09-05 22:00:00,1265.800048828125
2014-09-07 21:00:00,1255.0
2014-09-08 21:00:00,1255.02
2014-09-08 22:00:00,1252.699951171875
2014-09-09 21:00:00,1249.44
2014-09-09 22:00:00,1246.800048828125
2014-09-10 21:00:00,1240.6
2014-09-10 22:00:00,1243.5
2014-09-11 21:00:00,1229.27
2014-09-11 22:00:00,1237.4000244140625
2014-09-12 22:00:00,1229.9000244140625
2014-09-14 21:00:00,1233.07
2014-09-15 21:00:00,1235.26
2014-09-15 22:00:00,1233.5999755859375
2014-09-16 21:00:00,1223.33
2014-09-16 22:00:00,1235.199951171875
2014-09-17 21:00:00,1224.73
2014-09-17 22:00:00,1234.4000244140625
2014-09-18 21:00:00,1215.63
2014-09-18 22:00:00,1225.699951171875
2014-09-19 22:00:00,1215.300048828125
2014-09-21 21:00:00,1214.59
2014-09-22 21:00:00,1223.06
2014-09-22 22:00:00,1216.800048828125
2014-09-23 21:00:00,1216.68
2014-09-23 22:00:00,1221.0
2014-09-24 21:00:00,1221.17
2014-09-24 22:00:00,1218.5999755859375
2014-09-25 21:00:00,1218.17
2014-09-25 22:00:00,1221.199951171875
2014-09-26 22:00:00,1214.0999755859375
2014-09-28 21:00:00,1215.51
2014-09-29 21:00:00,1207.87
2014-09-29 22:00:00,1217.5
2014-09-30 21:00:00,1213.39
2014-09-30 22:00:00,1210.5
2014-10-01 21:00:00,1214.22
2014-10-01 22:00:00,1214.5999755859375
2014-10-02 21:00:00,1191.93
2014-10-02 22:00:00,1214.199951171875
2014-10-03 22:00:00,1192.199951171875
2014-10-05 21:00:00,1206.8
2014-10-06 21:00:00,1208.58
2014-10-06 22:00:00,1206.699951171875
2014-10-07 21:00:00,1220.83
2014-10-07 22:00:00,1211.699951171875
2014-10-08 21:00:00,1223.95
2014-10-08 22:00:00,1205.300048828125
2014-10-09 21:00:00,1222.89
2014-10-09 22:00:00,1224.5999755859375
2014-10-10 22:00:00,1221.0
2014-10-12 21:00:00,1235.56
2014-10-13 21:00:00,1232.39
2014-10-13 22:00:00,1229.300048828125
2014-10-14 21:00:00,1241.69
2014-10-14 22:00:00,1233.5999755859375
2014-10-15 21:00:00,1238.79
2014-10-15 22:00:00,1244.0999755859375
2014-10-16 21:00:00,1238.3
2014-10-16 22:00:00,1240.5
2014-10-17 22:00:00,1238.300048828125
2014-10-19 21:00:00,1246.84
2014-10-20 21:00:00,1248.5
2014-10-20 22:00:00,1244.0
2014-10-21 21:00:00,1240.94
2014-10-21 22:00:00,1251.0
2014-10-22 21:00:00,1231.61
2014-10-22 22:00:00,1244.800048828125
2014-10-23 21:00:00,1230.33
2014-10-23 22:00:00,1228.5
2014-10-24 22:00:00,1231.199951171875
2014-10-26 21:00:00,1226.27
2014-10-27 21:00:00,1228.19
2014-10-27 22:00:00,1229.0999755859375
2014-10-28 21:00:00,1211.8
2014-10-28 22:00:00,1229.199951171875
2014-10-29 21:00:00,1198.55
2014-10-29 22:00:00,1224.300048828125
2014-10-30 21:00:00,1172.52
2014-10-30 22:00:00,1198.0999755859375
2014-10-31 22:00:00,1171.0999755859375
2014-11-02 22:00:00,1166.96
2014-11-03 22:00:00,1167.43
2014-11-04 22:00:00,1142.52
2014-11-05 22:00:00,1143.33
2014-11-06 22:00:00,1175.22
2014-11-07 22:00:00,1176.41
2014-11-09 22:00:00,1151.4
2014-11-10 22:00:00,1163.87
2014-11-11 22:00:00,1162.37
2014-11-12 22:00:00,1162.16
2014-11-13 22:00:00,1188.36
2014-11-14 22:00:00,1185.0
2014-11-16 22:00:00,1186.28
2014-11-17 22:00:00,1196.68
2014-11-18 22:00:00,1182.37
2014-11-19 22:00:00,1193.4
2014-11-20 22:00:00,1201.36
2014-11-21 22:00:00,1197.5
2014-11-23 22:00:00,1196.74
2014-11-24 22:00:00,1200.42
2014-11-25 22:00:00,1197.48
2014-11-26 22:00:00,1188.89
2014-11-27 22:00:00,1165.55
2014-11-28 22:00:00,1175.199951171875
2014-11-30 22:00:00,1211.55
2014-12-01 22:00:00,1197.89
2014-12-02 22:00:00,1209.06
2014-12-03 22:00:00,1204.91
2014-12-04 22:00:00,1192.03
2014-12-05 22:00:00,1190.0999755859375
2014-12-07 22:00:00,1202.06
2014-12-08 22:00:00,1230.81
2014-12-09 22:00:00,1225.97
2014-12-10 22:00:00,1227.5
2014-12-11 22:00:00,1222.58
2014-12-12 22:00:00,1222.0
2014-12-14 22:00:00,1192.92
2014-12-15 22:00:00,1196.68
2014-12-16 22:00:00,1189.29
2014-12-17 22:00:00,1198.45
2014-12-18 22:00:00,1195.48
2014-12-19 22:00:00,1195.9000244140625
2014-12-21 22:00:00,1176.04
2014-12-22 22:00:00,1176.22
2014-12-23 22:00:00,1174.62
2014-12-24 22:00:00,1173.5
2014-12-25 22:00:00,1195.43
2014-12-26 22:00:00,1195.300048828125
2014-12-28 22:00:00,1182.91
2014-12-29 22:00:00,1200.05
2014-12-30 22:00:00,1182.93
2014-12-31 22:00:00,1183.9000244140625
2015-01-01 22:00:00,1189.08
2015-01-02 22:00:00,1186.0
2015-01-04 22:00:00,1204.33
2015-01-05 22:00:00,1218.32
2015-01-06 22:00:00,1211.33
2015-01-07 22:00:00,1208.6
2015-01-08 22:00:00,1222.34
2015-01-09 22:00:00,1216.0
2015-01-11 22:00:00,1232.98
2015-01-12 22:00:00,1230.17
2015-01-13 22:00:00,1228.53
2015-01-14 22:00:00,1262.2
2015-01-15 22:00:00,1280.14
2015-01-16 22:00:00,1276.9000244140625
2015-01-18 22:00:00,1276.72
2015-01-19 22:00:00,1295.01
2015-01-20 22:00:00,1292.75
2015-01-21 22:00:00,1302.13
2015-01-22 22:00:00,1293.92
2015-01-23 22:00:00,1292.5999755859375
2015-01-25 22:00:00,1280.9
2015-01-26 22:00:00,1291.83
2015-01-27 22:00:00,1284.2
2015-01-28 22:00:00,1256.92
2015-01-29 22:00:00,1283.21
2015-01-30 22:00:00,1278.5
2015-02-01 22:00:00,1274.01
2015-02-02 22:00:00,1260.06
2015-02-03 22:00:00,1269.15
2015-02-04 22:00:00,1264.44
2015-02-05 22:00:00,1232.83
2015-02-06 22:00:00,1233.9000244140625
2015-02-08 22:00:00,1238.7
2015-02-09 22:00:00,1233.35
2015-02-10 22:00:00,1218.74
2015-02-11 22:00:00,1221.59
2015-02-12 22:00:00,1229.19
2015-02-13 22:00:00,1226.5
2015-02-15 22:00:00,1231.5
2015-02-16 22:00:00,1209.48
2015-02-17 22:00:00,1212.21
2015-02-18 22:00:00,1206.59
2015-02-19 22:00:00,1201.76
2015-02-20 22:00:00,1204.4000244140625
2015-02-22 22:00:00,1201.49
2015-02-23 22:00:00,1200.01
2015-02-24 22:00:00,1204.98
2015-02-25 22:00:00,1209.29
2015-02-26 22:00:00,1213.0
2015-02-27 22:00:00,1212.5999755859375
2015-03-01 22:00:00,1206.9
2015-03-02 22:00:00,1203.59
2015-03-03 22:00:00,1200.19
2015-03-04 22:00:00,1198.27
2015-03-05 22:00:00,1166.66
2015-03-06 22:00:00,1164.0999755859375
2015-03-08 21:00:00,1167.24
2015-03-09 21:00:00,1161.76
2015-03-09 22:00:00,1166.4000244140625
2015-03-10 21:00:00,1155.16
2015-03-10 22:00:00,1160.0999755859375
2015-03-11 21:00:00,1153.58
2015-03-11 22:00:00,1150.699951171875
2015-03-12 21:00:00,1157.85
2015-03-12 22:00:00,1152.0999755859375
2015-03-13 22:00:00,1152.5999755859375
2015-03-15 21:00:00,1154.55
2015-03-16 21:00:00,1149.44
2015-03-16 22:00:00,1153.300048828125
2015-03-17 21:00:00,1167.65
2015-03-17 22:00:00,1148.300048828125
2015-03-18 21:00:00,1170.86
2015-03-18 22:00:00,1151.4000244140625
2015-03-19 21:00:00,1181.56
2015-03-19 22:00:00,1169.0999755859375
2015-03-20 22:00:00,1184.800048828125
2015-03-22 21:00:00,1189.53
2015-03-23 21:00:00,1193.1
2015-03-23 22:00:00,1188.0
2015-03-24 21:00:00,1195.17
2015-03-24 22:00:00,1191.699951171875
2015-03-25 21:00:00,1204.73
2015-03-25 22:00:00,1197.300048828125
2015-03-26 21:00:00,1198.45
2015-03-26 22:00:00,1205.0999755859375
2015-03-27 22:00:00,1199.800048828125
2015-03-29 21:00:00,1186.03
2015-03-30 21:00:00,1183.51
2015-03-30 22:00:00,1184.800048828125
2015-03-31 21:00:00,1203.93
2015-03-31 22:00:00,1183.0999755859375
2015-04-01 21:00:00,1202.63
2015-04-01 22:00:00,1208.0999755859375
2015-04-02 22:00:00,1200.9000244140625
2015-04-05 21:00:00,1214.51
2015-04-06 21:00:00,1208.94
2015-04-06 22:00:00,1218.5999755859375
2015-04-07 21:00:00,1202.19
2015-04-07 22:00:00,1210.5999755859375
2015-04-08 21:00:00,1194.57
2015-04-08 22:00:00,1203.0999755859375
2015-04-09 21:00:00,1207.25
2015-04-09 22:00:00,1193.5999755859375
2015-04-10 22:00:00,1204.5999755859375
2015-04-12 21:00:00,1198.58
2015-04-13 21:00:00,1192.44
2015-04-13 22:00:00,1199.300048828125
2015-04-14 21:00:00,1202.31
2015-04-14 22:00:00,1192.800048828125
2015-04-15 21:00:00,1198.33
2015-04-15 22:00:00,1201.5
2015-04-16 21:00:00,1204.49
2015-04-16 22:00:00,1198.0
2015-04-17 22:00:00,1202.9000244140625
2015-04-19 21:00:00,1195.42
2015-04-20 21:00:00,1202.1
2015-04-20 22:00:00,1193.5
2015-04-21 21:00:00,1186.71
2015-04-21 22:00:00,1202.9000244140625
2015-04-22 21:00:00,1193.74
2015-04-22 22:00:00,1186.9000244140625
2015-04-23 21:00:00,1179.32
2015-04-23 22:00:00,1194.4000244140625
2015-04-24 22:00:00,1175.199951171875
2015-04-26 21:00:00,1201.97
2015-04-27 21:00:00,1212.08
2015-04-27 22:00:00,1203.300048828125
2015-04-28 21:00:00,1204.73
2015-04-28 22:00:00,1214.0
2015-04-29 21:00:00,1184.17
2015-04-29 22:00:00,1209.800048828125
2015-04-30 21:00:00,1178.33
2015-04-30 22:00:00,1182.4000244140625
2015-05-01 22:00:00,1174.5
2015-05-03 21:00:00,1188.3
2015-05-04 21:00:00,1193.25
2015-05-04 22:00:00,1186.800048828125
2015-05-05 21:00:00,1192.1
2015-05-05 22:00:00,1193.199951171875
2015-05-06 21:00:00,1184.45
2015-05-06 22:00:00,1190.300048828125
2015-05-07 21:00:00,1188.62
2015-05-07 22:00:00,1182.4000244140625
2015-05-08 22:00:00,1189.0999755859375
2015-05-10 21:00:00,1183.95
2015-05-11 21:00:00,1193.93
2015-05-11 22:00:00,1183.199951171875
2015-05-12 21:00:00,1215.67
2015-05-12 22:00:00,1192.5999755859375
2015-05-13 21:00:00,1221.0
2015-05-13 22:00:00,1218.4000244140625
2015-05-14 21:00:00,1223.81
2015-05-14 22:00:00,1225.4000244140625
2015-05-15 22:00:00,1225.5
2015-05-17 21:00:00,1225.4
2015-05-18 21:00:00,1207.72
2015-05-18 22:00:00,1227.800048828125
2015-05-19 21:00:00,1209.72
2015-05-19 22:00:00,1206.9000244140625
2015-05-20 21:00:00,1206.2
2015-05-20 22:00:00,1208.9000244140625
2015-05-21 21:00:00,1206.4
2015-05-21 22:00:00,1204.4000244140625
2015-05-22 22:00:00,1204.300048828125
2015-05-24 21:00:00,1206.89
2015-05-25 21:00:00,1187.14
2015-05-26 21:00:00,1187.82
2015-05-26 22:00:00,1187.199951171875
2015-05-27 21:00:00,1188.09
2015-05-27 22:00:00,1185.9000244140625
2015-05-28 21:00:00,1190.2
2015-05-28 22:00:00,1188.0999755859375
2015-05-29 22:00:00,1189.4000244140625
2015-05-31 21:00:00,1189.15
2015-06-01 21:00:00,1192.81
2015-06-01 22:00:00,1188.300048828125
2015-06-02 21:00:00,1185.05
2015-06-02 22:00:00,1194.0999755859375
2015-06-03 21:00:00,1176.77
2015-06-03 22:00:00,1184.699951171875
2015-06-04 21:00:00,1171.68
2015-06-04 22:00:00,1174.9000244140625
2015-06-05 22:00:00,1167.800048828125
2015-06-07 21:00:00,1174.03
2015-06-08 21:00:00,1176.8
2015-06-08 22:00:00,1173.199951171875
2015-06-09 21:00:00,1185.85
2015-06-09 22:00:00,1177.300048828125
2015-06-10 21:00:00,1181.88
2015-06-10 22:00:00,1186.0999755859375
2015-06-11 21:00:00,1181.51
2015-06-11 22:00:00,1179.9000244140625
2015-06-12 22:00:00,1178.800048828125
2015-06-14 21:00:00,1186.31
2015-06-15 21:00:00,1181.99
2015-06-15 22:00:00,1185.300048828125
2015-06-16 21:00:00,1185.57
2015-06-16 22:00:00,1180.5
2015-06-17 21:00:00,1201.78
2015-06-17 22:00:00,1176.4000244140625
2015-06-18 21:00:00,1200.28
2015-06-18 22:00:00,1201.5
2015-06-19 22:00:00,1201.5
2015-06-21 21:00:00,1185.92
2015-06-22 21:00:00,1178.56
2015-06-22 22:00:00,1183.699951171875
2015-06-23 21:00:00,1175.3
2015-06-23 22:00:00,1176.199951171875
2015-06-24 21:00:00,1173.05
2015-06-24 22:00:00,1172.5999755859375
2015-06-25 21:00:00,1175.37
2015-06-25 22:00:00,1171.5
2015-06-26 22:00:00,1172.9000244140625
2015-06-28 21:00:00,1179.79
2015-06-29 21:00:00,1172.2
2015-06-29 22:00:00,1178.5
2015-06-30 21:00:00,1168.51
2015-06-30 22:00:00,1171.5
2015-07-01 21:00:00,1166.17
2015-07-01 22:00:00,1169.0
2015-07-02 21:00:00,1168.99
2015-07-02 22:00:00,1163.0
2015-07-05 21:00:00,1170.25
2015-07-06 21:00:00,1154.99
2015-07-06 22:00:00,1172.9000244140625
2015-07-07 21:00:00,1157.96
2015-07-07 22:00:00,1152.4000244140625
2015-07-08 21:00:00,1159.17
2015-07-08 22:00:00,1163.300048828125
2015-07-09 21:00:00,1163.35
2015-07-09 22:00:00,1159.0
2015-07-10 22:00:00,1157.699951171875
2015-07-12 21:00:00,1157.93
2015-07-13 21:00:00,1156.02
2015-07-13 22:00:00,1155.199951171875
2015-07-14 21:00:00,1149.48
2015-07-14 22:00:00,1153.300048828125
2015-07-15 21:00:00,1145.34
2015-07-15 22:00:00,1147.199951171875
2015-07-16 21:00:00,1134.25
2015-07-16 22:00:00,1143.800048828125
2015-07-17 22:00:00,1131.800048828125
2015-07-19 21:00:00,1096.44
2015-07-20 21:00:00,1100.89
2015-07-20 22:00:00,1106.699951171875
2015-07-21 21:00:00,1094.11
2015-07-21 22:00:00,1103.4000244140625
2015-07-22 21:00:00,1090.48
2015-07-22 22:00:00,1091.4000244140625
2015-07-23 21:00:00,1099.22
2015-07-23 22:00:00,1094.0
2015-07-24 22:00:00,1085.5999755859375
2015-07-26 21:00:00,1093.98
2015-07-27 21:00:00,1095.14
2015-07-27 22:00:00,1096.5
2015-07-28 21:00:00,1096.9
2015-07-28 22:00:00,1096.300048828125
2015-07-29 21:00:00,1088.46
2015-07-29 22:00:00,1092.699951171875
2015-07-30 21:00:00,1095.42
2015-07-30 22:00:00,1088.4000244140625
2015-07-31 22:00:00,1094.9000244140625
2015-08-02 21:00:00,1086.69
2015-08-03 21:00:00,1087.62
2015-08-03 22:00:00,1089.4000244140625
2015-08-04 21:00:00,1084.92
2015-08-04 22:00:00,1090.699951171875
2015-08-05 21:00:00,1089.44
2015-08-05 22:00:00,1085.699951171875
2015-08-06 21:00:00,1094.16
2015-08-06 22:00:00,1090.199951171875
2015-08-07 22:00:00,1094.0999755859375
2015-08-09 21:00:00,1104.39
2015-08-10 21:00:00,1108.89
2015-08-10 22:00:00,1104.199951171875
2015-08-11 21:00:00,1124.42
2015-08-11 22:00:00,1107.5999755859375
2015-08-12 21:00:00,1115.08
2015-08-12 22:00:00,1123.199951171875
2015-08-13 21:00:00,1115.01
2015-08-13 22:00:00,1115.699951171875
2015-08-14 22:00:00,1112.9000244140625
2015-08-16 21:00:00,1117.47
2015-08-17 21:00:00,1117.56
2015-08-17 22:00:00,1118.5999755859375
2015-08-18 21:00:00,1133.92
2015-08-18 22:00:00,1117.0999755859375
2015-08-19 21:00:00,1151.9
2015-08-19 22:00:00,1128.0999755859375
2015-08-20 21:00:00,1160.71
2015-08-20 22:00:00,1153.0
2015-08-21 22:00:00,1159.5999755859375
2015-08-23 21:00:00,1155.02
2015-08-24 21:00:00,1140.53
2015-08-24 22:00:00,1153.4000244140625
2015-08-25 21:00:00,1125.12
2015-08-25 22:00:00,1138.199951171875
2015-08-26 21:00:00,1124.75
2015-08-26 22:00:00,1124.5999755859375
2015-08-27 21:00:00,1134.04
2015-08-27 22:00:00,1122.4000244140625
2015-08-28 22:00:00,1133.0999755859375
2015-08-30 21:00:00,1134.84
2015-08-31 21:00:00,1140.1
2015-08-31 22:00:00,1131.5999755859375
2015-09-01 21:00:00,1133.94
2015-09-01 22:00:00,1138.699951171875
2015-09-02 21:00:00,1125.04
2015-09-02 22:00:00,1132.5
2015-09-03 21:00:00,1121.83
2015-09-03 22:00:00,1123.699951171875
2015-09-04 22:00:00,1120.5999755859375
2015-09-06 21:00:00,1119.28
2015-09-07 21:00:00,1121.55
2015-09-08 21:00:00,1107.61
2015-09-08 22:00:00,1120.4000244140625
2015-09-09 21:00:00,1110.71
2015-09-09 22:00:00,1102.199951171875
2015-09-10 21:00:00,1107.48
2015-09-10 22:00:00,1109.5
2015-09-11 22:00:00,1103.5
2015-09-13 21:00:00,1108.84
2015-09-14 21:00:00,1105.1
2015-09-14 22:00:00,1107.699951171875
2015-09-15 21:00:00,1119.45
2015-09-15 22:00:00,1102.800048828125
2015-09-16 21:00:00,1131.33
2015-09-16 22:00:00,1119.199951171875
2015-09-17 21:00:00,1138.9
2015-09-17 22:00:00,1117.300048828125
2015-09-18 22:00:00,1138.0999755859375
2015-09-20 21:00:00,1133.32
2015-09-21 21:00:00,1124.67
2015-09-21 22:00:00,1133.0999755859375
2015-09-22 21:00:00,1130.12
2015-09-22 22:00:00,1125.0
2015-09-23 21:00:00,1153.9
2015-09-23 22:00:00,1131.5999755859375
2015-09-24 21:00:00,1145.56
2015-09-24 22:00:00,1153.800048828125
2015-09-25 22:00:00,1146.0
2015-09-27 21:00:00,1131.85
2015-09-28 21:00:00,1127.24
2015-09-28 22:00:00,1132.0
2015-09-29 21:00:00,1114.93
2015-09-29 22:00:00,1127.0999755859375
2015-09-30 21:00:00,1113.53
2015-09-30 22:00:00,1115.5
2015-10-01 21:00:00,1138.36
2015-10-01 22:00:00,1114.199951171875
2015-10-02 22:00:00,1137.0999755859375
2015-10-04 21:00:00,1135.65
2015-10-05 21:00:00,1146.99
2015-10-05 22:00:00,1138.0999755859375
2015-10-06 21:00:00,1145.43
2015-10-06 22:00:00,1146.800048828125
2015-10-07 21:00:00,1138.92
2015-10-07 22:00:00,1149.0
2015-10-08 21:00:00,1157.09
2015-10-08 22:00:00,1144.699951171875
2015-10-09 22:00:00,1156.300048828125
2015-10-11 21:00:00,1163.61
2015-10-12 21:00:00,1168.63
2015-10-12 22:00:00,1164.9000244140625
2015-10-13 21:00:00,1184.17
2015-10-13 22:00:00,1165.800048828125
2015-10-14 21:00:00,1183.06
2015-10-14 22:00:00,1180.0999755859375
2015-10-15 21:00:00,1177.23
2015-10-15 22:00:00,1187.9000244140625
2015-10-16 22:00:00,1183.5999755859375
2015-10-18 21:00:00,1170.69
2015-10-19 21:00:00,1175.93
2015-10-19 22:00:00,1173.300048828125
2015-10-20 21:00:00,1167.05
2015-10-20 22:00:00,1178.0
2015-10-21 21:00:00,1165.61
2015-10-21 22:00:00,1167.5999755859375
2015-10-22 21:00:00,1164.41
2015-10-22 22:00:00,1166.5999755859375
2015-10-23 22:00:00,1163.300048828125
2015-10-25 21:00:00,1162.9
2015-10-26 21:00:00,1166.58
2015-10-26 22:00:00,1167.0
2015-10-27 21:00:00,1155.97
2015-10-27 22:00:00,1166.800048828125
2015-10-28 21:00:00,1145.86
2015-10-28 22:00:00,1177.0999755859375
2015-10-29 21:00:00,1141.7
2015-10-29 22:00:00,1147.199951171875
2015-10-30 22:00:00,1141.5
2015-11-01 22:00:00,1133.37
2015-11-02 22:00:00,1117.65
2015-11-03 22:00:00,1107.84
2015-11-04 22:00:00,1103.75
2015-11-05 22:00:00,1088.57
2015-11-06 22:00:00,1087.5999755859375
2015-11-08 22:00:00,1092.22
2015-11-09 22:00:00,1089.69
2015-11-10 22:00:00,1086.28
2015-11-11 22:00:00,1085.18
2015-11-12 22:00:00,1083.14
2015-11-13 22:00:00,1080.800048828125
2015-11-15 22:00:00,1082.63
2015-11-16 22:00:00,1070.11
2015-11-17 22:00:00,1070.54
2015-11-18 22:00:00,1082.12
2015-11-19 22:00:00,1077.96
2015-11-20 22:00:00,1076.4000244140625
2015-11-22 22:00:00,1069.09
2015-11-23 22:00:00,1075.55
2015-11-24 22:00:00,1070.95
2015-11-25 22:00:00,1071.52
2015-11-26 22:00:00,1057.21
2015-11-27 22:00:00,1056.199951171875
2015-11-29 22:00:00,1063.34
2015-11-30 22:00:00,1069.19
2015-12-01 22:00:00,1053.54
2015-12-02 22:00:00,1062.05
2015-12-03 22:00:00,1086.79
2015-12-04 22:00:00,1084.5
2015-12-06 22:00:00,1071.14
2015-12-07 22:00:00,1074.65
2015-12-08 22:00:00,1072.63
2015-12-09 22:00:00,1070.57
2015-12-10 22:00:00,1074.53
2015-12-11 22:00:00,1076.9000244140625
2015-12-13 22:00:00,1059.56
2015-12-14 22:00:00,1060.83
2015-12-15 22:00:00,1072.05
2015-12-16 22:00:00,1051.04
2015-12-17 22:00:00,1065.91
2015-12-18 22:00:00,1066.199951171875
2015-12-20 22:00:00,1078.28
2015-12-21 22:00:00,1072.59
2015-12-22 22:00:00,1070.03
2015-12-23 22:00:00,1076.3
2015-12-24 22:00:00,1077.199951171875
2015-12-27 22:00:00,1068.66
2015-12-28 22:00:00,1068.9
2015-12-29 22:00:00,1061.29
2015-12-30 22:00:00,1061.0
2015-12-31 22:00:00,1060.300048828125
2016-01-03 22:00:00,1074.41
2016-01-04 22:00:00,1077.51
2016-01-05 22:00:00,1093.61
2016-01-06 22:00:00,1108.76
2016-01-07 22:00:00,1103.87
2016-01-08 22:00:00,1097.800048828125
2016-01-10 22:00:00,1093.95
2016-01-11 22:00:00,1086.54
2016-01-12 22:00:00,1093.37
2016-01-13 22:00:00,1078.07
2016-01-14 22:00:00,1088.69
2016-01-15 22:00:00,1091.5
2016-01-17 22:00:00,1089.21
2016-01-18 22:00:00,1087.14
2016-01-19 22:00:00,1100.76
2016-01-20 22:00:00,1100.82
2016-01-21 22:00:00,1097.6
2016-01-22 22:00:00,1097.199951171875
2016-01-24 22:00:00,1107.57
2016-01-25 22:00:00,1119.67
2016-01-26 22:00:00,1124.69
2016-01-27 22:00:00,1114.89
2016-01-28 22:00:00,1117.91
2016-01-29 22:00:00,1116.4000244140625
2016-01-31 22:00:00,1128.09
2016-02-01 22:00:00,1128.53
2016-02-02 22:00:00,1142.27
2016-02-03 22:00:00,1155.25
2016-02-04 22:00:00,1173.0
2016-02-05 22:00:00,1157.800048828125
2016-02-07 22:00:00,1188.92
2016-02-08 22:00:00,1188.89
2016-02-09 22:00:00,1196.71
2016-02-10 22:00:00,1246.59
2016-02-11 22:00:00,1238.13
2016-02-12 22:00:00,1239.0999755859375
2016-02-14 22:00:00,1208.88
2016-02-15 22:00:00,1200.34
2016-02-16 22:00:00,1208.28
2016-02-17 22:00:00,1230.78
2016-02-18 22:00:00,1225.93
2016-02-19 22:00:00,1230.4000244140625
2016-02-21 22:00:00,1208.47
2016-02-22 22:00:00,1225.4
2016-02-23 22:00:00,1228.64
2016-02-24 22:00:00,1232.87
2016-02-25 22:00:00,1222.91
2016-02-26 22:00:00,1219.800048828125
2016-02-28 22:00:00,1238.43
2016-02-29 22:00:00,1232.09
2016-03-01 22:00:00,1239.82
2016-03-02 22:00:00,1264.05
2016-03-03 22:00:00,1258.91
2016-03-04 22:00:00,1269.9000244140625
2016-03-06 22:00:00,1267.32
2016-03-07 22:00:00,1261.5
2016-03-08 22:00:00,1253.16
2016-03-09 22:00:00,1272.1
2016-03-10 22:00:00,1250.2
2016-03-11 22:00:00,1258.699951171875
2016-03-13 21:00:00,1235.19
2016-03-14 21:00:00,1232.46
2016-03-14 22:00:00,1244.4000244140625
2016-03-15 21:00:00,1262.38
2016-03-15 22:00:00,1230.4000244140625
2016-03-16 21:00:00,1257.81
2016-03-16 22:00:00,1229.300048828125
2016-03-17 21:00:00,1255.34
2016-03-17 22:00:00,1264.5
2016-03-18 22:00:00,1253.800048828125
2016-03-20 21:00:00,1243.63
2016-03-21 21:00:00,1248.3
2016-03-21 22:00:00,1243.800048828125
2016-03-22 21:00:00,1219.9
2016-03-22 22:00:00,1248.199951171875
2016-03-23 21:00:00,1216.92
2016-03-23 22:00:00,1223.699951171875
2016-03-24 21:00:00,1216.84
2016-03-24 22:00:00,1221.4000244140625
2016-03-27 21:00:00,1221.5
2016-03-28 21:00:00,1242.06
2016-03-28 22:00:00,1219.9000244140625
2016-03-29 21:00:00,1223.93
2016-03-29 22:00:00,1235.5999755859375
2016-03-30 21:00:00,1232.53
2016-03-30 22:00:00,1226.9000244140625
2016-03-31 21:00:00,1222.25
2016-03-31 22:00:00,1234.199951171875
2016-04-01 22:00:00,1222.199951171875
2016-04-03 21:00:00,1215.54
2016-04-04 21:00:00,1231.08
2016-04-04 22:00:00,1218.0
2016-04-05 21:00:00,1222.43
2016-04-05 22:00:00,1228.4000244140625
2016-04-06 21:00:00,1240.27
2016-04-06 22:00:00,1222.5
2016-04-07 21:00:00,1240.61
2016-04-07 22:00:00,1236.199951171875
2016-04-08 22:00:00,1242.5
2016-04-10 21:00:00,1257.76
2016-04-11 21:00:00,1255.4
2016-04-11 22:00:00,1256.699951171875
2016-04-12 21:00:00,1242.35
2016-04-12 22:00:00,1259.4000244140625
2016-04-13 21:00:00,1227.73
2016-04-13 22:00:00,1246.800048828125
2016-04-14 21:00:00,1233.86
2016-04-14 22:00:00,1225.0
2016-04-15 22:00:00,1233.0999755859375
2016-04-17 21:00:00,1232.04
2016-04-18 21:00:00,1250.17
2016-04-18 22:00:00,1233.5999755859375
2016-04-19 21:00:00,1244.12
2016-04-19 22:00:00,1253.0
2016-04-20 21:00:00,1247.93
2016-04-20 22:00:00,1253.199951171875
2016-04-21 21:00:00,1232.81
2016-04-21 22:00:00,1249.0
2016-04-22 22:00:00,1228.699951171875
2016-04-24 21:00:00,1237.85
2016-04-25 21:00:00,1243.23
2016-04-25 22:00:00,1238.9000244140625
2016-04-26 21:00:00,1245.63
2016-04-26 22:00:00,1242.199951171875
2016-04-27 21:00:00,1265.67
2016-04-27 22:00:00,1249.199951171875
2016-04-28 21:00:00,1293.77
2016-04-28 22:00:00,1265.5
2016-04-29 22:00:00,1289.199951171875
2016-05-01 21:00:00,1291.55
2016-05-02 21:00:00,1286.57
2016-05-02 22:00:00,1294.699951171875
2016-05-03 21:00:00,1277.42
2016-05-03 22:00:00,1290.699951171875
2016-05-04 21:00:00,1276.91
2016-05-04 22:00:00,1273.300048828125
2016-05-05 21:00:00,1288.91
2016-05-05 22:00:00,1271.4000244140625
2016-05-06 22:00:00,1292.9000244140625
2016-05-08 21:00:00,1263.8
2016-05-09 21:00:00,1265.49
2016-05-09 22:00:00,1265.5999755859375
2016-05-10 21:00:00,1277.16
2016-05-10 22:00:00,1263.9000244140625
2016-05-11 21:00:00,1263.69
2016-05-11 22:00:00,1274.5999755859375
2016-05-12 21:00:00,1273.47
2016-05-12 22:00:00,1270.300048828125
2016-05-13 22:00:00,1271.9000244140625
2016-05-15 21:00:00,1274.08
2016-05-16 21:00:00,1278.71
2016-05-16 22:00:00,1273.4000244140625
2016-05-17 21:00:00,1258.38
2016-05-17 22:00:00,1276.199951171875
2016-05-18 21:00:00,1254.38
2016-05-18 22:00:00,1273.699951171875
2016-05-19 21:00:00,1252.03
2016-05-19 22:00:00,1254.199951171875
2016-05-20 22:00:00,1252.4000244140625
2016-05-22 21:00:00,1248.92
2016-05-23 21:00:00,1227.08
2016-05-23 22:00:00,1251.0999755859375
2016-05-24 21:00:00,1224.12
2016-05-24 22:00:00,1228.9000244140625
2016-05-25 21:00:00,1219.74
2016-05-25 22:00:00,1223.5
2016-05-26 21:00:00,1211.76
2016-05-26 22:00:00,1220.0999755859375
2016-05-27 22:00:00,1213.800048828125
2016-05-29 21:00:00,1205.04
2016-05-30 21:00:00,1215.31
2016-05-31 21:00:00,1212.82
2016-05-31 22:00:00,1214.800048828125
2016-06-01 21:00:00,1210.88
2016-06-01 22:00:00,1211.9000244140625
2016-06-02 21:00:00,1244.65
2016-06-02 22:00:00,1209.800048828125
2016-06-03 22:00:00,1240.0999755859375
2016-06-05 21:00:00,1245.17
2016-06-06 21:00:00,1243.74
2016-06-06 22:00:00,1244.5999755859375
2016-06-07 21:00:00,1262.54
2016-06-07 22:00:00,1244.4000244140625
2016-06-08 21:00:00,1269.43
2016-06-08 22:00:00,1259.800048828125
2016-06-09 21:00:00,1274.19
2016-06-09 22:00:00,1270.199951171875
2016-06-10 22:00:00,1273.4000244140625
2016-06-12 21:00:00,1283.57
2016-06-13 21:00:00,1285.48
2016-06-13 22:00:00,1284.4000244140625
2016-06-14 21:00:00,1291.64
2016-06-14 22:00:00,1285.5999755859375
2016-06-15 21:00:00,1278.56
2016-06-15 22:00:00,1285.800048828125
2016-06-16 21:00:00,1298.67
2016-06-16 22:00:00,1296.0999755859375
2016-06-17 22:00:00,1292.5
2016-06-19 21:00:00,1289.78
2016-06-20 21:00:00,1267.93
2016-06-20 22:00:00,1290.0
2016-06-21 21:00:00,1266.09
2016-06-21 22:00:00,1270.5
2016-06-22 21:00:00,1256.33
2016-06-22 22:00:00,1268.0
2016-06-23 21:00:00,1315.81
2016-06-23 22:00:00,1261.199951171875
2016-06-24 22:00:00,1320.0
2016-06-26 21:00:00,1324.26
2016-06-27 21:00:00,1311.68
2016-06-27 22:00:00,1322.5
2016-06-28 21:00:00,1318.87
2016-06-28 22:00:00,1315.300048828125
2016-06-29 21:00:00,1322.19
2016-06-29 22:00:00,1323.9000244140625
2016-06-30 21:00:00,1342.57
2016-06-30 22:00:00,1318.4000244140625
2016-07-01 22:00:00,1336.699951171875
2016-07-03 21:00:00,1350.81
2016-07-04 21:00:00,1353.75
2016-07-05 21:00:00,1363.55
2016-07-05 22:00:00,1356.4000244140625
2016-07-06 21:00:00,1360.63
2016-07-06 22:00:00,1364.9000244140625
2016-07-07 21:00:00,1365.13
2016-07-07 22:00:00,1360.0999755859375
2016-07-08 22:00:00,1356.5999755859375
2016-07-10 21:00:00,1355.17
2016-07-11 21:00:00,1332.83
2016-07-11 22:00:00,1355.0
2016-07-12 21:00:00,1342.48
2016-07-12 22:00:00,1334.0999755859375
2016-07-13 21:00:00,1334.96
2016-07-13 22:00:00,1342.4000244140625
2016-07-14 21:00:00,1338.41
2016-07-14 22:00:00,1331.300048828125
2016-07-15 22:00:00,1326.5
2016-07-17 21:00:00,1328.7
2016-07-18 21:00:00,1331.85
2016-07-18 22:00:00,1328.4000244140625
2016-07-19 21:00:00,1315.81
2016-07-19 22:00:00,1331.5
2016-07-20 21:00:00,1331.04
2016-07-20 22:00:00,1318.800048828125
2016-07-21 21:00:00,1322.54
2016-07-21 22:00:00,1330.5
2016-07-22 22:00:00,1323.0999755859375
2016-07-24 21:00:00,1315.68
2016-07-25 21:00:00,1320.19
2016-07-25 22:00:00,1319.300048828125
2016-07-26 21:00:00,1340.0
2016-07-26 22:00:00,1320.699951171875
2016-07-27 21:00:00,1335.32
2016-07-27 22:00:00,1326.5999755859375
2016-07-28 21:00:00,1351.22
2016-07-28 22:00:00,1332.300048828125
2016-07-29 22:00:00,1349.0
2016-07-31 21:00:00,1352.79
2016-08-01 21:00:00,1363.39
2016-08-01 22:00:00,1351.4000244140625
2016-08-02 21:00:00,1357.9
2016-08-02 22:00:00,1364.4000244140625
2016-08-03 21:00:00,1361.25
2016-08-03 22:00:00,1356.0999755859375
2016-08-04 21:00:00,1337.05
2016-08-04 22:00:00,1358.800048828125
2016-08-05 22:00:00,1336.4000244140625
2016-08-07 21:00:00,1335.38
2016-08-08 21:00:00,1340.32
2016-08-08 22:00:00,1333.4000244140625
2016-08-09 21:00:00,1346.42
2016-08-09 22:00:00,1339.0
2016-08-10 21:00:00,1338.66
2016-08-10 22:00:00,1344.300048828125
2016-08-11 21:00:00,1336.75
2016-08-11 22:00:00,1342.5
2016-08-12 22:00:00,1335.800048828125
2016-08-14 21:00:00,1339.4
2016-08-15 21:00:00,1346.28
2016-08-15 22:00:00,1340.300048828125
2016-08-16 21:00:00,1348.46
2016-08-16 22:00:00,1350.5
2016-08-17 21:00:00,1352.62
2016-08-17 22:00:00,1342.699951171875
2016-08-18 21:00:00,1341.04
2016-08-18 22:00:00,1351.199951171875
2016-08-19 22:00:00,1340.4000244140625
2016-08-21 21:00:00,1338.7
2016-08-22 21:00:00,1337.75
2016-08-22 22:00:00,1337.699951171875
2016-08-23 21:00:00,1324.37
2016-08-23 22:00:00,1340.5999755859375
2016-08-24 21:00:00,1321.49
2016-08-24 22:00:00,1324.4000244140625
2016-08-25 21:00:00,1321.89
2016-08-25 22:00:00,1320.0999755859375
2016-08-26 22:00:00,1321.5
2016-08-28 21:00:00,1323.06
2016-08-29 21:00:00,1311.11
2016-08-29 22:00:00,1322.9000244140625
2016-08-30 21:00:00,1308.8
2016-08-30 22:00:00,1311.699951171875
2016-08-31 21:00:00,1313.52
2016-08-31 22:00:00,1306.9000244140625
2016-09-01 21:00:00,1324.84
2016-09-01 22:00:00,1312.199951171875
2016-09-02 22:00:00,1322.0999755859375
2016-09-04 21:00:00,1326.58
2016-09-05 21:00:00,1349.89
2016-09-06 21:00:00,1344.77
2016-09-06 22:00:00,1349.4000244140625
2016-09-07 21:00:00,1337.6
2016-09-07 22:00:00,1344.300048828125
2016-09-08 21:00:00,1328.03
2016-09-08 22:00:00,1336.800048828125
2016-09-09 22:00:00,1330.0999755859375
2016-09-11 21:00:00,1327.55
2016-09-12 21:00:00,1318.44
2016-09-12 22:00:00,1321.0
2016-09-13 21:00:00,1322.52
2016-09-13 22:00:00,1319.0
2016-09-14 21:00:00,1314.15
2016-09-14 22:00:00,1321.5
2016-09-15 21:00:00,1309.73
2016-09-15 22:00:00,1313.5
2016-09-16 22:00:00,1305.800048828125
2016-09-18 21:00:00,1313.29
2016-09-19 21:00:00,1314.77
2016-09-19 22:00:00,1313.5
2016-09-20 21:00:00,1335.27
2016-09-20 22:00:00,1313.699951171875
2016-09-21 21:00:00,1336.85
2016-09-21 22:00:00,1326.9000244140625
2016-09-22 21:00:00,1338.85
2016-09-22 22:00:00,1340.4000244140625
2016-09-23 22:00:00,1337.199951171875
2016-09-25 21:00:00,1337.66
2016-09-26 21:00:00,1326.98
2016-09-26 22:00:00,1339.699951171875
2016-09-27 21:00:00,1321.83
2016-09-27 22:00:00,1325.9000244140625
2016-09-28 21:00:00,1320.58
2016-09-28 22:00:00,1319.4000244140625
2016-09-29 21:00:00,1316.06
2016-09-29 22:00:00,1321.699951171875
2016-09-30 22:00:00,1313.300048828125
2016-10-02 21:00:00,1311.78
2016-10-03 21:00:00,1267.93
2016-10-03 22:00:00,1309.0
2016-10-04 21:00:00,1266.49
2016-10-04 22:00:00,1266.300048828125
2016-10-05 21:00:00,1254.62
2016-10-05 22:00:00,1265.199951171875
2016-10-06 21:00:00,1256.63
2016-10-06 22:00:00,1249.800048828125
2016-10-07 22:00:00,1248.9000244140625
2016-10-09 21:00:00,1259.52
2016-10-10 21:00:00,1252.54
2016-10-11 21:00:00,1255.09
2016-10-11 22:00:00,1253.0
2016-10-12 21:00:00,1257.82
2016-10-12 22:00:00,1251.0999755859375
2016-10-13 21:00:00,1250.66
2016-10-13 22:00:00,1255.0
2016-10-14 22:00:00,1253.0999755859375
2016-10-16 21:00:00,1255.41
2016-10-17 21:00:00,1262.44
2016-10-17 22:00:00,1254.4000244140625
2016-10-18 21:00:00,1269.21
2016-10-18 22:00:00,1260.800048828125
2016-10-19 21:00:00,1265.82
2016-10-19 22:00:00,1267.9000244140625
2016-10-20 21:00:00,1266.9
2016-10-20 22:00:00,1265.5999755859375
2016-10-21 22:00:00,1265.9000244140625
2016-10-23 21:00:00,1264.26
2016-10-24 21:00:00,1273.64
2016-10-24 22:00:00,1262.0
2016-10-25 21:00:00,1266.84
2016-10-25 22:00:00,1271.9000244140625
2016-10-26 21:00:00,1268.31
2016-10-26 22:00:00,1264.800048828125
2016-10-27 21:00:00,1275.84
2016-10-27 22:00:00,1267.9000244140625
2016-10-28 22:00:00,1275.5
2016-10-30 21:00:00,1276.99
2016-10-31 21:00:00,1287.93
2016-10-31 22:00:00,1271.5
2016-11-01 21:00:00,1296.1
2016-11-01 22:00:00,1286.4000244140625
2016-11-02 21:00:00,1302.29
2016-11-02 22:00:00,1306.800048828125
2016-11-03 21:00:00,1304.41
2016-11-03 22:00:00,1302.0999755859375
2016-11-04 22:00:00,1303.300048828125
2016-11-06 22:00:00,1281.59
2016-11-07 22:00:00,1275.81
2016-11-08 22:00:00,1277.34
2016-11-09 22:00:00,1258.95
2016-11-10 22:00:00,1227.36
2016-11-13 22:00:00,1220.16
2016-11-14 22:00:00,1228.51
2016-11-15 22:00:00,1224.34
2016-11-16 22:00:00,1216.04
2016-11-17 22:00:00,1208.6
2016-11-18 22:00:00,1208.5
2016-11-20 22:00:00,1214.02
2016-11-21 22:00:00,1212.14
2016-11-22 22:00:00,1187.29
2016-11-23 22:00:00,1184.01
2016-11-24 22:00:00,1183.85
2016-11-25 22:00:00,1178.199951171875
2016-11-27 22:00:00,1192.86
2016-11-28 22:00:00,1188.23
2016-11-29 22:00:00,1173.01
2016-11-30 22:00:00,1171.42
2016-12-01 22:00:00,1177.04
2016-12-02 22:00:00,1175.0999755859375
2016-12-04 22:00:00,1169.68
2016-12-05 22:00:00,1169.5
2016-12-06 22:00:00,1173.86
2016-12-07 22:00:00,1170.44
2016-12-08 22:00:00,1158.44
2016-12-09 22:00:00,1159.4000244140625
2016-12-11 22:00:00,1162.18
2016-12-12 22:00:00,1157.9
2016-12-13 22:00:00,1143.09
2016-12-14 22:00:00,1127.89
2016-12-15 22:00:00,1134.77
2016-12-16 22:00:00,1135.300048828125
2016-12-18 22:00:00,1138.58
2016-12-19 22:00:00,1132.15
2016-12-20 22:00:00,1131.12
2016-12-21 22:00:00,1128.15
2016-12-22 22:00:00,1133.48
2016-12-23 22:00:00,1131.9000244140625
2016-12-26 22:00:00,1138.4
2016-12-27 22:00:00,1141.0
2016-12-28 22:00:00,1157.23
2016-12-29 22:00:00,1152.16
2016-12-30 22:00:00,1150.0
2017-01-02 22:00:00,1158.55
2017-01-03 22:00:00,1163.02
2017-01-04 22:00:00,1179.91
2017-01-05 22:00:00,1172.64
2017-01-06 22:00:00,1171.9000244140625
2017-01-08 22:00:00,1180.52
2017-01-09 22:00:00,1187.57
2017-01-10 22:00:00,1191.56
2017-01-11 22:00:00,1195.38
2017-01-12 22:00:00,1197.42
2017-01-13 22:00:00,1195.300048828125
2017-01-15 22:00:00,1201.44
2017-01-16 22:00:00,1216.95
2017-01-17 22:00:00,1203.95
2017-01-18 22:00:00,1204.62
2017-01-19 22:00:00,1210.03
2017-01-20 22:00:00,1204.300048828125
2017-01-22 22:00:00,1217.99
2017-01-23 22:00:00,1208.99
2017-01-24 22:00:00,1200.08
2017-01-25 22:00:00,1188.62
2017-01-26 22:00:00,1191.59
2017-01-27 22:00:00,1188.0999755859375
2017-01-29 22:00:00,1195.38
2017-01-30 22:00:00,1210.6
2017-01-31 22:00:00,1209.67
2017-02-01 22:00:00,1215.81
2017-02-02 22:00:00,1220.05
2017-02-03 22:00:00,1218.5
2017-02-05 22:00:00,1235.37
2017-02-06 22:00:00,1233.63
2017-02-07 22:00:00,1241.53
2017-02-08 22:00:00,1228.63
2017-02-09 22:00:00,1233.76
2017-02-10 22:00:00,1234.4000244140625
2017-02-12 22:00:00,1225.39
2017-02-13 22:00:00,1228.52
2017-02-14 22:00:00,1233.33
2017-02-15 22:00:00,1239.4
2017-02-16 22:00:00,1234.91
2017-02-17 22:00:00,1237.5999755859375
2017-02-19 22:00:00,1237.36
2017-02-20 22:00:00,1235.78
2017-02-21 22:00:00,1237.31
2017-02-22 22:00:00,1249.28
2017-02-23 22:00:00,1257.06
2017-02-24 22:00:00,1256.9000244140625
2017-02-26 22:00:00,1252.83
2017-02-27 22:00:00,1248.28
2017-02-28 22:00:00,1249.57
2017-03-01 22:00:00,1234.19
2017-03-02 22:00:00,1234.5
2017-03-03 22:00:00,1225.5
2017-03-05 22:00:00,1225.37
2017-03-06 22:00:00,1215.68
2017-03-07 22:00:00,1208.12
2017-03-08 22:00:00,1200.95
2017-03-09 22:00:00,1204.53
2017-03-10 22:00:00,1200.699951171875
2017-03-12 21:00:00,1203.98
2017-03-13 21:00:00,1198.46
2017-03-13 22:00:00,1202.4000244140625
2017-03-14 21:00:00,1219.3
2017-03-14 22:00:00,1201.9000244140625
2017-03-15 21:00:00,1226.15
2017-03-15 22:00:00,1200.0999755859375
2017-03-16 21:00:00,1229.35
2017-03-16 22:00:00,1226.5
2017-03-17 22:00:00,1229.800048828125
2017-03-19 21:00:00,1234.05
2017-03-20 21:00:00,1244.32
2017-03-20 22:00:00,1233.5999755859375
2017-03-21 21:00:00,1248.71
2017-03-21 22:00:00,1246.0999755859375
2017-03-22 21:00:00,1244.96
2017-03-22 22:00:00,1249.300048828125
2017-03-23 21:00:00,1245.67
2017-03-23 22:00:00,1246.9000244140625
2017-03-24 22:00:00,1248.199951171875
2017-03-26 21:00:00,1254.25
2017-03-27 21:00:00,1251.64
2017-03-27 22:00:00,1255.4000244140625
2017-03-28 21:00:00,1253.01
2017-03-28 22:00:00,1255.300048828125
2017-03-29 21:00:00,1242.96
2017-03-29 22:00:00,1253.4000244140625
2017-03-30 21:00:00,1249.06
2017-03-30 22:00:00,1245.0
2017-03-31 22:00:00,1247.300048828125
2017-04-02 21:00:00,1253.3
2017-04-03 21:00:00,1255.83
2017-04-03 22:00:00,1250.800048828125
2017-04-04 21:00:00,1255.37
2017-04-04 22:00:00,1255.0
2017-04-05 21:00:00,1251.51
2017-04-05 22:00:00,1245.4000244140625
2017-04-06 21:00:00,1254.41
2017-04-06 22:00:00,1250.300048828125
2017-04-07 22:00:00,1254.300048828125
2017-04-09 21:00:00,1254.27
2017-04-10 21:00:00,1274.26
2017-04-10 22:00:00,1251.0999755859375
2017-04-11 21:00:00,1286.12
2017-04-11 22:00:00,1271.199951171875
2017-04-12 21:00:00,1287.15
2017-04-12 22:00:00,1275.300048828125
2017-04-13 22:00:00,1285.9000244140625
2017-04-16 21:00:00,1284.26
2017-04-17 21:00:00,1288.97
2017-04-17 22:00:00,1289.4000244140625
2017-04-18 21:00:00,1279.52
2017-04-18 22:00:00,1291.699951171875
2017-04-19 21:00:00,1281.46
2017-04-19 22:00:00,1281.4000244140625
2017-04-20 21:00:00,1284.45
2017-04-20 22:00:00,1281.9000244140625
2017-04-21 22:00:00,1287.4000244140625
2017-04-23 21:00:00,1275.23
2017-04-24 21:00:00,1263.54
2017-04-24 22:00:00,1275.800048828125
2017-04-25 21:00:00,1268.92
2017-04-25 22:00:00,1265.5999755859375
2017-04-26 21:00:00,1264.28
2017-04-26 22:00:00,1262.0999755859375
2017-04-27 21:00:00,1268.05
2017-04-27 22:00:00,1263.699951171875
2017-04-28 22:00:00,1266.0999755859375
2017-04-30 21:00:00,1256.5
2017-05-01 21:00:00,1256.73
2017-05-01 22:00:00,1253.300048828125
2017-05-02 21:00:00,1237.99
2017-05-02 22:00:00,1255.0999755859375
2017-05-03 21:00:00,1227.72
2017-05-03 22:00:00,1246.4000244140625
2017-05-04 21:00:00,1227.71
2017-05-04 22:00:00,1226.5
2017-05-05 22:00:00,1224.800048828125
2017-05-07 21:00:00,1225.95
2017-05-08 21:00:00,1221.01
2017-05-08 22:00:00,1225.300048828125
2017-05-09 21:00:00,1218.95
2017-05-09 22:00:00,1214.300048828125
2017-05-10 21:00:00,1224.85
2017-05-10 22:00:00,1217.300048828125
2017-05-11 21:00:00,1228.55
2017-05-11 22:00:00,1222.699951171875
2017-05-12 22:00:00,1226.199951171875
2017-05-14 21:00:00,1230.31
2017-05-15 21:00:00,1236.88
2017-05-15 22:00:00,1228.5999755859375
2017-05-16 21:00:00,1261.11
2017-05-16 22:00:00,1235.0
2017-05-17 21:00:00,1247.1
2017-05-17 22:00:00,1257.5
2017-05-18 21:00:00,1255.4
2017-05-18 22:00:00,1251.699951171875
2017-05-19 22:00:00,1252.699951171875
2017-05-21 21:00:00,1260.32
2017-05-22 21:00:00,1251.09
2017-05-22 22:00:00,1260.699951171875
2017-05-23 21:00:00,1258.55
2017-05-23 22:00:00,1254.800048828125
2017-05-24 21:00:00,1255.57
2017-05-24 22:00:00,1252.4000244140625
2017-05-25 21:00:00,1266.94
2017-05-25 22:00:00,1255.800048828125
2017-05-26 22:00:00,1267.5999755859375
2017-05-28 21:00:00,1266.44
2017-05-29 21:00:00,1262.85
2017-05-30 21:00:00,1268.75
2017-05-30 22:00:00,1262.0999755859375
2017-05-31 21:00:00,1265.8
2017-05-31 22:00:00,1272.0
2017-06-01 21:00:00,1278.67
2017-06-01 22:00:00,1267.0
2017-06-02 22:00:00,1276.800048828125
2017-06-04 21:00:00,1279.48
2017-06-05 21:00:00,1294.02
2017-06-05 22:00:00,1279.300048828125
2017-06-06 21:00:00,1286.73
2017-06-06 22:00:00,1294.4000244140625
2017-06-07 21:00:00,1277.79
2017-06-07 22:00:00,1290.0999755859375
2017-06-08 21:00:00,1266.73
2017-06-08 22:00:00,1276.300048828125
2017-06-09 22:00:00,1268.5
2017-06-11 21:00:00,1265.72
2017-06-12 21:00:00,1266.43
2017-06-12 22:00:00,1266.0999755859375
2017-06-13 21:00:00,1261.03
2017-06-13 22:00:00,1265.800048828125
2017-06-14 21:00:00,1253.84
2017-06-14 22:00:00,1272.800048828125
2017-06-15 21:00:00,1253.4
2017-06-15 22:00:00,1252.199951171875
2017-06-16 22:00:00,1254.0
2017-06-18 21:00:00,1243.64
2017-06-19 21:00:00,1243.1
2017-06-19 22:00:00,1244.199951171875
2017-06-20 21:00:00,1246.49
2017-06-20 22:00:00,1241.0
2017-06-21 21:00:00,1250.38
2017-06-21 22:00:00,1243.4000244140625
2017-06-22 21:00:00,1256.65
2017-06-22 22:00:00,1247.5999755859375
2017-06-23 22:00:00,1256.199951171875
2017-06-25 21:00:00,1244.46
2017-06-26 21:00:00,1247.07
2017-06-26 22:00:00,1246.300048828125
2017-06-27 21:00:00,1249.09
2017-06-27 22:00:00,1246.4000244140625
2017-06-28 21:00:00,1245.2
2017-06-28 22:00:00,1248.0
2017-06-29 21:00:00,1241.49
2017-06-29 22:00:00,1244.199951171875
2017-06-30 22:00:00,1240.699951171875
2017-07-02 21:00:00,1220.18
2017-07-03 21:00:00,1222.35
2017-07-03 22:00:00,1217.9000244140625
2017-07-04 21:00:00,1226.76
2017-07-05 21:00:00,1225.02
2017-07-05 22:00:00,1220.4000244140625
2017-07-06 21:00:00,1212.27
2017-07-06 22:00:00,1222.199951171875
2017-07-07 22:00:00,1208.5999755859375
2017-07-09 21:00:00,1214.13
2017-07-10 21:00:00,1217.26
2017-07-10 22:00:00,1212.0999755859375
2017-07-11 21:00:00,1220.33
2017-07-11 22:00:00,1213.5999755859375
2017-07-12 21:00:00,1217.38
2017-07-12 22:00:00,1218.0999755859375
2017-07-13 21:00:00,1228.86
2017-07-13 22:00:00,1216.300048828125
2017-07-14 22:00:00,1226.5999755859375
2017-07-16 21:00:00,1233.93
2017-07-17 21:00:00,1242.35
2017-07-17 22:00:00,1232.800048828125
2017-07-18 21:00:00,1241.12
2017-07-18 22:00:00,1241.0999755859375
2017-07-19 21:00:00,1244.47
2017-07-19 22:00:00,1241.199951171875
2017-07-20 21:00:00,1254.78
2017-07-20 22:00:00,1244.800048828125
2017-07-21 22:00:00,1254.300048828125
2017-07-23 21:00:00,1255.15
2017-07-24 21:00:00,1249.84
2017-07-24 22:00:00,1253.9000244140625
2017-07-25 21:00:00,1260.8
2017-07-25 22:00:00,1251.699951171875
2017-07-26 21:00:00,1258.93
2017-07-26 22:00:00,1249.0
2017-07-27 21:00:00,1268.96
2017-07-27 22:00:00,1259.5999755859375
2017-07-28 22:00:00,1268.4000244140625
2017-07-30 21:00:00,1269.4
2017-07-31 21:00:00,1268.78
2017-07-31 22:00:00,1266.5999755859375
2017-08-01 21:00:00,1266.54
2017-08-01 22:00:00,1272.5999755859375
2017-08-02 21:00:00,1268.5
2017-08-02 22:00:00,1271.800048828125
2017-08-03 21:00:00,1258.87
2017-08-03 22:00:00,1267.800048828125
2017-08-04 22:00:00,1258.300048828125
2017-08-07 22:00:00,1258.199951171875
2017-08-08 22:00:00,1256.4000244140625
2017-08-09 21:00:00,1286.37
2017-08-09 22:00:00,1273.0
2017-08-10 21:00:00,1290.54
2017-08-10 22:00:00,1283.699951171875
2017-08-11 22:00:00,1287.699951171875
2017-08-13 21:00:00,1281.77
2017-08-14 21:00:00,1271.38
2017-08-14 22:00:00,1284.199951171875
2017-08-15 21:00:00,1283.1
2017-08-15 22:00:00,1273.699951171875
2017-08-16 21:00:00,1287.94
2017-08-16 22:00:00,1276.9000244140625
2017-08-17 21:00:00,1284.77
2017-08-17 22:00:00,1286.4000244140625
2017-08-18 22:00:00,1285.699951171875
2017-08-20 21:00:00,1291.93
2017-08-21 21:00:00,1285.01
2017-08-21 22:00:00,1290.800048828125
2017-08-22 21:00:00,1290.7
2017-08-22 22:00:00,1285.0999755859375
2017-08-23 21:00:00,1286.3
2017-08-23 22:00:00,1288.9000244140625
2017-08-24 21:00:00,1291.59
2017-08-24 22:00:00,1286.5
2017-08-25 22:00:00,1292.5
2017-08-27 21:00:00,1309.89
2017-08-28 21:00:00,1309.54
2017-08-28 22:00:00,1309.699951171875
2017-08-29 21:00:00,1308.75
2017-08-29 22:00:00,1313.0999755859375
2017-08-30 21:00:00,1321.37
2017-08-30 22:00:00,1308.0999755859375
2017-08-31 21:00:00,1324.71
2017-08-31 22:00:00,1316.199951171875
2017-09-01 22:00:00,1324.5
2017-09-03 21:00:00,1334.03
2017-09-04 21:00:00,1339.69
2017-09-05 21:00:00,1334.13
2017-09-05 22:00:00,1339.199951171875
2017-09-06 21:00:00,1349.06
2017-09-06 22:00:00,1333.9000244140625
2017-09-07 21:00:00,1346.61
2017-09-07 22:00:00,1345.0999755859375
2017-09-08 22:00:00,1346.0
2017-09-10 21:00:00,1327.57
2017-09-11 21:00:00,1331.93
2017-09-11 22:00:00,1331.0
2017-09-12 21:00:00,1323.16
2017-09-12 22:00:00,1328.0
2017-09-13 21:00:00,1329.47
2017-09-13 22:00:00,1323.4000244140625
2017-09-14 22:00:00,1324.699951171875
2017-09-15 22:00:00,1320.4000244140625
2017-09-17 21:00:00,1307.51
2017-09-18 21:00:00,1311.12
2017-09-18 22:00:00,1306.300048828125
2017-09-19 21:00:00,1301.18
2017-09-19 22:00:00,1306.199951171875
2017-09-20 21:00:00,1291.34
2017-09-20 22:00:00,1312.0
2017-09-21 21:00:00,1296.98
2017-09-21 22:00:00,1290.5999755859375
2017-09-22 22:00:00,1293.300048828125
2017-09-24 21:00:00,1310.6
2017-09-25 21:00:00,1293.72
2017-09-25 22:00:00,1306.800048828125
2017-09-26 21:00:00,1282.8
2017-09-26 22:00:00,1297.0
2017-09-27 21:00:00,1287.41
2017-09-27 22:00:00,1283.4000244140625
2017-09-28 21:00:00,1279.45
2017-09-28 22:00:00,1285.5
2017-09-29 22:00:00,1281.5
2017-10-01 21:00:00,1270.85
2017-10-02 21:00:00,1271.82
2017-10-02 22:00:00,1272.699951171875
2017-10-03 21:00:00,1274.69
2017-10-03 22:00:00,1271.5
2017-10-04 21:00:00,1268.14
2017-10-04 22:00:00,1273.699951171875
2017-10-05 21:00:00,1276.27
2017-10-05 22:00:00,1269.9000244140625
2017-10-06 22:00:00,1271.5999755859375
2017-10-08 21:00:00,1283.97
2017-10-09 21:00:00,1287.75
2017-10-09 22:00:00,1281.800048828125
2017-10-10 21:00:00,1291.8
2017-10-10 22:00:00,1290.5999755859375
2017-10-11 21:00:00,1293.53
2017-10-11 22:00:00,1285.800048828125
2017-10-12 21:00:00,1303.42
2017-10-12 22:00:00,1293.300048828125
2017-10-13 22:00:00,1301.5
2017-10-15 21:00:00,1295.1
2017-10-16 21:00:00,1285.15
2017-10-16 22:00:00,1299.9000244140625
2017-10-17 21:00:00,1280.9
2017-10-17 22:00:00,1283.0
2017-10-18 21:00:00,1289.7
2017-10-18 22:00:00,1279.9000244140625
2017-10-19 21:00:00,1280.23
2017-10-19 22:00:00,1286.9000244140625
2017-10-20 22:00:00,1277.4000244140625
2017-10-22 21:00:00,1282.0
2017-10-23 21:00:00,1276.68
2017-10-23 22:00:00,1277.699951171875
2017-10-24 21:00:00,1277.45
2017-10-24 22:00:00,1275.0
2017-10-25 21:00:00,1267.06
2017-10-25 22:00:00,1275.4000244140625
2017-10-26 21:00:00,1273.54
2017-10-26 22:00:00,1266.300048828125
2017-10-27 22:00:00,1268.5
2017-10-29 21:00:00,1276.31
2017-10-30 21:00:00,1270.81
2017-10-30 22:00:00,1274.0999755859375
2017-10-31 21:00:00,1274.57
2017-10-31 22:00:00,1267.0
2017-11-01 21:00:00,1275.91
2017-11-01 22:00:00,1274.0999755859375
2017-11-02 21:00:00,1270.14
2017-11-02 22:00:00,1274.9000244140625
2017-11-03 22:00:00,1266.5
2017-11-05 22:00:00,1281.85
2017-11-06 22:00:00,1275.19
2017-11-07 22:00:00,1281.4
2017-11-08 22:00:00,1284.99
2017-11-09 22:00:00,1275.72
2017-11-10 22:00:00,1272.4000244140625
2017-11-12 22:00:00,1278.24
2017-11-13 22:00:00,1280.15
2017-11-14 22:00:00,1278.18
2017-11-15 22:00:00,1278.58
2017-11-16 22:00:00,1294.22
2017-11-17 22:00:00,1295.800048828125
2017-11-19 22:00:00,1276.81
2017-11-20 22:00:00,1280.37
2017-11-21 22:00:00,1292.05
2017-11-22 22:00:00,1290.98
2017-11-23 22:00:00,1287.75
2017-11-24 22:00:00,1286.699951171875
2017-11-26 22:00:00,1294.37
2017-11-27 22:00:00,1293.62
2017-11-28 22:00:00,1283.56
2017-11-29 22:00:00,1274.88
2017-11-30 22:00:00,1280.0
2017-12-01 22:00:00,1278.800048828125
2017-12-03 22:00:00,1276.06
2017-12-04 22:00:00,1265.82
2017-12-05 22:00:00,1263.31
2017-12-06 22:00:00,1247.04
2017-12-07 22:00:00,1248.14
2017-12-08 22:00:00,1245.199951171875
2017-12-10 22:00:00,1242.11
2017-12-11 22:00:00,1244.4
2017-12-12 22:00:00,1255.63
2017-12-13 22:00:00,1252.66
2017-12-14 22:00:00,1255.46
2017-12-15 22:00:00,1254.300048828125
2017-12-17 22:00:00,1262.02
2017-12-18 22:00:00,1261.57
2017-12-19 22:00:00,1265.4
2017-12-20 22:00:00,1266.59
2017-12-21 22:00:00,1275.38
2017-12-22 22:00:00,1275.4000244140625
2017-12-25 22:00:00,1282.85
2017-12-26 22:00:00,1287.16
2017-12-27 22:00:00,1294.9
2017-12-28 22:00:00,1302.67
2017-12-29 22:00:00,1306.300048828125
2018-01-01 22:00:00,1317.41
2018-01-02 22:00:00,1313.11
2018-01-03 22:00:00,1322.71
2018-01-04 22:00:00,1320.03
2018-01-05 22:00:00,1320.300048828125
2018-01-07 22:00:00,1320.41
2018-01-08 22:00:00,1312.78
2018-01-09 22:00:00,1316.63
2018-01-10 22:00:00,1322.36
2018-01-11 22:00:00,1338.29
2018-01-12 22:00:00,1333.4000244140625
2018-01-14 22:00:00,1340.73
2018-01-15 22:00:00,1338.4
2018-01-16 22:00:00,1326.11
2018-01-17 22:00:00,1326.81
2018-01-18 22:00:00,1331.56
2018-01-19 22:00:00,1331.9000244140625
2018-01-21 22:00:00,1333.95
2018-01-22 22:00:00,1341.34
2018-01-23 22:00:00,1358.43
2018-01-24 22:00:00,1348.27
2018-01-25 22:00:00,1350.06
2018-01-26 22:00:00,1351.5999755859375
2018-01-28 22:00:00,1340.34
2018-01-29 22:00:00,1338.52
2018-01-30 22:00:00,1345.04
2018-01-31 22:00:00,1348.79
2018-02-01 22:00:00,1332.69
2018-02-02 22:00:00,1333.699951171875
2018-02-04 22:00:00,1339.53
2018-02-05 22:00:00,1324.34
2018-02-06 22:00:00,1318.41
2018-02-07 22:00:00,1318.83
2018-02-08 22:00:00,1315.73
2018-02-09 22:00:00,1313.0999755859375
2018-02-11 22:00:00,1322.52
2018-02-12 22:00:00,1329.36
2018-02-13 22:00:00,1350.42
2018-02-14 22:00:00,1353.23
2018-02-15 22:00:00,1347.51
2018-02-16 22:00:00,1353.199951171875
2018-02-18 22:00:00,1346.62
2018-02-19 22:00:00,1329.44
2018-02-20 22:00:00,1324.46
2018-02-21 22:00:00,1332.03
2018-02-22 22:00:00,1328.94
2018-02-23 22:00:00,1328.199951171875
2018-02-25 22:00:00,1333.27
2018-02-26 22:00:00,1318.46
2018-02-27 22:00:00,1318.07
2018-02-28 22:00:00,1316.96
2018-03-01 22:00:00,1322.19
2018-03-02 22:00:00,1321.0999755859375
2018-03-04 22:00:00,1320.3
2018-03-05 22:00:00,1334.62
2018-03-06 22:00:00,1325.52
2018-03-07 22:00:00,1321.9
2018-03-08 22:00:00,1323.46
2018-03-09 22:00:00,1322.4000244140625
2018-03-11 21:00:00,1323.02
2018-03-12 21:00:00,1326.38
2018-03-12 22:00:00,1319.4000244140625
2018-03-13 21:00:00,1324.93
2018-03-13 22:00:00,1325.9000244140625
2018-03-14 21:00:00,1316.12
2018-03-14 22:00:00,1324.4000244140625
2018-03-15 21:00:00,1313.6
2018-03-15 22:00:00,1316.800048828125
2018-03-16 22:00:00,1311.300048828125
2018-03-18 21:00:00,1316.88
2018-03-19 21:00:00,1311.13
2018-03-19 22:00:00,1316.800048828125
2018-03-20 21:00:00,1332.04
2018-03-20 22:00:00,1311.0999755859375
2018-03-21 21:00:00,1328.92
2018-03-21 22:00:00,1320.699951171875
2018-03-22 21:00:00,1347.47
2018-03-22 22:00:00,1326.5999755859375
2018-03-23 22:00:00,1349.300048828125
2018-03-25 21:00:00,1353.48
2018-03-26 21:00:00,1344.68
2018-03-26 22:00:00,1354.4000244140625
2018-03-27 21:00:00,1324.76
2018-03-27 22:00:00,1341.300048828125
2018-03-28 21:00:00,1325.15
2018-03-28 22:00:00,1324.199951171875
2018-03-29 22:00:00,1322.800048828125
2018-04-01 21:00:00,1341.29
2018-04-02 21:00:00,1332.77
2018-04-02 22:00:00,1342.0999755859375
2018-04-03 21:00:00,1333.22
2018-04-03 22:00:00,1332.800048828125
2018-04-04 21:00:00,1326.56
2018-04-04 22:00:00,1335.800048828125
2018-04-05 21:00:00,1332.81
2018-04-05 22:00:00,1324.300048828125
2018-04-06 22:00:00,1331.9000244140625
2018-04-08 21:00:00,1336.26
2018-04-09 21:00:00,1339.55
2018-04-09 22:00:00,1336.300048828125
2018-04-10 21:00:00,1353.18
2018-04-10 22:00:00,1342.0
2018-04-11 21:00:00,1335.0
2018-04-11 22:00:00,1356.5
2018-04-12 21:00:00,1345.18
2018-04-12 22:00:00,1338.4000244140625
2018-04-13 22:00:00,1344.800048828125
2018-04-15 21:00:00,1345.82
2018-04-16 21:00:00,1347.21
2018-04-16 22:00:00,1347.5
2018-04-17 21:00:00,1349.3
2018-04-17 22:00:00,1347.199951171875
2018-04-18 21:00:00,1345.46
2018-04-18 22:00:00,1351.199951171875
2018-04-19 21:00:00,1335.54
2018-04-19 22:00:00,1346.800048828125
2018-04-20 22:00:00,1336.699951171875
2018-04-22 21:00:00,1324.73
2018-04-23 21:00:00,1330.4
2018-04-23 22:00:00,1322.5
2018-04-24 21:00:00,1323.3
2018-04-24 22:00:00,1331.4000244140625
2018-04-25 21:00:00,1316.92
2018-04-25 22:00:00,1321.199951171875
2018-04-26 21:00:00,1323.03
2018-04-26 22:00:00,1316.300048828125
2018-04-27 22:00:00,1320.300048828125
2018-04-29 21:00:00,1315.28
2018-04-30 21:00:00,1303.97
2018-04-30 22:00:00,1316.199951171875
2018-05-01 21:00:00,1304.75
2018-05-01 22:00:00,1303.800048828125
2018-05-02 21:00:00,1312.16
2018-05-02 22:00:00,1302.5999755859375
2018-05-03 21:00:00,1314.67
2018-05-03 22:00:00,1310.699951171875
2018-05-04 22:00:00,1312.699951171875
2018-05-06 21:00:00,1314.15
2018-05-07 21:00:00,1314.36
2018-05-07 22:00:00,1312.199951171875
2018-05-08 21:00:00,1312.7
2018-05-08 22:00:00,1312.0
2018-05-09 21:00:00,1321.29
2018-05-09 22:00:00,1311.300048828125
2018-05-10 21:00:00,1318.08
2018-05-10 22:00:00,1320.800048828125
2018-05-11 22:00:00,1319.0
2018-05-13 21:00:00,1313.36
2018-05-14 21:00:00,1290.57
2018-05-14 22:00:00,1316.5
2018-05-15 21:00:00,1290.74
2018-05-15 22:00:00,1288.9000244140625
2018-05-16 21:00:00,1290.85
2018-05-16 22:00:00,1290.199951171875
2018-05-17 21:00:00,1292.64
2018-05-17 22:00:00,1288.199951171875
2018-05-18 22:00:00,1290.199951171875
2018-05-20 21:00:00,1292.66
2018-05-21 21:00:00,1291.27
2018-05-21 22:00:00,1290.199951171875
2018-05-22 21:00:00,1293.4
2018-05-22 22:00:00,1291.699951171875
2018-05-23 21:00:00,1304.76
2018-05-23 22:00:00,1289.300048828125
2018-05-24 21:00:00,1300.8
2018-05-24 22:00:00,1303.699951171875
2018-05-25 22:00:00,1303.300048828125
2018-05-27 21:00:00,1297.67
2018-05-28 21:00:00,1298.71
2018-05-29 21:00:00,1301.29
2018-05-29 22:00:00,1298.699951171875
2018-05-30 21:00:00,1298.23
2018-05-30 22:00:00,1301.5
2018-05-31 21:00:00,1293.43
2018-05-31 22:00:00,1300.0999755859375
2018-06-01 22:00:00,1294.800048828125
2018-06-03 21:00:00,1291.86
2018-06-04 21:00:00,1296.41
2018-06-04 22:00:00,1293.0999755859375
2018-06-05 21:00:00,1296.51
2018-06-05 22:00:00,1297.5
2018-06-06 21:00:00,1297.1
2018-06-06 22:00:00,1297.0999755859375
2018-06-07 21:00:00,1298.69
2018-06-07 22:00:00,1298.699951171875
2018-06-08 22:00:00,1298.0999755859375
2018-06-10 21:00:00,1300.26
2018-06-11 21:00:00,1295.78
2018-06-11 22:00:00,1298.9000244140625
2018-06-12 21:00:00,1299.5
2018-06-12 22:00:00,1295.0999755859375
2018-06-13 21:00:00,1302.09
2018-06-13 22:00:00,1296.9000244140625
2018-06-14 21:00:00,1280.18
2018-06-14 22:00:00,1304.0
2018-06-15 22:00:00,1274.5999755859375
2018-06-17 21:00:00,1278.34
2018-06-18 21:00:00,1274.44
2018-06-18 22:00:00,1276.199951171875
2018-06-19 21:00:00,1267.94
2018-06-19 22:00:00,1275.5999755859375
2018-06-20 21:00:00,1266.94
2018-06-20 22:00:00,1271.199951171875
2018-06-21 21:00:00,1269.3
2018-06-21 22:00:00,1267.199951171875
2018-06-22 22:00:00,1267.4000244140625
2018-06-24 21:00:00,1265.45
2018-06-25 21:00:00,1258.81
2018-06-25 22:00:00,1265.5999755859375
2018-06-26 21:00:00,1252.01
2018-06-26 22:00:00,1256.5999755859375
2018-06-27 21:00:00,1248.17
2018-06-27 22:00:00,1252.800048828125
2018-06-28 21:00:00,1252.9
2018-06-28 22:00:00,1247.800048828125
2018-06-29 22:00:00,1251.300048828125
2018-07-01 21:00:00,1241.88
2018-07-02 21:00:00,1252.69
2018-07-02 22:00:00,1239.800048828125
2018-07-03 21:00:00,1252.34
2018-07-03 22:00:00,1251.5999755859375
2018-07-04 21:00:00,1257.64
2018-07-05 21:00:00,1254.71
2018-07-05 22:00:00,1257.300048828125
2018-07-06 22:00:00,1254.300048828125
2018-07-08 21:00:00,1257.63
2018-07-09 21:00:00,1255.48
2018-07-09 22:00:00,1258.0999755859375
2018-07-10 21:00:00,1242.07
2018-07-10 22:00:00,1253.800048828125
2018-07-11 21:00:00,1247.04
2018-07-11 22:00:00,1242.800048828125
2018-07-12 21:00:00,1241.23
2018-07-12 22:00:00,1245.0
2018-07-13 22:00:00,1239.5999755859375
2018-07-15 21:00:00,1240.89
2018-07-16 21:00:00,1227.6
2018-07-16 22:00:00,1238.0999755859375
2018-07-17 21:00:00,1227.48
2018-07-17 22:00:00,1225.699951171875
2018-07-18 21:00:00,1222.72
2018-07-18 22:00:00,1226.300048828125
2018-07-19 21:00:00,1231.61
2018-07-19 22:00:00,1222.4000244140625
2018-07-20 22:00:00,1229.5
2018-07-22 21:00:00,1224.49
2018-07-23 21:00:00,1224.4
2018-07-23 22:00:00,1224.0
2018-07-24 21:00:00,1231.45
2018-07-24 22:00:00,1223.9000244140625
2018-07-25 21:00:00,1222.56
2018-07-25 22:00:00,1231.4000244140625
2018-07-26 21:00:00,1223.01
2018-07-26 22:00:00,1225.300048828125
2018-07-27 22:00:00,1222.5999755859375
2018-07-29 21:00:00,1221.44
2018-07-30 21:00:00,1223.7
2018-07-30 22:00:00,1221.300048828125
2018-07-31 21:00:00,1215.94
2018-07-31 22:00:00,1223.699951171875
2018-08-01 21:00:00,1207.75
2018-08-01 22:00:00,1217.9000244140625
2018-08-02 21:00:00,1213.29
2018-08-02 22:00:00,1210.5999755859375
2018-08-03 22:00:00,1214.199951171875
2018-08-05 21:00:00,1207.34
2018-08-06 21:00:00,1210.94
2018-08-06 22:00:00,1208.5999755859375
2018-08-07 21:00:00,1213.65
2018-08-07 22:00:00,1209.5999755859375
2018-08-08 21:00:00,1212.3
2018-08-08 22:00:00,1212.5999755859375
2018-08-09 21:00:00,1211.52
2018-08-09 22:00:00,1211.9000244140625
2018-08-10 22:00:00,1211.0999755859375
2018-08-12 21:00:00,1193.53
2018-08-13 21:00:00,1193.93
2018-08-13 22:00:00,1191.300048828125
2018-08-14 21:00:00,1174.67
2018-08-14 22:00:00,1193.0
2018-08-15 21:00:00,1174.04
2018-08-15 22:00:00,1177.5
2018-08-16 21:00:00,1184.4
2018-08-16 22:00:00,1176.199951171875
2018-08-17 22:00:00,1176.5
2018-08-19 21:00:00,1190.48
2018-08-20 21:00:00,1196.06
2018-08-20 22:00:00,1186.800048828125
2018-08-21 21:00:00,1195.44
2018-08-21 22:00:00,1192.5999755859375
2018-08-22 21:00:00,1185.19
2018-08-22 22:00:00,1196.300048828125
2018-08-23 21:00:00,1206.0
2018-08-23 22:00:00,1187.0
2018-08-24 22:00:00,1206.300048828125
2018-08-26 21:00:00,1211.26
2018-08-27 21:00:00,1201.03
2018-08-27 22:00:00,1209.0
2018-08-28 21:00:00,1206.53
2018-08-28 22:00:00,1207.4000244140625
2018-08-29 21:00:00,1199.81
2018-08-29 22:00:00,1204.5
2018-08-30 21:00:00,1200.96
2018-08-30 22:00:00,1197.699951171875
2018-08-31 22:00:00,1200.300048828125
2018-09-02 21:00:00,1200.98
2018-09-03 21:00:00,1191.4
2018-09-04 21:00:00,1196.7
2018-09-04 22:00:00,1192.699951171875
2018-09-05 21:00:00,1200.06
2018-09-05 22:00:00,1194.9000244140625
2018-09-06 21:00:00,1195.95
2018-09-06 22:00:00,1197.9000244140625
2018-09-07 22:00:00,1193.5999755859375
2018-09-09 21:00:00,1195.81
2018-09-10 21:00:00,1198.62
2018-09-10 22:00:00,1193.0
2018-09-11 21:00:00,1206.13
2018-09-11 22:00:00,1195.4000244140625
2018-09-12 21:00:00,1201.39
2018-09-12 22:00:00,1204.699951171875
2018-09-13 21:00:00,1193.62
2018-09-13 22:00:00,1202.0
2018-09-14 22:00:00,1195.0
2018-09-16 21:00:00,1201.33
2018-09-17 21:00:00,1198.25
2018-09-17 22:00:00,1199.699951171875
2018-09-18 21:00:00,1203.91
2018-09-18 22:00:00,1196.800048828125
2018-09-19 21:00:00,1207.08
2018-09-19 22:00:00,1202.199951171875
2018-09-20 21:00:00,1199.23
2018-09-20 22:00:00,1206.199951171875
2018-09-21 22:00:00,1196.199951171875
2018-09-23 21:00:00,1198.79
2018-09-24 21:00:00,1201.13
2018-09-24 22:00:00,1199.300048828125
2018-09-25 21:00:00,1194.35
2018-09-25 22:00:00,1200.0
2018-09-26 21:00:00,1182.74
2018-09-26 22:00:00,1194.0
2018-09-27 21:00:00,1191.63
2018-09-27 22:00:00,1182.300048828125
2018-09-28 22:00:00,1191.5
2018-09-30 21:00:00,1188.74
2018-10-01 21:00:00,1202.94
2018-10-01 22:00:00,1187.0999755859375
2018-10-02 21:00:00,1197.29
2018-10-02 22:00:00,1202.4000244140625
2018-10-03 21:00:00,1199.79
2018-10-03 22:00:00,1198.300048828125
2018-10-04 21:00:00,1202.91
2018-10-04 22:00:00,1197.199951171875
2018-10-05 22:00:00,1201.199951171875
2018-10-07 21:00:00,1187.93
2018-10-08 21:00:00,1189.71
2018-10-08 22:00:00,1184.4000244140625
2018-10-09 21:00:00,1194.68
2018-10-09 22:00:00,1187.199951171875
2018-10-10 21:00:00,1224.19
2018-10-10 22:00:00,1189.300048828125
2018-10-11 21:00:00,1217.85
2018-10-11 22:00:00,1223.5
2018-10-12 22:00:00,1218.0999755859375
2018-10-14 21:00:00,1226.84
2018-10-15 21:00:00,1224.72
2018-10-15 22:00:00,1226.4000244140625
2018-10-16 21:00:00,1222.21
2018-10-16 22:00:00,1227.300048828125
2018-10-17 21:00:00,1225.76
2018-10-17 22:00:00,1223.699951171875
2018-10-18 21:00:00,1226.54
2018-10-18 22:00:00,1226.5
2018-10-19 22:00:00,1225.300048828125
2018-10-21 21:00:00,1222.0
2018-10-22 21:00:00,1230.11
2018-10-22 22:00:00,1221.199951171875
2018-10-23 21:00:00,1234.05
2018-10-23 22:00:00,1233.4000244140625
2018-10-24 21:00:00,1232.11
2018-10-24 22:00:00,1227.800048828125
2018-10-25 21:00:00,1233.68
2018-10-25 22:00:00,1229.0999755859375
2018-10-26 22:00:00,1232.5
2018-10-28 21:00:00,1229.33
2018-10-29 21:00:00,1223.02
2018-10-29 22:00:00,1224.5
2018-10-30 21:00:00,1214.62
2018-10-30 22:00:00,1222.5999755859375
2018-10-31 21:00:00,1233.13
2018-10-31 22:00:00,1212.300048828125
2018-11-01 21:00:00,1232.97
2018-11-01 22:00:00,1236.0
2018-11-02 22:00:00,1230.9000244140625
2018-11-04 22:00:00,1231.6
2018-11-05 22:00:00,1226.92
2018-11-06 22:00:00,1226.57
2018-11-07 22:00:00,1223.49
2018-11-08 22:00:00,1209.44
2018-11-09 22:00:00,1206.4000244140625
2018-11-11 22:00:00,1200.43
2018-11-12 22:00:00,1202.12
2018-11-13 22:00:00,1210.77
2018-11-14 22:00:00,1213.26
2018-11-15 22:00:00,1221.41
2018-11-16 22:00:00,1220.800048828125
2018-11-18 22:00:00,1224.02
2018-11-19 22:00:00,1221.56
2018-11-20 22:00:00,1225.94
2018-11-21 22:00:00,1226.75
2018-11-22 22:00:00,1222.96
2018-11-23 22:00:00,1221.0
2018-11-25 22:00:00,1222.24
2018-11-26 22:00:00,1215.02
2018-11-27 22:00:00,1220.86
2018-11-28 22:00:00,1224.3
2018-11-29 22:00:00,1222.1
2018-11-30 22:00:00,1220.199951171875
2018-12-02 22:00:00,1230.7
2018-12-03 22:00:00,1238.44
2018-12-04 22:00:00,1237.08
2018-12-05 22:00:00,1237.79
2018-12-06 22:00:00,1248.61
2018-12-07 22:00:00,1246.800048828125
2018-12-09 22:00:00,1244.37
2018-12-10 22:00:00,1243.02
2018-12-11 22:00:00,1245.57
2018-12-12 22:00:00,1241.96
2018-12-13 22:00:00,1238.14
2018-12-14 22:00:00,1237.0
2018-12-16 22:00:00,1245.86
2018-12-17 22:00:00,1249.43
2018-12-18 22:00:00,1242.96
2018-12-19 22:00:00,1259.7
2018-12-20 22:00:00,1255.53
2018-12-21 22:00:00,1253.800048828125
2018-12-23 22:00:00,1268.76
2018-12-24 22:00:00,1267.5
2018-12-25 22:00:00,1266.9
2018-12-26 22:00:00,1275.61
2018-12-27 22:00:00,1280.66
2018-12-28 22:00:00,1279.9000244140625
2018-12-30 22:00:00,1282.44
2018-12-31 22:00:00,1278.300048828125
2019-01-01 22:00:00,1284.48
2019-01-02 22:00:00,1294.16
2019-01-03 22:00:00,1284.69
2019-01-04 22:00:00,1282.699951171875
2019-01-06 22:00:00,1289.16
2019-01-07 22:00:00,1285.25
2019-01-08 22:00:00,1293.23
2019-01-09 22:00:00,1286.47
2019-01-10 22:00:00,1287.5
2019-01-11 22:00:00,1287.0999755859375
2019-01-13 22:00:00,1291.53
2019-01-14 22:00:00,1289.34
2019-01-15 22:00:00,1293.49
2019-01-16 22:00:00,1291.95
2019-01-17 22:00:00,1281.35
2019-01-18 22:00:00,1281.300048828125
2019-01-20 22:00:00,1280.19
2019-01-21 22:00:00,1285.03
2019-01-22 22:00:00,1282.68
2019-01-23 22:00:00,1281.09
2019-01-24 22:00:00,1302.91
2019-01-25 22:00:00,1297.4000244140625
2019-01-27 22:00:00,1303.18
2019-01-28 22:00:00,1311.46
2019-01-29 22:00:00,1319.66
2019-01-30 22:00:00,1321.36
2019-01-31 22:00:00,1317.86
2019-02-01 22:00:00,1316.9000244140625
2019-02-03 22:00:00,1312.09
2019-02-04 22:00:00,1315.24
2019-02-05 22:00:00,1306.5
2019-02-06 22:00:00,1310.09
2019-02-07 22:00:00,1314.15
2019-02-08 22:00:00,1313.699951171875
2019-02-10 22:00:00,1308.13
2019-02-11 22:00:00,1310.75
2019-02-12 22:00:00,1306.15
2019-02-13 22:00:00,1312.41
2019-02-14 22:00:00,1321.58
2019-02-15 22:00:00,1318.0999755859375
2019-02-17 22:00:00,1326.47
2019-02-18 22:00:00,1341.04
2019-02-19 22:00:00,1338.48
2019-02-20 22:00:00,1323.26
2019-02-21 22:00:00,1327.78
2019-02-22 22:00:00,1329.199951171875
2019-02-24 22:00:00,1327.41
2019-02-25 22:00:00,1328.93
2019-02-26 22:00:00,1319.74
2019-02-27 22:00:00,1313.13
2019-02-28 22:00:00,1293.57
2019-03-01 22:00:00,1296.4000244140625
2019-03-03 22:00:00,1286.62
2019-03-04 22:00:00,1287.8
2019-03-05 22:00:00,1286.38
2019-03-06 22:00:00,1285.53
2019-03-07 22:00:00,1298.38
2019-03-08 22:00:00,1297.0
2019-03-10 21:00:00,1293.37
2019-03-11 21:00:00,1301.4
2019-03-11 22:00:00,1288.800048828125
2019-03-12 21:00:00,1309.05
2019-03-12 22:00:00,1296.300048828125
2019-03-13 21:00:00,1296.13
2019-03-13 22:00:00,1307.5
2019-03-14 21:00:00,1302.13
2019-03-14 22:00:00,1293.4000244140625
2019-03-15 22:00:00,1301.800048828125
2019-03-17 21:00:00,1303.59
2019-03-18 21:00:00,1306.45
2019-03-18 22:00:00,1300.300048828125
2019-03-19 21:00:00,1312.51
2019-03-19 22:00:00,1305.0
2019-03-20 21:00:00,1309.39
2019-03-20 22:00:00,1300.5
2019-03-21 21:00:00,1313.2
2019-03-21 22:00:00,1306.0999755859375
2019-03-22 22:00:00,1311.5999755859375
2019-03-24 21:00:00,1321.82
2019-03-25 21:00:00,1315.58
2019-03-25 22:00:00,1321.9000244140625
2019-03-26 21:00:00,1309.43
2019-03-26 22:00:00,1314.300048828125
2019-03-27 21:00:00,1290.27
2019-03-27 22:00:00,1309.9000244140625
2019-03-28 21:00:00,1292.26
2019-03-28 22:00:00,1289.800048828125
2019-03-29 22:00:00,1293.0
2019-03-31 21:00:00,1287.62
2019-04-01 21:00:00,1292.4
2019-04-01 22:00:00,1288.4000244140625
2019-04-02 21:00:00,1289.82
2019-04-02 22:00:00,1290.0
2019-04-03 21:00:00,1292.13
2019-04-03 22:00:00,1289.9000244140625
2019-04-04 21:00:00,1291.61
2019-04-04 22:00:00,1289.0
2019-04-05 22:00:00,1290.4000244140625
2019-04-07 21:00:00,1297.39
2019-04-08 21:00:00,1304.04
2019-04-08 22:00:00,1297.0999755859375
2019-04-09 21:00:00,1308.02
2019-04-09 22:00:00,1303.5
2019-04-10 21:00:00,1292.58
2019-04-10 22:00:00,1309.0999755859375
2019-04-11 21:00:00,1290.62
2019-04-11 22:00:00,1288.5999755859375
2019-04-12 22:00:00,1290.5999755859375
2019-04-14 21:00:00,1287.87
2019-04-15 21:00:00,1276.78
2019-04-15 22:00:00,1286.800048828125
2019-04-16 21:00:00,1273.97
2019-04-16 22:00:00,1272.5999755859375
2019-04-17 21:00:00,1275.61
2019-04-17 22:00:00,1272.199951171875
2019-04-18 22:00:00,1271.9000244140625
2019-04-21 21:00:00,1274.84
2019-04-22 21:00:00,1272.27
2019-04-22 22:00:00,1273.5
2019-04-23 21:00:00,1275.58
2019-04-23 22:00:00,1269.300048828125
2019-04-24 21:00:00,1277.16
2019-04-24 22:00:00,1275.5
2019-04-25 21:00:00,1286.08
2019-04-25 22:00:00,1275.800048828125
2019-04-26 22:00:00,1284.9000244140625
2019-04-28 21:00:00,1279.77
2019-04-29 21:00:00,1283.43
2019-04-29 22:00:00,1278.5999755859375
2019-04-30 21:00:00,1276.61
2019-04-30 22:00:00,1282.800048828125
2019-05-01 21:00:00,1270.53
2019-05-01 22:00:00,1281.4000244140625
2019-05-02 21:00:00,1279.14
2019-05-02 22:00:00,1269.699951171875
2019-05-03 22:00:00,1279.199951171875
2019-05-05 21:00:00,1280.37
2019-05-06 21:00:00,1284.35
2019-05-06 22:00:00,1281.699951171875
2019-05-07 21:00:00,1280.78
2019-05-07 22:00:00,1283.5
2019-05-08 21:00:00,1283.88
2019-05-08 22:00:00,1279.4000244140625
2019-05-09 21:00:00,1285.75
2019-05-09 22:00:00,1283.5
2019-05-10 22:00:00,1285.699951171875
2019-05-12 21:00:00,1299.76
2019-05-13 21:00:00,1296.89
2019-05-13 22:00:00,1300.0999755859375
2019-05-14 21:00:00,1296.46
2019-05-14 22:00:00,1294.699951171875
2019-05-15 21:00:00,1286.59
2019-05-15 22:00:00,1296.300048828125
2019-05-16 21:00:00,1277.58
2019-05-16 22:00:00,1285.0
2019-05-17 22:00:00,1274.5
2019-05-19 21:00:00,1277.72
2019-05-20 21:00:00,1274.71
2019-05-20 22:00:00,1276.0999755859375
2019-05-21 21:00:00,1273.32
2019-05-21 22:00:00,1272.0
2019-05-22 21:00:00,1283.39
2019-05-22 22:00:00,1273.5999755859375
2019-05-23 21:00:00,1284.87
2019-05-23 22:00:00,1284.800048828125
2019-05-24 22:00:00,1283.0
2019-05-26 21:00:00,1284.96
2019-05-27 21:00:00,1279.36
2019-05-28 21:00:00,1279.83
2019-05-28 22:00:00,1276.5
2019-05-29 21:00:00,1288.4
2019-05-29 22:00:00,1280.5999755859375
2019-05-30 21:00:00,1305.26
2019-05-30 22:00:00,1287.0999755859375
2019-05-31 22:00:00,1305.800048828125
2019-06-02 21:00:00,1324.73
2019-06-03 21:00:00,1325.28
2019-06-03 22:00:00,1322.699951171875
2019-06-04 21:00:00,1330.24
2019-06-04 22:00:00,1323.4000244140625
2019-06-05 21:00:00,1335.46
2019-06-05 22:00:00,1328.300048828125
2019-06-06 21:00:00,1340.34
2019-06-06 22:00:00,1337.5999755859375
2019-06-07 22:00:00,1341.199951171875
2019-06-09 21:00:00,1327.97
2019-06-10 21:00:00,1326.79
2019-06-10 22:00:00,1324.699951171875
2019-06-11 21:00:00,1333.48
2019-06-11 22:00:00,1326.4000244140625
2019-06-12 21:00:00,1341.96
2019-06-12 22:00:00,1331.9000244140625
2019-06-13 21:00:00,1341.11
2019-06-13 22:00:00,1339.199951171875
2019-06-14 22:00:00,1340.0999755859375
2019-06-16 21:00:00,1339.65
2019-06-17 21:00:00,1346.6
2019-06-17 22:00:00,1338.699951171875
2019-06-18 21:00:00,1360.34
2019-06-18 22:00:00,1346.5999755859375
2019-06-19 21:00:00,1388.32
2019-06-19 22:00:00,1344.5999755859375
2019-06-20 21:00:00,1398.89
2019-06-20 22:00:00,1392.9000244140625
2019-06-21 22:00:00,1396.199951171875
2019-06-23 21:00:00,1419.43
2019-06-24 21:00:00,1423.24
2019-06-24 22:00:00,1414.300048828125
2019-06-25 21:00:00,1409.02
2019-06-25 22:00:00,1414.9000244140625
2019-06-26 21:00:00,1409.86
2019-06-26 22:00:00,1411.5999755859375
2019-06-27 21:00:00,1410.05
2019-06-27 22:00:00,1408.4000244140625
2019-06-28 22:00:00,1409.699951171875
2019-06-30 21:00:00,1384.25
2019-07-01 21:00:00,1418.03
2019-07-01 22:00:00,1385.5999755859375
2019-07-02 21:00:00,1418.66
2019-07-02 22:00:00,1404.5999755859375
2019-07-03 21:00:00,1415.36
2019-07-03 22:00:00,1417.699951171875
2019-07-04 21:00:00,1398.39
2019-07-05 22:00:00,1396.699951171875
2019-07-07 21:00:00,1395.29
2019-07-08 21:00:00,1397.57
2019-07-08 22:00:00,1397.0
2019-07-09 21:00:00,1418.69
2019-07-09 22:00:00,1397.5
2019-07-10 21:00:00,1403.74
2019-07-10 22:00:00,1410.0999755859375
2019-07-11 21:00:00,1415.07
2019-07-11 22:00:00,1404.300048828125
2019-07-12 22:00:00,1409.9000244140625
2019-07-14 21:00:00,1413.85
2019-07-15 21:00:00,1405.79
2019-07-15 22:00:00,1411.4000244140625
2019-07-16 21:00:00,1426.16
2019-07-16 22:00:00,1409.199951171875
2019-07-17 21:00:00,1446.11
2019-07-17 22:00:00,1421.300048828125
2019-07-18 21:00:00,1424.97
2019-07-18 22:00:00,1426.0999755859375
2019-07-19 22:00:00,1425.0999755859375
2019-07-21 21:00:00,1424.65
2019-07-22 21:00:00,1417.49
2019-07-22 22:00:00,1425.300048828125
2019-07-23 21:00:00,1425.53
2019-07-23 22:00:00,1420.0999755859375
2019-07-24 21:00:00,1414.17
2019-07-24 22:00:00,1422.800048828125
2019-07-25 21:00:00,1418.59
2019-07-25 22:00:00,1413.9000244140625
2019-07-26 22:00:00,1418.5
2019-07-28 21:00:00,1426.71
2019-07-29 21:00:00,1430.75
2019-07-29 22:00:00,1419.5999755859375
2019-07-30 21:00:00,1412.62
2019-07-30 22:00:00,1429.699951171875
2019-07-31 21:00:00,1444.56
2019-07-31 22:00:00,1426.0999755859375
2019-08-01 21:00:00,1440.54
2019-08-01 22:00:00,1420.9000244140625
2019-08-02 22:00:00,1445.5999755859375
2019-08-04 21:00:00,1463.76
2019-08-05 21:00:00,1474.4
2019-08-05 22:00:00,1464.5999755859375
2019-08-06 21:00:00,1501.08
2019-08-06 22:00:00,1472.4000244140625
2019-08-07 21:00:00,1501.04
2019-08-07 22:00:00,1507.300048828125
2019-08-08 21:00:00,1497.07
2019-08-08 22:00:00,1497.699951171875
2019-08-09 22:00:00,1496.5999755859375
2019-08-11 21:00:00,1510.92
2019-08-12 21:00:00,1501.16
2019-08-12 22:00:00,1505.300048828125
2019-08-13 21:00:00,1516.34
2019-08-13 22:00:00,1502.199951171875
2019-08-14 21:00:00,1523.13
2019-08-14 22:00:00,1515.9000244140625
2019-08-15 21:00:00,1512.54
2019-08-15 22:00:00,1519.5999755859375
2019-08-16 22:00:00,1512.5
2019-08-18 21:00:00,1495.95
2019-08-19 21:00:00,1507.31
2019-08-19 22:00:00,1500.4000244140625
2019-08-20 21:00:00,1502.52
2019-08-20 22:00:00,1504.5999755859375
2019-08-21 21:00:00,1498.05
2019-08-21 22:00:00,1504.5999755859375
2019-08-22 21:00:00,1526.45
2019-08-22 22:00:00,1497.300048828125
2019-08-23 22:00:00,1526.5999755859375
2019-08-25 21:00:00,1527.32
2019-08-26 21:00:00,1542.54
2019-08-26 22:00:00,1526.300048828125
2019-08-27 21:00:00,1539.2
2019-08-27 22:00:00,1541.0
2019-08-28 21:00:00,1527.43
2019-08-28 22:00:00,1537.800048828125
2019-08-29 21:00:00,1520.71
2019-08-29 22:00:00,1526.5
2019-08-30 22:00:00,1519.0999755859375
2019-09-01 21:00:00,1529.05
2019-09-02 21:00:00,1547.58
2019-09-03 21:00:00,1552.47
2019-09-03 22:00:00,1545.9000244140625
2019-09-04 21:00:00,1519.0
2019-09-04 22:00:00,1550.300048828125
2019-09-05 21:00:00,1506.53
2019-09-05 22:00:00,1515.4000244140625
2019-09-06 22:00:00,1506.199951171875
2019-09-08 21:00:00,1498.92
2019-09-09 21:00:00,1485.26
2019-09-09 22:00:00,1502.199951171875
2019-09-10 21:00:00,1496.76
2019-09-10 22:00:00,1490.300048828125
2019-09-11 21:00:00,1498.9
2019-09-11 22:00:00,1494.4000244140625
2019-09-12 21:00:00,1488.56
2019-09-12 22:00:00,1498.699951171875
2019-09-13 22:00:00,1490.9000244140625
2019-09-15 21:00:00,1498.17
2019-09-16 21:00:00,1501.3
2019-09-16 22:00:00,1503.0999755859375
2019-09-17 21:00:00,1493.98
2019-09-17 22:00:00,1505.0999755859375
2019-09-18 21:00:00,1498.8
2019-09-18 22:00:00,1507.5
2019-09-19 21:00:00,1516.56
2019-09-19 22:00:00,1498.4000244140625
2019-09-20 22:00:00,1507.300048828125
2019-09-22 21:00:00,1522.05
2019-09-23 21:00:00,1532.15
2019-09-23 22:00:00,1523.699951171875
2019-09-24 21:00:00,1503.55
2019-09-24 22:00:00,1532.0999755859375
2019-09-25 21:00:00,1504.47
2019-09-25 22:00:00,1504.5999755859375
2019-09-26 21:00:00,1496.68
2019-09-26 22:00:00,1507.5
2019-09-27 22:00:00,1499.0999755859375
2019-09-29 21:00:00,1472.48
2019-09-30 21:00:00,1479.04
2019-09-30 22:00:00,1465.699951171875
2019-10-01 21:00:00,1499.82
2019-10-01 22:00:00,1482.0
2019-10-02 21:00:00,1504.93
2019-10-02 22:00:00,1501.0
2019-10-03 21:00:00,1504.63
2019-10-03 22:00:00,1507.0999755859375
2019-10-04 22:00:00,1506.199951171875
2019-10-06 21:00:00,1493.19
2019-10-07 21:00:00,1505.53
2019-10-07 22:00:00,1497.699951171875
2019-10-08 21:00:00,1505.59
2019-10-08 22:00:00,1497.199951171875
2019-10-09 21:00:00,1493.49
2019-10-09 22:00:00,1506.0999755859375
2019-10-10 21:00:00,1488.13
2019-10-10 22:00:00,1494.800048828125
2019-10-11 22:00:00,1482.699951171875
2019-10-13 21:00:00,1493.1
2019-10-14 21:00:00,1481.01
2019-10-14 22:00:00,1491.699951171875
2019-10-15 21:00:00,1489.92
2019-10-15 22:00:00,1477.5999755859375
2019-10-16 21:00:00,1491.82
2019-10-16 22:00:00,1488.0
2019-10-17 21:00:00,1490.16
2019-10-17 22:00:00,1492.300048828125
2019-10-18 22:00:00,1488.199951171875
2019-10-20 21:00:00,1484.37
2019-10-21 21:00:00,1487.55
2019-10-21 22:00:00,1482.4000244140625
2019-10-22 21:00:00,1491.91
2019-10-22 22:00:00,1481.699951171875
2019-10-23 21:00:00,1503.65
2019-10-23 22:00:00,1489.9000244140625
2019-10-24 21:00:00,1504.32
2019-10-24 22:00:00,1498.9000244140625
2019-10-25 22:00:00,1499.5
2019-10-27 21:00:00,1492.43
2019-10-28 21:00:00,1487.7
2019-10-28 22:00:00,1490.0
2019-10-29 21:00:00,1495.66
2019-10-29 22:00:00,1487.0
2019-10-30 21:00:00,1512.57
2019-10-30 22:00:00,1493.199951171875
2019-10-31 21:00:00,1514.02
2019-10-31 22:00:00,1511.4000244140625
2019-11-01 22:00:00,1508.0
2019-11-03 22:00:00,1509.51
2019-11-04 22:00:00,1483.46
2019-11-05 22:00:00,1490.44
2019-11-06 22:00:00,1468.47
2019-11-07 22:00:00,1458.82
2019-11-08 22:00:00,1461.300048828125
2019-11-10 22:00:00,1455.85
2019-11-11 22:00:00,1456.17
2019-11-12 22:00:00,1463.36
2019-11-13 22:00:00,1471.21
2019-11-14 22:00:00,1467.41
2019-11-15 22:00:00,1467.300048828125
2019-11-17 22:00:00,1471.22
2019-11-18 22:00:00,1472.44
2019-11-19 22:00:00,1471.49
2019-11-20 22:00:00,1464.35
2019-11-21 22:00:00,1462.05
2019-11-22 22:00:00,1463.0999755859375
2019-11-24 22:00:00,1455.08
2019-11-25 22:00:00,1461.37
2019-11-26 22:00:00,1454.46
2019-11-27 22:00:00,1455.86
2019-11-28 22:00:00,1463.92
2019-11-29 22:00:00,1465.5999755859375
2019-12-01 22:00:00,1462.33
2019-12-02 22:00:00,1477.25
2019-12-03 22:00:00,1474.49
2019-12-04 22:00:00,1475.84
2019-12-05 22:00:00,1459.71
2019-12-06 22:00:00,1459.0999755859375
2019-12-08 22:00:00,1461.5
2019-12-09 22:00:00,1464.21
2019-12-10 22:00:00,1474.79
2019-12-11 22:00:00,1469.77
2019-12-12 22:00:00,1475.62
2019-12-13 22:00:00,1475.5999755859375
2019-12-15 22:00:00,1476.15
2019-12-16 22:00:00,1476.1
2019-12-17 22:00:00,1475.43
2019-12-18 22:00:00,1478.85
2019-12-19 22:00:00,1478.0
2019-12-20 22:00:00,1474.699951171875
2019-12-22 22:00:00,1485.38
2019-12-23 22:00:00,1499.06
2019-12-24 22:00:00,1499.0999755859375
2019-12-25 22:00:00,1510.99
2019-12-26 22:00:00,1510.79
2019-12-27 22:00:00,1513.800048828125
2019-12-29 22:00:00,1515.03
2019-12-30 22:00:00,1516.91
2019-12-31 22:00:00,1519.5
2020-01-01 22:00:00,1529.06
2020-01-02 22:00:00,1551.42
2020-01-03 22:00:00,1549.199951171875
2020-01-05 22:00:00,1565.63
2020-01-06 22:00:00,1574.01
2020-01-07 22:00:00,1556.27
2020-01-08 22:00:00,1552.29
2020-01-09 22:00:00,1561.9
2020-01-10 22:00:00,1557.5
2020-01-12 22:00:00,1547.82
2020-01-13 22:00:00,1546.33
2020-01-14 22:00:00,1556.15
2020-01-15 22:00:00,1552.41
2020-01-16 22:00:00,1556.96
2020-01-17 22:00:00,1558.800048828125
2020-01-19 22:00:00,1560.62
2020-01-20 22:00:00,1558.1
2020-01-21 22:00:00,1558.97
2020-01-22 22:00:00,1562.68
2020-01-23 22:00:00,1570.93
2020-01-24 22:00:00,1571.0999755859375
2020-01-26 22:00:00,1581.82
2020-01-27 22:00:00,1567.4
2020-01-28 22:00:00,1576.78
2020-01-29 22:00:00,1574.16
2020-01-30 22:00:00,1588.95
2020-01-31 22:00:00,1582.9000244140625
2020-02-02 22:00:00,1576.61
2020-02-03 22:00:00,1552.81
2020-02-04 22:00:00,1556.12
2020-02-05 22:00:00,1566.6
2020-02-06 22:00:00,1570.11
2020-02-07 22:00:00,1568.5999755859375
2020-02-09 22:00:00,1572.07
2020-02-10 22:00:00,1567.74
2020-02-11 22:00:00,1565.82
2020-02-12 22:00:00,1576.09
2020-02-13 22:00:00,1583.84
2020-02-14 22:00:00,1582.699951171875
2020-02-16 22:00:00,1581.0
2020-02-17 22:00:00,1601.31
2020-02-18 22:00:00,1611.59
2020-02-19 22:00:00,1619.5
2020-02-20 22:00:00,1643.78
2020-02-21 22:00:00,1644.5999755859375
2020-02-23 22:00:00,1658.72
2020-02-24 22:00:00,1634.89
2020-02-25 22:00:00,1640.77
2020-02-26 22:00:00,1644.41
2020-02-27 22:00:00,1584.77
2020-02-28 22:00:00,1564.0999755859375
2020-03-01 22:00:00,1589.52
2020-03-02 22:00:00,1640.75
2020-03-03 22:00:00,1636.86
2020-03-04 22:00:00,1672.23
2020-03-05 22:00:00,1674.29
2020-03-06 22:00:00,1670.800048828125
2020-03-08 21:00:00,1679.76
2020-03-09 21:00:00,1649.4
2020-03-09 22:00:00,1674.5
2020-03-10 21:00:00,1634.98
2020-03-10 22:00:00,1659.0999755859375
2020-03-11 21:00:00,1576.87
2020-03-11 22:00:00,1641.4000244140625
2020-03-12 21:00:00,1529.57
2020-03-12 22:00:00,1589.300048828125
2020-03-13 22:00:00,1515.699951171875
2020-03-15 21:00:00,1514.13
2020-03-16 21:00:00,1527.93
2020-03-16 22:00:00,1485.9000244140625
2020-03-17 21:00:00,1485.52
2020-03-17 22:00:00,1524.9000244140625
2020-03-18 21:00:00,1472.36
2020-03-18 22:00:00,1477.300048828125
2020-03-19 21:00:00,1498.58
2020-03-19 22:00:00,1478.5999755859375
2020-03-20 22:00:00,1484.0
2020-03-22 21:00:00,1552.51
2020-03-23 21:00:00,1627.55
2020-03-23 22:00:00,1567.0
2020-03-24 21:00:00,1616.4
2020-03-24 22:00:00,1660.199951171875
2020-03-25 21:00:00,1625.9
2020-03-25 22:00:00,1632.300048828125
2020-03-26 21:00:00,1616.64
2020-03-26 22:00:00,1650.0999755859375
2020-03-27 22:00:00,1623.9000244140625
2020-03-29 21:00:00,1622.18
2020-03-30 21:00:00,1575.88
2020-03-30 22:00:00,1622.0
2020-03-31 21:00:00,1590.29
2020-03-31 22:00:00,1583.4000244140625
2020-04-01 21:00:00,1612.22
2020-04-01 22:00:00,1578.199951171875
2020-04-02 21:00:00,1615.59
2020-04-02 22:00:00,1625.699951171875
2020-04-03 22:00:00,1633.699951171875
2020-04-05 21:00:00,1659.5
2020-04-06 21:00:00,1646.97
2020-04-06 22:00:00,1677.0
2020-04-07 21:00:00,1644.84
2020-04-07 22:00:00,1664.800048828125
2020-04-08 21:00:00,1681.97
2020-04-08 22:00:00,1665.4000244140625
2020-04-09 22:00:00,1736.199951171875
2020-04-12 21:00:00,1713.96
2020-04-13 21:00:00,1726.73
2020-04-13 22:00:00,1744.800048828125
2020-04-14 21:00:00,1716.72
2020-04-14 22:00:00,1756.699951171875
2020-04-15 21:00:00,1717.4
2020-04-15 22:00:00,1727.199951171875
2020-04-16 21:00:00,1681.43
2020-04-16 22:00:00,1720.4000244140625
2020-04-17 22:00:00,1689.199951171875
2020-04-19 21:00:00,1694.91
2020-04-20 21:00:00,1685.53
2020-04-20 22:00:00,1701.5999755859375
2020-04-21 21:00:00,1713.97
2020-04-21 22:00:00,1678.199951171875
2020-04-22 21:00:00,1730.44
2020-04-22 22:00:00,1728.699951171875
2020-04-23 21:00:00,1726.48
2020-04-23 22:00:00,1733.300048828125
2020-04-24 22:00:00,1723.5
2020-04-26 21:00:00,1713.91
2020-04-27 21:00:00,1708.39
2020-04-27 22:00:00,1711.9000244140625
2020-04-28 21:00:00,1712.38
2020-04-28 22:00:00,1710.5
2020-04-29 21:00:00,1686.74
2020-04-29 22:00:00,1703.4000244140625
2020-04-30 21:00:00,1699.48
2020-04-30 22:00:00,1684.199951171875
2020-05-01 22:00:00,1694.5
2020-05-03 21:00:00,1700.64
2020-05-04 21:00:00,1705.47
2020-05-04 22:00:00,1706.9000244140625
2020-05-05 21:00:00,1685.46
2020-05-05 22:00:00,1704.4000244140625
2020-05-06 21:00:00,1715.73
2020-05-06 22:00:00,1684.199951171875
2020-05-07 21:00:00,1701.7
2020-05-07 22:00:00,1721.800048828125
2020-05-08 22:00:00,1709.9000244140625
2020-05-10 21:00:00,1697.46
2020-05-11 21:00:00,1702.12
2020-05-11 22:00:00,1695.300048828125
2020-05-12 21:00:00,1716.24
2020-05-12 22:00:00,1704.4000244140625
2020-05-13 21:00:00,1730.09
2020-05-13 22:00:00,1713.9000244140625
2020-05-14 21:00:00,1742.52
2020-05-14 22:00:00,1738.0999755859375
2020-05-15 22:00:00,1753.4000244140625
2020-05-17 21:00:00,1732.87
2020-05-18 21:00:00,1744.5
2020-05-18 22:00:00,1731.800048828125
2020-05-19 21:00:00,1747.72
2020-05-19 22:00:00,1744.199951171875
2020-05-20 21:00:00,1726.97
2020-05-20 22:00:00,1750.5999755859375
2020-05-21 21:00:00,1735.45
2020-05-21 22:00:00,1720.5
2020-05-22 22:00:00,1734.5999755859375
2020-05-24 21:00:00,1727.62
2020-05-25 21:00:00,1710.64
2020-05-26 21:00:00,1709.39
2020-05-26 22:00:00,1704.800048828125
2020-05-27 21:00:00,1717.98
2020-05-27 22:00:00,1710.300048828125
2020-05-28 21:00:00,1730.36
2020-05-28 22:00:00,1713.300048828125
2020-05-29 22:00:00,1736.9000244140625
2020-05-31 21:00:00,1739.79
2020-06-01 21:00:00,1727.9
2020-06-01 22:00:00,1737.800048828125
2020-06-02 21:00:00,1698.16
2020-06-02 22:00:00,1725.199951171875
2020-06-03 21:00:00,1714.07
2020-06-03 22:00:00,1697.800048828125
2020-06-04 21:00:00,1684.38
2020-06-04 22:00:00,1718.9000244140625
2020-06-05 22:00:00,1676.199951171875
2020-06-07 21:00:00,1697.97
2020-06-08 21:00:00,1714.42
2020-06-08 22:00:00,1698.300048828125
2020-06-09 21:00:00,1738.41
2020-06-09 22:00:00,1714.699951171875
2020-06-10 21:00:00,1726.89
2020-06-10 22:00:00,1713.300048828125
2020-06-11 21:00:00,1730.37
2020-06-11 22:00:00,1732.0
2020-06-12 22:00:00,1729.300048828125
2020-06-14 21:00:00,1724.69
2020-06-15 21:00:00,1726.35
2020-06-15 22:00:00,1720.300048828125
2020-06-16 21:00:00,1726.59
2020-06-16 22:00:00,1729.5999755859375
2020-06-17 21:00:00,1722.5
2020-06-17 22:00:00,1729.199951171875
2020-06-18 21:00:00,1742.26
2020-06-18 22:00:00,1724.800048828125
2020-06-19 22:00:00,1745.9000244140625
2020-06-21 21:00:00,1754.56
2020-06-22 21:00:00,1767.45
2020-06-22 22:00:00,1756.699951171875
2020-06-23 21:00:00,1761.21
2020-06-23 22:00:00,1772.0999755859375
2020-06-24 21:00:00,1763.74
2020-06-24 22:00:00,1765.800048828125
2020-06-25 21:00:00,1769.59
2020-06-25 22:00:00,1762.0999755859375
2020-06-26 22:00:00,1772.5
2020-06-28 21:00:00,1772.22
2020-06-29 21:00:00,1780.3
2020-06-29 22:00:00,1774.800048828125
2020-06-30 21:00:00,1770.4
2020-06-30 22:00:00,1793.0
2020-07-01 21:00:00,1775.3
2020-07-01 22:00:00,1773.199951171875
2020-07-02 21:00:00,1774.88
2020-07-02 22:00:00,1784.0
2020-07-05 21:00:00,1784.69
2020-07-06 21:00:00,1795.31
2020-07-06 22:00:00,1788.5
2020-07-07 21:00:00,1808.89
2020-07-07 22:00:00,1804.199951171875
2020-07-08 21:00:00,1803.11
2020-07-08 22:00:00,1815.5
2020-07-09 21:00:00,1798.43
2020-07-09 22:00:00,1799.199951171875
2020-07-10 22:00:00,1798.199951171875
2020-07-12 21:00:00,1802.39
2020-07-13 21:00:00,1809.18
2020-07-13 22:00:00,1811.0
2020-07-14 21:00:00,1810.17
2020-07-14 22:00:00,1810.5999755859373
2020-07-15 21:00:00,1796.77
2020-07-15 22:00:00,1811.4000244140625
2020-07-16 21:00:00,1809.57
2020-07-16 22:00:00,1798.699951171875
2020-07-17 22:00:00,1808.300048828125
2020-07-19 21:00:00,1817.22
2020-07-20 21:00:00,1841.75
2020-07-20 22:00:00,1815.9000244140625
2020-07-21 21:00:00,1871.49
2020-07-21 22:00:00,1842.4000244140625
2020-07-22 21:00:00,1887.22
2020-07-22 22:00:00,1864.0999755859373
2020-07-23 21:00:00,1901.56
2020-07-23 22:00:00,1889.0999755859373
2020-07-24 22:00:00,1897.300048828125
2020-07-26 21:00:00,1941.88
2020-07-27 21:00:00,1959.57
2020-07-27 22:00:00,1931.0
2020-07-28 21:00:00,1970.26
2020-07-28 22:00:00,1944.699951171875
2020-07-29 21:00:00,1955.92
2020-07-29 22:00:00,1953.5
2020-07-30 21:00:00,1974.84
2020-07-30 22:00:00,1942.300048828125
2020-07-31 22:00:00,1962.800048828125
2020-08-02 21:00:00,1976.65
2020-08-03 21:00:00,2019.09
2020-08-03 22:00:00,1966.0
2020-08-04 21:00:00,2037.7
2020-08-04 22:00:00,2001.199951171875
2020-08-05 21:00:00,2063.11
2020-08-05 22:00:00,2031.0999755859373
2020-08-06 21:00:00,2033.74
2020-08-06 22:00:00,2051.5
2020-08-07 22:00:00,2010.0999755859373
2020-08-09 21:00:00,2027.3
2020-08-10 21:00:00,1911.51
2020-08-10 22:00:00,2024.4000244140625
2020-08-11 21:00:00,1916.6
2020-08-11 22:00:00,1932.5999755859373
2020-08-12 21:00:00,1953.21
2020-08-12 22:00:00,1934.9000244140625
2020-08-13 21:00:00,1943.57
2020-08-13 22:00:00,1956.699951171875
2020-08-14 22:00:00,1937.0
2020-08-16 21:00:00,1985.07
2020-08-17 21:00:00,2001.76
2020-08-17 22:00:00,1985.0
2020-08-18 21:00:00,1929.27
2020-08-18 22:00:00,1999.4000244140625
2020-08-19 21:00:00,1946.59
2020-08-19 22:00:00,1958.699951171875
2020-08-20 21:00:00,1938.96
2020-08-20 22:00:00,1933.800048828125
2020-08-21 22:00:00,1934.5999755859373
2020-08-23 21:00:00,1928.94
2020-08-24 21:00:00,1927.81
2020-08-24 22:00:00,1927.699951171875
2020-08-25 21:00:00,1953.82
2020-08-25 22:00:00,1911.800048828125
2020-08-26 21:00:00,1928.95
2020-08-26 22:00:00,1940.699951171875
2020-08-27 21:00:00,1964.3
2020-08-27 22:00:00,1921.5999755859373
2020-08-28 22:00:00,1964.5999755859373
2020-08-30 21:00:00,1967.5
2020-08-31 21:00:00,1970.31
2020-08-31 22:00:00,1967.5999755859373
2020-09-01 21:00:00,1942.87
2020-09-01 22:00:00,1968.199951171875
2020-09-02 21:00:00,1930.22
2020-09-02 22:00:00,1934.4000244140625
2020-09-03 21:00:00,1933.04
2020-09-03 22:00:00,1927.5999755859373
2020-09-04 22:00:00,1923.9000244140625
2020-09-06 21:00:00,1928.58
2020-09-07 21:00:00,1931.48
2020-09-08 21:00:00,1946.54
2020-09-08 22:00:00,1933.0
2020-09-09 21:00:00,1946.0
2020-09-09 22:00:00,1944.699951171875
2020-09-10 21:00:00,1940.28
2020-09-10 22:00:00,1954.199951171875
2020-09-11 22:00:00,1937.800048828125
2020-09-13 21:00:00,1956.45
2020-09-14 21:00:00,1954.12
2020-09-14 22:00:00,1953.0999755859373
2020-09-15 21:00:00,1959.39
2020-09-15 22:00:00,1956.300048828125
2020-09-16 21:00:00,1944.12
2020-09-16 22:00:00,1960.199951171875
2020-09-17 21:00:00,1950.46
2020-09-17 22:00:00,1940.0
2020-09-18 22:00:00,1952.0999755859373
2020-09-20 21:00:00,1912.56
2020-09-21 21:00:00,1900.08
2020-09-21 22:00:00,1901.199951171875
2020-09-22 21:00:00,1863.31
2020-09-22 22:00:00,1898.5999755859373
2020-09-23 21:00:00,1867.83
2020-09-23 22:00:00,1859.9000244140625
2020-09-24 21:00:00,1860.05
2020-09-24 22:00:00,1868.300048828125
2020-09-25 22:00:00,1857.699951171875
2020-09-27 21:00:00,1881.56
2020-09-28 21:00:00,1897.25
2020-09-28 22:00:00,1872.800048828125
2020-09-29 21:00:00,1885.4
2020-09-29 22:00:00,1894.300048828125
2020-09-30 21:00:00,1905.98
2020-09-30 22:00:00,1887.5
2020-10-01 21:00:00,1900.56
2020-10-01 22:00:00,1908.4000244140625
2020-10-02 22:00:00,1900.199951171875
2020-10-04 21:00:00,1913.45
2020-10-05 21:00:00,1877.91
2020-10-05 22:00:00,1912.5
2020-10-06 21:00:00,1887.65
2020-10-06 22:00:00,1901.0999755859373
2020-10-07 21:00:00,1893.56
2020-10-07 22:00:00,1883.5999755859373
2020-10-08 21:00:00,1929.84
2020-10-08 22:00:00,1888.5999755859373
2020-10-09 22:00:00,1919.5
2020-10-11 21:00:00,1922.49
2020-10-12 21:00:00,1890.97
2020-10-12 22:00:00,1922.5
2020-10-13 21:00:00,1901.28
2020-10-13 22:00:00,1888.5
2020-10-14 21:00:00,1908.25
2020-10-14 22:00:00,1901.300048828125
2020-10-15 21:00:00,1898.71
2020-10-15 22:00:00,1903.199951171875
2020-10-16 22:00:00,1900.800048828125
2020-10-18 21:00:00,1904.14
2020-10-19 21:00:00,1907.0
2020-10-19 22:00:00,1906.4000244140625
2020-10-20 21:00:00,1924.57
2020-10-20 22:00:00,1910.4000244140625
2020-10-21 21:00:00,1903.77
2020-10-21 22:00:00,1924.5999755859373
2020-10-22 21:00:00,1901.47
2020-10-22 22:00:00,1901.0999755859373
2020-10-23 22:00:00,1902.0
2020-10-25 21:00:00,1902.18
2020-10-26 21:00:00,1907.56
2020-10-26 22:00:00,1902.699951171875
2020-10-27 21:00:00,1877.35
2020-10-27 22:00:00,1908.800048828125
2020-10-28 21:00:00,1867.71
2020-10-28 22:00:00,1876.199951171875
2020-10-29 21:00:00,1878.32
2020-10-29 22:00:00,1865.5999755859373
2020-10-30 22:00:00,1877.4000244140625
2020-11-01 22:00:00,1895.66
2020-11-02 22:00:00,1909.55
2020-11-03 22:00:00,1902.98
2020-11-04 22:00:00,1949.44
2020-11-05 22:00:00,1951.83
2020-11-06 22:00:00,1950.300048828125
2020-11-08 22:00:00,1862.12
2020-11-09 22:00:00,1877.23
2020-11-10 22:00:00,1865.24
2020-11-11 22:00:00,1876.84
2020-11-12 22:00:00,1889.29
2020-11-13 22:00:00,1885.699951171875
2020-11-15 22:00:00,1888.81
2020-11-16 22:00:00,1880.19
2020-11-17 22:00:00,1872.29
2020-11-18 22:00:00,1866.04
2020-11-19 22:00:00,1870.93
2020-11-20 22:00:00,1872.5999755859373
2020-11-22 22:00:00,1837.82
2020-11-23 22:00:00,1807.36
2020-11-24 22:00:00,1807.73
2020-11-25 22:00:00,1810.24
2020-11-26 22:00:00,1786.82
2020-11-27 22:00:00,1781.9000244140625
2020-11-29 22:00:00,1776.7
2020-11-30 22:00:00,1815.01
2020-12-01 22:00:00,1830.48
2020-12-02 22:00:00,1840.89
2020-12-03 22:00:00,1838.56
2020-12-04 22:00:00,1835.9000244140625
2020-12-06 22:00:00,1862.17
2020-12-07 22:00:00,1870.22
2020-12-08 22:00:00,1839.85
2020-12-09 22:00:00,1836.62
2020-12-10 22:00:00,1839.77
2020-12-11 22:00:00,1839.800048828125
2020-12-13 22:00:00,1826.97
2020-12-14 22:00:00,1853.24
2020-12-15 22:00:00,1864.52
2020-12-16 22:00:00,1885.39
2020-12-17 22:00:00,1880.61
2020-12-18 22:00:00,1885.699951171875
2020-12-20 22:00:00,1876.47
2020-12-21 22:00:00,1859.91
2020-12-22 22:00:00,1873.13
2020-12-23 22:00:00,1878.56
2020-12-24 22:00:00,1879.9000244140625
2020-12-27 22:00:00,1873.43
2020-12-28 22:00:00,1878.24
2020-12-29 22:00:00,1894.44
2020-12-30 22:00:00,1898.19
2020-12-31 22:00:00,1893.0999755859373
2021-01-03 22:00:00,1942.75
2021-01-04 22:00:00,1949.8
2021-01-05 22:00:00,1918.77
2021-01-06 22:00:00,1913.53
2021-01-07 22:00:00,1849.03
2021-01-08 22:00:00,1834.0999755859373
2021-01-10 22:00:00,1843.36
2021-01-11 22:00:00,1854.54
2021-01-12 22:00:00,1844.93
2021-01-13 22:00:00,1846.09
2021-01-14 22:00:00,1827.65
2021-01-15 22:00:00,1829.300048828125
2021-01-17 22:00:00,1837.52
2021-01-18 22:00:00,1840.0
2021-01-19 22:00:00,1871.38
2021-01-20 22:00:00,1869.59
2021-01-21 22:00:00,1854.71
2021-01-22 22:00:00,1855.699951171875
2021-01-24 22:00:00,1855.91
2021-01-25 22:00:00,1850.64
2021-01-26 22:00:00,1844.08
2021-01-27 22:00:00,1842.47
2021-01-28 22:00:00,1847.36
2021-01-29 22:00:00,1847.300048828125
2021-01-31 22:00:00,1860.55
2021-02-01 22:00:00,1837.93
2021-02-02 22:00:00,1834.02
2021-02-03 22:00:00,1793.79
2021-02-04 22:00:00,1813.34
2021-02-05 22:00:00,1810.9000244140625
2021-02-07 22:00:00,1830.5
2021-02-08 22:00:00,1838.4
2021-02-09 22:00:00,1843.2
2021-02-10 22:00:00,1825.46
2021-02-11 22:00:00,1824.03
2021-02-12 22:00:00,1821.5999755859373
2021-02-14 22:00:00,1818.71
2021-02-15 22:00:00,1794.31
2021-02-16 22:00:00,1776.16
2021-02-17 22:00:00,1775.77
2021-02-18 22:00:00,1783.05
2021-02-19 22:00:00,1775.800048828125
2021-02-21 22:00:00,1809.65
2021-02-22 22:00:00,1805.5
2021-02-23 22:00:00,1804.8
2021-02-24 22:00:00,1769.99
2021-02-25 22:00:00,1733.87
2021-02-26 22:00:00,1728.0999755859375
2021-02-28 22:00:00,1724.53
2021-03-01 22:00:00,1738.18
2021-03-02 22:00:00,1710.85
2021-03-03 22:00:00,1697.69
2021-03-04 22:00:00,1700.77
2021-03-05 22:00:00,1698.0
2021-03-07 22:00:00,1683.41
2021-03-08 22:00:00,1715.74
2021-03-09 22:00:00,1726.65
2021-03-10 22:00:00,1722.51
2021-03-11 22:00:00,1726.77
2021-03-12 22:00:00,1719.5
2021-03-14 21:00:00,1731.67
2021-03-15 21:00:00,1731.51
2021-03-15 22:00:00,1728.9000244140625
2021-03-16 21:00:00,1745.15
2021-03-16 22:00:00,1730.5999755859375
2021-03-17 21:00:00,1736.41
2021-03-17 22:00:00,1726.800048828125
2021-03-18 21:00:00,1745.07
2021-03-18 22:00:00,1732.199951171875
2021-03-19 22:00:00,1741.4000244140625
2021-03-21 21:00:00,1738.84
2021-03-22 21:00:00,1726.96
2021-03-22 22:00:00,1737.800048828125
2021-03-23 21:00:00,1734.12
2021-03-23 22:00:00,1724.699951171875
2021-03-24 21:00:00,1726.53
2021-03-24 22:00:00,1732.9000244140625
2021-03-25 21:00:00,1732.68
2021-03-25 22:00:00,1724.9000244140625
2021-03-26 22:00:00,1732.199951171875
2021-03-28 21:00:00,1711.84
2021-03-29 21:00:00,1684.85
2021-03-29 22:00:00,1712.0999755859375
2021-03-30 21:00:00,1707.31
2021-03-30 22:00:00,1683.9000244140625
2021-03-31 21:00:00,1729.67
2021-03-31 22:00:00,1713.800048828125
2021-04-01 22:00:00,1726.5
2021-04-04 21:00:00,1728.21
2021-04-05 21:00:00,1743.37
2021-04-05 22:00:00,1727.0
2021-04-06 21:00:00,1737.55
2021-04-06 22:00:00,1741.5
2021-04-07 21:00:00,1755.4
2021-04-07 22:00:00,1740.0999755859375
2021-04-08 21:00:00,1743.38
2021-04-08 22:00:00,1756.800048828125
2021-04-09 22:00:00,1743.300048828125
2021-04-11 21:00:00,1732.76
2021-04-12 21:00:00,1745.25
2021-04-12 22:00:00,1731.199951171875
2021-04-13 21:00:00,1736.29
2021-04-13 22:00:00,1746.199951171875
2021-04-14 21:00:00,1763.51
2021-04-14 22:00:00,1734.9000244140625
2021-04-15 21:00:00,1776.75
2021-04-15 22:00:00,1765.4000244140625
2021-04-16 22:00:00,1779.0
2021-04-18 21:00:00,1771.4
2021-04-19 21:00:00,1778.68
2021-04-19 22:00:00,1769.4000244140625
2021-04-20 21:00:00,1793.61
2021-04-20 22:00:00,1777.300048828125
2021-04-21 21:00:00,1783.98
2021-04-21 22:00:00,1792.300048828125
2021-04-22 21:00:00,1776.4
2021-04-22 22:00:00,1781.199951171875
2021-04-23 22:00:00,1777.0
2021-04-25 21:00:00,1781.24
2021-04-26 21:00:00,1776.52
2021-04-26 22:00:00,1779.199951171875
2021-04-27 21:00:00,1781.58
2021-04-27 22:00:00,1778.0
2021-04-28 21:00:00,1771.87
2021-04-28 22:00:00,1773.199951171875
2021-04-29 21:00:00,1768.86
2021-04-29 22:00:00,1768.0999755859375
2021-04-30 22:00:00,1767.300048828125
2021-05-02 21:00:00,1792.89
2021-05-03 21:00:00,1778.72
2021-05-03 22:00:00,1791.4000244140625
2021-05-04 21:00:00,1786.77
2021-05-04 22:00:00,1775.800048828125
2021-05-05 21:00:00,1814.87
2021-05-05 22:00:00,1784.0999755859375
2021-05-06 21:00:00,1830.84
2021-05-06 22:00:00,1815.5
2021-05-07 22:00:00,1831.0999755859373
2021-05-09 21:00:00,1835.64
2021-05-10 21:00:00,1837.35
2021-05-10 22:00:00,1837.5
2021-05-11 21:00:00,1815.42
2021-05-11 22:00:00,1835.9000244140625
2021-05-12 21:00:00,1826.41
2021-05-12 22:00:00,1822.5999755859373
2021-05-13 21:00:00,1842.53
2021-05-13 22:00:00,1823.800048828125
2021-05-14 22:00:00,1837.9000244140625
2021-05-16 21:00:00,1866.76
2021-05-17 21:00:00,1869.47
2021-05-17 22:00:00,1867.5
2021-05-18 21:00:00,1869.28
2021-05-18 22:00:00,1867.800048828125
2021-05-19 21:00:00,1876.99
2021-05-19 22:00:00,1881.300048828125
2021-05-20 21:00:00,1881.7
2021-05-20 22:00:00,1881.800048828125
2021-05-21 22:00:00,1876.699951171875
2021-05-23 21:00:00,1880.72
2021-05-24 21:00:00,1899.08
2021-05-24 22:00:00,1884.5999755859373
2021-05-25 21:00:00,1896.59
2021-05-25 22:00:00,1898.0999755859373
2021-05-26 21:00:00,1896.43
2021-05-26 22:00:00,1901.300048828125
2021-05-27 21:00:00,1903.16
2021-05-27 22:00:00,1895.699951171875
2021-05-28 22:00:00,1902.5
2021-05-30 21:00:00,1906.62
2021-05-31 21:00:00,1900.31
2021-06-01 21:00:00,1908.16
2021-06-01 22:00:00,1902.9000244140625
2021-06-02 21:00:00,1870.45
2021-06-02 22:00:00,1907.5
2021-06-03 21:00:00,1891.49
2021-06-03 22:00:00,1871.199951171875
2021-06-04 22:00:00,1889.800048828125
2021-06-06 21:00:00,1898.96
2021-06-07 21:00:00,1892.8
2021-06-07 22:00:00,1896.800048828125
2021-06-08 21:00:00,1888.44
2021-06-08 22:00:00,1892.199951171875
2021-06-09 21:00:00,1898.38
2021-06-09 22:00:00,1893.199951171875
2021-06-10 21:00:00,1876.17
2021-06-10 22:00:00,1894.199951171875
2021-06-11 22:00:00,1877.4000244140625
2021-06-13 21:00:00,1866.01
2021-06-14 21:00:00,1858.63
2021-06-14 22:00:00,1864.0
2021-06-15 21:00:00,1811.84
2021-06-15 22:00:00,1854.5
2021-06-16 21:00:00,1773.08
2021-06-16 22:00:00,1859.5
2021-06-17 21:00:00,1764.42
2021-06-17 22:00:00,1773.800048828125
2021-06-18 22:00:00,1767.9000244140625
2021-06-20 21:00:00,1782.91
2021-06-21 21:00:00,1778.74
2021-06-21 22:00:00,1781.800048828125
2021-06-22 21:00:00,1778.89
2021-06-22 22:00:00,1776.300048828125
2021-06-23 21:00:00,1774.86
2021-06-23 22:00:00,1782.300048828125
2021-06-24 21:00:00,1780.99
2021-06-24 22:00:00,1775.5999755859375
2021-06-25 22:00:00,1776.5999755859375
2021-06-27 21:00:00,1778.01
2021-06-28 21:00:00,1761.05
2021-06-28 22:00:00,1779.5999755859375
2021-06-29 21:00:00,1770.32
2021-06-29 22:00:00,1762.800048828125
2021-06-30 21:00:00,1776.55
2021-06-30 22:00:00,1770.800048828125
2021-07-01 21:00:00,1787.51
2021-07-01 22:00:00,1775.9000244140625
2021-07-02 22:00:00,1782.5999755859375
2021-07-04 21:00:00,1790.9
2021-07-05 21:00:00,1797.09
2021-07-06 21:00:00,1803.6
2021-07-06 22:00:00,1793.5
2021-07-07 21:00:00,1802.3
2021-07-07 22:00:00,1801.5
2021-07-08 21:00:00,1807.9
2021-07-08 22:00:00,1799.5999755859375
2021-07-09 22:00:00,1810.0
2021-07-11 21:00:00,1806.06
2021-07-12 21:00:00,1807.55
2021-07-12 22:00:00,1805.5
2021-07-13 21:00:00,1827.23
2021-07-13 22:00:00,1809.4000244140625
2021-07-14 21:00:00,1829.45
2021-07-14 22:00:00,1824.300048828125
2021-07-15 21:00:00,1811.45
2021-07-15 22:00:00,1828.4000244140625
2021-07-16 22:00:00,1814.5
2021-07-18 21:00:00,1812.7
2021-07-19 21:00:00,1810.28
2021-07-19 22:00:00,1808.699951171875
2021-07-20 21:00:00,1803.36
2021-07-20 22:00:00,1810.9000244140625
2021-07-21 21:00:00,1806.56
2021-07-21 22:00:00,1802.9000244140625
2021-07-22 21:00:00,1801.91
2021-07-22 22:00:00,1805.0
2021-07-23 22:00:00,1801.4000244140625
2021-07-25 21:00:00,1797.42
2021-07-26 21:00:00,1798.86
2021-07-26 22:00:00,1798.699951171875
2021-07-27 21:00:00,1806.9
2021-07-27 22:00:00,1799.5
2021-07-28 21:00:00,1827.93
2021-07-28 22:00:00,1799.5
2021-07-29 21:00:00,1814.38
2021-07-29 22:00:00,1831.199951171875
2021-07-30 22:00:00,1812.5999755859373
2021-08-01 21:00:00,1813.47
2021-08-02 21:00:00,1810.26
2021-08-02 22:00:00,1818.0999755859373
2021-08-03 21:00:00,1811.79
2021-08-03 22:00:00,1810.0999755859373
2021-08-04 21:00:00,1803.93
2021-08-04 22:00:00,1810.5
2021-08-05 21:00:00,1763.21
2021-08-05 22:00:00,1805.0999755859373
2021-08-06 22:00:00,1760.0
2021-08-08 21:00:00,1729.45
2021-08-09 21:00:00,1729.12
2021-08-09 22:00:00,1723.4000244140625
2021-08-10 21:00:00,1751.5
2021-08-10 22:00:00,1728.800048828125
2021-08-11 21:00:00,1752.59
2021-08-11 22:00:00,1750.4000244140625
2021-08-12 21:00:00,1779.76
2021-08-12 22:00:00,1749.0
2021-08-13 22:00:00,1775.199951171875
2021-08-15 21:00:00,1787.06
2021-08-16 21:00:00,1785.87
2021-08-16 22:00:00,1786.9000244140625
2021-08-17 21:00:00,1787.44
2021-08-17 22:00:00,1785.0
2021-08-18 21:00:00,1779.84
2021-08-18 22:00:00,1781.5999755859375
2021-08-19 21:00:00,1780.98
2021-08-19 22:00:00,1780.199951171875
2021-08-20 22:00:00,1781.0
2021-08-22 21:00:00,1805.4
2021-08-23 21:00:00,1802.96
2021-08-23 22:00:00,1803.199951171875
2021-08-24 21:00:00,1790.43
2021-08-24 22:00:00,1805.5999755859373
2021-08-25 21:00:00,1791.93
2021-08-25 22:00:00,1788.199951171875
2021-08-26 21:00:00,1817.83
2021-08-26 22:00:00,1792.199951171875
2021-08-27 22:00:00,1816.5999755859373
2021-08-29 21:00:00,1810.23
2021-08-30 21:00:00,1813.66
2021-08-30 22:00:00,1809.0
2021-08-31 21:00:00,1814.11
2021-08-31 22:00:00,1815.0
2021-09-01 21:00:00,1809.48
2021-09-01 22:00:00,1813.0999755859373
2021-09-02 21:00:00,1827.52
2021-09-02 22:00:00,1808.699951171875
2021-09-03 22:00:00,1830.9000244140625
2021-09-05 21:00:00,1823.2
2021-09-06 21:00:00,1794.22
2021-09-07 21:00:00,1789.27
2021-09-07 22:00:00,1795.9000244140625
2021-09-08 21:00:00,1794.15
2021-09-08 22:00:00,1790.699951171875
2021-09-09 21:00:00,1787.81
2021-09-09 22:00:00,1797.4000244140625
2021-09-10 22:00:00,1789.5999755859375
2021-09-12 21:00:00,1793.35
2021-09-13 21:00:00,1804.51
2021-09-13 22:00:00,1792.0
2021-09-14 21:00:00,1793.57
2021-09-14 22:00:00,1804.699951171875
2021-09-15 21:00:00,1753.38
2021-09-15 22:00:00,1792.4000244140625
2021-09-16 21:00:00,1753.93
2021-09-16 22:00:00,1754.5999755859375
2021-09-17 22:00:00,1749.4000244140625
2021-09-19 21:00:00,1764.16
2021-09-20 21:00:00,1774.25
2021-09-20 22:00:00,1761.800048828125
2021-09-21 21:00:00,1767.95
2021-09-21 22:00:00,1776.0
2021-09-22 21:00:00,1742.34
2021-09-22 22:00:00,1776.699951171875
2021-09-23 21:00:00,1749.71
2021-09-23 22:00:00,1747.699951171875
2021-09-24 22:00:00,1749.699951171875
2021-09-26 21:00:00,1750.05
2021-09-27 21:00:00,1733.86
2021-09-27 22:00:00,1750.0
2021-09-28 21:00:00,1726.41
2021-09-28 22:00:00,1735.800048828125
2021-09-29 21:00:00,1756.96
2021-09-29 22:00:00,1721.5
2021-09-30 21:00:00,1760.15
2021-09-30 22:00:00,1755.300048828125
2021-10-01 22:00:00,1757.0
2021-10-03 21:00:00,1769.25
2021-10-04 21:00:00,1759.83
2021-10-04 22:00:00,1766.199951171875
2021-10-05 21:00:00,1762.59
2021-10-05 22:00:00,1759.5999755859375
2021-10-06 21:00:00,1755.02
2021-10-06 22:00:00,1760.5
2021-10-07 21:00:00,1757.09
2021-10-07 22:00:00,1757.9000244140625
2021-10-08 22:00:00,1756.300048828125
2021-10-10 21:00:00,1754.2
2021-10-11 21:00:00,1760.0
2021-10-11 22:00:00,1754.5999755859375
2021-10-12 21:00:00,1792.98
2021-10-12 22:00:00,1758.300048828125
2021-10-13 21:00:00,1795.89
2021-10-13 22:00:00,1793.699951171875
2021-10-14 21:00:00,1767.4
2021-10-14 22:00:00,1796.699951171875
2021-10-15 22:00:00,1767.199951171875
2021-10-17 21:00:00,1764.68
2021-10-18 21:00:00,1769.42
2021-10-18 22:00:00,1764.800048828125
2021-10-19 21:00:00,1781.91
2021-10-19 22:00:00,1769.699951171875
2021-10-20 21:00:00,1782.87
2021-10-20 22:00:00,1784.0999755859375
2021-10-21 21:00:00,1792.63
2021-10-21 22:00:00,1781.199951171875
2021-10-22 22:00:00,1795.5
2021-10-24 21:00:00,1807.57
2021-10-25 21:00:00,1792.75
2021-10-25 22:00:00,1806.0
2021-10-26 21:00:00,1796.88
2021-10-26 22:00:00,1792.699951171875
2021-10-27 21:00:00,1798.72
2021-10-27 22:00:00,1797.9000244140625
2021-10-28 21:00:00,1782.94
2021-10-28 22:00:00,1801.5999755859373
2021-10-29 22:00:00,1783.0
2021-10-31 21:00:00,1793.1
2021-11-01 21:00:00,1787.88
2021-11-01 22:00:00,1795.0999755859375
2021-11-02 21:00:00,1769.58
2021-11-02 22:00:00,1788.699951171875
2021-11-03 21:00:00,1791.57
2021-11-03 22:00:00,1763.5999755859375
2021-11-04 21:00:00,1817.85
2021-11-04 22:00:00,1793.0
2021-11-05 22:00:00,1816.4000244140625
2021-11-07 22:00:00,1824.21
2021-11-08 22:00:00,1831.79
2021-11-09 22:00:00,1849.18
2021-11-10 22:00:00,1861.85
2021-11-11 22:00:00,1864.36
2021-11-12 22:00:00,1867.9000244140625
2021-11-14 22:00:00,1862.71
2021-11-15 22:00:00,1850.46
2021-11-16 22:00:00,1867.27
2021-11-17 22:00:00,1858.85
2021-11-18 22:00:00,1845.54
2021-11-19 22:00:00,1851.199951171875
2021-11-21 22:00:00,1804.76
2021-11-22 22:00:00,1788.98
2021-11-23 22:00:00,1788.44
2021-11-24 22:00:00,1788.6
2021-11-25 22:00:00,1791.23
2021-11-26 22:00:00,1785.300048828125
2021-11-28 22:00:00,1784.56
2021-11-29 22:00:00,1774.82
2021-11-30 22:00:00,1781.78
2021-12-01 22:00:00,1768.16
2021-12-02 22:00:00,1783.82
2021-12-03 22:00:00,1782.0
2021-12-05 22:00:00,1778.31
2021-12-06 22:00:00,1784.02
2021-12-07 22:00:00,1782.91
2021-12-08 22:00:00,1775.06
2021-12-09 22:00:00,1782.83
2021-12-10 22:00:00,1782.9000244140625
2021-12-12 22:00:00,1786.54
2021-12-13 22:00:00,1770.51
2021-12-14 22:00:00,1777.03
2021-12-15 22:00:00,1799.14
2021-12-16 22:00:00,1798.0
2021-12-17 22:00:00,1803.800048828125
2021-12-19 22:00:00,1790.84
2021-12-20 22:00:00,1788.84
2021-12-21 22:00:00,1803.5
2021-12-22 22:00:00,1808.41
2021-12-23 22:00:00,1811.199951171875
2021-12-26 22:00:00,1811.85
2021-12-27 22:00:00,1806.06
2021-12-28 22:00:00,1804.33
2021-12-29 22:00:00,1814.53
2021-12-30 22:00:00,1828.68
2021-12-31 22:00:00,1827.5
2022-01-02 22:00:00,1801.17
2022-01-03 22:00:00,1814.46
2022-01-04 22:00:00,1810.3
2022-01-05 22:00:00,1790.83
2022-01-06 22:00:00,1796.33
2022-01-07 22:00:00,1797.0
2022-01-09 22:00:00,1801.68
2022-01-10 22:00:00,1821.43
2022-01-11 22:00:00,1826.07
2022-01-12 22:00:00,1822.53
2022-01-13 22:00:00,1817.51
2022-01-14 22:00:00,1816.5
2022-01-16 22:00:00,1819.22
2022-01-17 22:00:00,1813.62
2022-01-18 22:00:00,1840.42
2022-01-19 22:00:00,1839.5
2022-01-20 22:00:00,1834.38
2022-01-21 22:00:00,1831.800048828125
2022-01-23 22:00:00,1843.0
2022-01-24 22:00:00,1848.0
2022-01-25 22:00:00,1819.4
2022-01-26 22:00:00,1797.06
2022-01-27 22:00:00,1791.55
2022-01-28 22:00:00,1784.9000244140625
2022-01-30 22:00:00,1797.29
2022-01-31 22:00:00,1801.05
2022-02-01 22:00:00,1806.81
2022-02-02 22:00:00,1804.8
2022-02-03 22:00:00,1807.86
2022-02-04 22:00:00,1806.5999755859373
2022-02-06 22:00:00,1820.43
2022-02-07 22:00:00,1825.95
2022-02-08 22:00:00,1832.83
2022-02-09 22:00:00,1826.63
2022-02-10 22:00:00,1858.96
2022-02-11 22:00:00,1840.800048828125
2022-02-13 22:00:00,1871.28
2022-02-14 22:00:00,1853.47
2022-02-15 22:00:00,1869.46
2022-02-16 22:00:00,1898.32
2022-02-17 22:00:00,1897.26
2022-02-18 22:00:00,1898.5999755859373
2022-02-20 22:00:00,1903.85
2022-02-21 22:00:00,1898.44
2022-02-22 22:00:00,1909.07
2022-02-23 22:00:00,1903.94
2022-02-24 22:00:00,1888.31
2022-02-25 22:00:00,1886.5
2022-02-27 22:00:00,1908.69
2022-02-28 22:00:00,1944.99
2022-03-01 22:00:00,1928.56
2022-03-02 22:00:00,1936.24
2022-03-03 22:00:00,1969.93
2022-03-04 22:00:00,1965.0999755859373
2022-03-06 22:00:00,1997.57
2022-03-07 22:00:00,2049.79
2022-03-08 22:00:00,1991.8
2022-03-09 22:00:00,1996.71
2022-03-10 22:00:00,1985.35
2022-03-11 22:00:00,1982.699951171875
2022-03-13 21:00:00,1950.58
2022-03-14 21:00:00,1917.7
2022-03-14 22:00:00,1959.5999755859373
2022-03-15 21:00:00,1926.17
2022-03-15 22:00:00,1928.5
2022-03-16 21:00:00,1942.47
2022-03-16 22:00:00,1908.0
2022-03-17 21:00:00,1920.92
2022-03-17 22:00:00,1942.0999755859373
2022-03-18 22:00:00,1928.199951171875
2022-03-20 21:00:00,1935.8
2022-03-21 21:00:00,1921.31
2022-03-21 22:00:00,1928.5999755859373
2022-03-22 21:00:00,1944.07
2022-03-22 22:00:00,1920.699951171875
2022-03-23 21:00:00,1957.58
2022-03-23 22:00:00,1936.5999755859373
2022-03-24 21:00:00,1957.18
2022-03-24 22:00:00,1961.5999755859373
2022-03-25 22:00:00,1953.800048828125
2022-03-27 21:00:00,1922.73
2022-03-28 21:00:00,1919.45
2022-03-28 22:00:00,1939.5999755859373
2022-03-29 21:00:00,1932.48
2022-03-29 22:00:00,1912.0
2022-03-30 21:00:00,1937.08
2022-03-30 22:00:00,1933.5
2022-03-31 21:00:00,1924.1
2022-03-31 22:00:00,1949.199951171875
2022-04-01 22:00:00,1919.0999755859373
2022-04-03 21:00:00,1932.63
2022-04-04 21:00:00,1923.41
2022-04-04 22:00:00,1929.199951171875
2022-04-05 21:00:00,1925.21
2022-04-05 22:00:00,1922.9000244140625
2022-04-06 21:00:00,1931.5
2022-04-06 22:00:00,1918.4000244140625
2022-04-07 21:00:00,1946.3
2022-04-07 22:00:00,1933.800048828125
2022-04-08 22:00:00,1941.5999755859373
2022-04-10 21:00:00,1953.64
2022-04-11 21:00:00,1966.49
2022-04-11 22:00:00,1944.300048828125
2022-04-12 21:00:00,1978.09
2022-04-12 22:00:00,1972.0999755859373
2022-04-13 21:00:00,1973.34
2022-04-13 22:00:00,1981.0
2022-04-14 22:00:00,1970.9000244140625
2022-04-17 21:00:00,1978.61
2022-04-18 21:00:00,1950.0
2022-04-18 22:00:00,1982.9000244140625
2022-04-19 21:00:00,1957.49
2022-04-19 22:00:00,1955.699951171875
2022-04-20 21:00:00,1951.17
2022-04-20 22:00:00,1952.300048828125
2022-04-21 21:00:00,1932.27
2022-04-21 22:00:00,1944.9000244140625
2022-04-22 22:00:00,1931.0
2022-04-24 21:00:00,1897.88
2022-04-25 21:00:00,1905.14
2022-04-25 22:00:00,1893.199951171875
2022-04-26 21:00:00,1885.83
2022-04-26 22:00:00,1901.4000244140625
2022-04-27 21:00:00,1894.6
2022-04-27 22:00:00,1885.9000244140625
2022-04-28 21:00:00,1896.54
2022-04-28 22:00:00,1888.699951171875
2022-04-29 22:00:00,1909.300048828125
2022-05-01 21:00:00,1862.88
2022-05-02 21:00:00,1868.16
2022-05-02 22:00:00,1861.800048828125
2022-05-03 21:00:00,1881.19
2022-05-03 22:00:00,1868.800048828125
2022-05-04 21:00:00,1877.05
2022-05-04 22:00:00,1867.0
2022-05-05 21:00:00,1882.43
2022-05-05 22:00:00,1874.0
2022-05-06 22:00:00,1881.199951171875
2022-05-08 21:00:00,1853.73
2022-05-09 21:00:00,1838.36
2022-05-09 22:00:00,1857.0999755859373
2022-05-10 21:00:00,1852.42
2022-05-10 22:00:00,1839.9000244140625
2022-05-11 21:00:00,1821.81
2022-05-11 22:00:00,1852.5999755859373
2022-05-12 21:00:00,1811.66
2022-05-12 22:00:00,1823.800048828125
2022-05-13 22:00:00,1807.4000244140625
2022-05-15 21:00:00,1823.87
2022-05-16 21:00:00,1814.84
2022-05-16 22:00:00,1813.5
2022-05-17 21:00:00,1816.45
2022-05-17 22:00:00,1818.199951171875
2022-05-18 21:00:00,1842.01
2022-05-18 22:00:00,1815.9000244140625
2022-05-19 21:00:00,1845.61
2022-05-19 22:00:00,1841.199951171875
2022-05-20 22:00:00,1841.800048828125
2022-05-22 21:00:00,1853.47
2022-05-23 21:00:00,1866.4
2022-05-23 22:00:00,1847.800048828125
2022-05-24 21:00:00,1853.14
2022-05-24 22:00:00,1865.0999755859373
2022-05-25 21:00:00,1850.66
2022-05-25 22:00:00,1846.199951171875
2022-05-26 21:00:00,1853.19
2022-05-26 22:00:00,1847.4000244140625
2022-05-27 22:00:00,1851.300048828125
2022-05-29 21:00:00,1854.87
2022-05-30 21:00:00,1837.41
2022-05-31 21:00:00,1846.28
2022-05-31 22:00:00,1842.699951171875
2022-06-01 21:00:00,1868.49
2022-06-01 22:00:00,1843.300048828125
2022-06-02 21:00:00,1851.13
2022-06-02 22:00:00,1866.5
2022-06-03 22:00:00,1845.4000244140625
2022-06-05 21:00:00,1841.47
2022-06-06 21:00:00,1852.32
2022-06-06 22:00:00,1839.199951171875
2022-06-07 21:00:00,1853.16
2022-06-07 22:00:00,1847.5
2022-06-08 21:00:00,1847.99
2022-06-08 22:00:00,1851.9000244140625
2022-06-09 21:00:00,1871.57
2022-06-09 22:00:00,1848.800048828125
2022-06-10 22:00:00,1871.5
2022-06-12 21:00:00,1819.27
2022-06-13 21:00:00,1808.24
2022-06-13 22:00:00,1828.0
2022-06-14 21:00:00,1833.69
2022-06-14 22:00:00,1809.5
2022-06-15 21:00:00,1856.64
2022-06-15 22:00:00,1815.300048828125
2022-06-16 21:00:00,1840.28
2022-06-16 22:00:00,1845.699951171875
2022-06-17 22:00:00,1835.5999755859373
2022-06-19 21:00:00,1838.5
2022-06-20 21:00:00,1832.97
2022-06-21 21:00:00,1837.84
2022-06-21 22:00:00,1834.5999755859373
2022-06-22 21:00:00,1822.56
2022-06-22 22:00:00,1834.300048828125
2022-06-23 21:00:00,1827.36
2022-06-23 22:00:00,1825.699951171875
2022-06-24 22:00:00,1826.5
2022-06-26 21:00:00,1822.6
2022-06-27 21:00:00,1819.79
2022-06-27 22:00:00,1820.9000244140625
2022-06-28 21:00:00,1817.8
2022-06-28 22:00:00,1817.5
2022-06-29 21:00:00,1807.16
2022-06-29 22:00:00,1813.699951171875
2022-06-30 21:00:00,1808.46
2022-06-30 22:00:00,1804.0999755859373
2022-07-01 22:00:00,1798.9000244140625
2022-07-03 21:00:00,1807.54
2022-07-04 21:00:00,1764.73
2022-07-05 21:00:00,1739.08
2022-07-05 22:00:00,1761.800048828125
2022-07-06 21:00:00,1740.13
2022-07-06 22:00:00,1734.9000244140625
2022-07-07 21:00:00,1742.54
2022-07-07 22:00:00,1737.9000244140625
2022-07-08 22:00:00,1740.5999755859375
2022-07-10 21:00:00,1734.03
2022-07-11 21:00:00,1726.08
2022-07-11 22:00:00,1730.0
2022-07-12 21:00:00,1735.49
2022-07-12 22:00:00,1723.300048828125
2022-07-13 21:00:00,1709.77
2022-07-13 22:00:00,1734.199951171875
2022-07-14 21:00:00,1707.03
2022-07-14 22:00:00,1704.5
2022-07-15 22:00:00,1702.4000244140625
2022-07-17 21:00:00,1709.03
2022-07-18 21:00:00,1711.52
2022-07-18 22:00:00,1709.199951171875
2022-07-19 21:00:00,1696.55
2022-07-19 22:00:00,1710.0
2022-07-20 21:00:00,1718.23
2022-07-20 22:00:00,1699.5
2022-07-21 21:00:00,1727.03
2022-07-21 22:00:00,1712.699951171875
2022-07-22 22:00:00,1727.0999755859375
2022-07-24 21:00:00,1719.59
2022-07-25 21:00:00,1717.25
2022-07-25 22:00:00,1719.0
2022-07-26 21:00:00,1734.24
2022-07-26 22:00:00,1717.699951171875
2022-07-27 21:00:00,1755.86
2022-07-27 22:00:00,1719.0999755859375
2022-07-28 21:00:00,1765.87
2022-07-28 22:00:00,1750.300048828125
2022-07-29 22:00:00,1762.9000244140625
2022-07-31 21:00:00,1772.14
2022-08-01 21:00:00,1761.13
2022-08-01 22:00:00,1769.0
2022-08-02 21:00:00,1765.51
2022-08-02 22:00:00,1771.0999755859375
2022-08-03 21:00:00,1791.13
2022-08-03 22:00:00,1758.0
2022-08-04 21:00:00,1775.24
2022-08-04 22:00:00,1788.5
2022-08-05 22:00:00,1772.9000244140625
2022-08-07 21:00:00,1788.99
2022-08-08 21:00:00,1794.26
2022-08-08 22:00:00,1786.800048828125
2022-08-09 21:00:00,1792.2
2022-08-09 22:00:00,1794.0
2022-08-10 21:00:00,1789.43
2022-08-10 22:00:00,1795.5999755859375
2022-08-11 21:00:00,1801.67
2022-08-11 22:00:00,1789.699951171875
2022-08-12 22:00:00,1798.5999755859375
2022-08-14 21:00:00,1779.45
2022-08-15 21:00:00,1775.45
2022-08-15 22:00:00,1781.4000244140625
2022-08-16 21:00:00,1761.99
2022-08-16 22:00:00,1773.199951171875
2022-08-17 21:00:00,1758.37
2022-08-17 22:00:00,1760.300048828125
2022-08-18 21:00:00,1747.09
2022-08-18 22:00:00,1755.300048828125
2022-08-19 22:00:00,1747.5999755859375
2022-08-21 21:00:00,1736.12
2022-08-22 21:00:00,1747.76
2022-08-22 22:00:00,1734.0
2022-08-23 21:00:00,1751.26
2022-08-23 22:00:00,1746.800048828125
2022-08-24 21:00:00,1758.68
2022-08-24 22:00:00,1747.800048828125
2022-08-25 21:00:00,1738.17
2022-08-25 22:00:00,1757.699951171875
2022-08-26 22:00:00,1736.0999755859375
2022-08-28 21:00:00,1737.45
2022-08-29 21:00:00,1724.25
2022-08-29 22:00:00,1736.5999755859375
2022-08-30 21:00:00,1710.97
2022-08-30 22:00:00,1723.199951171875
2022-08-31 21:00:00,1697.56
2022-08-31 22:00:00,1712.800048828125
2022-09-01 21:00:00,1712.09
2022-09-01 22:00:00,1696.5999755859375
2022-09-02 22:00:00,1709.800048828125
2022-09-04 21:00:00,1710.06
2022-09-05 21:00:00,1701.79
2022-09-06 21:00:00,1718.2
2022-09-06 22:00:00,1700.4000244140625
2022-09-07 21:00:00,1708.49
2022-09-07 22:00:00,1715.300048828125
2022-09-08 21:00:00,1717.46
2022-09-08 22:00:00,1708.0
2022-09-09 22:00:00,1716.199951171875
2022-09-11 21:00:00,1724.66
2022-09-12 21:00:00,1702.34
2022-09-12 22:00:00,1728.0999755859375
2022-09-13 21:00:00,1697.38
2022-09-13 22:00:00,1705.0
2022-09-14 21:00:00,1664.63
2022-09-14 22:00:00,1696.5
2022-09-15 21:00:00,1675.71
2022-09-15 22:00:00,1665.4000244140625
2022-09-16 22:00:00,1671.699951171875
2022-09-18 21:00:00,1675.69
2022-09-19 21:00:00,1664.86
2022-09-19 22:00:00,1666.199951171875
2022-09-20 21:00:00,1673.81
2022-09-20 22:00:00,1659.699951171875
2022-09-21 21:00:00,1671.2
2022-09-21 22:00:00,1664.5999755859375
2022-09-22 21:00:00,1645.04
2022-09-22 22:00:00,1670.800048828125
2022-09-23 22:00:00,1645.300048828125
2022-09-25 21:00:00,1622.44
2022-09-26 21:00:00,1629.19
2022-09-26 22:00:00,1623.300048828125
2022-09-27 21:00:00,1659.87
2022-09-27 22:00:00,1626.699951171875
2022-09-28 21:00:00,1660.46
2022-09-28 22:00:00,1660.4000244140625
2022-09-29 21:00:00,1660.85
2022-09-29 22:00:00,1658.5
2022-09-30 22:00:00,1662.4000244140625
2022-10-02 21:00:00,1699.59
2022-10-03 21:00:00,1726.36
2022-10-03 22:00:00,1692.9000244140625
2022-10-04 21:00:00,1716.22
2022-10-04 22:00:00,1721.0999755859375
2022-10-05 21:00:00,1712.45
2022-10-05 22:00:00,1711.4000244140625
2022-10-06 21:00:00,1694.73
2022-10-06 22:00:00,1711.699951171875
2022-10-07 22:00:00,1700.5
2022-10-09 21:00:00,1668.04
2022-10-10 21:00:00,1666.2
2022-10-10 22:00:00,1667.300048828125
2022-10-11 21:00:00,1673.12
2022-10-11 22:00:00,1678.699951171875
2022-10-12 21:00:00,1666.11
2022-10-12 22:00:00,1670.300048828125
2022-10-13 21:00:00,1644.43
2022-10-13 22:00:00,1670.0
2022-10-14 22:00:00,1641.699951171875
2022-10-16 21:00:00,1650.56
2022-10-17 21:00:00,1651.95
2022-10-17 22:00:00,1657.0
2022-10-18 21:00:00,1629.05
2022-10-18 22:00:00,1649.0
2022-10-19 21:00:00,1628.07
2022-10-19 22:00:00,1627.5
2022-10-20 21:00:00,1657.12
2022-10-20 22:00:00,1630.800048828125
2022-10-21 22:00:00,1651.0
2022-10-23 21:00:00,1649.38
2022-10-24 21:00:00,1653.13
2022-10-24 22:00:00,1648.699951171875
2022-10-25 21:00:00,1664.65
2022-10-25 22:00:00,1652.800048828125
2022-10-26 21:00:00,1663.28
2022-10-26 22:00:00,1664.0
2022-10-27 21:00:00,1645.25
2022-10-27 22:00:00,1660.699951171875
2022-10-28 22:00:00,1639.5999755859375
2022-10-30 21:00:00,1633.56
2022-10-31 21:00:00,1647.68
2022-10-31 22:00:00,1635.9000244140625
2022-11-01 21:00:00,1635.07
2022-11-01 22:00:00,1645.0
2022-11-02 21:00:00,1629.56
2022-11-02 22:00:00,1645.699951171875
2022-11-03 21:00:00,1680.58
2022-11-03 22:00:00,1627.300048828125
2022-11-04 22:00:00,1672.5
2022-11-06 22:00:00,1675.26
2022-11-07 22:00:00,1712.39
2022-11-08 22:00:00,1706.88
2022-11-09 22:00:00,1755.48
2022-11-10 22:00:00,1769.81
2022-11-11 22:00:00,1766.0
2022-11-13 22:00:00,1771.14
2022-11-14 22:00:00,1778.66
2022-11-15 22:00:00,1773.73
2022-11-16 22:00:00,1760.15
2022-11-17 22:00:00,1750.21
2022-11-18 22:00:00,1751.9000244140625
2022-11-20 22:00:00,1737.71
2022-11-21 22:00:00,1739.94
2022-11-22 22:00:00,1749.41
2022-11-23 22:00:00,1755.2
2022-11-24 22:00:00,1754.54
2022-11-25 22:00:00,1753.300048828125
2022-11-27 22:00:00,1741.47
2022-11-28 22:00:00,1749.68
2022-11-29 22:00:00,1768.5
2022-11-30 22:00:00,1802.82
2022-12-01 22:00:00,1798.61
2022-12-02 22:00:00,1795.9000244140625
2022-12-04 22:00:00,1768.64
2022-12-05 22:00:00,1770.97
2022-12-06 22:00:00,1786.05
2022-12-07 22:00:00,1788.9
2022-12-08 22:00:00,1796.97
2022-12-09 22:00:00,1798.0999755859375
2022-12-11 22:00:00,1781.32
2022-12-12 22:00:00,1810.48
2022-12-13 22:00:00,1807.25
2022-12-14 22:00:00,1776.7
2022-12-15 22:00:00,1792.94
2022-12-16 22:00:00,1790.0
2022-12-18 22:00:00,1787.62
2022-12-19 22:00:00,1817.65
2022-12-20 22:00:00,1814.15
2022-12-21 22:00:00,1792.39
2022-12-22 22:00:00,1798.15
2022-12-23 22:00:00,1795.9000244140625
2022-12-26 22:00:00,1813.49
2022-12-27 22:00:00,1804.23
2022-12-28 22:00:00,1814.82
2022-12-29 22:00:00,1824.33
2022-12-30 22:00:00,1819.699951171875
2023-01-02 22:00:00,1839.42
2023-01-03 22:00:00,1854.6
2023-01-04 22:00:00,1832.95
2023-01-05 22:00:00,1866.45
2023-01-06 22:00:00,1864.199951171875
2023-01-08 22:00:00,1871.66
2023-01-09 22:00:00,1876.88
2023-01-10 22:00:00,1875.68
2023-01-11 22:00:00,1896.76
2023-01-12 22:00:00,1920.59
2023-01-13 22:00:00,1918.4000244140625
2023-01-15 22:00:00,1915.38
2023-01-16 22:00:00,1908.48
2023-01-17 22:00:00,1904.2
2023-01-18 22:00:00,1932.11
2023-01-19 22:00:00,1926.76
2023-01-20 22:00:00,1926.4000244140625
2023-01-22 22:00:00,1930.86
2023-01-23 22:00:00,1937.21
2023-01-24 22:00:00,1946.06
2023-01-25 22:00:00,1929.03
2023-01-26 22:00:00,1928.56
2023-01-27 22:00:00,1928.5999755859373
2023-01-29 22:00:00,1923.11
2023-01-30 22:00:00,1928.09
2023-01-31 22:00:00,1949.95
2023-02-01 22:00:00,1912.59
2023-02-02 22:00:00,1865.76
2023-02-03 22:00:00,1862.9000244140625
2023-02-05 22:00:00,1867.57
2023-02-06 22:00:00,1873.66
2023-02-07 22:00:00,1875.41
2023-02-08 22:00:00,1861.59
2023-02-09 22:00:00,1865.31
2023-02-10 22:00:00,1862.800048828125
2023-02-12 22:00:00,1853.45
2023-02-13 22:00:00,1854.36
2023-02-14 22:00:00,1835.82
2023-02-15 22:00:00,1836.36
2023-02-16 22:00:00,1842.01
2023-02-17 22:00:00,1840.4000244140625
2023-02-19 22:00:00,1841.22
2023-02-20 22:00:00,1834.88
2023-02-21 22:00:00,1825.16
2023-02-22 22:00:00,1822.22
2023-02-23 22:00:00,1811.15
2023-02-24 22:00:00,1808.800048828125
2023-02-26 22:00:00,1817.16
2023-02-27 22:00:00,1826.68
2023-02-28 22:00:00,1836.54
2023-03-01 22:00:00,1835.58
2023-03-02 22:00:00,1854.68
2023-03-03 22:00:00,1847.699951171875
2023-03-05 22:00:00,1846.59
2023-03-06 22:00:00,1812.96
2023-03-07 22:00:00,1813.68
2023-03-08 22:00:00,1830.75
2023-03-09 22:00:00,1867.31
2023-03-10 22:00:00,1862.0
2023-03-12 21:00:00,1913.48
2023-03-13 21:00:00,1903.77
2023-03-13 22:00:00,1911.699951171875
2023-03-14 21:00:00,1918.24
2023-03-14 22:00:00,1906.199951171875
2023-03-15 21:00:00,1918.89
2023-03-15 22:00:00,1926.5999755859373
2023-03-16 21:00:00,1985.84
2023-03-16 22:00:00,1919.0
2023-03-17 22:00:00,1969.800048828125
2023-03-19 21:00:00,1978.43
2023-03-20 21:00:00,1939.69
2023-03-20 22:00:00,1979.199951171875
2023-03-21 21:00:00,1969.69
2023-03-21 22:00:00,1938.0
2023-03-22 21:00:00,1992.83
2023-03-22 22:00:00,1946.800048828125
2023-03-23 21:00:00,1977.66
2023-03-23 22:00:00,1993.800048828125
2023-03-24 22:00:00,1982.0999755859373
2023-03-26 21:00:00,1956.51
2023-03-27 21:00:00,1973.47
2023-03-27 22:00:00,1952.4000244140625
2023-03-28 21:00:00,1964.51
2023-03-28 22:00:00,1972.4000244140625
2023-03-29 21:00:00,1980.31
2023-03-29 22:00:00,1966.0999755859373
2023-03-30 21:00:00,1969.26
2023-03-30 22:00:00,1980.300048828125
2023-03-31 22:00:00,1969.0
2023-04-02 21:00:00,1984.45
2023-04-03 21:00:00,2019.92
2023-04-03 22:00:00,1983.9000244140625
2023-04-04 21:00:00,2020.69
2023-04-04 22:00:00,2022.199951171875
2023-04-05 21:00:00,2007.61
2023-04-05 22:00:00,2020.9000244140625
2023-04-06 22:00:00,2011.9000244140625
2023-04-09 21:00:00,1990.95
2023-04-10 21:00:00,2003.44
2023-04-10 22:00:00,1989.0999755859373
2023-04-11 21:00:00,2014.86
2023-04-11 22:00:00,2004.800048828125
2023-04-12 21:00:00,2039.9
2023-04-12 22:00:00,2010.9000244140625
2023-04-13 21:00:00,2004.5
2023-04-13 22:00:00,2041.300048828125
2023-04-14 22:00:00,2002.199951171875
2023-04-16 21:00:00,1995.05
2023-04-17 21:00:00,2005.29
2023-04-17 22:00:00,1994.199951171875
2023-04-18 21:00:00,1994.33
2023-04-18 22:00:00,2007.4000244140625
2023-04-19 21:00:00,2004.33
2023-04-19 22:00:00,1995.199951171875
2023-04-20 21:00:00,1982.68
2023-04-20 22:00:00,2007.5999755859373
2023-04-21 22:00:00,1979.5
2023-04-23 21:00:00,1989.01
2023-04-24 21:00:00,1996.74
2023-04-24 22:00:00,1989.0999755859373
2023-04-25 21:00:00,1989.19
2023-04-25 22:00:00,1994.0
2023-04-26 21:00:00,1987.58
2023-04-26 22:00:00,1985.699951171875
2023-04-27 21:00:00,1989.64
2023-04-27 22:00:00,1989.9000244140625
2023-04-28 22:00:00,1990.0999755859373
2023-04-30 21:00:00,1981.76
2023-05-01 21:00:00,2016.56
2023-05-01 22:00:00,1983.4000244140625
2023-05-02 21:00:00,2038.84
2023-05-02 22:00:00,2014.300048828125
2023-05-03 21:00:00,2050.07
2023-05-03 22:00:00,2028.5999755859373
2023-05-04 21:00:00,2015.84
2023-05-04 22:00:00,2048.0
2023-05-05 22:00:00,2017.4000244140625
2023-05-07 21:00:00,2020.87
2023-05-08 21:00:00,2034.08
2023-05-08 22:00:00,2026.300048828125
2023-05-09 21:00:00,2029.58
2023-05-09 22:00:00,2036.199951171875
2023-05-10 21:00:00,2014.45
2023-05-10 22:00:00,2030.5
2023-05-11 21:00:00,2010.7
2023-05-11 22:00:00,2014.699951171875
2023-05-12 22:00:00,2014.5
2023-05-14 21:00:00,2015.88
2023-05-15 21:00:00,1988.92
2023-05-15 22:00:00,2018.0
2023-05-16 21:00:00,1981.33
2023-05-16 22:00:00,1988.4000244140625
2023-05-17 21:00:00,1957.07
2023-05-17 22:00:00,1980.699951171875
2023-05-18 21:00:00,1977.5
2023-05-18 22:00:00,1956.5
2023-05-19 22:00:00,1978.699951171875
2023-05-21 21:00:00,1971.44
2023-05-22 21:00:00,1974.49
2023-05-22 22:00:00,1974.800048828125
2023-05-23 21:00:00,1956.9
2023-05-23 22:00:00,1972.4000244140625
2023-05-24 21:00:00,1941.17
2023-05-24 22:00:00,1962.800048828125
2023-05-25 21:00:00,1946.47
2023-05-25 22:00:00,1943.0999755859373
2023-05-26 22:00:00,1944.0999755859373
2023-05-28 21:00:00,1942.93
2023-05-29 21:00:00,1959.19
2023-05-30 21:00:00,1962.57
2023-05-30 22:00:00,1958.0
2023-05-31 21:00:00,1977.23
2023-05-31 22:00:00,1963.9000244140625
2023-06-01 21:00:00,1948.21
2023-06-01 22:00:00,1978.0
2023-06-02 22:00:00,1952.4000244140625
2023-06-04 21:00:00,1961.24
2023-06-05 21:00:00,1963.37
2023-06-05 22:00:00,1958.0
2023-06-06 21:00:00,1939.64
2023-06-06 22:00:00,1965.5
2023-06-07 21:00:00,1965.31
2023-06-07 22:00:00,1942.699951171875
2023-06-08 21:00:00,1960.4
2023-06-08 22:00:00,1963.5999755859373
2023-06-09 22:00:00,1962.199951171875
2023-06-11 21:00:00,1957.67
2023-06-12 21:00:00,1943.61
2023-06-12 22:00:00,1955.300048828125
2023-06-13 21:00:00,1942.26
2023-06-13 22:00:00,1944.5999755859373
2023-06-14 21:00:00,1957.9
2023-06-14 22:00:00,1955.300048828125
2023-06-15 21:00:00,1957.33
2023-06-15 22:00:00,1957.800048828125
2023-06-16 22:00:00,1958.4000244140625
2023-06-18 21:00:00,1950.28
2023-06-19 21:00:00,1936.21
2023-06-20 21:00:00,1932.1
2023-06-20 22:00:00,1935.5
2023-06-21 21:00:00,1913.74
2023-06-21 22:00:00,1933.300048828125
2023-06-22 21:00:00,1921.41
2023-06-22 22:00:00,1912.699951171875
2023-06-23 22:00:00,1919.0999755859373
2023-06-25 21:00:00,1923.14
2023-06-26 21:00:00,1913.53
2023-06-26 22:00:00,1923.699951171875
2023-06-27 21:00:00,1907.3
2023-06-27 22:00:00,1914.0
2023-06-28 21:00:00,1908.13
2023-06-28 22:00:00,1912.300048828125
2023-06-29 21:00:00,1919.1
2023-06-29 22:00:00,1909.199951171875
2023-06-30 22:00:00,1921.0999755859373
2023-07-02 21:00:00,1921.38
2023-07-03 21:00:00,1925.7
2023-07-03 22:00:00,1921.699951171875
2023-07-04 21:00:00,1915.08
2023-07-05 21:00:00,1910.78
2023-07-05 22:00:00,1919.5999755859373
2023-07-06 21:00:00,1925.09
2023-07-06 22:00:00,1908.699951171875
2023-07-07 22:00:00,1926.199951171875
2023-07-09 21:00:00,1925.18
2023-07-10 21:00:00,1932.12
2023-07-10 22:00:00,1925.0
2023-07-11 21:00:00,1957.31
2023-07-11 22:00:00,1931.300048828125
2023-07-12 21:00:00,1960.32
2023-07-12 22:00:00,1956.199951171875
2023-07-13 21:00:00,1955.3
2023-07-13 22:00:00,1959.199951171875
2023-07-14 22:00:00,1960.0999755859373
2023-07-16 21:00:00,1954.76
2023-07-17 21:00:00,1978.73
2023-07-17 22:00:00,1952.4000244140625
2023-07-18 21:00:00,1976.82
2023-07-18 22:00:00,1977.199951171875
2023-07-19 21:00:00,1969.39
2023-07-19 22:00:00,1977.5
2023-07-20 21:00:00,1961.84
2023-07-20 22:00:00,1968.300048828125
2023-07-21 22:00:00,1964.300048828125
2023-07-23 21:00:00,1954.74
2023-07-24 21:00:00,1964.79
2023-07-24 22:00:00,1960.300048828125
2023-07-25 21:00:00,1972.06
2023-07-25 22:00:00,1962.0999755859373
2023-07-26 21:00:00,1945.46
2023-07-26 22:00:00,1968.9000244140625
2023-07-27 21:00:00,1959.02
2023-07-27 22:00:00,1945.4000244140625
2023-07-28 22:00:00,1960.4000244140625
2023-07-30 21:00:00,1965.4
2023-07-31 21:00:00,1944.04
2023-07-31 22:00:00,1970.5
2023-08-01 21:00:00,1934.71
2023-08-01 22:00:00,1940.699951171875
2023-08-02 21:00:00,1934.02
2023-08-02 22:00:00,1937.4000244140625
2023-08-03 21:00:00,1942.63
2023-08-03 22:00:00,1932.0
2023-08-04 22:00:00,1939.5999755859373
2023-08-06 21:00:00,1936.44
2023-08-07 21:00:00,1924.98
2023-08-07 22:00:00,1933.5
2023-08-08 21:00:00,1914.58
2023-08-08 22:00:00,1924.0999755859373
2023-08-09 21:00:00,1912.27
2023-08-09 22:00:00,1915.4000244140625
2023-08-10 21:00:00,1913.77
2023-08-10 22:00:00,1914.4000244140625
2023-08-11 22:00:00,1912.9000244140625
2023-08-13 21:00:00,1907.33
2023-08-14 21:00:00,1901.85
2023-08-14 22:00:00,1910.5999755859373
2023-08-15 21:00:00,1891.82
2023-08-15 22:00:00,1902.5
2023-08-16 21:00:00,1889.27
2023-08-16 22:00:00,1896.0999755859373
2023-08-17 21:00:00,1889.59
2023-08-17 22:00:00,1884.0999755859373
2023-08-18 22:00:00,1886.0999755859373
2023-08-20 21:00:00,1894.65
2023-08-21 21:00:00,1897.31
2023-08-21 22:00:00,1893.300048828125
2023-08-22 21:00:00,1915.4
2023-08-22 22:00:00,1896.4000244140625
2023-08-23 21:00:00,1916.74
2023-08-23 22:00:00,1918.5
2023-08-24 21:00:00,1913.88
2023-08-24 22:00:00,1918.199951171875
2023-08-25 22:00:00,1911.0999755859373
2023-08-27 21:00:00,1920.15
2023-08-28 21:00:00,1937.34
2023-08-28 22:00:00,1917.9000244140625
2023-08-29 21:00:00,1942.24
2023-08-29 22:00:00,1936.5
2023-08-30 21:00:00,1940.07
2023-08-30 22:00:00,1944.300048828125
2023-08-31 21:00:00,1939.86
2023-08-31 22:00:00,1938.199951171875
2023-09-01 22:00:00,1939.800048828125
2023-09-03 21:00:00,1938.35
2023-09-04 21:00:00,1925.98
2023-09-05 21:00:00,1916.41
2023-09-05 22:00:00,1926.199951171875
2023-09-06 21:00:00,1919.6
2023-09-06 22:00:00,1918.0999755859373
2023-09-07 21:00:00,1918.98
2023-09-07 22:00:00,1917.5
2023-09-08 22:00:00,1918.4000244140625
2023-09-10 21:00:00,1922.3
2023-09-11 21:00:00,1913.31
2023-09-11 22:00:00,1923.300048828125
2023-09-12 21:00:00,1908.11
2023-09-12 22:00:00,1911.300048828125
2023-09-13 21:00:00,1910.5
2023-09-13 22:00:00,1909.0999755859373
2023-09-14 21:00:00,1923.55
2023-09-14 22:00:00,1910.0
2023-09-15 22:00:00,1923.699951171875
2023-09-17 21:00:00,1933.59
2023-09-18 21:00:00,1931.29
2023-09-18 22:00:00,1931.5
2023-09-19 21:00:00,1930.33
2023-09-19 22:00:00,1932.0
2023-09-20 21:00:00,1920.0
2023-09-20 22:00:00,1945.5999755859373
2023-09-21 21:00:00,1925.09
2023-09-21 22:00:00,1919.199951171875
2023-09-22 22:00:00,1925.4000244140625
2023-09-24 21:00:00,1915.74
2023-09-25 21:00:00,1900.55
2023-09-25 22:00:00,1916.5999755859373
2023-09-26 21:00:00,1874.97
2023-09-26 22:00:00,1900.4000244140625
2023-09-27 21:00:00,1864.82
2023-09-27 22:00:00,1871.5999755859373
2023-09-28 21:00:00,1849.08
2023-09-28 22:00:00,1860.4000244140625
2023-09-29 22:00:00,1848.0999755859373
2023-10-01 21:00:00,1827.77
2023-10-02 21:00:00,1822.92
2023-10-02 22:00:00,1830.0
2023-10-03 21:00:00,1821.04
2023-10-03 22:00:00,1824.5999755859373
2023-10-04 21:00:00,1820.12
2023-10-04 22:00:00,1818.5
2023-10-05 21:00:00,1831.58
2023-10-05 22:00:00,1816.5999755859373
2023-10-06 22:00:00,1830.199951171875
2023-10-08 21:00:00,1861.32
2023-10-09 21:00:00,1860.39
2023-10-09 22:00:00,1849.5
2023-10-10 21:00:00,1874.24
2023-10-10 22:00:00,1861.0
2023-10-11 21:00:00,1868.7
2023-10-11 22:00:00,1872.800048828125
2023-10-12 21:00:00,1930.08
2023-10-12 22:00:00,1869.300048828125
2023-10-13 22:00:00,1927.4000244140625
2023-10-15 21:00:00,1920.13
2023-10-16 21:00:00,1923.04
2023-10-16 22:00:00,1921.0999755859373
2023-10-17 21:00:00,1947.54
2023-10-17 22:00:00,1922.699951171875
2023-10-18 21:00:00,1974.31
2023-10-18 22:00:00,1955.300048828125
2023-10-19 21:00:00,1980.3
2023-10-19 22:00:00,1968.4000244140625
2023-10-20 22:00:00,1982.5
2023-10-22 21:00:00,1972.72
2023-10-23 21:00:00,1970.97
2023-10-23 22:00:00,1976.300048828125
2023-10-24 21:00:00,1979.47
2023-10-24 22:00:00,1975.0
2023-10-25 21:00:00,1984.88
2023-10-25 22:00:00,1984.0999755859373
2023-10-26 21:00:00,2005.7
2023-10-26 22:00:00,1987.199951171875
2023-10-27 22:00:00,1988.5999755859373
2023-10-29 21:00:00,1996.11
2023-10-30 21:00:00,1983.95
2023-10-30 22:00:00,1996.199951171875
2023-10-31 21:00:00,1982.68
2023-10-31 22:00:00,1985.199951171875
2023-11-01 21:00:00,1985.82
2023-11-01 22:00:00,1978.800048828125
2023-11-02 21:00:00,1992.39
2023-11-02 22:00:00,1985.5999755859373
2023-11-03 22:00:00,1991.5
2023-11-05 22:00:00,1977.79
2023-11-06 22:00:00,1969.1
2023-11-07 22:00:00,1950.17
2023-11-08 22:00:00,1958.47
2023-11-09 22:00:00,1937.79
2023-11-10 22:00:00,1932.5999755859373
2023-11-12 22:00:00,1946.15
2023-11-13 22:00:00,1963.05
2023-11-14 22:00:00,1959.24
2023-11-15 22:00:00,1981.23
2023-11-16 22:00:00,1980.4
2023-11-17 22:00:00,1981.5999755859373
2023-11-19 22:00:00,1977.65
2023-11-20 22:00:00,1998.32
2023-11-21 22:00:00,1989.84
2023-11-22 22:00:00,1992.37
2023-11-23 22:00:00,2002.16
2023-11-24 22:00:00,2002.199951171875
2023-11-26 22:00:00,2014.17
2023-11-27 22:00:00,2041.19
2023-11-28 22:00:00,2044.19
2023-11-29 22:00:00,2036.02
2023-11-30 22:00:00,2071.44
2023-12-01 22:00:00,2071.0
2023-12-03 22:00:00,2029.03
2023-12-04 22:00:00,2019.3
2023-12-05 22:00:00,2025.32
2023-12-06 22:00:00,2028.51
2023-12-07 22:00:00,2004.01
2023-12-08 22:00:00,1998.300048828125
2023-12-10 22:00:00,1981.76
2023-12-11 22:00:00,1979.39
2023-12-12 22:00:00,2027.29
2023-12-13 22:00:00,2036.36
2023-12-14 22:00:00,2018.45
2023-12-15 22:00:00,2021.0999755859373
2023-12-17 22:00:00,2027.18
2023-12-18 22:00:00,2040.15
2023-12-19 22:00:00,2031.31
2023-12-20 22:00:00,2045.75
2023-12-21 22:00:00,2052.75
2023-12-22 22:00:00,2057.10009765625
2023-12-25 22:00:00,2067.74
2023-12-26 22:00:00,2077.6
2023-12-27 22:00:00,2065.37
2023-12-28 22:00:00,2062.88
2023-12-29 22:00:00,2062.39990234375
2024-01-01 22:00:00,2058.98
2024-01-02 22:00:00,2041.42
2024-01-03 22:00:00,2043.34
2024-01-04 22:00:00,2045.03
2024-01-05 22:00:00,2042.4000244140625
2024-01-07 22:00:00,2027.99
2024-01-08 22:00:00,2030.21
2024-01-09 22:00:00,2024.34
2024-01-10 22:00:00,2028.63
2024-01-11 22:00:00,2048.73
2024-01-12 22:00:00,2046.699951171875
2024-01-14 22:00:00,2054.57
2024-01-15 22:00:00,2028.27
2024-01-16 22:00:00,2006.19
2024-01-17 22:00:00,2023.06
2024-01-18 22:00:00,2029.35
2024-01-19 22:00:00,2026.5
2024-01-21 22:00:00,2021.68
2024-01-22 22:00:00,2029.22
2024-01-23 22:00:00,2013.58
2024-01-24 22:00:00,2020.8
2024-01-25 22:00:00,2018.41
2024-01-26 22:00:00,2016.800048828125
2024-01-28 22:00:00,2032.79
2024-01-29 22:00:00,2036.88
2024-01-30 22:00:00,2039.14
2024-01-31 22:00:00,2054.89
2024-02-01 22:00:00,2039.51
2024-02-02 22:00:00,2036.0999755859373
2024-02-04 22:00:00,2025.01
2024-02-05 22:00:00,2035.84
2024-02-06 22:00:00,2035.09
2024-02-07 22:00:00,2034.28
2024-02-08 22:00:00,2023.98
2024-02-09 22:00:00,2023.300048828125
2024-02-11 22:00:00,2019.95
2024-02-12 22:00:00,1992.97
2024-02-13 22:00:00,1992.15
2024-02-14 22:00:00,2004.35
2024-02-15 22:00:00,2013.46
2024-02-16 22:00:00,2011.5
2024-02-18 22:00:00,2017.77
2024-02-19 22:00:00,2024.17
2024-02-20 22:00:00,2025.93
2024-02-21 22:00:00,2024.35
2024-02-22 22:00:00,2035.69
2024-02-23 22:00:00,2038.5999755859373
2024-02-25 22:00:00,2031.06
2024-02-26 22:00:00,2030.23
2024-02-27 22:00:00,2034.45
2024-02-28 22:00:00,2044.06
2024-02-29 22:00:00,2083.38
2024-03-01 22:00:00,2086.89990234375
2024-03-03 22:00:00,2114.31
2024-03-04 22:00:00,2127.82
2024-03-05 22:00:00,2148.12
2024-03-06 22:00:00,2159.89
2024-03-07 22:00:00,2178.64
2024-03-08 22:00:00,2178.60009765625
2024-03-10 21:00:00,2182.74
2024-03-11 21:00:00,2158.26
2024-03-11 22:00:00,2182.5
2024-03-12 21:00:00,2174.22
2024-03-12 22:00:00,2160.39990234375
2024-03-13 21:00:00,2162.12
2024-03-13 22:00:00,2175.39990234375
2024-03-14 21:00:00,2156.11
2024-03-14 22:00:00,2163.0
2024-03-15 22:00:00,2157.300048828125
2024-03-17 21:00:00,2160.26
2024-03-18 21:00:00,2157.55
2024-03-18 22:00:00,2160.699951171875
2024-03-19 21:00:00,2186.17
2024-03-19 22:00:00,2156.300048828125
2024-03-20 21:00:00,2181.2
2024-03-20 22:00:00,2157.89990234375
2024-03-21 21:00:00,2165.48
2024-03-21 22:00:00,2182.39990234375
2024-03-22 22:00:00,2158.10009765625
2024-03-24 21:00:00,2171.57
2024-03-25 21:00:00,2178.63
2024-03-25 22:00:00,2174.800048828125
2024-03-26 21:00:00,2194.72
2024-03-26 22:00:00,2175.60009765625
2024-03-27 21:00:00,2232.78
2024-03-27 22:00:00,2190.60009765625
2024-03-28 22:00:00,2217.39990234375
2024-03-31 21:00:00,2251.26
2024-04-01 21:00:00,2280.41
2024-04-01 22:00:00,2236.5
2024-04-02 21:00:00,2299.58
2024-04-02 22:00:00,2261.0
2024-04-03 21:00:00,2290.84
2024-04-03 22:00:00,2294.39990234375
2024-04-04 21:00:00,2328.2
2024-04-04 22:00:00,2288.800048828125
2024-04-05 22:00:00,2325.699951171875
2024-04-07 21:00:00,2338.81
2024-04-08 21:00:00,2352.14
2024-04-08 22:00:00,2331.699951171875
2024-04-09 21:00:00,2333.47
2024-04-09 22:00:00,2343.5
2024-04-10 21:00:00,2372.37
2024-04-10 22:00:00,2329.60009765625
2024-04-11 21:00:00,2344.76
2024-04-11 22:00:00,2354.800048828125
2024-04-12 22:00:00,2356.199951171875
2024-04-14 21:00:00,2383.07
2024-04-15 21:00:00,2382.54
2024-04-15 22:00:00,2365.800048828125
2024-04-16 21:00:00,2361.12
2024-04-16 22:00:00,2390.800048828125
2024-04-17 21:00:00,2378.71
2024-04-17 22:00:00,2371.699951171875
2024-04-18 21:00:00,2390.41
2024-04-18 22:00:00,2382.300048828125
2024-04-19 22:00:00,2398.39990234375
2024-04-21 21:00:00,2327.07
2024-04-22 21:00:00,2322.1
2024-04-22 22:00:00,2332.199951171875
2024-04-23 21:00:00,2315.94
2024-04-23 22:00:00,2327.699951171875
2024-04-24 21:00:00,2332.38
2024-04-24 22:00:00,2324.5
2024-04-25 21:00:00,2337.38
2024-04-25 22:00:00,2329.800048828125
2024-04-26 22:00:00,2334.800048828125
2024-04-28 21:00:00,2335.43
2024-04-29 21:00:00,2286.09
2024-04-29 22:00:00,2345.39990234375
2024-04-30 21:00:00,2319.27
2024-04-30 22:00:00,2291.39990234375
2024-05-01 21:00:00,2303.53
2024-05-01 22:00:00,2299.89990234375
2024-05-02 21:00:00,2301.88
2024-05-02 22:00:00,2299.199951171875
2024-05-03 22:00:00,2299.0
2024-05-05 21:00:00,2323.9
2024-05-06 21:00:00,2313.93
2024-05-06 22:00:00,2321.60009765625
2024-05-07 21:00:00,2308.82
2024-05-07 22:00:00,2315.199951171875
2024-05-08 21:00:00,2345.99
2024-05-08 22:00:00,2313.60009765625
2024-05-09 21:00:00,2360.8
2024-05-09 22:00:00,2332.10009765625
2024-05-10 22:00:00,2367.300048828125
2024-05-12 21:00:00,2336.25
2024-05-13 21:00:00,2357.84
2024-05-13 22:00:00,2336.10009765625
2024-05-14 21:00:00,2385.77
2024-05-14 22:00:00,2353.39990234375
2024-05-15 21:00:00,2376.65
2024-05-15 22:00:00,2388.699951171875
2024-05-16 21:00:00,2414.35
2024-05-16 22:00:00,2380.0
2024-05-17 22:00:00,2412.199951171875
2024-05-19 21:00:00,2426.14
2024-05-20 21:00:00,2420.77
2024-05-20 22:00:00,2433.89990234375
2024-05-21 21:00:00,2378.56
2024-05-21 22:00:00,2421.699951171875
2024-05-22 21:00:00,2328.44
2024-05-22 22:00:00,2389.199951171875
2024-05-23 21:00:00,2333.81
2024-05-23 22:00:00,2335.0
2024-05-24 22:00:00,2332.5
2024-05-26 21:00:00,2350.41
2024-05-27 21:00:00,2361.09
2024-05-28 21:00:00,2337.97
2024-05-28 22:00:00,2355.199951171875
2024-05-29 21:00:00,2342.93
2024-05-29 22:00:00,2340.300048828125
2024-05-30 21:00:00,2327.61
2024-05-30 22:00:00,2342.89990234375
2024-05-31 22:00:00,2322.89990234375
2024-06-02 21:00:00,2350.61
2024-06-03 21:00:00,2326.81
2024-06-03 22:00:00,2346.60009765625
2024-06-04 21:00:00,2355.09
2024-06-04 22:00:00,2325.5
2024-06-05 21:00:00,2375.74
2024-06-05 22:00:00,2354.10009765625
2024-06-06 21:00:00,2292.94
2024-06-06 22:00:00,2370.300048828125
2024-06-07 22:00:00,2305.199951171875
2024-06-09 21:00:00,2310.85
2024-06-10 21:00:00,2316.8
2024-06-10 22:00:00,2307.699951171875
2024-06-11 21:00:00,2324.84
2024-06-11 22:00:00,2307.5
2024-06-12 21:00:00,2303.88
2024-06-12 22:00:00,2336.0
2024-06-13 21:00:00,2332.69
2024-06-13 22:00:00,2300.199951171875
2024-06-14 22:00:00,2331.39990234375
2024-06-16 21:00:00,2319.08
2024-06-17 21:00:00,2329.32
2024-06-17 22:00:00,2312.39990234375
2024-06-18 21:00:00,2328.19
2024-06-18 22:00:00,2330.39990234375
2024-06-19 21:00:00,2359.97
2024-06-20 21:00:00,2321.39
2024-06-20 22:00:00,2353.800048828125
2024-06-21 22:00:00,2316.39990234375
2024-06-23 21:00:00,2334.23
2024-06-24 21:00:00,2319.45
2024-06-24 22:00:00,2330.0
2024-06-25 21:00:00,2298.12
2024-06-25 22:00:00,2316.60009765625
2024-06-26 21:00:00,2327.54
2024-06-26 22:00:00,2299.199951171875
2024-06-27 21:00:00,2326.35
2024-06-27 22:00:00,2324.5
2024-06-28 22:00:00,2327.699951171875
2024-06-30 21:00:00,2331.69
2024-07-01 21:00:00,2329.29
2024-07-01 22:00:00,2327.60009765625
2024-07-02 21:00:00,2355.96
2024-07-02 22:00:00,2323.0
2024-07-03 21:00:00,2356.57
2024-07-03 22:00:00,2359.800048828125
2024-07-04 21:00:00,2391.02
2024-07-05 22:00:00,2388.5
2024-07-07 21:00:00,2359.08
2024-07-08 21:00:00,2363.67
2024-07-08 22:00:00,2355.199951171875
2024-07-09 21:00:00,2371.21
2024-07-09 22:00:00,2360.10009765625
2024-07-10 21:00:00,2415.29
2024-07-10 22:00:00,2372.199951171875
2024-07-11 21:00:00,2411.56
2024-07-11 22:00:00,2415.0
2024-07-12 22:00:00,2414.0
2024-07-14 21:00:00,2422.17
2024-07-15 21:00:00,2468.64
2024-07-15 22:00:00,2422.89990234375
2024-07-16 21:00:00,2458.55
2024-07-16 22:00:00,2462.39990234375
2024-07-17 21:00:00,2445.11
2024-07-17 22:00:00,2454.800048828125
2024-07-18 21:00:00,2400.39
2024-07-18 22:00:00,2451.800048828125
2024-07-19 22:00:00,2395.5
2024-07-21 21:00:00,2396.37
2024-07-22 21:00:00,2409.49
2024-07-22 22:00:00,2392.0
2024-07-23 21:00:00,2397.15
2024-07-23 22:00:00,2404.60009765625
2024-07-24 21:00:00,2364.47
2024-07-24 22:00:00,2413.300048828125
2024-07-25 21:00:00,2388.18
2024-07-25 22:00:00,2351.89990234375
2024-07-26 22:00:00,2380.0
2024-07-28 21:00:00,2383.49
2024-07-29 21:00:00,2410.94
2024-07-29 22:00:00,2377.300048828125
2024-07-30 21:00:00,2447.3
2024-07-30 22:00:00,2405.0
2024-07-31 21:00:00,2446.34
2024-07-31 22:00:00,2426.5
2024-08-01 21:00:00,2441.32
2024-08-01 22:00:00,2435.0
2024-08-02 22:00:00,2425.699951171875
2024-08-04 21:00:00,2409.85
2024-08-05 21:00:00,2389.76
2024-08-05 22:00:00,2401.699951171875
2024-08-06 21:00:00,2382.99
2024-08-06 22:00:00,2389.10009765625
2024-08-07 21:00:00,2427.09
2024-08-07 22:00:00,2390.5
2024-08-08 21:00:00,2430.95
2024-08-08 22:00:00,2422.199951171875
2024-08-09 22:00:00,2432.10009765625
2024-08-11 21:00:00,2471.99
2024-08-12 21:00:00,2464.94
2024-08-12 22:00:00,2462.39990234375
2024-08-13 21:00:00,2447.88
2024-08-13 22:00:00,2466.699951171875
2024-08-14 21:00:00,2456.45
2024-08-14 22:00:00,2439.39990234375
2024-08-15 21:00:00,2507.16
2024-08-15 22:00:00,2453.10009765625
2024-08-16 22:00:00,2498.60009765625
2024-08-18 21:00:00,2504.17
2024-08-19 21:00:00,2513.96
2024-08-19 22:00:00,2501.800048828125
2024-08-20 21:00:00,2512.29
2024-08-20 22:00:00,2511.300048828125
2024-08-21 21:00:00,2484.66
2024-08-21 22:00:00,2508.39990234375
2024-08-22 21:00:00,2511.9
2024-08-22 22:00:00,2478.89990234375
2024-08-23 22:00:00,2508.39990234375
2024-08-25 21:00:00,2517.92
2024-08-26 21:00:00,2524.62
2024-08-26 22:00:00,2517.699951171875
2024-08-27 21:00:00,2504.61
2024-08-27 22:00:00,2516.0
2024-08-28 21:00:00,2521.1
2024-08-28 22:00:00,2501.0
2024-08-29 21:00:00,2503.34
2024-08-29 22:00:00,2525.699951171875
2024-08-30 22:00:00,2493.800048828125
2024-09-01 21:00:00,2498.38
2024-09-02 21:00:00,2493.0
2024-09-03 21:00:00,2495.52
2024-09-03 22:00:00,2489.89990234375
2024-09-04 21:00:00,2516.61
2024-09-04 22:00:00,2493.39990234375
2024-09-05 21:00:00,2496.89
2024-09-05 22:00:00,2511.39990234375
2024-09-06 22:00:00,2493.5
2024-09-08 21:00:00,2506.36
2024-09-09 21:00:00,2516.63
2024-09-09 22:00:00,2501.800048828125
2024-09-10 21:00:00,2511.37
2024-09-10 22:00:00,2512.300048828125
2024-09-11 21:00:00,2558.67
2024-09-11 22:00:00,2512.10009765625
2024-09-12 21:00:00,2579.39
2024-09-12 22:00:00,2551.199951171875
2024-09-13 22:00:00,2581.300048828125
2024-09-15 21:00:00,2582.36
2024-09-16 21:00:00,2569.24
2024-09-16 22:00:00,2580.39990234375
2024-09-17 21:00:00,2559.14
2024-09-17 22:00:00,2564.300048828125
2024-09-18 21:00:00,2586.72
2024-09-18 22:00:00,2570.699951171875
2024-09-19 21:00:00,2622.08
2024-09-19 22:00:00,2588.0
2024-09-20 22:00:00,2619.89990234375
2024-09-22 21:00:00,2628.36
2024-09-23 21:00:00,2657.01
2024-09-23 22:00:00,2626.5
2024-09-24 21:00:00,2656.98
2024-09-24 22:00:00,2651.199951171875
2024-09-25 21:00:00,2672.29
2024-09-25 22:00:00,2659.199951171875
2024-09-26 21:00:00,2658.72
2024-09-26 22:00:00,2669.89990234375
2024-09-27 22:00:00,2644.300048828125
2024-09-29 21:00:00,2634.51
2024-09-30 21:00:00,2663.41
2024-09-30 22:00:00,2636.10009765625
2024-10-01 21:00:00,2658.53
2024-10-01 22:00:00,2667.300048828125
2024-10-02 21:00:00,2655.98
2024-10-02 22:00:00,2647.10009765625
2024-10-03 21:00:00,2652.74
2024-10-03 22:00:00,2657.10009765625
2024-10-04 22:00:00,2645.800048828125
2024-10-06 21:00:00,2642.62
2024-10-07 21:00:00,2621.83
2024-10-07 22:00:00,2644.800048828125
2024-10-08 21:00:00,2607.63
2024-10-08 22:00:00,2615.0
2024-10-09 21:00:00,2630.02
2024-10-09 22:00:00,2606.0
2024-10-10 21:00:00,2657.06
2024-10-10 22:00:00,2620.60009765625
2024-10-11 22:00:00,2657.60009765625
2024-10-13 21:00:00,2648.67
2024-10-14 21:00:00,2662.67
2024-10-14 22:00:00,2647.800048828125
2024-10-15 21:00:00,2673.7
2024-10-15 22:00:00,2661.39990234375
2024-10-16 21:00:00,2692.78
2024-10-16 22:00:00,2674.0
2024-10-17 21:00:00,2722.07
2024-10-17 22:00:00,2691.0
2024-10-18 22:00:00,2713.699951171875
2024-10-20 21:00:00,2719.56
2024-10-21 21:00:00,2748.79
2024-10-21 22:00:00,2723.10009765625
2024-10-22 21:00:00,2715.31
2024-10-22 22:00:00,2744.199951171875
2024-10-23 21:00:00,2735.9
2024-10-23 22:00:00,2714.39990234375
2024-10-24 21:00:00,2746.36
2024-10-24 22:00:00,2734.89990234375
2024-10-25 22:00:00,2740.89990234375
2024-10-27 21:00:00,2742.18
2024-10-28 21:00:00,2774.4
2024-10-28 22:00:00,2742.89990234375
2024-10-29 21:00:00,2787.34
2024-10-29 22:00:00,2768.39990234375
2024-10-30 21:00:00,2743.85
2024-10-30 22:00:00,2788.5
2024-10-31 21:00:00,2735.16
2024-10-31 22:00:00,2738.300048828125
2024-11-01 22:00:00,2738.60009765625
2024-11-03 22:00:00,2736.5
2024-11-04 22:00:00,2743.81
2024-11-05 22:00:00,2658.94
2024-11-06 22:00:00,2706.48
2024-11-07 22:00:00,2684.47
2024-11-08 22:00:00,2687.5
2024-11-10 22:00:00,2619.42
2024-11-11 22:00:00,2598.07
2024-11-12 22:00:00,2572.81
2024-11-13 22:00:00,2564.6
2024-11-14 22:00:00,2561.65
2024-11-15 22:00:00,2565.699951171875
2024-11-17 22:00:00,2611.73
2024-11-18 22:00:00,2632.15
2024-11-19 22:00:00,2650.17
2024-11-20 22:00:00,2669.43
2024-11-21 22:00:00,2714.51
2024-11-22 22:00:00,2709.89990234375
2024-11-24 22:00:00,2625.43
2024-11-25 22:00:00,2633.05
2024-11-26 22:00:00,2635.83
2024-11-27 22:00:00,2637.6
2024-11-28 22:00:00,2650.32
2024-11-29 22:00:00,2657.0
2024-12-01 22:00:00,2638.7
2024-12-02 22:00:00,2643.46
2024-12-03 22:00:00,2649.81
2024-12-04 22:00:00,2631.88
2024-12-05 22:00:00,2633.12
2024-12-06 22:00:00,2638.60009765625
2024-12-08 22:00:00,2660.18
2024-12-09 22:00:00,2693.78
2024-12-10 22:00:00,2717.91
2024-12-11 22:00:00,2680.8
2024-12-12 22:00:00,2648.62
2024-12-13 22:00:00,2656.0
2024-12-15 22:00:00,2652.6
2024-12-16 22:00:00,2646.34
2024-12-17 22:00:00,2585.63
2024-12-18 22:00:00,2594.45
2024-12-19 22:00:00,2622.54
2024-12-20 22:00:00,2628.699951171875
2024-12-22 22:00:00,2612.59
2024-12-23 22:00:00,2616.46
2024-12-24 22:00:00,2620.0
2024-12-25 22:00:00,2633.42
2024-12-26 22:00:00,2620.99
2024-12-27 22:00:00,2617.199951171875
2024-12-29 22:00:00,2605.67
2024-12-30 22:00:00,2623.83
2024-12-31 22:00:00,2629.199951171875
2025-01-01 22:00:00,2658.03
2025-01-02 22:00:00,2639.29
2025-01-03 22:00:00,2645.0
2025-01-05 22:00:00,2635.91
2025-01-06 22:00:00,2648.52
2025-01-07 22:00:00,2661.46
2025-01-08 22:00:00,2670.14
2025-01-09 22:00:00,2689.09
2025-01-10 22:00:00,2708.5
2025-01-12 22:00:00,2662.84
2025-01-13 22:00:00,2677.08
2025-01-14 22:00:00,2696.33
2025-01-15 22:00:00,2714.32
2025-01-16 22:00:00,2702.38
2025-01-17 22:00:00,2744.300048828125
2025-01-19 22:00:00,2706.22
2025-01-20 22:00:00,2744.56
2025-01-21 22:00:00,2756.1
2025-01-22 22:00:00,2754.46
2025-01-23 22:00:00,2771.56
2025-01-24 22:00:00,2777.300048828125
2025-01-26 22:00:00,2740.79
2025-01-27 22:00:00,2763.23
2025-01-28 22:00:00,2759.66
2025-01-29 22:00:00,2794.08
2025-01-30 22:00:00,2800.46
2025-01-31 22:00:00,2812.5
2025-02-02 22:00:00,2814.64
2025-02-03 22:00:00,2841.71
2025-02-04 22:00:00,2867.15
2025-02-05 22:00:00,2855.83
2025-02-06 22:00:00,2861.95
2025-02-07 22:00:00,2867.300048828125
2025-02-09 22:00:00,2907.85
2025-02-10 22:00:00,2897.36
2025-02-11 22:00:00,2904.12
2025-02-12 22:00:00,2928.22
2025-02-13 22:00:00,2882.96
2025-02-14 22:00:00,2883.60009765625
2025-02-16 22:00:00,2898.89
2025-02-17 22:00:00,2935.07
2025-02-18 22:00:00,2933.37
2025-02-19 22:00:00,2939.56
2025-02-20 22:00:00,2936.04
2025-02-21 22:00:00,2937.60009765625
2025-02-23 22:00:00,2952.45
2025-02-24 22:00:00,2914.87
2025-02-25 22:00:00,2916.31
2025-02-26 22:00:00,2876.88
2025-02-27 22:00:00,2859.15
2025-02-28 22:00:00,2836.800048828125
2025-03-02 22:00:00,2893.16
2025-03-03 22:00:00,2917.8
2025-03-04 22:00:00,2918.97
2025-03-05 22:00:00,2910.93
2025-03-06 22:00:00,2912.04
2025-03-07 22:00:00,2904.699951171875
2025-03-09 21:00:00,2889.12
2025-03-10 21:00:00,2915.69
2025-03-10 22:00:00,2891.0
2025-03-11 21:00:00,2933.43
2025-03-11 22:00:00,2912.89990234375
2025-03-12 21:00:00,2988.69
2025-03-12 22:00:00,2939.10009765625
2025-03-13 21:00:00,2988.05
2025-03-13 22:00:00,2984.300048828125
2025-03-14 22:00:00,2994.5
2025-03-16 21:00:00,3001.11
2025-03-17 21:00:00,3034.01
2025-03-17 22:00:00,3000.0
2025-03-18 21:00:00,3047.29
2025-03-18 22:00:00,3035.10009765625
2025-03-19 21:00:00,3044.72
2025-03-19 22:00:00,3035.89990234375
2025-03-20 21:00:00,3022.88
2025-03-20 22:00:00,3040.0
2025-03-21 22:00:00,3018.199951171875
2025-03-23 21:00:00,3012.02
2025-03-24 21:00:00,3020.01
2025-03-24 22:00:00,3013.10009765625
2025-03-25 21:00:00,3019.24
2025-03-25 22:00:00,3023.699951171875
2025-03-26 21:00:00,3056.7
2025-03-26 22:00:00,3020.89990234375
2025-03-27 21:00:00,3084.2
2025-03-27 22:00:00,3060.199951171875
2025-03-28 22:00:00,3086.5
2025-03-30 21:00:00,3123.87
2025-03-31 21:00:00,3114.08
2025-03-31 22:00:00,3122.800048828125
2025-04-01 21:00:00,3130.97
2025-04-01 22:00:00,3118.89990234375
2025-04-02 21:00:00,3114.29
2025-04-02 22:00:00,3139.89990234375
2025-04-03 21:00:00,3037.02
2025-04-03 22:00:00,3097.0
2025-04-04 22:00:00,3012.0
2025-04-06 21:00:00,2981.89
2025-04-07 21:00:00,2982.03
2025-04-07 22:00:00,2951.300048828125
2025-04-08 21:00:00,3083.01
2025-04-08 22:00:00,2968.39990234375
2025-04-09 21:00:00,3175.39
2025-04-09 22:00:00,3056.5
2025-04-10 21:00:00,3237.83
2025-04-10 22:00:00,3155.199951171875
2025-04-11 22:00:00,3222.199951171875
2025-04-13 21:00:00,3210.4
2025-04-14 21:00:00,3229.41
2025-04-14 22:00:00,3204.800048828125
2025-04-15 21:00:00,3342.84
2025-04-15 22:00:00,3218.699951171875
2025-04-16 21:00:00,3327.06
2025-04-16 22:00:00,3326.60009765625
2025-04-17 22:00:00,3308.699951171875
2025-04-20 21:00:00,3424.05
2025-04-21 21:00:00,3381.0
2025-04-21 22:00:00,3406.199951171875
2025-04-22 21:00:00,3288.2
2025-04-22 22:00:00,3400.800048828125
2025-04-23 21:00:00,3348.55
2025-04-23 22:00:00,3276.300048828125
2025-04-24 21:00:00,3316.35
2025-04-24 22:00:00,3332.0
2025-04-25 22:00:00,3282.39990234375
2025-04-27 21:00:00,3344.0
2025-04-28 21:00:00,3317.07
2025-04-28 22:00:00,3332.5
2025-04-29 21:00:00,3288.59
2025-04-29 22:00:00,3318.800048828125
2025-04-30 21:00:00,3237.88
2025-04-30 22:00:00,3305.0
2025-05-01 21:00:00,3240.66
2025-05-01 22:00:00,3210.0
2025-05-02 22:00:00,3231.89990234375
2025-05-04 21:00:00,3333.64
2025-05-05 21:00:00,3430.17
2025-05-05 22:00:00,3311.300048828125
2025-05-06 21:00:00,3364.34
2025-05-06 22:00:00,3411.39990234375
2025-05-07 21:00:00,3305.82
2025-05-07 22:00:00,3381.39990234375
2025-05-08 21:00:00,3325.17
2025-05-08 22:00:00,3296.60009765625
2025-05-09 22:00:00,3335.39990234375
2025-05-11 21:00:00,3234.87
2025-05-12 21:00:00,3250.16
2025-05-12 22:00:00,3220.0
2025-05-13 21:00:00,3177.42
2025-05-13 22:00:00,3240.300048828125
2025-05-14 21:00:00,3239.82
2025-05-14 22:00:00,3181.39990234375
2025-05-15 21:00:00,3201.08
2025-05-15 22:00:00,3220.699951171875
2025-05-16 22:00:00,3182.0
2025-05-18 21:00:00,3230.19
2025-05-19 21:00:00,3289.79
2025-05-19 22:00:00,3228.89990234375
2025-05-20 21:00:00,3315.13
2025-05-20 22:00:00,3280.300048828125
2025-05-21 21:00:00,3294.68
2025-05-21 22:00:00,3309.300048828125
2025-05-22 21:00:00,3360.07
2025-05-22 22:00:00,3292.300048828125
2025-05-23 22:00:00,3363.60009765625
2025-05-25 21:00:00,3342.19
2025-05-26 21:00:00,3300.42
2025-05-27 21:00:00,3288.37
2025-05-27 22:00:00,3299.10009765625
2025-05-28 21:00:00,3317.55
2025-05-28 22:00:00,3293.60009765625
2025-05-29 21:00:00,3290.99
2025-05-29 22:00:00,3317.10009765625
2025-05-30 22:00:00,3288.89990234375
2025-06-01 21:00:00,3381.4
2025-06-02 21:00:00,3353.43
2025-06-02 22:00:00,3370.60009765625
2025-06-03 21:00:00,3372.2
2025-06-03 22:00:00,3350.199951171875
2025-06-04 21:00:00,3352.7
2025-06-04 22:00:00,3373.5
2025-06-05 21:00:00,3312.09
2025-06-05 22:00:00,3350.699951171875
2025-06-06 22:00:00,3322.699951171875
2025-06-08 21:00:00,3325.57
2025-06-09 21:00:00,3322.5
2025-06-09 22:00:00,3332.10009765625
2025-06-10 21:00:00,3354.85
2025-06-10 22:00:00,3320.89990234375
2025-06-11 21:00:00,3386.81
2025-06-11 22:00:00,3321.300048828125
2025-06-12 21:00:00,3432.57
2025-06-12 22:00:00,3380.89990234375
2025-06-13 22:00:00,3431.199951171875
2025-06-15 21:00:00,3385.31
2025-06-16 21:00:00,3388.57
2025-06-16 22:00:00,3396.39990234375
2025-06-17 21:00:00,3369.26
2025-06-17 22:00:00,3386.60009765625
2025-06-18 21:00:00,3370.34
2025-06-18 22:00:00,3389.800048828125
2025-06-19 21:00:00,3368.73
2025-06-20 22:00:00,3368.10009765625
2025-06-22 21:00:00,3369.09
2025-06-23 21:00:00,3323.03
2025-06-23 22:00:00,3377.699951171875
2025-06-24 21:00:00,3332.2
2025-06-24 22:00:00,3317.39990234375
2025-06-25 21:00:00,3327.85
2025-06-25 22:00:00,3327.10009765625
2025-06-26 21:00:00,3274.46
2025-06-26 22:00:00,3333.5
2025-06-27 22:00:00,3273.699951171875
2025-06-29 21:00:00,3302.96
2025-06-30 21:00:00,3338.93
2025-06-30 22:00:00,3294.39990234375
2025-07-01 21:00:00,3357.04
2025-07-01 22:00:00,3336.699951171875
2025-07-02 21:00:00,3325.97
2025-07-02 22:00:00,3348.0
2025-07-03 21:00:00,3337.0
2025-07-03 22:00:00,3331.60009765625
2025-07-04 22:00:00,3332.5
2025-07-06 21:00:00,3336.33
2025-07-07 21:00:00,3301.49
2025-07-07 22:00:00,3332.199951171875
2025-07-08 21:00:00,3313.55
2025-07-08 22:00:00,3307.0
2025-07-09 21:00:00,3323.93
2025-07-09 22:00:00,3311.60009765625
2025-07-10 21:00:00,3357.37
2025-07-10 22:00:00,3317.39990234375
2025-07-11 22:00:00,3356.0
2025-07-13 21:00:00,3343.37
2025-07-14 21:00:00,3324.82
2025-07-14 22:00:00,3351.5
2025-07-15 21:00:00,3347.42
2025-07-15 22:00:00,3329.800048828125
2025-07-16 21:00:00,3339.17
2025-07-16 22:00:00,3352.5
2025-07-17 21:00:00,3350.7
2025-07-17 22:00:00,3340.10009765625
2025-07-18 22:00:00,3353.0
2025-07-20 21:00:00,3397.03
2025-07-21 21:00:00,3431.67
2025-07-21 22:00:00,3401.89990234375
2025-07-22 21:00:00,3387.09
2025-07-22 22:00:00,3439.199951171875
2025-07-23 21:00:00,3368.5
2025-07-23 22:00:00,3394.10009765625
2025-07-24 21:00:00,3336.34
2025-07-24 22:00:00,3371.0
2025-07-25 22:00:00,3334.0
2025-07-27 21:00:00,3314.54
2025-07-28 21:00:00,3326.54
2025-07-28 22:00:00,3309.10009765625
2025-07-29 21:00:00,3275.0
2025-07-29 22:00:00,3323.39990234375
2025-07-30 21:00:00,3290.05
2025-07-30 22:00:00,3295.800048828125
2025-07-31 21:00:00,3363.11
2025-07-31 22:00:00,3293.199951171875
2025-08-01 22:00:00,3347.699951171875
2025-08-03 21:00:00,3373.56
2025-08-04 21:00:00,3380.77
2025-08-04 22:00:00,3374.39990234375
2025-08-05 21:00:00,3369.28
2025-08-05 22:00:00,3381.89990234375
2025-08-06 21:00:00,3395.82
2025-08-06 22:00:00,3380.0
2025-08-07 21:00:00,3396.99
2025-08-07 22:00:00,3400.300048828125
2025-08-08 22:00:00,3439.10009765625
2025-08-10 21:00:00,3342.72
2025-08-11 21:00:00,3348.05
2025-08-11 22:00:00,3353.10009765625
2025-08-12 21:00:00,3355.92
2025-08-12 22:00:00,3348.89990234375
2025-08-13 21:00:00,3335.41
2025-08-13 22:00:00,3358.699951171875
2025-08-14 21:00:00,3335.98
2025-08-14 22:00:00,3335.199951171875
2025-08-15 22:00:00,3336.0
2025-08-17 21:00:00,3332.82
2025-08-18 21:00:00,3315.54
2025-08-18 22:00:00,3331.699951171875
2025-08-19 21:00:00,3348.26
2025-08-19 22:00:00,3313.39990234375
2025-08-20 21:00:00,3338.57
2025-08-20 22:00:00,3343.39990234375
2025-08-21 21:00:00,3371.79
2025-08-21 22:00:00,3336.89990234375
2025-08-22 22:00:00,3374.39990234375
2025-08-24 21:00:00,3365.67
2025-08-25 21:00:00,3393.55
2025-08-25 22:00:00,3373.800048828125
2025-08-26 21:00:00,3397.23
2025-08-26 22:00:00,3388.60009765625
2025-08-27 21:00:00,3416.98
2025-08-27 22:00:00,3404.60009765625
2025-08-28 21:00:00,3447.95
2025-08-28 22:00:00,3431.800048828125
2025-08-29 22:00:00,3473.699951171875
2025-08-31 21:00:00,3476.41
2025-09-01 21:00:00,3533.35
2025-09-02 21:00:00,3558.96
2025-09-02 22:00:00,3549.39990234375
2025-09-03 21:00:00,3545.82
2025-09-03 22:00:00,3593.199951171875
2025-09-04 21:00:00,3587.17
2025-09-04 22:00:00,3565.800048828125
2025-09-05 22:00:00,3613.199951171875
2025-09-07 21:00:00,3635.71
2025-09-08 21:00:00,3626.21
2025-09-08 22:00:00,3638.10009765625
2025-09-09 21:00:00,3640.44
2025-09-09 22:00:00,3643.300048828125
2025-09-10 21:00:00,3633.8
2025-09-10 22:00:00,3643.60009765625
2025-09-11 21:00:00,3643.17
2025-09-11 22:00:00,3636.89990234375
2025-09-12 22:00:00,3649.39990234375
2025-09-14 21:00:00,3678.81
2025-09-15 21:00:00,3689.68
2025-09-15 22:00:00,3682.199951171875
2025-09-16 21:00:00,3659.8
2025-09-16 22:00:00,3688.89990234375
2025-09-17 21:00:00,3644.29
2025-09-17 22:00:00,3681.800048828125
2025-09-18 21:00:00,3684.79
2025-09-18 22:00:00,3643.699951171875
2025-09-19 22:00:00,3671.5
2025-09-21 21:00:00,3746.69
2025-09-22 21:00:00,3763.99
2025-09-22 22:00:00,3740.699951171875
2025-09-23 21:00:00,3735.95
2025-09-23 22:00:00,3780.60009765625
2025-09-24 21:00:00,3749.22
2025-09-24 22:00:00,3732.10009765625
2025-09-25 21:00:00,3761.37
2025-09-25 22:00:00,3736.89990234375
2025-09-26 22:00:00,3775.300048828125
2025-09-28 21:00:00,3833.81
2025-09-29 21:00:00,3858.26
2025-09-29 22:00:00,3820.89990234375
2025-09-30 21:00:00,3865.46
2025-09-30 22:00:00,3840.800048828125
2025-10-01 21:00:00,3856.37
2025-10-01 22:00:00,3867.5
2025-10-02 21:00:00,3886.49
2025-10-02 22:00:00,3839.699951171875
2025-10-03 22:00:00,3880.800048828125
2025-10-05 21:00:00,3960.83
2025-10-06 21:00:00,3984.43
2025-10-06 22:00:00,3948.5
2025-10-07 21:00:00,4041.48
2025-10-07 22:00:00,3976.60009765625
2025-10-08 21:00:00,3976.04
2025-10-08 22:00:00,4043.300048828125
2025-10-09 21:00:00,4018.71
2025-10-09 22:00:00,3946.300048828125
2025-10-10 22:00:00,3975.89990234375
2025-10-12 21:00:00,4110.53
2025-10-13 21:00:00,4141.98
2025-10-13 22:00:00,4108.60009765625
2025-10-14 21:00:00,4208.08
2025-10-14 22:00:00,4138.7001953125
2025-10-15 21:00:00,4326.04
2025-10-15 22:00:00,4176.89990234375
2025-10-16 21:00:00,4246.94
2025-10-16 22:00:00,4280.2001953125
2025-10-17 22:00:00,4189.89990234375
2025-10-19 21:00:00,4356.41
2025-10-20 21:00:00,4125.07
2025-10-20 22:00:00,4336.39990234375
2025-10-21 21:00:00,4098.32
2025-10-21 22:00:00,4087.699951171875
2025-10-22 21:00:00,4125.93
2025-10-22 22:00:00,4044.39990234375
2025-10-23 21:00:00,4112.76
2025-10-23 22:00:00,4125.5
2025-10-24 22:00:00,4118.39990234375
2025-10-26 21:00:00,3981.51
2025-10-27 21:00:00,3952.61
2025-10-27 22:00:00,4001.89990234375
2025-10-28 21:00:00,3930.05
2025-10-28 22:00:00,3966.199951171875
2025-10-29 21:00:00,4024.26
2025-10-29 22:00:00,3983.699951171875
2025-10-30 21:00:00,4002.96
2025-10-30 22:00:00,4001.300048828125
2025-10-31 22:00:00,3982.199951171875
2025-11-02 22:00:00,4001.29
2025-11-03 22:00:00,3931.95
2025-11-04 22:00:00,3979.05
2025-11-05 22:00:00,3976.97
2025-11-06 22:00:00,4001.18
2025-11-07 22:00:00,3999.39990234375
2025-11-09 22:00:00,4115.78
2025-11-10 22:00:00,4126.73
2025-11-11 22:00:00,4195.57
2025-11-12 22:00:00,4171.15
2025-11-13 22:00:00,4084.62
2025-11-14 22:00:00,4087.60009765625
2025-11-16 22:00:00,4045.67
2025-11-17 22:00:00,4067.62
2025-11-18 22:00:00,4077.79
2025-11-19 22:00:00,4077.28
2025-11-20 22:00:00,4065.58
2025-11-21 22:00:00,4076.699951171875
2025-11-23 22:00:00,4134.57
2025-11-24 22:00:00,4130.67
2025-11-25 22:00:00,4163.83
2025-11-26 22:00:00,4157.35
2025-11-27 22:00:00,4219.33
2025-11-28 22:00:00,4218.2998046875
2025-11-30 22:00:00,4232.15
2025-12-01 22:00:00,4205.7
2025-12-02 22:00:00,4203.06
2025-12-03 22:00:00,4208.64
2025-12-04 22:00:00,4196.14
2025-12-05 22:00:00,4212.89990234375
2025-12-07 22:00:00,4190.61
2025-12-08 22:00:00,4208.13
2025-12-09 22:00:00,4228.5
2025-12-10 22:00:00,4279.69
2025-12-11 22:00:00,4300.2
2025-12-12 22:00:00,4300.10009765625
2025-12-14 22:00:00,4304.94
2025-12-15 22:00:00,4302.22
2025-12-16 22:00:00,4338.22
2025-12-17 22:00:00,4332.5
2025-12-18 22:00:00,4338.25
2025-12-19 22:00:00,4361.39990234375
2025-12-21 22:00:00,4443.47
2025-12-22 22:00:00,4484.61
2025-12-23 22:00:00,4479.45
2025-12-24 22:00:00,4480.60009765625
2025-12-25 22:00:00,4531.96
2025-12-26 22:00:00,4529.10009765625
2025-12-28 22:00:00,4331.82
2025-12-29 22:00:00,4338.64
2025-12-30 22:00:00,4311.49
2025-12-31 22:00:00,4325.60009765625
2026-01-01 22:00:00,4332.88
2026-01-02 22:00:00,4314.39990234375
2026-01-04 22:00:00,4449.0
2026-01-05 22:00:00,4494.66
2026-01-06 22:00:00,4456.38
2026-01-07 22:00:00,4477.41
2026-01-08 22:00:00,4509.96
2026-01-09 22:00:00,4490.2998046875
2026-01-11 22:00:00,4597.34
2026-01-12 22:00:00,4586.3
2026-01-13 22:00:00,4626.46
2026-01-14 22:00:00,4615.85
2026-01-15 22:00:00,4595.44
2026-01-16 22:00:00,4588.39990234375
2026-01-18 22:00:00,4670.74
2026-01-19 22:00:00,4763.42
2026-01-20 22:00:00,4831.23
2026-01-21 22:00:00,4936.3
2026-01-22 22:00:00,4986.13
2026-01-23 22:00:00,4976.2001953125
2026-01-25 22:00:00,5008.07
2026-01-26 22:00:00,5180.83
2026-01-27 22:00:00,5417.38
2026-01-28 22:00:00,5370.18
2026-01-29 22:00:00,4882.69
2026-01-30 22:00:00,4713.89990234375
2026-02-01 22:00:00,4660.63
2026-02-02 22:00:00,4946.42
2026-02-03 22:00:00,4964.6
2026-02-04 22:00:00,4778.87
2026-02-05 22:00:00,4960.58
2026-02-06 22:00:00,4951.2001953125
2026-02-08 22:00:00,5058.08
2026-02-09 22:00:00,5025.31
2026-02-10 22:00:00,5084.37
2026-02-11 22:00:00,4921.71
2026-02-12 22:00:00,5042.93
2026-02-13 22:00:00,5022.0
2026-02-15 22:00:00,4993.64
2026-02-16 22:00:00,4877.25
2026-02-17 22:00:00,4977.39
2026-02-18 22:00:00,4996.11
2026-02-19 22:00:00,5103.62
2026-02-20 22:00:00,5059.2998046875
2026-02-22 22:00:00,5227.52
2026-02-23 22:00:00,5143.83
2026-02-24 22:00:00,5164.83
2026-02-25 22:00:00,5185.04
2026-02-26 22:00:00,5280.01
2026-02-27 22:00:00,5230.5
2026-03-01 22:00:00,5321.88
2026-03-02 22:00:00,5088.22
2026-03-03 22:00:00,5141.05
2026-03-04 22:00:00,5081.04
2026-03-05 22:00:00,5171.14
2026-03-06 22:00:00,5146.10009765625
2026-03-08 21:00:00,5136.72
2026-03-09 21:00:00,5192.76
2026-03-09 22:00:00,5091.5
2026-03-10 21:00:00,5176.09
2026-03-10 22:00:00,5229.7001953125
2026-03-11 21:00:00,5079.06
2026-03-11 22:00:00,5167.39990234375
2026-03-12 21:00:00,5021.25
2026-03-12 22:00:00,5115.7998046875
2026-03-13 22:00:00,5052.5
2026-03-15 21:00:00,5006.31
2026-03-16 21:00:00,5005.52
2026-03-16 22:00:00,4994.0
2026-03-17 21:00:00,4818.71
2026-03-17 22:00:00,5001.0
2026-03-18 21:00:00,4650.5
2026-03-18 22:00:00,4889.89990234375
2026-03-19 21:00:00,4497.31
2026-03-19 22:00:00,4600.7001953125
2026-03-20 22:00:00,4570.39990234375
2026-03-22 21:00:00,4406.75
2026-03-23 21:00:00,4474.3
2026-03-23 22:00:00,4404.10009765625
2026-03-24 21:00:00,4506.65
2026-03-24 22:00:00,4399.2998046875
2026-03-25 21:00:00,4378.07
2026-03-25 22:00:00,4549.7998046875
2026-03-26 21:00:00,4495.34
2026-03-26 22:00:00,4375.5
2026-03-27 22:00:00,4492.0
2026-03-29 21:00:00,4511.17
2026-03-30 21:00:00,4667.18
2026-03-30 22:00:00,4526.0
2026-03-31 21:00:00,4758.24
2026-03-31 22:00:00,4647.60009765625
2026-04-01 21:00:00,4676.0
2026-04-01 22:00:00,4783.2001953125
2026-04-02 22:00:00,4651.5
2026-04-05 21:00:00,4650.57
2026-04-06 21:00:00,4705.59
2026-04-06 22:00:00,4656.7998046875
2026-04-07 21:00:00,4719.34
2026-04-07 22:00:00,4657.10009765625
2026-04-08 21:00:00,4765.55
2026-04-08 22:00:00,4749.5
2026-04-09 21:00:00,4748.85
2026-04-09 22:00:00,4792.2001953125
2026-04-10 22:00:00,4761.89990234375
2026-04-12 21:00:00,4740.16
2026-04-13 21:00:00,4841.67
2026-04-13 22:00:00,4742.39990234375
2026-04-14 21:00:00,4790.72
2026-04-14 22:00:00,4825.0
2026-04-15 21:00:00,4790.69
2026-04-15 22:00:00,4800.0
2026-04-16 21:00:00,4834.09
2026-04-16 22:00:00,4785.39990234375
2026-04-17 22:00:00,4857.60009765625
2026-04-19 21:00:00,4820.7
2026-04-20 21:00:00,4720.14
2026-04-20 22:00:00,4806.60009765625
2026-04-21 21:00:00,4740.2
2026-04-21 22:00:00,4698.39990234375
2026-04-22 21:00:00,4694.15
2026-04-22 22:00:00,4732.5
2026-04-23 21:00:00,4708.2
2026-04-23 22:00:00,4705.10009765625
2026-04-24 22:00:00,4722.2998046875
2026-04-26 21:00:00,4681.85
2026-04-27 21:00:00,4597.06
2026-04-27 22:00:00,4675.39990234375
2026-04-28 21:00:00,4543.53
2026-04-28 22:00:00,4591.5
2026-04-29 21:00:00,4621.68
2026-04-29 22:00:00,4545.2001953125
2026-04-30 21:00:00,4616.49
2026-04-30 22:00:00,4614.7001953125
2026-05-01 22:00:00,4629.89990234375
2026-05-03 21:00:00,4523.74
2026-05-04 21:00:00,4557.42
2026-05-04 22:00:00,4519.5
2026-05-05 21:00:00,4690.96
2026-05-05 22:00:00,4555.7998046875
2026-05-06 21:00:00,4687.23
2026-05-06 22:00:00,4681.89990234375
2026-05-07 21:00:00,4715.44
2026-05-07 22:00:00,4699.7998046875
2026-05-08 22:00:00,4720.39990234375
2026-05-10 21:00:00,4734.78
2026-05-11 21:00:00,4715.24
2026-05-11 22:00:00,4718.7001953125
2026-05-12 21:00:00,4688.88
2026-05-12 22:00:00,4677.60009765625
2026-05-13 21:00:00,4652.26
2026-05-13 22:00:00,4697.7001953125
2026-05-14 21:00:00,4538.45
2026-05-14 22:00:00,4678.10009765625
2026-05-15 22:00:00,4555.7998046875
2026-05-17 21:00:00,4566.15
2026-05-18 21:00:00,4482.06
2026-05-18 22:00:00,4552.5
2026-05-19 21:00:00,4543.77
2026-05-19 22:00:00,4506.2998046875
2026-05-20 21:00:00,4543.25
2026-05-20 22:00:00,4531.2998046875
2026-05-21 21:00:00,4506.73
2026-05-21 22:00:00,4539.7998046875
2026-05-22 22:00:00,4521.0
2026-05-24 21:00:00,4570.96
2026-05-25 21:00:00,4507.58
2026-05-26 21:00:00,4456.29
2026-05-26 22:00:00,4500.39990234375
2026-05-27 21:00:00,4495.71
2026-05-27 22:00:00,4447.5
2026-05-28 21:00:00,4539.99
2026-05-28 22:00:00,4499.2998046875
2026-05-29 22:00:00,4560.5
2026-05-31 21:00:00,4484.78
2026-06-01 21:00:00,4487.96
2026-06-01 22:00:00,4475.2001953125
2026-06-02 21:00:00,4434.48
2026-06-02 22:00:00,4489.10009765625
2026-06-03 21:00:00,4475.37
2026-06-03 22:00:00,4436.7001953125
2026-06-04 21:00:00,4327.7
2026-06-04 22:00:00,4475.7998046875
2026-06-05 22:00:00,4337.10009765625
2026-06-07 21:00:00,4329.93
2026-06-08 21:00:00,4259.36
2026-06-08 22:00:00,4335.89990234375
2026-06-09 21:00:00,4071.46
2026-06-09 22:00:00,4260.0
2026-06-10 21:00:00,4210.88
2026-06-10 22:00:00,4108.2001953125
2026-06-11 21:00:00,4216.99
2026-06-11 22:00:00,4090.300048828125
2026-06-12 22:00:00,4215.0
2026-06-14 21:00:00,4309.18
2026-06-15 21:00:00,4331.31
2026-06-15 22:00:00,4328.0
2026-06-16 21:00:00,4257.88
2026-06-16 22:00:00,4330.89990234375
2026-06-17 21:00:00,4209.16
2026-06-17 22:00:00,4358.89990234375
2026-06-18 21:00:00,4155.66
2026-06-18 22:00:00,4224.10009765625
2026-06-21 21:00:00,4191.39
2026-06-22 21:00:00,4110.32
2026-06-22 22:00:00,4181.89990234375
2026-06-23 21:00:00,3999.13
2026-06-23 22:00:00,4129.89990234375
2026-06-24 21:00:00,4026.65
2026-06-24 22:00:00,3990.300048828125
2026-06-25 21:00:00,4081.21
2026-06-25 22:00:00,4030.5
2026-06-26 22:00:00,4078.699951171875
2026-06-28 21:00:00,4016.68
2026-06-29 21:00:00,4007.59
2026-06-29 22:00:00,4022.300048828125
2026-06-30 21:00:00,4031.08
2026-06-30 22:00:00,4022.89990234375
2026-07-01 21:00:00,4123.79
2026-07-01 22:00:00,4068.300048828125
2026-07-02 21:00:00,4174.98
2026-07-02 22:00:00,4112.7001953125
2026-07-05 21:00:00,4164.93
2026-07-06 21:00:00,4105.98
2026-07-06 22:00:00,4155.10009765625
2026-07-07 21:00:00,4077.47
2026-07-07 22:00:00,4145.2998046875
2026-07-08 21:00:00,4123.75
2026-07-08 22:00:00,4070.89990234375
2026-07-09 21:00:00,4119.23
2026-07-09 22:00:00,4130.60009765625
2026-07-10 22:00:00,4104.10009765625
2026-07-12 21:00:00,4000.97
2026-07-13 21:00:00,4052.87
2026-07-13 22:00:00,3997.0
2026-07-14 21:00:00,4060.37
2026-07-14 22:00:00,4061.10009765625
2026-07-15 21:00:00,3976.47
2026-07-15 22:00:00,4044.0
2026-07-16 21:00:00,4016.5
2026-07-16 22:00:00,3985.60009765625
2026-07-17 22:00:00,4012.699951171875
2026-07-19 21:00:00,4007.64
2026-07-20 21:00:00,4077.55
2026-07-20 22:00:00,4010.300048828125
2026-07-21 21:00:00,4129.91
2026-07-21 22:00:00,4071.10009765625
2026-07-22 21:00:00,4049.46
2026-07-22 22:00:00,4146.89990234375
2026-07-23 21:00:00,4053.47
2026-07-23 22:00:00,4046.60009765625
2026-07-24 22:00:00,4067.60009765625
2026-07-26 21:00:00,4076.66
2026-07-27 21:00:00,4028.63
2026-07-27 22:00:00,4074.5
2026-07-28 21:00:00,4066.26
2026-07-28 22:00:00,4036.300048828125
2026-07-29 21:00:00,4103.61
2026-07-29 22:00:00,4034.699951171875
2026-07-30 21:00:00,4046.68
2026-07-30 22:00:00,4100.10009765625
2026-07-31 22:00:00,4049.10009765625
2026-08-02 21:00:00,4055.2
2026-08-03 21:00:00,4077.35
2026-08-03 22:00:00,4033.699951171875
2026-08-04 21:00:00,4246.91
2026-08-04 22:00:00,4095.39990234375
2026-08-05 21:00:00,4240.66
2026-08-05 22:00:00,4245.7998046875
2026-08-06 21:00:00,4341.44
2026-08-06 22:00:00,4242.0
2026-08-07 22:00:00,4340.7001953125
2026-08-09 21:00:00,4390.23
2026-08-10 21:00:00,4368.0
2026-08-10 22:00:00,4361.7998046875
2026-08-11 21:00:00,4408.65
2026-08-11 22:00:00,4383.0
2026-08-12 21:00:00,4351.21
2026-08-12 22:00:00,4408.89990234375
2026-08-13 21:00:00,4376.1
2026-08-13 22:00:00,4363.60009765625
2026-08-14 22:00:00,4380.39990234375
2026-08-16 21:00:00,4416.56
2026-08-17 21:00:00,4334.1
2026-08-17 22:00:00,4417.7998046875
2026-08-18 21:00:00,4523.16
2026-08-18 22:00:00,4366.0
2026-08-19 21:00:00,4519.36
2026-08-19 22:00:00,4489.39990234375
2026-08-20 22:00:00,4516.2998046875
2026-08-21 22:00:00,4624.10009765625
