DATETIME,PRICE,CARRY,FORWARD,PRICE_CONTRACT,CARRY_CONTRACT,FORWARD_CONTRACT
2018-01-02 06:00:00,12767.6,12767.6,12767.6,29991200,29991200,29991200
2018-01-02 10:00:00,12802.6,12802.6,12802.6,29991200,29991200,29991200
2018-01-02 14:00:00,12876.9,12876.9,12876.9,29991200,29991200,29991200
2018-01-02 18:00:00,12880.4,12880.4,12880.4,29991200,29991200,29991200
2018-01-03 06:00:00,12907.8,12907.8,12907.8,29991200,29991200,29991200
2018-01-03 10:00:00,12922.8,12922.8,12922.8,29991200,29991200,29991200
2018-01-03 14:00:00,13006.4,13006.4,13006.4,29991200,29991200,29991200
2018-01-03 18:00:00,13013.6,13013.6,13013.6,29991200,29991200,29991200
2018-01-04 06:00:00,13110.1,13110.1,13110.1,29991200,29991200,29991200
2018-01-04 10:00:00,13164.3,13164.3,13164.3,29991200,29991200,29991200
2018-01-04 14:00:00,13185.7,13185.7,13185.7,29991200,29991200,29991200
2018-01-04 18:00:00,13160.2,13160.2,13160.2,29991200,29991200,29991200
2018-01-05 06:00:00,13297.9,13297.9,13297.9,29991200,29991200,29991200
2018-01-05 10:00:00,13303.1,13303.1,13303.1,29991200,29991200,29991200
2018-01-05 14:00:00,13313.5,13313.5,13313.5,29991200,29991200,29991200
2018-01-05 18:00:00,13341.2,13341.2,13341.2,29991200,29991200,29991200
2018-01-08 06:00:00,13366.5,13366.5,13366.5,29991200,29991200,29991200
2018-01-08 10:00:00,13355.5,13355.5,13355.5,29991200,29991200,29991200
2018-01-08 14:00:00,13353.9,13353.9,13353.9,29991200,29991200,29991200
2018-01-08 18:00:00,13377.4,13377.4,13377.4,29991200,29991200,29991200
2018-01-09 06:00:00,13393.2,13393.2,13393.2,29991200,29991200,29991200
2018-01-09 10:00:00,13412.9,13412.9,13412.9,29991200,29991200,29991200
2018-01-09 14:00:00,13387.0,13387.0,13387.0,29991200,29991200,29991200
2018-01-09 18:00:00,13391.5,13391.5,13391.5,29991200,29991200,29991200
2018-01-10 06:00:00,13328.7,13328.7,13328.7,29991200,29991200,29991200
2018-01-10 10:00:00,13266.7,13266.7,13266.7,29991200,29991200,29991200
2018-01-10 14:00:00,13273.1,13273.1,13273.1,29991200,29991200,29991200
2018-01-10 18:00:00,13266.3,13266.3,13266.3,29991200,29991200,29991200
2018-01-11 06:00:00,13271.3,13271.3,13271.3,29991200,29991200,29991200
2018-01-11 10:00:00,13194.3,13194.3,13194.3,29991200,29991200,29991200
2018-01-11 14:00:00,13233.7,13233.7,13233.7,29991200,29991200,29991200
2018-01-11 18:00:00,13237.7,13237.7,13237.7,29991200,29991200,29991200
2018-01-12 06:00:00,13215.0,13215.0,13215.0,29991200,29991200,29991200
2018-01-12 10:00:00,13187.3,13187.3,13187.3,29991200,29991200,29991200
2018-01-12 14:00:00,13245.9,13245.9,13245.9,29991200,29991200,29991200
2018-01-12 18:00:00,13229.4,13229.4,13229.4,29991200,29991200,29991200
2018-01-15 06:00:00,13214.7,13214.7,13214.7,29991200,29991200,29991200
2018-01-15 10:00:00,13200.5,13200.5,13200.5,29991200,29991200,29991200
2018-01-15 14:00:00,13202.1,13202.1,13202.1,29991200,29991200,29991200
2018-01-15 18:00:00,13196.3,13196.3,13196.3,29991200,29991200,29991200
2018-01-16 06:00:00,13292.1,13292.1,13292.1,29991200,29991200,29991200
2018-01-16 10:00:00,13310.6,13310.6,13310.6,29991200,29991200,29991200
2018-01-16 14:00:00,13212.0,13212.0,13212.0,29991200,29991200,29991200
2018-01-16 18:00:00,13149.2,13149.2,13149.2,29991200,29991200,29991200
2018-01-17 06:00:00,13220.6,13220.6,13220.6,29991200,29991200,29991200
2018-01-17 10:00:00,13216.4,13216.4,13216.4,29991200,29991200,29991200
2018-01-17 14:00:00,13206.5,13206.5,13206.5,29991200,29991200,29991200
2018-01-17 18:00:00,13238.0,13238.0,13238.0,29991200,29991200,29991200
2018-01-18 06:00:00,13238.8,13238.8,13238.8,29991200,29991200,29991200
2018-01-18 10:00:00,13233.5,13233.5,13233.5,29991200,29991200,29991200
2018-01-18 14:00:00,13291.4,13291.4,13291.4,29991200,29991200,29991200
2018-01-18 18:00:00,13275.4,13275.4,13275.4,29991200,29991200,29991200
2018-01-19 06:00:00,13403.5,13403.5,13403.5,29991200,29991200,29991200
2018-01-19 10:00:00,13419.5,13419.5,13419.5,29991200,29991200,29991200
2018-01-19 14:00:00,13436.8,13436.8,13436.8,29991200,29991200,29991200
2018-01-19 18:00:00,13460.6,13460.6,13460.6,29991200,29991200,29991200
2018-01-22 06:00:00,13422.2,13422.2,13422.2,29991200,29991200,29991200
2018-01-22 10:00:00,13447.2,13447.2,13447.2,29991200,29991200,29991200
2018-01-22 14:00:00,13492.8,13492.8,13492.8,29991200,29991200,29991200
2018-01-22 18:00:00,13508.5,13508.5,13508.5,29991200,29991200,29991200
2018-01-23 06:00:00,13580.5,13580.5,13580.5,29991200,29991200,29991200
2018-01-23 10:00:00,13554.0,13554.0,13554.0,29991200,29991200,29991200
2018-01-23 14:00:00,13559.3,13559.3,13559.3,29991200,29991200,29991200
2018-01-23 18:00:00,13570.3,13570.3,13570.3,29991200,29991200,29991200
2018-01-24 06:00:00,13546.1,13546.1,13546.1,29991200,29991200,29991200
2018-01-24 10:00:00,13550.4,13550.4,13550.4,29991200,29991200,29991200
2018-01-24 14:00:00,13403.2,13403.2,13403.2,29991200,29991200,29991200
2018-01-24 18:00:00,13423.2,13423.2,13423.2,29991200,29991200,29991200
2018-01-25 06:00:00,13394.0,13394.0,13394.0,29991200,29991200,29991200
2018-01-25 10:00:00,13394.2,13394.2,13394.2,29991200,29991200,29991200
2018-01-25 14:00:00,13305.6,13305.6,13305.6,29991200,29991200,29991200
2018-01-25 18:00:00,13308.6,13308.6,13308.6,29991200,29991200,29991200
2018-01-26 06:00:00,13303.5,13303.5,13303.5,29991200,29991200,29991200
2018-01-26 10:00:00,13335.5,13335.5,13335.5,29991200,29991200,29991200
2018-01-26 14:00:00,13342.9,13342.9,13342.9,29991200,29991200,29991200
2018-01-26 18:00:00,13386.6,13386.6,13386.6,29991200,29991200,29991200
2018-01-29 06:00:00,13293.6,13293.6,13293.6,29991200,29991200,29991200
2018-01-29 10:00:00,13322.4,13322.4,13322.4,29991200,29991200,29991200
2018-01-29 14:00:00,13326.7,13326.7,13326.7,29991200,29991200,29991200
2018-01-29 18:00:00,13309.5,13309.5,13309.5,29991200,29991200,29991200
2018-01-30 06:00:00,13301.9,13301.9,13301.9,29991200,29991200,29991200
2018-01-30 10:00:00,13226.9,13226.9,13226.9,29991200,29991200,29991200
2018-01-30 14:00:00,13199.5,13199.5,13199.5,29991200,29991200,29991200
2018-01-30 18:00:00,13198.8,13198.8,13198.8,29991200,29991200,29991200
2018-01-31 06:00:00,13238.9,13238.9,13238.9,29991200,29991200,29991200
2018-01-31 10:00:00,13208.4,13208.4,13208.4,29991200,29991200,29991200
2018-01-31 14:00:00,13192.2,13192.2,13192.2,29991200,29991200,29991200
2018-01-31 18:00:00,13201.0,13201.0,13201.0,29991200,29991200,29991200
2018-02-01 06:00:00,13206.6,13206.6,13206.6,29991200,29991200,29991200
2018-02-01 10:00:00,13011.6,13011.6,13011.6,29991200,29991200,29991200
2018-02-01 14:00:00,13017.2,13017.2,13017.2,29991200,29991200,29991200
2018-02-01 18:00:00,12962.2,12962.2,12962.2,29991200,29991200,29991200
2018-02-02 06:00:00,12832.8,12832.8,12832.8,29991200,29991200,29991200
2018-02-02 10:00:00,12852.3,12852.3,12852.3,29991200,29991200,29991200
2018-02-02 14:00:00,12770.2,12770.2,12770.2,29991200,29991200,29991200
2018-02-02 18:00:00,12698.4,12698.4,12698.4,29991200,29991200,29991200
2018-02-05 06:00:00,12713.2,12713.2,12713.2,29991200,29991200,29991200
2018-02-05 10:00:00,12698.7,12698.7,12698.7,29991200,29991200,29991200
2018-02-05 14:00:00,12634.5,12634.5,12634.5,29991200,29991200,29991200
2018-02-05 18:00:00,12266.5,12266.5,12266.5,29991200,29991200,29991200
2018-02-06 06:00:00,12413.4,12413.4,12413.4,29991200,29991200,29991200
2018-02-06 10:00:00,12383.2,12383.2,12383.2,29991200,29991200,29991200
2018-02-06 14:00:00,12490.6,12490.6,12490.6,29991200,29991200,29991200
2018-02-06 18:00:00,12642.6,12642.6,12642.6,29991200,29991200,29991200
2018-02-07 06:00:00,12462.2,12462.2,12462.2,29991200,29991200,29991200
2018-02-07 10:00:00,12493.2,12493.2,12493.2,29991200,29991200,29991200
2018-02-07 14:00:00,12546.3,12546.3,12546.3,29991200,29991200,29991200
2018-02-07 18:00:00,12539.3,12539.3,12539.3,29991200,29991200,29991200
2018-02-08 06:00:00,12463.7,12463.7,12463.7,29991200,29991200,29991200
2018-02-08 10:00:00,12475.2,12475.2,12475.2,29991200,29991200,29991200
2018-02-08 14:00:00,12198.1,12198.1,12198.1,29991200,29991200,29991200
2018-02-08 18:00:00,12156.6,12156.6,12156.6,29991200,29991200,29991200
2018-02-09 06:00:00,12225.5,12225.5,12225.5,29991200,29991200,29991200
2018-02-09 10:00:00,12196.7,12196.7,12196.7,29991200,29991200,29991200
2018-02-09 14:00:00,12023.0,12023.0,12023.0,29991200,29991200,29991200
2018-02-09 18:00:00,12217.5,12217.5,12217.5,29991200,29991200,29991200
2018-02-12 06:00:00,12357.4,12357.4,12357.4,29991200,29991200,29991200
2018-02-12 10:00:00,12303.9,12303.9,12303.9,29991200,29991200,29991200
2018-02-12 14:00:00,12335.0,12335.0,12335.0,29991200,29991200,29991200
2018-02-12 18:00:00,12338.8,12338.8,12338.8,29991200,29991200,29991200
2018-02-13 06:00:00,12262.2,12262.2,12262.2,29991200,29991200,29991200
2018-02-13 10:00:00,12260.5,12260.5,12260.5,29991200,29991200,29991200
2018-02-13 14:00:00,12204.1,12204.1,12204.1,29991200,29991200,29991200
2018-02-13 18:00:00,12251.6,12251.6,12251.6,29991200,29991200,29991200
2018-02-14 06:00:00,12279.2,12279.2,12279.2,29991200,29991200,29991200
2018-02-14 10:00:00,12193.5,12193.5,12193.5,29991200,29991200,29991200
2018-02-14 14:00:00,12381.1,12381.1,12381.1,29991200,29991200,29991200
2018-02-14 18:00:00,12416.6,12416.6,12416.6,29991200,29991200,29991200
2018-02-15 06:00:00,12458.7,12458.7,12458.7,29991200,29991200,29991200
2018-02-15 10:00:00,12413.5,12413.5,12413.5,29991200,29991200,29991200
2018-02-15 14:00:00,12356.6,12356.6,12356.6,29991200,29991200,29991200
2018-02-15 18:00:00,12359.1,12359.1,12359.1,29991200,29991200,29991200
2018-02-16 06:00:00,12468.5,12468.5,12468.5,29991200,29991200,29991200
2018-02-16 10:00:00,12403.0,12403.0,12403.0,29991200,29991200,29991200
2018-02-16 14:00:00,12498.9,12498.9,12498.9,29991200,29991200,29991200
2018-02-16 18:00:00,12489.4,12489.4,12489.4,29991200,29991200,29991200
2018-02-19 06:00:00,12456.9,12456.9,12456.9,29991200,29991200,29991200
2018-02-19 10:00:00,12429.9,12429.9,12429.9,29991200,29991200,29991200
2018-02-19 14:00:00,12386.8,12386.8,12386.8,29991200,29991200,29991200
2018-02-19 18:00:00,12390.5,12390.5,12390.5,29991200,29991200,29991200
2018-02-20 06:00:00,12368.7,12368.7,12368.7,29991200,29991200,29991200
2018-02-20 10:00:00,12406.9,12406.9,12406.9,29991200,29991200,29991200
2018-02-20 14:00:00,12488.0,12488.0,12488.0,29991200,29991200,29991200
2018-02-20 18:00:00,12432.0,12432.0,12432.0,29991200,29991200,29991200
2018-02-21 06:00:00,12394.6,12394.6,12394.6,29991200,29991200,29991200
2018-02-21 10:00:00,12427.8,12427.8,12427.8,29991200,29991200,29991200
2018-02-21 14:00:00,12462.7,12462.7,12462.7,29991200,29991200,29991200
2018-02-21 18:00:00,12395.7,12395.7,12395.7,29991200,29991200,29991200
2018-02-22 06:00:00,12355.8,12355.8,12355.8,29991200,29991200,29991200
2018-02-22 10:00:00,12392.6,12392.6,12392.6,29991200,29991200,29991200
2018-02-22 14:00:00,12433.4,12433.4,12433.4,29991200,29991200,29991200
2018-02-22 18:00:00,12425.4,12425.4,12425.4,29991200,29991200,29991200
2018-02-23 06:00:00,12480.3,12480.3,12480.3,29991200,29991200,29991200
2018-02-23 10:00:00,12508.5,12508.5,12508.5,29991200,29991200,29991200
2018-02-23 14:00:00,12489.4,12489.4,12489.4,29991200,29991200,29991200
2018-02-23 18:00:00,12545.9,12545.9,12545.9,29991200,29991200,29991200
2018-02-26 06:00:00,12540.8,12540.8,12540.8,29991200,29991200,29991200
2018-02-26 10:00:00,12539.0,12539.0,12539.0,29991200,29991200,29991200
2018-02-26 14:00:00,12568.6,12568.6,12568.6,29991200,29991200,29991200
2018-02-26 18:00:00,12582.4,12582.4,12582.4,29991200,29991200,29991200
2018-02-27 06:00:00,12523.9,12523.9,12523.9,29991200,29991200,29991200
2018-02-27 10:00:00,12498.9,12498.9,12498.9,29991200,29991200,29991200
2018-02-27 14:00:00,12481.7,12481.7,12481.7,29991200,29991200,29991200
2018-02-27 18:00:00,12438.5,12438.5,12438.5,29991200,29991200,29991200
2018-02-28 06:00:00,12475.6,12475.6,12475.6,29991200,29991200,29991200
2018-02-28 10:00:00,12475.1,12475.1,12475.1,29991200,29991200,29991200
2018-02-28 14:00:00,12443.2,12443.2,12443.2,29991200,29991200,29991200
2018-02-28 18:00:00,12366.7,12366.7,12366.7,29991200,29991200,29991200
2018-03-01 06:00:00,12247.1,12247.1,12247.1,29991200,29991200,29991200
2018-03-01 10:00:00,12282.1,12282.1,12282.1,29991200,29991200,29991200
2018-03-01 14:00:00,12126.7,12126.7,12126.7,29991200,29991200,29991200
2018-03-01 18:00:00,12063.9,12063.9,12063.9,29991200,29991200,29991200
2018-03-02 06:00:00,11945.1,11945.1,11945.1,29991200,29991200,29991200
2018-03-02 10:00:00,11963.8,11963.8,11963.8,29991200,29991200,29991200
2018-03-02 14:00:00,11996.7,11996.7,11996.7,29991200,29991200,29991200
2018-03-02 18:00:00,12002.7,12002.7,12002.7,29991200,29991200,29991200
2018-03-05 06:00:00,12011.9,12011.9,12011.9,29991200,29991200,29991200
2018-03-05 10:00:00,11969.9,11969.9,11969.9,29991200,29991200,29991200
2018-03-05 14:00:00,12149.2,12149.2,12149.2,29991200,29991200,29991200
2018-03-05 18:00:00,12156.7,12156.7,12156.7,29991200,29991200,29991200
2018-03-06 06:00:00,12236.0,12236.0,12236.0,29991200,29991200,29991200
2018-03-06 10:00:00,12171.5,12171.5,12171.5,29991200,29991200,29991200
2018-03-06 14:00:00,12165.8,12165.8,12165.8,29991200,29991200,29991200
2018-03-06 18:00:00,12155.1,12155.1,12155.1,29991200,29991200,29991200
2018-03-07 06:00:00,12086.8,12086.8,12086.8,29991200,29991200,29991200
2018-03-07 10:00:00,12182.8,12182.8,12182.8,29991200,29991200,29991200
2018-03-07 14:00:00,12213.7,12213.7,12213.7,29991200,29991200,29991200
2018-03-07 18:00:00,12262.2,12262.2,12262.2,29991200,29991200,29991200
2018-03-08 06:00:00,12191.0,12191.0,12191.0,29991200,29991200,29991200
2018-03-08 10:00:00,12225.0,12225.0,12225.0,29991200,29991200,29991200
2018-03-08 14:00:00,12339.1,12339.1,12339.1,29991200,29991200,29991200
2018-03-08 18:00:00,12334.8,12334.8,12334.8,29991200,29991200,29991200
2018-03-09 06:00:00,12299.1,12299.1,12299.1,29991200,29991200,29991200
2018-03-09 10:00:00,12393.1,12393.1,12393.1,29991200,29991200,29991200
2018-03-09 14:00:00,12332.9,12332.9,12332.9,29991200,29991200,29991200
2018-03-09 18:00:00,12377.4,12377.4,12377.4,29991200,29991200,29991200
2018-03-12 05:00:00,12415.9,12415.9,12415.9,29991200,29991200,29991200
2018-03-12 09:00:00,12397.9,12397.9,12397.9,29991200,29991200,29991200
2018-03-12 13:00:00,12413.7,12413.7,12413.7,29991200,29991200,29991200
2018-03-12 17:00:00,12407.0,12407.0,12407.0,29991200,29991200,29991200
2018-03-13 05:00:00,12435.5,12435.5,12435.5,29991200,29991200,29991200
2018-03-13 09:00:00,12397.8,12397.8,12397.8,29991200,29991200,29991200
2018-03-13 13:00:00,12185.9,12185.9,12185.9,29991200,29991200,29991200
2018-03-13 17:00:00,12152.6,12152.6,12152.6,29991200,29991200,29991200
2018-03-14 05:00:00,12219.3,12219.3,12219.3,29991200,29991200,29991200
2018-03-14 09:00:00,12285.8,12285.8,12285.8,29991200,29991200,29991200
2018-03-14 13:00:00,12249.8,12249.8,12249.8,29991200,29991200,29991200
2018-03-14 17:00:00,12254.8,12254.8,12254.8,29991200,29991200,29991200
2018-03-15 05:00:00,12293.9,12293.9,12293.9,29991200,29991200,29991200
2018-03-15 09:00:00,12288.2,12288.2,12288.2,29991200,29991200,29991200
2018-03-15 13:00:00,12348.8,12348.8,12348.8,29991200,29991200,29991200
2018-03-15 17:00:00,12382.0,12382.0,12382.0,29991200,29991200,29991200
2018-03-16 05:00:00,12404.1,12404.1,12404.1,29991200,29991200,29991200
2018-03-16 09:00:00,12357.6,12357.6,12357.6,29991200,29991200,29991200
2018-03-16 13:00:00,12397.7,12397.7,12397.7,29991200,29991200,29991200
2018-03-16 17:00:00,12394.2,12394.2,12394.2,29991200,29991200,29991200
2018-03-19 05:00:00,12246.8,12246.8,12246.8,29991200,29991200,29991200
2018-03-19 09:00:00,12293.8,12293.8,12293.8,29991200,29991200,29991200
2018-03-19 13:00:00,12199.9,12199.9,12199.9,29991200,29991200,29991200
2018-03-19 17:00:00,12243.6,12243.6,12243.6,29991200,29991200,29991200
2018-03-20 05:00:00,12235.4,12235.4,12235.4,29991200,29991200,29991200
2018-03-20 09:00:00,12252.4,12252.4,12252.4,29991200,29991200,29991200
2018-03-20 13:00:00,12295.0,12295.0,12295.0,29991200,29991200,29991200
2018-03-20 17:00:00,12339.7,12339.7,12339.7,29991200,29991200,29991200
2018-03-21 05:00:00,12307.2,12307.2,12307.2,29991200,29991200,29991200
2018-03-21 09:00:00,12262.2,12262.2,12262.2,29991200,29991200,29991200
2018-03-21 13:00:00,12315.3,12315.3,12315.3,29991200,29991200,29991200
2018-03-21 17:00:00,12257.1,12257.1,12257.1,29991200,29991200,29991200
2018-03-22 05:00:00,12257.1,12257.1,12257.1,29991200,29991200,29991200
2018-03-22 09:00:00,12105.1,12105.1,12105.1,29991200,29991200,29991200
2018-03-22 13:00:00,12085.4,12085.4,12085.4,29991200,29991200,29991200
2018-03-22 17:00:00,11986.7,11986.7,11986.7,29991200,29991200,29991200
2018-03-23 05:00:00,11910.1,11910.1,11910.1,29991200,29991200,29991200
2018-03-23 09:00:00,11909.3,11909.3,11909.3,29991200,29991200,29991200
2018-03-23 13:00:00,11853.9,11853.9,11853.9,29991200,29991200,29991200
2018-03-23 17:00:00,11776.2,11776.2,11776.2,29991200,29991200,29991200
2018-03-26 05:00:00,11936.5,11936.5,11936.5,29991200,29991200,29991200
2018-03-26 09:00:00,11941.0,11941.0,11941.0,29991200,29991200,29991200
2018-03-26 13:00:00,11802.8,11802.8,11802.8,29991200,29991200,29991200
2018-03-26 17:00:00,11920.1,11920.1,11920.1,29991200,29991200,29991200
2018-03-27 05:00:00,11986.3,11986.3,11986.3,29991200,29991200,29991200
2018-03-27 09:00:00,11997.5,11997.5,11997.5,29991200,29991200,29991200
2018-03-27 13:00:00,12003.8,12003.8,12003.8,29991200,29991200,29991200
2018-03-27 17:00:00,11852.3,11852.3,11852.3,29991200,29991200,29991200
2018-03-28 05:00:00,11782.5,11782.5,11782.5,29991200,29991200,29991200
2018-03-28 09:00:00,11883.2,11883.2,11883.2,29991200,29991200,29991200
2018-03-28 13:00:00,11951.8,11951.8,11951.8,29991200,29991200,29991200
2018-03-28 17:00:00,11936.8,11936.8,11936.8,29991200,29991200,29991200
2018-03-29 05:00:00,11998.8,11998.8,11998.8,29991200,29991200,29991200
2018-03-29 09:00:00,12071.3,12071.3,12071.3,29991200,29991200,29991200
2018-03-29 13:00:00,12120.2,12120.2,12120.2,29991200,29991200,29991200
2018-03-29 17:00:00,12124.2,12124.2,12124.2,29991200,29991200,29991200
2018-04-03 05:00:00,11930.4,11930.4,11930.4,29991200,29991200,29991200
2018-04-03 09:00:00,12035.9,12035.9,12035.9,29991200,29991200,29991200
2018-04-03 13:00:00,11991.3,11991.3,11991.3,29991200,29991200,29991200
2018-04-03 17:00:00,12058.8,12058.8,12058.8,29991200,29991200,29991200
2018-04-04 05:00:00,11875.5,11875.5,11875.5,29991200,29991200,29991200
2018-04-04 09:00:00,11867.8,11867.8,11867.8,29991200,29991200,29991200
2018-04-04 13:00:00,11989.1,11989.1,11989.1,29991200,29991200,29991200
2018-04-04 17:00:00,12070.9,12070.9,12070.9,29991200,29991200,29991200
2018-04-05 05:00:00,12160.2,12160.2,12160.2,29991200,29991200,29991200
2018-04-05 09:00:00,12247.4,12247.4,12247.4,29991200,29991200,29991200
2018-04-05 13:00:00,12310.5,12310.5,12310.5,29991200,29991200,29991200
2018-04-05 17:00:00,12280.3,12280.3,12280.3,29991200,29991200,29991200
2018-04-06 05:00:00,12224.8,12224.8,12224.8,29991200,29991200,29991200
2018-04-06 09:00:00,12249.5,12249.5,12249.5,29991200,29991200,29991200
2018-04-06 13:00:00,12265.1,12265.1,12265.1,29991200,29991200,29991200
2018-04-06 17:00:00,12183.1,12183.1,12183.1,29991200,29991200,29991200
2018-04-09 05:00:00,12354.1,12354.1,12354.1,29991200,29991200,29991200
2018-04-09 09:00:00,12246.1,12246.1,12246.1,29991200,29991200,29991200
2018-04-09 13:00:00,12272.9,12272.9,12272.9,29991200,29991200,29991200
2018-04-09 17:00:00,12234.7,12234.7,12234.7,29991200,29991200,29991200
2018-04-10 05:00:00,12377.2,12377.2,12377.2,29991200,29991200,29991200
2018-04-10 09:00:00,12380.7,12380.7,12380.7,29991200,29991200,29991200
2018-04-10 13:00:00,12372.0,12372.0,12372.0,29991200,29991200,29991200
2018-04-10 17:00:00,12380.5,12380.5,12380.5,29991200,29991200,29991200
2018-04-11 05:00:00,12360.0,12360.0,12360.0,29991200,29991200,29991200
2018-04-11 09:00:00,12289.7,12289.7,12289.7,29991200,29991200,29991200
2018-04-11 13:00:00,12301.3,12301.3,12301.3,29991200,29991200,29991200
2018-04-11 17:00:00,12278.3,12278.3,12278.3,29991200,29991200,29991200
2018-04-12 05:00:00,12280.4,12280.4,12280.4,29991200,29991200,29991200
2018-04-12 09:00:00,12365.4,12365.4,12365.4,29991200,29991200,29991200
2018-04-12 13:00:00,12417.7,12417.7,12417.7,29991200,29991200,29991200
2018-04-12 17:00:00,12429.5,12429.5,12429.5,29991200,29991200,29991200
2018-04-13 05:00:00,12470.0,12470.0,12470.0,29991200,29991200,29991200
2018-04-13 09:00:00,12515.5,12515.5,12515.5,29991200,29991200,29991200
2018-04-13 13:00:00,12442.8,12442.8,12442.8,29991200,29991200,29991200
2018-04-13 17:00:00,12445.8,12445.8,12445.8,29991200,29991200,29991200
2018-04-16 05:00:00,12451.0,12451.0,12451.0,29991200,29991200,29991200
2018-04-16 09:00:00,12436.0,12436.0,12436.0,29991200,29991200,29991200
2018-04-16 13:00:00,12413.4,12413.4,12413.4,29991200,29991200,29991200
2018-04-16 17:00:00,12415.6,12415.6,12415.6,29991200,29991200,29991200
2018-04-17 05:00:00,12499.4,12499.4,12499.4,29991200,29991200,29991200
2018-04-17 09:00:00,12532.6,12532.6,12532.6,29991200,29991200,29991200
2018-04-17 13:00:00,12587.5,12587.5,12587.5,29991200,29991200,29991200
2018-04-17 17:00:00,12583.7,12583.7,12583.7,29991200,29991200,29991200
2018-04-18 05:00:00,12597.8,12597.8,12597.8,29991200,29991200,29991200
2018-04-18 09:00:00,12568.3,12568.3,12568.3,29991200,29991200,29991200
2018-04-18 13:00:00,12579.4,12579.4,12579.4,29991200,29991200,29991200
2018-04-18 17:00:00,12591.1,12591.1,12591.1,29991200,29991200,29991200
2018-04-19 05:00:00,12567.2,12567.2,12567.2,29991200,29991200,29991200
2018-04-19 09:00:00,12552.7,12552.7,12552.7,29991200,29991200,29991200
2018-04-19 13:00:00,12536.1,12536.1,12536.1,29991200,29991200,29991200
2018-04-19 17:00:00,12553.8,12553.8,12553.8,29991200,29991200,29991200
2018-04-20 05:00:00,12559.9,12559.9,12559.9,29991200,29991200,29991200
2018-04-20 09:00:00,12535.9,12535.9,12535.9,29991200,29991200,29991200
2018-04-20 13:00:00,12528.0,12528.0,12528.0,29991200,29991200,29991200
2018-04-20 17:00:00,12525.3,12525.3,12525.3,29991200,29991200,29991200
2018-04-23 05:00:00,12503.7,12503.7,12503.7,29991200,29991200,29991200
2018-04-23 09:00:00,12562.7,12562.7,12562.7,29991200,29991200,29991200
2018-04-23 13:00:00,12570.8,12570.8,12570.8,29991200,29991200,29991200
2018-04-23 17:00:00,12565.5,12565.5,12565.5,29991200,29991200,29991200
2018-04-24 05:00:00,12634.3,12634.3,12634.3,29991200,29991200,29991200
2018-04-24 09:00:00,12567.0,12567.0,12567.0,29991200,29991200,29991200
2018-04-24 13:00:00,12458.6,12458.6,12458.6,29991200,29991200,29991200
2018-04-24 17:00:00,12440.1,12440.1,12440.1,29991200,29991200,29991200
2018-04-25 05:00:00,12357.5,12357.5,12357.5,29991200,29991200,29991200
2018-04-25 09:00:00,12373.5,12373.5,12373.5,29991200,29991200,29991200
2018-04-25 13:00:00,12402.9,12402.9,12402.9,29991200,29991200,29991200
2018-04-25 17:00:00,12442.1,12442.1,12442.1,29991200,29991200,29991200
2018-04-26 05:00:00,12426.5,12426.5,12426.5,29991200,29991200,29991200
2018-04-26 09:00:00,12425.3,12425.3,12425.3,29991200,29991200,29991200
2018-04-26 13:00:00,12521.9,12521.9,12521.9,29991200,29991200,29991200
2018-04-26 17:00:00,12557.9,12557.9,12557.9,29991200,29991200,29991200
2018-04-27 05:00:00,12593.8,12593.8,12593.8,29991200,29991200,29991200
2018-04-27 09:00:00,12618.8,12618.8,12618.8,29991200,29991200,29991200
2018-04-27 13:00:00,12598.7,12598.7,12598.7,29991200,29991200,29991200
2018-04-27 17:00:00,12583.4,12583.4,12583.4,29991200,29991200,29991200
2018-04-30 05:00:00,12605.3,12605.3,12605.3,29991200,29991200,29991200
2018-04-30 09:00:00,12577.5,12577.5,12577.5,29991200,29991200,29991200
2018-04-30 13:00:00,12566.6,12566.6,12566.6,29991200,29991200,29991200
2018-04-30 17:00:00,12566.9,12566.9,12566.9,29991200,29991200,29991200
2018-05-02 05:00:00,12767.5,12767.5,12767.5,29991200,29991200,29991200
2018-05-02 09:00:00,12793.2,12793.2,12793.2,29991200,29991200,29991200
2018-05-02 13:00:00,12801.8,12801.8,12801.8,29991200,29991200,29991200
2018-05-02 17:00:00,12779.1,12779.1,12779.1,29991200,29991200,29991200
2018-05-03 05:00:00,12768.8,12768.8,12768.8,29991200,29991200,29991200
2018-05-03 09:00:00,12745.0,12745.0,12745.0,29991200,29991200,29991200
2018-05-03 13:00:00,12735.9,12735.9,12735.9,29991200,29991200,29991200
2018-05-03 17:00:00,12738.9,12738.9,12738.9,29991200,29991200,29991200
2018-05-04 05:00:00,12721.6,12721.6,12721.6,29991200,29991200,29991200
2018-05-04 09:00:00,12724.6,12724.6,12724.6,29991200,29991200,29991200
2018-05-04 13:00:00,12822.9,12822.9,12822.9,29991200,29991200,29991200
2018-05-04 17:00:00,12834.4,12834.4,12834.4,29991200,29991200,29991200
2018-05-07 05:00:00,12858.1,12858.1,12858.1,29991200,29991200,29991200
2018-05-07 09:00:00,12915.9,12915.9,12915.9,29991200,29991200,29991200
2018-05-07 13:00:00,12945.3,12945.3,12945.3,29991200,29991200,29991200
2018-05-07 17:00:00,12925.3,12925.3,12925.3,29991200,29991200,29991200
2018-05-08 05:00:00,12878.7,12878.7,12878.7,29991200,29991200,29991200
2018-05-08 09:00:00,12875.5,12875.5,12875.5,29991200,29991200,29991200
2018-05-08 13:00:00,12892.1,12892.1,12892.1,29991200,29991200,29991200
2018-05-08 17:00:00,12935.1,12935.1,12935.1,29991200,29991200,29991200
2018-05-09 05:00:00,12939.3,12939.3,12939.3,29991200,29991200,29991200
2018-05-09 09:00:00,12896.8,12896.8,12896.8,29991200,29991200,29991200
2018-05-09 13:00:00,12986.9,12986.9,12986.9,29991200,29991200,29991200
2018-05-09 17:00:00,12977.4,12977.4,12977.4,29991200,29991200,29991200
2018-05-10 05:00:00,13027.5,13027.5,13027.5,29991200,29991200,29991200
2018-05-10 09:00:00,12953.5,12953.5,12953.5,29991200,29991200,29991200
2018-05-10 13:00:00,13025.6,13025.6,13025.6,29991200,29991200,29991200
2018-05-10 17:00:00,13031.8,13031.8,13031.8,29991200,29991200,29991200
2018-05-11 05:00:00,12985.9,12985.9,12985.9,29991200,29991200,29991200
2018-05-11 09:00:00,12969.4,12969.4,12969.4,29991200,29991200,29991200
2018-05-11 13:00:00,12983.2,12983.2,12983.2,29991200,29991200,29991200
2018-05-11 17:00:00,12988.5,12988.5,12988.5,29991200,29991200,29991200
2018-05-14 05:00:00,12974.9,12974.9,12974.9,29991200,29991200,29991200
2018-05-14 09:00:00,12946.4,12946.4,12946.4,29991200,29991200,29991200
2018-05-14 13:00:00,12963.8,12963.8,12963.8,29991200,29991200,29991200
2018-05-14 17:00:00,12971.5,12971.5,12971.5,29991200,29991200,29991200
2018-05-15 05:00:00,12962.6,12962.6,12962.6,29991200,29991200,29991200
2018-05-15 09:00:00,12941.8,12941.8,12941.8,29991200,29991200,29991200
2018-05-15 13:00:00,12993.7,12993.7,12993.7,29991200,29991200,29991200
2018-05-15 17:00:00,12991.9,12991.9,12991.9,29991200,29991200,29991200
2018-05-16 05:00:00,12983.6,12983.6,12983.6,29991200,29991200,29991200
2018-05-16 09:00:00,13012.3,13012.3,13012.3,29991200,29991200,29991200
2018-05-16 13:00:00,13008.2,13008.2,13008.2,29991200,29991200,29991200
2018-05-16 17:00:00,13016.7,13016.7,13016.7,29991200,29991200,29991200
2018-05-17 05:00:00,13006.5,13006.5,13006.5,29991200,29991200,29991200
2018-05-17 09:00:00,13041.0,13041.0,13041.0,29991200,29991200,29991200
2018-05-17 13:00:00,13103.3,13103.3,13103.3,29991200,29991200,29991200
2018-05-17 17:00:00,13107.3,13107.3,13107.3,29991200,29991200,29991200
2018-05-18 05:00:00,13094.3,13094.3,13094.3,29991200,29991200,29991200
2018-05-18 09:00:00,13064.3,13064.3,13064.3,29991200,29991200,29991200
2018-05-18 13:00:00,13070.6,13070.6,13070.6,29991200,29991200,29991200
2018-05-18 17:00:00,13075.1,13075.1,13075.1,29991200,29991200,29991200
2018-05-22 05:00:00,13098.6,13098.6,13098.6,29991200,29991200,29991200
2018-05-22 09:00:00,13162.4,13162.4,13162.4,29991200,29991200,29991200
2018-05-22 13:00:00,13186.0,13186.0,13186.0,29991200,29991200,29991200
2018-05-22 17:00:00,13162.7,13162.7,13162.7,29991200,29991200,29991200
2018-05-23 05:00:00,12975.7,12975.7,12975.7,29991200,29991200,29991200
2018-05-23 09:00:00,12936.2,12936.2,12936.2,29991200,29991200,29991200
2018-05-23 13:00:00,12985.5,12985.5,12985.5,29991200,29991200,29991200
2018-05-23 17:00:00,13006.8,13006.8,13006.8,29991200,29991200,29991200
2018-05-24 05:00:00,13002.2,13002.2,13002.2,29991200,29991200,29991200
2018-05-24 09:00:00,12933.2,12933.2,12933.2,29991200,29991200,29991200
2018-05-24 13:00:00,12862.5,12862.5,12862.5,29991200,29991200,29991200
2018-05-24 17:00:00,12883.5,12883.5,12883.5,29991200,29991200,29991200
2018-05-25 05:00:00,12968.2,12968.2,12968.2,29991200,29991200,29991200
2018-05-25 09:00:00,12924.1,12924.1,12924.1,29991200,29991200,29991200
2018-05-25 13:00:00,12921.1,12921.1,12921.1,29991200,29991200,29991200
2018-05-25 17:00:00,12926.2,12926.2,12926.2,29991200,29991200,29991200
2018-05-28 05:00:00,12951.5,12951.5,12951.5,29991200,29991200,29991200
2018-05-28 09:00:00,12843.3,12843.3,12843.3,29991200,29991200,29991200
2018-05-28 13:00:00,12858.6,12858.6,12858.6,29991200,29991200,29991200
2018-05-28 17:00:00,12860.6,12860.6,12860.6,29991200,29991200,29991200
2018-05-29 05:00:00,12656.8,12656.8,12656.8,29991200,29991200,29991200
2018-05-29 09:00:00,12730.3,12730.3,12730.3,29991200,29991200,29991200
2018-05-29 13:00:00,12656.1,12656.1,12656.1,29991200,29991200,29991200
2018-05-29 17:00:00,12644.6,12644.6,12644.6,29991200,29991200,29991200
2018-05-30 05:00:00,12692.9,12692.9,12692.9,29991200,29991200,29991200
2018-05-30 09:00:00,12767.4,12767.4,12767.4,29991200,29991200,29991200
2018-05-30 13:00:00,12798.2,12798.2,12798.2,29991200,29991200,29991200
2018-05-30 17:00:00,12810.2,12810.2,12810.2,29991200,29991200,29991200
2018-05-31 05:00:00,12755.0,12755.0,12755.0,29991200,29991200,29991200
2018-05-31 09:00:00,12732.1,12732.1,12732.1,29991200,29991200,29991200
2018-05-31 13:00:00,12637.0,12637.0,12637.0,29991200,29991200,29991200
2018-05-31 17:00:00,12625.6,12625.6,12625.6,29991200,29991200,29991200
2018-06-01 05:00:00,12702.6,12702.6,12702.6,29991200,29991200,29991200
2018-06-01 09:00:00,12776.1,12776.1,12776.1,29991200,29991200,29991200
2018-06-01 13:00:00,12724.0,12724.0,12724.0,29991200,29991200,29991200
2018-06-01 17:00:00,12741.8,12741.8,12741.8,29991200,29991200,29991200
2018-06-04 05:00:00,12745.2,12745.2,12745.2,29991200,29991200,29991200
2018-06-04 09:00:00,12755.7,12755.7,12755.7,29991200,29991200,29991200
2018-06-04 13:00:00,12794.3,12794.3,12794.3,29991200,29991200,29991200
2018-06-04 17:00:00,12779.5,12779.5,12779.5,29991200,29991200,29991200
2018-06-05 05:00:00,12824.3,12824.3,12824.3,29991200,29991200,29991200
2018-06-05 09:00:00,12841.3,12841.3,12841.3,29991200,29991200,29991200
2018-06-05 13:00:00,12767.9,12767.9,12767.9,29991200,29991200,29991200
2018-06-05 17:00:00,12762.1,12762.1,12762.1,29991200,29991200,29991200
2018-06-06 05:00:00,12835.3,12835.3,12835.3,29991200,29991200,29991200
2018-06-06 09:00:00,12815.9,12815.9,12815.9,29991200,29991200,29991200
2018-06-06 13:00:00,12861.3,12861.3,12861.3,29991200,29991200,29991200
2018-06-06 17:00:00,12895.5,12895.5,12895.5,29991200,29991200,29991200
2018-06-07 05:00:00,12856.3,12856.3,12856.3,29991200,29991200,29991200
2018-06-07 09:00:00,12820.7,12820.7,12820.7,29991200,29991200,29991200
2018-06-07 13:00:00,12769.2,12769.2,12769.2,29991200,29991200,29991200
2018-06-07 17:00:00,12716.9,12716.9,12716.9,29991200,29991200,29991200
2018-06-08 05:00:00,12635.3,12635.3,12635.3,29991200,29991200,29991200
2018-06-08 09:00:00,12781.9,12781.9,12781.9,29991200,29991200,29991200
2018-06-08 13:00:00,12801.9,12801.9,12801.9,29991200,29991200,29991200
2018-06-08 17:00:00,12787.1,12787.1,12787.1,29991200,29991200,29991200
2018-06-11 05:00:00,12814.8,12814.8,12814.8,29991200,29991200,29991200
2018-06-11 09:00:00,12772.3,12772.3,12772.3,29991200,29991200,29991200
2018-06-11 13:00:00,12878.3,12878.3,12878.3,29991200,29991200,29991200
2018-06-11 17:00:00,12872.5,12872.5,12872.5,29991200,29991200,29991200
2018-06-12 05:00:00,12856.1,12856.1,12856.1,29991200,29991200,29991200
2018-06-12 09:00:00,12848.9,12848.9,12848.9,29991200,29991200,29991200
2018-06-12 13:00:00,12851.6,12851.6,12851.6,29991200,29991200,29991200
2018-06-12 17:00:00,12839.3,12839.3,12839.3,29991200,29991200,29991200
2018-06-13 05:00:00,12857.2,12857.2,12857.2,29991200,29991200,29991200
2018-06-13 09:00:00,12864.6,12864.6,12864.6,29991200,29991200,29991200
2018-06-13 13:00:00,12875.2,12875.2,12875.2,29991200,29991200,29991200
2018-06-13 17:00:00,12855.5,12855.5,12855.5,29991200,29991200,29991200
2018-06-14 05:00:00,12847.3,12847.3,12847.3,29991200,29991200,29991200
2018-06-14 09:00:00,12988.0,12988.0,12988.0,29991200,29991200,29991200
2018-06-14 13:00:00,13123.3,13123.3,13123.3,29991200,29991200,29991200
2018-06-14 17:00:00,13143.0,13143.0,13143.0,29991200,29991200,29991200
2018-06-15 05:00:00,13106.9,13106.9,13106.9,29991200,29991200,29991200
2018-06-15 09:00:00,13036.8,13036.8,13036.8,29991200,29991200,29991200
2018-06-15 13:00:00,13026.0,13026.0,13026.0,29991200,29991200,29991200
2018-06-15 17:00:00,13061.5,13061.5,13061.5,29991200,29991200,29991200
2018-06-18 05:00:00,12906.8,12906.8,12906.8,29991200,29991200,29991200
2018-06-18 09:00:00,12831.5,12831.5,12831.5,29991200,29991200,29991200
2018-06-18 13:00:00,12816.0,12816.0,12816.0,29991200,29991200,29991200
2018-06-18 17:00:00,12849.4,12849.4,12849.4,29991200,29991200,29991200
2018-06-19 05:00:00,12615.4,12615.4,12615.4,29991200,29991200,29991200
2018-06-19 09:00:00,12659.3,12659.3,12659.3,29991200,29991200,29991200
2018-06-19 13:00:00,12693.2,12693.2,12693.2,29991200,29991200,29991200
2018-06-20 05:00:00,12720.7,12720.7,12720.7,29991200,29991200,29991200
2018-06-20 09:00:00,12730.3,12730.3,12730.3,29991200,29991200,29991200
2018-06-20 13:00:00,12702.3,12702.3,12702.3,29991200,29991200,29991200
2018-06-20 17:00:00,12699.6,12699.6,12699.6,29991200,29991200,29991200
2018-06-21 05:00:00,12633.5,12633.5,12633.5,29991200,29991200,29991200
2018-06-21 09:00:00,12552.7,12552.7,12552.7,29991200,29991200,29991200
2018-06-21 13:00:00,12498.0,12498.0,12498.0,29991200,29991200,29991200
2018-06-21 17:00:00,12473.5,12473.5,12473.5,29991200,29991200,29991200
2018-06-22 05:00:00,12541.7,12541.7,12541.7,29991200,29991200,29991200
2018-06-22 09:00:00,12548.3,12548.3,12548.3,29991200,29991200,29991200
2018-06-22 13:00:00,12582.1,12582.1,12582.1,29991200,29991200,29991200
2018-06-22 17:00:00,12549.8,12549.8,12549.8,29991200,29991200,29991200
2018-06-25 05:00:00,12421.7,12421.7,12421.7,29991200,29991200,29991200
2018-06-25 09:00:00,12361.4,12361.4,12361.4,29991200,29991200,29991200
2018-06-25 13:00:00,12279.8,12279.8,12279.8,29991200,29991200,29991200
2018-06-25 17:00:00,12279.0,12279.0,12279.0,29991200,29991200,29991200
2018-06-26 05:00:00,12313.3,12313.3,12313.3,29991200,29991200,29991200
2018-06-26 09:00:00,12281.8,12281.8,12281.8,29991200,29991200,29991200
2018-06-26 13:00:00,12273.3,12273.3,12273.3,29991200,29991200,29991200
2018-06-26 17:00:00,12284.0,12284.0,12284.0,29991200,29991200,29991200
2018-06-27 05:00:00,12141.6,12141.6,12141.6,29991200,29991200,29991200
2018-06-27 09:00:00,12340.2,12340.2,12340.2,29991200,29991200,29991200
2018-06-27 13:00:00,12319.2,12319.2,12319.2,29991200,29991200,29991200
2018-06-27 17:00:00,12267.4,12267.4,12267.4,29991200,29991200,29991200
2018-06-28 05:00:00,12275.0,12275.0,12275.0,29991200,29991200,29991200
2018-06-28 09:00:00,12153.6,12153.6,12153.6,29991200,29991200,29991200
2018-06-28 13:00:00,12169.6,12169.6,12169.6,29991200,29991200,29991200
2018-06-28 17:00:00,12216.3,12216.3,12216.3,29991200,29991200,29991200
2018-06-29 05:00:00,12365.9,12365.9,12365.9,29991200,29991200,29991200
2018-06-29 09:00:00,12294.4,12294.4,12294.4,29991200,29991200,29991200
2018-06-29 13:00:00,12294.4,12294.4,12294.4,29991200,29991200,29991200
2018-06-29 17:00:00,12277.1,12277.1,12277.1,29991200,29991200,29991200
2018-07-02 05:00:00,12259.0,12259.0,12259.0,29991200,29991200,29991200
2018-07-02 09:00:00,12242.5,12242.5,12242.5,29991200,29991200,29991200
2018-07-02 13:00:00,12235.3,12235.3,12235.3,29991200,29991200,29991200
2018-07-02 17:00:00,12290.5,12290.5,12290.5,29991200,29991200,29991200
2018-07-03 05:00:00,12356.9,12356.9,12356.9,29991200,29991200,29991200
2018-07-03 09:00:00,12383.2,12383.2,12383.2,29991200,29991200,29991200
2018-07-03 13:00:00,12297.2,12297.2,12297.2,29991200,29991200,29991200
2018-07-03 17:00:00,12300.7,12300.7,12300.7,29991200,29991200,29991200
2018-07-04 05:00:00,12318.4,12318.4,12318.4,29991200,29991200,29991200
2018-07-04 09:00:00,12306.2,12306.2,12306.2,29991200,29991200,29991200
2018-07-04 13:00:00,12325.0,12325.0,12325.0,29991200,29991200,29991200
2018-07-04 17:00:00,12328.9,12328.9,12328.9,29991200,29991200,29991200
2018-07-05 05:00:00,12441.0,12441.0,12441.0,29991200,29991200,29991200
2018-07-05 09:00:00,12469.0,12469.0,12469.0,29991200,29991200,29991200
2018-07-05 13:00:00,12478.0,12478.0,12478.0,29991200,29991200,29991200
2018-07-05 17:00:00,12471.0,12471.0,12471.0,29991200,29991200,29991200
2018-07-06 05:00:00,12475.1,12475.1,12475.1,29991200,29991200,29991200
2018-07-06 09:00:00,12435.5,12435.5,12435.5,29991200,29991200,29991200
2018-07-06 13:00:00,12500.5,12500.5,12500.5,29991200,29991200,29991200
2018-07-06 17:00:00,12493.2,12493.2,12493.2,29991200,29991200,29991200
2018-07-09 05:00:00,12498.6,12498.6,12498.6,29991200,29991200,29991200
2018-07-09 09:00:00,12504.1,12504.1,12504.1,29991200,29991200,29991200
2018-07-09 13:00:00,12544.9,12544.9,12544.9,29991200,29991200,29991200
2018-07-09 17:00:00,12562.8,12562.8,12562.8,29991200,29991200,29991200
2018-07-10 05:00:00,12532.2,12532.2,12532.2,29991200,29991200,29991200
2018-07-10 09:00:00,12595.0,12595.0,12595.0,29991200,29991200,29991200
2018-07-10 13:00:00,12602.7,12602.7,12602.7,29991200,29991200,29991200
2018-07-10 17:00:00,12602.3,12602.3,12602.3,29991200,29991200,29991200
2018-07-11 05:00:00,12459.7,12459.7,12459.7,29991200,29991200,29991200
2018-07-11 09:00:00,12435.3,12435.3,12435.3,29991200,29991200,29991200
2018-07-11 13:00:00,12404.4,12404.4,12404.4,29991200,29991200,29991200
2018-07-11 17:00:00,12413.6,12413.6,12413.6,29991200,29991200,29991200
2018-07-12 05:00:00,12422.8,12422.8,12422.8,29991200,29991200,29991200
2018-07-12 09:00:00,12457.1,12457.1,12457.1,29991200,29991200,29991200
2018-07-12 13:00:00,12497.7,12497.7,12497.7,29991200,29991200,29991200
2018-07-12 17:00:00,12503.6,12503.6,12503.6,29991200,29991200,29991200
2018-07-13 05:00:00,12521.9,12521.9,12521.9,29991200,29991200,29991200
2018-07-13 09:00:00,12525.1,12525.1,12525.1,29991200,29991200,29991200
2018-07-13 13:00:00,12533.4,12533.4,12533.4,29991200,29991200,29991200
2018-07-13 17:00:00,12541.1,12541.1,12541.1,29991200,29991200,29991200
2018-07-16 05:00:00,12546.1,12546.1,12546.1,29991200,29991200,29991200
2018-07-16 09:00:00,12540.6,12540.6,12540.6,29991200,29991200,29991200
2018-07-16 13:00:00,12568.3,12568.3,12568.3,29991200,29991200,29991200
2018-07-16 17:00:00,12572.8,12572.8,12572.8,29991200,29991200,29991200
2018-07-17 05:00:00,12555.0,12555.0,12555.0,29991200,29991200,29991200
2018-07-17 09:00:00,12537.9,12537.9,12537.9,29991200,29991200,29991200
2018-07-17 13:00:00,12720.9,12720.9,12720.9,29991200,29991200,29991200
2018-07-17 17:00:00,12701.6,12701.6,12701.6,29991200,29991200,29991200
2018-07-18 05:00:00,12758.6,12758.6,12758.6,29991200,29991200,29991200
2018-07-18 09:00:00,12752.6,12752.6,12752.6,29991200,29991200,29991200
2018-07-18 13:00:00,12758.9,12758.9,12758.9,29991200,29991200,29991200
2018-07-18 17:00:00,12755.4,12755.4,12755.4,29991200,29991200,29991200
2018-07-19 05:00:00,12719.3,12719.3,12719.3,29991200,29991200,29991200
2018-07-19 09:00:00,12695.8,12695.8,12695.8,29991200,29991200,29991200
2018-07-19 13:00:00,12675.8,12675.8,12675.8,29991200,29991200,29991200
2018-07-19 17:00:00,12677.5,12677.5,12677.5,29991200,29991200,29991200
2018-07-20 05:00:00,12680.7,12680.7,12680.7,29991200,29991200,29991200
2018-07-20 09:00:00,12489.5,12489.5,12489.5,29991200,29991200,29991200
2018-07-20 13:00:00,12542.0,12542.0,12542.0,29991200,29991200,29991200
2018-07-20 17:00:00,12536.5,12536.5,12536.5,29991200,29991200,29991200
2018-07-23 05:00:00,12539.9,12539.9,12539.9,29991200,29991200,29991200
2018-07-23 09:00:00,12536.9,12536.9,12536.9,29991200,29991200,29991200
2018-07-23 13:00:00,12555.1,12555.1,12555.1,29991200,29991200,29991200
2018-07-23 17:00:00,12571.0,12571.0,12571.0,29991200,29991200,29991200
2018-07-24 05:00:00,12701.5,12701.5,12701.5,29991200,29991200,29991200
2018-07-24 09:00:00,12732.8,12732.8,12732.8,29991200,29991200,29991200
2018-07-24 13:00:00,12696.0,12696.0,12696.0,29991200,29991200,29991200
2018-07-24 17:00:00,12674.2,12674.2,12674.2,29991200,29991200,29991200
2018-07-25 05:00:00,12659.9,12659.9,12659.9,29991200,29991200,29991200
2018-07-25 09:00:00,12614.5,12614.5,12614.5,29991200,29991200,29991200
2018-07-25 13:00:00,12581.3,12581.3,12581.3,29991200,29991200,29991200
2018-07-25 17:00:00,12711.1,12711.1,12711.1,29991200,29991200,29991200
2018-07-26 05:00:00,12755.5,12755.5,12755.5,29991200,29991200,29991200
2018-07-26 09:00:00,12759.5,12759.5,12759.5,29991200,29991200,29991200
2018-07-26 13:00:00,12791.3,12791.3,12791.3,29991200,29991200,29991200
2018-07-26 17:00:00,12803.0,12803.0,12803.0,29991200,29991200,29991200
2018-07-27 05:00:00,12843.2,12843.2,12843.2,29991200,29991200,29991200
2018-07-27 09:00:00,12879.7,12879.7,12879.7,29991200,29991200,29991200
2018-07-27 13:00:00,12806.6,12806.6,12806.6,29991200,29991200,29991200
2018-07-27 17:00:00,12820.8,12820.8,12820.8,29991200,29991200,29991200
2018-07-30 05:00:00,12821.3,12821.3,12821.3,29991200,29991200,29991200
2018-07-30 09:00:00,12831.5,12831.5,12831.5,29991200,29991200,29991200
2018-07-30 13:00:00,12780.8,12780.8,12780.8,29991200,29991200,29991200
2018-07-30 17:00:00,12777.1,12777.1,12777.1,29991200,29991200,29991200
2018-07-31 05:00:00,12805.9,12805.9,12805.9,29991200,29991200,29991200
2018-07-31 09:00:00,12759.9,12759.9,12759.9,29991200,29991200,29991200
2018-07-31 13:00:00,12826.2,12826.2,12826.2,29991200,29991200,29991200
2018-07-31 17:00:00,12808.9,12808.9,12808.9,29991200,29991200,29991200
2018-08-01 05:00:00,12785.1,12785.1,12785.1,29991200,29991200,29991200
2018-08-01 09:00:00,12746.1,12746.1,12746.1,29991200,29991200,29991200
2018-08-01 13:00:00,12726.1,12726.1,12726.1,29991200,29991200,29991200
2018-08-01 17:00:00,12725.3,12725.3,12725.3,29991200,29991200,29991200
2018-08-02 05:00:00,12525.8,12525.8,12525.8,29991200,29991200,29991200
2018-08-02 09:00:00,12537.9,12537.9,12537.9,29991200,29991200,29991200
2018-08-02 13:00:00,12571.4,12571.4,12571.4,29991200,29991200,29991200
2018-08-02 17:00:00,12600.6,12600.6,12600.6,29991200,29991200,29991200
2018-08-03 05:00:00,12591.4,12591.4,12591.4,29991200,29991200,29991200
2018-08-03 09:00:00,12593.1,12593.1,12593.1,29991200,29991200,29991200
2018-08-03 13:00:00,12608.7,12608.7,12608.7,29991200,29991200,29991200
2018-08-03 17:00:00,12633.6,12633.6,12633.6,29991200,29991200,29991200
2018-08-06 05:00:00,12542.0,12542.0,12542.0,29991200,29991200,29991200
2018-08-06 09:00:00,12577.9,12577.9,12577.9,29991200,29991200,29991200
2018-08-06 13:00:00,12604.7,12604.7,12604.7,29991200,29991200,29991200
2018-08-06 17:00:00,12599.7,12599.7,12599.7,29991200,29991200,29991200
2018-08-07 05:00:00,12723.2,12723.2,12723.2,29991200,29991200,29991200
2018-08-07 09:00:00,12698.4,12698.4,12698.4,29991200,29991200,29991200
2018-08-07 13:00:00,12662.9,12662.9,12662.9,29991200,29991200,29991200
2018-08-07 17:00:00,12657.6,12657.6,12657.6,29991200,29991200,29991200
2018-08-08 05:00:00,12624.8,12624.8,12624.8,29991200,29991200,29991200
2018-08-08 09:00:00,12642.1,12642.1,12642.1,29991200,29991200,29991200
2018-08-08 13:00:00,12616.8,12616.8,12616.8,29991200,29991200,29991200
2018-08-08 17:00:00,12607.3,12607.3,12607.3,29991200,29991200,29991200
2018-08-09 05:00:00,12626.1,12626.1,12626.1,29991200,29991200,29991200
2018-08-09 09:00:00,12673.9,12673.9,12673.9,29991200,29991200,29991200
2018-08-09 13:00:00,12675.9,12675.9,12675.9,29991200,29991200,29991200
2018-08-09 17:00:00,12675.4,12675.4,12675.4,29991200,29991200,29991200
2018-08-10 05:00:00,12476.1,12476.1,12476.1,29991200,29991200,29991200
2018-08-10 09:00:00,12417.8,12417.8,12417.8,29991200,29991200,29991200
2018-08-10 13:00:00,12408.8,12408.8,12408.8,29991200,29991200,29991200
2018-08-10 17:00:00,12408.3,12408.3,12408.3,29991200,29991200,29991200
2018-08-13 05:00:00,12375.7,12375.7,12375.7,29991200,29991200,29991200
2018-08-13 09:00:00,12357.2,12357.2,12357.2,29991200,29991200,29991200
2018-08-13 13:00:00,12350.0,12350.0,12350.0,29991200,29991200,29991200
2018-08-13 17:00:00,12347.5,12347.5,12347.5,29991200,29991200,29991200
2018-08-14 05:00:00,12398.7,12398.7,12398.7,29991200,29991200,29991200
2018-08-14 09:00:00,12376.0,12376.0,12376.0,29991200,29991200,29991200
2018-08-14 13:00:00,12391.3,12391.3,12391.3,29991200,29991200,29991200
2018-08-14 17:00:00,12412.8,12412.8,12412.8,29991200,29991200,29991200
2018-08-15 05:00:00,12383.0,12383.0,12383.0,29991200,29991200,29991200
2018-08-15 09:00:00,12213.4,12213.4,12213.4,29991200,29991200,29991200
2018-08-15 13:00:00,12170.3,12170.3,12170.3,29991200,29991200,29991200
2018-08-15 17:00:00,12164.5,12164.5,12164.5,29991200,29991200,29991200
2018-08-16 05:00:00,12196.8,12196.8,12196.8,29991200,29991200,29991200
2018-08-16 09:00:00,12185.3,12185.3,12185.3,29991200,29991200,29991200
2018-08-16 13:00:00,12238.3,12238.3,12238.3,29991200,29991200,29991200
2018-08-16 17:00:00,12224.8,12224.8,12224.8,29991200,29991200,29991200
2018-08-17 05:00:00,12233.5,12233.5,12233.5,29991200,29991200,29991200
2018-08-17 09:00:00,12156.0,12156.0,12156.0,29991200,29991200,29991200
2018-08-17 13:00:00,12202.4,12202.4,12202.4,29991200,29991200,29991200
2018-08-17 17:00:00,12234.9,12234.9,12234.9,29991200,29991200,29991200
2018-08-20 05:00:00,12328.7,12328.7,12328.7,29991200,29991200,29991200
2018-08-20 09:00:00,12343.9,12343.9,12343.9,29991200,29991200,29991200
2018-08-20 13:00:00,12327.3,12327.3,12327.3,29991200,29991200,29991200
2018-08-20 17:00:00,12316.0,12316.0,12316.0,29991200,29991200,29991200
2018-08-21 05:00:00,12393.3,12393.3,12393.3,29991200,29991200,29991200
2018-08-21 09:00:00,12417.4,12417.4,12417.4,29991200,29991200,29991200
2018-08-21 13:00:00,12408.2,12408.2,12408.2,29991200,29991200,29991200
2018-08-21 17:00:00,12384.9,12384.9,12384.9,29991200,29991200,29991200
2018-08-22 05:00:00,12426.1,12426.1,12426.1,29991200,29991200,29991200
2018-08-22 09:00:00,12373.8,12373.8,12373.8,29991200,29991200,29991200
2018-08-22 13:00:00,12382.4,12382.4,12382.4,29991200,29991200,29991200
2018-08-22 17:00:00,12375.6,12375.6,12375.6,29991200,29991200,29991200
2018-08-23 05:00:00,12397.9,12397.9,12397.9,29991200,29991200,29991200
2018-08-23 09:00:00,12382.6,12382.6,12382.6,29991200,29991200,29991200
2018-08-23 13:00:00,12367.3,12367.3,12367.3,29991200,29991200,29991200
2018-08-23 17:00:00,12361.5,12361.5,12361.5,29991200,29991200,29991200
2018-08-24 05:00:00,12379.3,12379.3,12379.3,29991200,29991200,29991200
2018-08-24 09:00:00,12377.2,12377.2,12377.2,29991200,29991200,29991200
2018-08-24 13:00:00,12394.4,12394.4,12394.4,29991200,29991200,29991200
2018-08-24 17:00:00,12400.2,12400.2,12400.2,29991200,29991200,29991200
2018-08-27 05:00:00,12447.0,12447.0,12447.0,29991200,29991200,29991200
2018-08-27 09:00:00,12480.7,12480.7,12480.7,29991200,29991200,29991200
2018-08-27 13:00:00,12544.3,12544.3,12544.3,29991200,29991200,29991200
2018-08-27 17:00:00,12550.8,12550.8,12550.8,29991200,29991200,29991200
2018-08-28 05:00:00,12538.9,12538.9,12538.9,29991200,29991200,29991200
2018-08-28 09:00:00,12562.0,12562.0,12562.0,29991200,29991200,29991200
2018-08-28 13:00:00,12529.0,12529.0,12529.0,29991200,29991200,29991200
2018-08-28 17:00:00,12532.5,12532.5,12532.5,29991200,29991200,29991200
2018-08-29 05:00:00,12524.0,12524.0,12524.0,29991200,29991200,29991200
2018-08-29 09:00:00,12534.1,12534.1,12534.1,29991200,29991200,29991200
2018-08-29 13:00:00,12564.8,12564.8,12564.8,29991200,29991200,29991200
2018-08-29 17:00:00,12569.8,12569.8,12569.8,29991200,29991200,29991200
2018-08-30 05:00:00,12411.8,12411.8,12411.8,29991200,29991200,29991200
2018-08-30 09:00:00,12470.7,12470.7,12470.7,29991200,29991200,29991200
2018-08-30 13:00:00,12496.5,12496.5,12496.5,29991200,29991200,29991200
2018-08-30 17:00:00,12450.7,12450.7,12450.7,29991200,29991200,29991200
2018-08-31 05:00:00,12373.8,12373.8,12373.8,29991200,29991200,29991200
2018-08-31 09:00:00,12384.5,12384.5,12384.5,29991200,29991200,29991200
2018-08-31 13:00:00,12320.8,12320.8,12320.8,29991200,29991200,29991200
2018-08-31 17:00:00,12347.3,12347.3,12347.3,29991200,29991200,29991200
2018-09-03 05:00:00,12330.4,12330.4,12330.4,29991200,29991200,29991200
2018-09-03 09:00:00,12314.8,12314.8,12314.8,29991200,29991200,29991200
2018-09-03 13:00:00,12334.2,12334.2,12334.2,29991200,29991200,29991200
2018-09-03 17:00:00,12337.7,12337.7,12337.7,29991200,29991200,29991200
2018-09-04 05:00:00,12293.6,12293.6,12293.6,29991200,29991200,29991200
2018-09-04 09:00:00,12181.4,12181.4,12181.4,29991200,29991200,29991200
2018-09-04 13:00:00,12198.6,12198.6,12198.6,29991200,29991200,29991200
2018-09-04 17:00:00,12222.3,12222.3,12222.3,29991200,29991200,29991200
2018-09-05 05:00:00,12118.8,12118.8,12118.8,29991200,29991200,29991200
2018-09-05 09:00:00,12109.6,12109.6,12109.6,29991200,29991200,29991200
2018-09-05 13:00:00,12051.9,12051.9,12051.9,29991200,29991200,29991200
2018-09-05 17:00:00,12058.8,12058.8,12058.8,29991200,29991200,29991200
2018-09-06 05:00:00,12079.7,12079.7,12079.7,29991200,29991200,29991200
2018-09-06 09:00:00,12066.4,12066.4,12066.4,29991200,29991200,29991200
2018-09-06 13:00:00,11949.3,11949.3,11949.3,29991200,29991200,29991200
2018-09-06 17:00:00,11985.3,11985.3,11985.3,29991200,29991200,29991200
2018-09-07 05:00:00,11934.0,11934.0,11934.0,29991200,29991200,29991200
2018-09-07 09:00:00,11907.3,11907.3,11907.3,29991200,29991200,29991200
2018-09-07 13:00:00,11921.6,11921.6,11921.6,29991200,29991200,29991200
2018-09-07 17:00:00,11940.8,11940.8,11940.8,29991200,29991200,29991200
2018-09-10 05:00:00,11967.9,11967.9,11967.9,29991200,29991200,29991200
2018-09-10 09:00:00,12022.5,12022.5,12022.5,29991200,29991200,29991200
2018-09-10 13:00:00,11989.6,11989.6,11989.6,29991200,29991200,29991200
2018-09-10 17:00:00,12000.1,12000.1,12000.1,29991200,29991200,29991200
2018-09-11 05:00:00,11916.7,11916.7,11916.7,29991200,29991200,29991200
2018-09-11 09:00:00,11899.9,11899.9,11899.9,29991200,29991200,29991200
2018-09-11 13:00:00,11986.2,11986.2,11986.2,29991200,29991200,29991200
2018-09-11 17:00:00,11995.7,11995.7,11995.7,29991200,29991200,29991200
2018-09-12 05:00:00,12032.0,12032.0,12032.0,29991200,29991200,29991200
2018-09-12 09:00:00,11980.3,11980.3,11980.3,29991200,29991200,29991200
2018-09-12 13:00:00,12013.9,12013.9,12013.9,29991200,29991200,29991200
2018-09-12 17:00:00,12008.9,12008.9,12008.9,29991200,29991200,29991200
2018-09-13 05:00:00,12097.7,12097.7,12097.7,29991200,29991200,29991200
2018-09-13 09:00:00,12081.2,12081.2,12081.2,29991200,29991200,29991200
2018-09-13 13:00:00,12083.0,12083.0,12083.0,29991200,29991200,29991200
2018-09-13 17:00:00,12082.7,12082.7,12082.7,29991200,29991200,29991200
2018-09-14 05:00:00,12107.1,12107.1,12107.1,29991200,29991200,29991200
2018-09-14 09:00:00,12113.8,12113.8,12113.8,29991200,29991200,29991200
2018-09-14 13:00:00,12094.9,12094.9,12094.9,29991200,29991200,29991200
2018-09-14 17:00:00,12121.6,12121.6,12121.6,29991200,29991200,29991200
2018-09-17 05:00:00,12109.7,12109.7,12109.7,29991200,29991200,29991200
2018-09-17 09:00:00,12078.0,12078.0,12078.0,29991200,29991200,29991200
2018-09-17 13:00:00,12086.3,12086.3,12086.3,29991200,29991200,29991200
2018-09-17 17:00:00,12056.4,12056.4,12056.4,29991200,29991200,29991200
2018-09-18 05:00:00,12160.8,12160.8,12160.8,29991200,29991200,29991200
2018-09-18 09:00:00,12124.8,12124.8,12124.8,29991200,29991200,29991200
2018-09-18 13:00:00,12161.6,12161.6,12161.6,29991200,29991200,29991200
2018-09-18 17:00:00,12171.1,12171.1,12171.1,29991200,29991200,29991200
2018-09-19 05:00:00,12181.9,12181.9,12181.9,29991200,29991200,29991200
2018-09-19 09:00:00,12178.8,12178.8,12178.8,29991200,29991200,29991200
2018-09-19 13:00:00,12221.9,12221.9,12221.9,29991200,29991200,29991200
2018-09-19 17:00:00,12223.6,12223.6,12223.6,29991200,29991200,29991200
2018-09-20 05:00:00,12245.9,12245.9,12245.9,29991200,29991200,29991200
2018-09-20 09:00:00,12319.9,12319.9,12319.9,29991200,29991200,29991200
2018-09-20 13:00:00,12347.0,12347.0,12347.0,29991200,29991200,29991200
2018-09-20 17:00:00,12352.0,12352.0,12352.0,29991200,29991200,29991200
2018-09-21 05:00:00,12411.3,12411.3,12411.3,29991200,29991200,29991200
2018-09-21 09:00:00,12401.0,12401.0,12401.0,29991200,29991200,29991200
2018-09-21 13:00:00,12421.3,12421.3,12421.3,29991200,29991200,29991200
2018-09-21 17:00:00,12409.0,12409.0,12409.0,29991200,29991200,29991200
2018-09-24 05:00:00,12379.5,12379.5,12379.5,29991200,29991200,29991200
2018-09-24 09:00:00,12396.4,12396.4,12396.4,29991200,29991200,29991200
2018-09-24 13:00:00,12348.8,12348.8,12348.8,29991200,29991200,29991200
2018-09-24 17:00:00,12349.8,12349.8,12349.8,29991200,29991200,29991200
2018-09-25 05:00:00,12350.9,12350.9,12350.9,29991200,29991200,29991200
2018-09-25 09:00:00,12361.5,12361.5,12361.5,29991200,29991200,29991200
2018-09-25 13:00:00,12375.1,12375.1,12375.1,29991200,29991200,29991200
2018-09-25 17:00:00,12372.1,12372.1,12372.1,29991200,29991200,29991200
2018-09-26 05:00:00,12362.5,12362.5,12362.5,29991200,29991200,29991200
2018-09-26 09:00:00,12344.5,12344.5,12344.5,29991200,29991200,29991200
2018-09-26 13:00:00,12377.0,12377.0,12377.0,29991200,29991200,29991200
2018-09-26 17:00:00,12341.9,12341.9,12341.9,29991200,29991200,29991200
2018-09-27 05:00:00,12313.1,12313.1,12313.1,29991200,29991200,29991200
2018-09-27 09:00:00,12421.2,12421.2,12421.2,29991200,29991200,29991200
2018-09-27 13:00:00,12453.6,12453.6,12453.6,29991200,29991200,29991200
2018-09-27 17:00:00,12413.1,12413.1,12413.1,29991200,29991200,29991200
2018-09-28 05:00:00,12352.5,12352.5,12352.5,29991200,29991200,29991200
2018-09-28 09:00:00,12209.9,12209.9,12209.9,29991200,29991200,29991200
2018-09-28 13:00:00,12220.0,12220.0,12220.0,29991200,29991200,29991200
2018-09-28 17:00:00,12227.8,12227.8,12227.8,29991200,29991200,29991200
2018-10-01 05:00:00,12335.6,12335.6,12335.6,29991200,29991200,29991200
2018-10-01 09:00:00,12350.7,12350.7,12350.7,29991200,29991200,29991200
2018-10-01 13:00:00,12318.6,12318.6,12318.6,29991200,29991200,29991200
2018-10-01 17:00:00,12313.6,12313.6,12313.6,29991200,29991200,29991200
2018-10-02 05:00:00,12225.9,12225.9,12225.9,29991200,29991200,29991200
2018-10-02 09:00:00,12264.4,12264.4,12264.4,29991200,29991200,29991200
2018-10-02 13:00:00,12279.6,12279.6,12279.6,29991200,29991200,29991200
2018-10-02 17:00:00,12279.1,12279.1,12279.1,29991200,29991200,29991200
2018-10-03 05:00:00,12279.0,12279.0,12279.0,29991200,29991200,29991200
2018-10-03 13:00:00,12279.0,12279.0,12279.0,29991200,29991200,29991200
2018-10-03 17:00:00,12279.0,12279.0,12279.0,29991200,29991200,29991200
2018-10-04 05:00:00,12251.3,12251.3,12251.3,29991200,29991200,29991200
2018-10-04 09:00:00,12333.3,12333.3,12333.3,29991200,29991200,29991200
2018-10-04 13:00:00,12224.9,12224.9,12224.9,29991200,29991200,29991200
2018-10-04 17:00:00,12229.6,12229.6,12229.6,29991200,29991200,29991200
2018-10-05 05:00:00,12152.0,12152.0,12152.0,29991200,29991200,29991200
2018-10-05 09:00:00,12135.7,12135.7,12135.7,29991200,29991200,29991200
2018-10-05 13:00:00,12073.7,12073.7,12073.7,29991200,29991200,29991200
2018-10-05 17:00:00,12099.2,12099.2,12099.2,29991200,29991200,29991200
2018-10-08 05:00:00,11996.1,11996.1,11996.1,29991200,29991200,29991200
2018-10-08 09:00:00,11993.0,11993.0,11993.0,29991200,29991200,29991200
2018-10-08 13:00:00,11901.1,11901.1,11901.1,29991200,29991200,29991200
2018-10-08 17:00:00,11971.1,11971.1,11971.1,29991200,29991200,29991200
2018-10-09 05:00:00,11945.0,11945.0,11945.0,29991200,29991200,29991200
2018-10-09 09:00:00,11885.8,11885.8,11885.8,29991200,29991200,29991200
2018-10-09 13:00:00,11957.7,11957.7,11957.7,29991200,29991200,29991200
2018-10-09 17:00:00,11956.2,11956.2,11956.2,29991200,29991200,29991200
2018-10-10 05:00:00,11911.9,11911.9,11911.9,29991200,29991200,29991200
2018-10-10 09:00:00,11872.9,11872.9,11872.9,29991200,29991200,29991200
2018-10-10 13:00:00,11717.3,11717.3,11717.3,29991200,29991200,29991200
2018-10-10 17:00:00,11658.5,11658.5,11658.5,29991200,29991200,29991200
2018-10-11 05:00:00,11569.7,11569.7,11569.7,29991200,29991200,29991200
2018-10-11 09:00:00,11639.7,11639.7,11639.7,29991200,29991200,29991200
2018-10-11 13:00:00,11582.6,11582.6,11582.6,29991200,29991200,29991200
2018-10-11 17:00:00,11493.4,11493.4,11493.4,29991200,29991200,29991200
2018-10-12 05:00:00,11582.7,11582.7,11582.7,29991200,29991200,29991200
2018-10-12 09:00:00,11598.2,11598.2,11598.2,29991200,29991200,29991200
2018-10-12 13:00:00,11458.0,11458.0,11458.0,29991200,29991200,29991200
2018-10-12 17:00:00,11562.0,11562.0,11562.0,29991200,29991200,29991200
2018-10-15 05:00:00,11461.2,11461.2,11461.2,29991200,29991200,29991200
2018-10-15 09:00:00,11565.1,11565.1,11565.1,29991200,29991200,29991200
2018-10-15 13:00:00,11603.9,11603.9,11603.9,29991200,29991200,29991200
2018-10-15 17:00:00,11607.8,11607.8,11607.8,29991200,29991200,29991200
2018-10-16 05:00:00,11640.4,11640.4,11640.4,29991200,29991200,29991200
2018-10-16 09:00:00,11702.1,11702.1,11702.1,29991200,29991200,29991200
2018-10-16 13:00:00,11770.8,11770.8,11770.8,29991200,29991200,29991200
2018-10-16 17:00:00,11801.3,11801.3,11801.3,29991200,29991200,29991200
2018-10-17 05:00:00,11732.6,11732.6,11732.6,29991200,29991200,29991200
2018-10-17 09:00:00,11725.0,11725.0,11725.0,29991200,29991200,29991200
2018-10-17 13:00:00,11760.2,11760.2,11760.2,29991200,29991200,29991200
2018-10-17 17:00:00,11733.7,11733.7,11733.7,29991200,29991200,29991200
2018-10-18 05:00:00,11747.5,11747.5,11747.5,29991200,29991200,29991200
2018-10-18 09:00:00,11716.6,11716.6,11716.6,29991200,29991200,29991200
2018-10-18 13:00:00,11535.2,11535.2,11535.2,29991200,29991200,29991200
2018-10-18 17:00:00,11527.9,11527.9,11527.9,29991200,29991200,29991200
2018-10-19 05:00:00,11525.2,11525.2,11525.2,29991200,29991200,29991200
2018-10-19 09:00:00,11532.2,11532.2,11532.2,29991200,29991200,29991200
2018-10-19 13:00:00,11560.6,11560.6,11560.6,29991200,29991200,29991200
2018-10-19 17:00:00,11544.6,11544.6,11544.6,29991200,29991200,29991200
2018-10-22 05:00:00,11602.9,11602.9,11602.9,29991200,29991200,29991200
2018-10-22 09:00:00,11587.7,11587.7,11587.7,29991200,29991200,29991200
2018-10-22 13:00:00,11520.0,11520.0,11520.0,29991200,29991200,29991200
2018-10-22 17:00:00,11521.5,11521.5,11521.5,29991200,29991200,29991200
2018-10-23 05:00:00,11274.3,11274.3,11274.3,29991200,29991200,29991200
2018-10-23 09:00:00,11310.5,11310.5,11310.5,29991200,29991200,29991200
2018-10-23 13:00:00,11310.2,11310.2,11310.2,29991200,29991200,29991200
2018-10-23 17:00:00,11383.1,11383.1,11383.1,29991200,29991200,29991200
2018-10-24 05:00:00,11269.4,11269.4,11269.4,29991200,29991200,29991200
2018-10-24 09:00:00,11352.4,11352.4,11352.4,29991200,29991200,29991200
2018-10-24 13:00:00,11231.3,11231.3,11231.3,29991200,29991200,29991200
2018-10-24 17:00:00,11060.8,11060.8,11060.8,29991200,29991200,29991200
2018-10-25 05:00:00,11191.0,11191.0,11191.0,29991200,29991200,29991200
2018-10-25 09:00:00,11196.2,11196.2,11196.2,29991200,29991200,29991200
2018-10-25 13:00:00,11299.0,11299.0,11299.0,29991200,29991200,29991200
2018-10-25 17:00:00,11303.5,11303.5,11303.5,29991200,29991200,29991200
2018-10-26 05:00:00,11125.5,11125.5,11125.5,29991200,29991200,29991200
2018-10-26 09:00:00,11195.5,11195.5,11195.5,29991200,29991200,29991200
2018-10-26 13:00:00,11241.5,11241.5,11241.5,29991200,29991200,29991200
2018-10-26 17:00:00,11193.6,11193.6,11193.6,29991200,29991200,29991200
2018-10-29 05:00:00,11232.4,11232.4,11232.4,29991200,29991200,29991200
2018-10-29 09:00:00,11439.3,11439.3,11439.3,29991200,29991200,29991200
2018-10-29 13:00:00,11327.2,11327.2,11327.2,29991200,29991200,29991200
2018-10-29 17:00:00,11252.6,11252.6,11252.6,29991200,29991200,29991200
2018-10-30 05:00:00,11300.4,11300.4,11300.4,29991200,29991200,29991200
2018-10-30 09:00:00,11287.4,11287.4,11287.4,29991200,29991200,29991200
2018-10-30 13:00:00,11263.1,11263.1,11263.1,29991200,29991200,29991200
2018-10-30 17:00:00,11377.9,11377.9,11377.9,29991200,29991200,29991200
2018-10-31 05:00:00,11476.8,11476.8,11476.8,29991200,29991200,29991200
2018-10-31 09:00:00,11433.8,11433.8,11433.8,29991200,29991200,29991200
2018-10-31 13:00:00,11450.7,11450.7,11450.7,29991200,29991200,29991200
2018-10-31 17:00:00,11429.7,11429.7,11429.7,29991200,29991200,29991200
2018-11-01 05:00:00,11497.5,11497.5,11497.5,29991200,29991200,29991200
2018-11-01 09:00:00,11475.5,11475.5,11475.5,29991200,29991200,29991200
2018-11-01 13:00:00,11466.4,11466.4,11466.4,29991200,29991200,29991200
2018-11-01 17:00:00,11475.7,11475.7,11475.7,29991200,29991200,29991200
2018-11-02 05:00:00,11609.8,11609.8,11609.8,29991200,29991200,29991200
2018-11-02 09:00:00,11643.6,11643.6,11643.6,29991200,29991200,29991200
2018-11-02 13:00:00,11501.1,11501.1,11501.1,29991200,29991200,29991200
2018-11-02 17:00:00,11547.3,11547.3,11547.3,29991200,29991200,29991200
2018-11-05 06:00:00,11535.8,11535.8,11535.8,29991200,29991200,29991200
2018-11-05 10:00:00,11532.2,11532.2,11532.2,29991200,29991200,29991200
2018-11-05 14:00:00,11478.4,11478.4,11478.4,29991200,29991200,29991200
2018-11-05 18:00:00,11501.4,11501.4,11501.4,29991200,29991200,29991200
2018-11-06 06:00:00,11448.9,11448.9,11448.9,29991200,29991200,29991200
2018-11-06 10:00:00,11455.3,11455.3,11455.3,29991200,29991200,29991200
2018-11-06 14:00:00,11503.8,11503.8,11503.8,29991200,29991200,29991200
2018-11-06 18:00:00,11531.8,11531.8,11531.8,29991200,29991200,29991200
2018-11-07 06:00:00,11613.2,11613.2,11613.2,29991200,29991200,29991200
2018-11-07 10:00:00,11580.9,11580.9,11580.9,29991200,29991200,29991200
2018-11-07 14:00:00,11597.7,11597.7,11597.7,29991200,29991200,29991200
2018-11-07 18:00:00,11649.2,11649.2,11649.2,29991200,29991200,29991200
2018-11-08 06:00:00,11571.1,11571.1,11571.1,29991200,29991200,29991200
2018-11-08 10:00:00,11553.9,11553.9,11553.9,29991200,29991200,29991200
2018-11-08 14:00:00,11514.7,11514.7,11514.7,29991200,29991200,29991200
2018-11-08 18:00:00,11512.0,11512.0,11512.0,29991200,29991200,29991200
2018-11-09 06:00:00,11464.5,11464.5,11464.5,29991200,29991200,29991200
2018-11-09 10:00:00,11502.0,11502.0,11502.0,29991200,29991200,29991200
2018-11-09 14:00:00,11499.5,11499.5,11499.5,29991200,29991200,29991200
2018-11-09 18:00:00,11533.3,11533.3,11533.3,29991200,29991200,29991200
2018-11-12 06:00:00,11442.5,11442.5,11442.5,29991200,29991200,29991200
2018-11-12 10:00:00,11388.0,11388.0,11388.0,29991200,29991200,29991200
2018-11-12 14:00:00,11333.7,11333.7,11333.7,29991200,29991200,29991200
2018-11-12 18:00:00,11296.0,11296.0,11296.0,29991200,29991200,29991200
2018-11-13 06:00:00,11379.9,11379.9,11379.9,29991200,29991200,29991200
2018-11-13 10:00:00,11374.4,11374.4,11374.4,29991200,29991200,29991200
2018-11-13 14:00:00,11458.8,11458.8,11458.8,29991200,29991200,29991200
2018-11-13 18:00:00,11410.0,11410.0,11410.0,29991200,29991200,29991200
2018-11-14 06:00:00,11381.4,11381.4,11381.4,29991200,29991200,29991200
2018-11-14 10:00:00,11551.1,11551.1,11551.1,29991200,29991200,29991200
2018-11-14 14:00:00,11401.5,11401.5,11401.5,29991200,29991200,29991200
2018-11-14 18:00:00,11400.0,11400.0,11400.0,29991200,29991200,29991200
2018-11-15 06:00:00,11403.5,11403.5,11403.5,29991200,29991200,29991200
2018-11-15 10:00:00,11378.5,11378.5,11378.5,29991200,29991200,29991200
2018-11-15 14:00:00,11355.3,11355.3,11355.3,29991200,29991200,29991200
2018-11-15 18:00:00,11447.0,11447.0,11447.0,29991200,29991200,29991200
2018-11-16 06:00:00,11408.9,11408.9,11408.9,29991200,29991200,29991200
2018-11-16 10:00:00,11269.7,11269.7,11269.7,29991200,29991200,29991200
2018-11-16 14:00:00,11379.9,11379.9,11379.9,29991200,29991200,29991200
2018-11-16 18:00:00,11366.4,11366.4,11366.4,29991200,29991200,29991200
2018-11-19 06:00:00,11345.0,11345.0,11345.0,29991200,29991200,29991200
2018-11-19 10:00:00,11322.0,11322.0,11322.0,29991200,29991200,29991200
2018-11-19 14:00:00,11221.0,11221.0,11221.0,29991200,29991200,29991200
2018-11-19 18:00:00,11204.8,11204.8,11204.8,29991200,29991200,29991200
2018-11-20 06:00:00,11104.1,11104.1,11104.1,29991200,29991200,29991200
2018-11-20 10:00:00,11052.3,11052.3,11052.3,29991200,29991200,29991200
2018-11-20 14:00:00,11089.8,11089.8,11089.8,29991200,29991200,29991200
2018-11-20 18:00:00,11059.1,11059.1,11059.1,29991200,29991200,29991200
2018-11-21 06:00:00,11135.6,11135.6,11135.6,29991200,29991200,29991200
2018-11-21 10:00:00,11176.1,11176.1,11176.1,29991200,29991200,29991200
2018-11-21 14:00:00,11260.6,11260.6,11260.6,29991200,29991200,29991200
2018-11-21 18:00:00,11233.1,11233.1,11233.1,29991200,29991200,29991200
2018-11-22 06:00:00,11149.5,11149.5,11149.5,29991200,29991200,29991200
2018-11-22 10:00:00,11151.1,11151.1,11151.1,29991200,29991200,29991200
2018-11-22 14:00:00,11145.5,11145.5,11145.5,29991200,29991200,29991200
2018-11-22 18:00:00,11145.0,11145.0,11145.0,29991200,29991200,29991200
2018-11-23 06:00:00,11193.6,11193.6,11193.6,29991200,29991200,29991200
2018-11-23 10:00:00,11097.6,11097.6,11097.6,29991200,29991200,29991200
2018-11-23 14:00:00,11168.4,11168.4,11168.4,29991200,29991200,29991200
2018-11-23 18:00:00,11175.6,11175.6,11175.6,29991200,29991200,29991200
2018-11-26 06:00:00,11334.2,11334.2,11334.2,29991200,29991200,29991200
2018-11-26 10:00:00,11334.5,11334.5,11334.5,29991200,29991200,29991200
2018-11-26 14:00:00,11331.3,11331.3,11331.3,29991200,29991200,29991200
2018-11-26 18:00:00,11378.3,11378.3,11378.3,29991200,29991200,29991200
2018-11-27 06:00:00,11353.6,11353.6,11353.6,29991200,29991200,29991200
2018-11-27 10:00:00,11313.8,11313.8,11313.8,29991200,29991200,29991200
2018-11-27 14:00:00,11301.1,11301.1,11301.1,29991200,29991200,29991200
2018-11-27 18:00:00,11326.8,11326.8,11326.8,29991200,29991200,29991200
2018-11-28 06:00:00,11322.7,11322.7,11322.7,29991200,29991200,29991200
2018-11-28 10:00:00,11331.7,11331.7,11331.7,29991200,29991200,29991200
2018-11-28 14:00:00,11358.7,11358.7,11358.7,29991200,29991200,29991200
2018-11-28 18:00:00,11404.8,11404.8,11404.8,29991200,29991200,29991200
2018-11-29 06:00:00,11359.1,11359.1,11359.1,29991200,29991200,29991200
2018-11-29 10:00:00,11342.3,11342.3,11342.3,29991200,29991200,29991200
2018-11-29 14:00:00,11311.3,11311.3,11311.3,29991200,29991200,29991200
2018-11-29 18:00:00,11323.9,11323.9,11323.9,29991200,29991200,29991200
2018-11-30 06:00:00,11216.8,11216.8,11216.8,29991200,29991200,29991200
2018-11-30 10:00:00,11244.8,11244.8,11244.8,29991200,29991200,29991200
2018-11-30 14:00:00,11271.5,11271.5,11271.5,29991200,29991200,29991200
2018-11-30 18:00:00,11312.8,11312.8,11312.8,29991200,29991200,29991200
2018-12-03 06:00:00,11544.5,11544.5,11544.5,29991200,29991200,29991200
2018-12-03 10:00:00,11493.0,11493.0,11493.0,29991200,29991200,29991200
2018-12-03 14:00:00,11462.5,11462.5,11462.5,29991200,29991200,29991200
2018-12-03 18:00:00,11477.8,11477.8,11477.8,29991200,29991200,29991200
2018-12-04 06:00:00,11379.8,11379.8,11379.8,29991200,29991200,29991200
2018-12-04 10:00:00,11407.2,11407.2,11407.2,29991200,29991200,29991200
2018-12-04 14:00:00,11209.0,11209.0,11209.0,29991200,29991200,29991200
2018-12-04 18:00:00,11161.1,11161.1,11161.1,29991200,29991200,29991200
2018-12-05 06:00:00,11230.3,11230.3,11230.3,29991200,29991200,29991200
2018-12-05 10:00:00,11236.0,11236.0,11236.0,29991200,29991200,29991200
2018-12-05 14:00:00,11193.3,11193.3,11193.3,29991200,29991200,29991200
2018-12-05 18:00:00,11190.0,11190.0,11190.0,29991200,29991200,29991200
2018-12-06 06:00:00,10900.3,10900.3,10900.3,29991200,29991200,29991200
2018-12-06 10:00:00,10893.2,10893.2,10893.2,29991200,29991200,29991200
2018-12-06 14:00:00,10885.9,10885.9,10885.9,29991200,29991200,29991200
2018-12-06 18:00:00,10931.4,10931.4,10931.4,29991200,29991200,29991200
2018-12-07 06:00:00,10916.8,10916.8,10916.8,29991200,29991200,29991200
2018-12-07 10:00:00,10894.3,10894.3,10894.3,29991200,29991200,29991200
2018-12-07 14:00:00,10792.3,10792.3,10792.3,29991200,29991200,29991200
2018-12-07 18:00:00,10710.5,10710.5,10710.5,29991200,29991200,29991200
2018-12-10 06:00:00,10724.6,10724.6,10724.6,29991200,29991200,29991200
2018-12-10 10:00:00,10712.1,10712.1,10712.1,29991200,29991200,29991200
2018-12-10 14:00:00,10687.9,10687.9,10687.9,29991200,29991200,29991200
2018-12-10 18:00:00,10715.4,10715.4,10715.4,29991200,29991200,29991200
2018-12-11 06:00:00,10723.3,10723.3,10723.3,29991200,29991200,29991200
2018-12-11 10:00:00,10861.0,10861.0,10861.0,29991200,29991200,29991200
2018-12-11 14:00:00,10759.8,10759.8,10759.8,29991200,29991200,29991200
2018-12-11 18:00:00,10804.3,10804.3,10804.3,29991200,29991200,29991200
2018-12-12 06:00:00,10910.1,10910.1,10910.1,29991200,29991200,29991200
2018-12-12 10:00:00,10933.6,10933.6,10933.6,29991200,29991200,29991200
2018-12-12 14:00:00,10959.2,10959.2,10959.2,29991200,29991200,29991200
2018-12-12 18:00:00,10925.0,10925.0,10925.0,29991200,29991200,29991200
2018-12-13 06:00:00,10895.1,10895.1,10895.1,29991200,29991200,29991200
2018-12-13 10:00:00,10948.6,10948.6,10948.6,29991200,29991200,29991200
2018-12-13 14:00:00,10909.1,10909.1,10909.1,29991200,29991200,29991200
2018-12-13 18:00:00,10902.2,10902.2,10902.2,29991200,29991200,29991200
2018-12-14 06:00:00,10760.2,10760.2,10760.2,29991200,29991200,29991200
2018-12-14 10:00:00,10871.4,10871.4,10871.4,29991200,29991200,29991200
2018-12-14 14:00:00,10850.4,10850.4,10850.4,29991200,29991200,29991200
2018-12-14 18:00:00,10822.0,10822.0,10822.0,29991200,29991200,29991200
2018-12-17 06:00:00,10847.4,10847.4,10847.4,29991200,29991200,29991200
2018-12-17 10:00:00,10743.9,10743.9,10743.9,29991200,29991200,29991200
2018-12-17 14:00:00,10726.3,10726.3,10726.3,29991200,29991200,29991200
2018-12-17 18:00:00,10713.4,10713.4,10713.4,29991200,29991200,29991200
2018-12-18 06:00:00,10820.2,10820.2,10820.2,29991200,29991200,29991200
2018-12-18 10:00:00,10789.9,10789.9,10789.9,29991200,29991200,29991200
2018-12-18 14:00:00,10786.3,10786.3,10786.3,29991200,29991200,29991200
2018-12-18 18:00:00,10751.8,10751.8,10751.8,29991200,29991200,29991200
2018-12-19 06:00:00,10786.2,10786.2,10786.2,29991200,29991200,29991200
2018-12-19 10:00:00,10793.1,10793.1,10793.1,29991200,29991200,29991200
2018-12-19 14:00:00,10791.6,10791.6,10791.6,29991200,29991200,29991200
2018-12-19 18:00:00,10655.2,10655.2,10655.2,29991200,29991200,29991200
2018-12-20 06:00:00,10657.6,10657.6,10657.6,29991200,29991200,29991200
2018-12-20 10:00:00,10601.1,10601.1,10601.1,29991200,29991200,29991200
2018-12-20 14:00:00,10567.1,10567.1,10567.1,29991200,29991200,29991200
2018-12-20 18:00:00,10527.6,10527.6,10527.6,29991200,29991200,29991200
2018-12-21 06:00:00,10540.9,10540.9,10540.9,29991200,29991200,29991200
2018-12-21 10:00:00,10610.3,10610.3,10610.3,29991200,29991200,29991200
2018-12-21 14:00:00,10552.8,10552.8,10552.8,29991200,29991200,29991200
2018-12-21 18:00:00,10520.4,10520.4,10520.4,29991200,29991200,29991200
2018-12-27 06:00:00,10436.9,10436.9,10436.9,29991200,29991200,29991200
2018-12-27 10:00:00,10387.7,10387.7,10387.7,29991200,29991200,29991200
2018-12-27 14:00:00,10339.3,10339.3,10339.3,29991200,29991200,29991200
2018-12-27 18:00:00,10472.3,10472.3,10472.3,29991200,29991200,29991200
2018-12-28 06:00:00,10549.3,10549.3,10549.3,29991200,29991200,29991200
2018-12-28 10:00:00,10593.1,10593.1,10593.1,29991200,29991200,29991200
2018-12-28 14:00:00,10574.9,10574.9,10574.9,29991200,29991200,29991200
2018-12-28 18:00:00,10571.7,10571.7,10571.7,29991200,29991200,29991200
2019-01-02 06:00:00,10500.7,10500.7,10500.7,29991200,29991200,29991200
2019-01-02 10:00:00,10476.8,10476.8,10476.8,29991200,29991200,29991200
2019-01-02 14:00:00,10604.8,10604.8,10604.8,29991200,29991200,29991200
2019-01-02 18:00:00,10633.7,10633.7,10633.7,29991200,29991200,29991200
2019-01-03 06:00:00,10473.9,10473.9,10473.9,29991200,29991200,29991200
2019-01-03 10:00:00,10479.2,10479.2,10479.2,29991200,29991200,29991200
2019-01-03 14:00:00,10452.9,10452.9,10452.9,29991200,29991200,29991200
2019-01-03 18:00:00,10420.1,10420.1,10420.1,29991200,29991200,29991200
2019-01-04 06:00:00,10573.8,10573.8,10573.8,29991200,29991200,29991200
2019-01-04 10:00:00,10622.3,10622.3,10622.3,29991200,29991200,29991200
2019-01-04 14:00:00,10793.4,10793.4,10793.4,29991200,29991200,29991200
2019-01-04 18:00:00,10803.1,10803.1,10803.1,29991200,29991200,29991200
2019-01-07 06:00:00,10714.8,10714.8,10714.8,29991200,29991200,29991200
2019-01-07 10:00:00,10689.9,10689.9,10689.9,29991200,29991200,29991200
2019-01-07 14:00:00,10771.0,10771.0,10771.0,29991200,29991200,29991200
2019-01-07 18:00:00,10740.0,10740.0,10740.0,29991200,29991200,29991200
2019-01-08 06:00:00,10759.9,10759.9,10759.9,29991200,29991200,29991200
2019-01-08 10:00:00,10896.6,10896.6,10896.6,29991200,29991200,29991200
2019-01-08 14:00:00,10804.8,10804.8,10804.8,29991200,29991200,29991200
2019-01-08 18:00:00,10842.2,10842.2,10842.2,29991200,29991200,29991200
2019-01-09 06:00:00,10913.7,10913.7,10913.7,29991200,29991200,29991200
2019-01-09 10:00:00,10953.2,10953.2,10953.2,29991200,29991200,29991200
2019-01-09 14:00:00,10910.4,10910.4,10910.4,29991200,29991200,29991200
2019-01-09 18:00:00,10899.1,10899.1,10899.1,29991200,29991200,29991200
2019-01-10 06:00:00,10845.3,10845.3,10845.3,29991200,29991200,29991200
2019-01-10 10:00:00,10873.6,10873.6,10873.6,29991200,29991200,29991200
2019-01-10 14:00:00,10929.2,10929.2,10929.2,29991200,29991200,29991200
2019-01-10 18:00:00,10970.8,10970.8,10970.8,29991200,29991200,29991200
2019-01-11 06:00:00,10925.0,10925.0,10925.0,29991200,29991200,29991200
2019-01-11 10:00:00,10865.8,10865.8,10865.8,29991200,29991200,29991200
2019-01-11 14:00:00,10891.5,10891.5,10891.5,29991200,29991200,29991200
2019-01-11 18:00:00,10895.5,10895.5,10895.5,29991200,29991200,29991200
2019-01-14 06:00:00,10819.8,10819.8,10819.8,29991200,29991200,29991200
2019-01-14 10:00:00,10825.7,10825.7,10825.7,29991200,29991200,29991200
2019-01-14 14:00:00,10862.2,10862.2,10862.2,29991200,29991200,29991200
2019-01-14 18:00:00,10871.5,10871.5,10871.5,29991200,29991200,29991200
2019-01-15 06:00:00,10868.8,10868.8,10868.8,29991200,29991200,29991200
2019-01-15 10:00:00,10826.2,10826.2,10826.2,29991200,29991200,29991200
2019-01-15 14:00:00,10900.5,10900.5,10900.5,29991200,29991200,29991200
2019-01-15 18:00:00,10912.0,10912.0,10912.0,29991200,29991200,29991200
2019-01-16 06:00:00,10896.3,10896.3,10896.3,29991200,29991200,29991200
2019-01-16 10:00:00,10910.5,10910.5,10910.5,29991200,29991200,29991200
2019-01-16 14:00:00,10925.1,10925.1,10925.1,29991200,29991200,29991200
2019-01-16 18:00:00,10936.6,10936.6,10936.6,29991200,29991200,29991200
2019-01-17 06:00:00,10864.5,10864.5,10864.5,29991200,29991200,29991200
2019-01-17 10:00:00,10886.9,10886.9,10886.9,29991200,29991200,29991200
2019-01-17 14:00:00,10903.5,10903.5,10903.5,29991200,29991200,29991200
2019-01-17 18:00:00,10964.7,10964.7,10964.7,29991200,29991200,29991200
2019-01-18 06:00:00,11045.8,11045.8,11045.8,29991200,29991200,29991200
2019-01-18 10:00:00,11150.4,11150.4,11150.4,29991200,29991200,29991200
2019-01-18 14:00:00,11234.2,11234.2,11234.2,29991200,29991200,29991200
2019-01-18 18:00:00,11234.2,11234.2,11234.2,29991200,29991200,29991200
2019-01-21 06:00:00,11145.8,11145.8,11145.8,29991200,29991200,29991200
2019-01-21 10:00:00,11156.8,11156.8,11156.8,29991200,29991200,29991200
2019-01-21 14:00:00,11139.7,11139.7,11139.7,29991200,29991200,29991200
2019-01-21 18:00:00,11151.5,11151.5,11151.5,29991200,29991200,29991200
2019-01-22 06:00:00,11126.0,11126.0,11126.0,29991200,29991200,29991200
2019-01-22 10:00:00,11076.4,11076.4,11076.4,29991200,29991200,29991200
2019-01-22 14:00:00,11064.0,11064.0,11064.0,29991200,29991200,29991200
2019-01-22 18:00:00,11029.6,11029.6,11029.6,29991200,29991200,29991200
2019-01-23 06:00:00,11084.4,11084.4,11084.4,29991200,29991200,29991200
2019-01-23 10:00:00,11127.1,11127.1,11127.1,29991200,29991200,29991200
2019-01-23 14:00:00,11038.6,11038.6,11038.6,29991200,29991200,29991200
2019-01-23 18:00:00,11060.8,11060.8,11060.8,29991200,29991200,29991200
2019-01-24 06:00:00,11139.9,11139.9,11139.9,29991200,29991200,29991200
2019-01-24 10:00:00,11076.7,11076.7,11076.7,29991200,29991200,29991200
2019-01-24 14:00:00,11133.5,11133.5,11133.5,29991200,29991200,29991200
2019-01-24 18:00:00,11159.8,11159.8,11159.8,29991200,29991200,29991200
2019-01-25 06:00:00,11252.6,11252.6,11252.6,29991200,29991200,29991200
2019-01-25 10:00:00,11317.6,11317.6,11317.6,29991200,29991200,29991200
2019-01-25 14:00:00,11264.9,11264.9,11264.9,29991200,29991200,29991200
2019-01-25 18:00:00,11259.4,11259.4,11259.4,29991200,29991200,29991200
2019-01-28 06:00:00,11267.7,11267.7,11267.7,29991200,29991200,29991200
2019-01-28 10:00:00,11235.3,11235.3,11235.3,29991200,29991200,29991200
2019-01-28 14:00:00,11205.8,11205.8,11205.8,29991200,29991200,29991200
2019-01-28 18:00:00,11241.6,11241.6,11241.6,29991200,29991200,29991200
2019-01-29 06:00:00,11214.5,11214.5,11214.5,29991200,29991200,29991200
2019-01-29 10:00:00,11240.9,11240.9,11240.9,29991200,29991200,29991200
2019-01-29 14:00:00,11228.7,11228.7,11228.7,29991200,29991200,29991200
2019-01-29 18:00:00,11211.7,11211.7,11211.7,29991200,29991200,29991200
2019-01-30 06:00:00,11184.6,11184.6,11184.6,29991200,29991200,29991200
2019-01-30 10:00:00,11187.8,11187.8,11187.8,29991200,29991200,29991200
2019-01-30 14:00:00,11182.4,11182.4,11182.4,29991200,29991200,29991200
2019-01-30 18:00:00,11212.1,11212.1,11212.1,29991200,29991200,29991200
2019-01-31 06:00:00,11206.3,11206.3,11206.3,29991200,29991200,29991200
2019-01-31 10:00:00,11105.1,11105.1,11105.1,29991200,29991200,29991200
2019-01-31 14:00:00,11188.0,11188.0,11188.0,29991200,29991200,29991200
2019-01-31 18:00:00,11188.8,11188.8,11188.8,29991200,29991200,29991200
2019-02-01 06:00:00,11182.4,11182.4,11182.4,29991200,29991200,29991200
2019-02-01 10:00:00,11177.4,11177.4,11177.4,29991200,29991200,29991200
2019-02-01 14:00:00,11182.9,11182.9,11182.9,29991200,29991200,29991200
2019-02-01 18:00:00,11191.4,11191.4,11191.4,29991200,29991200,29991200
2019-02-04 06:00:00,11188.5,11188.5,11188.5,29991200,29991200,29991200
2019-02-04 10:00:00,11134.6,11134.6,11134.6,29991200,29991200,29991200
2019-02-04 14:00:00,11178.5,11178.5,11178.5,29991200,29991200,29991200
2019-02-04 18:00:00,11205.2,11205.2,11205.2,29991200,29991200,29991200
2019-02-05 06:00:00,11279.9,11279.9,11279.9,29991200,29991200,29991200
2019-02-05 10:00:00,11301.9,11301.9,11301.9,29991200,29991200,29991200
2019-02-05 14:00:00,11355.9,11355.9,11355.9,29991200,29991200,29991200
2019-02-05 18:00:00,11368.6,11368.6,11368.6,29991200,29991200,29991200
2019-02-06 06:00:00,11320.3,11320.3,11320.3,29991200,29991200,29991200
2019-02-06 10:00:00,11324.8,11324.8,11324.8,29991200,29991200,29991200
2019-02-06 14:00:00,11312.7,11312.7,11312.7,29991200,29991200,29991200
2019-02-06 18:00:00,11312.3,11312.3,11312.3,29991200,29991200,29991200
2019-02-07 06:00:00,11286.6,11286.6,11286.6,29991200,29991200,29991200
2019-02-07 10:00:00,11136.3,11136.3,11136.3,29991200,29991200,29991200
2019-02-07 14:00:00,11023.3,11023.3,11023.3,29991200,29991200,29991200
2019-02-07 18:00:00,11037.6,11037.6,11037.6,29991200,29991200,29991200
2019-02-08 06:00:00,11023.4,11023.4,11023.4,29991200,29991200,29991200
2019-02-08 10:00:00,10947.5,10947.5,10947.5,29991200,29991200,29991200
2019-02-08 14:00:00,10939.6,10939.6,10939.6,29991200,29991200,29991200
2019-02-08 18:00:00,10954.1,10954.1,10954.1,29991200,29991200,29991200
2019-02-11 06:00:00,11027.5,11027.5,11027.5,29991200,29991200,29991200
2019-02-11 10:00:00,11008.0,11008.0,11008.0,29991200,29991200,29991200
2019-02-11 14:00:00,11015.5,11015.5,11015.5,29991200,29991200,29991200
2019-02-11 18:00:00,11013.0,11013.0,11013.0,29991200,29991200,29991200
2019-02-12 06:00:00,11130.4,11130.4,11130.4,29991200,29991200,29991200
2019-02-12 10:00:00,11129.8,11129.8,11129.8,29991200,29991200,29991200
2019-02-12 14:00:00,11131.3,11131.3,11131.3,29991200,29991200,29991200
2019-02-12 18:00:00,11151.8,11151.8,11151.8,29991200,29991200,29991200
2019-02-13 06:00:00,11144.9,11144.9,11144.9,29991200,29991200,29991200
2019-02-13 10:00:00,11206.6,11206.6,11206.6,29991200,29991200,29991200
2019-02-13 14:00:00,11189.7,11189.7,11189.7,29991200,29991200,29991200
2019-02-13 18:00:00,11184.9,11184.9,11184.9,29991200,29991200,29991200
2019-02-14 06:00:00,11190.8,11190.8,11190.8,29991200,29991200,29991200
2019-02-14 10:00:00,11105.3,11105.3,11105.3,29991200,29991200,29991200
2019-02-14 14:00:00,11133.2,11133.2,11133.2,29991200,29991200,29991200
2019-02-14 18:00:00,11098.8,11098.8,11098.8,29991200,29991200,29991200
2019-02-15 06:00:00,11092.3,11092.3,11092.3,29991200,29991200,29991200
2019-02-15 10:00:00,11290.3,11290.3,11290.3,29991200,29991200,29991200
2019-02-15 14:00:00,11302.5,11302.5,11302.5,29991200,29991200,29991200
2019-02-15 18:00:00,11327.9,11327.9,11327.9,29991200,29991200,29991200
2019-02-18 06:00:00,11275.8,11275.8,11275.8,29991200,29991200,29991200
2019-02-18 10:00:00,11291.3,11291.3,11291.3,29991200,29991200,29991200
2019-02-18 14:00:00,11305.3,11305.3,11305.3,29991200,29991200,29991200
2019-02-18 18:00:00,11311.5,11311.5,11311.5,29991200,29991200,29991200
2019-02-19 06:00:00,11287.4,11287.4,11287.4,29991200,29991200,29991200
2019-02-19 10:00:00,11267.0,11267.0,11267.0,29991200,29991200,29991200
2019-02-19 14:00:00,11325.5,11325.5,11325.5,29991200,29991200,29991200
2019-02-19 18:00:00,11319.2,11319.2,11319.2,29991200,29991200,29991200
2019-02-20 06:00:00,11333.9,11333.9,11333.9,29991200,29991200,29991200
2019-02-20 10:00:00,11376.4,11376.4,11376.4,29991200,29991200,29991200
2019-02-20 14:00:00,11415.5,11415.5,11415.5,29991200,29991200,29991200
2019-02-20 18:00:00,11421.1,11421.1,11421.1,29991200,29991200,29991200
2019-02-21 06:00:00,11427.0,11427.0,11427.0,29991200,29991200,29991200
2019-02-21 10:00:00,11439.9,11439.9,11439.9,29991200,29991200,29991200
2019-02-21 14:00:00,11440.7,11440.7,11440.7,29991200,29991200,29991200
2019-02-21 18:00:00,11413.5,11413.5,11413.5,29991200,29991200,29991200
2019-02-22 06:00:00,11449.6,11449.6,11449.6,29991200,29991200,29991200
2019-02-22 10:00:00,11473.7,11473.7,11473.7,29991200,29991200,29991200
2019-02-22 14:00:00,11466.9,11466.9,11466.9,29991200,29991200,29991200
2019-02-22 18:00:00,11467.1,11467.1,11467.1,29991200,29991200,29991200
2019-02-25 06:00:00,11491.7,11491.7,11491.7,29991200,29991200,29991200
2019-02-25 10:00:00,11528.1,11528.1,11528.1,29991200,29991200,29991200
2019-02-25 14:00:00,11500.9,11500.9,11500.9,29991200,29991200,29991200
2019-02-25 18:00:00,11473.2,11473.2,11473.2,29991200,29991200,29991200
2019-02-26 06:00:00,11482.3,11482.3,11482.3,29991200,29991200,29991200
2019-02-26 10:00:00,11486.3,11486.3,11486.3,29991200,29991200,29991200
2019-02-26 14:00:00,11533.6,11533.6,11533.6,29991200,29991200,29991200
2019-02-26 18:00:00,11538.1,11538.1,11538.1,29991200,29991200,29991200
2019-02-27 06:00:00,11460.9,11460.9,11460.9,29991200,29991200,29991200
2019-02-27 10:00:00,11490.2,11490.2,11490.2,29991200,29991200,29991200
2019-02-27 14:00:00,11503.1,11503.1,11503.1,29991200,29991200,29991200
2019-02-27 18:00:00,11493.1,11493.1,11493.1,29991200,29991200,29991200
2019-02-28 06:00:00,11487.6,11487.6,11487.6,29991200,29991200,29991200
2019-02-28 10:00:00,11477.4,11477.4,11477.4,29991200,29991200,29991200
2019-02-28 14:00:00,11539.9,11539.9,11539.9,29991200,29991200,29991200
2019-02-28 18:00:00,11527.8,11527.8,11527.8,29991200,29991200,29991200
2019-03-01 06:00:00,11635.7,11635.7,11635.7,29991200,29991200,29991200
2019-03-01 10:00:00,11659.0,11659.0,11659.0,29991200,29991200,29991200
2019-03-01 14:00:00,11630.2,11630.2,11630.2,29991200,29991200,29991200
2019-03-01 18:00:00,11639.6,11639.6,11639.6,29991200,29991200,29991200
2019-03-04 06:00:00,11615.3,11615.3,11615.3,29991200,29991200,29991200
2019-03-04 10:00:00,11631.9,11631.9,11631.9,29991200,29991200,29991200
2019-03-04 14:00:00,11545.4,11545.4,11545.4,29991200,29991200,29991200
2019-03-04 18:00:00,11566.0,11566.0,11566.0,29991200,29991200,29991200
2019-03-05 06:00:00,11627.7,11627.7,11627.7,29991200,29991200,29991200
2019-03-05 10:00:00,11589.8,11589.8,11589.8,29991200,29991200,29991200
2019-03-05 14:00:00,11630.9,11630.9,11630.9,29991200,29991200,29991200
2019-03-05 18:00:00,11628.0,11628.0,11628.0,29991200,29991200,29991200
2019-03-06 06:00:00,11591.9,11591.9,11591.9,29991200,29991200,29991200
2019-03-06 10:00:00,11625.3,11625.3,11625.3,29991200,29991200,29991200
2019-03-06 14:00:00,11579.2,11579.2,11579.2,29991200,29991200,29991200
2019-03-06 18:00:00,11572.7,11572.7,11572.7,29991200,29991200,29991200
2019-03-07 06:00:00,11522.0,11522.0,11522.0,29991200,29991200,29991200
2019-03-07 10:00:00,11568.6,11568.6,11568.6,29991200,29991200,29991200
2019-03-07 14:00:00,11528.9,11528.9,11528.9,29991200,29991200,29991200
2019-03-07 18:00:00,11494.3,11494.3,11494.3,29991200,29991200,29991200
2019-03-08 06:00:00,11456.7,11456.7,11456.7,29991200,29991200,29991200
2019-03-08 10:00:00,11420.2,11420.2,11420.2,29991200,29991200,29991200
2019-03-08 14:00:00,11457.3,11457.3,11457.3,29991200,29991200,29991200
2019-03-08 18:00:00,11496.2,11496.2,11496.2,29991200,29991200,29991200
2019-03-11 05:00:00,11474.5,11474.5,11474.5,29991200,29991200,29991200
2019-03-11 09:00:00,11488.8,11488.8,11488.8,29991200,29991200,29991200
2019-03-11 13:00:00,11551.3,11551.3,11551.3,29991200,29991200,29991200
2019-03-11 17:00:00,11598.6,11598.6,11598.6,29991200,29991200,29991200
2019-03-12 05:00:00,11574.6,11574.6,11574.6,29991200,29991200,29991200
2019-03-12 09:00:00,11528.7,11528.7,11528.7,29991200,29991200,29991200
2019-03-12 13:00:00,11533.5,11533.5,11533.5,29991200,29991200,29991200
2019-03-12 17:00:00,11522.0,11522.0,11522.0,29991200,29991200,29991200
2019-03-13 05:00:00,11523.7,11523.7,11523.7,29991200,29991200,29991200
2019-03-13 09:00:00,11524.5,11524.5,11524.5,29991200,29991200,29991200
2019-03-13 13:00:00,11598.6,11598.6,11598.6,29991200,29991200,29991200
2019-03-13 17:00:00,11607.8,11607.8,11607.8,29991200,29991200,29991200
2019-03-14 05:00:00,11627.3,11627.3,11627.3,29991200,29991200,29991200
2019-03-14 09:00:00,11617.0,11617.0,11617.0,29991200,29991200,29991200
2019-03-14 13:00:00,11603.8,11603.8,11603.8,29991200,29991200,29991200
2019-03-14 17:00:00,11588.1,11588.1,11588.1,29991200,29991200,29991200
2019-03-15 05:00:00,11604.5,11604.5,11604.5,29991200,29991200,29991200
2019-03-15 09:00:00,11698.4,11698.4,11698.4,29991200,29991200,29991200
2019-03-15 13:00:00,11696.7,11696.7,11696.7,29991200,29991200,29991200
2019-03-15 17:00:00,11695.9,11695.9,11695.9,29991200,29991200,29991200
2019-03-18 05:00:00,11700.9,11700.9,11700.9,29991200,29991200,29991200
2019-03-18 09:00:00,11650.2,11650.2,11650.2,29991200,29991200,29991200
2019-03-18 13:00:00,11674.4,11674.4,11674.4,29991200,29991200,29991200
2019-03-18 17:00:00,11668.0,11668.0,11668.0,29991200,29991200,29991200
2019-03-19 05:00:00,11704.6,11704.6,11704.6,29991200,29991200,29991200
2019-03-19 09:00:00,11797.3,11797.3,11797.3,29991200,29991200,29991200
2019-03-19 13:00:00,11784.2,11784.2,11784.2,29991200,29991200,29991200
2019-03-19 17:00:00,11753.1,11753.1,11753.1,29991200,29991200,29991200
2019-03-20 05:00:00,11725.3,11725.3,11725.3,29991200,29991200,29991200
2019-03-20 09:00:00,11604.0,11604.0,11604.0,29991200,29991200,29991200
2019-03-20 13:00:00,11615.0,11615.0,11615.0,29991200,29991200,29991200
2019-03-20 17:00:00,11580.0,11580.0,11580.0,29991200,29991200,29991200
2019-03-21 05:00:00,11560.3,11560.3,11560.3,29991200,29991200,29991200
2019-03-21 09:00:00,11486.7,11486.7,11486.7,29991200,29991200,29991200
2019-03-21 13:00:00,11562.4,11562.4,11562.4,29991200,29991200,29991200
2019-03-21 17:00:00,11587.9,11587.9,11587.9,29991200,29991200,29991200
2019-03-22 05:00:00,11467.7,11467.7,11467.7,29991200,29991200,29991200
2019-03-22 09:00:00,11456.9,11456.9,11456.9,29991200,29991200,29991200
2019-03-22 13:00:00,11354.1,11354.1,11354.1,29991200,29991200,29991200
2019-03-22 17:00:00,11323.9,11323.9,11323.9,29991200,29991200,29991200
2019-03-25 05:00:00,11332.2,11332.2,11332.2,29991200,29991200,29991200
2019-03-25 09:00:00,11370.9,11370.9,11370.9,29991200,29991200,29991200
2019-03-25 13:00:00,11354.7,11354.7,11354.7,29991200,29991200,29991200
2019-03-25 17:00:00,11366.7,11366.7,11366.7,29991200,29991200,29991200
2019-03-26 05:00:00,11306.3,11306.3,11306.3,29991200,29991200,29991200
2019-03-26 09:00:00,11385.1,11385.1,11385.1,29991200,29991200,29991200
2019-03-26 13:00:00,11417.0,11417.0,11417.0,29991200,29991200,29991200
2019-03-26 17:00:00,11441.7,11441.7,11441.7,29991200,29991200,29991200
2019-03-27 05:00:00,11409.7,11409.7,11409.7,29991200,29991200,29991200
2019-03-27 09:00:00,11469.5,11469.5,11469.5,29991200,29991200,29991200
2019-03-27 13:00:00,11429.7,11429.7,11429.7,29991200,29991200,29991200
2019-03-27 17:00:00,11452.4,11452.4,11452.4,29991200,29991200,29991200
2019-03-28 05:00:00,11475.8,11475.8,11475.8,29991200,29991200,29991200
2019-03-28 09:00:00,11447.1,11447.1,11447.1,29991200,29991200,29991200
2019-03-28 13:00:00,11447.1,11447.1,11447.1,29991200,29991200,29991200
2019-03-28 17:00:00,11471.3,11471.3,11471.3,29991200,29991200,29991200
2019-03-29 05:00:00,11461.6,11461.6,11461.6,29991200,29991200,29991200
2019-03-29 09:00:00,11537.7,11537.7,11537.7,29991200,29991200,29991200
2019-03-29 13:00:00,11541.4,11541.4,11541.4,29991200,29991200,29991200
2019-03-29 17:00:00,11554.2,11554.2,11554.2,29991200,29991200,29991200
2019-04-01 05:00:00,11695.9,11695.9,11695.9,29991200,29991200,29991200
2019-04-01 09:00:00,11649.8,11649.8,11649.8,29991200,29991200,29991200
2019-04-01 13:00:00,11709.5,11709.5,11709.5,29991200,29991200,29991200
2019-04-01 17:00:00,11719.9,11719.9,11719.9,29991200,29991200,29991200
2019-04-02 05:00:00,11683.0,11683.0,11683.0,29991200,29991200,29991200
2019-04-02 09:00:00,11752.5,11752.5,11752.5,29991200,29991200,29991200
2019-04-02 13:00:00,11769.0,11769.0,11769.0,29991200,29991200,29991200
2019-04-02 17:00:00,11801.8,11801.8,11801.8,29991200,29991200,29991200
2019-04-03 05:00:00,11919.1,11919.1,11919.1,29991200,29991200,29991200
2019-04-03 09:00:00,11918.1,11918.1,11918.1,29991200,29991200,29991200
2019-04-03 13:00:00,11970.6,11970.6,11970.6,29991200,29991200,29991200
2019-04-03 17:00:00,11959.9,11959.9,11959.9,29991200,29991200,29991200
2019-04-04 05:00:00,11956.1,11956.1,11956.1,29991200,29991200,29991200
2019-04-04 09:00:00,11993.9,11993.9,11993.9,29991200,29991200,29991200
2019-04-04 13:00:00,11990.3,11990.3,11990.3,29991200,29991200,29991200
2019-04-04 17:00:00,11997.1,11997.1,11997.1,29991200,29991200,29991200
2019-04-05 05:00:00,11983.4,11983.4,11983.4,29991200,29991200,29991200
2019-04-05 09:00:00,11990.2,11990.2,11990.2,29991200,29991200,29991200
2019-04-05 13:00:00,12014.8,12014.8,12014.8,29991200,29991200,29991200
2019-04-05 17:00:00,12014.8,12014.8,12014.8,29991200,29991200,29991200
2019-04-08 05:00:00,11970.7,11970.7,11970.7,29991200,29991200,29991200
2019-04-08 09:00:00,11987.9,11987.9,11987.9,29991200,29991200,29991200
2019-04-08 13:00:00,11960.4,11960.4,11960.4,29991200,29991200,29991200
2019-04-08 17:00:00,11965.4,11965.4,11965.4,29991200,29991200,29991200
2019-04-09 05:00:00,11992.1,11992.1,11992.1,29991200,29991200,29991200
2019-04-09 09:00:00,11905.1,11905.1,11905.1,29991200,29991200,29991200
2019-04-09 13:00:00,11877.6,11877.6,11877.6,29991200,29991200,29991200
2019-04-09 17:00:00,11864.1,11864.1,11864.1,29991200,29991200,29991200
2019-04-10 05:00:00,11906.7,11906.7,11906.7,29991200,29991200,29991200
2019-04-10 09:00:00,11935.3,11935.3,11935.3,29991200,29991200,29991200
2019-04-10 13:00:00,11926.8,11926.8,11926.8,29991200,29991200,29991200
2019-04-10 17:00:00,11924.8,11924.8,11924.8,29991200,29991200,29991200
2019-04-11 05:00:00,11885.2,11885.2,11885.2,29991200,29991200,29991200
2019-04-11 09:00:00,11953.2,11953.2,11953.2,29991200,29991200,29991200
2019-04-11 13:00:00,11943.7,11943.7,11943.7,29991200,29991200,29991200
2019-04-11 17:00:00,11945.0,11945.0,11945.0,29991200,29991200,29991200
2019-04-12 05:00:00,12002.2,12002.2,12002.2,29991200,29991200,29991200
2019-04-12 09:00:00,12024.7,12024.7,12024.7,29991200,29991200,29991200
2019-04-12 13:00:00,12013.9,12013.9,12013.9,29991200,29991200,29991200
2019-04-12 17:00:00,12027.9,12027.9,12027.9,29991200,29991200,29991200
2019-04-15 05:00:00,12009.5,12009.5,12009.5,29991200,29991200,29991200
2019-04-15 09:00:00,12035.8,12035.8,12035.8,29991200,29991200,29991200
2019-04-15 13:00:00,12023.5,12023.5,12023.5,29991200,29991200,29991200
2019-04-15 17:00:00,12033.5,12033.5,12033.5,29991200,29991200,29991200
2019-04-16 05:00:00,12126.2,12126.2,12126.2,29991200,29991200,29991200
2019-04-16 09:00:00,12121.2,12121.2,12121.2,29991200,29991200,29991200
2019-04-16 13:00:00,12121.2,12121.2,12121.2,29991200,29991200,29991200
2019-04-16 17:00:00,12105.7,12105.7,12105.7,29991200,29991200,29991200
2019-04-17 05:00:00,12113.6,12113.6,12113.6,29991200,29991200,29991200
2019-04-17 09:00:00,12177.2,12177.2,12177.2,29991200,29991200,29991200
2019-04-17 13:00:00,12170.9,12170.9,12170.9,29991200,29991200,29991200
2019-04-17 17:00:00,12187.4,12187.4,12187.4,29991200,29991200,29991200
2019-04-18 05:00:00,12161.3,12161.3,12161.3,29991200,29991200,29991200
2019-04-18 09:00:00,12209.1,12209.1,12209.1,29991200,29991200,29991200
2019-04-18 13:00:00,12249.6,12249.6,12249.6,29991200,29991200,29991200
2019-04-18 17:00:00,12256.1,12256.1,12256.1,29991200,29991200,29991200
2019-04-23 05:00:00,12216.3,12216.3,12216.3,29991200,29991200,29991200
2019-04-23 09:00:00,12222.9,12222.9,12222.9,29991200,29991200,29991200
2019-04-23 13:00:00,12247.9,12247.9,12247.9,29991200,29991200,29991200
2019-04-23 17:00:00,12254.7,12254.7,12254.7,29991200,29991200,29991200
2019-04-24 05:00:00,12268.6,12268.6,12268.6,29991200,29991200,29991200
2019-04-24 09:00:00,12310.6,12310.6,12310.6,29991200,29991200,29991200
2019-04-24 13:00:00,12312.2,12312.2,12312.2,29991200,29991200,29991200
2019-04-24 17:00:00,12321.0,12321.0,12321.0,29991200,29991200,29991200
2019-04-25 05:00:00,12311.9,12311.9,12311.9,29991200,29991200,29991200
2019-04-25 09:00:00,12305.7,12305.7,12305.7,29991200,29991200,29991200
2019-04-25 13:00:00,12310.7,12310.7,12310.7,29991200,29991200,29991200
2019-04-25 17:00:00,12312.2,12312.2,12312.2,29991200,29991200,29991200
2019-04-26 05:00:00,12283.2,12283.2,12283.2,29991200,29991200,29991200
2019-04-26 09:00:00,12314.1,12314.1,12314.1,29991200,29991200,29991200
2019-04-26 13:00:00,12325.6,12325.6,12325.6,29991200,29991200,29991200
2019-04-26 17:00:00,12332.9,12332.9,12332.9,29991200,29991200,29991200
2019-04-29 05:00:00,12311.4,12311.4,12311.4,29991200,29991200,29991200
2019-04-29 09:00:00,12323.4,12323.4,12323.4,29991200,29991200,29991200
2019-04-29 13:00:00,12343.3,12343.3,12343.3,29991200,29991200,29991200
2019-04-29 17:00:00,12348.5,12348.5,12348.5,29991200,29991200,29991200
2019-04-30 05:00:00,12318.9,12318.9,12318.9,29991200,29991200,29991200
2019-04-30 09:00:00,12307.6,12307.6,12307.6,29991200,29991200,29991200
2019-04-30 13:00:00,12354.8,12354.8,12354.8,29991200,29991200,29991200
2019-04-30 17:00:00,12365.6,12365.6,12365.6,29991200,29991200,29991200
2019-05-02 05:00:00,12371.0,12371.0,12371.0,29991200,29991200,29991200
2019-05-02 09:00:00,12368.5,12368.5,12368.5,29991200,29991200,29991200
2019-05-02 13:00:00,12329.0,12329.0,12329.0,29991200,29991200,29991200
2019-05-02 17:00:00,12331.3,12331.3,12331.3,29991200,29991200,29991200
2019-05-03 05:00:00,12395.9,12395.9,12395.9,29991200,29991200,29991200
2019-05-03 09:00:00,12417.8,12417.8,12417.8,29991200,29991200,29991200
2019-05-03 13:00:00,12433.9,12433.9,12433.9,29991200,29991200,29991200
2019-05-03 17:00:00,12450.5,12450.5,12450.5,29991200,29991200,29991200
2019-05-06 05:00:00,12155.3,12155.3,12155.3,29991200,29991200,29991200
2019-05-06 09:00:00,12200.5,12200.5,12200.5,29991200,29991200,29991200
2019-05-06 13:00:00,12279.5,12279.5,12279.5,29991200,29991200,29991200
2019-05-06 17:00:00,12332.7,12332.7,12332.7,29991200,29991200,29991200
2019-05-07 05:00:00,12255.4,12255.4,12255.4,29991200,29991200,29991200
2019-05-07 09:00:00,12218.4,12218.4,12218.4,29991200,29991200,29991200
2019-05-07 13:00:00,12080.0,12080.0,12080.0,29991200,29991200,29991200
2019-05-07 17:00:00,12062.7,12062.7,12062.7,29991200,29991200,29991200
2019-05-08 05:00:00,12137.1,12137.1,12137.1,29991200,29991200,29991200
2019-05-08 09:00:00,12153.5,12153.5,12153.5,29991200,29991200,29991200
2019-05-08 13:00:00,12213.5,12213.5,12213.5,29991200,29991200,29991200
2019-05-08 17:00:00,12187.6,12187.6,12187.6,29991200,29991200,29991200
2019-05-08 21:00:00,12163.4,12163.4,12163.4,29991200,29991200,29991200
2019-05-09 01:00:00,12145.7,12145.7,12145.7,29991200,29991200,29991200
2019-05-09 05:00:00,12088.3,12088.3,12088.3,29991200,29991200,29991200
2019-05-09 09:00:00,12029.1,12029.1,12029.1,29991200,29991200,29991200
2019-05-09 13:00:00,12072.1,12072.1,12072.1,29991200,29991200,29991200
2019-05-09 17:00:00,12072.4,12072.4,12072.4,29991200,29991200,29991200
2019-05-09 21:00:00,12118.1,12118.1,12118.1,29991200,29991200,29991200
2019-05-10 01:00:00,11992.9,11992.9,11992.9,29991200,29991200,29991200
2019-05-10 05:00:00,12097.0,12097.0,12097.0,29991200,29991200,29991200
2019-05-10 09:00:00,12053.7,12053.7,12053.7,29991200,29991200,29991200
2019-05-10 13:00:00,12126.2,12126.2,12126.2,29991200,29991200,29991200
2019-05-10 17:00:00,12200.0,12200.0,12200.0,29991200,29991200,29991200
2019-05-12 21:00:00,12087.5,12087.5,12087.5,29991200,29991200,29991200
2019-05-13 01:00:00,12094.7,12094.7,12094.7,29991200,29991200,29991200
2019-05-13 05:00:00,11960.6,11960.6,11960.6,29991200,29991200,29991200
2019-05-13 09:00:00,11866.3,11866.3,11866.3,29991200,29991200,29991200
2019-05-13 13:00:00,11845.1,11845.1,11845.1,29991200,29991200,29991200
2019-05-13 17:00:00,11847.2,11847.2,11847.2,29991200,29991200,29991200
2019-05-13 21:00:00,11863.9,11863.9,11863.9,29991200,29991200,29991200
2019-05-14 01:00:00,11893.1,11893.1,11893.1,29991200,29991200,29991200
2019-05-14 05:00:00,11911.9,11911.9,11911.9,29991200,29991200,29991200
2019-05-14 09:00:00,11927.9,11927.9,11927.9,29991200,29991200,29991200
2019-05-14 13:00:00,12003.2,12003.2,12003.2,29991200,29991200,29991200
2019-05-14 17:00:00,11993.1,11993.1,11993.1,29991200,29991200,29991200
2019-05-14 21:00:00,11964.0,11964.0,11964.0,29991200,29991200,29991200
2019-05-15 01:00:00,12000.5,12000.5,12000.5,29991200,29991200,29991200
2019-05-15 05:00:00,11962.5,11962.5,11962.5,29991200,29991200,29991200
2019-05-15 09:00:00,11881.3,11881.3,11881.3,29991200,29991200,29991200
2019-05-15 13:00:00,12092.3,12092.3,12092.3,29991200,29991200,29991200
2019-05-15 17:00:00,12097.9,12097.9,12097.9,29991200,29991200,29991200
2019-05-15 21:00:00,12043.3,12043.3,12043.3,29991200,29991200,29991200
2019-05-16 01:00:00,12034.8,12034.8,12034.8,29991200,29991200,29991200
2019-05-16 05:00:00,12081.4,12081.4,12081.4,29991200,29991200,29991200
2019-05-16 09:00:00,12177.4,12177.4,12177.4,29991200,29991200,29991200
2019-05-16 13:00:00,12295.6,12295.6,12295.6,29991200,29991200,29991200
2019-05-16 17:00:00,12280.4,12280.4,12280.4,29991200,29991200,29991200
2019-05-16 21:00:00,12287.9,12287.9,12287.9,29991200,29991200,29991200
2019-05-17 01:00:00,12249.1,12249.1,12249.1,29991200,29991200,29991200
2019-05-17 05:00:00,12213.7,12213.7,12213.7,29991200,29991200,29991200
2019-05-17 09:00:00,12177.0,12177.0,12177.0,29991200,29991200,29991200
2019-05-17 13:00:00,12228.9,12228.9,12228.9,29991200,29991200,29991200
2019-05-17 17:00:00,12201.0,12201.0,12201.0,29991200,29991200,29991200
2019-05-19 21:00:00,12246.4,12246.4,12246.4,29991200,29991200,29991200
2019-05-20 01:00:00,12239.4,12239.4,12239.4,29991200,29991200,29991200
2019-05-20 05:00:00,12145.8,12145.8,12145.8,29991200,29991200,29991200
2019-05-20 09:00:00,12019.8,12019.8,12019.8,29991200,29991200,29991200
2019-05-20 13:00:00,12040.2,12040.2,12040.2,29991200,29991200,29991200
2019-05-20 17:00:00,12056.2,12056.2,12056.2,29991200,29991200,29991200
2019-05-20 21:00:00,12064.5,12064.5,12064.5,29991200,29991200,29991200
2019-05-21 01:00:00,12093.7,12093.7,12093.7,29991200,29991200,29991200
2019-05-21 05:00:00,12114.3,12114.3,12114.3,29991200,29991200,29991200
2019-05-21 09:00:00,12167.0,12167.0,12167.0,29991200,29991200,29991200
2019-05-21 13:00:00,12140.2,12140.2,12140.2,29991200,29991200,29991200
2019-05-21 17:00:00,12155.1,12155.1,12155.1,29991200,29991200,29991200
2019-05-21 21:00:00,12137.2,12137.2,12137.2,29991200,29991200,29991200
2019-05-22 01:00:00,12153.2,12153.2,12153.2,29991200,29991200,29991200
2019-05-22 05:00:00,12148.4,12148.4,12148.4,29991200,29991200,29991200
2019-05-22 09:00:00,12099.5,12099.5,12099.5,29991200,29991200,29991200
2019-05-22 13:00:00,12155.6,12155.6,12155.6,29991200,29991200,29991200
2019-05-22 17:00:00,12144.6,12144.6,12144.6,29991200,29991200,29991200
2019-05-22 21:00:00,12107.6,12107.6,12107.6,29991200,29991200,29991200
2019-05-23 01:00:00,12104.1,12104.1,12104.1,29991200,29991200,29991200
2019-05-23 05:00:00,11980.2,11980.2,11980.2,29991200,29991200,29991200
2019-05-23 09:00:00,11985.3,11985.3,11985.3,29991200,29991200,29991200
2019-05-23 13:00:00,11935.9,11935.9,11935.9,29991200,29991200,29991200
2019-05-23 17:00:00,11938.8,11938.8,11938.8,29991200,29991200,29991200
2019-05-23 21:00:00,11973.4,11973.4,11973.4,29991200,29991200,29991200
2019-05-24 01:00:00,11999.4,11999.4,11999.4,29991200,29991200,29991200
2019-05-24 05:00:00,12052.2,12052.2,12052.2,29991200,29991200,29991200
2019-05-24 09:00:00,12052.9,12052.9,12052.9,29991200,29991200,29991200
2019-05-24 13:00:00,12033.8,12033.8,12033.8,29991200,29991200,29991200
2019-05-24 17:00:00,12032.2,12032.2,12032.2,29991200,29991200,29991200
2019-05-26 21:00:00,12049.1,12049.1,12049.1,29991200,29991200,29991200
2019-05-27 01:00:00,12034.6,12034.6,12034.6,29991200,29991200,29991200
2019-05-27 05:00:00,12066.5,12066.5,12066.5,29991200,29991200,29991200
2019-05-27 09:00:00,12080.5,12080.5,12080.5,29991200,29991200,29991200
2019-05-27 13:00:00,12071.1,12071.1,12071.1,29991200,29991200,29991200
2019-05-27 17:00:00,12067.4,12067.4,12067.4,29991200,29991200,29991200
2019-05-27 21:00:00,12095.1,12095.1,12095.1,29991200,29991200,29991200
2019-05-28 01:00:00,12095.4,12095.4,12095.4,29991200,29991200,29991200
2019-05-28 05:00:00,12003.6,12003.6,12003.6,29991200,29991200,29991200
2019-05-28 09:00:00,12049.0,12049.0,12049.0,29991200,29991200,29991200
2019-05-28 13:00:00,12040.8,12040.8,12040.8,29991200,29991200,29991200
2019-05-28 17:00:00,11987.1,11987.1,11987.1,29991200,29991200,29991200
2019-05-28 21:00:00,11937.5,11937.5,11937.5,29991200,29991200,29991200
2019-05-29 01:00:00,11938.0,11938.0,11938.0,29991200,29991200,29991200
2019-05-29 05:00:00,11870.8,11870.8,11870.8,29991200,29991200,29991200
2019-05-29 09:00:00,11848.0,11848.0,11848.0,29991200,29991200,29991200
2019-05-29 13:00:00,11831.8,11831.8,11831.8,29991200,29991200,29991200
2019-05-29 17:00:00,11854.0,11854.0,11854.0,29991200,29991200,29991200
2019-05-29 21:00:00,11853.3,11853.3,11853.3,29991200,29991200,29991200
2019-05-30 01:00:00,11878.8,11878.8,11878.8,29991200,29991200,29991200
2019-05-30 05:00:00,11897.5,11897.5,11897.5,29991200,29991200,29991200
2019-05-30 09:00:00,11877.5,11877.5,11877.5,29991200,29991200,29991200
2019-05-30 13:00:00,11911.9,11911.9,11911.9,29991200,29991200,29991200
2019-05-30 17:00:00,11917.9,11917.9,11917.9,29991200,29991200,29991200
2019-05-30 21:00:00,11807.7,11807.7,11807.7,29991200,29991200,29991200
2019-05-31 01:00:00,11817.9,11817.9,11817.9,29991200,29991200,29991200
2019-05-31 05:00:00,11705.2,11705.2,11705.2,29991200,29991200,29991200
2019-05-31 09:00:00,11702.3,11702.3,11702.3,29991200,29991200,29991200
2019-05-31 13:00:00,11708.5,11708.5,11708.5,29991200,29991200,29991200
2019-05-31 17:00:00,11708.6,11708.6,11708.6,29991200,29991200,29991200
2019-06-02 21:00:00,11656.0,11656.0,11656.0,29991200,29991200,29991200
2019-06-03 01:00:00,11626.8,11626.8,11626.8,29991200,29991200,29991200
2019-06-03 05:00:00,11677.0,11677.0,11677.0,29991200,29991200,29991200
2019-06-03 09:00:00,11726.1,11726.1,11726.1,29991200,29991200,29991200
2019-06-03 13:00:00,11741.4,11741.4,11741.4,29991200,29991200,29991200
2019-06-03 17:00:00,11780.8,11780.8,11780.8,29991200,29991200,29991200
2019-06-03 21:00:00,11749.4,11749.4,11749.4,29991200,29991200,29991200
2019-06-04 01:00:00,11742.7,11742.7,11742.7,29991200,29991200,29991200
2019-06-04 05:00:00,11890.9,11890.9,11890.9,29991200,29991200,29991200
2019-06-04 09:00:00,11963.1,11963.1,11963.1,29991200,29991200,29991200
2019-06-04 13:00:00,11966.5,11966.5,11966.5,29991200,29991200,29991200
2019-06-04 17:00:00,11994.8,11994.8,11994.8,29991200,29991200,29991200
2019-06-04 21:00:00,12016.0,12016.0,12016.0,29991200,29991200,29991200
2019-06-05 01:00:00,12005.2,12005.2,12005.2,29991200,29991200,29991200
2019-06-05 05:00:00,12001.1,12001.1,12001.1,29991200,29991200,29991200
2019-06-05 09:00:00,11966.6,11966.6,11966.6,29991200,29991200,29991200
2019-06-05 13:00:00,11979.4,11979.4,11979.4,29991200,29991200,29991200
2019-06-05 17:00:00,11995.2,11995.2,11995.2,29991200,29991200,29991200
2019-06-05 21:00:00,11986.4,11986.4,11986.4,29991200,29991200,29991200
2019-06-06 01:00:00,11982.2,11982.2,11982.2,29991200,29991200,29991200
2019-06-06 05:00:00,12047.2,12047.2,12047.2,29991200,29991200,29991200
2019-06-06 09:00:00,11941.4,11941.4,11941.4,29991200,29991200,29991200
2019-06-06 13:00:00,11933.7,11933.7,11933.7,29991200,29991200,29991200
2019-06-06 17:00:00,11962.9,11962.9,11962.9,29991200,29991200,29991200
2019-06-06 21:00:00,11983.7,11983.7,11983.7,29991200,29991200,29991200
2019-06-07 01:00:00,12001.7,12001.7,12001.7,29991200,29991200,29991200
2019-06-07 05:00:00,12031.0,12031.0,12031.0,29991200,29991200,29991200
2019-06-07 09:00:00,12016.6,12016.6,12016.6,29991200,29991200,29991200
2019-06-07 13:00:00,12049.7,12049.7,12049.7,29991200,29991200,29991200
2019-06-07 17:00:00,12059.8,12059.8,12059.8,29991200,29991200,29991200
2019-06-09 21:00:00,12078.0,12078.0,12078.0,29991200,29991200,29991200
2019-06-10 01:00:00,12115.5,12115.5,12115.5,29991200,29991200,29991200
2019-06-10 05:00:00,12092.2,12092.2,12092.2,29991200,29991200,29991200
2019-06-10 09:00:00,12079.0,12079.0,12079.0,29991200,29991200,29991200
2019-06-10 13:00:00,12107.7,12107.7,12107.7,29991200,29991200,29991200
2019-06-10 17:00:00,12099.1,12099.1,12099.1,29991200,29991200,29991200
2019-06-10 21:00:00,12096.0,12096.0,12096.0,29991200,29991200,29991200
2019-06-11 01:00:00,12120.5,12120.5,12120.5,29991200,29991200,29991200
2019-06-11 05:00:00,12181.7,12181.7,12181.7,29991200,29991200,29991200
2019-06-11 09:00:00,12206.5,12206.5,12206.5,29991200,29991200,29991200
2019-06-11 13:00:00,12123.9,12123.9,12123.9,29991200,29991200,29991200
2019-06-11 17:00:00,12150.7,12150.7,12150.7,29991200,29991200,29991200
2019-06-11 21:00:00,12150.6,12150.6,12150.6,29991200,29991200,29991200
2019-06-12 01:00:00,12118.6,12118.6,12118.6,29991200,29991200,29991200
2019-06-12 05:00:00,12081.1,12081.1,12081.1,29991200,29991200,29991200
2019-06-12 09:00:00,12108.3,12108.3,12108.3,29991200,29991200,29991200
2019-06-12 13:00:00,12122.8,12122.8,12122.8,29991200,29991200,29991200
2019-06-12 17:00:00,12111.7,12111.7,12111.7,29991200,29991200,29991200
2019-06-12 21:00:00,12120.3,12120.3,12120.3,29991200,29991200,29991200
2019-06-13 01:00:00,12084.8,12084.8,12084.8,29991200,29991200,29991200
2019-06-13 05:00:00,12177.3,12177.3,12177.3,29991200,29991200,29991200
2019-06-13 09:00:00,12183.7,12183.7,12183.7,29991200,29991200,29991200
2019-06-13 13:00:00,12170.5,12170.5,12170.5,29991200,29991200,29991200
2019-06-13 17:00:00,12175.5,12175.5,12175.5,29991200,29991200,29991200
2019-06-13 21:00:00,12152.5,12152.5,12152.5,29991200,29991200,29991200
2019-06-14 01:00:00,12176.3,12176.3,12176.3,29991200,29991200,29991200
2019-06-14 05:00:00,12085.9,12085.9,12085.9,29991200,29991200,29991200
2019-06-14 09:00:00,12095.6,12095.6,12095.6,29991200,29991200,29991200
2019-06-14 13:00:00,12102.7,12102.7,12102.7,29991200,29991200,29991200
2019-06-14 17:00:00,12120.2,12120.2,12120.2,29991200,29991200,29991200
2019-06-16 21:00:00,12108.7,12108.7,12108.7,29991200,29991200,29991200
2019-06-17 01:00:00,12112.4,12112.4,12112.4,29991200,29991200,29991200
2019-06-17 05:00:00,12092.5,12092.5,12092.5,29991200,29991200,29991200
2019-06-17 09:00:00,12064.2,12064.2,12064.2,29991200,29991200,29991200
2019-06-17 13:00:00,12093.4,12093.4,12093.4,29991200,29991200,29991200
2019-06-17 17:00:00,12095.3,12095.3,12095.3,29991200,29991200,29991200
2019-06-17 21:00:00,12086.6,12086.6,12086.6,29991200,29991200,29991200
2019-06-18 01:00:00,12070.9,12070.9,12070.9,29991200,29991200,29991200
2019-06-18 05:00:00,12157.3,12157.3,12157.3,29991200,29991200,29991200
2019-06-18 09:00:00,12259.7,12259.7,12259.7,29991200,29991200,29991200
2019-06-18 13:00:00,12317.9,12317.9,12317.9,29991200,29991200,29991200
2019-06-18 17:00:00,12341.9,12341.9,12341.9,29991200,29991200,29991200
2019-06-18 21:00:00,12340.7,12340.7,12340.7,29991200,29991200,29991200
2019-06-19 01:00:00,12341.9,12341.9,12341.9,29991200,29991200,29991200
2019-06-19 05:00:00,12324.2,12324.2,12324.2,29991200,29991200,29991200
2019-06-19 09:00:00,12320.7,12320.7,12320.7,29991200,29991200,29991200
2019-06-19 13:00:00,12301.3,12301.3,12301.3,29991200,29991200,29991200
2019-06-19 17:00:00,12314.1,12314.1,12314.1,29991200,29991200,29991200
2019-06-19 21:00:00,12330.3,12330.3,12330.3,29991200,29991200,29991200
2019-06-20 01:00:00,12361.6,12361.6,12361.6,29991200,29991200,29991200
2019-06-20 05:00:00,12429.7,12429.7,12429.7,29991200,29991200,29991200
2019-06-20 09:00:00,12402.2,12402.2,12402.2,29991200,29991200,29991200
2019-06-20 13:00:00,12341.8,12341.8,12341.8,29991200,29991200,29991200
2019-06-20 17:00:00,12365.3,12365.3,12365.3,29991200,29991200,29991200
2019-06-20 21:00:00,12349.8,12349.8,12349.8,29991200,29991200,29991200
2019-06-21 01:00:00,12295.3,12295.3,12295.3,29991200,29991200,29991200
2019-06-21 05:00:00,12386.8,12386.8,12386.8,29991200,29991200,29991200
2019-06-21 09:00:00,12335.5,12335.5,12335.5,29991200,29991200,29991200
2019-06-21 13:00:00,12317.6,12317.6,12317.6,29991200,29991200,29991200
2019-06-21 17:00:00,12269.9,12269.9,12269.9,29991200,29991200,29991200
2019-06-23 21:00:00,12272.4,12272.4,12272.4,29991200,29991200,29991200
2019-06-24 01:00:00,12284.6,12284.6,12284.6,29991200,29991200,29991200
2019-06-24 05:00:00,12291.3,12291.3,12291.3,29991200,29991200,29991200
2019-06-24 09:00:00,12284.5,12284.5,12284.5,29991200,29991200,29991200
2019-06-24 13:00:00,12259.7,12259.7,12259.7,29991200,29991200,29991200
2019-06-24 17:00:00,12252.5,12252.5,12252.5,29991200,29991200,29991200
2019-06-24 21:00:00,12278.5,12278.5,12278.5,29991200,29991200,29991200
2019-06-25 01:00:00,12221.2,12221.2,12221.2,29991200,29991200,29991200
2019-06-25 05:00:00,12263.4,12263.4,12263.4,29991200,29991200,29991200
2019-06-25 09:00:00,12272.1,12272.1,12272.1,29991200,29991200,29991200
2019-06-25 13:00:00,12219.0,12219.0,12219.0,29991200,29991200,29991200
2019-06-25 17:00:00,12189.1,12189.1,12189.1,29991200,29991200,29991200
2019-06-25 21:00:00,12200.7,12200.7,12200.7,29991200,29991200,29991200
2019-06-26 01:00:00,12188.0,12188.0,12188.0,29991200,29991200,29991200
2019-06-26 05:00:00,12233.2,12233.2,12233.2,29991200,29991200,29991200
2019-06-26 09:00:00,12262.8,12262.8,12262.8,29991200,29991200,29991200
2019-06-26 13:00:00,12253.2,12253.2,12253.2,29991200,29991200,29991200
2019-06-26 17:00:00,12234.9,12234.9,12234.9,29991200,29991200,29991200
2019-06-26 21:00:00,12250.5,12250.5,12250.5,29991200,29991200,29991200
2019-06-27 01:00:00,12284.5,12284.5,12284.5,29991200,29991200,29991200
2019-06-27 05:00:00,12312.8,12312.8,12312.8,29991200,29991200,29991200
2019-06-27 09:00:00,12277.4,12277.4,12277.4,29991200,29991200,29991200
2019-06-27 13:00:00,12285.1,12285.1,12285.1,29991200,29991200,29991200
2019-06-27 17:00:00,12295.7,12295.7,12295.7,29991200,29991200,29991200
2019-06-27 21:00:00,12298.1,12298.1,12298.1,29991200,29991200,29991200
2019-06-28 01:00:00,12278.3,12278.3,12278.3,29991200,29991200,29991200
2019-06-28 05:00:00,12334.6,12334.6,12334.6,29991200,29991200,29991200
2019-06-28 09:00:00,12340.5,12340.5,12340.5,29991200,29991200,29991200
2019-06-28 13:00:00,12407.2,12407.2,12407.2,29991200,29991200,29991200
2019-06-28 17:00:00,12440.5,12440.5,12440.5,29991200,29991200,29991200
2019-06-30 21:00:00,12476.2,12476.2,12476.2,29991200,29991200,29991200
2019-07-01 01:00:00,12523.4,12523.4,12523.4,29991200,29991200,29991200
2019-07-01 05:00:00,12548.7,12548.7,12548.7,29991200,29991200,29991200
2019-07-01 09:00:00,12563.7,12563.7,12563.7,29991200,29991200,29991200
2019-07-01 13:00:00,12513.6,12513.6,12513.6,29991200,29991200,29991200
2019-07-01 17:00:00,12539.0,12539.0,12539.0,29991200,29991200,29991200
2019-07-01 21:00:00,12534.1,12534.1,12534.1,29991200,29991200,29991200
2019-07-02 01:00:00,12551.9,12551.9,12551.9,29991200,29991200,29991200
2019-07-02 05:00:00,12504.0,12504.0,12504.0,29991200,29991200,29991200
2019-07-02 09:00:00,12519.4,12519.4,12519.4,29991200,29991200,29991200
2019-07-02 13:00:00,12512.0,12512.0,12512.0,29991200,29991200,29991200
2019-07-02 17:00:00,12553.3,12553.3,12553.3,29991200,29991200,29991200
2019-07-02 21:00:00,12532.8,12532.8,12532.8,29991200,29991200,29991200
2019-07-03 01:00:00,12537.0,12537.0,12537.0,29991200,29991200,29991200
2019-07-03 05:00:00,12615.7,12615.7,12615.7,29991200,29991200,29991200
2019-07-03 09:00:00,12604.2,12604.2,12604.2,29991200,29991200,29991200
2019-07-03 13:00:00,12637.6,12637.6,12637.6,29991200,29991200,29991200
2019-07-03 17:00:00,12652.1,12652.1,12652.1,29991200,29991200,29991200
2019-07-03 21:00:00,12630.1,12630.1,12630.1,29991200,29991200,29991200
2019-07-04 01:00:00,12628.6,12628.6,12628.6,29991200,29991200,29991200
2019-07-04 05:00:00,12624.1,12624.1,12624.1,29991200,29991200,29991200
2019-07-04 09:00:00,12629.0,12629.0,12629.0,29991200,29991200,29991200
2019-07-04 13:00:00,12628.5,12628.5,12628.5,29991200,29991200,29991200
2019-07-04 17:00:00,12634.3,12634.3,12634.3,29991200,29991200,29991200
2019-07-04 21:00:00,12626.5,12626.5,12626.5,29991200,29991200,29991200
2019-07-05 01:00:00,12626.2,12626.2,12626.2,29991200,29991200,29991200
2019-07-05 05:00:00,12592.1,12592.1,12592.1,29991200,29991200,29991200
2019-07-05 09:00:00,12561.0,12561.0,12561.0,29991200,29991200,29991200
2019-07-05 13:00:00,12573.7,12573.7,12573.7,29991200,29991200,29991200
2019-07-05 17:00:00,12572.0,12572.0,12572.0,29991200,29991200,29991200
2019-07-07 21:00:00,12544.4,12544.4,12544.4,29991200,29991200,29991200
2019-07-08 01:00:00,12520.7,12520.7,12520.7,29991200,29991200,29991200
2019-07-08 05:00:00,12544.8,12544.8,12544.8,29991200,29991200,29991200
2019-07-08 09:00:00,12519.4,12519.4,12519.4,29991200,29991200,29991200
2019-07-08 13:00:00,12544.0,12544.0,12544.0,29991200,29991200,29991200
2019-07-08 17:00:00,12497.6,12497.6,12497.6,29991200,29991200,29991200
2019-07-08 21:00:00,12489.2,12489.2,12489.2,29991200,29991200,29991200
2019-07-09 01:00:00,12473.5,12473.5,12473.5,29991200,29991200,29991200
2019-07-09 05:00:00,12382.8,12382.8,12382.8,29991200,29991200,29991200
2019-07-09 09:00:00,12417.0,12417.0,12417.0,29991200,29991200,29991200
2019-07-09 13:00:00,12444.2,12444.2,12444.2,29991200,29991200,29991200
2019-07-09 17:00:00,12450.9,12450.9,12450.9,29991200,29991200,29991200
2019-07-09 21:00:00,12466.9,12466.9,12466.9,29991200,29991200,29991200
2019-07-10 01:00:00,12444.2,12444.2,12444.2,29991200,29991200,29991200
2019-07-10 05:00:00,12391.0,12391.0,12391.0,29991200,29991200,29991200
2019-07-10 09:00:00,12433.8,12433.8,12433.8,29991200,29991200,29991200
2019-07-10 13:00:00,12381.6,12381.6,12381.6,29991200,29991200,29991200
2019-07-10 17:00:00,12376.3,12376.3,12376.3,29991200,29991200,29991200
2019-07-10 21:00:00,12395.4,12395.4,12395.4,29991200,29991200,29991200
2019-07-11 01:00:00,12420.9,12420.9,12420.9,29991200,29991200,29991200
2019-07-11 05:00:00,12376.9,12376.9,12376.9,29991200,29991200,29991200
2019-07-11 09:00:00,12365.7,12365.7,12365.7,29991200,29991200,29991200
2019-07-11 13:00:00,12340.8,12340.8,12340.8,29991200,29991200,29991200
2019-07-11 17:00:00,12340.4,12340.4,12340.4,29991200,29991200,29991200
2019-07-11 21:00:00,12369.1,12369.1,12369.1,29991200,29991200,29991200
2019-07-12 01:00:00,12371.8,12371.8,12371.8,29991200,29991200,29991200
2019-07-12 05:00:00,12321.7,12321.7,12321.7,29991200,29991200,29991200
2019-07-12 09:00:00,12337.4,12337.4,12337.4,29991200,29991200,29991200
2019-07-12 13:00:00,12320.2,12320.2,12320.2,29991200,29991200,29991200
2019-07-12 17:00:00,12326.6,12326.6,12326.6,29991200,29991200,29991200
2019-07-14 21:00:00,12316.7,12316.7,12316.7,29991200,29991200,29991200
2019-07-15 01:00:00,12349.7,12349.7,12349.7,29991200,29991200,29991200
2019-07-15 05:00:00,12362.0,12362.0,12362.0,29991200,29991200,29991200
2019-07-15 09:00:00,12381.4,12381.4,12381.4,29991200,29991200,29991200
2019-07-15 13:00:00,12386.7,12386.7,12386.7,29991200,29991200,29991200
2019-07-15 17:00:00,12405.1,12405.1,12405.1,29991200,29991200,29991200
2019-07-15 21:00:00,12406.5,12406.5,12406.5,29991200,29991200,29991200
2019-07-16 01:00:00,12399.5,12399.5,12399.5,29991200,29991200,29991200
2019-07-16 05:00:00,12396.1,12396.1,12396.1,29991200,29991200,29991200
2019-07-16 09:00:00,12423.8,12423.8,12423.8,29991200,29991200,29991200
2019-07-16 13:00:00,12421.9,12421.9,12421.9,29991200,29991200,29991200
2019-07-16 17:00:00,12413.3,12413.3,12413.3,29991200,29991200,29991200
2019-07-16 21:00:00,12403.2,12403.2,12403.2,29991200,29991200,29991200
2019-07-17 01:00:00,12411.7,12411.7,12411.7,29991200,29991200,29991200
2019-07-17 05:00:00,12420.7,12420.7,12420.7,29991200,29991200,29991200
2019-07-17 09:00:00,12406.5,12406.5,12406.5,29991200,29991200,29991200
2019-07-17 13:00:00,12340.0,12340.0,12340.0,29991200,29991200,29991200
2019-07-17 17:00:00,12276.6,12276.6,12276.6,29991200,29991200,29991200
2019-07-17 21:00:00,12251.5,12251.5,12251.5,29991200,29991200,29991200
2019-07-18 01:00:00,12236.0,12236.0,12236.0,29991200,29991200,29991200
2019-07-18 05:00:00,12221.8,12221.8,12221.8,29991200,29991200,29991200
2019-07-18 09:00:00,12257.8,12257.8,12257.8,29991200,29991200,29991200
2019-07-18 13:00:00,12224.3,12224.3,12224.3,29991200,29991200,29991200
2019-07-18 17:00:00,12264.1,12264.1,12264.1,29991200,29991200,29991200
2019-07-18 21:00:00,12287.3,12287.3,12287.3,29991200,29991200,29991200
2019-07-19 01:00:00,12312.5,12312.5,12312.5,29991200,29991200,29991200
2019-07-19 05:00:00,12322.3,12322.3,12322.3,29991200,29991200,29991200
2019-07-19 09:00:00,12246.1,12246.1,12246.1,29991200,29991200,29991200
2019-07-19 13:00:00,12281.5,12281.5,12281.5,29991200,29991200,29991200
2019-07-19 17:00:00,12218.5,12218.5,12218.5,29991200,29991200,29991200
2019-07-21 21:00:00,12239.3,12239.3,12239.3,29991200,29991200,29991200
2019-07-22 01:00:00,12246.3,12246.3,12246.3,29991200,29991200,29991200
2019-07-22 05:00:00,12291.8,12291.8,12291.8,29991200,29991200,29991200
2019-07-22 09:00:00,12323.1,12323.1,12323.1,29991200,29991200,29991200
2019-07-22 13:00:00,12301.2,12301.2,12301.2,29991200,29991200,29991200
2019-07-22 17:00:00,12310.5,12310.5,12310.5,29991200,29991200,29991200
2019-07-22 21:00:00,12345.2,12345.2,12345.2,29991200,29991200,29991200
2019-07-23 01:00:00,12363.5,12363.5,12363.5,29991200,29991200,29991200
2019-07-23 05:00:00,12439.5,12439.5,12439.5,29991200,29991200,29991200
2019-07-23 09:00:00,12510.3,12510.3,12510.3,29991200,29991200,29991200
2019-07-23 13:00:00,12504.9,12504.9,12504.9,29991200,29991200,29991200
2019-07-23 17:00:00,12521.7,12521.7,12521.7,29991200,29991200,29991200
2019-07-23 21:00:00,12525.9,12525.9,12525.9,29991200,29991200,29991200
2019-07-24 01:00:00,12528.7,12528.7,12528.7,29991200,29991200,29991200
2019-07-24 05:00:00,12497.7,12497.7,12497.7,29991200,29991200,29991200
2019-07-24 09:00:00,12530.8,12530.8,12530.8,29991200,29991200,29991200
2019-07-24 13:00:00,12542.2,12542.2,12542.2,29991200,29991200,29991200
2019-07-24 17:00:00,12558.7,12558.7,12558.7,29991200,29991200,29991200
2019-07-24 21:00:00,12575.5,12575.5,12575.5,29991200,29991200,29991200
2019-07-25 01:00:00,12573.5,12573.5,12573.5,29991200,29991200,29991200
2019-07-25 05:00:00,12532.3,12532.3,12532.3,29991200,29991200,29991200
2019-07-25 09:00:00,12520.8,12520.8,12520.8,29991200,29991200,29991200
2019-07-25 13:00:00,12357.5,12357.5,12357.5,29991200,29991200,29991200
2019-07-25 17:00:00,12351.1,12351.1,12351.1,29991200,29991200,29991200
2019-07-25 21:00:00,12384.0,12384.0,12384.0,29991200,29991200,29991200
2019-07-26 01:00:00,12398.0,12398.0,12398.0,29991200,29991200,29991200
2019-07-26 05:00:00,12385.0,12385.0,12385.0,29991200,29991200,29991200
2019-07-26 09:00:00,12391.0,12391.0,12391.0,29991200,29991200,29991200
2019-07-26 13:00:00,12422.0,12422.0,12422.0,29991200,29991200,29991200
2019-07-26 17:00:00,12426.1,12426.1,12426.1,29991200,29991200,29991200
2019-07-28 21:00:00,12404.0,12404.0,12404.0,29991200,29991200,29991200
2019-07-29 01:00:00,12397.7,12397.7,12397.7,29991200,29991200,29991200
2019-07-29 05:00:00,12420.9,12420.9,12420.9,29991200,29991200,29991200
2019-07-29 09:00:00,12443.1,12443.1,12443.1,29991200,29991200,29991200
2019-07-29 13:00:00,12425.8,12425.8,12425.8,29991200,29991200,29991200
2019-07-29 17:00:00,12430.0,12430.0,12430.0,29991200,29991200,29991200
2019-07-29 21:00:00,12450.3,12450.3,12450.3,29991200,29991200,29991200
2019-07-30 01:00:00,12442.3,12442.3,12442.3,29991200,29991200,29991200
2019-07-30 05:00:00,12269.0,12269.0,12269.0,29991200,29991200,29991200
2019-07-30 09:00:00,12149.4,12149.4,12149.4,29991200,29991200,29991200
2019-07-30 13:00:00,12104.7,12104.7,12104.7,29991200,29991200,29991200
2019-07-30 17:00:00,12123.2,12123.2,12123.2,29991200,29991200,29991200
2019-07-30 21:00:00,12148.9,12148.9,12148.9,29991200,29991200,29991200
2019-07-31 01:00:00,12175.7,12175.7,12175.7,29991200,29991200,29991200
2019-07-31 05:00:00,12163.5,12163.5,12163.5,29991200,29991200,29991200
2019-07-31 09:00:00,12182.5,12182.5,12182.5,29991200,29991200,29991200
2019-07-31 13:00:00,12195.7,12195.7,12195.7,29991200,29991200,29991200
2019-07-31 17:00:00,12127.9,12127.9,12127.9,29991200,29991200,29991200
2019-07-31 21:00:00,12155.4,12155.4,12155.4,29991200,29991200,29991200
2019-08-01 01:00:00,12174.9,12174.9,12174.9,29991200,29991200,29991200
2019-08-01 05:00:00,12173.9,12173.9,12173.9,29991200,29991200,29991200
2019-08-01 09:00:00,12203.6,12203.6,12203.6,29991200,29991200,29991200
2019-08-01 13:00:00,12246.8,12246.8,12246.8,29991200,29991200,29991200
2019-08-01 17:00:00,12052.8,12052.8,12052.8,29991200,29991200,29991200
2019-08-01 21:00:00,12027.3,12027.3,12027.3,29991200,29991200,29991200
2019-08-02 01:00:00,12027.6,12027.6,12027.6,29991200,29991200,29991200
2019-08-02 05:00:00,11920.8,11920.8,11920.8,29991200,29991200,29991200
2019-08-02 09:00:00,11957.7,11957.7,11957.7,29991200,29991200,29991200
2019-08-02 13:00:00,11876.3,11876.3,11876.3,29991200,29991200,29991200
2019-08-02 17:00:00,11917.8,11917.8,11917.8,29991200,29991200,29991200
2019-08-04 21:00:00,11885.8,11885.8,11885.8,29991200,29991200,29991200
2019-08-05 01:00:00,11742.8,11742.8,11742.8,29991200,29991200,29991200
2019-08-05 05:00:00,11671.4,11671.4,11671.4,29991200,29991200,29991200
2019-08-05 09:00:00,11671.7,11671.7,11671.7,29991200,29991200,29991200
2019-08-05 13:00:00,11596.2,11596.2,11596.2,29991200,29991200,29991200
2019-08-05 17:00:00,11553.8,11553.8,11553.8,29991200,29991200,29991200
2019-08-05 21:00:00,11458.7,11458.7,11458.7,29991200,29991200,29991200
2019-08-06 01:00:00,11637.0,11637.0,11637.0,29991200,29991200,29991200
2019-08-06 05:00:00,11715.8,11715.8,11715.8,29991200,29991200,29991200
2019-08-06 09:00:00,11696.2,11696.2,11696.2,29991200,29991200,29991200
2019-08-06 13:00:00,11597.7,11597.7,11597.7,29991200,29991200,29991200
2019-08-06 17:00:00,11621.9,11621.9,11621.9,29991200,29991200,29991200
2019-08-06 21:00:00,11614.2,11614.2,11614.2,29991200,29991200,29991200
2019-08-07 01:00:00,11577.7,11577.7,11577.7,29991200,29991200,29991200
2019-08-07 05:00:00,11694.7,11694.7,11694.7,29991200,29991200,29991200
2019-08-07 09:00:00,11607.1,11607.1,11607.1,29991200,29991200,29991200
2019-08-07 13:00:00,11663.7,11663.7,11663.7,29991200,29991200,29991200
2019-08-07 17:00:00,11707.4,11707.4,11707.4,29991200,29991200,29991200
2019-08-07 21:00:00,11659.2,11659.2,11659.2,29991200,29991200,29991200
2019-08-08 01:00:00,11728.7,11728.7,11728.7,29991200,29991200,29991200
2019-08-08 05:00:00,11716.7,11716.7,11716.7,29991200,29991200,29991200
2019-08-08 09:00:00,11761.7,11761.7,11761.7,29991200,29991200,29991200
2019-08-08 13:00:00,11839.1,11839.1,11839.1,29991200,29991200,29991200
2019-08-08 17:00:00,11830.9,11830.9,11830.9,29991200,29991200,29991200
2019-08-08 21:00:00,11820.1,11820.1,11820.1,29991200,29991200,29991200
2019-08-09 01:00:00,11796.4,11796.4,11796.4,29991200,29991200,29991200
2019-08-09 05:00:00,11779.8,11779.8,11779.8,29991200,29991200,29991200
2019-08-09 09:00:00,11712.2,11712.2,11712.2,29991200,29991200,29991200
2019-08-09 13:00:00,11714.4,11714.4,11714.4,29991200,29991200,29991200
2019-08-09 17:00:00,11753.7,11753.7,11753.7,29991200,29991200,29991200
2019-08-11 21:00:00,11724.9,11724.9,11724.9,29991200,29991200,29991200
2019-08-12 01:00:00,11744.2,11744.2,11744.2,29991200,29991200,29991200
2019-08-12 05:00:00,11714.8,11714.8,11714.8,29991200,29991200,29991200
2019-08-12 09:00:00,11685.2,11685.2,11685.2,29991200,29991200,29991200
2019-08-12 13:00:00,11687.4,11687.4,11687.4,29991200,29991200,29991200
2019-08-12 17:00:00,11632.6,11632.6,11632.6,29991200,29991200,29991200
2019-08-12 21:00:00,11678.9,11678.9,11678.9,29991200,29991200,29991200
2019-08-13 01:00:00,11689.9,11689.9,11689.9,29991200,29991200,29991200
2019-08-13 05:00:00,11636.7,11636.7,11636.7,29991200,29991200,29991200
2019-08-13 09:00:00,11565.8,11565.8,11565.8,29991200,29991200,29991200
2019-08-13 13:00:00,11776.8,11776.8,11776.8,29991200,29991200,29991200
2019-08-13 17:00:00,11803.0,11803.0,11803.0,29991200,29991200,29991200
2019-08-13 21:00:00,11769.1,11769.1,11769.1,29991200,29991200,29991200
2019-08-14 01:00:00,11788.8,11788.8,11788.8,29991200,29991200,29991200
2019-08-14 05:00:00,11683.7,11683.7,11683.7,29991200,29991200,29991200
2019-08-14 09:00:00,11532.2,11532.2,11532.2,29991200,29991200,29991200
2019-08-14 13:00:00,11451.0,11451.0,11451.0,29991200,29991200,29991200
2019-08-14 17:00:00,11418.9,11418.9,11418.9,29991200,29991200,29991200
2019-08-14 21:00:00,11477.0,11477.0,11477.0,29991200,29991200,29991200
2019-08-15 01:00:00,11485.3,11485.3,11485.3,29991200,29991200,29991200
2019-08-15 05:00:00,11477.0,11477.0,11477.0,29991200,29991200,29991200
2019-08-15 09:00:00,11447.4,11447.4,11447.4,29991200,29991200,29991200
2019-08-15 13:00:00,11421.4,11421.4,11421.4,29991200,29991200,29991200
2019-08-15 17:00:00,11428.6,11428.6,11428.6,29991200,29991200,29991200
2019-08-15 21:00:00,11450.9,11450.9,11450.9,29991200,29991200,29991200
2019-08-16 01:00:00,11464.9,11464.9,11464.9,29991200,29991200,29991200
2019-08-16 05:00:00,11522.3,11522.3,11522.3,29991200,29991200,29991200
2019-08-16 09:00:00,11505.3,11505.3,11505.3,29991200,29991200,29991200
2019-08-16 13:00:00,11552.6,11552.6,11552.6,29991200,29991200,29991200
2019-08-16 17:00:00,11571.6,11571.6,11571.6,29991200,29991200,29991200
2019-08-18 21:00:00,11580.1,11580.1,11580.1,29991200,29991200,29991200
2019-08-19 01:00:00,11608.9,11608.9,11608.9,29991200,29991200,29991200
2019-08-19 05:00:00,11630.5,11630.5,11630.5,29991200,29991200,29991200
2019-08-19 09:00:00,11735.5,11735.5,11735.5,29991200,29991200,29991200
2019-08-19 13:00:00,11702.0,11702.0,11702.0,29991200,29991200,29991200
2019-08-19 17:00:00,11694.5,11694.5,11694.5,29991200,29991200,29991200
2019-08-19 21:00:00,11682.5,11682.5,11682.5,29991200,29991200,29991200
2019-08-20 01:00:00,11718.7,11718.7,11718.7,29991200,29991200,29991200
2019-08-20 05:00:00,11707.7,11707.7,11707.7,29991200,29991200,29991200
2019-08-20 09:00:00,11680.0,11680.0,11680.0,29991200,29991200,29991200
2019-08-20 13:00:00,11657.7,11657.7,11657.7,29991200,29991200,29991200
2019-08-20 17:00:00,11599.2,11599.2,11599.2,29991200,29991200,29991200
2019-08-20 21:00:00,11627.4,11627.4,11627.4,29991200,29991200,29991200
2019-08-21 01:00:00,11652.9,11652.9,11652.9,29991200,29991200,29991200
2019-08-21 05:00:00,11783.2,11783.2,11783.2,29991200,29991200,29991200
2019-08-21 09:00:00,11819.9,11819.9,11819.9,29991200,29991200,29991200
2019-08-21 13:00:00,11802.5,11802.5,11802.5,29991200,29991200,29991200
2019-08-21 17:00:00,11811.4,11811.4,11811.4,29991200,29991200,29991200
2019-08-21 21:00:00,11790.0,11790.0,11790.0,29991200,29991200,29991200
2019-08-22 01:00:00,11773.0,11773.0,11773.0,29991200,29991200,29991200
2019-08-22 05:00:00,11787.6,11787.6,11787.6,29991200,29991200,29991200
2019-08-22 09:00:00,11837.5,11837.5,11837.5,29991200,29991200,29991200
2019-08-22 13:00:00,11750.5,11750.5,11750.5,29991200,29991200,29991200
2019-08-22 17:00:00,11745.0,11745.0,11745.0,29991200,29991200,29991200
2019-08-22 21:00:00,11785.3,11785.3,11785.3,29991200,29991200,29991200
2019-08-23 01:00:00,11798.0,11798.0,11798.0,29991200,29991200,29991200
2019-08-23 05:00:00,11809.0,11809.0,11809.0,29991200,29991200,29991200
2019-08-23 09:00:00,11711.6,11711.6,11711.6,29991200,29991200,29991200
2019-08-23 13:00:00,11590.7,11590.7,11590.7,29991200,29991200,29991200
2019-08-23 17:00:00,11544.6,11544.6,11544.6,29991200,29991200,29991200
2019-08-25 21:00:00,11511.5,11511.5,11511.5,29991200,29991200,29991200
2019-08-26 01:00:00,11510.0,11510.0,11510.0,29991200,29991200,29991200
2019-08-26 05:00:00,11649.8,11649.8,11649.8,29991200,29991200,29991200
2019-08-26 09:00:00,11663.4,11663.4,11663.4,29991200,29991200,29991200
2019-08-26 13:00:00,11675.6,11675.6,11675.6,29991200,29991200,29991200
2019-08-26 17:00:00,11687.7,11687.7,11687.7,29991200,29991200,29991200
2019-08-26 21:00:00,11668.9,11668.9,11668.9,29991200,29991200,29991200
2019-08-27 01:00:00,11690.9,11690.9,11690.9,29991200,29991200,29991200
2019-08-27 05:00:00,11632.8,11632.8,11632.8,29991200,29991200,29991200
2019-08-27 09:00:00,11762.6,11762.6,11762.6,29991200,29991200,29991200
2019-08-27 13:00:00,11688.8,11688.8,11688.8,29991200,29991200,29991200
2019-08-27 17:00:00,11703.7,11703.7,11703.7,29991200,29991200,29991200
2019-08-27 21:00:00,11708.3,11708.3,11708.3,29991200,29991200,29991200
2019-08-28 01:00:00,11713.8,11713.8,11713.8,29991200,29991200,29991200
2019-08-28 05:00:00,11657.2,11657.2,11657.2,29991200,29991200,29991200
2019-08-28 09:00:00,11627.5,11627.5,11627.5,29991200,29991200,29991200
2019-08-28 13:00:00,11700.6,11700.6,11700.6,29991200,29991200,29991200
2019-08-28 17:00:00,11680.9,11680.9,11680.9,29991200,29991200,29991200
2019-08-28 21:00:00,11665.6,11665.6,11665.6,29991200,29991200,29991200
2019-08-29 01:00:00,11662.8,11662.8,11662.8,29991200,29991200,29991200
2019-08-29 05:00:00,11807.9,11807.9,11807.9,29991200,29991200,29991200
2019-08-29 09:00:00,11815.9,11815.9,11815.9,29991200,29991200,29991200
2019-08-29 13:00:00,11858.3,11858.3,11858.3,29991200,29991200,29991200
2019-08-29 17:00:00,11855.2,11855.2,11855.2,29991200,29991200,29991200
2019-08-29 21:00:00,11846.3,11846.3,11846.3,29991200,29991200,29991200
2019-08-30 01:00:00,11876.8,11876.8,11876.8,29991200,29991200,29991200
2019-08-30 05:00:00,11956.5,11956.5,11956.5,29991200,29991200,29991200
2019-08-30 09:00:00,11984.3,11984.3,11984.3,29991200,29991200,29991200
2019-08-30 13:00:00,11951.8,11951.8,11951.8,29991200,29991200,29991200
2019-08-30 17:00:00,11961.9,11961.9,11961.9,29991200,29991200,29991200
2019-09-01 21:00:00,11919.0,11919.0,11919.0,29991200,29991200,29991200
2019-09-02 01:00:00,11918.8,11918.8,11918.8,29991200,29991200,29991200
2019-09-02 05:00:00,11951.5,11951.5,11951.5,29991200,29991200,29991200
2019-09-02 09:00:00,11965.9,11965.9,11965.9,29991200,29991200,29991200
2019-09-02 13:00:00,11929.8,11929.8,11929.8,29991200,29991200,29991200
2019-09-02 17:00:00,11944.5,11944.5,11944.5,29991200,29991200,29991200
2019-09-02 21:00:00,11953.8,11953.8,11953.8,29991200,29991200,29991200
2019-09-03 01:00:00,11961.8,11961.8,11961.8,29991200,29991200,29991200
2019-09-03 05:00:00,11906.3,11906.3,11906.3,29991200,29991200,29991200
2019-09-03 09:00:00,11915.7,11915.7,11915.7,29991200,29991200,29991200
2019-09-03 13:00:00,11914.8,11914.8,11914.8,29991200,29991200,29991200
2019-09-03 17:00:00,11923.3,11923.3,11923.3,29991200,29991200,29991200
2019-09-03 21:00:00,11914.3,11914.3,11914.3,29991200,29991200,29991200
2019-09-04 01:00:00,11985.1,11985.1,11985.1,29991200,29991200,29991200
2019-09-04 05:00:00,12066.8,12066.8,12066.8,29991200,29991200,29991200
2019-09-04 09:00:00,12040.5,12040.5,12040.5,29991200,29991200,29991200
2019-09-04 13:00:00,12024.3,12024.3,12024.3,29991200,29991200,29991200
2019-09-04 17:00:00,12034.6,12034.6,12034.6,29991200,29991200,29991200
2019-09-04 21:00:00,12070.8,12070.8,12070.8,29991200,29991200,29991200
2019-09-05 01:00:00,12143.5,12143.5,12143.5,29991200,29991200,29991200
2019-09-05 05:00:00,12121.6,12121.6,12121.6,29991200,29991200,29991200
2019-09-05 09:00:00,12126.5,12126.5,12126.5,29991200,29991200,29991200
2019-09-05 13:00:00,12121.5,12121.5,12121.5,29991200,29991200,29991200
2019-09-05 17:00:00,12107.2,12107.2,12107.2,29991200,29991200,29991200
2019-09-05 21:00:00,12140.5,12140.5,12140.5,29991200,29991200,29991200
2019-09-06 01:00:00,12124.5,12124.5,12124.5,29991200,29991200,29991200
2019-09-06 05:00:00,12141.5,12141.5,12141.5,29991200,29991200,29991200
2019-09-06 09:00:00,12177.8,12177.8,12177.8,29991200,29991200,29991200
2019-09-06 13:00:00,12185.9,12185.9,12185.9,29991200,29991200,29991200
2019-09-06 17:00:00,12189.5,12189.5,12189.5,29991200,29991200,29991200
2019-09-08 21:00:00,12211.7,12211.7,12211.7,29991200,29991200,29991200
2019-09-09 01:00:00,12209.7,12209.7,12209.7,29991200,29991200,29991200
2019-09-09 05:00:00,12214.7,12214.7,12214.7,29991200,29991200,29991200
2019-09-09 09:00:00,12234.2,12234.2,12234.2,29991200,29991200,29991200
2019-09-09 13:00:00,12204.9,12204.9,12204.9,29991200,29991200,29991200
2019-09-09 17:00:00,12223.1,12223.1,12223.1,29991200,29991200,29991200
2019-09-09 21:00:00,12237.1,12237.1,12237.1,29991200,29991200,29991200
2019-09-10 01:00:00,12208.9,12208.9,12208.9,29991200,29991200,29991200
2019-09-10 05:00:00,12190.9,12190.9,12190.9,29991200,29991200,29991200
2019-09-10 09:00:00,12253.8,12253.8,12253.8,29991200,29991200,29991200
2019-09-10 13:00:00,12308.9,12308.9,12308.9,29991200,29991200,29991200
2019-09-10 17:00:00,12296.0,12296.0,12296.0,29991200,29991200,29991200
2019-09-10 21:00:00,12289.1,12289.1,12289.1,29991200,29991200,29991200
2019-09-11 01:00:00,12333.9,12333.9,12333.9,29991200,29991200,29991200
2019-09-11 05:00:00,12384.7,12384.7,12384.7,29991200,29991200,29991200
2019-09-11 09:00:00,12371.6,12371.6,12371.6,29991200,29991200,29991200
2019-09-11 13:00:00,12362.1,12362.1,12362.1,29991200,29991200,29991200
2019-09-11 17:00:00,12388.3,12388.3,12388.3,29991200,29991200,29991200
2019-09-11 21:00:00,12432.1,12432.1,12432.1,29991200,29991200,29991200
2019-09-12 01:00:00,12424.1,12424.1,12424.1,29991200,29991200,29991200
2019-09-12 05:00:00,12371.4,12371.4,12371.4,29991200,29991200,29991200
2019-09-12 09:00:00,12449.5,12449.5,12449.5,29991200,29991200,29991200
2019-09-12 13:00:00,12406.3,12406.3,12406.3,29991200,29991200,29991200
2019-09-12 17:00:00,12402.5,12402.5,12402.5,29991200,29991200,29991200
2019-09-12 21:00:00,12419.5,12419.5,12419.5,29991200,29991200,29991200
2019-09-13 01:00:00,12424.5,12424.5,12424.5,29991200,29991200,29991200
2019-09-13 05:00:00,12432.6,12432.6,12432.6,29991200,29991200,29991200
2019-09-13 09:00:00,12463.4,12463.4,12463.4,29991200,29991200,29991200
2019-09-13 13:00:00,12455.3,12455.3,12455.3,29991200,29991200,29991200
2019-09-13 17:00:00,12454.5,12454.5,12454.5,29991200,29991200,29991200
2019-09-15 21:00:00,12341.3,12341.3,12341.3,29991200,29991200,29991200
2019-09-16 01:00:00,12353.8,12353.8,12353.8,29991200,29991200,29991200
2019-09-16 05:00:00,12391.8,12391.8,12391.8,29991200,29991200,29991200
2019-09-16 09:00:00,12399.1,12399.1,12399.1,29991200,29991200,29991200
2019-09-16 13:00:00,12392.7,12392.7,12392.7,29991200,29991200,29991200
2019-09-16 17:00:00,12401.5,12401.5,12401.5,29991200,29991200,29991200
2019-09-16 21:00:00,12406.0,12406.0,12406.0,29991200,29991200,29991200
2019-09-17 01:00:00,12394.2,12394.2,12394.2,29991200,29991200,29991200
2019-09-17 05:00:00,12360.7,12360.7,12360.7,29991200,29991200,29991200
2019-09-17 09:00:00,12322.0,12322.0,12322.0,29991200,29991200,29991200
2019-09-17 13:00:00,12364.2,12364.2,12364.2,29991200,29991200,29991200
2019-09-17 17:00:00,12385.5,12385.5,12385.5,29991200,29991200,29991200
2019-09-17 21:00:00,12376.2,12376.2,12376.2,29991200,29991200,29991200
2019-09-18 01:00:00,12364.7,12364.7,12364.7,29991200,29991200,29991200
2019-09-18 05:00:00,12376.9,12376.9,12376.9,29991200,29991200,29991200
2019-09-18 09:00:00,12385.3,12385.3,12385.3,29991200,29991200,29991200
2019-09-18 13:00:00,12390.4,12390.4,12390.4,29991200,29991200,29991200
2019-09-18 17:00:00,12415.6,12415.6,12415.6,29991200,29991200,29991200
2019-09-18 21:00:00,12433.4,12433.4,12433.4,29991200,29991200,29991200
2019-09-19 01:00:00,12383.1,12383.1,12383.1,29991200,29991200,29991200
2019-09-19 05:00:00,12437.9,12437.9,12437.9,29991200,29991200,29991200
2019-09-19 09:00:00,12449.3,12449.3,12449.3,29991200,29991200,29991200
2019-09-19 13:00:00,12449.0,12449.0,12449.0,29991200,29991200,29991200
2019-09-19 17:00:00,12427.9,12427.9,12427.9,29991200,29991200,29991200
2019-09-19 21:00:00,12441.5,12441.5,12441.5,29991200,29991200,29991200
2019-09-20 01:00:00,12433.7,12433.7,12433.7,29991200,29991200,29991200
2019-09-20 05:00:00,12425.3,12425.3,12425.3,29991200,29991200,29991200
2019-09-20 09:00:00,12465.3,12465.3,12465.3,29991200,29991200,29991200
2019-09-20 13:00:00,12464.0,12464.0,12464.0,29991200,29991200,29991200
2019-09-20 17:00:00,12392.8,12392.8,12392.8,29991200,29991200,29991200
2019-09-22 21:00:00,12440.7,12440.7,12440.7,29991200,29991200,29991200
2019-09-23 01:00:00,12432.5,12432.5,12432.5,29991200,29991200,29991200
2019-09-23 05:00:00,12271.4,12271.4,12271.4,29991200,29991200,29991200
2019-09-23 09:00:00,12334.2,12334.2,12334.2,29991200,29991200,29991200
2019-09-23 13:00:00,12352.0,12352.0,12352.0,29991200,29991200,29991200
2019-09-23 17:00:00,12383.6,12383.6,12383.6,29991200,29991200,29991200
2019-09-23 21:00:00,12386.5,12386.5,12386.5,29991200,29991200,29991200
2019-09-24 01:00:00,12374.5,12374.5,12374.5,29991200,29991200,29991200
2019-09-24 05:00:00,12348.4,12348.4,12348.4,29991200,29991200,29991200
2019-09-24 09:00:00,12336.9,12336.9,12336.9,29991200,29991200,29991200
2019-09-24 13:00:00,12237.7,12237.7,12237.7,29991200,29991200,29991200
2019-09-24 17:00:00,12258.0,12258.0,12258.0,29991200,29991200,29991200
2019-09-24 21:00:00,12258.7,12258.7,12258.7,29991200,29991200,29991200
2019-09-25 01:00:00,12278.7,12278.7,12278.7,29991200,29991200,29991200
2019-09-25 05:00:00,12154.0,12154.0,12154.0,29991200,29991200,29991200
2019-09-25 09:00:00,12193.5,12193.5,12193.5,29991200,29991200,29991200
2019-09-25 13:00:00,12241.1,12241.1,12241.1,29991200,29991200,29991200
2019-09-25 17:00:00,12258.9,12258.9,12258.9,29991200,29991200,29991200
2019-09-25 21:00:00,12249.6,12249.6,12249.6,29991200,29991200,29991200
2019-09-26 01:00:00,12231.1,12231.1,12231.1,29991200,29991200,29991200
2019-09-26 05:00:00,12302.9,12302.9,12302.9,29991200,29991200,29991200
2019-09-26 09:00:00,12304.7,12304.7,12304.7,29991200,29991200,29991200
2019-09-26 13:00:00,12303.8,12303.8,12303.8,29991200,29991200,29991200
2019-09-26 17:00:00,12318.3,12318.3,12318.3,29991200,29991200,29991200
2019-09-26 21:00:00,12303.3,12303.3,12303.3,29991200,29991200,29991200
2019-09-27 01:00:00,12290.0,12290.0,12290.0,29991200,29991200,29991200
2019-09-27 05:00:00,12357.3,12357.3,12357.3,29991200,29991200,29991200
2019-09-27 09:00:00,12385.7,12385.7,12385.7,29991200,29991200,29991200
2019-09-27 13:00:00,12320.4,12320.4,12320.4,29991200,29991200,29991200
2019-09-27 17:00:00,12344.6,12344.6,12344.6,29991200,29991200,29991200
2019-09-29 21:00:00,12358.6,12358.6,12358.6,29991200,29991200,29991200
2019-09-30 01:00:00,12358.9,12358.9,12358.9,29991200,29991200,29991200
2019-09-30 05:00:00,12385.5,12385.5,12385.5,29991200,29991200,29991200
2019-09-30 09:00:00,12389.6,12389.6,12389.6,29991200,29991200,29991200
2019-09-30 13:00:00,12438.8,12438.8,12438.8,29991200,29991200,29991200
2019-09-30 17:00:00,12447.2,12447.2,12447.2,29991200,29991200,29991200
2019-09-30 21:00:00,12453.8,12453.8,12453.8,29991200,29991200,29991200
2019-10-01 01:00:00,12477.5,12477.5,12477.5,29991200,29991200,29991200
2019-10-01 05:00:00,12429.9,12429.9,12429.9,29991200,29991200,29991200
2019-10-01 09:00:00,12409.2,12409.2,12409.2,29991200,29991200,29991200
2019-10-01 13:00:00,12248.3,12248.3,12248.3,29991200,29991200,29991200
2019-10-01 17:00:00,12242.8,12242.8,12242.8,29991200,29991200,29991200
2019-10-01 21:00:00,12255.1,12255.1,12255.1,29991200,29991200,29991200
2019-10-02 01:00:00,12252.6,12252.6,12252.6,29991200,29991200,29991200
2019-10-02 05:00:00,12138.6,12138.6,12138.6,29991200,29991200,29991200
2019-10-02 09:00:00,12055.5,12055.5,12055.5,29991200,29991200,29991200
2019-10-02 13:00:00,11909.1,11909.1,11909.1,29991200,29991200,29991200
2019-10-02 17:00:00,11911.5,11911.5,11911.5,29991200,29991200,29991200
2019-10-02 21:00:00,11907.1,11907.1,11907.1,29991200,29991200,29991200
2019-10-03 01:00:00,11911.6,11911.6,11911.6,29991200,29991200,29991200
2019-10-03 05:00:00,11950.6,11950.6,11950.6,29991200,29991200,29991200
2019-10-03 09:00:00,11920.6,11920.6,11920.6,29991200,29991200,29991200
2019-10-03 13:00:00,11949.1,11949.1,11949.1,29991200,29991200,29991200
2019-10-03 17:00:00,11976.3,11976.3,11976.3,29991200,29991200,29991200
2019-10-03 21:00:00,11963.9,11963.9,11963.9,29991200,29991200,29991200
2019-10-04 01:00:00,11977.4,11977.4,11977.4,29991200,29991200,29991200
2019-10-04 05:00:00,11932.9,11932.9,11932.9,29991200,29991200,29991200
2019-10-04 09:00:00,11991.5,11991.5,11991.5,29991200,29991200,29991200
2019-10-04 13:00:00,12009.0,12009.0,12009.0,29991200,29991200,29991200
2019-10-04 17:00:00,12061.2,12061.2,12061.2,29991200,29991200,29991200
2019-10-06 21:00:00,12005.0,12005.0,12005.0,29991200,29991200,29991200
2019-10-07 01:00:00,12018.2,12018.2,12018.2,29991200,29991200,29991200
2019-10-07 05:00:00,12002.5,12002.5,12002.5,29991200,29991200,29991200
2019-10-07 09:00:00,12021.9,12021.9,12021.9,29991200,29991200,29991200
2019-10-07 13:00:00,12098.5,12098.5,12098.5,29991200,29991200,29991200
2019-10-07 17:00:00,12077.9,12077.9,12077.9,29991200,29991200,29991200
2019-10-07 21:00:00,12108.3,12108.3,12108.3,29991200,29991200,29991200
2019-10-08 01:00:00,12124.0,12124.0,12124.0,29991200,29991200,29991200
2019-10-08 05:00:00,12054.6,12054.6,12054.6,29991200,29991200,29991200
2019-10-08 09:00:00,11983.8,11983.8,11983.8,29991200,29991200,29991200
2019-10-08 13:00:00,12007.1,12007.1,12007.1,29991200,29991200,29991200
2019-10-08 17:00:00,11971.9,11971.9,11971.9,29991200,29991200,29991200
2019-10-08 21:00:00,11988.6,11988.6,11988.6,29991200,29991200,29991200
2019-10-09 01:00:00,11988.3,11988.3,11988.3,29991200,29991200,29991200
2019-10-09 05:00:00,12058.3,12058.3,12058.3,29991200,29991200,29991200
2019-10-09 09:00:00,12122.2,12122.2,12122.2,29991200,29991200,29991200
2019-10-09 13:00:00,12111.0,12111.0,12111.0,29991200,29991200,29991200
2019-10-09 17:00:00,12108.8,12108.8,12108.8,29991200,29991200,29991200
2019-10-09 21:00:00,12031.5,12031.5,12031.5,29991200,29991200,29991200
2019-10-10 01:00:00,12087.3,12087.3,12087.3,29991200,29991200,29991200
2019-10-10 05:00:00,12110.1,12110.1,12110.1,29991200,29991200,29991200
2019-10-10 09:00:00,12078.4,12078.4,12078.4,29991200,29991200,29991200
2019-10-10 13:00:00,12155.9,12155.9,12155.9,29991200,29991200,29991200
2019-10-10 17:00:00,12200.1,12200.1,12200.1,29991200,29991200,29991200
2019-10-10 21:00:00,12177.2,12177.2,12177.2,29991200,29991200,29991200
2019-10-11 01:00:00,12207.7,12207.7,12207.7,29991200,29991200,29991200
2019-10-11 05:00:00,12376.4,12376.4,12376.4,29991200,29991200,29991200
2019-10-11 09:00:00,12408.0,12408.0,12408.0,29991200,29991200,29991200
2019-10-11 13:00:00,12490.6,12490.6,12490.6,29991200,29991200,29991200
2019-10-11 17:00:00,12475.7,12475.7,12475.7,29991200,29991200,29991200
2019-10-13 21:00:00,12477.1,12477.1,12477.1,29991200,29991200,29991200
2019-10-14 01:00:00,12488.3,12488.3,12488.3,29991200,29991200,29991200
2019-10-14 05:00:00,12449.6,12449.6,12449.6,29991200,29991200,29991200
2019-10-14 09:00:00,12450.4,12450.4,12450.4,29991200,29991200,29991200
2019-10-14 13:00:00,12484.5,12484.5,12484.5,29991200,29991200,29991200
2019-10-14 17:00:00,12477.6,12477.6,12477.6,29991200,29991200,29991200
2019-10-14 21:00:00,12490.0,12490.0,12490.0,29991200,29991200,29991200
2019-10-15 01:00:00,12501.5,12501.5,12501.5,29991200,29991200,29991200
2019-10-15 05:00:00,12520.8,12520.8,12520.8,29991200,29991200,29991200
2019-10-15 09:00:00,12544.2,12544.2,12544.2,29991200,29991200,29991200
2019-10-15 13:00:00,12646.3,12646.3,12646.3,29991200,29991200,29991200
2019-10-15 17:00:00,12640.5,12640.5,12640.5,29991200,29991200,29991200
2019-10-15 21:00:00,12617.8,12617.8,12617.8,29991200,29991200,29991200
2019-10-16 01:00:00,12609.8,12609.8,12609.8,29991200,29991200,29991200
2019-10-16 05:00:00,12635.5,12635.5,12635.5,29991200,29991200,29991200
2019-10-16 09:00:00,12675.2,12675.2,12675.2,29991200,29991200,29991200
2019-10-16 13:00:00,12665.3,12665.3,12665.3,29991200,29991200,29991200
2019-10-16 17:00:00,12670.4,12670.4,12670.4,29991200,29991200,29991200
2019-10-16 21:00:00,12654.3,12654.3,12654.3,29991200,29991200,29991200
2019-10-17 01:00:00,12659.1,12659.1,12659.1,29991200,29991200,29991200
2019-10-17 05:00:00,12686.7,12686.7,12686.7,29991200,29991200,29991200
2019-10-17 09:00:00,12715.5,12715.5,12715.5,29991200,29991200,29991200
2019-10-17 13:00:00,12647.2,12647.2,12647.2,29991200,29991200,29991200
2019-10-17 17:00:00,12656.8,12656.8,12656.8,29991200,29991200,29991200
2019-10-17 21:00:00,12652.7,12652.7,12652.7,29991200,29991200,29991200
2019-10-18 01:00:00,12640.7,12640.7,12640.7,29991200,29991200,29991200
2019-10-18 05:00:00,12666.4,12666.4,12666.4,29991200,29991200,29991200
2019-10-18 09:00:00,12654.9,12654.9,12654.9,29991200,29991200,29991200
2019-10-18 13:00:00,12628.8,12628.8,12628.8,29991200,29991200,29991200
2019-10-18 17:00:00,12664.0,12664.0,12664.0,29991200,29991200,29991200
2019-10-20 21:00:00,12677.3,12677.3,12677.3,29991200,29991200,29991200
2019-10-21 01:00:00,12678.5,12678.5,12678.5,29991200,29991200,29991200
2019-10-21 05:00:00,12698.4,12698.4,12698.4,29991200,29991200,29991200
2019-10-21 09:00:00,12763.2,12763.2,12763.2,29991200,29991200,29991200
2019-10-21 13:00:00,12747.9,12747.9,12747.9,29991200,29991200,29991200
2019-10-21 17:00:00,12754.0,12754.0,12754.0,29991200,29991200,29991200
2019-10-21 21:00:00,12781.7,12781.7,12781.7,29991200,29991200,29991200
2019-10-22 01:00:00,12788.9,12788.9,12788.9,29991200,29991200,29991200
2019-10-22 05:00:00,12756.8,12756.8,12756.8,29991200,29991200,29991200
2019-10-22 09:00:00,12748.0,12748.0,12748.0,29991200,29991200,29991200
2019-10-22 13:00:00,12764.1,12764.1,12764.1,29991200,29991200,29991200
2019-10-22 17:00:00,12686.1,12686.1,12686.1,29991200,29991200,29991200
2019-10-22 21:00:00,12672.6,12672.6,12672.6,29991200,29991200,29991200
2019-10-23 01:00:00,12669.9,12669.9,12669.9,29991200,29991200,29991200
2019-10-23 05:00:00,12757.3,12757.3,12757.3,29991200,29991200,29991200
2019-10-23 09:00:00,12751.2,12751.2,12751.2,29991200,29991200,29991200
2019-10-23 13:00:00,12799.6,12799.6,12799.6,29991200,29991200,29991200
2019-10-23 17:00:00,12819.2,12819.2,12819.2,29991200,29991200,29991200
2019-10-23 21:00:00,12811.6,12811.6,12811.6,29991200,29991200,29991200
2019-10-24 01:00:00,12807.3,12807.3,12807.3,29991200,29991200,29991200
2019-10-24 05:00:00,12871.5,12871.5,12871.5,29991200,29991200,29991200
2019-10-24 09:00:00,12856.7,12856.7,12856.7,29991200,29991200,29991200
2019-10-24 13:00:00,12859.0,12859.0,12859.0,29991200,29991200,29991200
2019-10-24 17:00:00,12849.8,12849.8,12849.8,29991200,29991200,29991200
2019-10-24 21:00:00,12858.5,12858.5,12858.5,29991200,29991200,29991200
2019-10-25 01:00:00,12865.5,12865.5,12865.5,29991200,29991200,29991200
2019-10-25 05:00:00,12851.4,12851.4,12851.4,29991200,29991200,29991200
2019-10-25 09:00:00,12852.0,12852.0,12852.0,29991200,29991200,29991200
2019-10-25 13:00:00,12890.0,12890.0,12890.0,29991200,29991200,29991200
2019-10-25 17:00:00,12896.3,12896.3,12896.3,29991200,29991200,29991200
2019-10-27 21:00:00,12901.0,12901.0,12901.0,29991200,29991200,29991200
2019-10-28 01:00:00,12904.3,12904.3,12904.3,29991200,29991200,29991200
2019-10-28 05:00:00,12907.9,12907.9,12907.9,29991200,29991200,29991200
2019-10-28 09:00:00,12953.9,12953.9,12953.9,29991200,29991200,29991200
2019-10-28 13:00:00,12950.3,12950.3,12950.3,29991200,29991200,29991200
2019-10-28 17:00:00,12957.1,12957.1,12957.1,29991200,29991200,29991200
2019-10-28 21:00:00,12960.1,12960.1,12960.1,29991200,29991200,29991200
2019-10-29 01:00:00,12952.1,12952.1,12952.1,29991200,29991200,29991200
2019-10-29 05:00:00,12916.2,12916.2,12916.2,29991200,29991200,29991200
2019-10-29 09:00:00,12930.4,12930.4,12930.4,29991200,29991200,29991200
2019-10-29 13:00:00,12941.7,12941.7,12941.7,29991200,29991200,29991200
2019-10-29 17:00:00,12934.9,12934.9,12934.9,29991200,29991200,29991200
2019-10-29 21:00:00,12915.2,12915.2,12915.2,29991200,29991200,29991200
2019-10-30 01:00:00,12913.2,12913.2,12913.2,29991200,29991200,29991200
2019-10-30 05:00:00,12905.9,12905.9,12905.9,29991200,29991200,29991200
2019-10-30 09:00:00,12909.1,12909.1,12909.1,29991200,29991200,29991200
2019-10-30 13:00:00,12905.3,12905.3,12905.3,29991200,29991200,29991200
2019-10-30 17:00:00,12939.8,12939.8,12939.8,29991200,29991200,29991200
2019-10-30 21:00:00,12929.0,12929.0,12929.0,29991200,29991200,29991200
2019-10-31 01:00:00,12919.8,12919.8,12919.8,29991200,29991200,29991200
2019-10-31 05:00:00,12913.3,12913.3,12913.3,29991200,29991200,29991200
2019-10-31 09:00:00,12902.6,12902.6,12902.6,29991200,29991200,29991200
2019-10-31 13:00:00,12867.0,12867.0,12867.0,29991200,29991200,29991200
2019-10-31 17:00:00,12895.0,12895.0,12895.0,29991200,29991200,29991200
2019-10-31 21:00:00,12916.0,12916.0,12916.0,29991200,29991200,29991200
2019-11-01 01:00:00,12929.7,12929.7,12929.7,29991200,29991200,29991200
2019-11-01 05:00:00,12916.8,12916.8,12916.8,29991200,29991200,29991200
2019-11-01 09:00:00,12954.7,12954.7,12954.7,29991200,29991200,29991200
2019-11-01 13:00:00,12958.6,12958.6,12958.6,29991200,29991200,29991200
2019-11-01 17:00:00,12978.4,12978.4,12978.4,29991200,29991200,29991200
2019-11-03 22:00:00,13003.4,13003.4,13003.4,29991200,29991200,29991200
2019-11-04 02:00:00,13016.6,13016.6,13016.6,29991200,29991200,29991200
2019-11-04 06:00:00,13088.4,13088.4,13088.4,29991200,29991200,29991200
2019-11-04 10:00:00,13154.4,13154.4,13154.4,29991200,29991200,29991200
2019-11-04 14:00:00,13127.1,13127.1,13127.1,29991200,29991200,29991200
2019-11-04 18:00:00,13128.1,13128.1,13128.1,29991200,29991200,29991200
2019-11-04 22:00:00,13126.8,13126.8,13126.8,29991200,29991200,29991200
2019-11-05 02:00:00,13148.6,13148.6,13148.6,29991200,29991200,29991200
2019-11-05 06:00:00,13154.8,13154.8,13154.8,29991200,29991200,29991200
2019-11-05 10:00:00,13144.0,13144.0,13144.0,29991200,29991200,29991200
2019-11-05 14:00:00,13148.7,13148.7,13148.7,29991200,29991200,29991200
2019-11-05 18:00:00,13140.7,13140.7,13140.7,29991200,29991200,29991200
2019-11-05 22:00:00,13117.7,13117.7,13117.7,29991200,29991200,29991200
2019-11-06 02:00:00,13137.9,13137.9,13137.9,29991200,29991200,29991200
2019-11-06 06:00:00,13120.0,13120.0,13120.0,29991200,29991200,29991200
2019-11-06 10:00:00,13175.7,13175.7,13175.7,29991200,29991200,29991200
2019-11-06 14:00:00,13152.5,13152.5,13152.5,29991200,29991200,29991200
2019-11-06 18:00:00,13178.6,13178.6,13178.6,29991200,29991200,29991200
2019-11-06 22:00:00,13162.5,13162.5,13162.5,29991200,29991200,29991200
2019-11-07 02:00:00,13175.0,13175.0,13175.0,29991200,29991200,29991200
2019-11-07 06:00:00,13285.9,13285.9,13285.9,29991200,29991200,29991200
2019-11-07 10:00:00,13269.0,13269.0,13269.0,29991200,29991200,29991200
2019-11-07 14:00:00,13289.6,13289.6,13289.6,29991200,29991200,29991200
2019-11-07 18:00:00,13274.4,13274.4,13274.4,29991200,29991200,29991200
2019-11-07 22:00:00,13240.8,13240.8,13240.8,29991200,29991200,29991200
2019-11-08 02:00:00,13240.3,13240.3,13240.3,29991200,29991200,29991200
2019-11-08 06:00:00,13254.3,13254.3,13254.3,29991200,29991200,29991200
2019-11-08 10:00:00,13241.0,13241.0,13241.0,29991200,29991200,29991200
2019-11-08 14:00:00,13242.2,13242.2,13242.2,29991200,29991200,29991200
2019-11-08 18:00:00,13245.4,13245.4,13245.4,29991200,29991200,29991200
2019-11-10 22:00:00,13213.5,13213.5,13213.5,29991200,29991200,29991200
2019-11-11 02:00:00,13212.2,13212.2,13212.2,29991200,29991200,29991200
2019-11-11 06:00:00,13183.5,13183.5,13183.5,29991200,29991200,29991200
2019-11-11 10:00:00,13190.2,13190.2,13190.2,29991200,29991200,29991200
2019-11-11 14:00:00,13213.0,13213.0,13213.0,29991200,29991200,29991200
2019-11-11 18:00:00,13222.6,13222.6,13222.6,29991200,29991200,29991200
2019-11-11 22:00:00,13190.0,13190.0,13190.0,29991200,29991200,29991200
2019-11-12 02:00:00,13248.7,13248.7,13248.7,29991200,29991200,29991200
2019-11-12 06:00:00,13236.0,13236.0,13236.0,29991200,29991200,29991200
2019-11-12 10:00:00,13273.1,13273.1,13273.1,29991200,29991200,29991200
2019-11-12 14:00:00,13276.1,13276.1,13276.1,29991200,29991200,29991200
2019-11-12 18:00:00,13265.6,13265.6,13265.6,29991200,29991200,29991200
2019-11-12 22:00:00,13225.9,13225.9,13225.9,29991200,29991200,29991200
2019-11-13 02:00:00,13222.1,13222.1,13222.1,29991200,29991200,29991200
2019-11-13 06:00:00,13145.9,13145.9,13145.9,29991200,29991200,29991200
2019-11-13 10:00:00,13213.3,13213.3,13213.3,29991200,29991200,29991200
2019-11-13 14:00:00,13248.6,13248.6,13248.6,29991200,29991200,29991200
2019-11-13 18:00:00,13249.4,13249.4,13249.4,29991200,29991200,29991200
2019-11-13 22:00:00,13261.6,13261.6,13261.6,29991200,29991200,29991200
2019-11-14 02:00:00,13240.6,13240.6,13240.6,29991200,29991200,29991200
2019-11-14 06:00:00,13193.4,13193.4,13193.4,29991200,29991200,29991200
2019-11-14 10:00:00,13167.3,13167.3,13167.3,29991200,29991200,29991200
2019-11-14 14:00:00,13183.7,13183.7,13183.7,29991200,29991200,29991200
2019-11-14 18:00:00,13201.0,13201.0,13201.0,29991200,29991200,29991200
2019-11-14 22:00:00,13248.2,13248.2,13248.2,29991200,29991200,29991200
2019-11-15 02:00:00,13253.7,13253.7,13253.7,29991200,29991200,29991200
2019-11-15 06:00:00,13232.9,13232.9,13232.9,29991200,29991200,29991200
2019-11-15 10:00:00,13203.6,13203.6,13203.6,29991200,29991200,29991200
2019-11-15 14:00:00,13230.7,13230.7,13230.7,29991200,29991200,29991200
2019-11-15 18:00:00,13235.9,13235.9,13235.9,29991200,29991200,29991200
2019-11-17 22:00:00,13240.7,13240.7,13240.7,29991200,29991200,29991200
2019-11-18 02:00:00,13227.0,13227.0,13227.0,29991200,29991200,29991200
2019-11-18 06:00:00,13222.3,13222.3,13222.3,29991200,29991200,29991200
2019-11-18 10:00:00,13179.8,13179.8,13179.8,29991200,29991200,29991200
2019-11-18 14:00:00,13212.6,13212.6,13212.6,29991200,29991200,29991200
2019-11-18 18:00:00,13207.6,13207.6,13207.6,29991200,29991200,29991200
2019-11-18 22:00:00,13209.6,13209.6,13209.6,29991200,29991200,29991200
2019-11-19 02:00:00,13222.8,13222.8,13222.8,29991200,29991200,29991200
2019-11-19 06:00:00,13366.3,13366.3,13366.3,29991200,29991200,29991200
2019-11-19 10:00:00,13317.2,13317.2,13317.2,29991200,29991200,29991200
2019-11-19 14:00:00,13214.4,13214.4,13214.4,29991200,29991200,29991200
2019-11-19 18:00:00,13189.5,13189.5,13189.5,29991200,29991200,29991200
2019-11-19 22:00:00,13170.2,13170.2,13170.2,29991200,29991200,29991200
2019-11-20 02:00:00,13186.2,13186.2,13186.2,29991200,29991200,29991200
2019-11-20 06:00:00,13099.0,13099.0,13099.0,29991200,29991200,29991200
2019-11-20 10:00:00,13131.2,13131.2,13131.2,29991200,29991200,29991200
2019-11-20 14:00:00,13121.0,13121.0,13121.0,29991200,29991200,29991200
2019-11-20 18:00:00,13130.2,13130.2,13130.2,29991200,29991200,29991200
2019-11-20 22:00:00,13053.0,13053.0,13053.0,29991200,29991200,29991200
2019-11-21 02:00:00,13100.7,13100.7,13100.7,29991200,29991200,29991200
2019-11-21 06:00:00,13099.4,13099.4,13099.4,29991200,29991200,29991200
2019-11-21 10:00:00,13138.8,13138.8,13138.8,29991200,29991200,29991200
2019-11-21 14:00:00,13160.4,13160.4,13160.4,29991200,29991200,29991200
2019-11-21 18:00:00,13164.9,13164.9,13164.9,29991200,29991200,29991200
2019-11-21 22:00:00,13187.7,13187.7,13187.7,29991200,29991200,29991200
2019-11-22 02:00:00,13160.7,13160.7,13160.7,29991200,29991200,29991200
2019-11-22 06:00:00,13171.3,13171.3,13171.3,29991200,29991200,29991200
2019-11-22 10:00:00,13179.9,13179.9,13179.9,29991200,29991200,29991200
2019-11-22 14:00:00,13183.4,13183.4,13183.4,29991200,29991200,29991200
2019-11-22 18:00:00,13187.6,13187.6,13187.6,29991200,29991200,29991200
2019-11-24 22:00:00,13241.9,13241.9,13241.9,29991200,29991200,29991200
2019-11-25 02:00:00,13236.9,13236.9,13236.9,29991200,29991200,29991200
2019-11-25 06:00:00,13227.6,13227.6,13227.6,29991200,29991200,29991200
2019-11-25 10:00:00,13235.7,13235.7,13235.7,29991200,29991200,29991200
2019-11-25 14:00:00,13247.9,13247.9,13247.9,29991200,29991200,29991200
2019-11-25 18:00:00,13259.4,13259.4,13259.4,29991200,29991200,29991200
2019-11-25 22:00:00,13296.4,13296.4,13296.4,29991200,29991200,29991200
2019-11-26 02:00:00,13256.9,13256.9,13256.9,29991200,29991200,29991200
2019-11-26 06:00:00,13209.8,13209.8,13209.8,29991200,29991200,29991200
2019-11-26 10:00:00,13233.1,13233.1,13233.1,29991200,29991200,29991200
2019-11-26 14:00:00,13249.3,13249.3,13249.3,29991200,29991200,29991200
2019-11-26 18:00:00,13262.2,13262.2,13262.2,29991200,29991200,29991200
2019-11-26 22:00:00,13259.1,13259.1,13259.1,29991200,29991200,29991200
2019-11-27 02:00:00,13257.3,13257.3,13257.3,29991200,29991200,29991200
2019-11-27 06:00:00,13304.3,13304.3,13304.3,29991200,29991200,29991200
2019-11-27 10:00:00,13275.3,13275.3,13275.3,29991200,29991200,29991200
2019-11-27 14:00:00,13287.1,13287.1,13287.1,29991200,29991200,29991200
2019-11-27 18:00:00,13302.3,13302.3,13302.3,29991200,29991200,29991200
2019-11-27 22:00:00,13267.1,13267.1,13267.1,29991200,29991200,29991200
2019-11-28 02:00:00,13252.6,13252.6,13252.6,29991200,29991200,29991200
2019-11-28 06:00:00,13240.6,13240.6,13240.6,29991200,29991200,29991200
2019-11-28 10:00:00,13236.1,13236.1,13236.1,29991200,29991200,29991200
2019-11-28 14:00:00,13247.0,13247.0,13247.0,29991200,29991200,29991200
2019-11-28 18:00:00,13253.3,13253.3,13253.3,29991200,29991200,29991200
2019-11-28 22:00:00,13223.2,13223.2,13223.2,29991200,29991200,29991200
2019-11-29 02:00:00,13201.5,13201.5,13201.5,29991200,29991200,29991200
2019-11-29 06:00:00,13226.7,13226.7,13226.7,29991200,29991200,29991200
2019-11-29 10:00:00,13269.5,13269.5,13269.5,29991200,29991200,29991200
2019-11-29 14:00:00,13223.3,13223.3,13223.3,29991200,29991200,29991200
2019-11-29 18:00:00,13225.9,13225.9,13225.9,29991200,29991200,29991200
2019-12-01 22:00:00,13287.1,13287.1,13287.1,29991200,29991200,29991200
2019-12-02 02:00:00,13277.3,13277.3,13277.3,29991200,29991200,29991200
2019-12-02 06:00:00,13311.6,13311.6,13311.6,29991200,29991200,29991200
2019-12-02 10:00:00,13150.7,13150.7,13150.7,29991200,29991200,29991200
2019-12-02 14:00:00,12986.9,12986.9,12986.9,29991200,29991200,29991200
2019-12-02 18:00:00,12985.1,12985.1,12985.1,29991200,29991200,29991200
2019-12-02 22:00:00,13004.6,13004.6,13004.6,29991200,29991200,29991200
2019-12-03 02:00:00,13037.6,13037.6,13037.6,29991200,29991200,29991200
2019-12-03 06:00:00,13068.2,13068.2,13068.2,29991200,29991200,29991200
2019-12-03 10:00:00,12977.7,12977.7,12977.7,29991200,29991200,29991200
2019-12-03 14:00:00,13010.4,13010.4,13010.4,29991200,29991200,29991200
2019-12-03 18:00:00,13048.8,13048.8,13048.8,29991200,29991200,29991200
2019-12-03 22:00:00,13032.4,13032.4,13032.4,29991200,29991200,29991200
2019-12-04 02:00:00,13053.4,13053.4,13053.4,29991200,29991200,29991200
2019-12-04 06:00:00,13142.8,13142.8,13142.8,29991200,29991200,29991200
2019-12-04 10:00:00,13112.7,13112.7,13112.7,29991200,29991200,29991200
2019-12-04 14:00:00,13160.3,13160.3,13160.3,29991200,29991200,29991200
2019-12-04 18:00:00,13147.3,13147.3,13147.3,29991200,29991200,29991200
2019-12-04 22:00:00,13145.8,13145.8,13145.8,29991200,29991200,29991200
2019-12-05 02:00:00,13140.3,13140.3,13140.3,29991200,29991200,29991200
2019-12-05 06:00:00,13142.4,13142.4,13142.4,29991200,29991200,29991200
2019-12-05 10:00:00,13134.6,13134.6,13134.6,29991200,29991200,29991200
2019-12-05 14:00:00,13064.6,13064.6,13064.6,29991200,29991200,29991200
2019-12-05 18:00:00,13076.9,13076.9,13076.9,29991200,29991200,29991200
2019-12-05 22:00:00,13113.6,13113.6,13113.6,29991200,29991200,29991200
2019-12-06 02:00:00,13102.3,13102.3,13102.3,29991200,29991200,29991200
2019-12-06 06:00:00,13096.2,13096.2,13096.2,29991200,29991200,29991200
2019-12-06 10:00:00,13142.3,13142.3,13142.3,29991200,29991200,29991200
2019-12-06 14:00:00,13175.9,13175.9,13175.9,29991200,29991200,29991200
2019-12-06 18:00:00,13179.6,13179.6,13179.6,29991200,29991200,29991200
2019-12-08 22:00:00,13151.6,13151.6,13151.6,29991200,29991200,29991200
2019-12-09 02:00:00,13161.4,13161.4,13161.4,29991200,29991200,29991200
2019-12-09 06:00:00,13152.0,13152.0,13152.0,29991200,29991200,29991200
2019-12-09 10:00:00,13134.6,13134.6,13134.6,29991200,29991200,29991200
2019-12-09 14:00:00,13101.7,13101.7,13101.7,29991200,29991200,29991200
2019-12-09 18:00:00,13062.8,13062.8,13062.8,29991200,29991200,29991200
2019-12-09 22:00:00,13078.9,13078.9,13078.9,29991200,29991200,29991200
2019-12-10 02:00:00,13081.9,13081.9,13081.9,29991200,29991200,29991200
2019-12-10 06:00:00,12912.4,12912.4,12912.4,29991200,29991200,29991200
2019-12-10 10:00:00,13021.5,13021.5,13021.5,29991200,29991200,29991200
2019-12-10 14:00:00,13077.7,13077.7,13077.7,29991200,29991200,29991200
2019-12-10 18:00:00,13079.3,13079.3,13079.3,29991200,29991200,29991200
2019-12-10 22:00:00,13049.8,13049.8,13049.8,29991200,29991200,29991200
2019-12-11 02:00:00,13075.3,13075.3,13075.3,29991200,29991200,29991200
2019-12-11 06:00:00,13078.8,13078.8,13078.8,29991200,29991200,29991200
2019-12-11 10:00:00,13140.5,13140.5,13140.5,29991200,29991200,29991200
2019-12-11 14:00:00,13147.9,13147.9,13147.9,29991200,29991200,29991200
2019-12-11 18:00:00,13145.2,13145.2,13145.2,29991200,29991200,29991200
2019-12-11 22:00:00,13150.9,13150.9,13150.9,29991200,29991200,29991200
2019-12-12 02:00:00,13149.1,13149.1,13149.1,29991200,29991200,29991200
2019-12-12 06:00:00,13201.5,13201.5,13201.5,29991200,29991200,29991200
2019-12-12 10:00:00,13112.0,13112.0,13112.0,29991200,29991200,29991200
2019-12-12 14:00:00,13215.7,13215.7,13215.7,29991200,29991200,29991200
2019-12-12 18:00:00,13266.9,13266.9,13266.9,29991200,29991200,29991200
2019-12-12 22:00:00,13317.4,13317.4,13317.4,29991200,29991200,29991200
2019-12-13 02:00:00,13376.2,13376.2,13376.2,29991200,29991200,29991200
2019-12-13 06:00:00,13387.0,13387.0,13387.0,29991200,29991200,29991200
2019-12-13 10:00:00,13338.8,13338.8,13338.8,29991200,29991200,29991200
2019-12-13 14:00:00,13322.0,13322.0,13322.0,29991200,29991200,29991200
2019-12-13 18:00:00,13310.5,13310.5,13310.5,29991200,29991200,29991200
2019-12-15 22:00:00,13324.2,13324.2,13324.2,29991200,29991200,29991200
2019-12-16 02:00:00,13325.0,13325.0,13325.0,29991200,29991200,29991200
2019-12-16 06:00:00,13362.4,13362.4,13362.4,29991200,29991200,29991200
2019-12-16 10:00:00,13377.6,13377.6,13377.6,29991200,29991200,29991200
2019-12-16 14:00:00,13397.1,13397.1,13397.1,29991200,29991200,29991200
2019-12-16 18:00:00,13398.6,13398.6,13398.6,29991200,29991200,29991200
2019-12-16 22:00:00,13379.3,13379.3,13379.3,29991200,29991200,29991200
2019-12-17 02:00:00,13401.3,13401.3,13401.3,29991200,29991200,29991200
2019-12-17 06:00:00,13332.2,13332.2,13332.2,29991200,29991200,29991200
2019-12-17 10:00:00,13336.0,13336.0,13336.0,29991200,29991200,29991200
2019-12-17 14:00:00,13298.4,13298.4,13298.4,29991200,29991200,29991200
2019-12-17 18:00:00,13277.3,13277.3,13277.3,29991200,29991200,29991200
2019-12-17 22:00:00,13260.9,13260.9,13260.9,29991200,29991200,29991200
2019-12-18 02:00:00,13264.2,13264.2,13264.2,29991200,29991200,29991200
2019-12-18 06:00:00,13277.8,13277.8,13277.8,29991200,29991200,29991200
2019-12-18 10:00:00,13235.3,13235.3,13235.3,29991200,29991200,29991200
2019-12-18 14:00:00,13218.8,13218.8,13218.8,29991200,29991200,29991200
2019-12-18 18:00:00,13226.8,13226.8,13226.8,29991200,29991200,29991200
2019-12-18 22:00:00,13211.5,13211.5,13211.5,29991200,29991200,29991200
2019-12-19 02:00:00,13221.5,13221.5,13221.5,29991200,29991200,29991200
2019-12-19 06:00:00,13202.0,13202.0,13202.0,29991200,29991200,29991200
2019-12-19 10:00:00,13165.6,13165.6,13165.6,29991200,29991200,29991200
2019-12-19 14:00:00,13198.1,13198.1,13198.1,29991200,29991200,29991200
2019-12-19 18:00:00,13228.8,13228.8,13228.8,29991200,29991200,29991200
2019-12-19 22:00:00,13223.4,13223.4,13223.4,29991200,29991200,29991200
2019-12-20 02:00:00,13212.6,13212.6,13212.6,29991200,29991200,29991200
2019-12-20 06:00:00,13231.9,13231.9,13231.9,29991200,29991200,29991200
2019-12-20 10:00:00,13285.6,13285.6,13285.6,29991200,29991200,29991200
2019-12-20 14:00:00,13314.4,13314.4,13314.4,29991200,29991200,29991200
2019-12-20 18:00:00,13300.4,13300.4,13300.4,29991200,29991200,29991200
2019-12-22 22:00:00,13315.4,13315.4,13315.4,29991200,29991200,29991200
2019-12-23 02:00:00,13301.9,13301.9,13301.9,29991200,29991200,29991200
2019-12-23 06:00:00,13295.7,13295.7,13295.7,29991200,29991200,29991200
2019-12-23 10:00:00,13291.9,13291.9,13291.9,29991200,29991200,29991200
2019-12-23 14:00:00,13299.2,13299.2,13299.2,29991200,29991200,29991200
2019-12-23 18:00:00,13294.0,13294.0,13294.0,29991200,29991200,29991200
2019-12-23 22:00:00,13289.8,13289.8,13289.8,29991200,29991200,29991200
2019-12-24 02:00:00,13296.6,13296.6,13296.6,29991200,29991200,29991200
2019-12-24 06:00:00,13296.8,13296.8,13296.8,29991200,29991200,29991200
2019-12-24 10:00:00,13290.7,13290.7,13290.7,29991200,29991200,29991200
2019-12-24 14:00:00,13285.3,13285.3,13285.3,29991200,29991200,29991200
2019-12-24 18:00:00,13285.0,13285.0,13285.0,29991200,29991200,29991200
2019-12-26 22:00:00,13350.4,13350.4,13350.4,29991200,29991200,29991200
2019-12-27 02:00:00,13378.4,13378.4,13378.4,29991200,29991200,29991200
2019-12-27 06:00:00,13337.3,13337.3,13337.3,29991200,29991200,29991200
2019-12-27 10:00:00,13359.6,13359.6,13359.6,29991200,29991200,29991200
2019-12-27 14:00:00,13318.8,13318.8,13318.8,29991200,29991200,29991200
2019-12-27 18:00:00,13284.5,13284.5,13284.5,29991200,29991200,29991200
2019-12-29 22:00:00,13299.0,13299.0,13299.0,29991200,29991200,29991200
2019-12-30 02:00:00,13296.3,13296.3,13296.3,29991200,29991200,29991200
2019-12-30 06:00:00,13267.0,13267.0,13267.0,29991200,29991200,29991200
2019-12-30 10:00:00,13262.9,13262.9,13262.9,29991200,29991200,29991200
2019-12-30 14:00:00,13147.2,13147.2,13147.2,29991200,29991200,29991200
2019-12-30 18:00:00,13122.5,13122.5,13122.5,29991200,29991200,29991200
2019-12-30 22:00:00,13136.2,13136.2,13136.2,29991200,29991200,29991200
2019-12-31 02:00:00,13135.8,13135.8,13135.8,29991200,29991200,29991200
2019-12-31 06:00:00,13131.5,13131.5,13131.5,29991200,29991200,29991200
2019-12-31 10:00:00,13095.3,13095.3,13095.3,29991200,29991200,29991200
2019-12-31 14:00:00,13095.9,13095.9,13095.9,29991200,29991200,29991200
2019-12-31 18:00:00,13162.0,13162.0,13162.0,29991200,29991200,29991200
2020-01-01 22:00:00,13201.9,13201.9,13201.9,29991200,29991200,29991200
2020-01-02 02:00:00,13227.4,13227.4,13227.4,29991200,29991200,29991200
2020-01-02 06:00:00,13357.3,13357.3,13357.3,29991200,29991200,29991200
2020-01-02 10:00:00,13382.1,13382.1,13382.1,29991200,29991200,29991200
2020-01-02 14:00:00,13399.2,13399.2,13399.2,29991200,29991200,29991200
2020-01-02 18:00:00,13449.3,13449.3,13449.3,29991200,29991200,29991200
2020-01-02 22:00:00,13391.7,13391.7,13391.7,29991200,29991200,29991200
2020-01-03 02:00:00,13312.2,13312.2,13312.2,29991200,29991200,29991200
2020-01-03 06:00:00,13189.3,13189.3,13189.3,29991200,29991200,29991200
2020-01-03 10:00:00,13195.4,13195.4,13195.4,29991200,29991200,29991200
2020-01-03 14:00:00,13212.4,13212.4,13212.4,29991200,29991200,29991200
2020-01-03 18:00:00,13172.4,13172.4,13172.4,29991200,29991200,29991200
2020-01-05 22:00:00,13072.6,13072.6,13072.6,29991200,29991200,29991200
2020-01-06 02:00:00,13105.6,13105.6,13105.6,29991200,29991200,29991200
2020-01-06 06:00:00,12978.7,12978.7,12978.7,29991200,29991200,29991200
2020-01-06 10:00:00,13048.4,13048.4,13048.4,29991200,29991200,29991200
2020-01-06 14:00:00,13127.0,13127.0,13127.0,29991200,29991200,29991200
2020-01-06 18:00:00,13143.9,13143.9,13143.9,29991200,29991200,29991200
2020-01-06 22:00:00,13190.7,13190.7,13190.7,29991200,29991200,29991200
2020-01-07 02:00:00,13200.2,13200.2,13200.2,29991200,29991200,29991200
2020-01-07 06:00:00,13249.7,13249.7,13249.7,29991200,29991200,29991200
2020-01-07 10:00:00,13214.8,13214.8,13214.8,29991200,29991200,29991200
2020-01-07 14:00:00,13210.8,13210.8,13210.8,29991200,29991200,29991200
2020-01-07 18:00:00,13184.2,13184.2,13184.2,29991200,29991200,29991200
2020-01-07 22:00:00,13035.3,13035.3,13035.3,29991200,29991200,29991200
2020-01-08 02:00:00,13097.3,13097.3,13097.3,29991200,29991200,29991200
2020-01-08 06:00:00,13146.7,13146.7,13146.7,29991200,29991200,29991200
2020-01-08 10:00:00,13255.3,13255.3,13255.3,29991200,29991200,29991200
2020-01-08 14:00:00,13381.5,13381.5,13381.5,29991200,29991200,29991200
2020-01-08 18:00:00,13383.9,13383.9,13383.9,29991200,29991200,29991200
2020-01-08 22:00:00,13413.5,13413.5,13413.5,29991200,29991200,29991200
2020-01-09 02:00:00,13425.8,13425.8,13425.8,29991200,29991200,29991200
2020-01-09 06:00:00,13482.3,13482.3,13482.3,29991200,29991200,29991200
2020-01-09 10:00:00,13481.6,13481.6,13481.6,29991200,29991200,29991200
2020-01-09 14:00:00,13491.0,13491.0,13491.0,29991200,29991200,29991200
2020-01-09 18:00:00,13506.4,13506.4,13506.4,29991200,29991200,29991200
2020-01-09 22:00:00,13526.3,13526.3,13526.3,29991200,29991200,29991200
2020-01-10 02:00:00,13535.3,13535.3,13535.3,29991200,29991200,29991200
2020-01-10 06:00:00,13531.6,13531.6,13531.6,29991200,29991200,29991200
2020-01-10 10:00:00,13524.3,13524.3,13524.3,29991200,29991200,29991200
2020-01-10 14:00:00,13486.6,13486.6,13486.6,29991200,29991200,29991200
2020-01-10 18:00:00,13451.3,13451.3,13451.3,29991200,29991200,29991200
2020-01-12 22:00:00,13489.1,13489.1,13489.1,29991200,29991200,29991200
2020-01-13 02:00:00,13495.9,13495.9,13495.9,29991200,29991200,29991200
2020-01-13 06:00:00,13503.4,13503.4,13503.4,29991200,29991200,29991200
2020-01-13 10:00:00,13449.5,13449.5,13449.5,29991200,29991200,29991200
2020-01-13 14:00:00,13457.6,13457.6,13457.6,29991200,29991200,29991200
2020-01-13 18:00:00,13475.0,13475.0,13475.0,29991200,29991200,29991200
2020-01-13 22:00:00,13489.3,13489.3,13489.3,29991200,29991200,29991200
2020-01-14 02:00:00,13457.1,13457.1,13457.1,29991200,29991200,29991200
2020-01-14 06:00:00,13477.7,13477.7,13477.7,29991200,29991200,29991200
2020-01-14 10:00:00,13456.8,13456.8,13456.8,29991200,29991200,29991200
2020-01-14 14:00:00,13466.8,13466.8,13466.8,29991200,29991200,29991200
2020-01-14 18:00:00,13464.7,13464.7,13464.7,29991200,29991200,29991200
2020-01-14 22:00:00,13432.0,13432.0,13432.0,29991200,29991200,29991200
2020-01-15 02:00:00,13414.8,13414.8,13414.8,29991200,29991200,29991200
2020-01-15 06:00:00,13441.1,13441.1,13441.1,29991200,29991200,29991200
2020-01-15 10:00:00,13394.2,13394.2,13394.2,29991200,29991200,29991200
2020-01-15 14:00:00,13405.5,13405.5,13405.5,29991200,29991200,29991200
2020-01-15 18:00:00,13415.5,13415.5,13415.5,29991200,29991200,29991200
2020-01-15 22:00:00,13426.5,13426.5,13426.5,29991200,29991200,29991200
2020-01-16 02:00:00,13446.5,13446.5,13446.5,29991200,29991200,29991200
2020-01-16 06:00:00,13428.5,13428.5,13428.5,29991200,29991200,29991200
2020-01-16 10:00:00,13411.0,13411.0,13411.0,29991200,29991200,29991200
2020-01-16 14:00:00,13436.9,13436.9,13436.9,29991200,29991200,29991200
2020-01-16 18:00:00,13465.8,13465.8,13465.8,29991200,29991200,29991200
2020-01-16 22:00:00,13472.9,13472.9,13472.9,29991200,29991200,29991200
2020-01-17 02:00:00,13497.7,13497.7,13497.7,29991200,29991200,29991200
2020-01-17 06:00:00,13531.7,13531.7,13531.7,29991200,29991200,29991200
2020-01-17 10:00:00,13522.3,13522.3,13522.3,29991200,29991200,29991200
2020-01-17 14:00:00,13517.2,13517.2,13517.2,29991200,29991200,29991200
2020-01-17 18:00:00,13517.7,13517.7,13517.7,29991200,29991200,29991200
2020-01-19 22:00:00,13540.5,13540.5,13540.5,29991200,29991200,29991200
2020-01-20 02:00:00,13524.2,13524.2,13524.2,29991200,29991200,29991200
2020-01-20 06:00:00,13518.8,13518.8,13518.8,29991200,29991200,29991200
2020-01-20 10:00:00,13535.9,13535.9,13535.9,29991200,29991200,29991200
2020-01-20 14:00:00,13558.2,13558.2,13558.2,29991200,29991200,29991200
2020-01-20 18:00:00,13560.8,13560.8,13560.8,29991200,29991200,29991200
2020-01-20 22:00:00,13522.9,13522.9,13522.9,29991200,29991200,29991200
2020-01-21 02:00:00,13494.4,13494.4,13494.4,29991200,29991200,29991200
2020-01-21 06:00:00,13484.7,13484.7,13484.7,29991200,29991200,29991200
2020-01-21 10:00:00,13536.4,13536.4,13536.4,29991200,29991200,29991200
2020-01-21 14:00:00,13560.2,13560.2,13560.2,29991200,29991200,29991200
2020-01-21 18:00:00,13523.7,13523.7,13523.7,29991200,29991200,29991200
2020-01-21 22:00:00,13563.7,13563.7,13563.7,29991200,29991200,29991200
2020-01-22 02:00:00,13618.4,13618.4,13618.4,29991200,29991200,29991200
2020-01-22 06:00:00,13573.2,13573.2,13573.2,29991200,29991200,29991200
2020-01-22 10:00:00,13552.1,13552.1,13552.1,29991200,29991200,29991200
2020-01-22 14:00:00,13510.7,13510.7,13510.7,29991200,29991200,29991200
2020-01-22 18:00:00,13460.0,13460.0,13460.0,29991200,29991200,29991200
2020-01-22 22:00:00,13490.0,13490.0,13490.0,29991200,29991200,29991200
2020-01-23 02:00:00,13444.0,13444.0,13444.0,29991200,29991200,29991200
2020-01-23 06:00:00,13455.5,13455.5,13455.5,29991200,29991200,29991200
2020-01-23 10:00:00,13438.0,13438.0,13438.0,29991200,29991200,29991200
2020-01-23 14:00:00,13412.2,13412.2,13412.2,29991200,29991200,29991200
2020-01-23 18:00:00,13488.0,13488.0,13488.0,29991200,29991200,29991200
2020-01-23 22:00:00,13491.9,13491.9,13491.9,29991200,29991200,29991200
2020-01-24 02:00:00,13504.9,13504.9,13504.9,29991200,29991200,29991200
2020-01-24 06:00:00,13557.3,13557.3,13557.3,29991200,29991200,29991200
2020-01-24 10:00:00,13591.6,13591.6,13591.6,29991200,29991200,29991200
2020-01-24 14:00:00,13556.0,13556.0,13556.0,29991200,29991200,29991200
2020-01-24 18:00:00,13510.0,13510.0,13510.0,29991200,29991200,29991200
2020-01-26 22:00:00,13418.3,13418.3,13418.3,29991200,29991200,29991200
2020-01-27 02:00:00,13368.8,13368.8,13368.8,29991200,29991200,29991200
2020-01-27 06:00:00,13330.5,13330.5,13330.5,29991200,29991200,29991200
2020-01-27 10:00:00,13233.5,13233.5,13233.5,29991200,29991200,29991200
2020-01-27 14:00:00,13233.7,13233.7,13233.7,29991200,29991200,29991200
2020-01-27 18:00:00,13200.4,13200.4,13200.4,29991200,29991200,29991200
2020-01-27 22:00:00,13230.2,13230.2,13230.2,29991200,29991200,29991200
2020-01-28 02:00:00,13266.2,13266.2,13266.2,29991200,29991200,29991200
2020-01-28 06:00:00,13184.8,13184.8,13184.8,29991200,29991200,29991200
2020-01-28 10:00:00,13269.7,13269.7,13269.7,29991200,29991200,29991200
2020-01-28 14:00:00,13315.3,13315.3,13315.3,29991200,29991200,29991200
2020-01-28 18:00:00,13333.2,13333.2,13333.2,29991200,29991200,29991200
2020-01-28 22:00:00,13338.3,13338.3,13338.3,29991200,29991200,29991200
2020-01-29 02:00:00,13345.8,13345.8,13345.8,29991200,29991200,29991200
2020-01-29 06:00:00,13325.6,13325.6,13325.6,29991200,29991200,29991200
2020-01-29 10:00:00,13345.8,13345.8,13345.8,29991200,29991200,29991200
2020-01-29 14:00:00,13351.8,13351.8,13351.8,29991200,29991200,29991200
2020-01-29 18:00:00,13313.7,13313.7,13313.7,29991200,29991200,29991200
2020-01-29 22:00:00,13290.8,13290.8,13290.8,29991200,29991200,29991200
2020-01-30 02:00:00,13242.6,13242.6,13242.6,29991200,29991200,29991200
2020-01-30 06:00:00,13232.0,13232.0,13232.0,29991200,29991200,29991200
2020-01-30 10:00:00,13198.7,13198.7,13198.7,29991200,29991200,29991200
2020-01-30 14:00:00,13151.6,13151.6,13151.6,29991200,29991200,29991200
2020-01-30 18:00:00,13274.7,13274.7,13274.7,29991200,29991200,29991200
2020-01-30 22:00:00,13212.8,13212.8,13212.8,29991200,29991200,29991200
2020-01-31 02:00:00,13221.6,13221.6,13221.6,29991200,29991200,29991200
2020-01-31 06:00:00,13153.4,13153.4,13153.4,29991200,29991200,29991200
2020-01-31 10:00:00,13104.6,13104.6,13104.6,29991200,29991200,29991200
2020-01-31 14:00:00,12951.1,12951.1,12951.1,29991200,29991200,29991200
2020-01-31 18:00:00,12940.6,12940.6,12940.6,29991200,29991200,29991200
2020-02-02 22:00:00,13036.6,13036.6,13036.6,29991200,29991200,29991200
2020-02-03 02:00:00,13012.6,13012.6,13012.6,29991200,29991200,29991200
2020-02-03 06:00:00,13001.4,13001.4,13001.4,29991200,29991200,29991200
2020-02-03 10:00:00,13009.8,13009.8,13009.8,29991200,29991200,29991200
2020-02-03 14:00:00,13043.8,13043.8,13043.8,29991200,29991200,29991200
2020-02-03 18:00:00,13015.2,13015.2,13015.2,29991200,29991200,29991200
2020-02-03 22:00:00,13072.8,13072.8,13072.8,29991200,29991200,29991200
2020-02-04 02:00:00,13107.5,13107.5,13107.5,29991200,29991200,29991200
2020-02-04 06:00:00,13195.3,13195.3,13195.3,29991200,29991200,29991200
2020-02-04 10:00:00,13246.5,13246.5,13246.5,29991200,29991200,29991200
2020-02-04 14:00:00,13289.0,13289.0,13289.0,29991200,29991200,29991200
2020-02-04 18:00:00,13302.8,13302.8,13302.8,29991200,29991200,29991200
2020-02-04 22:00:00,13273.3,13273.3,13273.3,29991200,29991200,29991200
2020-02-05 02:00:00,13242.8,13242.8,13242.8,29991200,29991200,29991200
2020-02-05 06:00:00,13462.4,13462.4,13462.4,29991200,29991200,29991200
2020-02-05 10:00:00,13474.2,13474.2,13474.2,29991200,29991200,29991200
2020-02-05 14:00:00,13477.3,13477.3,13477.3,29991200,29991200,29991200
2020-02-05 18:00:00,13508.4,13508.4,13508.4,29991200,29991200,29991200
2020-02-05 22:00:00,13512.8,13512.8,13512.8,29991200,29991200,29991200
2020-02-06 02:00:00,13574.3,13574.3,13574.3,29991200,29991200,29991200
2020-02-06 06:00:00,13555.8,13555.8,13555.8,29991200,29991200,29991200
2020-02-06 10:00:00,13565.3,13565.3,13565.3,29991200,29991200,29991200
2020-02-06 14:00:00,13577.9,13577.9,13577.9,29991200,29991200,29991200
2020-02-06 18:00:00,13578.1,13578.1,13578.1,29991200,29991200,29991200
2020-02-06 22:00:00,13537.4,13537.4,13537.4,29991200,29991200,29991200
2020-02-07 02:00:00,13536.9,13536.9,13536.9,29991200,29991200,29991200
2020-02-07 06:00:00,13513.8,13513.8,13513.8,29991200,29991200,29991200
2020-02-07 10:00:00,13504.1,13504.1,13504.1,29991200,29991200,29991200
2020-02-07 14:00:00,13500.1,13500.1,13500.1,29991200,29991200,29991200
2020-02-07 18:00:00,13465.6,13465.6,13465.6,29991200,29991200,29991200
2020-02-09 22:00:00,13485.1,13485.1,13485.1,29991200,29991200,29991200
2020-02-10 02:00:00,13496.1,13496.1,13496.1,29991200,29991200,29991200
2020-02-10 06:00:00,13461.3,13461.3,13461.3,29991200,29991200,29991200
2020-02-10 10:00:00,13464.5,13464.5,13464.5,29991200,29991200,29991200
2020-02-10 14:00:00,13477.0,13477.0,13477.0,29991200,29991200,29991200
2020-02-10 18:00:00,13535.6,13535.6,13535.6,29991200,29991200,29991200
2020-02-10 22:00:00,13590.7,13590.7,13590.7,29991200,29991200,29991200
2020-02-11 02:00:00,13602.7,13602.7,13602.7,29991200,29991200,29991200
2020-02-11 06:00:00,13579.4,13579.4,13579.4,29991200,29991200,29991200
2020-02-11 10:00:00,13626.1,13626.1,13626.1,29991200,29991200,29991200
2020-02-11 14:00:00,13644.1,13644.1,13644.1,29991200,29991200,29991200
2020-02-11 18:00:00,13631.5,13631.5,13631.5,29991200,29991200,29991200
2020-02-11 22:00:00,13632.1,13632.1,13632.1,29991200,29991200,29991200
2020-02-12 02:00:00,13676.1,13676.1,13676.1,29991200,29991200,29991200
2020-02-12 06:00:00,13709.9,13709.9,13709.9,29991200,29991200,29991200
2020-02-12 10:00:00,13739.2,13739.2,13739.2,29991200,29991200,29991200
2020-02-12 14:00:00,13749.1,13749.1,13749.1,29991200,29991200,29991200
2020-02-12 18:00:00,13784.3,13784.3,13784.3,29991200,29991200,29991200
2020-02-12 22:00:00,13748.4,13748.4,13748.4,29991200,29991200,29991200
2020-02-13 02:00:00,13735.1,13735.1,13735.1,29991200,29991200,29991200
2020-02-13 06:00:00,13647.8,13647.8,13647.8,29991200,29991200,29991200
2020-02-13 10:00:00,13700.1,13700.1,13700.1,29991200,29991200,29991200
2020-02-13 14:00:00,13741.8,13741.8,13741.8,29991200,29991200,29991200
2020-02-13 18:00:00,13736.7,13736.7,13736.7,29991200,29991200,29991200
2020-02-13 22:00:00,13751.5,13751.5,13751.5,29991200,29991200,29991200
2020-02-14 02:00:00,13760.5,13760.5,13760.5,29991200,29991200,29991200
2020-02-14 06:00:00,13764.8,13764.8,13764.8,29991200,29991200,29991200
2020-02-14 10:00:00,13753.1,13753.1,13753.1,29991200,29991200,29991200
2020-02-14 14:00:00,13731.5,13731.5,13731.5,29991200,29991200,29991200
2020-02-14 18:00:00,13758.6,13758.6,13758.6,29991200,29991200,29991200
2020-02-16 22:00:00,13794.3,13794.3,13794.3,29991200,29991200,29991200
2020-02-17 02:00:00,13792.5,13792.5,13792.5,29991200,29991200,29991200
2020-02-17 06:00:00,13770.8,13770.8,13770.8,29991200,29991200,29991200
2020-02-17 10:00:00,13769.0,13769.0,13769.0,29991200,29991200,29991200
2020-02-17 14:00:00,13782.2,13782.2,13782.2,29991200,29991200,29991200
2020-02-17 18:00:00,13767.6,13767.6,13767.6,29991200,29991200,29991200
2020-02-17 22:00:00,13731.2,13731.2,13731.2,29991200,29991200,29991200
2020-02-18 02:00:00,13715.2,13715.2,13715.2,29991200,29991200,29991200
2020-02-18 06:00:00,13679.7,13679.7,13679.7,29991200,29991200,29991200
2020-02-18 10:00:00,13684.8,13684.8,13684.8,29991200,29991200,29991200
2020-02-18 14:00:00,13685.5,13685.5,13685.5,29991200,29991200,29991200
2020-02-18 18:00:00,13702.7,13702.7,13702.7,29991200,29991200,29991200
2020-02-18 22:00:00,13729.2,13729.2,13729.2,29991200,29991200,29991200
2020-02-19 02:00:00,13743.2,13743.2,13743.2,29991200,29991200,29991200
2020-02-19 06:00:00,13734.7,13734.7,13734.7,29991200,29991200,29991200
2020-02-19 10:00:00,13753.4,13753.4,13753.4,29991200,29991200,29991200
2020-02-19 14:00:00,13778.7,13778.7,13778.7,29991200,29991200,29991200
2020-02-19 18:00:00,13776.8,13776.8,13776.8,29991200,29991200,29991200
2020-02-19 22:00:00,13791.9,13791.9,13791.9,29991200,29991200,29991200
2020-02-20 02:00:00,13747.7,13747.7,13747.7,29991200,29991200,29991200
2020-02-20 06:00:00,13768.2,13768.2,13768.2,29991200,29991200,29991200
2020-02-20 10:00:00,13752.2,13752.2,13752.2,29991200,29991200,29991200
2020-02-20 14:00:00,13689.3,13689.3,13689.3,29991200,29991200,29991200
2020-02-20 18:00:00,13708.0,13708.0,13708.0,29991200,29991200,29991200
2020-02-20 22:00:00,13686.0,13686.0,13686.0,29991200,29991200,29991200
2020-02-21 02:00:00,13659.5,13659.5,13659.5,29991200,29991200,29991200
2020-02-21 06:00:00,13638.2,13638.2,13638.2,29991200,29991200,29991200
2020-02-21 10:00:00,13653.6,13653.6,13653.6,29991200,29991200,29991200
2020-02-21 14:00:00,13553.4,13553.4,13553.4,29991200,29991200,29991200
2020-02-21 18:00:00,13556.7,13556.7,13556.7,29991200,29991200,29991200
2020-02-23 22:00:00,13356.4,13356.4,13356.4,29991200,29991200,29991200
2020-02-24 02:00:00,13305.4,13305.4,13305.4,29991200,29991200,29991200
2020-02-24 06:00:00,13115.3,13115.3,13115.3,29991200,29991200,29991200
2020-02-24 10:00:00,13035.1,13035.1,13035.1,29991200,29991200,29991200
2020-02-24 14:00:00,12988.5,12988.5,12988.5,29991200,29991200,29991200
2020-02-24 18:00:00,12995.9,12995.9,12995.9,29991200,29991200,29991200
2020-02-24 22:00:00,13125.0,13125.0,13125.0,29991200,29991200,29991200
2020-02-25 02:00:00,13122.3,13122.3,13122.3,29991200,29991200,29991200
2020-02-25 06:00:00,12980.6,12980.6,12980.6,29991200,29991200,29991200
2020-02-25 10:00:00,12982.0,12982.0,12982.0,29991200,29991200,29991200
2020-02-25 14:00:00,12759.6,12759.6,12759.6,29991200,29991200,29991200
2020-02-25 18:00:00,12664.2,12664.2,12664.2,29991200,29991200,29991200
2020-02-25 22:00:00,12675.6,12675.6,12675.6,29991200,29991200,29991200
2020-02-26 02:00:00,12747.9,12747.9,12747.9,29991200,29991200,29991200
2020-02-26 06:00:00,12543.0,12543.0,12543.0,29991200,29991200,29991200
2020-02-26 10:00:00,12750.0,12750.0,12750.0,29991200,29991200,29991200
2020-02-26 14:00:00,12669.2,12669.2,12669.2,29991200,29991200,29991200
2020-02-26 18:00:00,12533.5,12533.5,12533.5,29991200,29991200,29991200
2020-02-26 22:00:00,12494.9,12494.9,12494.9,29991200,29991200,29991200
2020-02-27 02:00:00,12456.7,12456.7,12456.7,29991200,29991200,29991200
2020-02-27 06:00:00,12545.7,12545.7,12545.7,29991200,29991200,29991200
2020-02-27 10:00:00,12364.1,12364.1,12364.1,29991200,29991200,29991200
2020-02-27 14:00:00,12444.0,12444.0,12444.0,29991200,29991200,29991200
2020-02-27 18:00:00,12044.1,12044.1,12044.1,29991200,29991200,29991200
2020-02-27 22:00:00,12121.0,12121.0,12121.0,29991200,29991200,29991200
2020-02-28 02:00:00,11875.7,11875.7,11875.7,29991200,29991200,29991200
2020-02-28 06:00:00,11831.2,11831.2,11831.2,29991200,29991200,29991200
2020-02-28 10:00:00,11836.0,11836.0,11836.0,29991200,29991200,29991200
2020-02-28 14:00:00,11936.5,11936.5,11936.5,29991200,29991200,29991200
2020-02-28 18:00:00,12040.8,12040.8,12040.8,29991200,29991200,29991200
2020-03-01 22:00:00,11902.7,11902.7,11902.7,29991200,29991200,29991200
2020-03-02 02:00:00,12016.5,12016.5,12016.5,29991200,29991200,29991200
2020-03-02 06:00:00,11908.3,11908.3,11908.3,29991200,29991200,29991200
2020-03-02 10:00:00,11834.5,11834.5,11834.5,29991200,29991200,29991200
2020-03-02 14:00:00,11906.0,11906.0,11906.0,29991200,29991200,29991200
2020-03-02 18:00:00,11984.4,11984.4,11984.4,29991200,29991200,29991200
2020-03-02 22:00:00,12015.0,12015.0,12015.0,29991200,29991200,29991200
2020-03-03 02:00:00,11918.0,11918.0,11918.0,29991200,29991200,29991200
2020-03-03 06:00:00,12192.5,12192.5,12192.5,29991200,29991200,29991200
2020-03-03 10:00:00,12124.0,12124.0,12124.0,29991200,29991200,29991200
2020-03-03 14:00:00,11994.6,11994.6,11994.6,29991200,29991200,29991200
2020-03-03 18:00:00,11780.5,11780.5,11780.5,29991200,29991200,29991200
2020-03-03 22:00:00,11900.6,11900.6,11900.6,29991200,29991200,29991200
2020-03-04 02:00:00,11956.1,11956.1,11956.1,29991200,29991200,29991200
2020-03-04 06:00:00,12104.6,12104.6,12104.6,29991200,29991200,29991200
2020-03-04 10:00:00,12122.8,12122.8,12122.8,29991200,29991200,29991200
2020-03-04 14:00:00,12172.1,12172.1,12172.1,29991200,29991200,29991200
2020-03-04 18:00:00,12207.5,12207.5,12207.5,29991200,29991200,29991200
2020-03-04 22:00:00,12166.3,12166.3,12166.3,29991200,29991200,29991200
2020-03-05 02:00:00,12214.1,12214.1,12214.1,29991200,29991200,29991200
2020-03-05 06:00:00,12009.0,12009.0,12009.0,29991200,29991200,29991200
2020-03-05 10:00:00,11881.4,11881.4,11881.4,29991200,29991200,29991200
2020-03-05 14:00:00,11781.1,11781.1,11781.1,29991200,29991200,29991200
2020-03-05 18:00:00,11794.1,11794.1,11794.1,29991200,29991200,29991200
2020-03-05 22:00:00,11734.6,11734.6,11734.6,29991200,29991200,29991200
2020-03-06 02:00:00,11679.1,11679.1,11679.1,29991200,29991200,29991200
2020-03-06 06:00:00,11566.4,11566.4,11566.4,29991200,29991200,29991200
2020-03-06 10:00:00,11536.9,11536.9,11536.9,29991200,29991200,29991200
2020-03-06 14:00:00,11539.0,11539.0,11539.0,29991200,29991200,29991200
2020-03-06 18:00:00,11515.2,11515.2,11515.2,29991200,29991200,29991200
2020-03-08 21:00:00,11045.0,11045.0,11045.0,29991200,29991200,29991200
2020-03-09 01:00:00,10861.8,10861.8,10861.8,29991200,29991200,29991200
2020-03-09 05:00:00,10778.3,10778.3,10778.3,29991200,29991200,29991200
2020-03-09 09:00:00,10698.0,10698.0,10698.0,29991200,29991200,29991200
2020-03-09 13:00:00,10577.5,10577.5,10577.5,29991200,29991200,29991200
2020-03-09 17:00:00,10357.8,10357.8,10357.8,29991200,29991200,29991200
2020-03-09 21:00:00,10788.3,10788.3,10788.3,29991200,29991200,29991200
2020-03-10 01:00:00,10862.3,10862.3,10862.3,29991200,29991200,29991200
2020-03-10 05:00:00,10935.6,10935.6,10935.6,29991200,29991200,29991200
2020-03-10 09:00:00,10848.9,10848.9,10848.9,29991200,29991200,29991200
2020-03-10 13:00:00,10573.7,10573.7,10573.7,29991200,29991200,29991200
2020-03-10 17:00:00,10876.4,10876.4,10876.4,29991200,29991200,29991200
2020-03-10 21:00:00,10648.4,10648.4,10648.4,29991200,29991200,29991200
2020-03-11 01:00:00,10561.4,10561.4,10561.4,29991200,29991200,29991200
2020-03-11 05:00:00,10707.7,10707.7,10707.7,29991200,29991200,29991200
2020-03-11 09:00:00,10453.0,10453.0,10453.0,29991200,29991200,29991200
2020-03-11 13:00:00,10404.9,10404.9,10404.9,29991200,29991200,29991200
2020-03-11 17:00:00,10303.9,10303.9,10303.9,29991200,29991200,29991200
2020-03-11 21:00:00,10259.9,10259.9,10259.9,29991200,29991200,29991200
2020-03-12 01:00:00,9940.9,9940.9,9940.9,29991200,29991200,29991200
2020-03-12 05:00:00,9754.9,9754.9,9754.9,29991200,29991200,29991200
2020-03-12 09:00:00,9667.3,9667.3,9667.3,29991200,29991200,29991200
2020-03-12 13:00:00,9351.7,9351.7,9351.7,29991200,29991200,29991200
2020-03-12 17:00:00,9002.7,9002.7,9002.7,29991200,29991200,29991200
2020-03-12 21:00:00,9118.7,9118.7,9118.7,29991200,29991200,29991200
2020-03-13 01:00:00,9217.2,9217.2,9217.2,29991200,29991200,29991200
2020-03-13 05:00:00,9238.7,9238.7,9238.7,29991200,29991200,29991200
2020-03-13 09:00:00,9852.2,9852.2,9852.2,29991200,29991200,29991200
2020-03-13 13:00:00,9294.5,9294.5,9294.5,29991200,29991200,29991200
2020-03-13 17:00:00,9595.0,9595.0,9595.0,29991200,29991200,29991200
2020-03-15 21:00:00,8949.8,8949.8,8949.8,29991200,29991200,29991200
2020-03-16 01:00:00,8860.5,8860.5,8860.5,29991200,29991200,29991200
2020-03-16 05:00:00,8545.3,8545.3,8545.3,29991200,29991200,29991200
2020-03-16 09:00:00,8351.8,8351.8,8351.8,29991200,29991200,29991200
2020-03-16 13:00:00,8703.3,8703.3,8703.3,29991200,29991200,29991200
2020-03-16 17:00:00,8545.6,8545.6,8545.6,29991200,29991200,29991200
2020-03-16 21:00:00,8724.6,8724.6,8724.6,29991200,29991200,29991200
2020-03-17 01:00:00,8853.1,8853.1,8853.1,29991200,29991200,29991200
2020-03-17 05:00:00,8668.8,8668.8,8668.8,29991200,29991200,29991200
2020-03-17 09:00:00,8644.3,8644.3,8644.3,29991200,29991200,29991200
2020-03-17 13:00:00,8902.6,8902.6,8902.6,29991200,29991200,29991200
2020-03-17 17:00:00,8869.1,8869.1,8869.1,29991200,29991200,29991200
2020-03-17 21:00:00,8696.8,8696.8,8696.8,29991200,29991200,29991200
2020-03-18 01:00:00,8709.6,8709.6,8709.6,29991200,29991200,29991200
2020-03-18 05:00:00,8556.1,8556.1,8556.1,29991200,29991200,29991200
2020-03-18 09:00:00,8448.6,8448.6,8448.6,29991200,29991200,29991200
2020-03-18 13:00:00,8334.6,8334.6,8334.6,29991200,29991200,29991200
2020-03-18 17:00:00,8455.1,8455.1,8455.1,29991200,29991200,29991200
2020-03-18 21:00:00,8538.8,8538.8,8538.8,29991200,29991200,29991200
2020-03-19 01:00:00,8040.1,8040.1,8040.1,29991200,29991200,29991200
2020-03-19 05:00:00,8568.1,8568.1,8568.1,29991200,29991200,29991200
2020-03-19 09:00:00,8371.8,8371.8,8371.8,29991200,29991200,29991200
2020-03-19 13:00:00,8680.3,8680.3,8680.3,29991200,29991200,29991200
2020-03-19 17:00:00,8562.6,8562.6,8562.6,29991200,29991200,29991200
2020-03-19 21:00:00,8537.8,8537.8,8537.8,29991200,29991200,29991200
2020-03-20 01:00:00,8711.1,8711.1,8711.1,29991200,29991200,29991200
2020-03-20 05:00:00,9053.6,9053.6,9053.6,29991200,29991200,29991200
2020-03-20 09:00:00,8916.4,8916.4,8916.4,29991200,29991200,29991200
2020-03-20 13:00:00,8926.2,8926.2,8926.2,29991200,29991200,29991200
2020-03-20 17:00:00,8602.2,8602.2,8602.2,29991200,29991200,29991200
2020-03-22 21:00:00,8295.2,8295.2,8295.2,29991200,29991200,29991200
2020-03-23 01:00:00,8410.2,8410.2,8410.2,29991200,29991200,29991200
2020-03-23 05:00:00,8518.8,8518.8,8518.8,29991200,29991200,29991200
2020-03-23 09:00:00,8901.5,8901.5,8901.5,29991200,29991200,29991200
2020-03-23 13:00:00,8845.0,8845.0,8845.0,29991200,29991200,29991200
2020-03-23 17:00:00,8802.0,8802.0,8802.0,29991200,29991200,29991200
2020-03-23 21:00:00,8935.5,8935.5,8935.5,29991200,29991200,29991200
2020-03-24 01:00:00,9008.0,9008.0,9008.0,29991200,29991200,29991200
2020-03-24 05:00:00,9190.5,9190.5,9190.5,29991200,29991200,29991200
2020-03-24 09:00:00,9300.5,9300.5,9300.5,29991200,29991200,29991200
2020-03-24 13:00:00,9615.2,9615.2,9615.2,29991200,29991200,29991200
2020-03-24 17:00:00,9694.0,9694.0,9694.0,29991200,29991200,29991200
2020-03-24 21:00:00,9564.7,9564.7,9564.7,29991200,29991200,29991200
2020-03-25 01:00:00,9702.0,9702.0,9702.0,29991200,29991200,29991200
2020-03-25 05:00:00,10043.7,10043.7,10043.7,29991200,29991200,29991200
2020-03-25 09:00:00,9566.2,9566.2,9566.2,29991200,29991200,29991200
2020-03-25 13:00:00,9852.4,9852.4,9852.4,29991200,29991200,29991200
2020-03-25 17:00:00,9808.5,9808.5,9808.5,29991200,29991200,29991200
2020-03-25 21:00:00,9811.0,9811.0,9811.0,29991200,29991200,29991200
2020-03-26 01:00:00,9696.5,9696.5,9696.5,29991200,29991200,29991200
2020-03-26 05:00:00,9730.5,9730.5,9730.5,29991200,29991200,29991200
2020-03-26 09:00:00,9668.8,9668.8,9668.8,29991200,29991200,29991200
2020-03-26 13:00:00,10009.8,10009.8,10009.8,29991200,29991200,29991200
2020-03-26 17:00:00,10071.8,10071.8,10071.8,29991200,29991200,29991200
2020-03-26 21:00:00,9936.5,9936.5,9936.5,29991200,29991200,29991200
2020-03-27 01:00:00,9871.5,9871.5,9871.5,29991200,29991200,29991200
2020-03-27 05:00:00,9804.3,9804.3,9804.3,29991200,29991200,29991200
2020-03-27 09:00:00,9619.7,9619.7,9619.7,29991200,29991200,29991200
2020-03-27 13:00:00,9628.0,9628.0,9628.0,29991200,29991200,29991200
2020-03-27 17:00:00,9543.7,9543.7,9543.7,29991200,29991200,29991200
2020-03-29 21:00:00,9498.0,9498.0,9498.0,29991200,29991200,29991200
2020-03-30 01:00:00,9633.7,9633.7,9633.7,29991200,29991200,29991200
2020-03-30 05:00:00,9578.6,9578.6,9578.6,29991200,29991200,29991200
2020-03-30 09:00:00,9672.1,9672.1,9672.1,29991200,29991200,29991200
2020-03-30 13:00:00,9809.4,9809.4,9809.4,29991200,29991200,29991200
2020-03-30 17:00:00,9873.6,9873.6,9873.6,29991200,29991200,29991200
2020-03-30 21:00:00,9921.9,9921.9,9921.9,29991200,29991200,29991200
2020-03-31 01:00:00,9824.4,9824.4,9824.4,29991200,29991200,29991200
2020-03-31 05:00:00,10045.3,10045.3,10045.3,29991200,29991200,29991200
2020-03-31 09:00:00,9812.0,9812.0,9812.0,29991200,29991200,29991200
2020-03-31 13:00:00,9801.8,9801.8,9801.8,29991200,29991200,29991200
2020-03-31 17:00:00,9777.8,9777.8,9777.8,29991200,29991200,29991200
2020-03-31 21:00:00,9743.3,9743.3,9743.3,29991200,29991200,29991200
2020-04-01 01:00:00,9698.8,9698.8,9698.8,29991200,29991200,29991200
2020-04-01 05:00:00,9613.1,9613.1,9613.1,29991200,29991200,29991200
2020-04-01 09:00:00,9530.4,9530.4,9530.4,29991200,29991200,29991200
2020-04-01 13:00:00,9418.4,9418.4,9418.4,29991200,29991200,29991200
2020-04-01 17:00:00,9356.0,9356.0,9356.0,29991200,29991200,29991200
2020-04-01 21:00:00,9421.6,9421.6,9421.6,29991200,29991200,29991200
2020-04-02 01:00:00,9507.4,9507.4,9507.4,29991200,29991200,29991200
2020-04-02 05:00:00,9564.2,9564.2,9564.2,29991200,29991200,29991200
2020-04-02 09:00:00,9432.7,9432.7,9432.7,29991200,29991200,29991200
2020-04-02 13:00:00,9609.1,9609.1,9609.1,29991200,29991200,29991200
2020-04-02 17:00:00,9610.9,9610.9,9610.9,29991200,29991200,29991200
2020-04-02 21:00:00,9562.3,9562.3,9562.3,29991200,29991200,29991200
2020-04-03 01:00:00,9508.1,9508.1,9508.1,29991200,29991200,29991200
2020-04-03 05:00:00,9528.1,9528.1,9528.1,29991200,29991200,29991200
2020-04-03 09:00:00,9568.5,9568.5,9568.5,29991200,29991200,29991200
2020-04-03 13:00:00,9491.8,9491.8,9491.8,29991200,29991200,29991200
2020-04-03 17:00:00,9533.4,9533.4,9533.4,29991200,29991200,29991200
2020-04-05 21:00:00,9807.8,9807.8,9807.8,29991200,29991200,29991200
2020-04-06 01:00:00,9868.8,9868.8,9868.8,29991200,29991200,29991200
2020-04-06 05:00:00,9884.6,9884.6,9884.6,29991200,29991200,29991200
2020-04-06 09:00:00,9982.8,9982.8,9982.8,29991200,29991200,29991200
2020-04-06 13:00:00,10093.8,10093.8,10093.8,29991200,29991200,29991200
2020-04-06 17:00:00,10206.4,10206.4,10206.4,29991200,29991200,29991200
2020-04-06 21:00:00,10212.6,10212.6,10212.6,29991200,29991200,29991200
2020-04-07 01:00:00,10181.1,10181.1,10181.1,29991200,29991200,29991200
2020-04-07 05:00:00,10424.5,10424.5,10424.5,29991200,29991200,29991200
2020-04-07 09:00:00,10462.3,10462.3,10462.3,29991200,29991200,29991200
2020-04-07 13:00:00,10358.6,10358.6,10358.6,29991200,29991200,29991200
2020-04-07 17:00:00,10175.4,10175.4,10175.4,29991200,29991200,29991200
2020-04-07 21:00:00,10184.1,10184.1,10184.1,29991200,29991200,29991200
2020-04-08 01:00:00,10334.9,10334.9,10334.9,29991200,29991200,29991200
2020-04-08 05:00:00,10257.6,10257.6,10257.6,29991200,29991200,29991200
2020-04-08 09:00:00,10305.6,10305.6,10305.6,29991200,29991200,29991200
2020-04-08 13:00:00,10349.8,10349.8,10349.8,29991200,29991200,29991200
2020-04-08 17:00:00,10395.4,10395.4,10395.4,29991200,29991200,29991200
2020-04-08 21:00:00,10432.5,10432.5,10432.5,29991200,29991200,29991200
2020-04-09 01:00:00,10442.3,10442.3,10442.3,29991200,29991200,29991200
2020-04-09 05:00:00,10424.3,10424.3,10424.3,29991200,29991200,29991200
2020-04-09 09:00:00,10468.7,10468.7,10468.7,29991200,29991200,29991200
2020-04-09 13:00:00,10633.9,10633.9,10633.9,29991200,29991200,29991200
2020-04-09 17:00:00,10692.8,10692.8,10692.8,29991200,29991200,29991200
2020-04-12 21:00:00,10539.0,10539.0,10539.0,29991200,29991200,29991200
2020-04-13 01:00:00,10570.7,10570.7,10570.7,29991200,29991200,29991200
2020-04-13 05:00:00,10574.9,10574.9,10574.9,29991200,29991200,29991200
2020-04-13 09:00:00,10677.0,10677.0,10677.0,29991200,29991200,29991200
2020-04-13 13:00:00,10551.2,10551.2,10551.2,29991200,29991200,29991200
2020-04-13 17:00:00,10652.9,10652.9,10652.9,29991200,29991200,29991200
2020-04-13 21:00:00,10642.1,10642.1,10642.1,29991200,29991200,29991200
2020-04-14 01:00:00,10790.6,10790.6,10790.6,29991200,29991200,29991200
2020-04-14 05:00:00,10669.4,10669.4,10669.4,29991200,29991200,29991200
2020-04-14 09:00:00,10673.0,10673.0,10673.0,29991200,29991200,29991200
2020-04-14 13:00:00,10728.9,10728.9,10728.9,29991200,29991200,29991200
2020-04-14 17:00:00,10749.8,10749.8,10749.8,29991200,29991200,29991200
2020-04-14 21:00:00,10716.1,10716.1,10716.1,29991200,29991200,29991200
2020-04-15 01:00:00,10725.4,10725.4,10725.4,29991200,29991200,29991200
2020-04-15 05:00:00,10491.4,10491.4,10491.4,29991200,29991200,29991200
2020-04-15 09:00:00,10310.9,10310.9,10310.9,29991200,29991200,29991200
2020-04-15 13:00:00,10299.3,10299.3,10299.3,29991200,29991200,29991200
2020-04-15 17:00:00,10242.5,10242.5,10242.5,29991200,29991200,29991200
2020-04-15 21:00:00,10201.6,10201.6,10201.6,29991200,29991200,29991200
2020-04-16 01:00:00,10271.3,10271.3,10271.3,29991200,29991200,29991200
2020-04-16 05:00:00,10401.2,10401.2,10401.2,29991200,29991200,29991200
2020-04-16 09:00:00,10397.6,10397.6,10397.6,29991200,29991200,29991200
2020-04-16 13:00:00,10263.7,10263.7,10263.7,29991200,29991200,29991200
2020-04-16 17:00:00,10440.7,10440.7,10440.7,29991200,29991200,29991200
2020-04-16 21:00:00,10579.7,10579.7,10579.7,29991200,29991200,29991200
2020-04-17 01:00:00,10612.4,10612.4,10612.4,29991200,29991200,29991200
2020-04-17 05:00:00,10605.3,10605.3,10605.3,29991200,29991200,29991200
2020-04-17 09:00:00,10666.4,10666.4,10666.4,29991200,29991200,29991200
2020-04-17 13:00:00,10650.0,10650.0,10650.0,29991200,29991200,29991200
2020-04-17 17:00:00,10701.0,10701.0,10701.0,29991200,29991200,29991200
2020-04-19 21:00:00,10761.7,10761.7,10761.7,29991200,29991200,29991200
2020-04-20 01:00:00,10738.2,10738.2,10738.2,29991200,29991200,29991200
2020-04-20 05:00:00,10646.3,10646.3,10646.3,29991200,29991200,29991200
2020-04-20 09:00:00,10500.2,10500.2,10500.2,29991200,29991200,29991200
2020-04-20 13:00:00,10670.7,10670.7,10670.7,29991200,29991200,29991200
2020-04-20 17:00:00,10547.1,10547.1,10547.1,29991200,29991200,29991200
2020-04-20 21:00:00,10599.2,10599.2,10599.2,29991200,29991200,29991200
2020-04-21 01:00:00,10461.0,10461.0,10461.0,29991200,29991200,29991200
2020-04-21 05:00:00,10465.6,10465.6,10465.6,29991200,29991200,29991200
2020-04-21 09:00:00,10313.9,10313.9,10313.9,29991200,29991200,29991200
2020-04-21 13:00:00,10281.5,10281.5,10281.5,29991200,29991200,29991200
2020-04-21 17:00:00,10285.1,10285.1,10285.1,29991200,29991200,29991200
2020-04-21 21:00:00,10291.0,10291.0,10291.0,29991200,29991200,29991200
2020-04-22 01:00:00,10261.0,10261.0,10261.0,29991200,29991200,29991200
2020-04-22 05:00:00,10411.9,10411.9,10411.9,29991200,29991200,29991200
2020-04-22 09:00:00,10396.3,10396.3,10396.3,29991200,29991200,29991200
2020-04-22 13:00:00,10402.3,10402.3,10402.3,29991200,29991200,29991200
2020-04-22 17:00:00,10438.3,10438.3,10438.3,29991200,29991200,29991200
2020-04-22 21:00:00,10417.1,10417.1,10417.1,29991200,29991200,29991200
2020-04-23 01:00:00,10432.3,10432.3,10432.3,29991200,29991200,29991200
2020-04-23 05:00:00,10368.0,10368.0,10368.0,29991200,29991200,29991200
2020-04-23 09:00:00,10433.6,10433.6,10433.6,29991200,29991200,29991200
2020-04-23 13:00:00,10427.9,10427.9,10427.9,29991200,29991200,29991200
2020-04-23 17:00:00,10380.0,10380.0,10380.0,29991200,29991200,29991200
2020-04-23 21:00:00,10301.1,10301.1,10301.1,29991200,29991200,29991200
2020-04-24 01:00:00,10300.4,10300.4,10300.4,29991200,29991200,29991200
2020-04-24 05:00:00,10340.8,10340.8,10340.8,29991200,29991200,29991200
2020-04-24 09:00:00,10468.1,10468.1,10468.1,29991200,29991200,29991200
2020-04-24 13:00:00,10382.9,10382.9,10382.9,29991200,29991200,29991200
2020-04-24 17:00:00,10472.4,10472.4,10472.4,29991200,29991200,29991200
2020-04-26 21:00:00,10475.2,10475.2,10475.2,29991200,29991200,29991200
2020-04-27 01:00:00,10602.2,10602.2,10602.2,29991200,29991200,29991200
2020-04-27 05:00:00,10566.0,10566.0,10566.0,29991200,29991200,29991200
2020-04-27 09:00:00,10589.1,10589.1,10589.1,29991200,29991200,29991200
2020-04-27 13:00:00,10646.6,10646.6,10646.6,29991200,29991200,29991200
2020-04-27 17:00:00,10682.1,10682.1,10682.1,29991200,29991200,29991200
2020-04-27 21:00:00,10712.1,10712.1,10712.1,29991200,29991200,29991200
2020-04-28 01:00:00,10667.1,10667.1,10667.1,29991200,29991200,29991200
2020-04-28 05:00:00,10721.9,10721.9,10721.9,29991200,29991200,29991200
2020-04-28 09:00:00,10875.3,10875.3,10875.3,29991200,29991200,29991200
2020-04-28 13:00:00,10768.8,10768.8,10768.8,29991200,29991200,29991200
2020-04-28 17:00:00,10733.9,10733.9,10733.9,29991200,29991200,29991200
2020-04-28 21:00:00,10779.8,10779.8,10779.8,29991200,29991200,29991200
2020-04-29 01:00:00,10853.3,10853.3,10853.3,29991200,29991200,29991200
2020-04-29 05:00:00,10829.9,10829.9,10829.9,29991200,29991200,29991200
2020-04-29 09:00:00,11026.4,11026.4,11026.4,29991200,29991200,29991200
2020-04-29 13:00:00,11130.2,11130.2,11130.2,29991200,29991200,29991200
2020-04-29 17:00:00,11229.5,11229.5,11229.5,29991200,29991200,29991200
2020-04-29 21:00:00,11160.4,11160.4,11160.4,29991200,29991200,29991200
2020-04-30 01:00:00,11278.4,11278.4,11278.4,29991200,29991200,29991200
2020-04-30 05:00:00,11059.8,11059.8,11059.8,29991200,29991200,29991200
2020-04-30 09:00:00,10969.2,10969.2,10969.2,29991200,29991200,29991200
2020-04-30 13:00:00,10792.1,10792.1,10792.1,29991200,29991200,29991200
2020-04-30 17:00:00,10767.2,10767.2,10767.2,29991200,29991200,29991200
2020-04-30 21:00:00,10742.5,10742.5,10742.5,29991200,29991200,29991200
2020-05-01 01:00:00,10690.8,10690.8,10690.8,29991200,29991200,29991200
2020-05-01 05:00:00,10641.1,10641.1,10641.1,29991200,29991200,29991200
2020-05-01 09:00:00,10620.5,10620.5,10620.5,29991200,29991200,29991200
2020-05-01 13:00:00,10556.3,10556.3,10556.3,29991200,29991200,29991200
2020-05-01 17:00:00,10565.0,10565.0,10565.0,29991200,29991200,29991200
2020-05-03 21:00:00,10400.4,10400.4,10400.4,29991200,29991200,29991200
2020-05-04 01:00:00,10479.1,10479.1,10479.1,29991200,29991200,29991200
2020-05-04 05:00:00,10507.6,10507.6,10507.6,29991200,29991200,29991200
2020-05-04 09:00:00,10470.1,10470.1,10470.1,29991200,29991200,29991200
2020-05-04 13:00:00,10476.0,10476.0,10476.0,29991200,29991200,29991200
2020-05-04 17:00:00,10573.9,10573.9,10573.9,29991200,29991200,29991200
2020-05-04 21:00:00,10611.0,10611.0,10611.0,29991200,29991200,29991200
2020-05-05 01:00:00,10630.5,10630.5,10630.5,29991200,29991200,29991200
2020-05-05 05:00:00,10526.2,10526.2,10526.2,29991200,29991200,29991200
2020-05-05 09:00:00,10650.4,10650.4,10650.4,29991200,29991200,29991200
2020-05-05 13:00:00,10690.0,10690.0,10690.0,29991200,29991200,29991200
2020-05-05 17:00:00,10629.5,10629.5,10629.5,29991200,29991200,29991200
2020-05-05 21:00:00,10588.0,10588.0,10588.0,29991200,29991200,29991200
2020-05-06 01:00:00,10652.5,10652.5,10652.5,29991200,29991200,29991200
2020-05-06 05:00:00,10721.7,10721.7,10721.7,29991200,29991200,29991200
2020-05-06 09:00:00,10711.4,10711.4,10711.4,29991200,29991200,29991200
2020-05-06 13:00:00,10610.9,10610.9,10610.9,29991200,29991200,29991200
2020-05-06 17:00:00,10530.2,10530.2,10530.2,29991200,29991200,29991200
2020-05-06 21:00:00,10578.6,10578.6,10578.6,29991200,29991200,29991200
2020-05-07 01:00:00,10636.4,10636.4,10636.4,29991200,29991200,29991200
2020-05-07 05:00:00,10692.3,10692.3,10692.3,29991200,29991200,29991200
2020-05-07 09:00:00,10709.6,10709.6,10709.6,29991200,29991200,29991200
2020-05-07 13:00:00,10754.2,10754.2,10754.2,29991200,29991200,29991200
2020-05-07 17:00:00,10759.8,10759.8,10759.8,29991200,29991200,29991200
2020-05-07 21:00:00,10858.5,10858.5,10858.5,29991200,29991200,29991200
2020-05-08 01:00:00,10876.7,10876.7,10876.7,29991200,29991200,29991200
2020-05-08 05:00:00,10853.8,10853.8,10853.8,29991200,29991200,29991200
2020-05-08 09:00:00,10888.3,10888.3,10888.3,29991200,29991200,29991200
2020-05-08 13:00:00,10905.8,10905.8,10905.8,29991200,29991200,29991200
2020-05-08 17:00:00,10992.1,10992.1,10992.1,29991200,29991200,29991200
2020-05-10 21:00:00,10996.8,10996.8,10996.8,29991200,29991200,29991200
2020-05-11 01:00:00,11014.1,11014.1,11014.1,29991200,29991200,29991200
2020-05-11 05:00:00,10880.2,10880.2,10880.2,29991200,29991200,29991200
2020-05-11 09:00:00,10751.3,10751.3,10751.3,29991200,29991200,29991200
2020-05-11 13:00:00,10876.3,10876.3,10876.3,29991200,29991200,29991200
2020-05-11 17:00:00,10863.0,10863.0,10863.0,29991200,29991200,29991200
2020-05-11 21:00:00,10773.8,10773.8,10773.8,29991200,29991200,29991200
2020-05-12 01:00:00,10810.5,10810.5,10810.5,29991200,29991200,29991200
2020-05-12 05:00:00,10831.3,10831.3,10831.3,29991200,29991200,29991200
2020-05-12 09:00:00,10859.8,10859.8,10859.8,29991200,29991200,29991200
2020-05-12 13:00:00,10822.8,10822.8,10822.8,29991200,29991200,29991200
2020-05-12 17:00:00,10592.1,10592.1,10592.1,29991200,29991200,29991200
2020-05-12 21:00:00,10614.3,10614.3,10614.3,29991200,29991200,29991200
2020-05-13 01:00:00,10682.5,10682.5,10682.5,29991200,29991200,29991200
2020-05-13 05:00:00,10622.7,10622.7,10622.7,29991200,29991200,29991200
2020-05-13 09:00:00,10671.7,10671.7,10671.7,29991200,29991200,29991200
2020-05-13 13:00:00,10487.5,10487.5,10487.5,29991200,29991200,29991200
2020-05-13 17:00:00,10529.4,10529.4,10529.4,29991200,29991200,29991200
2020-05-13 21:00:00,10493.2,10493.2,10493.2,29991200,29991200,29991200
2020-05-14 01:00:00,10453.0,10453.0,10453.0,29991200,29991200,29991200
2020-05-14 05:00:00,10366.2,10366.2,10366.2,29991200,29991200,29991200
2020-05-14 09:00:00,10248.2,10248.2,10248.2,29991200,29991200,29991200
2020-05-14 13:00:00,10375.0,10375.0,10375.0,29991200,29991200,29991200
2020-05-14 17:00:00,10457.5,10457.5,10457.5,29991200,29991200,29991200
2020-05-14 21:00:00,10434.5,10434.5,10434.5,29991200,29991200,29991200
2020-05-15 01:00:00,10436.0,10436.0,10436.0,29991200,29991200,29991200
2020-05-15 05:00:00,10499.4,10499.4,10499.4,29991200,29991200,29991200
2020-05-15 09:00:00,10425.5,10425.5,10425.5,29991200,29991200,29991200
2020-05-15 13:00:00,10478.6,10478.6,10478.6,29991200,29991200,29991200
2020-05-15 17:00:00,10504.3,10504.3,10504.3,29991200,29991200,29991200
2020-05-17 21:00:00,10595.4,10595.4,10595.4,29991200,29991200,29991200
2020-05-18 01:00:00,10646.9,10646.9,10646.9,29991200,29991200,29991200
2020-05-18 05:00:00,10756.8,10756.8,10756.8,29991200,29991200,29991200
2020-05-18 09:00:00,10909.4,10909.4,10909.4,29991200,29991200,29991200
2020-05-18 13:00:00,11047.0,11047.0,11047.0,29991200,29991200,29991200
2020-05-18 17:00:00,11080.1,11080.1,11080.1,29991200,29991200,29991200
2020-05-18 21:00:00,11080.5,11080.5,11080.5,29991200,29991200,29991200
2020-05-19 01:00:00,11114.2,11114.2,11114.2,29991200,29991200,29991200
2020-05-19 05:00:00,11038.8,11038.8,11038.8,29991200,29991200,29991200
2020-05-19 09:00:00,11042.0,11042.0,11042.0,29991200,29991200,29991200
2020-05-19 13:00:00,11056.6,11056.6,11056.6,29991200,29991200,29991200
2020-05-19 17:00:00,10961.7,10961.7,10961.7,29991200,29991200,29991200
2020-05-19 21:00:00,11031.4,11031.4,11031.4,29991200,29991200,29991200
2020-05-20 01:00:00,11061.6,11061.6,11061.6,29991200,29991200,29991200
2020-05-20 05:00:00,11073.1,11073.1,11073.1,29991200,29991200,29991200
2020-05-20 09:00:00,11118.4,11118.4,11118.4,29991200,29991200,29991200
2020-05-20 13:00:00,11198.0,11198.0,11198.0,29991200,29991200,29991200
2020-05-20 17:00:00,11224.3,11224.3,11224.3,29991200,29991200,29991200
2020-05-20 21:00:00,11193.2,11193.2,11193.2,29991200,29991200,29991200
2020-05-21 01:00:00,11160.7,11160.7,11160.7,29991200,29991200,29991200
2020-05-21 05:00:00,11098.4,11098.4,11098.4,29991200,29991200,29991200
2020-05-21 09:00:00,11116.2,11116.2,11116.2,29991200,29991200,29991200
2020-05-21 13:00:00,11076.9,11076.9,11076.9,29991200,29991200,29991200
2020-05-21 17:00:00,11051.3,11051.3,11051.3,29991200,29991200,29991200
2020-05-21 21:00:00,11098.9,11098.9,11098.9,29991200,29991200,29991200
2020-05-22 01:00:00,10962.6,10962.6,10962.6,29991200,29991200,29991200
2020-05-22 05:00:00,11000.4,11000.4,11000.4,29991200,29991200,29991200
2020-05-22 09:00:00,11113.0,11113.0,11113.0,29991200,29991200,29991200
2020-05-22 13:00:00,11096.4,11096.4,11096.4,29991200,29991200,29991200
2020-05-22 17:00:00,11147.6,11147.6,11147.6,29991200,29991200,29991200
2020-05-24 21:00:00,11153.6,11153.6,11153.6,29991200,29991200,29991200
2020-05-25 01:00:00,11155.4,11155.4,11155.4,29991200,29991200,29991200
2020-05-25 05:00:00,11274.3,11274.3,11274.3,29991200,29991200,29991200
2020-05-25 09:00:00,11350.9,11350.9,11350.9,29991200,29991200,29991200
2020-05-25 13:00:00,11374.7,11374.7,11374.7,29991200,29991200,29991200
2020-05-25 17:00:00,11392.6,11392.6,11392.6,29991200,29991200,29991200
2020-05-25 21:00:00,11377.7,11377.7,11377.7,29991200,29991200,29991200
2020-05-26 01:00:00,11497.9,11497.9,11497.9,29991200,29991200,29991200
2020-05-26 05:00:00,11480.2,11480.2,11480.2,29991200,29991200,29991200
2020-05-26 09:00:00,11493.0,11493.0,11493.0,29991200,29991200,29991200
2020-05-26 13:00:00,11519.2,11519.2,11519.2,29991200,29991200,29991200
2020-05-26 17:00:00,11476.6,11476.6,11476.6,29991200,29991200,29991200
2020-05-26 21:00:00,11494.2,11494.2,11494.2,29991200,29991200,29991200
2020-05-27 01:00:00,11579.2,11579.2,11579.2,29991200,29991200,29991200
2020-05-27 05:00:00,11643.1,11643.1,11643.1,29991200,29991200,29991200
2020-05-27 09:00:00,11699.1,11699.1,11699.1,29991200,29991200,29991200
2020-05-27 13:00:00,11672.7,11672.7,11672.7,29991200,29991200,29991200
2020-05-27 17:00:00,11741.8,11741.8,11741.8,29991200,29991200,29991200
2020-05-27 21:00:00,11791.9,11791.9,11791.9,29991200,29991200,29991200
2020-05-28 01:00:00,11766.4,11766.4,11766.4,29991200,29991200,29991200
2020-05-28 05:00:00,11728.4,11728.4,11728.4,29991200,29991200,29991200
2020-05-28 09:00:00,11744.5,11744.5,11744.5,29991200,29991200,29991200
2020-05-28 13:00:00,11798.4,11798.4,11798.4,29991200,29991200,29991200
2020-05-28 17:00:00,11718.7,11718.7,11718.7,29991200,29991200,29991200
2020-05-28 21:00:00,11613.9,11613.9,11613.9,29991200,29991200,29991200
2020-05-29 01:00:00,11663.9,11663.9,11663.9,29991200,29991200,29991200
2020-05-29 05:00:00,11593.7,11593.7,11593.7,29991200,29991200,29991200
2020-05-29 09:00:00,11675.2,11675.2,11675.2,29991200,29991200,29991200
2020-05-29 13:00:00,11603.9,11603.9,11603.9,29991200,29991200,29991200
2020-05-29 17:00:00,11722.7,11722.7,11722.7,29991200,29991200,29991200
2020-05-31 21:00:00,11693.7,11693.7,11693.7,29991200,29991200,29991200
2020-06-01 01:00:00,11747.2,11747.2,11747.2,29991200,29991200,29991200
2020-06-01 05:00:00,11681.1,11681.1,11681.1,29991200,29991200,29991200
2020-06-01 09:00:00,11736.1,11736.1,11736.1,29991200,29991200,29991200
2020-06-01 13:00:00,11866.7,11866.7,11866.7,29991200,29991200,29991200
2020-06-01 17:00:00,11931.7,11931.7,11931.7,29991200,29991200,29991200
2020-06-01 21:00:00,11915.2,11915.2,11915.2,29991200,29991200,29991200
2020-06-02 01:00:00,11906.4,11906.4,11906.4,29991200,29991200,29991200
2020-06-02 05:00:00,11979.2,11979.2,11979.2,29991200,29991200,29991200
2020-06-02 09:00:00,11990.8,11990.8,11990.8,29991200,29991200,29991200
2020-06-02 13:00:00,12022.6,12022.6,12022.6,29991200,29991200,29991200
2020-06-02 17:00:00,12078.8,12078.8,12078.8,29991200,29991200,29991200
2020-06-02 21:00:00,12138.6,12138.6,12138.6,29991200,29991200,29991200
2020-06-03 01:00:00,12142.1,12142.1,12142.1,29991200,29991200,29991200
2020-06-03 05:00:00,12242.3,12242.3,12242.3,29991200,29991200,29991200
2020-06-03 09:00:00,12316.3,12316.3,12316.3,29991200,29991200,29991200
2020-06-03 13:00:00,12457.0,12457.0,12457.0,29991200,29991200,29991200
2020-06-03 17:00:00,12514.2,12514.2,12514.2,29991200,29991200,29991200
2020-06-03 21:00:00,12487.0,12487.0,12487.0,29991200,29991200,29991200
2020-06-04 01:00:00,12490.3,12490.3,12490.3,29991200,29991200,29991200
2020-06-04 05:00:00,12415.9,12415.9,12415.9,29991200,29991200,29991200
2020-06-04 09:00:00,12373.3,12373.3,12373.3,29991200,29991200,29991200
2020-06-04 13:00:00,12373.5,12373.5,12373.5,29991200,29991200,29991200
2020-06-04 17:00:00,12430.8,12430.8,12430.8,29991200,29991200,29991200
2020-06-04 21:00:00,12412.8,12412.8,12412.8,29991200,29991200,29991200
2020-06-05 01:00:00,12536.5,12536.5,12536.5,29991200,29991200,29991200
2020-06-05 05:00:00,12672.9,12672.9,12672.9,29991200,29991200,29991200
2020-06-05 09:00:00,12720.9,12720.9,12720.9,29991200,29991200,29991200
2020-06-05 13:00:00,12804.7,12804.7,12804.7,29991200,29991200,29991200
2020-06-05 17:00:00,12762.5,12762.5,12762.5,29991200,29991200,29991200
2020-06-07 21:00:00,12824.5,12824.5,12824.5,29991200,29991200,29991200
2020-06-08 01:00:00,12806.7,12806.7,12806.7,29991200,29991200,29991200
2020-06-08 05:00:00,12806.5,12806.5,12806.5,29991200,29991200,29991200
2020-06-08 09:00:00,12868.8,12868.8,12868.8,29991200,29991200,29991200
2020-06-08 13:00:00,12814.8,12814.8,12814.8,29991200,29991200,29991200
2020-06-08 17:00:00,12911.1,12911.1,12911.1,29991200,29991200,29991200
2020-06-08 21:00:00,12869.0,12869.0,12869.0,29991200,29991200,29991200
2020-06-09 01:00:00,12862.8,12862.8,12862.8,29991200,29991200,29991200
2020-06-09 05:00:00,12537.0,12537.0,12537.0,29991200,29991200,29991200
2020-06-09 09:00:00,12604.7,12604.7,12604.7,29991200,29991200,29991200
2020-06-09 13:00:00,12634.7,12634.7,12634.7,29991200,29991200,29991200
2020-06-09 17:00:00,12615.9,12615.9,12615.9,29991200,29991200,29991200
2020-06-09 21:00:00,12678.5,12678.5,12678.5,29991200,29991200,29991200
2020-06-10 01:00:00,12706.7,12706.7,12706.7,29991200,29991200,29991200
2020-06-10 05:00:00,12615.5,12615.5,12615.5,29991200,29991200,29991200
2020-06-10 09:00:00,12649.9,12649.9,12649.9,29991200,29991200,29991200
2020-06-10 13:00:00,12551.4,12551.4,12551.4,29991200,29991200,29991200
2020-06-10 17:00:00,12481.8,12481.8,12481.8,29991200,29991200,29991200
2020-06-10 21:00:00,12452.6,12452.6,12452.6,29991200,29991200,29991200
2020-06-11 01:00:00,12339.4,12339.4,12339.4,29991200,29991200,29991200
2020-06-11 05:00:00,12188.9,12188.9,12188.9,29991200,29991200,29991200
2020-06-11 09:00:00,12169.7,12169.7,12169.7,29991200,29991200,29991200
2020-06-11 13:00:00,11860.0,11860.0,11860.0,29991200,29991200,29991200
2020-06-11 17:00:00,11850.5,11850.5,11850.5,29991200,29991200,29991200
2020-06-11 21:00:00,11833.8,11833.8,11833.8,29991200,29991200,29991200
2020-06-12 01:00:00,11938.0,11938.0,11938.0,29991200,29991200,29991200
2020-06-12 05:00:00,12115.9,12115.9,12115.9,29991200,29991200,29991200
2020-06-12 09:00:00,12069.1,12069.1,12069.1,29991200,29991200,29991200
2020-06-12 13:00:00,11990.9,11990.9,11990.9,29991200,29991200,29991200
2020-06-12 17:00:00,12008.2,12008.2,12008.2,29991200,29991200,29991200
2020-06-14 21:00:00,11830.4,11830.4,11830.4,29991200,29991200,29991200
2020-06-15 01:00:00,11795.9,11795.9,11795.9,29991200,29991200,29991200
2020-06-15 05:00:00,11795.7,11795.7,11795.7,29991200,29991200,29991200
2020-06-15 09:00:00,11833.6,11833.6,11833.6,29991200,29991200,29991200
2020-06-15 13:00:00,11988.7,11988.7,11988.7,29991200,29991200,29991200
2020-06-15 17:00:00,12119.8,12119.8,12119.8,29991200,29991200,29991200
2020-06-15 21:00:00,12195.4,12195.4,12195.4,29991200,29991200,29991200
2020-06-16 01:00:00,12270.4,12270.4,12270.4,29991200,29991200,29991200
2020-06-16 05:00:00,12216.4,12216.4,12216.4,29991200,29991200,29991200
2020-06-16 09:00:00,12387.2,12387.2,12387.2,29991200,29991200,29991200
2020-06-16 13:00:00,12340.2,12340.2,12340.2,29991200,29991200,29991200
2020-06-16 17:00:00,12298.4,12298.4,12298.4,29991200,29991200,29991200
2020-06-16 21:00:00,12328.7,12328.7,12328.7,29991200,29991200,29991200
2020-06-17 01:00:00,12310.9,12310.9,12310.9,29991200,29991200,29991200
2020-06-17 05:00:00,12390.4,12390.4,12390.4,29991200,29991200,29991200
2020-06-17 09:00:00,12409.2,12409.2,12409.2,29991200,29991200,29991200
2020-06-17 13:00:00,12403.1,12403.1,12403.1,29991200,29991200,29991200
2020-06-17 17:00:00,12348.7,12348.7,12348.7,29991200,29991200,29991200
2020-06-17 21:00:00,12261.1,12261.1,12261.1,29991200,29991200,29991200
2020-06-18 01:00:00,12309.8,12309.8,12309.8,29991200,29991200,29991200
2020-06-18 05:00:00,12409.3,12409.3,12409.3,29991200,29991200,29991200
2020-06-18 09:00:00,12249.8,12249.8,12249.8,29991200,29991200,29991200
2020-06-18 13:00:00,12274.9,12274.9,12274.9,29991200,29991200,29991200
2020-06-18 17:00:00,12268.1,12268.1,12268.1,29991200,29991200,29991200
2020-06-18 21:00:00,12266.4,12266.4,12266.4,29991200,29991200,29991200
2020-06-19 01:00:00,12275.2,12275.2,12275.2,29991200,29991200,29991200
2020-06-19 05:00:00,12368.0,12368.0,12368.0,29991200,29991200,29991200
2020-06-19 09:00:00,12421.1,12421.1,12421.1,29991200,29991200,29991200
2020-06-19 13:00:00,12265.9,12265.9,12265.9,29991200,29991200,29991200
2020-06-19 17:00:00,12115.3,12115.3,12115.3,29991200,29991200,29991200
2020-06-21 21:00:00,12144.4,12144.4,12144.4,29991200,29991200,29991200
2020-06-22 01:00:00,12231.6,12231.6,12231.6,29991200,29991200,29991200
2020-06-22 05:00:00,12369.0,12369.0,12369.0,29991200,29991200,29991200
2020-06-22 09:00:00,12268.9,12268.9,12268.9,29991200,29991200,29991200
2020-06-22 13:00:00,12329.1,12329.1,12329.1,29991200,29991200,29991200
2020-06-22 17:00:00,12360.2,12360.2,12360.2,29991200,29991200,29991200
2020-06-22 21:00:00,12384.1,12384.1,12384.1,29991200,29991200,29991200
2020-06-23 01:00:00,12365.6,12365.6,12365.6,29991200,29991200,29991200
2020-06-23 05:00:00,12505.7,12505.7,12505.7,29991200,29991200,29991200
2020-06-23 09:00:00,12590.2,12590.2,12590.2,29991200,29991200,29991200
2020-06-23 13:00:00,12499.5,12499.5,12499.5,29991200,29991200,29991200
2020-06-23 17:00:00,12422.2,12422.2,12422.2,29991200,29991200,29991200
2020-06-23 21:00:00,12495.5,12495.5,12495.5,29991200,29991200,29991200
2020-06-24 01:00:00,12493.2,12493.2,12493.2,29991200,29991200,29991200
2020-06-24 05:00:00,12305.0,12305.0,12305.0,29991200,29991200,29991200
2020-06-24 09:00:00,12324.2,12324.2,12324.2,29991200,29991200,29991200
2020-06-24 13:00:00,12163.9,12163.9,12163.9,29991200,29991200,29991200
2020-06-24 17:00:00,12185.8,12185.8,12185.8,29991200,29991200,29991200
2020-06-24 21:00:00,12212.1,12212.1,12212.1,29991200,29991200,29991200
2020-06-25 01:00:00,12095.6,12095.6,12095.6,29991200,29991200,29991200
2020-06-25 05:00:00,12194.0,12194.0,12194.0,29991200,29991200,29991200
2020-06-25 09:00:00,12096.2,12096.2,12096.2,29991200,29991200,29991200
2020-06-25 13:00:00,12260.5,12260.5,12260.5,29991200,29991200,29991200
2020-06-25 17:00:00,12333.3,12333.3,12333.3,29991200,29991200,29991200
2020-06-25 21:00:00,12314.8,12314.8,12314.8,29991200,29991200,29991200
2020-06-26 01:00:00,12348.3,12348.3,12348.3,29991200,29991200,29991200
2020-06-26 05:00:00,12263.4,12263.4,12263.4,29991200,29991200,29991200
2020-06-26 09:00:00,12239.4,12239.4,12239.4,29991200,29991200,29991200
2020-06-26 13:00:00,12083.2,12083.2,12083.2,29991200,29991200,29991200
2020-06-26 17:00:00,12071.4,12071.4,12071.4,29991200,29991200,29991200
2020-06-28 21:00:00,12056.0,12056.0,12056.0,29991200,29991200,29991200
2020-06-29 01:00:00,11991.0,11991.0,11991.0,29991200,29991200,29991200
2020-06-29 05:00:00,12154.4,12154.4,12154.4,29991200,29991200,29991200
2020-06-29 09:00:00,12146.9,12146.9,12146.9,29991200,29991200,29991200
2020-06-29 13:00:00,12255.6,12255.6,12255.6,29991200,29991200,29991200
2020-06-29 17:00:00,12301.2,12301.2,12301.2,29991200,29991200,29991200
2020-06-29 21:00:00,12293.4,12293.4,12293.4,29991200,29991200,29991200
2020-06-30 01:00:00,12298.9,12298.9,12298.9,29991200,29991200,29991200
2020-06-30 05:00:00,12201.8,12201.8,12201.8,29991200,29991200,29991200
2020-06-30 09:00:00,12230.1,12230.1,12230.1,29991200,29991200,29991200
2020-06-30 13:00:00,12287.1,12287.1,12287.1,29991200,29991200,29991200
2020-06-30 17:00:00,12352.0,12352.0,12352.0,29991200,29991200,29991200
2020-06-30 21:00:00,12380.6,12380.6,12380.6,29991200,29991200,29991200
2020-07-01 01:00:00,12342.6,12342.6,12342.6,29991200,29991200,29991200
2020-07-01 05:00:00,12332.7,12332.7,12332.7,29991200,29991200,29991200
2020-07-01 09:00:00,12299.8,12299.8,12299.8,29991200,29991200,29991200
2020-07-01 13:00:00,12308.8,12308.8,12308.8,29991200,29991200,29991200
2020-07-01 17:00:00,12289.8,12289.8,12289.8,29991200,29991200,29991200
2020-07-01 21:00:00,12256.8,12256.8,12256.8,29991200,29991200,29991200
2020-07-02 01:00:00,12334.0,12334.0,12334.0,29991200,29991200,29991200
2020-07-02 05:00:00,12514.8,12514.8,12514.8,29991200,29991200,29991200
2020-07-02 09:00:00,12574.0,12574.0,12574.0,29991200,29991200,29991200
2020-07-02 13:00:00,12604.5,12604.5,12604.5,29991200,29991200,29991200
2020-07-02 17:00:00,12568.1,12568.1,12568.1,29991200,29991200,29991200
2020-07-02 21:00:00,12587.0,12587.0,12587.0,29991200,29991200,29991200
2020-07-03 01:00:00,12591.8,12591.8,12591.8,29991200,29991200,29991200
2020-07-03 05:00:00,12627.9,12627.9,12627.9,29991200,29991200,29991200
2020-07-03 09:00:00,12540.7,12540.7,12540.7,29991200,29991200,29991200
2020-07-03 13:00:00,12547.6,12547.6,12547.6,29991200,29991200,29991200
2020-07-03 17:00:00,12583.9,12583.9,12583.9,29991200,29991200,29991200
2020-07-05 21:00:00,12662.4,12662.4,12662.4,29991200,29991200,29991200
2020-07-06 01:00:00,12779.4,12779.4,12779.4,29991200,29991200,29991200
2020-07-06 05:00:00,12718.5,12718.5,12718.5,29991200,29991200,29991200
2020-07-06 09:00:00,12741.8,12741.8,12741.8,29991200,29991200,29991200
2020-07-06 13:00:00,12722.4,12722.4,12722.4,29991200,29991200,29991200
2020-07-06 17:00:00,12743.5,12743.5,12743.5,29991200,29991200,29991200
2020-07-06 21:00:00,12797.9,12797.9,12797.9,29991200,29991200,29991200
2020-07-07 01:00:00,12717.4,12717.4,12717.4,29991200,29991200,29991200
2020-07-07 05:00:00,12566.6,12566.6,12566.6,29991200,29991200,29991200
2020-07-07 09:00:00,12569.5,12569.5,12569.5,29991200,29991200,29991200
2020-07-07 13:00:00,12621.1,12621.1,12621.1,29991200,29991200,29991200
2020-07-07 17:00:00,12525.5,12525.5,12525.5,29991200,29991200,29991200
2020-07-07 21:00:00,12556.6,12556.6,12556.6,29991200,29991200,29991200
2020-07-08 01:00:00,12544.9,12544.9,12544.9,29991200,29991200,29991200
2020-07-08 05:00:00,12609.9,12609.9,12609.9,29991200,29991200,29991200
2020-07-08 09:00:00,12547.5,12547.5,12547.5,29991200,29991200,29991200
2020-07-08 13:00:00,12536.6,12536.6,12536.6,29991200,29991200,29991200
2020-07-08 17:00:00,12604.2,12604.2,12604.2,29991200,29991200,29991200
2020-07-08 21:00:00,12620.1,12620.1,12620.1,29991200,29991200,29991200
2020-07-09 01:00:00,12655.1,12655.1,12655.1,29991200,29991200,29991200
2020-07-09 05:00:00,12647.0,12647.0,12647.0,29991200,29991200,29991200
2020-07-09 09:00:00,12688.1,12688.1,12688.1,29991200,29991200,29991200
2020-07-09 13:00:00,12535.3,12535.3,12535.3,29991200,29991200,29991200
2020-07-09 17:00:00,12564.0,12564.0,12564.0,29991200,29991200,29991200
2020-07-09 21:00:00,12551.1,12551.1,12551.1,29991200,29991200,29991200
2020-07-10 01:00:00,12493.6,12493.6,12493.6,29991200,29991200,29991200
2020-07-10 05:00:00,12513.1,12513.1,12513.1,29991200,29991200,29991200
2020-07-10 09:00:00,12576.2,12576.2,12576.2,29991200,29991200,29991200
2020-07-10 13:00:00,12650.6,12650.6,12650.6,29991200,29991200,29991200
2020-07-10 17:00:00,12725.0,12725.0,12725.0,29991200,29991200,29991200
2020-07-12 21:00:00,12746.4,12746.4,12746.4,29991200,29991200,29991200
2020-07-13 01:00:00,12778.4,12778.4,12778.4,29991200,29991200,29991200
2020-07-13 05:00:00,12736.2,12736.2,12736.2,29991200,29991200,29991200
2020-07-13 09:00:00,12748.0,12748.0,12748.0,29991200,29991200,29991200
2020-07-13 13:00:00,12787.6,12787.6,12787.6,29991200,29991200,29991200
2020-07-13 17:00:00,12569.9,12569.9,12569.9,29991200,29991200,29991200
2020-07-13 21:00:00,12600.1,12600.1,12600.1,29991200,29991200,29991200
2020-07-14 01:00:00,12567.3,12567.3,12567.3,29991200,29991200,29991200
2020-07-14 05:00:00,12603.1,12603.1,12603.1,29991200,29991200,29991200
2020-07-14 09:00:00,12578.9,12578.9,12578.9,29991200,29991200,29991200
2020-07-14 13:00:00,12683.5,12683.5,12683.5,29991200,29991200,29991200
2020-07-14 17:00:00,12756.6,12756.6,12756.6,29991200,29991200,29991200
2020-07-14 21:00:00,12862.8,12862.8,12862.8,29991200,29991200,29991200
2020-07-15 01:00:00,12857.5,12857.5,12857.5,29991200,29991200,29991200
2020-07-15 05:00:00,12802.3,12802.3,12802.3,29991200,29991200,29991200
2020-07-15 09:00:00,12926.6,12926.6,12926.6,29991200,29991200,29991200
2020-07-15 13:00:00,12913.7,12913.7,12913.7,29991200,29991200,29991200
2020-07-15 17:00:00,12925.3,12925.3,12925.3,29991200,29991200,29991200
2020-07-15 21:00:00,12870.5,12870.5,12870.5,29991200,29991200,29991200
2020-07-16 01:00:00,12861.5,12861.5,12861.5,29991200,29991200,29991200
2020-07-16 05:00:00,12834.7,12834.7,12834.7,29991200,29991200,29991200
2020-07-16 09:00:00,12864.7,12864.7,12864.7,29991200,29991200,29991200
2020-07-16 13:00:00,12882.8,12882.8,12882.8,29991200,29991200,29991200
2020-07-16 17:00:00,12862.8,12862.8,12862.8,29991200,29991200,29991200
2020-07-16 21:00:00,12918.1,12918.1,12918.1,29991200,29991200,29991200
2020-07-17 01:00:00,12896.8,12896.8,12896.8,29991200,29991200,29991200
2020-07-17 05:00:00,12901.6,12901.6,12901.6,29991200,29991200,29991200
2020-07-17 09:00:00,12909.6,12909.6,12909.6,29991200,29991200,29991200
2020-07-17 13:00:00,12933.3,12933.3,12933.3,29991200,29991200,29991200
2020-07-17 17:00:00,12971.8,12971.8,12971.8,29991200,29991200,29991200
2020-07-19 21:00:00,12950.8,12950.8,12950.8,29991200,29991200,29991200
2020-07-20 01:00:00,12927.8,12927.8,12927.8,29991200,29991200,29991200
2020-07-20 05:00:00,12980.0,12980.0,12980.0,29991200,29991200,29991200
2020-07-20 09:00:00,13003.2,13003.2,13003.2,29991200,29991200,29991200
2020-07-20 13:00:00,13050.5,13050.5,13050.5,29991200,29991200,29991200
2020-07-20 17:00:00,13081.0,13081.0,13081.0,29991200,29991200,29991200
2020-07-20 21:00:00,13107.3,13107.3,13107.3,29991200,29991200,29991200
2020-07-21 01:00:00,13155.5,13155.5,13155.5,29991200,29991200,29991200
2020-07-21 05:00:00,13298.4,13298.4,13298.4,29991200,29991200,29991200
2020-07-21 09:00:00,13249.6,13249.6,13249.6,29991200,29991200,29991200
2020-07-21 13:00:00,13144.5,13144.5,13144.5,29991200,29991200,29991200
2020-07-21 17:00:00,13096.8,13096.8,13096.8,29991200,29991200,29991200
2020-07-21 21:00:00,13119.5,13119.5,13119.5,29991200,29991200,29991200
2020-07-22 01:00:00,13111.0,13111.0,13111.0,29991200,29991200,29991200
2020-07-22 05:00:00,13116.4,13116.4,13116.4,29991200,29991200,29991200
2020-07-22 09:00:00,13116.9,13116.9,13116.9,29991200,29991200,29991200
2020-07-22 13:00:00,13126.1,13126.1,13126.1,29991200,29991200,29991200
2020-07-22 17:00:00,13135.3,13135.3,13135.3,29991200,29991200,29991200
2020-07-22 21:00:00,13112.9,13112.9,13112.9,29991200,29991200,29991200
2020-07-23 01:00:00,13133.4,13133.4,13133.4,29991200,29991200,29991200
2020-07-23 05:00:00,13171.2,13171.2,13171.2,29991200,29991200,29991200
2020-07-23 09:00:00,13107.1,13107.1,13107.1,29991200,29991200,29991200
2020-07-23 13:00:00,13046.3,13046.3,13046.3,29991200,29991200,29991200
2020-07-23 17:00:00,13000.0,13000.0,13000.0,29991200,29991200,29991200
2020-07-23 21:00:00,13031.3,13031.3,13031.3,29991200,29991200,29991200
2020-07-24 01:00:00,12941.8,12941.8,12941.8,29991200,29991200,29991200
2020-07-24 05:00:00,12868.9,12868.9,12868.9,29991200,29991200,29991200
2020-07-24 09:00:00,12879.0,12879.0,12879.0,29991200,29991200,29991200
2020-07-24 13:00:00,12819.5,12819.5,12819.5,29991200,29991200,29991200
2020-07-24 17:00:00,12811.2,12811.2,12811.2,29991200,29991200,29991200
2020-07-26 21:00:00,12864.5,12864.5,12864.5,29991200,29991200,29991200
2020-07-27 01:00:00,12864.5,12864.5,12864.5,29991200,29991200,29991200
2020-07-27 05:00:00,12853.2,12853.2,12853.2,29991200,29991200,29991200
2020-07-27 09:00:00,12832.5,12832.5,12832.5,29991200,29991200,29991200
2020-07-27 13:00:00,12867.5,12867.5,12867.5,29991200,29991200,29991200
2020-07-27 17:00:00,12892.4,12892.4,12892.4,29991200,29991200,29991200
2020-07-27 21:00:00,12947.0,12947.0,12947.0,29991200,29991200,29991200
2020-07-28 01:00:00,12899.3,12899.3,12899.3,29991200,29991200,29991200
2020-07-28 05:00:00,12900.4,12900.4,12900.4,29991200,29991200,29991200
2020-07-28 09:00:00,12799.4,12799.4,12799.4,29991200,29991200,29991200
2020-07-28 13:00:00,12835.2,12835.2,12835.2,29991200,29991200,29991200
2020-07-28 17:00:00,12786.2,12786.2,12786.2,29991200,29991200,29991200
2020-07-28 21:00:00,12808.7,12808.7,12808.7,29991200,29991200,29991200
2020-07-29 01:00:00,12756.5,12756.5,12756.5,29991200,29991200,29991200
2020-07-29 05:00:00,12797.9,12797.9,12797.9,29991200,29991200,29991200
2020-07-29 09:00:00,12816.7,12816.7,12816.7,29991200,29991200,29991200
2020-07-29 13:00:00,12817.2,12817.2,12817.2,29991200,29991200,29991200
2020-07-29 17:00:00,12895.0,12895.0,12895.0,29991200,29991200,29991200
2020-07-29 21:00:00,12861.7,12861.7,12861.7,29991200,29991200,29991200
2020-07-30 01:00:00,12840.5,12840.5,12840.5,29991200,29991200,29991200
2020-07-30 05:00:00,12519.4,12519.4,12519.4,29991200,29991200,29991200
2020-07-30 09:00:00,12409.0,12409.0,12409.0,29991200,29991200,29991200
2020-07-30 13:00:00,12434.2,12434.2,12434.2,29991200,29991200,29991200
2020-07-30 17:00:00,12532.3,12532.3,12532.3,29991200,29991200,29991200
2020-07-30 21:00:00,12405.9,12405.9,12405.9,29991200,29991200,29991200
2020-07-31 01:00:00,12351.7,12351.7,12351.7,29991200,29991200,29991200
2020-07-31 05:00:00,12477.7,12477.7,12477.7,29991200,29991200,29991200
2020-07-31 09:00:00,12472.7,12472.7,12472.7,29991200,29991200,29991200
2020-07-31 13:00:00,12221.6,12221.6,12221.6,29991200,29991200,29991200
2020-07-31 17:00:00,12352.3,12352.3,12352.3,29991200,29991200,29991200
2020-08-02 21:00:00,12337.1,12337.1,12337.1,29991200,29991200,29991200
2020-08-03 01:00:00,12365.1,12365.1,12365.1,29991200,29991200,29991200
2020-08-03 05:00:00,12449.5,12449.5,12449.5,29991200,29991200,29991200
2020-08-03 09:00:00,12601.5,12601.5,12601.5,29991200,29991200,29991200
2020-08-03 13:00:00,12622.3,12622.3,12622.3,29991200,29991200,29991200
2020-08-03 17:00:00,12659.7,12659.7,12659.7,29991200,29991200,29991200
2020-08-03 21:00:00,12694.8,12694.8,12694.8,29991200,29991200,29991200
2020-08-04 01:00:00,12671.0,12671.0,12671.0,29991200,29991200,29991200
2020-08-04 05:00:00,12608.1,12608.1,12608.1,29991200,29991200,29991200
2020-08-04 09:00:00,12557.7,12557.7,12557.7,29991200,29991200,29991200
2020-08-04 13:00:00,12595.5,12595.5,12595.5,29991200,29991200,29991200
2020-08-04 17:00:00,12615.5,12615.5,12615.5,29991200,29991200,29991200
2020-08-04 21:00:00,12592.8,12592.8,12592.8,29991200,29991200,29991200
2020-08-05 01:00:00,12611.3,12611.3,12611.3,29991200,29991200,29991200
2020-08-05 05:00:00,12715.7,12715.7,12715.7,29991200,29991200,29991200
2020-08-05 09:00:00,12659.4,12659.4,12659.4,29991200,29991200,29991200
2020-08-05 13:00:00,12630.8,12630.8,12630.8,29991200,29991200,29991200
2020-08-05 17:00:00,12610.0,12610.0,12610.0,29991200,29991200,29991200
2020-08-05 21:00:00,12676.3,12676.3,12676.3,29991200,29991200,29991200
2020-08-06 01:00:00,12592.0,12592.0,12592.0,29991200,29991200,29991200
2020-08-06 05:00:00,12661.9,12661.9,12661.9,29991200,29991200,29991200
2020-08-06 09:00:00,12663.8,12663.8,12663.8,29991200,29991200,29991200
2020-08-06 13:00:00,12623.2,12623.2,12623.2,29991200,29991200,29991200
2020-08-06 17:00:00,12659.1,12659.1,12659.1,29991200,29991200,29991200
2020-08-06 21:00:00,12640.2,12640.2,12640.2,29991200,29991200,29991200
2020-08-07 01:00:00,12585.5,12585.5,12585.5,29991200,29991200,29991200
2020-08-07 05:00:00,12584.6,12584.6,12584.6,29991200,29991200,29991200
2020-08-07 09:00:00,12625.1,12625.1,12625.1,29991200,29991200,29991200
2020-08-07 13:00:00,12672.0,12672.0,12672.0,29991200,29991200,29991200
2020-08-07 17:00:00,12706.8,12706.8,12706.8,29991200,29991200,29991200
2020-08-09 21:00:00,12699.2,12699.2,12699.2,29991200,29991200,29991200
2020-08-10 01:00:00,12742.0,12742.0,12742.0,29991200,29991200,29991200
2020-08-10 05:00:00,12644.3,12644.3,12644.3,29991200,29991200,29991200
2020-08-10 09:00:00,12699.6,12699.6,12699.6,29991200,29991200,29991200
2020-08-10 13:00:00,12709.5,12709.5,12709.5,29991200,29991200,29991200
2020-08-10 17:00:00,12741.5,12741.5,12741.5,29991200,29991200,29991200
2020-08-10 21:00:00,12758.8,12758.8,12758.8,29991200,29991200,29991200
2020-08-11 01:00:00,12779.8,12779.8,12779.8,29991200,29991200,29991200
2020-08-11 05:00:00,12998.4,12998.4,12998.4,29991200,29991200,29991200
2020-08-11 09:00:00,13003.6,13003.6,13003.6,29991200,29991200,29991200
2020-08-11 13:00:00,12941.8,12941.8,12941.8,29991200,29991200,29991200
2020-08-11 17:00:00,12861.5,12861.5,12861.5,29991200,29991200,29991200
2020-08-11 21:00:00,12840.6,12840.6,12840.6,29991200,29991200,29991200
2020-08-12 01:00:00,12833.6,12833.6,12833.6,29991200,29991200,29991200
2020-08-12 05:00:00,12922.1,12922.1,12922.1,29991200,29991200,29991200
2020-08-12 09:00:00,12984.8,12984.8,12984.8,29991200,29991200,29991200
2020-08-12 13:00:00,13057.2,13057.2,13057.2,29991200,29991200,29991200
2020-08-12 17:00:00,13062.6,13062.6,13062.6,29991200,29991200,29991200
2020-08-12 21:00:00,13034.7,13034.7,13034.7,29991200,29991200,29991200
2020-08-13 01:00:00,13070.2,13070.2,13070.2,29991200,29991200,29991200
2020-08-13 05:00:00,13037.8,13037.8,13037.8,29991200,29991200,29991200
2020-08-13 09:00:00,12996.6,12996.6,12996.6,29991200,29991200,29991200
2020-08-13 13:00:00,13003.9,13003.9,13003.9,29991200,29991200,29991200
2020-08-13 17:00:00,12970.9,12970.9,12970.9,29991200,29991200,29991200
2020-08-13 21:00:00,12972.4,12972.4,12972.4,29991200,29991200,29991200
2020-08-14 01:00:00,12982.9,12982.9,12982.9,29991200,29991200,29991200
2020-08-14 05:00:00,12813.9,12813.9,12813.9,29991200,29991200,29991200
2020-08-14 09:00:00,12864.4,12864.4,12864.4,29991200,29991200,29991200
2020-08-14 13:00:00,12870.7,12870.7,12870.7,29991200,29991200,29991200
2020-08-14 17:00:00,12861.8,12861.8,12861.8,29991200,29991200,29991200
2020-08-16 21:00:00,12859.2,12859.2,12859.2,29991200,29991200,29991200
2020-08-17 01:00:00,12885.2,12885.2,12885.2,29991200,29991200,29991200
2020-08-17 05:00:00,12923.0,12923.0,12923.0,29991200,29991200,29991200
2020-08-17 09:00:00,12933.2,12933.2,12933.2,29991200,29991200,29991200
2020-08-17 13:00:00,12927.4,12927.4,12927.4,29991200,29991200,29991200
2020-08-17 17:00:00,12927.5,12927.5,12927.5,29991200,29991200,29991200
2020-08-17 21:00:00,12928.4,12928.4,12928.4,29991200,29991200,29991200
2020-08-18 01:00:00,12914.7,12914.7,12914.7,29991200,29991200,29991200
2020-08-18 05:00:00,12926.9,12926.9,12926.9,29991200,29991200,29991200
2020-08-18 09:00:00,12989.2,12989.2,12989.2,29991200,29991200,29991200
2020-08-18 13:00:00,12881.6,12881.6,12881.6,29991200,29991200,29991200
2020-08-18 17:00:00,12874.1,12874.1,12874.1,29991200,29991200,29991200
2020-08-18 21:00:00,12867.4,12867.4,12867.4,29991200,29991200,29991200
2020-08-19 01:00:00,12884.4,12884.4,12884.4,29991200,29991200,29991200
2020-08-19 05:00:00,12905.9,12905.9,12905.9,29991200,29991200,29991200
2020-08-19 09:00:00,12934.0,12934.0,12934.0,29991200,29991200,29991200
2020-08-19 13:00:00,12959.8,12959.8,12959.8,29991200,29991200,29991200
2020-08-19 17:00:00,12926.6,12926.6,12926.6,29991200,29991200,29991200
2020-08-19 21:00:00,12890.1,12890.1,12890.1,29991200,29991200,29991200
2020-08-20 01:00:00,12804.6,12804.6,12804.6,29991200,29991200,29991200
2020-08-20 05:00:00,12816.9,12816.9,12816.9,29991200,29991200,29991200
2020-08-20 09:00:00,12811.9,12811.9,12811.9,29991200,29991200,29991200
2020-08-20 13:00:00,12847.1,12847.1,12847.1,29991200,29991200,29991200
2020-08-20 17:00:00,12863.3,12863.3,12863.3,29991200,29991200,29991200
2020-08-20 21:00:00,12914.9,12914.9,12914.9,29991200,29991200,29991200
2020-08-21 01:00:00,12900.6,12900.6,12900.6,29991200,29991200,29991200
2020-08-21 05:00:00,12866.6,12866.6,12866.6,29991200,29991200,29991200
2020-08-21 09:00:00,12665.4,12665.4,12665.4,29991200,29991200,29991200
2020-08-21 13:00:00,12749.2,12749.2,12749.2,29991200,29991200,29991200
2020-08-21 17:00:00,12788.0,12788.0,12788.0,29991200,29991200,29991200
2020-08-23 21:00:00,12800.5,12800.5,12800.5,29991200,29991200,29991200
2020-08-24 01:00:00,12819.7,12819.7,12819.7,29991200,29991200,29991200
2020-08-24 05:00:00,13060.4,13060.4,13060.4,29991200,29991200,29991200
2020-08-24 09:00:00,13068.1,13068.1,13068.1,29991200,29991200,29991200
2020-08-24 13:00:00,13052.8,13052.8,13052.8,29991200,29991200,29991200
2020-08-24 17:00:00,13067.3,13067.3,13067.3,29991200,29991200,29991200
2020-08-24 21:00:00,13162.8,13162.8,13162.8,29991200,29991200,29991200
2020-08-25 01:00:00,13160.6,13160.6,13160.6,29991200,29991200,29991200
2020-08-25 05:00:00,13145.0,13145.0,13145.0,29991200,29991200,29991200
2020-08-25 09:00:00,13169.3,13169.3,13169.3,29991200,29991200,29991200
2020-08-25 13:00:00,13034.3,13034.3,13034.3,29991200,29991200,29991200
2020-08-25 17:00:00,13099.2,13099.2,13099.2,29991200,29991200,29991200
2020-08-25 21:00:00,13092.3,13092.3,13092.3,29991200,29991200,29991200
2020-08-26 01:00:00,13089.1,13089.1,13089.1,29991200,29991200,29991200
2020-08-26 05:00:00,13132.4,13132.4,13132.4,29991200,29991200,29991200
2020-08-26 09:00:00,13127.9,13127.9,13127.9,29991200,29991200,29991200
2020-08-26 13:00:00,13208.9,13208.9,13208.9,29991200,29991200,29991200
2020-08-26 17:00:00,13243.1,13243.1,13243.1,29991200,29991200,29991200
2020-08-26 21:00:00,13216.1,13216.1,13216.1,29991200,29991200,29991200
2020-08-27 01:00:00,13194.9,13194.9,13194.9,29991200,29991200,29991200
2020-08-27 05:00:00,13163.7,13163.7,13163.7,29991200,29991200,29991200
2020-08-27 09:00:00,13159.3,13159.3,13159.3,29991200,29991200,29991200
2020-08-27 13:00:00,13033.4,13033.4,13033.4,29991200,29991200,29991200
2020-08-27 17:00:00,13082.1,13082.1,13082.1,29991200,29991200,29991200
2020-08-27 21:00:00,13100.4,13100.4,13100.4,29991200,29991200,29991200
2020-08-28 01:00:00,13176.1,13176.1,13176.1,29991200,29991200,29991200
2020-08-28 05:00:00,13061.2,13061.2,13061.2,29991200,29991200,29991200
2020-08-28 09:00:00,13064.8,13064.8,13064.8,29991200,29991200,29991200
2020-08-28 13:00:00,13045.2,13045.2,13045.2,29991200,29991200,29991200
2020-08-28 17:00:00,13066.1,13066.1,13066.1,29991200,29991200,29991200
2020-08-30 21:00:00,13140.0,13140.0,13140.0,29991200,29991200,29991200
2020-08-31 01:00:00,13122.0,13122.0,13122.0,29991200,29991200,29991200
2020-08-31 05:00:00,13142.3,13142.3,13142.3,29991200,29991200,29991200
2020-08-31 09:00:00,13038.2,13038.2,13038.2,29991200,29991200,29991200
2020-08-31 13:00:00,12981.9,12981.9,12981.9,29991200,29991200,29991200
2020-08-31 17:00:00,12933.3,12933.3,12933.3,29991200,29991200,29991200
2020-08-31 21:00:00,12958.2,12958.2,12958.2,29991200,29991200,29991200
2020-09-01 01:00:00,13009.4,13009.4,13009.4,29991200,29991200,29991200
2020-09-01 05:00:00,12991.9,12991.9,12991.9,29991200,29991200,29991200
2020-09-01 09:00:00,12951.0,12951.0,12951.0,29991200,29991200,29991200
2020-09-01 13:00:00,12967.1,12967.1,12967.1,29991200,29991200,29991200
2020-09-01 17:00:00,13000.0,13000.0,13000.0,29991200,29991200,29991200
2020-09-01 21:00:00,13056.6,13056.6,13056.6,29991200,29991200,29991200
2020-09-02 01:00:00,13036.8,13036.8,13036.8,29991200,29991200,29991200
2020-09-02 05:00:00,13268.7,13268.7,13268.7,29991200,29991200,29991200
2020-09-02 09:00:00,13220.5,13220.5,13220.5,29991200,29991200,29991200
2020-09-02 13:00:00,13270.7,13270.7,13270.7,29991200,29991200,29991200
2020-09-02 17:00:00,13341.6,13341.6,13341.6,29991200,29991200,29991200
2020-09-02 21:00:00,13322.4,13322.4,13322.4,29991200,29991200,29991200
2020-09-03 01:00:00,13322.4,13322.4,13322.4,29991200,29991200,29991200
2020-09-03 05:00:00,13435.7,13435.7,13435.7,29991200,29991200,29991200
2020-09-03 09:00:00,13370.6,13370.6,13370.6,29991200,29991200,29991200
2020-09-03 13:00:00,13004.4,13004.4,13004.4,29991200,29991200,29991200
2020-09-03 17:00:00,13024.8,13024.8,13024.8,29991200,29991200,29991200
2020-09-03 21:00:00,13016.4,13016.4,13016.4,29991200,29991200,29991200
2020-09-04 01:00:00,13038.6,13038.6,13038.6,29991200,29991200,29991200
2020-09-04 05:00:00,13072.2,13072.2,13072.2,29991200,29991200,29991200
2020-09-04 09:00:00,13053.7,13053.7,13053.7,29991200,29991200,29991200
2020-09-04 13:00:00,12919.5,12919.5,12919.5,29991200,29991200,29991200
2020-09-04 17:00:00,12938.7,12938.7,12938.7,29991200,29991200,29991200
2020-09-06 21:00:00,12962.5,12962.5,12962.5,29991200,29991200,29991200
2020-09-07 01:00:00,12924.5,12924.5,12924.5,29991200,29991200,29991200
2020-09-07 05:00:00,12988.0,12988.0,12988.0,29991200,29991200,29991200
2020-09-07 09:00:00,13060.9,13060.9,13060.9,29991200,29991200,29991200
2020-09-07 13:00:00,13107.9,13107.9,13107.9,29991200,29991200,29991200
2020-09-07 17:00:00,13121.7,13121.7,13121.7,29991200,29991200,29991200
2020-09-07 21:00:00,13111.6,13111.6,13111.6,29991200,29991200,29991200
2020-09-08 01:00:00,13115.4,13115.4,13115.4,29991200,29991200,29991200
2020-09-08 05:00:00,13022.7,13022.7,13022.7,29991200,29991200,29991200
2020-09-08 09:00:00,12882.9,12882.9,12882.9,29991200,29991200,29991200
2020-09-08 13:00:00,13000.5,13000.5,13000.5,29991200,29991200,29991200
2020-09-08 17:00:00,12924.9,12924.9,12924.9,29991200,29991200,29991200
2020-09-08 21:00:00,12927.2,12927.2,12927.2,29991200,29991200,29991200
2020-09-09 01:00:00,12958.0,12958.0,12958.0,29991200,29991200,29991200
2020-09-09 05:00:00,13076.3,13076.3,13076.3,29991200,29991200,29991200
2020-09-09 09:00:00,13121.3,13121.3,13121.3,29991200,29991200,29991200
2020-09-09 13:00:00,13279.1,13279.1,13279.1,29991200,29991200,29991200
2020-09-09 17:00:00,13253.7,13253.7,13253.7,29991200,29991200,29991200
2020-09-09 21:00:00,13252.4,13252.4,13252.4,29991200,29991200,29991200
2020-09-10 01:00:00,13258.6,13258.6,13258.6,29991200,29991200,29991200
2020-09-10 05:00:00,13224.3,13224.3,13224.3,29991200,29991200,29991200
2020-09-10 09:00:00,13240.2,13240.2,13240.2,29991200,29991200,29991200
2020-09-10 13:00:00,13155.4,13155.4,13155.4,29991200,29991200,29991200
2020-09-10 17:00:00,13121.8,13121.8,13121.8,29991200,29991200,29991200
2020-09-10 21:00:00,13163.2,13163.2,13163.2,29991200,29991200,29991200
2020-09-11 01:00:00,13187.7,13187.7,13187.7,29991200,29991200,29991200
2020-09-11 05:00:00,13150.2,13150.2,13150.2,29991200,29991200,29991200
2020-09-11 09:00:00,13190.3,13190.3,13190.3,29991200,29991200,29991200
2020-09-11 13:00:00,13153.1,13153.1,13153.1,29991200,29991200,29991200
2020-09-11 17:00:00,13175.9,13175.9,13175.9,29991200,29991200,29991200
2020-09-13 21:00:00,13245.1,13245.1,13245.1,29991200,29991200,29991200
2020-09-14 01:00:00,13275.1,13275.1,13275.1,29991200,29991200,29991200
2020-09-14 05:00:00,13220.6,13220.6,13220.6,29991200,29991200,29991200
2020-09-14 09:00:00,13212.1,13212.1,13212.1,29991200,29991200,29991200
2020-09-14 13:00:00,13178.5,13178.5,13178.5,29991200,29991200,29991200
2020-09-14 17:00:00,13161.6,13161.6,13161.6,29991200,29991200,29991200
2020-09-14 21:00:00,13148.5,13148.5,13148.5,29991200,29991200,29991200
2020-09-15 01:00:00,13193.3,13193.3,13193.3,29991200,29991200,29991200
2020-09-15 05:00:00,13196.2,13196.2,13196.2,29991200,29991200,29991200
2020-09-15 09:00:00,13257.2,13257.2,13257.2,29991200,29991200,29991200
2020-09-15 13:00:00,13218.8,13218.8,13218.8,29991200,29991200,29991200
2020-09-15 17:00:00,13224.1,13224.1,13224.1,29991200,29991200,29991200
2020-09-15 21:00:00,13209.1,13209.1,13209.1,29991200,29991200,29991200
2020-09-16 01:00:00,13227.6,13227.6,13227.6,29991200,29991200,29991200
2020-09-16 05:00:00,13236.3,13236.3,13236.3,29991200,29991200,29991200
2020-09-16 09:00:00,13227.7,13227.7,13227.7,29991200,29991200,29991200
2020-09-16 13:00:00,13216.2,13216.2,13216.2,29991200,29991200,29991200
2020-09-16 17:00:00,13208.2,13208.2,13208.2,29991200,29991200,29991200
2020-09-16 21:00:00,13153.7,13153.7,13153.7,29991200,29991200,29991200
2020-09-17 01:00:00,13102.2,13102.2,13102.2,29991200,29991200,29991200
2020-09-17 05:00:00,13154.2,13154.2,13154.2,29991200,29991200,29991200
2020-09-17 09:00:00,13130.3,13130.3,13130.3,29991200,29991200,29991200
2020-09-17 13:00:00,13201.9,13201.9,13201.9,29991200,29991200,29991200
2020-09-17 17:00:00,13225.6,13225.6,13225.6,29991200,29991200,29991200
2020-09-17 21:00:00,13204.7,13204.7,13204.7,29991200,29991200,29991200
2020-09-18 01:00:00,13218.7,13218.7,13218.7,29991200,29991200,29991200
2020-09-18 05:00:00,13216.0,13216.0,13216.0,29991200,29991200,29991200
2020-09-18 09:00:00,13229.7,13229.7,13229.7,29991200,29991200,29991200
2020-09-18 13:00:00,13118.8,13118.8,13118.8,29991200,29991200,29991200
2020-09-18 17:00:00,13147.0,13147.0,13147.0,29991200,29991200,29991200
2020-09-20 21:00:00,13137.1,13137.1,13137.1,29991200,29991200,29991200
2020-09-21 01:00:00,13080.8,13080.8,13080.8,29991200,29991200,29991200
2020-09-21 05:00:00,12744.0,12744.0,12744.0,29991200,29991200,29991200
2020-09-21 09:00:00,12709.6,12709.6,12709.6,29991200,29991200,29991200
2020-09-21 13:00:00,12549.2,12549.2,12549.2,29991200,29991200,29991200
2020-09-21 17:00:00,12651.7,12651.7,12651.7,29991200,29991200,29991200
2020-09-21 21:00:00,12664.2,12664.2,12664.2,29991200,29991200,29991200
2020-09-22 01:00:00,12638.0,12638.0,12638.0,29991200,29991200,29991200
2020-09-22 05:00:00,12642.5,12642.5,12642.5,29991200,29991200,29991200
2020-09-22 09:00:00,12648.4,12648.4,12648.4,29991200,29991200,29991200
2020-09-22 13:00:00,12584.5,12584.5,12584.5,29991200,29991200,29991200
2020-09-22 17:00:00,12683.9,12683.9,12683.9,29991200,29991200,29991200
2020-09-22 21:00:00,12668.5,12668.5,12668.5,29991200,29991200,29991200
2020-09-23 01:00:00,12693.5,12693.5,12693.5,29991200,29991200,29991200
2020-09-23 05:00:00,12816.2,12816.2,12816.2,29991200,29991200,29991200
2020-09-23 09:00:00,12756.4,12756.4,12756.4,29991200,29991200,29991200
2020-09-23 13:00:00,12662.8,12662.8,12662.8,29991200,29991200,29991200
2020-09-23 17:00:00,12557.8,12557.8,12557.8,29991200,29991200,29991200
2020-09-23 21:00:00,12556.8,12556.8,12556.8,29991200,29991200,29991200
2020-09-24 01:00:00,12473.3,12473.3,12473.3,29991200,29991200,29991200
2020-09-24 05:00:00,12584.2,12584.2,12584.2,29991200,29991200,29991200
2020-09-24 09:00:00,12613.9,12613.9,12613.9,29991200,29991200,29991200
2020-09-24 13:00:00,12653.0,12653.0,12653.0,29991200,29991200,29991200
2020-09-24 17:00:00,12644.8,12644.8,12644.8,29991200,29991200,29991200
2020-09-24 21:00:00,12689.8,12689.8,12689.8,29991200,29991200,29991200
2020-09-25 01:00:00,12684.0,12684.0,12684.0,29991200,29991200,29991200
2020-09-25 05:00:00,12559.1,12559.1,12559.1,29991200,29991200,29991200
2020-09-25 09:00:00,12415.1,12415.1,12415.1,29991200,29991200,29991200
2020-09-25 13:00:00,12474.1,12474.1,12474.1,29991200,29991200,29991200
2020-09-25 17:00:00,12566.8,12566.8,12566.8,29991200,29991200,29991200
2020-09-27 21:00:00,12564.6,12564.6,12564.6,29991200,29991200,29991200
2020-09-28 01:00:00,12630.6,12630.6,12630.6,29991200,29991200,29991200
2020-09-28 05:00:00,12741.7,12741.7,12741.7,29991200,29991200,29991200
2020-09-28 09:00:00,12844.7,12844.7,12844.7,29991200,29991200,29991200
2020-09-28 13:00:00,12863.5,12863.5,12863.5,29991200,29991200,29991200
2020-09-28 17:00:00,12890.3,12890.3,12890.3,29991200,29991200,29991200
2020-09-28 21:00:00,12903.0,12903.0,12903.0,29991200,29991200,29991200
2020-09-29 01:00:00,12933.0,12933.0,12933.0,29991200,29991200,29991200
2020-09-29 05:00:00,12788.4,12788.4,12788.4,29991200,29991200,29991200
2020-09-29 09:00:00,12844.2,12844.2,12844.2,29991200,29991200,29991200
2020-09-29 13:00:00,12804.3,12804.3,12804.3,29991200,29991200,29991200
2020-09-29 17:00:00,12830.1,12830.1,12830.1,29991200,29991200,29991200
2020-09-29 21:00:00,12827.3,12827.3,12827.3,29991200,29991200,29991200
2020-09-30 01:00:00,12755.8,12755.8,12755.8,29991200,29991200,29991200
2020-09-30 05:00:00,12756.9,12756.9,12756.9,29991200,29991200,29991200
2020-09-30 09:00:00,12803.7,12803.7,12803.7,29991200,29991200,29991200
2020-09-30 13:00:00,12809.2,12809.2,12809.2,29991200,29991200,29991200
2020-09-30 17:00:00,12709.1,12709.1,12709.1,29991200,29991200,29991200
2020-09-30 21:00:00,12771.5,12771.5,12771.5,29991200,29991200,29991200
2020-10-01 01:00:00,12811.5,12811.5,12811.5,29991200,29991200,29991200
2020-10-01 05:00:00,12722.7,12722.7,12722.7,29991200,29991200,29991200
2020-10-01 09:00:00,12742.0,12742.0,12742.0,29991200,29991200,29991200
2020-10-01 13:00:00,12735.4,12735.4,12735.4,29991200,29991200,29991200
2020-10-01 17:00:00,12711.5,12711.5,12711.5,29991200,29991200,29991200
2020-10-01 21:00:00,12680.6,12680.6,12680.6,29991200,29991200,29991200
2020-10-02 01:00:00,12657.4,12657.4,12657.4,29991200,29991200,29991200
2020-10-02 05:00:00,12643.3,12643.3,12643.3,29991200,29991200,29991200
2020-10-02 09:00:00,12573.1,12573.1,12573.1,29991200,29991200,29991200
2020-10-02 13:00:00,12720.5,12720.5,12720.5,29991200,29991200,29991200
2020-10-02 17:00:00,12738.2,12738.2,12738.2,29991200,29991200,29991200
2020-10-04 21:00:00,12777.0,12777.0,12777.0,29991200,29991200,29991200
2020-10-05 01:00:00,12771.8,12771.8,12771.8,29991200,29991200,29991200
2020-10-05 05:00:00,12759.6,12759.6,12759.6,29991200,29991200,29991200
2020-10-05 09:00:00,12786.4,12786.4,12786.4,29991200,29991200,29991200
2020-10-05 13:00:00,12827.0,12827.0,12827.0,29991200,29991200,29991200
2020-10-05 17:00:00,12869.9,12869.9,12869.9,29991200,29991200,29991200
2020-10-05 21:00:00,12859.5,12859.5,12859.5,29991200,29991200,29991200
2020-10-06 01:00:00,12861.0,12861.0,12861.0,29991200,29991200,29991200
2020-10-06 05:00:00,12800.0,12800.0,12800.0,29991200,29991200,29991200
2020-10-06 09:00:00,12946.2,12946.2,12946.2,29991200,29991200,29991200
2020-10-06 13:00:00,12928.7,12928.7,12928.7,29991200,29991200,29991200
2020-10-06 17:00:00,12766.7,12766.7,12766.7,29991200,29991200,29991200
2020-10-06 21:00:00,12821.0,12821.0,12821.0,29991200,29991200,29991200
2020-10-07 01:00:00,12868.2,12868.2,12868.2,29991200,29991200,29991200
2020-10-07 05:00:00,12895.6,12895.6,12895.6,29991200,29991200,29991200
2020-10-07 09:00:00,12857.1,12857.1,12857.1,29991200,29991200,29991200
2020-10-07 13:00:00,12914.3,12914.3,12914.3,29991200,29991200,29991200
2020-10-07 17:00:00,12944.8,12944.8,12944.8,29991200,29991200,29991200
2020-10-07 21:00:00,12949.8,12949.8,12949.8,29991200,29991200,29991200
2020-10-08 01:00:00,12975.3,12975.3,12975.3,29991200,29991200,29991200
2020-10-08 05:00:00,12984.2,12984.2,12984.2,29991200,29991200,29991200
2020-10-08 09:00:00,13036.1,13036.1,13036.1,29991200,29991200,29991200
2020-10-08 13:00:00,13064.1,13064.1,13064.1,29991200,29991200,29991200
2020-10-08 17:00:00,13083.1,13083.1,13083.1,29991200,29991200,29991200
2020-10-08 21:00:00,13079.1,13079.1,13079.1,29991200,29991200,29991200
2020-10-09 01:00:00,13075.6,13075.6,13075.6,29991200,29991200,29991200
2020-10-09 05:00:00,13026.7,13026.7,13026.7,29991200,29991200,29991200
2020-10-09 09:00:00,13078.0,13078.0,13078.0,29991200,29991200,29991200
2020-10-09 13:00:00,13053.2,13053.2,13053.2,29991200,29991200,29991200
2020-10-09 17:00:00,13058.5,13058.5,13058.5,29991200,29991200,29991200
2020-10-11 21:00:00,13051.7,13051.7,13051.7,29991200,29991200,29991200
2020-10-12 01:00:00,13114.7,13114.7,13114.7,29991200,29991200,29991200
2020-10-12 05:00:00,13066.7,13066.7,13066.7,29991200,29991200,29991200
2020-10-12 09:00:00,13125.9,13125.9,13125.9,29991200,29991200,29991200
2020-10-12 13:00:00,13154.7,13154.7,13154.7,29991200,29991200,29991200
2020-10-12 17:00:00,13168.6,13168.6,13168.6,29991200,29991200,29991200
2020-10-12 21:00:00,13135.4,13135.4,13135.4,29991200,29991200,29991200
2020-10-13 01:00:00,13147.2,13147.2,13147.2,29991200,29991200,29991200
2020-10-13 05:00:00,13115.1,13115.1,13115.1,29991200,29991200,29991200
2020-10-13 09:00:00,13011.8,13011.8,13011.8,29991200,29991200,29991200
2020-10-13 13:00:00,13011.9,13011.9,13011.9,29991200,29991200,29991200
2020-10-13 17:00:00,12990.6,12990.6,12990.6,29991200,29991200,29991200
2020-10-13 21:00:00,13019.4,13019.4,13019.4,29991200,29991200,29991200
2020-10-14 01:00:00,13022.9,13022.9,13022.9,29991200,29991200,29991200
2020-10-14 05:00:00,13049.6,13049.6,13049.6,29991200,29991200,29991200
2020-10-14 09:00:00,13022.4,13022.4,13022.4,29991200,29991200,29991200
2020-10-14 13:00:00,12977.5,12977.5,12977.5,29991200,29991200,29991200
2020-10-14 17:00:00,12966.3,12966.3,12966.3,29991200,29991200,29991200
2020-10-14 21:00:00,12971.3,12971.3,12971.3,29991200,29991200,29991200
2020-10-15 01:00:00,12945.5,12945.5,12945.5,29991200,29991200,29991200
2020-10-15 05:00:00,12629.9,12629.9,12629.9,29991200,29991200,29991200
2020-10-15 09:00:00,12621.9,12621.9,12621.9,29991200,29991200,29991200
2020-10-15 13:00:00,12709.1,12709.1,12709.1,29991200,29991200,29991200
2020-10-15 17:00:00,12746.6,12746.6,12746.6,29991200,29991200,29991200
2020-10-15 21:00:00,12765.6,12765.6,12765.6,29991200,29991200,29991200
2020-10-16 01:00:00,12733.6,12733.6,12733.6,29991200,29991200,29991200
2020-10-16 05:00:00,12784.7,12784.7,12784.7,29991200,29991200,29991200
2020-10-16 09:00:00,12852.4,12852.4,12852.4,29991200,29991200,29991200
2020-10-16 13:00:00,12915.0,12915.0,12915.0,29991200,29991200,29991200
2020-10-16 17:00:00,12883.8,12883.8,12883.8,29991200,29991200,29991200
2020-10-18 21:00:00,12940.0,12940.0,12940.0,29991200,29991200,29991200
2020-10-19 01:00:00,12934.3,12934.3,12934.3,29991200,29991200,29991200
2020-10-19 05:00:00,12942.4,12942.4,12942.4,29991200,29991200,29991200
2020-10-19 09:00:00,12864.5,12864.5,12864.5,29991200,29991200,29991200
2020-10-19 13:00:00,12852.8,12852.8,12852.8,29991200,29991200,29991200
2020-10-19 17:00:00,12783.7,12783.7,12783.7,29991200,29991200,29991200
2020-10-19 21:00:00,12822.3,12822.3,12822.3,29991200,29991200,29991200
2020-10-20 01:00:00,12766.6,12766.6,12766.6,29991200,29991200,29991200
2020-10-20 05:00:00,12833.9,12833.9,12833.9,29991200,29991200,29991200
2020-10-20 09:00:00,12769.4,12769.4,12769.4,29991200,29991200,29991200
2020-10-20 13:00:00,12768.2,12768.2,12768.2,29991200,29991200,29991200
2020-10-20 17:00:00,12717.8,12717.8,12717.8,29991200,29991200,29991200
2020-10-20 21:00:00,12752.5,12752.5,12752.5,29991200,29991200,29991200
2020-10-21 01:00:00,12800.5,12800.5,12800.5,29991200,29991200,29991200
2020-10-21 05:00:00,12557.4,12557.4,12557.4,29991200,29991200,29991200
2020-10-21 09:00:00,12625.9,12625.9,12625.9,29991200,29991200,29991200
2020-10-21 13:00:00,12550.7,12550.7,12550.7,29991200,29991200,29991200
2020-10-21 17:00:00,12553.3,12553.3,12553.3,29991200,29991200,29991200
2020-10-21 21:00:00,12515.2,12515.2,12515.2,29991200,29991200,29991200
2020-10-22 01:00:00,12464.9,12464.9,12464.9,29991200,29991200,29991200
2020-10-22 05:00:00,12472.0,12472.0,12472.0,29991200,29991200,29991200
2020-10-22 09:00:00,12512.4,12512.4,12512.4,29991200,29991200,29991200
2020-10-22 13:00:00,12562.6,12562.6,12562.6,29991200,29991200,29991200
2020-10-22 17:00:00,12593.2,12593.2,12593.2,29991200,29991200,29991200
2020-10-22 21:00:00,12566.4,12566.4,12566.4,29991200,29991200,29991200
2020-10-23 01:00:00,12577.6,12577.6,12577.6,29991200,29991200,29991200
2020-10-23 05:00:00,12620.1,12620.1,12620.1,29991200,29991200,29991200
2020-10-23 09:00:00,12696.2,12696.2,12696.2,29991200,29991200,29991200
2020-10-23 13:00:00,12609.6,12609.6,12609.6,29991200,29991200,29991200
2020-10-23 17:00:00,12654.3,12654.3,12654.3,29991200,29991200,29991200
2020-10-25 21:00:00,12564.9,12564.9,12564.9,29991200,29991200,29991200
2020-10-26 01:00:00,12464.1,12464.1,12464.1,29991200,29991200,29991200
2020-10-26 05:00:00,12372.3,12372.3,12372.3,29991200,29991200,29991200
2020-10-26 09:00:00,12284.8,12284.8,12284.8,29991200,29991200,29991200
2020-10-26 13:00:00,12166.0,12166.0,12166.0,29991200,29991200,29991200
2020-10-26 17:00:00,12208.7,12208.7,12208.7,29991200,29991200,29991200
2020-10-26 21:00:00,12209.0,12209.0,12209.0,29991200,29991200,29991200
2020-10-27 01:00:00,12203.2,12203.2,12203.2,29991200,29991200,29991200
2020-10-27 05:00:00,12166.1,12166.1,12166.1,29991200,29991200,29991200
2020-10-27 09:00:00,12124.1,12124.1,12124.1,29991200,29991200,29991200
2020-10-27 13:00:00,12029.3,12029.3,12029.3,29991200,29991200,29991200
2020-10-27 17:00:00,11944.6,11944.6,11944.6,29991200,29991200,29991200
2020-10-27 21:00:00,11936.1,11936.1,11936.1,29991200,29991200,29991200
2020-10-28 01:00:00,11912.8,11912.8,11912.8,29991200,29991200,29991200
2020-10-28 05:00:00,11735.6,11735.6,11735.6,29991200,29991200,29991200
2020-10-28 09:00:00,11580.3,11580.3,11580.3,29991200,29991200,29991200
2020-10-28 13:00:00,11518.7,11518.7,11518.7,29991200,29991200,29991200
2020-10-28 17:00:00,11528.7,11528.7,11528.7,29991200,29991200,29991200
2020-10-28 21:00:00,11607.7,11607.7,11607.7,29991200,29991200,29991200
2020-10-29 01:00:00,11589.2,11589.2,11589.2,29991200,29991200,29991200
2020-10-29 05:00:00,11595.6,11595.6,11595.6,29991200,29991200,29991200
2020-10-29 09:00:00,11545.0,11545.0,11545.0,29991200,29991200,29991200
2020-10-29 13:00:00,11602.7,11602.7,11602.7,29991200,29991200,29991200
2020-10-29 17:00:00,11591.5,11591.5,11591.5,29991200,29991200,29991200
2020-10-29 21:00:00,11550.5,11550.5,11550.5,29991200,29991200,29991200
2020-10-30 01:00:00,11545.0,11545.0,11545.0,29991200,29991200,29991200
2020-10-30 05:00:00,11544.6,11544.6,11544.6,29991200,29991200,29991200
2020-10-30 09:00:00,11567.5,11567.5,11567.5,29991200,29991200,29991200
2020-10-30 13:00:00,11531.6,11531.6,11531.6,29991200,29991200,29991200
2020-10-30 17:00:00,11635.4,11635.4,11635.4,29991200,29991200,29991200
2020-11-01 22:00:00,11597.1,11597.1,11597.1,29991200,29991200,29991200
2020-11-02 02:00:00,11605.4,11605.4,11605.4,29991200,29991200,29991200
2020-11-02 06:00:00,11725.3,11725.3,11725.3,29991200,29991200,29991200
2020-11-02 10:00:00,11780.5,11780.5,11780.5,29991200,29991200,29991200
2020-11-02 14:00:00,11754.7,11754.7,11754.7,29991200,29991200,29991200
2020-11-02 18:00:00,11802.8,11802.8,11802.8,29991200,29991200,29991200
2020-11-02 22:00:00,11890.5,11890.5,11890.5,29991200,29991200,29991200
2020-11-03 02:00:00,11895.0,11895.0,11895.0,29991200,29991200,29991200
2020-11-03 06:00:00,12021.5,12021.5,12021.5,29991200,29991200,29991200
2020-11-03 10:00:00,12010.6,12010.6,12010.6,29991200,29991200,29991200
2020-11-03 14:00:00,12063.5,12063.5,12063.5,29991200,29991200,29991200
2020-11-03 18:00:00,12155.3,12155.3,12155.3,29991200,29991200,29991200
2020-11-03 22:00:00,12107.0,12107.0,12107.0,29991200,29991200,29991200
2020-11-04 02:00:00,12090.5,12090.5,12090.5,29991200,29991200,29991200
2020-11-04 06:00:00,12151.1,12151.1,12151.1,29991200,29991200,29991200
2020-11-04 10:00:00,12229.0,12229.0,12229.0,29991200,29991200,29991200
2020-11-04 14:00:00,12330.2,12330.2,12330.2,29991200,29991200,29991200
2020-11-04 18:00:00,12275.3,12275.3,12275.3,29991200,29991200,29991200
2020-11-04 22:00:00,12296.9,12296.9,12296.9,29991200,29991200,29991200
2020-11-05 02:00:00,12388.9,12388.9,12388.9,29991200,29991200,29991200
2020-11-05 06:00:00,12454.6,12454.6,12454.6,29991200,29991200,29991200
2020-11-05 10:00:00,12506.1,12506.1,12506.1,29991200,29991200,29991200
2020-11-05 14:00:00,12529.9,12529.9,12529.9,29991200,29991200,29991200
2020-11-05 18:00:00,12550.8,12550.8,12550.8,29991200,29991200,29991200
2020-11-05 22:00:00,12505.4,12505.4,12505.4,29991200,29991200,29991200
2020-11-06 02:00:00,12467.1,12467.1,12467.1,29991200,29991200,29991200
2020-11-06 06:00:00,12380.9,12380.9,12380.9,29991200,29991200,29991200
2020-11-06 10:00:00,12507.0,12507.0,12507.0,29991200,29991200,29991200
2020-11-06 14:00:00,12494.0,12494.0,12494.0,29991200,29991200,29991200
2020-11-06 18:00:00,12500.8,12500.8,12500.8,29991200,29991200,29991200
2020-11-08 22:00:00,12646.0,12646.0,12646.0,29991200,29991200,29991200
2020-11-09 02:00:00,12693.7,12693.7,12693.7,29991200,29991200,29991200
2020-11-09 06:00:00,12697.1,12697.1,12697.1,29991200,29991200,29991200
2020-11-09 10:00:00,13206.2,13206.2,13206.2,29991200,29991200,29991200
2020-11-09 14:00:00,13115.1,13115.1,13115.1,29991200,29991200,29991200
2020-11-09 18:00:00,12988.5,12988.5,12988.5,29991200,29991200,29991200
2020-11-09 22:00:00,12960.8,12960.8,12960.8,29991200,29991200,29991200
2020-11-10 02:00:00,12924.6,12924.6,12924.6,29991200,29991200,29991200
2020-11-10 06:00:00,13092.4,13092.4,13092.4,29991200,29991200,29991200
2020-11-10 10:00:00,13153.4,13153.4,13153.4,29991200,29991200,29991200
2020-11-10 14:00:00,13183.6,13183.6,13183.6,29991200,29991200,29991200
2020-11-10 18:00:00,13170.2,13170.2,13170.2,29991200,29991200,29991200
2020-11-10 22:00:00,13131.8,13131.8,13131.8,29991200,29991200,29991200
2020-11-11 02:00:00,13163.3,13163.3,13163.3,29991200,29991200,29991200
2020-11-11 06:00:00,13216.9,13216.9,13216.9,29991200,29991200,29991200
2020-11-11 10:00:00,13220.0,13220.0,13220.0,29991200,29991200,29991200
2020-11-11 14:00:00,13225.6,13225.6,13225.6,29991200,29991200,29991200
2020-11-11 18:00:00,13241.4,13241.4,13241.4,29991200,29991200,29991200
2020-11-11 22:00:00,13176.8,13176.8,13176.8,29991200,29991200,29991200
2020-11-12 02:00:00,13154.3,13154.3,13154.3,29991200,29991200,29991200
2020-11-12 06:00:00,13152.5,13152.5,13152.5,29991200,29991200,29991200
2020-11-12 10:00:00,13049.8,13049.8,13049.8,29991200,29991200,29991200
2020-11-12 14:00:00,12982.2,12982.2,12982.2,29991200,29991200,29991200
2020-11-12 18:00:00,12986.2,12986.2,12986.2,29991200,29991200,29991200
2020-11-12 22:00:00,12944.2,12944.2,12944.2,29991200,29991200,29991200
2020-11-13 02:00:00,12994.0,12994.0,12994.0,29991200,29991200,29991200
2020-11-13 06:00:00,13110.0,13110.0,13110.0,29991200,29991200,29991200
2020-11-13 10:00:00,13086.2,13086.2,13086.2,29991200,29991200,29991200
2020-11-13 14:00:00,13093.8,13093.8,13093.8,29991200,29991200,29991200
2020-11-13 18:00:00,13116.6,13116.6,13116.6,29991200,29991200,29991200
2020-11-15 22:00:00,13153.8,13153.8,13153.8,29991200,29991200,29991200
2020-11-16 02:00:00,13228.8,13228.8,13228.8,29991200,29991200,29991200
2020-11-16 06:00:00,13166.6,13166.6,13166.6,29991200,29991200,29991200
2020-11-16 10:00:00,13230.3,13230.3,13230.3,29991200,29991200,29991200
2020-11-16 14:00:00,13117.0,13117.0,13117.0,29991200,29991200,29991200
2020-11-16 18:00:00,13151.2,13151.2,13151.2,29991200,29991200,29991200
2020-11-16 22:00:00,13087.5,13087.5,13087.5,29991200,29991200,29991200
2020-11-17 02:00:00,13084.0,13084.0,13084.0,29991200,29991200,29991200
2020-11-17 06:00:00,13127.7,13127.7,13127.7,29991200,29991200,29991200
2020-11-17 10:00:00,13091.1,13091.1,13091.1,29991200,29991200,29991200
2020-11-17 14:00:00,13142.4,13142.4,13142.4,29991200,29991200,29991200
2020-11-17 18:00:00,13125.4,13125.4,13125.4,29991200,29991200,29991200
2020-11-17 22:00:00,13103.7,13103.7,13103.7,29991200,29991200,29991200
2020-11-18 02:00:00,13093.2,13093.2,13093.2,29991200,29991200,29991200
2020-11-18 06:00:00,13150.2,13150.2,13150.2,29991200,29991200,29991200
2020-11-18 10:00:00,13175.4,13175.4,13175.4,29991200,29991200,29991200
2020-11-18 14:00:00,13180.0,13180.0,13180.0,29991200,29991200,29991200
2020-11-18 18:00:00,13100.2,13100.2,13100.2,29991200,29991200,29991200
2020-11-18 22:00:00,13096.2,13096.2,13096.2,29991200,29991200,29991200
2020-11-19 02:00:00,13097.0,13097.0,13097.0,29991200,29991200,29991200
2020-11-19 06:00:00,13074.7,13074.7,13074.7,29991200,29991200,29991200
2020-11-19 10:00:00,13114.0,13114.0,13114.0,29991200,29991200,29991200
2020-11-19 14:00:00,13079.7,13079.7,13079.7,29991200,29991200,29991200
2020-11-19 18:00:00,13090.3,13090.3,13090.3,29991200,29991200,29991200
2020-11-19 22:00:00,13086.7,13086.7,13086.7,29991200,29991200,29991200
2020-11-20 02:00:00,13089.4,13089.4,13089.4,29991200,29991200,29991200
2020-11-20 06:00:00,13129.5,13129.5,13129.5,29991200,29991200,29991200
2020-11-20 10:00:00,13116.0,13116.0,13116.0,29991200,29991200,29991200
2020-11-20 14:00:00,13134.6,13134.6,13134.6,29991200,29991200,29991200
2020-11-20 18:00:00,13135.4,13135.4,13135.4,29991200,29991200,29991200
2020-11-22 22:00:00,13171.5,13171.5,13171.5,29991200,29991200,29991200
2020-11-23 02:00:00,13184.2,13184.2,13184.2,29991200,29991200,29991200
2020-11-23 06:00:00,13250.2,13250.2,13250.2,29991200,29991200,29991200
2020-11-23 10:00:00,13180.7,13180.7,13180.7,29991200,29991200,29991200
2020-11-23 14:00:00,13169.9,13169.9,13169.9,29991200,29991200,29991200
2020-11-23 18:00:00,13187.6,13187.6,13187.6,29991200,29991200,29991200
2020-11-23 22:00:00,13231.2,13231.2,13231.2,29991200,29991200,29991200
2020-11-24 02:00:00,13242.9,13242.9,13242.9,29991200,29991200,29991200
2020-11-24 06:00:00,13246.1,13246.1,13246.1,29991200,29991200,29991200
2020-11-24 10:00:00,13267.2,13267.2,13267.2,29991200,29991200,29991200
2020-11-24 14:00:00,13313.5,13313.5,13313.5,29991200,29991200,29991200
2020-11-24 18:00:00,13340.0,13340.0,13340.0,29991200,29991200,29991200
2020-11-24 22:00:00,13361.7,13361.7,13361.7,29991200,29991200,29991200
2020-11-25 02:00:00,13277.2,13277.2,13277.2,29991200,29991200,29991200
2020-11-25 06:00:00,13270.6,13270.6,13270.6,29991200,29991200,29991200
2020-11-25 10:00:00,13271.3,13271.3,13271.3,29991200,29991200,29991200
2020-11-25 14:00:00,13310.7,13310.7,13310.7,29991200,29991200,29991200
2020-11-25 18:00:00,13297.7,13297.7,13297.7,29991200,29991200,29991200
2020-11-25 22:00:00,13305.2,13305.2,13305.2,29991200,29991200,29991200
2020-11-26 02:00:00,13315.7,13315.7,13315.7,29991200,29991200,29991200
2020-11-26 06:00:00,13288.5,13288.5,13288.5,29991200,29991200,29991200
2020-11-26 10:00:00,13297.9,13297.9,13297.9,29991200,29991200,29991200
2020-11-26 14:00:00,13270.5,13270.5,13270.5,29991200,29991200,29991200
2020-11-26 18:00:00,13273.2,13273.2,13273.2,29991200,29991200,29991200
2020-11-26 22:00:00,13265.3,13265.3,13265.3,29991200,29991200,29991200
2020-11-27 02:00:00,13288.8,13288.8,13288.8,29991200,29991200,29991200
2020-11-27 06:00:00,13315.4,13315.4,13315.4,29991200,29991200,29991200
2020-11-27 10:00:00,13315.4,13315.4,13315.4,29991200,29991200,29991200
2020-11-27 14:00:00,13343.3,13343.3,13343.3,29991200,29991200,29991200
2020-11-27 18:00:00,13365.5,13365.5,13365.5,29991200,29991200,29991200
2020-11-29 22:00:00,13319.0,13319.0,13319.0,29991200,29991200,29991200
2020-11-30 02:00:00,13255.3,13255.3,13255.3,29991200,29991200,29991200
2020-11-30 06:00:00,13368.7,13368.7,13368.7,29991200,29991200,29991200
2020-11-30 10:00:00,13436.1,13436.1,13436.1,29991200,29991200,29991200
2020-11-30 14:00:00,13316.6,13316.6,13316.6,29991200,29991200,29991200
2020-11-30 18:00:00,13317.4,13317.4,13317.4,29991200,29991200,29991200
2020-11-30 22:00:00,13398.6,13398.6,13398.6,29991200,29991200,29991200
2020-12-01 02:00:00,13394.6,13394.6,13394.6,29991200,29991200,29991200
2020-12-01 06:00:00,13393.5,13393.5,13393.5,29991200,29991200,29991200
2020-12-01 10:00:00,13409.7,13409.7,13409.7,29991200,29991200,29991200
2020-12-01 14:00:00,13384.0,13384.0,13384.0,29991200,29991200,29991200
2020-12-01 18:00:00,13372.1,13372.1,13372.1,29991200,29991200,29991200
2020-12-01 22:00:00,13333.0,13333.0,13333.0,29991200,29991200,29991200
2020-12-02 02:00:00,13331.3,13331.3,13331.3,29991200,29991200,29991200
2020-12-02 06:00:00,13334.9,13334.9,13334.9,29991200,29991200,29991200
2020-12-02 10:00:00,13289.0,13289.0,13289.0,29991200,29991200,29991200
2020-12-02 14:00:00,13304.0,13304.0,13304.0,29991200,29991200,29991200
2020-12-02 18:00:00,13303.4,13303.4,13303.4,29991200,29991200,29991200
2020-12-02 22:00:00,13290.7,13290.7,13290.7,29991200,29991200,29991200
2020-12-03 02:00:00,13286.0,13286.0,13286.0,29991200,29991200,29991200
2020-12-03 06:00:00,13234.5,13234.5,13234.5,29991200,29991200,29991200
2020-12-03 10:00:00,13256.6,13256.6,13256.6,29991200,29991200,29991200
2020-12-03 14:00:00,13255.0,13255.0,13255.0,29991200,29991200,29991200
2020-12-03 18:00:00,13204.4,13204.4,13204.4,29991200,29991200,29991200
2020-12-03 22:00:00,13210.0,13210.0,13210.0,29991200,29991200,29991200
2020-12-04 02:00:00,13243.3,13243.3,13243.3,29991200,29991200,29991200
2020-12-04 06:00:00,13286.8,13286.8,13286.8,29991200,29991200,29991200
2020-12-04 10:00:00,13251.2,13251.2,13251.2,29991200,29991200,29991200
2020-12-04 14:00:00,13282.2,13282.2,13282.2,29991200,29991200,29991200
2020-12-04 18:00:00,13273.6,13273.6,13273.6,29991200,29991200,29991200
2020-12-06 22:00:00,13274.0,13274.0,13274.0,29991200,29991200,29991200
2020-12-07 02:00:00,13247.7,13247.7,13247.7,29991200,29991200,29991200
2020-12-07 06:00:00,13235.3,13235.3,13235.3,29991200,29991200,29991200
2020-12-07 10:00:00,13248.4,13248.4,13248.4,29991200,29991200,29991200
2020-12-07 14:00:00,13272.0,13272.0,13272.0,29991200,29991200,29991200
2020-12-07 18:00:00,13245.5,13245.5,13245.5,29991200,29991200,29991200
2020-12-07 22:00:00,13257.8,13257.8,13257.8,29991200,29991200,29991200
2020-12-08 02:00:00,13266.8,13266.8,13266.8,29991200,29991200,29991200
2020-12-08 06:00:00,13252.3,13252.3,13252.3,29991200,29991200,29991200
2020-12-08 10:00:00,13250.1,13250.1,13250.1,29991200,29991200,29991200
2020-12-08 14:00:00,13288.9,13288.9,13288.9,29991200,29991200,29991200
2020-12-08 18:00:00,13310.8,13310.8,13310.8,29991200,29991200,29991200
2020-12-08 22:00:00,13316.4,13316.4,13316.4,29991200,29991200,29991200
2020-12-09 02:00:00,13336.2,13336.2,13336.2,29991200,29991200,29991200
2020-12-09 06:00:00,13402.4,13402.4,13402.4,29991200,29991200,29991200
2020-12-09 10:00:00,13395.8,13395.8,13395.8,29991200,29991200,29991200
2020-12-09 14:00:00,13342.8,13342.8,13342.8,29991200,29991200,29991200
2020-12-09 18:00:00,13339.7,13339.7,13339.7,29991200,29991200,29991200
2020-12-09 22:00:00,13329.3,13329.3,13329.3,29991200,29991200,29991200
2020-12-10 02:00:00,13328.8,13328.8,13328.8,29991200,29991200,29991200
2020-12-10 06:00:00,13348.1,13348.1,13348.1,29991200,29991200,29991200
2020-12-10 10:00:00,13233.7,13233.7,13233.7,29991200,29991200,29991200
2020-12-10 14:00:00,13280.5,13280.5,13280.5,29991200,29991200,29991200
2020-12-10 18:00:00,13280.8,13280.8,13280.8,29991200,29991200,29991200
2020-12-10 22:00:00,13299.3,13299.3,13299.3,29991200,29991200,29991200
2020-12-11 02:00:00,13273.3,13273.3,13273.3,29991200,29991200,29991200
2020-12-11 06:00:00,13156.4,13156.4,13156.4,29991200,29991200,29991200
2020-12-11 10:00:00,13126.8,13126.8,13126.8,29991200,29991200,29991200
2020-12-11 14:00:00,13100.4,13100.4,13100.4,29991200,29991200,29991200
2020-12-11 18:00:00,13142.5,13142.5,13142.5,29991200,29991200,29991200
2020-12-13 22:00:00,13199.1,13199.1,13199.1,29991200,29991200,29991200
2020-12-14 02:00:00,13165.1,13165.1,13165.1,29991200,29991200,29991200
2020-12-14 06:00:00,13236.5,13236.5,13236.5,29991200,29991200,29991200
2020-12-14 10:00:00,13260.5,13260.5,13260.5,29991200,29991200,29991200
2020-12-14 14:00:00,13221.4,13221.4,13221.4,29991200,29991200,29991200
2020-12-14 18:00:00,13203.3,13203.3,13203.3,29991200,29991200,29991200
2020-12-14 22:00:00,13204.7,13204.7,13204.7,29991200,29991200,29991200
2020-12-15 02:00:00,13213.7,13213.7,13213.7,29991200,29991200,29991200
2020-12-15 06:00:00,13324.3,13324.3,13324.3,29991200,29991200,29991200
2020-12-15 10:00:00,13347.9,13347.9,13347.9,29991200,29991200,29991200
2020-12-15 14:00:00,13397.7,13397.7,13397.7,29991200,29991200,29991200
2020-12-15 18:00:00,13418.0,13418.0,13418.0,29991200,29991200,29991200
2020-12-15 22:00:00,13387.2,13387.2,13387.2,29991200,29991200,29991200
2020-12-16 02:00:00,13404.2,13404.2,13404.2,29991200,29991200,29991200
2020-12-16 06:00:00,13575.9,13575.9,13575.9,29991200,29991200,29991200
2020-12-16 10:00:00,13538.7,13538.7,13538.7,29991200,29991200,29991200
2020-12-16 14:00:00,13566.4,13566.4,13566.4,29991200,29991200,29991200
2020-12-16 18:00:00,13581.1,13581.1,13581.1,29991200,29991200,29991200
2020-12-16 22:00:00,13564.4,13564.4,13564.4,29991200,29991200,29991200
2020-12-17 02:00:00,13618.4,13618.4,13618.4,29991200,29991200,29991200
2020-12-17 06:00:00,13664.8,13664.8,13664.8,29991200,29991200,29991200
2020-12-17 10:00:00,13659.0,13659.0,13659.0,29991200,29991200,29991200
2020-12-17 14:00:00,13686.1,13686.1,13686.1,29991200,29991200,29991200
2020-12-17 18:00:00,13682.1,13682.1,13682.1,29991200,29991200,29991200
2020-12-17 22:00:00,13654.1,13654.1,13654.1,29991200,29991200,29991200
2020-12-18 02:00:00,13640.8,13640.8,13640.8,29991200,29991200,29991200
2020-12-18 06:00:00,13698.5,13698.5,13698.5,29991200,29991200,29991200
2020-12-18 10:00:00,13703.7,13703.7,13703.7,29991200,29991200,29991200
2020-12-18 14:00:00,13651.9,13651.9,13651.9,29991200,29991200,29991200
2020-12-18 18:00:00,13665.6,13665.6,13665.6,29991200,29991200,29991200
2020-12-20 22:00:00,13446.1,13446.1,13446.1,29991200,29991200,29991200
2020-12-21 02:00:00,13511.1,13511.1,13511.1,29991200,29991200,29991200
2020-12-21 06:00:00,13257.4,13257.4,13257.4,29991200,29991200,29991200
2020-12-21 10:00:00,13212.9,13212.9,13212.9,29991200,29991200,29991200
2020-12-21 14:00:00,13336.0,13336.0,13336.0,29991200,29991200,29991200
2020-12-21 18:00:00,13368.4,13368.4,13368.4,29991200,29991200,29991200
2020-12-21 22:00:00,13320.3,13320.3,13320.3,29991200,29991200,29991200
2020-12-22 02:00:00,13262.3,13262.3,13262.3,29991200,29991200,29991200
2020-12-22 06:00:00,13364.3,13364.3,13364.3,29991200,29991200,29991200
2020-12-22 10:00:00,13387.0,13387.0,13387.0,29991200,29991200,29991200
2020-12-22 14:00:00,13412.7,13412.7,13412.7,29991200,29991200,29991200
2020-12-22 18:00:00,13409.5,13409.5,13409.5,29991200,29991200,29991200
2020-12-22 22:00:00,13362.2,13362.2,13362.2,29991200,29991200,29991200
2020-12-23 02:00:00,13382.7,13382.7,13382.7,29991200,29991200,29991200
2020-12-23 06:00:00,13494.1,13494.1,13494.1,29991200,29991200,29991200
2020-12-23 10:00:00,13542.4,13542.4,13542.4,29991200,29991200,29991200
2020-12-23 14:00:00,13593.5,13593.5,13593.5,29991200,29991200,29991200
2020-12-23 18:00:00,13616.6,13616.6,13616.6,29991200,29991200,29991200
2020-12-23 22:00:00,13632.7,13632.7,13632.7,29991200,29991200,29991200
2020-12-24 02:00:00,13627.1,13627.1,13627.1,29991200,29991200,29991200
2020-12-24 06:00:00,13633.4,13633.4,13633.4,29991200,29991200,29991200
2020-12-24 10:00:00,13623.0,13623.0,13623.0,29991200,29991200,29991200
2020-12-24 14:00:00,13638.5,13638.5,13638.5,29991200,29991200,29991200
2020-12-24 18:00:00,13630.5,13630.5,13630.5,29991200,29991200,29991200
2020-12-27 22:00:00,13648.5,13648.5,13648.5,29991200,29991200,29991200
2020-12-28 02:00:00,13676.5,13676.5,13676.5,29991200,29991200,29991200
2020-12-28 06:00:00,13777.9,13777.9,13777.9,29991200,29991200,29991200
2020-12-28 10:00:00,13797.4,13797.4,13797.4,29991200,29991200,29991200
2020-12-28 14:00:00,13779.1,13779.1,13779.1,29991200,29991200,29991200
2020-12-28 18:00:00,13780.8,13780.8,13780.8,29991200,29991200,29991200
2020-12-28 22:00:00,13835.6,13835.6,13835.6,29991200,29991200,29991200
2020-12-29 02:00:00,13874.6,13874.6,13874.6,29991200,29991200,29991200
2020-12-29 06:00:00,13847.1,13847.1,13847.1,29991200,29991200,29991200
2020-12-29 10:00:00,13817.9,13817.9,13817.9,29991200,29991200,29991200
2020-12-29 14:00:00,13713.3,13713.3,13713.3,29991200,29991200,29991200
2020-12-29 18:00:00,13724.6,13724.6,13724.6,29991200,29991200,29991200
2020-12-29 22:00:00,13718.3,13718.3,13718.3,29991200,29991200,29991200
2020-12-30 02:00:00,13745.3,13745.3,13745.3,29991200,29991200,29991200
2020-12-30 06:00:00,13754.1,13754.1,13754.1,29991200,29991200,29991200
2020-12-30 10:00:00,13699.7,13699.7,13699.7,29991200,29991200,29991200
2020-12-30 14:00:00,13703.3,13703.3,13703.3,29991200,29991200,29991200
2020-12-30 18:00:00,13658.5,13658.5,13658.5,29991200,29991200,29991200
2020-12-30 22:00:00,13682.5,13682.5,13682.5,29991200,29991200,29991200
2020-12-31 02:00:00,13670.8,13670.8,13670.8,29991200,29991200,29991200
2020-12-31 06:00:00,13633.5,13633.5,13633.5,29991200,29991200,29991200
2020-12-31 10:00:00,13649.2,13649.2,13649.2,29991200,29991200,29991200
2020-12-31 14:00:00,13648.6,13648.6,13648.6,29991200,29991200,29991200
2020-12-31 18:00:00,13709.0,13709.0,13709.0,29991200,29991200,29991200
2021-01-03 22:00:00,13689.4,13689.4,13689.4,29991200,29991200,29991200
2021-01-04 02:00:00,13713.4,13713.4,13713.4,29991200,29991200,29991200
2021-01-04 06:00:00,13884.5,13884.5,13884.5,29991200,29991200,29991200
2021-01-04 10:00:00,13886.4,13886.4,13886.4,29991200,29991200,29991200
2021-01-04 14:00:00,13647.0,13647.0,13647.0,29991200,29991200,29991200
2021-01-04 18:00:00,13687.3,13687.3,13687.3,29991200,29991200,29991200
2021-01-04 22:00:00,13707.0,13707.0,13707.0,29991200,29991200,29991200
2021-01-05 02:00:00,13701.0,13701.0,13701.0,29991200,29991200,29991200
2021-01-05 06:00:00,13703.0,13703.0,13703.0,29991200,29991200,29991200
2021-01-05 10:00:00,13574.0,13574.0,13574.0,29991200,29991200,29991200
2021-01-05 14:00:00,13677.6,13677.6,13677.6,29991200,29991200,29991200
2021-01-05 18:00:00,13694.3,13694.3,13694.3,29991200,29991200,29991200
2021-01-05 22:00:00,13666.6,13666.6,13666.6,29991200,29991200,29991200
2021-01-06 02:00:00,13674.1,13674.1,13674.1,29991200,29991200,29991200
2021-01-06 06:00:00,13750.0,13750.0,13750.0,29991200,29991200,29991200
2021-01-06 10:00:00,13771.3,13771.3,13771.3,29991200,29991200,29991200
2021-01-06 14:00:00,13926.3,13926.3,13926.3,29991200,29991200,29991200
2021-01-06 18:00:00,13875.7,13875.7,13875.7,29991200,29991200,29991200
2021-01-06 22:00:00,13969.3,13969.3,13969.3,29991200,29991200,29991200
2021-01-07 02:00:00,13935.3,13935.3,13935.3,29991200,29991200,29991200
2021-01-07 06:00:00,13965.0,13965.0,13965.0,29991200,29991200,29991200
2021-01-07 10:00:00,13940.0,13940.0,13940.0,29991200,29991200,29991200
2021-01-07 14:00:00,13970.2,13970.2,13970.2,29991200,29991200,29991200
2021-01-07 18:00:00,13986.9,13986.9,13986.9,29991200,29991200,29991200
2021-01-07 22:00:00,14057.7,14057.7,14057.7,29991200,29991200,29991200
2021-01-08 02:00:00,14082.2,14082.2,14082.2,29991200,29991200,29991200
2021-01-08 06:00:00,14074.4,14074.4,14074.4,29991200,29991200,29991200
2021-01-08 10:00:00,14052.9,14052.9,14052.9,29991200,29991200,29991200
2021-01-08 14:00:00,14050.0,14050.0,14050.0,29991200,29991200,29991200
2021-01-08 18:00:00,14104.8,14104.8,14104.8,29991200,29991200,29991200
2021-01-10 22:00:00,14019.0,14019.0,14019.0,29991200,29991200,29991200
2021-01-11 02:00:00,13981.5,13981.5,13981.5,29991200,29991200,29991200
2021-01-11 06:00:00,13952.0,13952.0,13952.0,29991200,29991200,29991200
2021-01-11 10:00:00,13868.8,13868.8,13868.8,29991200,29991200,29991200
2021-01-11 14:00:00,13948.4,13948.4,13948.4,29991200,29991200,29991200
2021-01-11 18:00:00,13931.9,13931.9,13931.9,29991200,29991200,29991200
2021-01-11 22:00:00,13977.4,13977.4,13977.4,29991200,29991200,29991200
2021-01-12 02:00:00,13968.9,13968.9,13968.9,29991200,29991200,29991200
2021-01-12 06:00:00,13946.0,13946.0,13946.0,29991200,29991200,29991200
2021-01-12 10:00:00,13905.3,13905.3,13905.3,29991200,29991200,29991200
2021-01-12 14:00:00,13886.3,13886.3,13886.3,29991200,29991200,29991200
2021-01-12 18:00:00,13916.6,13916.6,13916.6,29991200,29991200,29991200
2021-01-12 22:00:00,13930.8,13930.8,13930.8,29991200,29991200,29991200
2021-01-13 02:00:00,13923.3,13923.3,13923.3,29991200,29991200,29991200
2021-01-13 06:00:00,13931.7,13931.7,13931.7,29991200,29991200,29991200
2021-01-13 10:00:00,13930.1,13930.1,13930.1,29991200,29991200,29991200
2021-01-13 14:00:00,13954.2,13954.2,13954.2,29991200,29991200,29991200
2021-01-13 18:00:00,13953.4,13953.4,13953.4,29991200,29991200,29991200
2021-01-13 22:00:00,13994.7,13994.7,13994.7,29991200,29991200,29991200
2021-01-14 02:00:00,13985.7,13985.7,13985.7,29991200,29991200,29991200
2021-01-14 06:00:00,14020.2,14020.2,14020.2,29991200,29991200,29991200
2021-01-14 10:00:00,13978.1,13978.1,13978.1,29991200,29991200,29991200
2021-01-14 14:00:00,13989.7,13989.7,13989.7,29991200,29991200,29991200
2021-01-14 18:00:00,13960.2,13960.2,13960.2,29991200,29991200,29991200
2021-01-14 22:00:00,13937.2,13937.2,13937.2,29991200,29991200,29991200
2021-01-15 02:00:00,13884.7,13884.7,13884.7,29991200,29991200,29991200
2021-01-15 06:00:00,13940.1,13940.1,13940.1,29991200,29991200,29991200
2021-01-15 10:00:00,13841.1,13841.1,13841.1,29991200,29991200,29991200
2021-01-15 14:00:00,13788.6,13788.6,13788.6,29991200,29991200,29991200
2021-01-15 18:00:00,13735.3,13735.3,13735.3,29991200,29991200,29991200
2021-01-17 22:00:00,13756.6,13756.6,13756.6,29991200,29991200,29991200
2021-01-18 02:00:00,13755.1,13755.1,13755.1,29991200,29991200,29991200
2021-01-18 06:00:00,13770.7,13770.7,13770.7,29991200,29991200,29991200
2021-01-18 10:00:00,13822.8,13822.8,13822.8,29991200,29991200,29991200
2021-01-18 14:00:00,13850.1,13850.1,13850.1,29991200,29991200,29991200
2021-01-18 18:00:00,13882.1,13882.1,13882.1,29991200,29991200,29991200
2021-01-18 22:00:00,13923.1,13923.1,13923.1,29991200,29991200,29991200
2021-01-19 02:00:00,13926.6,13926.6,13926.6,29991200,29991200,29991200
2021-01-19 06:00:00,13893.3,13893.3,13893.3,29991200,29991200,29991200
2021-01-19 10:00:00,13878.5,13878.5,13878.5,29991200,29991200,29991200
2021-01-19 14:00:00,13850.2,13850.2,13850.2,29991200,29991200,29991200
2021-01-19 18:00:00,13859.3,13859.3,13859.3,29991200,29991200,29991200
2021-01-19 22:00:00,13835.7,13835.7,13835.7,29991200,29991200,29991200
2021-01-20 02:00:00,13815.7,13815.7,13815.7,29991200,29991200,29991200
2021-01-20 06:00:00,13893.5,13893.5,13893.5,29991200,29991200,29991200
2021-01-20 10:00:00,13921.0,13921.0,13921.0,29991200,29991200,29991200
2021-01-20 14:00:00,13921.2,13921.2,13921.2,29991200,29991200,29991200
2021-01-20 18:00:00,13941.8,13941.8,13941.8,29991200,29991200,29991200
2021-01-20 22:00:00,13957.2,13957.2,13957.2,29991200,29991200,29991200
2021-01-21 02:00:00,13965.7,13965.7,13965.7,29991200,29991200,29991200
2021-01-21 06:00:00,13966.7,13966.7,13966.7,29991200,29991200,29991200
2021-01-21 10:00:00,13932.3,13932.3,13932.3,29991200,29991200,29991200
2021-01-21 14:00:00,13882.9,13882.9,13882.9,29991200,29991200,29991200
2021-01-21 18:00:00,13935.6,13935.6,13935.6,29991200,29991200,29991200
2021-01-21 22:00:00,13918.4,13918.4,13918.4,29991200,29991200,29991200
2021-01-22 02:00:00,13890.4,13890.4,13890.4,29991200,29991200,29991200
2021-01-22 06:00:00,13777.8,13777.8,13777.8,29991200,29991200,29991200
2021-01-22 10:00:00,13842.5,13842.5,13842.5,29991200,29991200,29991200
2021-01-22 14:00:00,13886.0,13886.0,13886.0,29991200,29991200,29991200
2021-01-22 18:00:00,13873.3,13873.3,13873.3,29991200,29991200,29991200
2021-01-24 22:00:00,13901.5,13901.5,13901.5,29991200,29991200,29991200
2021-01-25 02:00:00,13915.0,13915.0,13915.0,29991200,29991200,29991200
2021-01-25 06:00:00,13857.8,13857.8,13857.8,29991200,29991200,29991200
2021-01-25 10:00:00,13668.3,13668.3,13668.3,29991200,29991200,29991200
2021-01-25 14:00:00,13682.7,13682.7,13682.7,29991200,29991200,29991200
2021-01-25 18:00:00,13721.0,13721.0,13721.0,29991200,29991200,29991200
2021-01-25 22:00:00,13664.7,13664.7,13664.7,29991200,29991200,29991200
2021-01-26 02:00:00,13623.7,13623.7,13623.7,29991200,29991200,29991200
2021-01-26 06:00:00,13828.7,13828.7,13828.7,29991200,29991200,29991200
2021-01-26 10:00:00,13901.3,13901.3,13901.3,29991200,29991200,29991200
2021-01-26 14:00:00,13872.5,13872.5,13872.5,29991200,29991200,29991200
2021-01-26 18:00:00,13896.7,13896.7,13896.7,29991200,29991200,29991200
2021-01-26 22:00:00,13853.5,13853.5,13853.5,29991200,29991200,29991200
2021-01-27 02:00:00,13870.0,13870.0,13870.0,29991200,29991200,29991200
2021-01-27 06:00:00,13823.7,13823.7,13823.7,29991200,29991200,29991200
2021-01-27 10:00:00,13591.5,13591.5,13591.5,29991200,29991200,29991200
2021-01-27 14:00:00,13656.8,13656.8,13656.8,29991200,29991200,29991200
2021-01-27 18:00:00,13494.9,13494.9,13494.9,29991200,29991200,29991200
2021-01-27 22:00:00,13583.8,13583.8,13583.8,29991200,29991200,29991200
2021-01-28 02:00:00,13537.3,13537.3,13537.3,29991200,29991200,29991200
2021-01-28 06:00:00,13405.4,13405.4,13405.4,29991200,29991200,29991200
2021-01-28 10:00:00,13612.8,13612.8,13612.8,29991200,29991200,29991200
2021-01-28 14:00:00,13689.0,13689.0,13689.0,29991200,29991200,29991200
2021-01-28 18:00:00,13615.7,13615.7,13615.7,29991200,29991200,29991200
2021-01-28 22:00:00,13556.5,13556.5,13556.5,29991200,29991200,29991200
2021-01-29 02:00:00,13476.0,13476.0,13476.0,29991200,29991200,29991200
2021-01-29 06:00:00,13531.4,13531.4,13531.4,29991200,29991200,29991200
2021-01-29 10:00:00,13521.9,13521.9,13521.9,29991200,29991200,29991200
2021-01-29 14:00:00,13387.1,13387.1,13387.1,29991200,29991200,29991200
2021-01-29 18:00:00,13398.0,13398.0,13398.0,29991200,29991200,29991200
2021-01-31 22:00:00,13450.6,13450.6,13450.6,29991200,29991200,29991200
2021-02-01 02:00:00,13537.6,13537.6,13537.6,29991200,29991200,29991200
2021-02-01 06:00:00,13572.9,13572.9,13572.9,29991200,29991200,29991200
2021-02-01 10:00:00,13614.6,13614.6,13614.6,29991200,29991200,29991200
2021-02-01 14:00:00,13643.3,13643.3,13643.3,29991200,29991200,29991200
2021-02-01 18:00:00,13663.4,13663.4,13663.4,29991200,29991200,29991200
2021-02-01 22:00:00,13700.8,13700.8,13700.8,29991200,29991200,29991200
2021-02-02 02:00:00,13702.3,13702.3,13702.3,29991200,29991200,29991200
2021-02-02 06:00:00,13803.3,13803.3,13803.3,29991200,29991200,29991200
2021-02-02 10:00:00,13753.9,13753.9,13753.9,29991200,29991200,29991200
2021-02-02 14:00:00,13860.5,13860.5,13860.5,29991200,29991200,29991200
2021-02-02 18:00:00,13884.9,13884.9,13884.9,29991200,29991200,29991200
2021-02-02 22:00:00,13882.0,13882.0,13882.0,29991200,29991200,29991200
2021-02-03 02:00:00,13891.5,13891.5,13891.5,29991200,29991200,29991200
2021-02-03 06:00:00,13908.5,13908.5,13908.5,29991200,29991200,29991200
2021-02-03 10:00:00,13905.2,13905.2,13905.2,29991200,29991200,29991200
2021-02-03 14:00:00,13950.4,13950.4,13950.4,29991200,29991200,29991200
2021-02-03 18:00:00,13977.3,13977.3,13977.3,29991200,29991200,29991200
2021-02-03 22:00:00,13955.4,13955.4,13955.4,29991200,29991200,29991200
2021-02-04 02:00:00,13920.4,13920.4,13920.4,29991200,29991200,29991200
2021-02-04 06:00:00,13962.7,13962.7,13962.7,29991200,29991200,29991200
2021-02-04 10:00:00,13988.3,13988.3,13988.3,29991200,29991200,29991200
2021-02-04 14:00:00,14046.2,14046.2,14046.2,29991200,29991200,29991200
2021-02-04 18:00:00,14071.8,14071.8,14071.8,29991200,29991200,29991200
2021-02-04 22:00:00,14076.7,14076.7,14076.7,29991200,29991200,29991200
2021-02-05 02:00:00,14089.2,14089.2,14089.2,29991200,29991200,29991200
2021-02-05 06:00:00,14090.5,14090.5,14090.5,29991200,29991200,29991200
2021-02-05 10:00:00,14083.5,14083.5,14083.5,29991200,29991200,29991200
2021-02-05 14:00:00,14059.0,14059.0,14059.0,29991200,29991200,29991200
2021-02-05 18:00:00,14064.3,14064.3,14064.3,29991200,29991200,29991200
2021-02-07 22:00:00,14172.5,14172.5,14172.5,29991200,29991200,29991200
2021-02-08 02:00:00,14158.0,14158.0,14158.0,29991200,29991200,29991200
2021-02-08 06:00:00,14098.6,14098.6,14098.6,29991200,29991200,29991200
2021-02-08 10:00:00,14127.0,14127.0,14127.0,29991200,29991200,29991200
2021-02-08 14:00:00,14060.9,14060.9,14060.9,29991200,29991200,29991200
2021-02-08 18:00:00,14085.5,14085.5,14085.5,29991200,29991200,29991200
2021-02-08 22:00:00,14067.4,14067.4,14067.4,29991200,29991200,29991200
2021-02-09 02:00:00,14067.4,14067.4,14067.4,29991200,29991200,29991200
2021-02-09 06:00:00,13973.8,13973.8,13973.8,29991200,29991200,29991200
2021-02-09 10:00:00,14020.6,14020.6,14020.6,29991200,29991200,29991200
2021-02-09 14:00:00,14028.6,14028.6,14028.6,29991200,29991200,29991200
2021-02-09 18:00:00,14036.2,14036.2,14036.2,29991200,29991200,29991200
2021-02-09 22:00:00,14089.1,14089.1,14089.1,29991200,29991200,29991200
2021-02-10 02:00:00,14080.6,14080.6,14080.6,29991200,29991200,29991200
2021-02-10 06:00:00,14009.6,14009.6,14009.6,29991200,29991200,29991200
2021-02-10 10:00:00,14015.6,14015.6,14015.6,29991200,29991200,29991200
2021-02-10 14:00:00,13925.6,13925.6,13925.6,29991200,29991200,29991200
2021-02-10 18:00:00,13929.1,13929.1,13929.1,29991200,29991200,29991200
2021-02-10 22:00:00,13911.6,13911.6,13911.6,29991200,29991200,29991200
2021-02-11 02:00:00,13932.6,13932.6,13932.6,29991200,29991200,29991200
2021-02-11 06:00:00,13996.6,13996.6,13996.6,29991200,29991200,29991200
2021-02-11 10:00:00,14020.5,14020.5,14020.5,29991200,29991200,29991200
2021-02-11 14:00:00,14009.4,14009.4,14009.4,29991200,29991200,29991200
2021-02-11 18:00:00,14016.8,14016.8,14016.8,29991200,29991200,29991200
2021-02-11 22:00:00,14015.9,14015.9,14015.9,29991200,29991200,29991200
2021-02-12 02:00:00,14013.9,14013.9,14013.9,29991200,29991200,29991200
2021-02-12 06:00:00,13957.6,13957.6,13957.6,29991200,29991200,29991200
2021-02-12 10:00:00,13991.6,13991.6,13991.6,29991200,29991200,29991200
2021-02-12 14:00:00,14044.9,14044.9,14044.9,29991200,29991200,29991200
2021-02-12 18:00:00,14075.8,14075.8,14075.8,29991200,29991200,29991200
2021-02-14 22:00:00,14125.4,14125.4,14125.4,29991200,29991200,29991200
2021-02-15 02:00:00,14141.4,14141.4,14141.4,29991200,29991200,29991200
2021-02-15 06:00:00,14087.3,14087.3,14087.3,29991200,29991200,29991200
2021-02-15 10:00:00,14108.1,14108.1,14108.1,29991200,29991200,29991200
2021-02-15 14:00:00,14127.7,14127.7,14127.7,29991200,29991200,29991200
2021-02-15 18:00:00,14120.5,14120.5,14120.5,29991200,29991200,29991200
2021-02-15 22:00:00,14132.7,14132.7,14132.7,29991200,29991200,29991200
2021-02-16 02:00:00,14117.2,14117.2,14117.2,29991200,29991200,29991200
2021-02-16 06:00:00,14114.6,14114.6,14114.6,29991200,29991200,29991200
2021-02-16 10:00:00,14099.0,14099.0,14099.0,29991200,29991200,29991200
2021-02-16 14:00:00,14058.4,14058.4,14058.4,29991200,29991200,29991200
2021-02-16 18:00:00,14055.8,14055.8,14055.8,29991200,29991200,29991200
2021-02-16 22:00:00,14002.9,14002.9,14002.9,29991200,29991200,29991200
2021-02-17 02:00:00,14042.4,14042.4,14042.4,29991200,29991200,29991200
2021-02-17 06:00:00,13967.2,13967.2,13967.2,29991200,29991200,29991200
2021-02-17 10:00:00,13969.0,13969.0,13969.0,29991200,29991200,29991200
2021-02-17 14:00:00,13915.8,13915.8,13915.8,29991200,29991200,29991200
2021-02-17 18:00:00,13951.0,13951.0,13951.0,29991200,29991200,29991200
2021-02-17 22:00:00,13941.3,13941.3,13941.3,29991200,29991200,29991200
2021-02-18 02:00:00,13916.3,13916.3,13916.3,29991200,29991200,29991200
2021-02-18 06:00:00,13929.4,13929.4,13929.4,29991200,29991200,29991200
2021-02-18 10:00:00,13905.7,13905.7,13905.7,29991200,29991200,29991200
2021-02-18 14:00:00,13894.6,13894.6,13894.6,29991200,29991200,29991200
2021-02-18 18:00:00,13923.0,13923.0,13923.0,29991200,29991200,29991200
2021-02-18 22:00:00,13899.6,13899.6,13899.6,29991200,29991200,29991200
2021-02-19 02:00:00,13922.1,13922.1,13922.1,29991200,29991200,29991200
2021-02-19 06:00:00,13944.7,13944.7,13944.7,29991200,29991200,29991200
2021-02-19 10:00:00,14024.5,14024.5,14024.5,29991200,29991200,29991200
2021-02-19 14:00:00,13960.4,13960.4,13960.4,29991200,29991200,29991200
2021-02-19 18:00:00,13952.5,13952.5,13952.5,29991200,29991200,29991200
2021-02-21 22:00:00,13984.9,13984.9,13984.9,29991200,29991200,29991200
2021-02-22 02:00:00,13952.4,13952.4,13952.4,29991200,29991200,29991200
2021-02-22 06:00:00,13902.8,13902.8,13902.8,29991200,29991200,29991200
2021-02-22 10:00:00,13924.8,13924.8,13924.8,29991200,29991200,29991200
2021-02-22 14:00:00,13967.6,13967.6,13967.6,29991200,29991200,29991200
2021-02-22 18:00:00,13929.9,13929.9,13929.9,29991200,29991200,29991200
2021-02-22 22:00:00,13969.6,13969.6,13969.6,29991200,29991200,29991200
2021-02-23 02:00:00,13996.1,13996.1,13996.1,29991200,29991200,29991200
2021-02-23 06:00:00,13757.1,13757.1,13757.1,29991200,29991200,29991200
2021-02-23 10:00:00,13812.1,13812.1,13812.1,29991200,29991200,29991200
2021-02-23 14:00:00,13809.5,13809.5,13809.5,29991200,29991200,29991200
2021-02-23 18:00:00,13882.0,13882.0,13882.0,29991200,29991200,29991200
2021-02-23 22:00:00,13899.5,13899.5,13899.5,29991200,29991200,29991200
2021-02-24 02:00:00,13812.0,13812.0,13812.0,29991200,29991200,29991200
2021-02-24 06:00:00,13954.9,13954.9,13954.9,29991200,29991200,29991200
2021-02-24 10:00:00,13908.3,13908.3,13908.3,29991200,29991200,29991200
2021-02-24 14:00:00,13991.5,13991.5,13991.5,29991200,29991200,29991200
2021-02-24 18:00:00,14017.0,14017.0,14017.0,29991200,29991200,29991200
2021-02-24 22:00:00,14026.5,14026.5,14026.5,29991200,29991200,29991200
2021-02-25 02:00:00,14058.0,14058.0,14058.0,29991200,29991200,29991200
2021-02-25 06:00:00,13976.5,13976.5,13976.5,29991200,29991200,29991200
2021-02-25 10:00:00,13979.6,13979.6,13979.6,29991200,29991200,29991200
2021-02-25 14:00:00,13776.7,13776.7,13776.7,29991200,29991200,29991200
2021-02-25 18:00:00,13750.6,13750.6,13750.6,29991200,29991200,29991200
2021-02-25 22:00:00,13759.6,13759.6,13759.6,29991200,29991200,29991200
2021-02-26 02:00:00,13677.1,13677.1,13677.1,29991200,29991200,29991200
2021-02-26 06:00:00,13851.1,13851.1,13851.1,29991200,29991200,29991200
2021-02-26 10:00:00,13823.0,13823.0,13823.0,29991200,29991200,29991200
2021-02-26 14:00:00,13819.4,13819.4,13819.4,29991200,29991200,29991200
2021-02-26 18:00:00,13787.5,13787.5,13787.5,29991200,29991200,29991200
2021-02-28 22:00:00,13895.4,13895.4,13895.4,29991200,29991200,29991200
2021-03-01 02:00:00,13872.4,13872.4,13872.4,29991200,29991200,29991200
2021-03-01 06:00:00,13940.6,13940.6,13940.6,29991200,29991200,29991200
2021-03-01 10:00:00,13918.6,13918.6,13918.6,29991200,29991200,29991200
2021-03-01 14:00:00,14004.9,14004.9,14004.9,29991200,29991200,29991200
2021-03-01 18:00:00,14038.2,14038.2,14038.2,29991200,29991200,29991200
2021-03-01 22:00:00,13981.4,13981.4,13981.4,29991200,29991200,29991200
2021-03-02 02:00:00,13945.9,13945.9,13945.9,29991200,29991200,29991200
2021-03-02 06:00:00,14023.8,14023.8,14023.8,29991200,29991200,29991200
2021-03-02 10:00:00,14086.9,14086.9,14086.9,29991200,29991200,29991200
2021-03-02 14:00:00,14062.8,14062.8,14062.8,29991200,29991200,29991200
2021-03-02 18:00:00,14031.2,14031.2,14031.2,29991200,29991200,29991200
2021-03-02 22:00:00,14052.8,14052.8,14052.8,29991200,29991200,29991200
2021-03-03 02:00:00,14097.8,14097.8,14097.8,29991200,29991200,29991200
2021-03-03 06:00:00,14169.6,14169.6,14169.6,29991200,29991200,29991200
2021-03-03 10:00:00,14059.9,14059.9,14059.9,29991200,29991200,29991200
2021-03-03 14:00:00,14045.3,14045.3,14045.3,29991200,29991200,29991200
2021-03-03 18:00:00,14000.5,14000.5,14000.5,29991200,29991200,29991200
2021-03-03 22:00:00,13995.3,13995.3,13995.3,29991200,29991200,29991200
2021-03-04 02:00:00,13955.3,13955.3,13955.3,29991200,29991200,29991200
2021-03-04 06:00:00,14020.5,14020.5,14020.5,29991200,29991200,29991200
2021-03-04 10:00:00,14062.9,14062.9,14062.9,29991200,29991200,29991200
2021-03-04 14:00:00,13998.7,13998.7,13998.7,29991200,29991200,29991200
2021-03-04 18:00:00,13966.3,13966.3,13966.3,29991200,29991200,29991200
2021-03-04 22:00:00,13904.2,13904.2,13904.2,29991200,29991200,29991200
2021-03-05 02:00:00,14003.2,14003.2,14003.2,29991200,29991200,29991200
2021-03-05 06:00:00,13940.9,13940.9,13940.9,29991200,29991200,29991200
2021-03-05 10:00:00,14020.7,14020.7,14020.7,29991200,29991200,29991200
2021-03-05 14:00:00,13996.0,13996.0,13996.0,29991200,29991200,29991200
2021-03-05 18:00:00,14052.5,14052.5,14052.5,29991200,29991200,29991200
2021-03-07 22:00:00,14061.0,14061.0,14061.0,29991200,29991200,29991200
2021-03-08 02:00:00,13982.5,13982.5,13982.5,29991200,29991200,29991200
2021-03-08 06:00:00,14036.7,14036.7,14036.7,29991200,29991200,29991200
2021-03-08 10:00:00,14143.2,14143.2,14143.2,29991200,29991200,29991200
2021-03-08 14:00:00,14389.1,14389.1,14389.1,29991200,29991200,29991200
2021-03-08 18:00:00,14384.4,14384.4,14384.4,29991200,29991200,29991200
2021-03-08 22:00:00,14345.6,14345.6,14345.6,29991200,29991200,29991200
2021-03-09 02:00:00,14391.1,14391.1,14391.1,29991200,29991200,29991200
2021-03-09 06:00:00,14428.4,14428.4,14428.4,29991200,29991200,29991200
2021-03-09 10:00:00,14443.0,14443.0,14443.0,29991200,29991200,29991200
2021-03-09 14:00:00,14457.9,14457.9,14457.9,29991200,29991200,29991200
2021-03-09 18:00:00,14452.0,14452.0,14452.0,29991200,29991200,29991200
2021-03-09 22:00:00,14407.4,14407.4,14407.4,29991200,29991200,29991200
2021-03-10 02:00:00,14408.4,14408.4,14408.4,29991200,29991200,29991200
2021-03-10 06:00:00,14488.2,14488.2,14488.2,29991200,29991200,29991200
2021-03-10 10:00:00,14533.0,14533.0,14533.0,29991200,29991200,29991200
2021-03-10 14:00:00,14535.7,14535.7,14535.7,29991200,29991200,29991200
2021-03-10 18:00:00,14584.7,14584.7,14584.7,29991200,29991200,29991200
2021-03-10 22:00:00,14587.2,14587.2,14587.2,29991200,29991200,29991200
2021-03-11 02:00:00,14577.2,14577.2,14577.2,29991200,29991200,29991200
2021-03-11 06:00:00,14524.4,14524.4,14524.4,29991200,29991200,29991200
2021-03-11 10:00:00,14564.7,14564.7,14564.7,29991200,29991200,29991200
2021-03-11 14:00:00,14564.6,14564.6,14564.6,29991200,29991200,29991200
2021-03-11 18:00:00,14539.8,14539.8,14539.8,29991200,29991200,29991200
2021-03-11 22:00:00,14551.6,14551.6,14551.6,29991200,29991200,29991200
2021-03-12 02:00:00,14544.1,14544.1,14544.1,29991200,29991200,29991200
2021-03-12 06:00:00,14482.6,14482.6,14482.6,29991200,29991200,29991200
2021-03-12 10:00:00,14471.1,14471.1,14471.1,29991200,29991200,29991200
2021-03-12 14:00:00,14508.8,14508.8,14508.8,29991200,29991200,29991200
2021-03-12 18:00:00,14554.1,14554.1,14554.1,29991200,29991200,29991200
2021-03-14 21:00:00,14553.8,14553.8,14553.8,29991200,29991200,29991200
2021-03-15 01:00:00,14551.8,14551.8,14551.8,29991200,29991200,29991200
2021-03-15 05:00:00,14541.7,14541.7,14541.7,29991200,29991200,29991200
2021-03-15 09:00:00,14505.1,14505.1,14505.1,29991200,29991200,29991200
2021-03-15 13:00:00,14472.0,14472.0,14472.0,29991200,29991200,29991200
2021-03-15 17:00:00,14504.5,14504.5,14504.5,29991200,29991200,29991200
2021-03-15 21:00:00,14492.0,14492.0,14492.0,29991200,29991200,29991200
2021-03-16 01:00:00,14495.5,14495.5,14495.5,29991200,29991200,29991200
2021-03-16 05:00:00,14519.9,14519.9,14519.9,29991200,29991200,29991200
2021-03-16 09:00:00,14550.1,14550.1,14550.1,29991200,29991200,29991200
2021-03-16 13:00:00,14564.5,14564.5,14564.5,29991200,29991200,29991200
2021-03-16 17:00:00,14560.5,14560.5,14560.5,29991200,29991200,29991200
2021-03-16 21:00:00,14551.5,14551.5,14551.5,29991200,29991200,29991200
2021-03-17 01:00:00,14539.0,14539.0,14539.0,29991200,29991200,29991200
2021-03-17 05:00:00,14560.4,14560.4,14560.4,29991200,29991200,29991200
2021-03-17 09:00:00,14557.6,14557.6,14557.6,29991200,29991200,29991200
2021-03-17 13:00:00,14584.6,14584.6,14584.6,29991200,29991200,29991200
2021-03-17 17:00:00,14662.1,14662.1,14662.1,29991200,29991200,29991200
2021-03-17 21:00:00,14725.6,14725.6,14725.6,29991200,29991200,29991200
2021-03-18 01:00:00,14705.1,14705.1,14705.1,29991200,29991200,29991200
2021-03-18 05:00:00,14691.2,14691.2,14691.2,29991200,29991200,29991200
2021-03-18 09:00:00,14738.5,14738.5,14738.5,29991200,29991200,29991200
2021-03-18 13:00:00,14747.4,14747.4,14747.4,29991200,29991200,29991200
2021-03-18 17:00:00,14683.9,14683.9,14683.9,29991200,29991200,29991200
2021-03-18 21:00:00,14696.9,14696.9,14696.9,29991200,29991200,29991200
2021-03-19 01:00:00,14691.4,14691.4,14691.4,29991200,29991200,29991200
2021-03-19 05:00:00,14729.3,14729.3,14729.3,29991200,29991200,29991200
2021-03-19 09:00:00,14696.7,14696.7,14696.7,29991200,29991200,29991200
2021-03-19 13:00:00,14634.2,14634.2,14634.2,29991200,29991200,29991200
2021-03-19 17:00:00,14627.2,14627.2,14627.2,29991200,29991200,29991200
2021-03-21 21:00:00,14587.2,14587.2,14587.2,29991200,29991200,29991200
2021-03-22 01:00:00,14586.2,14586.2,14586.2,29991200,29991200,29991200
2021-03-22 05:00:00,14627.6,14627.6,14627.6,29991200,29991200,29991200
2021-03-22 09:00:00,14652.0,14652.0,14652.0,29991200,29991200,29991200
2021-03-22 13:00:00,14664.6,14664.6,14664.6,29991200,29991200,29991200
2021-03-22 17:00:00,14665.6,14665.6,14665.6,29991200,29991200,29991200
2021-03-22 21:00:00,14654.6,14654.6,14654.6,29991200,29991200,29991200
2021-03-23 01:00:00,14600.1,14600.1,14600.1,29991200,29991200,29991200
2021-03-23 05:00:00,14595.0,14595.0,14595.0,29991200,29991200,29991200
2021-03-23 09:00:00,14659.0,14659.0,14659.0,29991200,29991200,29991200
2021-03-23 13:00:00,14686.0,14686.0,14686.0,29991200,29991200,29991200
2021-03-23 17:00:00,14620.0,14620.0,14620.0,29991200,29991200,29991200
2021-03-23 21:00:00,14597.5,14597.5,14597.5,29991200,29991200,29991200
2021-03-24 01:00:00,14589.5,14589.5,14589.5,29991200,29991200,29991200
2021-03-24 05:00:00,14579.9,14579.9,14579.9,29991200,29991200,29991200
2021-03-24 09:00:00,14578.1,14578.1,14578.1,29991200,29991200,29991200
2021-03-24 13:00:00,14599.2,14599.2,14599.2,29991200,29991200,29991200
2021-03-24 17:00:00,14554.7,14554.7,14554.7,29991200,29991200,29991200
2021-03-24 21:00:00,14577.7,14577.7,14577.7,29991200,29991200,29991200
2021-03-25 01:00:00,14566.2,14566.2,14566.2,29991200,29991200,29991200
2021-03-25 05:00:00,14585.1,14585.1,14585.1,29991200,29991200,29991200
2021-03-25 09:00:00,14456.3,14456.3,14456.3,29991200,29991200,29991200
2021-03-25 13:00:00,14639.5,14639.5,14639.5,29991200,29991200,29991200
2021-03-25 17:00:00,14692.0,14692.0,14692.0,29991200,29991200,29991200
2021-03-25 21:00:00,14685.0,14685.0,14685.0,29991200,29991200,29991200
2021-03-26 01:00:00,14707.0,14707.0,14707.0,29991200,29991200,29991200
2021-03-26 05:00:00,14731.2,14731.2,14731.2,29991200,29991200,29991200
2021-03-26 09:00:00,14735.5,14735.5,14735.5,29991200,29991200,29991200
2021-03-26 13:00:00,14758.4,14758.4,14758.4,29991200,29991200,29991200
2021-03-26 17:00:00,14842.4,14842.4,14842.4,29991200,29991200,29991200
2021-03-28 21:00:00,14776.4,14776.4,14776.4,29991200,29991200,29991200
2021-03-29 01:00:00,14772.4,14772.4,14772.4,29991200,29991200,29991200
2021-03-29 05:00:00,14759.8,14759.8,14759.8,29991200,29991200,29991200
2021-03-29 09:00:00,14783.8,14783.8,14783.8,29991200,29991200,29991200
2021-03-29 13:00:00,14867.0,14867.0,14867.0,29991200,29991200,29991200
2021-03-29 17:00:00,14871.6,14871.6,14871.6,29991200,29991200,29991200
2021-03-29 21:00:00,14861.5,14861.5,14861.5,29991200,29991200,29991200
2021-03-30 01:00:00,14886.0,14886.0,14886.0,29991200,29991200,29991200
2021-03-30 05:00:00,14905.1,14905.1,14905.1,29991200,29991200,29991200
2021-03-30 09:00:00,14919.4,14919.4,14919.4,29991200,29991200,29991200
2021-03-30 13:00:00,14974.2,14974.2,14974.2,29991200,29991200,29991200
2021-03-30 17:00:00,14986.0,14986.0,14986.0,29991200,29991200,29991200
2021-03-30 21:00:00,15002.7,15002.7,15002.7,29991200,29991200,29991200
2021-03-31 01:00:00,14967.2,14967.2,14967.2,29991200,29991200,29991200
2021-03-31 05:00:00,15002.4,15002.4,15002.4,29991200,29991200,29991200
2021-03-31 09:00:00,14987.4,14987.4,14987.4,29991200,29991200,29991200
2021-03-31 13:00:00,15033.8,15033.8,15033.8,29991200,29991200,29991200
2021-03-31 17:00:00,15020.0,15020.0,15020.0,29991200,29991200,29991200
2021-03-31 21:00:00,15042.8,15042.8,15042.8,29991200,29991200,29991200
2021-04-01 01:00:00,15026.3,15026.3,15026.3,29991200,29991200,29991200
2021-04-01 05:00:00,15091.5,15091.5,15091.5,29991200,29991200,29991200
2021-04-01 09:00:00,15092.2,15092.2,15092.2,29991200,29991200,29991200
2021-04-01 13:00:00,15119.5,15119.5,15119.5,29991200,29991200,29991200
2021-04-01 17:00:00,15183.5,15183.5,15183.5,29991200,29991200,29991200
2021-04-02 01:00:00,15190.5,15190.5,15190.5,29991200,29991200,29991200
2021-04-02 05:00:00,15209.2,15209.2,15209.2,29991200,29991200,29991200
2021-04-02 09:00:00,15243.8,15243.8,15243.8,29991200,29991200,29991200
2021-04-02 13:00:00,15244.3,15244.3,15244.3,29991200,29991200,29991200
2021-04-04 21:00:00,15255.0,15255.0,15255.0,29991200,29991200,29991200
2021-04-05 01:00:00,15239.6,15239.6,15239.6,29991200,29991200,29991200
2021-04-05 05:00:00,15254.9,15254.9,15254.9,29991200,29991200,29991200
2021-04-05 09:00:00,15283.0,15283.0,15283.0,29991200,29991200,29991200
2021-04-05 13:00:00,15320.7,15320.7,15320.7,29991200,29991200,29991200
2021-04-05 17:00:00,15352.5,15352.5,15352.5,29991200,29991200,29991200
2021-04-05 21:00:00,15305.5,15305.5,15305.5,29991200,29991200,29991200
2021-04-06 01:00:00,15238.5,15238.5,15238.5,29991200,29991200,29991200
2021-04-06 05:00:00,15255.0,15255.0,15255.0,29991200,29991200,29991200
2021-04-06 09:00:00,15246.0,15246.0,15246.0,29991200,29991200,29991200
2021-04-06 13:00:00,15216.6,15216.6,15216.6,29991200,29991200,29991200
2021-04-06 17:00:00,15201.0,15201.0,15201.0,29991200,29991200,29991200
2021-04-06 21:00:00,15219.1,15219.1,15219.1,29991200,29991200,29991200
2021-04-07 01:00:00,15205.6,15205.6,15205.6,29991200,29991200,29991200
2021-04-07 05:00:00,15212.6,15212.6,15212.6,29991200,29991200,29991200
2021-04-07 09:00:00,15160.7,15160.7,15160.7,29991200,29991200,29991200
2021-04-07 13:00:00,15184.3,15184.3,15184.3,29991200,29991200,29991200
2021-04-07 17:00:00,15222.9,15222.9,15222.9,29991200,29991200,29991200
2021-04-07 21:00:00,15204.3,15204.3,15204.3,29991200,29991200,29991200
2021-04-08 01:00:00,15232.3,15232.3,15232.3,29991200,29991200,29991200
2021-04-08 05:00:00,15182.3,15182.3,15182.3,29991200,29991200,29991200
2021-04-08 09:00:00,15182.8,15182.8,15182.8,29991200,29991200,29991200
2021-04-08 13:00:00,15196.1,15196.1,15196.1,29991200,29991200,29991200
2021-04-08 17:00:00,15224.2,15224.2,15224.2,29991200,29991200,29991200
2021-04-08 21:00:00,15230.1,15230.1,15230.1,29991200,29991200,29991200
2021-04-09 01:00:00,15201.6,15201.6,15201.6,29991200,29991200,29991200
2021-04-09 05:00:00,15198.8,15198.8,15198.8,29991200,29991200,29991200
2021-04-09 09:00:00,15213.3,15213.3,15213.3,29991200,29991200,29991200
2021-04-09 13:00:00,15233.5,15233.5,15233.5,29991200,29991200,29991200
2021-04-09 17:00:00,15223.1,15223.1,15223.1,29991200,29991200,29991200
2021-04-11 21:00:00,15252.0,15252.0,15252.0,29991200,29991200,29991200
2021-04-12 01:00:00,15204.0,15204.0,15204.0,29991200,29991200,29991200
2021-04-12 05:00:00,15238.1,15238.1,15238.1,29991200,29991200,29991200
2021-04-12 09:00:00,15251.4,15251.4,15251.4,29991200,29991200,29991200
2021-04-12 13:00:00,15232.1,15232.1,15232.1,29991200,29991200,29991200
2021-04-12 17:00:00,15245.5,15245.5,15245.5,29991200,29991200,29991200
2021-04-12 21:00:00,15238.6,15238.6,15238.6,29991200,29991200,29991200
2021-04-13 01:00:00,15242.6,15242.6,15242.6,29991200,29991200,29991200
2021-04-13 05:00:00,15257.2,15257.2,15257.2,29991200,29991200,29991200
2021-04-13 09:00:00,15260.7,15260.7,15260.7,29991200,29991200,29991200
2021-04-13 13:00:00,15223.7,15223.7,15223.7,29991200,29991200,29991200
2021-04-13 17:00:00,15255.7,15255.7,15255.7,29991200,29991200,29991200
2021-04-13 21:00:00,15234.7,15234.7,15234.7,29991200,29991200,29991200
2021-04-14 01:00:00,15284.7,15284.7,15284.7,29991200,29991200,29991200
2021-04-14 05:00:00,15235.9,15235.9,15235.9,29991200,29991200,29991200
2021-04-14 09:00:00,15198.2,15198.2,15198.2,29991200,29991200,29991200
2021-04-14 13:00:00,15220.5,15220.5,15220.5,29991200,29991200,29991200
2021-04-14 17:00:00,15185.4,15185.4,15185.4,29991200,29991200,29991200
2021-04-14 21:00:00,15198.5,15198.5,15198.5,29991200,29991200,29991200
2021-04-15 01:00:00,15199.5,15199.5,15199.5,29991200,29991200,29991200
2021-04-15 05:00:00,15258.9,15258.9,15258.9,29991200,29991200,29991200
2021-04-15 09:00:00,15250.7,15250.7,15250.7,29991200,29991200,29991200
2021-04-15 13:00:00,15269.0,15269.0,15269.0,29991200,29991200,29991200
2021-04-15 17:00:00,15276.9,15276.9,15276.9,29991200,29991200,29991200
2021-04-15 21:00:00,15274.0,15274.0,15274.0,29991200,29991200,29991200
2021-04-16 01:00:00,15288.0,15288.0,15288.0,29991200,29991200,29991200
2021-04-16 05:00:00,15357.3,15357.3,15357.3,29991200,29991200,29991200
2021-04-16 09:00:00,15424.6,15424.6,15424.6,29991200,29991200,29991200
2021-04-16 13:00:00,15462.8,15462.8,15462.8,29991200,29991200,29991200
2021-04-16 17:00:00,15494.0,15494.0,15494.0,29991200,29991200,29991200
2021-04-18 21:00:00,15483.8,15483.8,15483.8,29991200,29991200,29991200
2021-04-19 01:00:00,15486.3,15486.3,15486.3,29991200,29991200,29991200
2021-04-19 05:00:00,15457.7,15457.7,15457.7,29991200,29991200,29991200
2021-04-19 09:00:00,15438.7,15438.7,15438.7,29991200,29991200,29991200
2021-04-19 13:00:00,15356.8,15356.8,15356.8,29991200,29991200,29991200
2021-04-19 17:00:00,15378.3,15378.3,15378.3,29991200,29991200,29991200
2021-04-19 21:00:00,15381.8,15381.8,15381.8,29991200,29991200,29991200
2021-04-20 01:00:00,15377.3,15377.3,15377.3,29991200,29991200,29991200
2021-04-20 05:00:00,15315.4,15315.4,15315.4,29991200,29991200,29991200
2021-04-20 09:00:00,15220.5,15220.5,15220.5,29991200,29991200,29991200
2021-04-20 13:00:00,15168.8,15168.8,15168.8,29991200,29991200,29991200
2021-04-20 17:00:00,15134.5,15134.5,15134.5,29991200,29991200,29991200
2021-04-20 21:00:00,15160.3,15160.3,15160.3,29991200,29991200,29991200
2021-04-21 01:00:00,15156.8,15156.8,15156.8,29991200,29991200,29991200
2021-04-21 05:00:00,15165.2,15165.2,15165.2,29991200,29991200,29991200
2021-04-21 09:00:00,15087.6,15087.6,15087.6,29991200,29991200,29991200
2021-04-21 13:00:00,15214.3,15214.3,15214.3,29991200,29991200,29991200
2021-04-21 17:00:00,15238.1,15238.1,15238.1,29991200,29991200,29991200
2021-04-21 21:00:00,15241.8,15241.8,15241.8,29991200,29991200,29991200
2021-04-22 01:00:00,15267.3,15267.3,15267.3,29991200,29991200,29991200
2021-04-22 05:00:00,15261.4,15261.4,15261.4,29991200,29991200,29991200
2021-04-22 09:00:00,15269.0,15269.0,15269.0,29991200,29991200,29991200
2021-04-22 13:00:00,15335.2,15335.2,15335.2,29991200,29991200,29991200
2021-04-22 17:00:00,15247.2,15247.2,15247.2,29991200,29991200,29991200
2021-04-22 21:00:00,15247.7,15247.7,15247.7,29991200,29991200,29991200
2021-04-23 01:00:00,15257.2,15257.2,15257.2,29991200,29991200,29991200
2021-04-23 05:00:00,15273.6,15273.6,15273.6,29991200,29991200,29991200
2021-04-23 09:00:00,15154.5,15154.5,15154.5,29991200,29991200,29991200
2021-04-23 13:00:00,15284.6,15284.6,15284.6,29991200,29991200,29991200
2021-04-23 17:00:00,15265.7,15265.7,15265.7,29991200,29991200,29991200
2021-04-25 21:00:00,15258.1,15258.1,15258.1,29991200,29991200,29991200
2021-04-26 01:00:00,15285.1,15285.1,15285.1,29991200,29991200,29991200
2021-04-26 05:00:00,15273.7,15273.7,15273.7,29991200,29991200,29991200
2021-04-26 09:00:00,15280.3,15280.3,15280.3,29991200,29991200,29991200
2021-04-26 13:00:00,15282.6,15282.6,15282.6,29991200,29991200,29991200
2021-04-26 17:00:00,15288.2,15288.2,15288.2,29991200,29991200,29991200
2021-04-26 21:00:00,15275.6,15275.6,15275.6,29991200,29991200,29991200
2021-04-27 01:00:00,15281.1,15281.1,15281.1,29991200,29991200,29991200
2021-04-27 05:00:00,15268.0,15268.0,15268.0,29991200,29991200,29991200
2021-04-27 09:00:00,15242.4,15242.4,15242.4,29991200,29991200,29991200
2021-04-27 13:00:00,15260.7,15260.7,15260.7,29991200,29991200,29991200
2021-04-27 17:00:00,15270.9,15270.9,15270.9,29991200,29991200,29991200
2021-04-27 21:00:00,15237.2,15237.2,15237.2,29991200,29991200,29991200
2021-04-28 01:00:00,15263.7,15263.7,15263.7,29991200,29991200,29991200
2021-04-28 05:00:00,15299.7,15299.7,15299.7,29991200,29991200,29991200
2021-04-28 09:00:00,15313.6,15313.6,15313.6,29991200,29991200,29991200
2021-04-28 13:00:00,15299.3,15299.3,15299.3,29991200,29991200,29991200
2021-04-28 17:00:00,15305.9,15305.9,15305.9,29991200,29991200,29991200
2021-04-28 21:00:00,15299.8,15299.8,15299.8,29991200,29991200,29991200
2021-04-29 01:00:00,15311.8,15311.8,15311.8,29991200,29991200,29991200
2021-04-29 05:00:00,15263.4,15263.4,15263.4,29991200,29991200,29991200
2021-04-29 09:00:00,15225.9,15225.9,15225.9,29991200,29991200,29991200
2021-04-29 13:00:00,15147.1,15147.1,15147.1,29991200,29991200,29991200
2021-04-29 17:00:00,15181.7,15181.7,15181.7,29991200,29991200,29991200
2021-04-29 21:00:00,15174.1,15174.1,15174.1,29991200,29991200,29991200
2021-04-30 01:00:00,15140.1,15140.1,15140.1,29991200,29991200,29991200
2021-04-30 05:00:00,15217.6,15217.6,15217.6,29991200,29991200,29991200
2021-04-30 09:00:00,15211.6,15211.6,15211.6,29991200,29991200,29991200
2021-04-30 13:00:00,15144.8,15144.8,15144.8,29991200,29991200,29991200
2021-04-30 17:00:00,15140.0,15140.0,15140.0,29991200,29991200,29991200
2021-05-02 21:00:00,15205.8,15205.8,15205.8,29991200,29991200,29991200
2021-05-03 01:00:00,15186.3,15186.3,15186.3,29991200,29991200,29991200
2021-05-03 05:00:00,15208.2,15208.2,15208.2,29991200,29991200,29991200
2021-05-03 09:00:00,15228.8,15228.8,15228.8,29991200,29991200,29991200
2021-05-03 13:00:00,15240.7,15240.7,15240.7,29991200,29991200,29991200
2021-05-03 17:00:00,15252.6,15252.6,15252.6,29991200,29991200,29991200
2021-05-03 21:00:00,15225.2,15225.2,15225.2,29991200,29991200,29991200
2021-05-04 01:00:00,15207.2,15207.2,15207.2,29991200,29991200,29991200
2021-05-04 05:00:00,15148.7,15148.7,15148.7,29991200,29991200,29991200
2021-05-04 09:00:00,14998.8,14998.8,14998.8,29991200,29991200,29991200
2021-05-04 13:00:00,14858.3,14858.3,14858.3,29991200,29991200,29991200
2021-05-04 17:00:00,14903.2,14903.2,14903.2,29991200,29991200,29991200
2021-05-04 21:00:00,14948.3,14948.3,14948.3,29991200,29991200,29991200
2021-05-05 01:00:00,14961.3,14961.3,14961.3,29991200,29991200,29991200
2021-05-05 05:00:00,15053.1,15053.1,15053.1,29991200,29991200,29991200
2021-05-05 09:00:00,15095.8,15095.8,15095.8,29991200,29991200,29991200
2021-05-05 13:00:00,15163.7,15163.7,15163.7,29991200,29991200,29991200
2021-05-05 17:00:00,15155.4,15155.4,15155.4,29991200,29991200,29991200
2021-05-05 21:00:00,15174.7,15174.7,15174.7,29991200,29991200,29991200
2021-05-06 01:00:00,15145.2,15145.2,15145.2,29991200,29991200,29991200
2021-05-06 05:00:00,15199.9,15199.9,15199.9,29991200,29991200,29991200
2021-05-06 09:00:00,15151.4,15151.4,15151.4,29991200,29991200,29991200
2021-05-06 13:00:00,15214.3,15214.3,15214.3,29991200,29991200,29991200
2021-05-06 17:00:00,15259.1,15259.1,15259.1,29991200,29991200,29991200
2021-05-06 21:00:00,15266.3,15266.3,15266.3,29991200,29991200,29991200
2021-05-07 01:00:00,15266.8,15266.8,15266.8,29991200,29991200,29991200
2021-05-07 05:00:00,15350.1,15350.1,15350.1,29991200,29991200,29991200
2021-05-07 09:00:00,15352.3,15352.3,15352.3,29991200,29991200,29991200
2021-05-07 13:00:00,15404.8,15404.8,15404.8,29991200,29991200,29991200
2021-05-07 17:00:00,15387.5,15387.5,15387.5,29991200,29991200,29991200
2021-05-09 21:00:00,15448.3,15448.3,15448.3,29991200,29991200,29991200
2021-05-10 01:00:00,15422.3,15422.3,15422.3,29991200,29991200,29991200
2021-05-10 05:00:00,15364.1,15364.1,15364.1,29991200,29991200,29991200
2021-05-10 09:00:00,15371.8,15371.8,15371.8,29991200,29991200,29991200
2021-05-10 13:00:00,15392.7,15392.7,15392.7,29991200,29991200,29991200
2021-05-10 17:00:00,15287.0,15287.0,15287.0,29991200,29991200,29991200
2021-05-10 21:00:00,15218.2,15218.2,15218.2,29991200,29991200,29991200
2021-05-11 01:00:00,15197.7,15197.7,15197.7,29991200,29991200,29991200
2021-05-11 05:00:00,15072.5,15072.5,15072.5,29991200,29991200,29991200
2021-05-11 09:00:00,15028.6,15028.6,15028.6,29991200,29991200,29991200
2021-05-11 13:00:00,15086.5,15086.5,15086.5,29991200,29991200,29991200
2021-05-11 17:00:00,15102.9,15102.9,15102.9,29991200,29991200,29991200
2021-05-11 21:00:00,15053.0,15053.0,15053.0,29991200,29991200,29991200
2021-05-12 01:00:00,15026.5,15026.5,15026.5,29991200,29991200,29991200
2021-05-12 05:00:00,15127.8,15127.8,15127.8,29991200,29991200,29991200
2021-05-12 09:00:00,15157.3,15157.3,15157.3,29991200,29991200,29991200
2021-05-12 13:00:00,15108.5,15108.5,15108.5,29991200,29991200,29991200
2021-05-12 17:00:00,15077.4,15077.4,15077.4,29991200,29991200,29991200
2021-05-12 21:00:00,15103.0,15103.0,15103.0,29991200,29991200,29991200
2021-05-13 01:00:00,15085.5,15085.5,15085.5,29991200,29991200,29991200
2021-05-13 05:00:00,14872.3,14872.3,14872.3,29991200,29991200,29991200
2021-05-13 09:00:00,15088.2,15088.2,15088.2,29991200,29991200,29991200
2021-05-13 13:00:00,15203.0,15203.0,15203.0,29991200,29991200,29991200
2021-05-13 17:00:00,15255.5,15255.5,15255.5,29991200,29991200,29991200
2021-05-13 21:00:00,15264.5,15264.5,15264.5,29991200,29991200,29991200
2021-05-14 01:00:00,15288.5,15288.5,15288.5,29991200,29991200,29991200
2021-05-14 05:00:00,15255.1,15255.1,15255.1,29991200,29991200,29991200
2021-05-14 09:00:00,15322.5,15322.5,15322.5,29991200,29991200,29991200
2021-05-14 13:00:00,15415.9,15415.9,15415.9,29991200,29991200,29991200
2021-05-14 17:00:00,15470.6,15470.6,15470.6,29991200,29991200,29991200
2021-05-16 21:00:00,15407.9,15407.9,15407.9,29991200,29991200,29991200
2021-05-17 01:00:00,15422.9,15422.9,15422.9,29991200,29991200,29991200
2021-05-17 05:00:00,15424.5,15424.5,15424.5,29991200,29991200,29991200
2021-05-17 09:00:00,15395.4,15395.4,15395.4,29991200,29991200,29991200
2021-05-17 13:00:00,15403.5,15403.5,15403.5,29991200,29991200,29991200
2021-05-17 17:00:00,15432.5,15432.5,15432.5,29991200,29991200,29991200
2021-05-17 21:00:00,15472.5,15472.5,15472.5,29991200,29991200,29991200
2021-05-18 01:00:00,15493.0,15493.0,15493.0,29991200,29991200,29991200
2021-05-18 05:00:00,15438.7,15438.7,15438.7,29991200,29991200,29991200
2021-05-18 09:00:00,15408.8,15408.8,15408.8,29991200,29991200,29991200
2021-05-18 13:00:00,15381.1,15381.1,15381.1,29991200,29991200,29991200
2021-05-18 17:00:00,15305.3,15305.3,15305.3,29991200,29991200,29991200
2021-05-18 21:00:00,15308.1,15308.1,15308.1,29991200,29991200,29991200
2021-05-19 01:00:00,15252.6,15252.6,15252.6,29991200,29991200,29991200
2021-05-19 05:00:00,15144.5,15144.5,15144.5,29991200,29991200,29991200
2021-05-19 09:00:00,15053.1,15053.1,15053.1,29991200,29991200,29991200
2021-05-19 13:00:00,15151.3,15151.3,15151.3,29991200,29991200,29991200
2021-05-19 17:00:00,15159.1,15159.1,15159.1,29991200,29991200,29991200
2021-05-19 21:00:00,15190.8,15190.8,15190.8,29991200,29991200,29991200
2021-05-20 01:00:00,15215.8,15215.8,15215.8,29991200,29991200,29991200
2021-05-20 05:00:00,15148.5,15148.5,15148.5,29991200,29991200,29991200
2021-05-20 09:00:00,15259.2,15259.2,15259.2,29991200,29991200,29991200
2021-05-20 13:00:00,15354.7,15354.7,15354.7,29991200,29991200,29991200
2021-05-20 17:00:00,15355.8,15355.8,15355.8,29991200,29991200,29991200
2021-05-20 21:00:00,15394.2,15394.2,15394.2,29991200,29991200,29991200
2021-05-21 01:00:00,15385.7,15385.7,15385.7,29991200,29991200,29991200
2021-05-21 05:00:00,15393.0,15393.0,15393.0,29991200,29991200,29991200
2021-05-21 09:00:00,15427.8,15427.8,15427.8,29991200,29991200,29991200
2021-05-21 13:00:00,15433.1,15433.1,15433.1,29991200,29991200,29991200
2021-05-21 17:00:00,15446.8,15446.8,15446.8,29991200,29991200,29991200
2021-05-23 21:00:00,15457.6,15457.6,15457.6,29991200,29991200,29991200
2021-05-24 01:00:00,15463.1,15463.1,15463.1,29991200,29991200,29991200
2021-05-24 05:00:00,15506.5,15506.5,15506.5,29991200,29991200,29991200
2021-05-24 09:00:00,15496.0,15496.0,15496.0,29991200,29991200,29991200
2021-05-24 13:00:00,15558.1,15558.1,15558.1,29991200,29991200,29991200
2021-05-24 17:00:00,15573.5,15573.5,15573.5,29991200,29991200,29991200
2021-05-24 21:00:00,15549.1,15549.1,15549.1,29991200,29991200,29991200
2021-05-25 01:00:00,15562.6,15562.6,15562.6,29991200,29991200,29991200
2021-05-25 05:00:00,15558.8,15558.8,15558.8,29991200,29991200,29991200
2021-05-25 09:00:00,15518.8,15518.8,15518.8,29991200,29991200,29991200
2021-05-25 13:00:00,15495.8,15495.8,15495.8,29991200,29991200,29991200
2021-05-25 17:00:00,15491.9,15491.9,15491.9,29991200,29991200,29991200
2021-05-25 21:00:00,15530.3,15530.3,15530.3,29991200,29991200,29991200
2021-05-26 01:00:00,15531.3,15531.3,15531.3,29991200,29991200,29991200
2021-05-26 05:00:00,15472.6,15472.6,15472.6,29991200,29991200,29991200
2021-05-26 09:00:00,15461.9,15461.9,15461.9,29991200,29991200,29991200
2021-05-26 13:00:00,15454.5,15454.5,15454.5,29991200,29991200,29991200
2021-05-26 17:00:00,15456.6,15456.6,15456.6,29991200,29991200,29991200
2021-05-26 21:00:00,15451.0,15451.0,15451.0,29991200,29991200,29991200
2021-05-27 01:00:00,15459.0,15459.0,15459.0,29991200,29991200,29991200
2021-05-27 05:00:00,15388.2,15388.2,15388.2,29991200,29991200,29991200
2021-05-27 09:00:00,15453.5,15453.5,15453.5,29991200,29991200,29991200
2021-05-27 13:00:00,15424.9,15424.9,15424.9,29991200,29991200,29991200
2021-05-27 17:00:00,15477.1,15477.1,15477.1,29991200,29991200,29991200
2021-05-27 21:00:00,15464.4,15464.4,15464.4,29991200,29991200,29991200
2021-05-28 01:00:00,15478.4,15478.4,15478.4,29991200,29991200,29991200
2021-05-28 05:00:00,15490.4,15490.4,15490.4,29991200,29991200,29991200
2021-05-28 09:00:00,15531.1,15531.1,15531.1,29991200,29991200,29991200
2021-05-28 13:00:00,15508.4,15508.4,15508.4,29991200,29991200,29991200
2021-05-28 17:00:00,15493.5,15493.5,15493.5,29991200,29991200,29991200
2021-05-30 21:00:00,15511.4,15511.4,15511.4,29991200,29991200,29991200
2021-05-31 01:00:00,15467.9,15467.9,15467.9,29991200,29991200,29991200
2021-05-31 05:00:00,15479.9,15479.9,15479.9,29991200,29991200,29991200
2021-05-31 09:00:00,15480.1,15480.1,15480.1,29991200,29991200,29991200
2021-05-31 13:00:00,15427.6,15427.6,15427.6,29991200,29991200,29991200
2021-05-31 17:00:00,15435.1,15435.1,15435.1,29991200,29991200,29991200
2021-05-31 21:00:00,15460.6,15460.6,15460.6,29991200,29991200,29991200
2021-06-01 01:00:00,15476.1,15476.1,15476.1,29991200,29991200,29991200
2021-06-01 05:00:00,15630.7,15630.7,15630.7,29991200,29991200,29991200
2021-06-01 09:00:00,15666.2,15666.2,15666.2,29991200,29991200,29991200
2021-06-01 13:00:00,15576.0,15576.0,15576.0,29991200,29991200,29991200
2021-06-01 17:00:00,15574.0,15574.0,15574.0,29991200,29991200,29991200
2021-06-01 21:00:00,15590.5,15590.5,15590.5,29991200,29991200,29991200
2021-06-02 01:00:00,15575.5,15575.5,15575.5,29991200,29991200,29991200
2021-06-02 05:00:00,15575.3,15575.3,15575.3,29991200,29991200,29991200
2021-06-02 09:00:00,15584.3,15584.3,15584.3,29991200,29991200,29991200
2021-06-02 13:00:00,15589.9,15589.9,15589.9,29991200,29991200,29991200
2021-06-02 17:00:00,15591.4,15591.4,15591.4,29991200,29991200,29991200
2021-06-02 21:00:00,15628.4,15628.4,15628.4,29991200,29991200,29991200
2021-06-03 01:00:00,15610.4,15610.4,15610.4,29991200,29991200,29991200
2021-06-03 05:00:00,15585.1,15585.1,15585.1,29991200,29991200,29991200
2021-06-03 09:00:00,15545.8,15545.8,15545.8,29991200,29991200,29991200
2021-06-03 13:00:00,15640.6,15640.6,15640.6,29991200,29991200,29991200
2021-06-03 17:00:00,15643.1,15643.1,15643.1,29991200,29991200,29991200
2021-06-03 21:00:00,15598.1,15598.1,15598.1,29991200,29991200,29991200
2021-06-04 01:00:00,15653.1,15653.1,15653.1,29991200,29991200,29991200
2021-06-04 05:00:00,15624.9,15624.9,15624.9,29991200,29991200,29991200
2021-06-04 09:00:00,15649.0,15649.0,15649.0,29991200,29991200,29991200
2021-06-04 13:00:00,15698.4,15698.4,15698.4,29991200,29991200,29991200
2021-06-04 17:00:00,15671.3,15671.3,15671.3,29991200,29991200,29991200
2021-06-06 21:00:00,15667.9,15667.9,15667.9,29991200,29991200,29991200
2021-06-07 01:00:00,15660.9,15660.9,15660.9,29991200,29991200,29991200
2021-06-07 05:00:00,15694.3,15694.3,15694.3,29991200,29991200,29991200
2021-06-07 09:00:00,15713.8,15713.8,15713.8,29991200,29991200,29991200
2021-06-07 13:00:00,15690.5,15690.5,15690.5,29991200,29991200,29991200
2021-06-07 17:00:00,15705.7,15705.7,15705.7,29991200,29991200,29991200
2021-06-07 21:00:00,15703.0,15703.0,15703.0,29991200,29991200,29991200
2021-06-08 01:00:00,15676.0,15676.0,15676.0,29991200,29991200,29991200
2021-06-08 05:00:00,15680.9,15680.9,15680.9,29991200,29991200,29991200
2021-06-08 09:00:00,15708.8,15708.8,15708.8,29991200,29991200,29991200
2021-06-08 13:00:00,15666.2,15666.2,15666.2,29991200,29991200,29991200
2021-06-08 17:00:00,15666.7,15666.7,15666.7,29991200,29991200,29991200
2021-06-08 21:00:00,15670.2,15670.2,15670.2,29991200,29991200,29991200
2021-06-09 01:00:00,15653.2,15653.2,15653.2,29991200,29991200,29991200
2021-06-09 05:00:00,15627.1,15627.1,15627.1,29991200,29991200,29991200
2021-06-09 09:00:00,15553.9,15553.9,15553.9,29991200,29991200,29991200
2021-06-09 13:00:00,15590.7,15590.7,15590.7,29991200,29991200,29991200
2021-06-09 17:00:00,15587.9,15587.9,15587.9,29991200,29991200,29991200
2021-06-09 21:00:00,15583.7,15583.7,15583.7,29991200,29991200,29991200
2021-06-10 01:00:00,15607.2,15607.2,15607.2,29991200,29991200,29991200
2021-06-10 05:00:00,15567.6,15567.6,15567.6,29991200,29991200,29991200
2021-06-10 09:00:00,15599.7,15599.7,15599.7,29991200,29991200,29991200
2021-06-10 13:00:00,15588.2,15588.2,15588.2,29991200,29991200,29991200
2021-06-10 17:00:00,15592.1,15592.1,15592.1,29991200,29991200,29991200
2021-06-10 21:00:00,15590.2,15590.2,15590.2,29991200,29991200,29991200
2021-06-11 01:00:00,15597.7,15597.7,15597.7,29991200,29991200,29991200
2021-06-11 05:00:00,15587.5,15587.5,15587.5,29991200,29991200,29991200
2021-06-11 09:00:00,15673.2,15673.2,15673.2,29991200,29991200,29991200
2021-06-11 13:00:00,15699.2,15699.2,15699.2,29991200,29991200,29991200
2021-06-11 17:00:00,15721.3,15721.3,15721.3,29991200,29991200,29991200
2021-06-13 21:00:00,15716.7,15716.7,15716.7,29991200,29991200,29991200
2021-06-14 01:00:00,15721.7,15721.7,15721.7,29991200,29991200,29991200
2021-06-14 05:00:00,15727.2,15727.2,15727.2,29991200,29991200,29991200
2021-06-14 09:00:00,15710.1,15710.1,15710.1,29991200,29991200,29991200
2021-06-14 13:00:00,15680.6,15680.6,15680.6,29991200,29991200,29991200
2021-06-14 17:00:00,15715.2,15715.2,15715.2,29991200,29991200,29991200
2021-06-14 21:00:00,15735.1,15735.1,15735.1,29991200,29991200,29991200
2021-06-15 01:00:00,15758.1,15758.1,15758.1,29991200,29991200,29991200
2021-06-15 05:00:00,15779.0,15779.0,15779.0,29991200,29991200,29991200
2021-06-15 09:00:00,15752.1,15752.1,15752.1,29991200,29991200,29991200
2021-06-15 13:00:00,15734.4,15734.4,15734.4,29991200,29991200,29991200
2021-06-15 17:00:00,15741.7,15741.7,15741.7,29991200,29991200,29991200
2021-06-15 21:00:00,15744.4,15744.4,15744.4,29991200,29991200,29991200
2021-06-16 01:00:00,15732.9,15732.9,15732.9,29991200,29991200,29991200
2021-06-16 05:00:00,15701.4,15701.4,15701.4,29991200,29991200,29991200
2021-06-16 09:00:00,15698.7,15698.7,15698.7,29991200,29991200,29991200
2021-06-16 13:00:00,15709.3,15709.3,15709.3,29991200,29991200,29991200
2021-06-16 17:00:00,15676.7,15676.7,15676.7,29991200,29991200,29991200
2021-06-16 21:00:00,15644.3,15644.3,15644.3,29991200,29991200,29991200
2021-06-17 01:00:00,15677.8,15677.8,15677.8,29991200,29991200,29991200
2021-06-17 05:00:00,15679.1,15679.1,15679.1,29991200,29991200,29991200
2021-06-17 09:00:00,15716.1,15716.1,15716.1,29991200,29991200,29991200
2021-06-17 13:00:00,15709.9,15709.9,15709.9,29991200,29991200,29991200
2021-06-17 17:00:00,15740.4,15740.4,15740.4,29991200,29991200,29991200
2021-06-17 21:00:00,15728.9,15728.9,15728.9,29991200,29991200,29991200
2021-06-18 01:00:00,15718.9,15718.9,15718.9,29991200,29991200,29991200
2021-06-18 05:00:00,15684.4,15684.4,15684.4,29991200,29991200,29991200
2021-06-18 09:00:00,15515.1,15515.1,15515.1,29991200,29991200,29991200
2021-06-18 13:00:00,15473.7,15473.7,15473.7,29991200,29991200,29991200
2021-06-18 17:00:00,15413.3,15413.3,15413.3,29991200,29991200,29991200
2021-06-20 21:00:00,15418.7,15418.7,15418.7,29991200,29991200,29991200
2021-06-21 01:00:00,15314.2,15314.2,15314.2,29991200,29991200,29991200
2021-06-21 05:00:00,15490.1,15490.1,15490.1,29991200,29991200,29991200
2021-06-21 09:00:00,15556.6,15556.6,15556.6,29991200,29991200,29991200
2021-06-21 13:00:00,15608.5,15608.5,15608.5,29991200,29991200,29991200
2021-06-21 17:00:00,15648.1,15648.1,15648.1,29991200,29991200,29991200
2021-06-21 21:00:00,15616.0,15616.0,15616.0,29991200,29991200,29991200
2021-06-22 01:00:00,15644.5,15644.5,15644.5,29991200,29991200,29991200
2021-06-22 05:00:00,15541.4,15541.4,15541.4,29991200,29991200,29991200
2021-06-22 09:00:00,15595.8,15595.8,15595.8,29991200,29991200,29991200
2021-06-22 13:00:00,15619.7,15619.7,15619.7,29991200,29991200,29991200
2021-06-22 17:00:00,15631.1,15631.1,15631.1,29991200,29991200,29991200
2021-06-22 21:00:00,15634.7,15634.7,15634.7,29991200,29991200,29991200
2021-06-23 01:00:00,15652.7,15652.7,15652.7,29991200,29991200,29991200
2021-06-23 05:00:00,15568.6,15568.6,15568.6,29991200,29991200,29991200
2021-06-23 09:00:00,15589.5,15589.5,15589.5,29991200,29991200,29991200
2021-06-23 13:00:00,15474.1,15474.1,15474.1,29991200,29991200,29991200
2021-06-23 17:00:00,15484.1,15484.1,15484.1,29991200,29991200,29991200
2021-06-23 21:00:00,15503.1,15503.1,15503.1,29991200,29991200,29991200
2021-06-24 01:00:00,15517.6,15517.6,15517.6,29991200,29991200,29991200
2021-06-24 05:00:00,15571.4,15571.4,15571.4,29991200,29991200,29991200
2021-06-24 09:00:00,15570.8,15570.8,15570.8,29991200,29991200,29991200
2021-06-24 13:00:00,15596.1,15596.1,15596.1,29991200,29991200,29991200
2021-06-24 17:00:00,15611.9,15611.9,15611.9,29991200,29991200,29991200
2021-06-24 21:00:00,15603.6,15603.6,15603.6,29991200,29991200,29991200
2021-06-25 01:00:00,15618.6,15618.6,15618.6,29991200,29991200,29991200
2021-06-25 05:00:00,15555.3,15555.3,15555.3,29991200,29991200,29991200
2021-06-25 09:00:00,15573.3,15573.3,15573.3,29991200,29991200,29991200
2021-06-25 13:00:00,15607.0,15607.0,15607.0,29991200,29991200,29991200
2021-06-25 17:00:00,15602.1,15602.1,15602.1,29991200,29991200,29991200
2021-06-27 21:00:00,15604.5,15604.5,15604.5,29991200,29991200,29991200
2021-06-28 01:00:00,15614.5,15614.5,15614.5,29991200,29991200,29991200
2021-06-28 05:00:00,15586.7,15586.7,15586.7,29991200,29991200,29991200
2021-06-28 09:00:00,15635.6,15635.6,15635.6,29991200,29991200,29991200
2021-06-28 13:00:00,15560.9,15560.9,15560.9,29991200,29991200,29991200
2021-06-28 17:00:00,15577.6,15577.6,15577.6,29991200,29991200,29991200
2021-06-28 21:00:00,15553.4,15553.4,15553.4,29991200,29991200,29991200
2021-06-29 01:00:00,15548.4,15548.4,15548.4,29991200,29991200,29991200
2021-06-29 05:00:00,15639.0,15639.0,15639.0,29991200,29991200,29991200
2021-06-29 09:00:00,15739.8,15739.8,15739.8,29991200,29991200,29991200
2021-06-29 13:00:00,15691.2,15691.2,15691.2,29991200,29991200,29991200
2021-06-29 17:00:00,15702.3,15702.3,15702.3,29991200,29991200,29991200
2021-06-29 21:00:00,15686.7,15686.7,15686.7,29991200,29991200,29991200
2021-06-30 01:00:00,15703.2,15703.2,15703.2,29991200,29991200,29991200
2021-06-30 05:00:00,15509.6,15509.6,15509.6,29991200,29991200,29991200
2021-06-30 09:00:00,15545.5,15545.5,15545.5,29991200,29991200,29991200
2021-06-30 13:00:00,15539.0,15539.0,15539.0,29991200,29991200,29991200
2021-06-30 17:00:00,15583.0,15583.0,15583.0,29991200,29991200,29991200
2021-06-30 21:00:00,15593.0,15593.0,15593.0,29991200,29991200,29991200
2021-07-01 01:00:00,15593.5,15593.5,15593.5,29991200,29991200,29991200
2021-07-01 05:00:00,15669.8,15669.8,15669.8,29991200,29991200,29991200
2021-07-01 09:00:00,15552.2,15552.2,15552.2,29991200,29991200,29991200
2021-07-01 13:00:00,15592.8,15592.8,15592.8,29991200,29991200,29991200
2021-07-01 17:00:00,15622.3,15622.3,15622.3,29991200,29991200,29991200
2021-07-01 21:00:00,15648.9,15648.9,15648.9,29991200,29991200,29991200
2021-07-02 01:00:00,15627.4,15627.4,15627.4,29991200,29991200,29991200
2021-07-02 05:00:00,15626.5,15626.5,15626.5,29991200,29991200,29991200
2021-07-02 09:00:00,15672.5,15672.5,15672.5,29991200,29991200,29991200
2021-07-02 13:00:00,15666.0,15666.0,15666.0,29991200,29991200,29991200
2021-07-02 17:00:00,15650.8,15650.8,15650.8,29991200,29991200,29991200
2021-07-04 21:00:00,15645.5,15645.5,15645.5,29991200,29991200,29991200
2021-07-05 01:00:00,15647.0,15647.0,15647.0,29991200,29991200,29991200
2021-07-05 05:00:00,15595.6,15595.6,15595.6,29991200,29991200,29991200
2021-07-05 09:00:00,15661.8,15661.8,15661.8,29991200,29991200,29991200
2021-07-05 13:00:00,15655.1,15655.1,15655.1,29991200,29991200,29991200
2021-07-05 17:00:00,15663.4,15663.4,15663.4,29991200,29991200,29991200
2021-07-05 21:00:00,15691.1,15691.1,15691.1,29991200,29991200,29991200
2021-07-06 01:00:00,15667.1,15667.1,15667.1,29991200,29991200,29991200
2021-07-06 05:00:00,15599.9,15599.9,15599.9,29991200,29991200,29991200
2021-07-06 09:00:00,15645.0,15645.0,15645.0,29991200,29991200,29991200
2021-07-06 13:00:00,15507.4,15507.4,15507.4,29991200,29991200,29991200
2021-07-06 17:00:00,15505.0,15505.0,15505.0,29991200,29991200,29991200
2021-07-06 21:00:00,15504.9,15504.9,15504.9,29991200,29991200,29991200
2021-07-07 01:00:00,15507.9,15507.9,15507.9,29991200,29991200,29991200
2021-07-07 05:00:00,15630.0,15630.0,15630.0,29991200,29991200,29991200
2021-07-07 09:00:00,15656.0,15656.0,15656.0,29991200,29991200,29991200
2021-07-07 13:00:00,15693.6,15693.6,15693.6,29991200,29991200,29991200
2021-07-07 17:00:00,15716.9,15716.9,15716.9,29991200,29991200,29991200
2021-07-07 21:00:00,15691.1,15691.1,15691.1,29991200,29991200,29991200
2021-07-08 01:00:00,15677.1,15677.1,15677.1,29991200,29991200,29991200
2021-07-08 05:00:00,15505.7,15505.7,15505.7,29991200,29991200,29991200
2021-07-08 09:00:00,15355.7,15355.7,15355.7,29991200,29991200,29991200
2021-07-08 13:00:00,15448.6,15448.6,15448.6,29991200,29991200,29991200
2021-07-08 17:00:00,15407.7,15407.7,15407.7,29991200,29991200,29991200
2021-07-08 21:00:00,15388.1,15388.1,15388.1,29991200,29991200,29991200
2021-07-09 01:00:00,15442.1,15442.1,15442.1,29991200,29991200,29991200
2021-07-09 05:00:00,15550.2,15550.2,15550.2,29991200,29991200,29991200
2021-07-09 09:00:00,15568.9,15568.9,15568.9,29991200,29991200,29991200
2021-07-09 13:00:00,15681.5,15681.5,15681.5,29991200,29991200,29991200
2021-07-09 17:00:00,15686.5,15686.5,15686.5,29991200,29991200,29991200
2021-07-11 21:00:00,15672.5,15672.5,15672.5,29991200,29991200,29991200
2021-07-12 01:00:00,15656.5,15656.5,15656.5,29991200,29991200,29991200
2021-07-12 05:00:00,15688.6,15688.6,15688.6,29991200,29991200,29991200
2021-07-12 09:00:00,15721.1,15721.1,15721.1,29991200,29991200,29991200
2021-07-12 13:00:00,15790.5,15790.5,15790.5,29991200,29991200,29991200
2021-07-12 17:00:00,15790.8,15790.8,15790.8,29991200,29991200,29991200
2021-07-12 21:00:00,15809.0,15809.0,15809.0,29991200,29991200,29991200
2021-07-13 01:00:00,15796.0,15796.0,15796.0,29991200,29991200,29991200
2021-07-13 05:00:00,15781.3,15781.3,15781.3,29991200,29991200,29991200
2021-07-13 09:00:00,15769.6,15769.6,15769.6,29991200,29991200,29991200
2021-07-13 13:00:00,15791.0,15791.0,15791.0,29991200,29991200,29991200
2021-07-13 17:00:00,15777.6,15777.6,15777.6,29991200,29991200,29991200
2021-07-13 21:00:00,15783.5,15783.5,15783.5,29991200,29991200,29991200
2021-07-14 01:00:00,15757.5,15757.5,15757.5,29991200,29991200,29991200
2021-07-14 05:00:00,15760.4,15760.4,15760.4,29991200,29991200,29991200
2021-07-14 09:00:00,15794.4,15794.4,15794.4,29991200,29991200,29991200
2021-07-14 13:00:00,15791.3,15791.3,15791.3,29991200,29991200,29991200
2021-07-14 17:00:00,15769.7,15769.7,15769.7,29991200,29991200,29991200
2021-07-14 21:00:00,15751.3,15751.3,15751.3,29991200,29991200,29991200
2021-07-15 01:00:00,15767.3,15767.3,15767.3,29991200,29991200,29991200
2021-07-15 05:00:00,15699.7,15699.7,15699.7,29991200,29991200,29991200
2021-07-15 09:00:00,15615.6,15615.6,15615.6,29991200,29991200,29991200
2021-07-15 13:00:00,15620.2,15620.2,15620.2,29991200,29991200,29991200
2021-07-15 17:00:00,15624.6,15624.6,15624.6,29991200,29991200,29991200
2021-07-15 21:00:00,15601.2,15601.2,15601.2,29991200,29991200,29991200
2021-07-16 01:00:00,15644.7,15644.7,15644.7,29991200,29991200,29991200
2021-07-16 05:00:00,15690.3,15690.3,15690.3,29991200,29991200,29991200
2021-07-16 09:00:00,15611.6,15611.6,15611.6,29991200,29991200,29991200
2021-07-16 13:00:00,15540.8,15540.8,15540.8,29991200,29991200,29991200
2021-07-16 17:00:00,15501.4,15501.4,15501.4,29991200,29991200,29991200
2021-07-18 21:00:00,15421.3,15421.3,15421.3,29991200,29991200,29991200
2021-07-19 01:00:00,15423.8,15423.8,15423.8,29991200,29991200,29991200
2021-07-19 05:00:00,15254.5,15254.5,15254.5,29991200,29991200,29991200
2021-07-19 09:00:00,15126.4,15126.4,15126.4,29991200,29991200,29991200
2021-07-19 13:00:00,15090.5,15090.5,15090.5,29991200,29991200,29991200
2021-07-19 17:00:00,15149.3,15149.3,15149.3,29991200,29991200,29991200
2021-07-19 21:00:00,15190.5,15190.5,15190.5,29991200,29991200,29991200
2021-07-20 01:00:00,15138.5,15138.5,15138.5,29991200,29991200,29991200
2021-07-20 05:00:00,15222.4,15222.4,15222.4,29991200,29991200,29991200
2021-07-20 09:00:00,15136.4,15136.4,15136.4,29991200,29991200,29991200
2021-07-20 13:00:00,15259.2,15259.2,15259.2,29991200,29991200,29991200
2021-07-20 17:00:00,15266.2,15266.2,15266.2,29991200,29991200,29991200
2021-07-20 21:00:00,15301.7,15301.7,15301.7,29991200,29991200,29991200
2021-07-21 01:00:00,15209.7,15209.7,15209.7,29991200,29991200,29991200
2021-07-21 05:00:00,15336.6,15336.6,15336.6,29991200,29991200,29991200
2021-07-21 09:00:00,15359.1,15359.1,15359.1,29991200,29991200,29991200
2021-07-21 13:00:00,15428.1,15428.1,15428.1,29991200,29991200,29991200
2021-07-21 17:00:00,15466.6,15466.6,15466.6,29991200,29991200,29991200
2021-07-21 21:00:00,15438.6,15438.6,15438.6,29991200,29991200,29991200
2021-07-22 01:00:00,15460.1,15460.1,15460.1,29991200,29991200,29991200
2021-07-22 05:00:00,15550.7,15550.7,15550.7,29991200,29991200,29991200
2021-07-22 09:00:00,15520.7,15520.7,15520.7,29991200,29991200,29991200
2021-07-22 13:00:00,15528.0,15528.0,15528.0,29991200,29991200,29991200
2021-07-22 17:00:00,15562.8,15562.8,15562.8,29991200,29991200,29991200
2021-07-22 21:00:00,15562.0,15562.0,15562.0,29991200,29991200,29991200
2021-07-23 01:00:00,15550.5,15550.5,15550.5,29991200,29991200,29991200
2021-07-23 05:00:00,15606.4,15606.4,15606.4,29991200,29991200,29991200
2021-07-23 09:00:00,15664.1,15664.1,15664.1,29991200,29991200,29991200
2021-07-23 13:00:00,15672.4,15672.4,15672.4,29991200,29991200,29991200
2021-07-23 17:00:00,15655.6,15655.6,15655.6,29991200,29991200,29991200
2021-07-25 21:00:00,15623.4,15623.4,15623.4,29991200,29991200,29991200
2021-07-26 01:00:00,15596.9,15596.9,15596.9,29991200,29991200,29991200
2021-07-26 05:00:00,15566.5,15566.5,15566.5,29991200,29991200,29991200
2021-07-26 09:00:00,15606.0,15606.0,15606.0,29991200,29991200,29991200
2021-07-26 13:00:00,15602.1,15602.1,15602.1,29991200,29991200,29991200
2021-07-26 17:00:00,15626.2,15626.2,15626.2,29991200,29991200,29991200
2021-07-26 21:00:00,15612.1,15612.1,15612.1,29991200,29991200,29991200
2021-07-27 01:00:00,15607.6,15607.6,15607.6,29991200,29991200,29991200
2021-07-27 05:00:00,15490.4,15490.4,15490.4,29991200,29991200,29991200
2021-07-27 09:00:00,15547.0,15547.0,15547.0,29991200,29991200,29991200
2021-07-27 13:00:00,15503.5,15503.5,15503.5,29991200,29991200,29991200
2021-07-27 17:00:00,15513.0,15513.0,15513.0,29991200,29991200,29991200
2021-07-27 21:00:00,15575.0,15575.0,15575.0,29991200,29991200,29991200
2021-07-28 01:00:00,15502.5,15502.5,15502.5,29991200,29991200,29991200
2021-07-28 05:00:00,15550.0,15550.0,15550.0,29991200,29991200,29991200
2021-07-28 09:00:00,15553.2,15553.2,15553.2,29991200,29991200,29991200
2021-07-28 13:00:00,15560.8,15560.8,15560.8,29991200,29991200,29991200
2021-07-28 17:00:00,15548.7,15548.7,15548.7,29991200,29991200,29991200
2021-07-28 21:00:00,15549.8,15549.8,15549.8,29991200,29991200,29991200
2021-07-29 01:00:00,15531.3,15531.3,15531.3,29991200,29991200,29991200
2021-07-29 05:00:00,15594.8,15594.8,15594.8,29991200,29991200,29991200
2021-07-29 09:00:00,15632.3,15632.3,15632.3,29991200,29991200,29991200
2021-07-29 13:00:00,15629.8,15629.8,15629.8,29991200,29991200,29991200
2021-07-29 17:00:00,15572.5,15572.5,15572.5,29991200,29991200,29991200
2021-07-29 21:00:00,15548.8,15548.8,15548.8,29991200,29991200,29991200
2021-07-30 01:00:00,15518.8,15518.8,15518.8,29991200,29991200,29991200
2021-07-30 05:00:00,15512.0,15512.0,15512.0,29991200,29991200,29991200
2021-07-30 09:00:00,15548.5,15548.5,15548.5,29991200,29991200,29991200
2021-07-30 13:00:00,15557.4,15557.4,15557.4,29991200,29991200,29991200
2021-07-30 17:00:00,15554.8,15554.8,15554.8,29991200,29991200,29991200
2021-08-01 21:00:00,15620.4,15620.4,15620.4,29991200,29991200,29991200
2021-08-02 01:00:00,15640.9,15640.9,15640.9,29991200,29991200,29991200
2021-08-02 05:00:00,15604.8,15604.8,15604.8,29991200,29991200,29991200
2021-08-02 09:00:00,15572.1,15572.1,15572.1,29991200,29991200,29991200
2021-08-02 13:00:00,15547.9,15547.9,15547.9,29991200,29991200,29991200
2021-08-02 17:00:00,15525.3,15525.3,15525.3,29991200,29991200,29991200
2021-08-02 21:00:00,15569.9,15569.9,15569.9,29991200,29991200,29991200
2021-08-03 01:00:00,15550.4,15550.4,15550.4,29991200,29991200,29991200
2021-08-03 05:00:00,15584.7,15584.7,15584.7,29991200,29991200,29991200
2021-08-03 09:00:00,15554.2,15554.2,15554.2,29991200,29991200,29991200
2021-08-03 13:00:00,15576.1,15576.1,15576.1,29991200,29991200,29991200
2021-08-03 17:00:00,15568.3,15568.3,15568.3,29991200,29991200,29991200
2021-08-03 21:00:00,15563.1,15563.1,15563.1,29991200,29991200,29991200
2021-08-04 01:00:00,15592.6,15592.6,15592.6,29991200,29991200,29991200
2021-08-04 05:00:00,15650.8,15650.8,15650.8,29991200,29991200,29991200
2021-08-04 09:00:00,15618.2,15618.2,15618.2,29991200,29991200,29991200
2021-08-04 13:00:00,15683.3,15683.3,15683.3,29991200,29991200,29991200
2021-08-04 17:00:00,15678.7,15678.7,15678.7,29991200,29991200,29991200
2021-08-04 21:00:00,15705.3,15705.3,15705.3,29991200,29991200,29991200
2021-08-05 01:00:00,15689.8,15689.8,15689.8,29991200,29991200,29991200
2021-08-05 05:00:00,15723.9,15723.9,15723.9,29991200,29991200,29991200
2021-08-05 09:00:00,15715.1,15715.1,15715.1,29991200,29991200,29991200
2021-08-05 13:00:00,15738.5,15738.5,15738.5,29991200,29991200,29991200
2021-08-05 17:00:00,15746.9,15746.9,15746.9,29991200,29991200,29991200
2021-08-05 21:00:00,15733.5,15733.5,15733.5,29991200,29991200,29991200
2021-08-06 01:00:00,15741.5,15741.5,15741.5,29991200,29991200,29991200
2021-08-06 05:00:00,15769.3,15769.3,15769.3,29991200,29991200,29991200
2021-08-06 09:00:00,15785.2,15785.2,15785.2,29991200,29991200,29991200
2021-08-06 13:00:00,15768.3,15768.3,15768.3,29991200,29991200,29991200
2021-08-06 17:00:00,15765.6,15765.6,15765.6,29991200,29991200,29991200
2021-08-08 21:00:00,15722.3,15722.3,15722.3,29991200,29991200,29991200
2021-08-09 01:00:00,15741.8,15741.8,15741.8,29991200,29991200,29991200
2021-08-09 05:00:00,15751.2,15751.2,15751.2,29991200,29991200,29991200
2021-08-09 09:00:00,15752.0,15752.0,15752.0,29991200,29991200,29991200
2021-08-09 13:00:00,15755.1,15755.1,15755.1,29991200,29991200,29991200
2021-08-09 17:00:00,15763.2,15763.2,15763.2,29991200,29991200,29991200
2021-08-09 21:00:00,15775.6,15775.6,15775.6,29991200,29991200,29991200
2021-08-10 01:00:00,15743.6,15743.6,15743.6,29991200,29991200,29991200
2021-08-10 05:00:00,15763.0,15763.0,15763.0,29991200,29991200,29991200
2021-08-10 09:00:00,15782.2,15782.2,15782.2,29991200,29991200,29991200
2021-08-10 13:00:00,15775.0,15775.0,15775.0,29991200,29991200,29991200
2021-08-10 17:00:00,15784.4,15784.4,15784.4,29991200,29991200,29991200
2021-08-10 21:00:00,15781.5,15781.5,15781.5,29991200,29991200,29991200
2021-08-11 01:00:00,15775.5,15775.5,15775.5,29991200,29991200,29991200
2021-08-11 05:00:00,15780.3,15780.3,15780.3,29991200,29991200,29991200
2021-08-11 09:00:00,15796.9,15796.9,15796.9,29991200,29991200,29991200
2021-08-11 13:00:00,15842.2,15842.2,15842.2,29991200,29991200,29991200
2021-08-11 17:00:00,15854.8,15854.8,15854.8,29991200,29991200,29991200
2021-08-11 21:00:00,15841.2,15841.2,15841.2,29991200,29991200,29991200
2021-08-12 01:00:00,15841.2,15841.2,15841.2,29991200,29991200,29991200
2021-08-12 05:00:00,15849.2,15849.2,15849.2,29991200,29991200,29991200
2021-08-12 09:00:00,15915.3,15915.3,15915.3,29991200,29991200,29991200
2021-08-12 13:00:00,15947.7,15947.7,15947.7,29991200,29991200,29991200
2021-08-12 17:00:00,15956.9,15956.9,15956.9,29991200,29991200,29991200
2021-08-12 21:00:00,15947.2,15947.2,15947.2,29991200,29991200,29991200
2021-08-13 01:00:00,15945.7,15945.7,15945.7,29991200,29991200,29991200
2021-08-13 05:00:00,16009.4,16009.4,16009.4,29991200,29991200,29991200
2021-08-13 09:00:00,15986.2,15986.2,15986.2,29991200,29991200,29991200
2021-08-13 13:00:00,15975.5,15975.5,15975.5,29991200,29991200,29991200
2021-08-13 17:00:00,15978.3,15978.3,15978.3,29991200,29991200,29991200
2021-08-15 21:00:00,15920.0,15920.0,15920.0,29991200,29991200,29991200
2021-08-16 01:00:00,15912.0,15912.0,15912.0,29991200,29991200,29991200
2021-08-16 05:00:00,15893.2,15893.2,15893.2,29991200,29991200,29991200
2021-08-16 09:00:00,15904.6,15904.6,15904.6,29991200,29991200,29991200
2021-08-16 13:00:00,15919.8,15919.8,15919.8,29991200,29991200,29991200
2021-08-16 17:00:00,15945.7,15945.7,15945.7,29991200,29991200,29991200
2021-08-16 21:00:00,15915.3,15915.3,15915.3,29991200,29991200,29991200
2021-08-17 01:00:00,15907.8,15907.8,15907.8,29991200,29991200,29991200
2021-08-17 05:00:00,15875.7,15875.7,15875.7,29991200,29991200,29991200
2021-08-17 09:00:00,15909.2,15909.2,15909.2,29991200,29991200,29991200
2021-08-17 13:00:00,15854.4,15854.4,15854.4,29991200,29991200,29991200
2021-08-17 17:00:00,15890.9,15890.9,15890.9,29991200,29991200,29991200
2021-08-17 21:00:00,15898.4,15898.4,15898.4,29991200,29991200,29991200
2021-08-18 01:00:00,15943.4,15943.4,15943.4,29991200,29991200,29991200
2021-08-18 05:00:00,15887.1,15887.1,15887.1,29991200,29991200,29991200
2021-08-18 09:00:00,15926.4,15926.4,15926.4,29991200,29991200,29991200
2021-08-18 13:00:00,15973.5,15973.5,15973.5,29991200,29991200,29991200
2021-08-18 17:00:00,15879.9,15879.9,15879.9,29991200,29991200,29991200
2021-08-18 21:00:00,15885.7,15885.7,15885.7,29991200,29991200,29991200
2021-08-19 01:00:00,15862.7,15862.7,15862.7,29991200,29991200,29991200
2021-08-19 05:00:00,15679.7,15679.7,15679.7,29991200,29991200,29991200
2021-08-19 09:00:00,15633.8,15633.8,15633.8,29991200,29991200,29991200
2021-08-19 13:00:00,15808.0,15808.0,15808.0,29991200,29991200,29991200
2021-08-19 17:00:00,15799.6,15799.6,15799.6,29991200,29991200,29991200
2021-08-19 21:00:00,15806.0,15806.0,15806.0,29991200,29991200,29991200
2021-08-20 01:00:00,15749.5,15749.5,15749.5,29991200,29991200,29991200
2021-08-20 05:00:00,15711.6,15711.6,15711.6,29991200,29991200,29991200
2021-08-20 09:00:00,15721.1,15721.1,15721.1,29991200,29991200,29991200
2021-08-20 13:00:00,15815.9,15815.9,15815.9,29991200,29991200,29991200
2021-08-20 17:00:00,15820.9,15820.9,15820.9,29991200,29991200,29991200
2021-08-22 21:00:00,15848.2,15848.2,15848.2,29991200,29991200,29991200
2021-08-23 01:00:00,15901.2,15901.2,15901.2,29991200,29991200,29991200
2021-08-23 05:00:00,15829.3,15829.3,15829.3,29991200,29991200,29991200
2021-08-23 09:00:00,15834.5,15834.5,15834.5,29991200,29991200,29991200
2021-08-23 13:00:00,15866.5,15866.5,15866.5,29991200,29991200,29991200
2021-08-23 17:00:00,15867.1,15867.1,15867.1,29991200,29991200,29991200
2021-08-23 21:00:00,15880.8,15880.8,15880.8,29991200,29991200,29991200
2021-08-24 01:00:00,15889.8,15889.8,15889.8,29991200,29991200,29991200
2021-08-24 05:00:00,15903.6,15903.6,15903.6,29991200,29991200,29991200
2021-08-24 09:00:00,15859.4,15859.4,15859.4,29991200,29991200,29991200
2021-08-24 13:00:00,15907.8,15907.8,15907.8,29991200,29991200,29991200
2021-08-24 17:00:00,15893.4,15893.4,15893.4,29991200,29991200,29991200
2021-08-24 21:00:00,15906.6,15906.6,15906.6,29991200,29991200,29991200
2021-08-25 01:00:00,15875.5,15875.5,15875.5,29991200,29991200,29991200
2021-08-25 05:00:00,15898.0,15898.0,15898.0,29991200,29991200,29991200
2021-08-25 09:00:00,15895.9,15895.9,15895.9,29991200,29991200,29991200
2021-08-25 13:00:00,15862.3,15862.3,15862.3,29991200,29991200,29991200
2021-08-25 17:00:00,15845.4,15845.4,15845.4,29991200,29991200,29991200
2021-08-25 21:00:00,15824.6,15824.6,15824.6,29991200,29991200,29991200
2021-08-26 01:00:00,15803.5,15803.5,15803.5,29991200,29991200,29991200
2021-08-26 05:00:00,15773.2,15773.2,15773.2,29991200,29991200,29991200
2021-08-26 09:00:00,15784.0,15784.0,15784.0,29991200,29991200,29991200
2021-08-26 13:00:00,15801.4,15801.4,15801.4,29991200,29991200,29991200
2021-08-26 17:00:00,15771.1,15771.1,15771.1,29991200,29991200,29991200
2021-08-26 21:00:00,15749.2,15749.2,15749.2,29991200,29991200,29991200
2021-08-27 01:00:00,15776.7,15776.7,15776.7,29991200,29991200,29991200
2021-08-27 05:00:00,15796.3,15796.3,15796.3,29991200,29991200,29991200
2021-08-27 09:00:00,15777.7,15777.7,15777.7,29991200,29991200,29991200
2021-08-27 13:00:00,15850.2,15850.2,15850.2,29991200,29991200,29991200
2021-08-27 17:00:00,15855.7,15855.7,15855.7,29991200,29991200,29991200
2021-08-29 21:00:00,15830.1,15830.1,15830.1,29991200,29991200,29991200
2021-08-30 01:00:00,15850.6,15850.6,15850.6,29991200,29991200,29991200
2021-08-30 05:00:00,15891.8,15891.8,15891.8,29991200,29991200,29991200
2021-08-30 09:00:00,15866.5,15866.5,15866.5,29991200,29991200,29991200
2021-08-30 13:00:00,15886.1,15886.1,15886.1,29991200,29991200,29991200
2021-08-30 17:00:00,15901.1,15901.1,15901.1,29991200,29991200,29991200
2021-08-30 21:00:00,15873.0,15873.0,15873.0,29991200,29991200,29991200
2021-08-31 01:00:00,15908.9,15908.9,15908.9,29991200,29991200,29991200
2021-08-31 05:00:00,15977.5,15977.5,15977.5,29991200,29991200,29991200
2021-08-31 09:00:00,15826.5,15826.5,15826.5,29991200,29991200,29991200
2021-08-31 13:00:00,15834.0,15834.0,15834.0,29991200,29991200,29991200
2021-08-31 17:00:00,15842.7,15842.7,15842.7,29991200,29991200,29991200
2021-08-31 21:00:00,15833.3,15833.3,15833.3,29991200,29991200,29991200
2021-09-01 01:00:00,15868.8,15868.8,15868.8,29991200,29991200,29991200
2021-09-01 05:00:00,15939.7,15939.7,15939.7,29991200,29991200,29991200
2021-09-01 09:00:00,15836.6,15836.6,15836.6,29991200,29991200,29991200
2021-09-01 13:00:00,15843.5,15843.5,15843.5,29991200,29991200,29991200
2021-09-01 17:00:00,15806.4,15806.4,15806.4,29991200,29991200,29991200
2021-09-01 21:00:00,15772.8,15772.8,15772.8,29991200,29991200,29991200
2021-09-02 01:00:00,15784.8,15784.8,15784.8,29991200,29991200,29991200
2021-09-02 05:00:00,15856.4,15856.4,15856.4,29991200,29991200,29991200
2021-09-02 09:00:00,15845.6,15845.6,15845.6,29991200,29991200,29991200
2021-09-02 13:00:00,15824.0,15824.0,15824.0,29991200,29991200,29991200
2021-09-02 17:00:00,15816.2,15816.2,15816.2,29991200,29991200,29991200
2021-09-02 21:00:00,15818.3,15818.3,15818.3,29991200,29991200,29991200
2021-09-03 01:00:00,15843.3,15843.3,15843.3,29991200,29991200,29991200
2021-09-03 05:00:00,15854.8,15854.8,15854.8,29991200,29991200,29991200
2021-09-03 09:00:00,15837.0,15837.0,15837.0,29991200,29991200,29991200
2021-09-03 13:00:00,15767.6,15767.6,15767.6,29991200,29991200,29991200
2021-09-03 17:00:00,15768.6,15768.6,15768.6,29991200,29991200,29991200
2021-09-05 21:00:00,15747.5,15747.5,15747.5,29991200,29991200,29991200
2021-09-06 01:00:00,15777.5,15777.5,15777.5,29991200,29991200,29991200
2021-09-06 05:00:00,15881.7,15881.7,15881.7,29991200,29991200,29991200
2021-09-06 09:00:00,15899.3,15899.3,15899.3,29991200,29991200,29991200
2021-09-06 13:00:00,15917.4,15917.4,15917.4,29991200,29991200,29991200
2021-09-06 17:00:00,15929.8,15929.8,15929.8,29991200,29991200,29991200
2021-09-06 21:00:00,15899.7,15899.7,15899.7,29991200,29991200,29991200
2021-09-07 01:00:00,15904.6,15904.6,15904.6,29991200,29991200,29991200
2021-09-07 05:00:00,15900.5,15900.5,15900.5,29991200,29991200,29991200
2021-09-07 09:00:00,15894.2,15894.2,15894.2,29991200,29991200,29991200
2021-09-07 13:00:00,15849.9,15849.9,15849.9,29991200,29991200,29991200
2021-09-07 17:00:00,15816.8,15816.8,15816.8,29991200,29991200,29991200
2021-09-07 21:00:00,15833.7,15833.7,15833.7,29991200,29991200,29991200
2021-09-08 01:00:00,15819.7,15819.7,15819.7,29991200,29991200,29991200
2021-09-08 05:00:00,15611.4,15611.4,15611.4,29991200,29991200,29991200
2021-09-08 09:00:00,15676.9,15676.9,15676.9,29991200,29991200,29991200
2021-09-08 13:00:00,15614.6,15614.6,15614.6,29991200,29991200,29991200
2021-09-08 17:00:00,15607.7,15607.7,15607.7,29991200,29991200,29991200
2021-09-08 21:00:00,15576.0,15576.0,15576.0,29991200,29991200,29991200
2021-09-09 01:00:00,15548.9,15548.9,15548.9,29991200,29991200,29991200
2021-09-09 05:00:00,15545.4,15545.4,15545.4,29991200,29991200,29991200
2021-09-09 09:00:00,15627.0,15627.0,15627.0,29991200,29991200,29991200
2021-09-09 13:00:00,15627.5,15627.5,15627.5,29991200,29991200,29991200
2021-09-09 17:00:00,15559.8,15559.8,15559.8,29991200,29991200,29991200
2021-09-09 21:00:00,15574.8,15574.8,15574.8,29991200,29991200,29991200
2021-09-10 01:00:00,15654.8,15654.8,15654.8,29991200,29991200,29991200
2021-09-10 05:00:00,15699.0,15699.0,15699.0,29991200,29991200,29991200
2021-09-10 09:00:00,15681.7,15681.7,15681.7,29991200,29991200,29991200
2021-09-10 13:00:00,15625.8,15625.8,15625.8,29991200,29991200,29991200
2021-09-10 17:00:00,15554.3,15554.3,15554.3,29991200,29991200,29991200
2021-09-12 21:00:00,15590.7,15590.7,15590.7,29991200,29991200,29991200
2021-09-13 01:00:00,15590.1,15590.1,15590.1,29991200,29991200,29991200
2021-09-13 05:00:00,15717.5,15717.5,15717.5,29991200,29991200,29991200
2021-09-13 09:00:00,15769.5,15769.5,15769.5,29991200,29991200,29991200
2021-09-13 13:00:00,15709.7,15709.7,15709.7,29991200,29991200,29991200
2021-09-13 17:00:00,15741.8,15741.8,15741.8,29991200,29991200,29991200
2021-09-13 21:00:00,15732.1,15732.1,15732.1,29991200,29991200,29991200
2021-09-14 01:00:00,15735.6,15735.6,15735.6,29991200,29991200,29991200
2021-09-14 05:00:00,15725.7,15725.7,15725.7,29991200,29991200,29991200
2021-09-14 09:00:00,15739.1,15739.1,15739.1,29991200,29991200,29991200
2021-09-14 13:00:00,15703.7,15703.7,15703.7,29991200,29991200,29991200
2021-09-14 17:00:00,15688.8,15688.8,15688.8,29991200,29991200,29991200
2021-09-14 21:00:00,15716.1,15716.1,15716.1,29991200,29991200,29991200
2021-09-15 01:00:00,15737.1,15737.1,15737.1,29991200,29991200,29991200
2021-09-15 05:00:00,15717.9,15717.9,15717.9,29991200,29991200,29991200
2021-09-15 09:00:00,15715.6,15715.6,15715.6,29991200,29991200,29991200
2021-09-15 13:00:00,15665.3,15665.3,15665.3,29991200,29991200,29991200
2021-09-15 17:00:00,15697.9,15697.9,15697.9,29991200,29991200,29991200
2021-09-15 21:00:00,15684.6,15684.6,15684.6,29991200,29991200,29991200
2021-09-16 01:00:00,15650.0,15650.0,15650.0,29991200,29991200,29991200
2021-09-16 05:00:00,15701.8,15701.8,15701.8,29991200,29991200,29991200
2021-09-16 09:00:00,15732.1,15732.1,15732.1,29991200,29991200,29991200
2021-09-16 13:00:00,15685.2,15685.2,15685.2,29991200,29991200,29991200
2021-09-16 17:00:00,15691.2,15691.2,15691.2,29991200,29991200,29991200
2021-09-16 21:00:00,15683.1,15683.1,15683.1,29991200,29991200,29991200
2021-09-17 01:00:00,15716.6,15716.6,15716.6,29991200,29991200,29991200
2021-09-17 05:00:00,15734.0,15734.0,15734.0,29991200,29991200,29991200
2021-09-17 09:00:00,15652.3,15652.3,15652.3,29991200,29991200,29991200
2021-09-17 13:00:00,15514.9,15514.9,15514.9,29991200,29991200,29991200
2021-09-17 17:00:00,15510.8,15510.8,15510.8,29991200,29991200,29991200
2021-09-19 21:00:00,15496.7,15496.7,15496.7,29991200,29991200,29991200
2021-09-20 01:00:00,15371.7,15371.7,15371.7,29991200,29991200,29991200
2021-09-20 05:00:00,15163.6,15163.6,15163.6,29991200,29991200,29991200
2021-09-20 09:00:00,15067.4,15067.4,15067.4,29991200,29991200,29991200
2021-09-20 13:00:00,15065.0,15065.0,15065.0,29991200,29991200,29991200
2021-09-20 17:00:00,15105.8,15105.8,15105.8,29991200,29991200,29991200
2021-09-20 21:00:00,15152.0,15152.0,15152.0,29991200,29991200,29991200
2021-09-21 01:00:00,15211.0,15211.0,15211.0,29991200,29991200,29991200
2021-09-21 05:00:00,15316.8,15316.8,15316.8,29991200,29991200,29991200
2021-09-21 09:00:00,15348.0,15348.0,15348.0,29991200,29991200,29991200
2021-09-21 13:00:00,15349.8,15349.8,15349.8,29991200,29991200,29991200
2021-09-21 17:00:00,15290.2,15290.2,15290.2,29991200,29991200,29991200
2021-09-21 21:00:00,15260.0,15260.0,15260.0,29991200,29991200,29991200
2021-09-22 01:00:00,15361.6,15361.6,15361.6,29991200,29991200,29991200
2021-09-22 05:00:00,15440.5,15440.5,15440.5,29991200,29991200,29991200
2021-09-22 09:00:00,15470.8,15470.8,15470.8,29991200,29991200,29991200
2021-09-22 13:00:00,15514.7,15514.7,15514.7,29991200,29991200,29991200
2021-09-22 17:00:00,15510.7,15510.7,15510.7,29991200,29991200,29991200
2021-09-22 21:00:00,15557.6,15557.6,15557.6,29991200,29991200,29991200
2021-09-23 01:00:00,15558.6,15558.6,15558.6,29991200,29991200,29991200
2021-09-23 05:00:00,15659.7,15659.7,15659.7,29991200,29991200,29991200
2021-09-23 09:00:00,15614.6,15614.6,15614.6,29991200,29991200,29991200
2021-09-23 13:00:00,15648.7,15648.7,15648.7,29991200,29991200,29991200
2021-09-23 17:00:00,15667.0,15667.0,15667.0,29991200,29991200,29991200
2021-09-23 21:00:00,15654.0,15654.0,15654.0,29991200,29991200,29991200
2021-09-24 01:00:00,15642.5,15642.5,15642.5,29991200,29991200,29991200
2021-09-24 05:00:00,15565.5,15565.5,15565.5,29991200,29991200,29991200
2021-09-24 09:00:00,15525.3,15525.3,15525.3,29991200,29991200,29991200
2021-09-24 13:00:00,15538.1,15538.1,15538.1,29991200,29991200,29991200
2021-09-24 17:00:00,15558.1,15558.1,15558.1,29991200,29991200,29991200
2021-09-26 21:00:00,15602.0,15602.0,15602.0,29991200,29991200,29991200
2021-09-27 01:00:00,15601.0,15601.0,15601.0,29991200,29991200,29991200
2021-09-27 05:00:00,15665.5,15665.5,15665.5,29991200,29991200,29991200
2021-09-27 09:00:00,15561.9,15561.9,15561.9,29991200,29991200,29991200
2021-09-27 13:00:00,15581.3,15581.3,15581.3,29991200,29991200,29991200
2021-09-27 17:00:00,15585.8,15585.8,15585.8,29991200,29991200,29991200
2021-09-27 21:00:00,15567.1,15567.1,15567.1,29991200,29991200,29991200
2021-09-28 01:00:00,15600.6,15600.6,15600.6,29991200,29991200,29991200
2021-09-28 05:00:00,15471.9,15471.9,15471.9,29991200,29991200,29991200
2021-09-28 09:00:00,15372.4,15372.4,15372.4,29991200,29991200,29991200
2021-09-28 13:00:00,15236.9,15236.9,15236.9,29991200,29991200,29991200
2021-09-28 17:00:00,15272.8,15272.8,15272.8,29991200,29991200,29991200
2021-09-28 21:00:00,15303.4,15303.4,15303.4,29991200,29991200,29991200
2021-09-29 01:00:00,15314.3,15314.3,15314.3,29991200,29991200,29991200
2021-09-29 05:00:00,15397.2,15397.2,15397.2,29991200,29991200,29991200
2021-09-29 09:00:00,15374.2,15374.2,15374.2,29991200,29991200,29991200
2021-09-29 13:00:00,15351.4,15351.4,15351.4,29991200,29991200,29991200
2021-09-29 17:00:00,15360.5,15360.5,15360.5,29991200,29991200,29991200
2021-09-29 21:00:00,15376.8,15376.8,15376.8,29991200,29991200,29991200
2021-09-30 01:00:00,15428.8,15428.8,15428.8,29991200,29991200,29991200
2021-09-30 05:00:00,15390.5,15390.5,15390.5,29991200,29991200,29991200
2021-09-30 09:00:00,15307.0,15307.0,15307.0,29991200,29991200,29991200
2021-09-30 13:00:00,15227.3,15227.3,15227.3,29991200,29991200,29991200
2021-09-30 17:00:00,15224.1,15224.1,15224.1,29991200,29991200,29991200
2021-09-30 21:00:00,15212.6,15212.6,15212.6,29991200,29991200,29991200
2021-10-01 01:00:00,15096.9,15096.9,15096.9,29991200,29991200,29991200
2021-10-01 05:00:00,15131.9,15131.9,15131.9,29991200,29991200,29991200
2021-10-01 09:00:00,15206.4,15206.4,15206.4,29991200,29991200,29991200
2021-10-01 13:00:00,15166.2,15166.2,15166.2,29991200,29991200,29991200
2021-10-01 17:00:00,15244.8,15244.8,15244.8,29991200,29991200,29991200
2021-10-03 21:00:00,15203.1,15203.1,15203.1,29991200,29991200,29991200
2021-10-04 01:00:00,15174.0,15174.0,15174.0,29991200,29991200,29991200
2021-10-04 05:00:00,15119.0,15119.0,15119.0,29991200,29991200,29991200
2021-10-04 09:00:00,15154.2,15154.2,15154.2,29991200,29991200,29991200
2021-10-04 13:00:00,15044.0,15044.0,15044.0,29991200,29991200,29991200
2021-10-04 17:00:00,15086.2,15086.2,15086.2,29991200,29991200,29991200
2021-10-04 21:00:00,15018.3,15018.3,15018.3,29991200,29991200,29991200
2021-10-05 01:00:00,15093.3,15093.3,15093.3,29991200,29991200,29991200
2021-10-05 05:00:00,15084.7,15084.7,15084.7,29991200,29991200,29991200
2021-10-05 09:00:00,15107.5,15107.5,15107.5,29991200,29991200,29991200
2021-10-05 13:00:00,15186.4,15186.4,15186.4,29991200,29991200,29991200
2021-10-05 17:00:00,15174.5,15174.5,15174.5,29991200,29991200,29991200
2021-10-05 21:00:00,15178.7,15178.7,15178.7,29991200,29991200,29991200
2021-10-06 01:00:00,15082.1,15082.1,15082.1,29991200,29991200,29991200
2021-10-06 05:00:00,14889.0,14889.0,14889.0,29991200,29991200,29991200
2021-10-06 09:00:00,14946.8,14946.8,14946.8,29991200,29991200,29991200
2021-10-06 13:00:00,14961.1,14961.1,14961.1,29991200,29991200,29991200
2021-10-06 17:00:00,15070.4,15070.4,15070.4,29991200,29991200,29991200
2021-10-06 21:00:00,15122.6,15122.6,15122.6,29991200,29991200,29991200
2021-10-07 01:00:00,15120.0,15120.0,15120.0,29991200,29991200,29991200
2021-10-07 05:00:00,15139.6,15139.6,15139.6,29991200,29991200,29991200
2021-10-07 09:00:00,15172.4,15172.4,15172.4,29991200,29991200,29991200
2021-10-07 13:00:00,15251.9,15251.9,15251.9,29991200,29991200,29991200
2021-10-07 17:00:00,15217.4,15217.4,15217.4,29991200,29991200,29991200
2021-10-07 21:00:00,15251.2,15251.2,15251.2,29991200,29991200,29991200
2021-10-08 01:00:00,15227.6,15227.6,15227.6,29991200,29991200,29991200
2021-10-08 05:00:00,15211.2,15211.2,15211.2,29991200,29991200,29991200
2021-10-08 09:00:00,15241.5,15241.5,15241.5,29991200,29991200,29991200
2021-10-08 13:00:00,15202.0,15202.0,15202.0,29991200,29991200,29991200
2021-10-08 17:00:00,15197.4,15197.4,15197.4,29991200,29991200,29991200
2021-10-10 21:00:00,15179.3,15179.3,15179.3,29991200,29991200,29991200
2021-10-11 01:00:00,15219.3,15219.3,15219.3,29991200,29991200,29991200
2021-10-11 05:00:00,15180.0,15180.0,15180.0,29991200,29991200,29991200
2021-10-11 09:00:00,15147.3,15147.3,15147.3,29991200,29991200,29991200
2021-10-11 13:00:00,15173.2,15173.2,15173.2,29991200,29991200,29991200
2021-10-11 17:00:00,15121.5,15121.5,15121.5,29991200,29991200,29991200
2021-10-11 21:00:00,15075.4,15075.4,15075.4,29991200,29991200,29991200
2021-10-12 01:00:00,15082.4,15082.4,15082.4,29991200,29991200,29991200
2021-10-12 05:00:00,15117.9,15117.9,15117.9,29991200,29991200,29991200
2021-10-12 09:00:00,15143.3,15143.3,15143.3,29991200,29991200,29991200
2021-10-12 13:00:00,15153.8,15153.8,15153.8,29991200,29991200,29991200
2021-10-12 17:00:00,15109.2,15109.2,15109.2,29991200,29991200,29991200
2021-10-12 21:00:00,15167.1,15167.1,15167.1,29991200,29991200,29991200
2021-10-13 01:00:00,15173.6,15173.6,15173.6,29991200,29991200,29991200
2021-10-13 05:00:00,15257.8,15257.8,15257.8,29991200,29991200,29991200
2021-10-13 09:00:00,15232.7,15232.7,15232.7,29991200,29991200,29991200
2021-10-13 13:00:00,15260.2,15260.2,15260.2,29991200,29991200,29991200
2021-10-13 17:00:00,15272.9,15272.9,15272.9,29991200,29991200,29991200
2021-10-13 21:00:00,15307.6,15307.6,15307.6,29991200,29991200,29991200
2021-10-14 01:00:00,15308.5,15308.5,15308.5,29991200,29991200,29991200
2021-10-14 05:00:00,15353.7,15353.7,15353.7,29991200,29991200,29991200
2021-10-14 09:00:00,15428.9,15428.9,15428.9,29991200,29991200,29991200
2021-10-14 13:00:00,15481.3,15481.3,15481.3,29991200,29991200,29991200
2021-10-14 17:00:00,15517.6,15517.6,15517.6,29991200,29991200,29991200
2021-10-14 21:00:00,15505.7,15505.7,15505.7,29991200,29991200,29991200
2021-10-15 01:00:00,15521.1,15521.1,15521.1,29991200,29991200,29991200
2021-10-15 05:00:00,15491.5,15491.5,15491.5,29991200,29991200,29991200
2021-10-15 09:00:00,15561.5,15561.5,15561.5,29991200,29991200,29991200
2021-10-15 13:00:00,15579.2,15579.2,15579.2,29991200,29991200,29991200
2021-10-15 17:00:00,15590.7,15590.7,15590.7,29991200,29991200,29991200
2021-10-17 21:00:00,15576.0,15576.0,15576.0,29991200,29991200,29991200
2021-10-18 01:00:00,15561.5,15561.5,15561.5,29991200,29991200,29991200
2021-10-18 05:00:00,15508.7,15508.7,15508.7,29991200,29991200,29991200
2021-10-18 09:00:00,15442.0,15442.0,15442.0,29991200,29991200,29991200
2021-10-18 13:00:00,15466.8,15466.8,15466.8,29991200,29991200,29991200
2021-10-18 17:00:00,15483.2,15483.2,15483.2,29991200,29991200,29991200
2021-10-18 21:00:00,15494.4,15494.4,15494.4,29991200,29991200,29991200
2021-10-19 01:00:00,15493.8,15493.8,15493.8,29991200,29991200,29991200
2021-10-19 05:00:00,15471.9,15471.9,15471.9,29991200,29991200,29991200
2021-10-19 09:00:00,15495.8,15495.8,15495.8,29991200,29991200,29991200
2021-10-19 13:00:00,15515.1,15515.1,15515.1,29991200,29991200,29991200
2021-10-19 17:00:00,15515.9,15515.9,15515.9,29991200,29991200,29991200
2021-10-19 21:00:00,15516.4,15516.4,15516.4,29991200,29991200,29991200
2021-10-20 01:00:00,15512.3,15512.3,15512.3,29991200,29991200,29991200
2021-10-20 05:00:00,15545.1,15545.1,15545.1,29991200,29991200,29991200
2021-10-20 09:00:00,15470.4,15470.4,15470.4,29991200,29991200,29991200
2021-10-20 13:00:00,15522.8,15522.8,15522.8,29991200,29991200,29991200
2021-10-20 17:00:00,15504.3,15504.3,15504.3,29991200,29991200,29991200
2021-10-20 21:00:00,15507.0,15507.0,15507.0,29991200,29991200,29991200
2021-10-21 01:00:00,15489.5,15489.5,15489.5,29991200,29991200,29991200
2021-10-21 05:00:00,15495.1,15495.1,15495.1,29991200,29991200,29991200
2021-10-21 09:00:00,15512.7,15512.7,15512.7,29991200,29991200,29991200
2021-10-21 13:00:00,15482.6,15482.6,15482.6,29991200,29991200,29991200
2021-10-21 17:00:00,15474.1,15474.1,15474.1,29991200,29991200,29991200
2021-10-21 21:00:00,15517.0,15517.0,15517.0,29991200,29991200,29991200
2021-10-22 01:00:00,15532.9,15532.9,15532.9,29991200,29991200,29991200
2021-10-22 05:00:00,15563.8,15563.8,15563.8,29991200,29991200,29991200
2021-10-22 09:00:00,15586.7,15586.7,15586.7,29991200,29991200,29991200
2021-10-22 13:00:00,15559.3,15559.3,15559.3,29991200,29991200,29991200
2021-10-22 17:00:00,15571.7,15571.7,15571.7,29991200,29991200,29991200
2021-10-24 21:00:00,15556.5,15556.5,15556.5,29991200,29991200,29991200
2021-10-25 01:00:00,15571.5,15571.5,15571.5,29991200,29991200,29991200
2021-10-25 05:00:00,15566.7,15566.7,15566.7,29991200,29991200,29991200
2021-10-25 09:00:00,15596.5,15596.5,15596.5,29991200,29991200,29991200
2021-10-25 13:00:00,15627.3,15627.3,15627.3,29991200,29991200,29991200
2021-10-25 17:00:00,15646.9,15646.9,15646.9,29991200,29991200,29991200
2021-10-25 21:00:00,15660.1,15660.1,15660.1,29991200,29991200,29991200
2021-10-26 01:00:00,15650.0,15650.0,15650.0,29991200,29991200,29991200
2021-10-26 05:00:00,15759.4,15759.4,15759.4,29991200,29991200,29991200
2021-10-26 09:00:00,15760.3,15760.3,15760.3,29991200,29991200,29991200
2021-10-26 13:00:00,15734.3,15734.3,15734.3,29991200,29991200,29991200
2021-10-26 17:00:00,15729.0,15729.0,15729.0,29991200,29991200,29991200
2021-10-26 21:00:00,15731.6,15731.6,15731.6,29991200,29991200,29991200
2021-10-27 01:00:00,15725.5,15725.5,15725.5,29991200,29991200,29991200
2021-10-27 05:00:00,15685.1,15685.1,15685.1,29991200,29991200,29991200
2021-10-27 09:00:00,15704.2,15704.2,15704.2,29991200,29991200,29991200
2021-10-27 13:00:00,15714.6,15714.6,15714.6,29991200,29991200,29991200
2021-10-27 17:00:00,15687.1,15687.1,15687.1,29991200,29991200,29991200
2021-10-27 21:00:00,15694.4,15694.4,15694.4,29991200,29991200,29991200
2021-10-28 01:00:00,15703.8,15703.8,15703.8,29991200,29991200,29991200
2021-10-28 05:00:00,15680.5,15680.5,15680.5,29991200,29991200,29991200
2021-10-28 09:00:00,15646.9,15646.9,15646.9,29991200,29991200,29991200
2021-10-28 13:00:00,15667.7,15667.7,15667.7,29991200,29991200,29991200
2021-10-28 17:00:00,15651.3,15651.3,15651.3,29991200,29991200,29991200
2021-10-28 21:00:00,15633.0,15633.0,15633.0,29991200,29991200,29991200
2021-10-29 01:00:00,15628.9,15628.9,15628.9,29991200,29991200,29991200
2021-10-29 05:00:00,15572.6,15572.6,15572.6,29991200,29991200,29991200
2021-10-29 09:00:00,15603.0,15603.0,15603.0,29991200,29991200,29991200
2021-10-29 13:00:00,15708.4,15708.4,15708.4,29991200,29991200,29991200
2021-10-29 17:00:00,15711.4,15711.4,15711.4,29991200,29991200,29991200
2021-10-31 21:00:00,15767.3,15767.3,15767.3,29991200,29991200,29991200
2021-11-01 01:00:00,15746.3,15746.3,15746.3,29991200,29991200,29991200
2021-11-01 05:00:00,15833.0,15833.0,15833.0,29991200,29991200,29991200
2021-11-01 09:00:00,15788.8,15788.8,15788.8,29991200,29991200,29991200
2021-11-01 13:00:00,15813.9,15813.9,15813.9,29991200,29991200,29991200
2021-11-01 17:00:00,15819.8,15819.8,15819.8,29991200,29991200,29991200
2021-11-01 21:00:00,15808.7,15808.7,15808.7,29991200,29991200,29991200
2021-11-02 01:00:00,15778.1,15778.1,15778.1,29991200,29991200,29991200
2021-11-02 05:00:00,15864.7,15864.7,15864.7,29991200,29991200,29991200
2021-11-02 09:00:00,15913.8,15913.8,15913.8,29991200,29991200,29991200
2021-11-02 13:00:00,15957.0,15957.0,15957.0,29991200,29991200,29991200
2021-11-02 17:00:00,15956.9,15956.9,15956.9,29991200,29991200,29991200
2021-11-02 21:00:00,15950.3,15950.3,15950.3,29991200,29991200,29991200
2021-11-03 01:00:00,15939.7,15939.7,15939.7,29991200,29991200,29991200
2021-11-03 05:00:00,15942.6,15942.6,15942.6,29991200,29991200,29991200
2021-11-03 09:00:00,15942.0,15942.0,15942.0,29991200,29991200,29991200
2021-11-03 13:00:00,15956.6,15956.6,15956.6,29991200,29991200,29991200
2021-11-03 17:00:00,16030.1,16030.1,16030.1,29991200,29991200,29991200
2021-11-03 21:00:00,16028.9,16028.9,16028.9,29991200,29991200,29991200
2021-11-04 01:00:00,16027.4,16027.4,16027.4,29991200,29991200,29991200
2021-11-04 05:00:00,15999.4,15999.4,15999.4,29991200,29991200,29991200
2021-11-04 09:00:00,16037.5,16037.5,16037.5,29991200,29991200,29991200
2021-11-04 13:00:00,16030.8,16030.8,16030.8,29991200,29991200,29991200
2021-11-04 17:00:00,16027.7,16027.7,16027.7,29991200,29991200,29991200
2021-11-04 21:00:00,16027.1,16027.1,16027.1,29991200,29991200,29991200
2021-11-05 01:00:00,16028.1,16028.1,16028.1,29991200,29991200,29991200
2021-11-05 05:00:00,16018.8,16018.8,16018.8,29991200,29991200,29991200
2021-11-05 09:00:00,16076.0,16076.0,16076.0,29991200,29991200,29991200
2021-11-05 13:00:00,16035.9,16035.9,16035.9,29991200,29991200,29991200
2021-11-05 17:00:00,16045.8,16045.8,16045.8,29991200,29991200,29991200
2021-11-07 22:00:00,16017.8,16017.8,16017.8,29991200,29991200,29991200
2021-11-08 02:00:00,16038.3,16038.3,16038.3,29991200,29991200,29991200
2021-11-08 06:00:00,16034.7,16034.7,16034.7,29991200,29991200,29991200
2021-11-08 10:00:00,16042.3,16042.3,16042.3,29991200,29991200,29991200
2021-11-08 14:00:00,16030.9,16030.9,16030.9,29991200,29991200,29991200
2021-11-08 18:00:00,16022.8,16022.8,16022.8,29991200,29991200,29991200
2021-11-08 22:00:00,16006.2,16006.2,16006.2,29991200,29991200,29991200
2021-11-09 02:00:00,16008.7,16008.7,16008.7,29991200,29991200,29991200
2021-11-09 06:00:00,16083.7,16083.7,16083.7,29991200,29991200,29991200
2021-11-09 10:00:00,16083.4,16083.4,16083.4,29991200,29991200,29991200
2021-11-09 14:00:00,16038.7,16038.7,16038.7,29991200,29991200,29991200
2021-11-09 18:00:00,16022.3,16022.3,16022.3,29991200,29991200,29991200
2021-11-09 22:00:00,16023.5,16023.5,16023.5,29991200,29991200,29991200
2021-11-10 02:00:00,16004.5,16004.5,16004.5,29991200,29991200,29991200
2021-11-10 06:00:00,16040.1,16040.1,16040.1,29991200,29991200,29991200
2021-11-10 10:00:00,16029.1,16029.1,16029.1,29991200,29991200,29991200
2021-11-10 14:00:00,16052.5,16052.5,16052.5,29991200,29991200,29991200
2021-11-10 18:00:00,16018.3,16018.3,16018.3,29991200,29991200,29991200
2021-11-10 22:00:00,16033.8,16033.8,16033.8,29991200,29991200,29991200
2021-11-11 02:00:00,16022.8,16022.8,16022.8,29991200,29991200,29991200
2021-11-11 06:00:00,16092.1,16092.1,16092.1,29991200,29991200,29991200
2021-11-11 10:00:00,16094.5,16094.5,16094.5,29991200,29991200,29991200
2021-11-11 14:00:00,16080.2,16080.2,16080.2,29991200,29991200,29991200
2021-11-11 18:00:00,16090.7,16090.7,16090.7,29991200,29991200,29991200
2021-11-11 22:00:00,16120.5,16120.5,16120.5,29991200,29991200,29991200
2021-11-12 02:00:00,16101.5,16101.5,16101.5,29991200,29991200,29991200
2021-11-12 06:00:00,16095.3,16095.3,16095.3,29991200,29991200,29991200
2021-11-12 10:00:00,16100.9,16100.9,16100.9,29991200,29991200,29991200
2021-11-12 14:00:00,16086.6,16086.6,16086.6,29991200,29991200,29991200
2021-11-12 18:00:00,16092.6,16092.6,16092.6,29991200,29991200,29991200
2021-11-14 22:00:00,16095.6,16095.6,16095.6,29991200,29991200,29991200
2021-11-15 02:00:00,16089.6,16089.6,16089.6,29991200,29991200,29991200
2021-11-15 06:00:00,16118.9,16118.9,16118.9,29991200,29991200,29991200
2021-11-15 10:00:00,16128.5,16128.5,16128.5,29991200,29991200,29991200
2021-11-15 14:00:00,16137.4,16137.4,16137.4,29991200,29991200,29991200
2021-11-15 18:00:00,16139.4,16139.4,16139.4,29991200,29991200,29991200
2021-11-15 22:00:00,16153.8,16153.8,16153.8,29991200,29991200,29991200
2021-11-16 02:00:00,16126.7,16126.7,16126.7,29991200,29991200,29991200
2021-11-16 06:00:00,16193.8,16193.8,16193.8,29991200,29991200,29991200
2021-11-16 10:00:00,16226.9,16226.9,16226.9,29991200,29991200,29991200
2021-11-16 14:00:00,16252.7,16252.7,16252.7,29991200,29991200,29991200
2021-11-16 18:00:00,16232.9,16232.9,16232.9,29991200,29991200,29991200
2021-11-16 22:00:00,16219.6,16219.6,16219.6,29991200,29991200,29991200
2021-11-17 02:00:00,16221.6,16221.6,16221.6,29991200,29991200,29991200
2021-11-17 06:00:00,16266.4,16266.4,16266.4,29991200,29991200,29991200
2021-11-17 10:00:00,16264.9,16264.9,16264.9,29991200,29991200,29991200
2021-11-17 14:00:00,16251.8,16251.8,16251.8,29991200,29991200,29991200
2021-11-17 18:00:00,16247.7,16247.7,16247.7,29991200,29991200,29991200
2021-11-17 22:00:00,16249.1,16249.1,16249.1,29991200,29991200,29991200
2021-11-18 02:00:00,16259.1,16259.1,16259.1,29991200,29991200,29991200
2021-11-18 06:00:00,16243.5,16243.5,16243.5,29991200,29991200,29991200
2021-11-18 10:00:00,16250.8,16250.8,16250.8,29991200,29991200,29991200
2021-11-18 14:00:00,16235.9,16235.9,16235.9,29991200,29991200,29991200
2021-11-18 18:00:00,16253.0,16253.0,16253.0,29991200,29991200,29991200
2021-11-18 22:00:00,16263.2,16263.2,16263.2,29991200,29991200,29991200
2021-11-19 02:00:00,16283.2,16283.2,16283.2,29991200,29991200,29991200
2021-11-19 06:00:00,16200.7,16200.7,16200.7,29991200,29991200,29991200
2021-11-19 10:00:00,16136.3,16136.3,16136.3,29991200,29991200,29991200
2021-11-19 14:00:00,16166.6,16166.6,16166.6,29991200,29991200,29991200
2021-11-19 18:00:00,16142.1,16142.1,16142.1,29991200,29991200,29991200
2021-11-21 22:00:00,16180.7,16180.7,16180.7,29991200,29991200,29991200
2021-11-22 02:00:00,16189.2,16189.2,16189.2,29991200,29991200,29991200
2021-11-22 06:00:00,16161.5,16161.5,16161.5,29991200,29991200,29991200
2021-11-22 10:00:00,16111.4,16111.4,16111.4,29991200,29991200,29991200
2021-11-22 14:00:00,16105.5,16105.5,16105.5,29991200,29991200,29991200
2021-11-22 18:00:00,16084.0,16084.0,16084.0,29991200,29991200,29991200
2021-11-22 22:00:00,16077.4,16077.4,16077.4,29991200,29991200,29991200
2021-11-23 02:00:00,16050.3,16050.3,16050.3,29991200,29991200,29991200
2021-11-23 06:00:00,15941.5,15941.5,15941.5,29991200,29991200,29991200
2021-11-23 10:00:00,15999.5,15999.5,15999.5,29991200,29991200,29991200
2021-11-23 14:00:00,15933.1,15933.1,15933.1,29991200,29991200,29991200
2021-11-23 18:00:00,15984.6,15984.6,15984.6,29991200,29991200,29991200
2021-11-23 22:00:00,15991.0,15991.0,15991.0,29991200,29991200,29991200
2021-11-24 02:00:00,15997.0,15997.0,15997.0,29991200,29991200,29991200
2021-11-24 06:00:00,15873.7,15873.7,15873.7,29991200,29991200,29991200
2021-11-24 10:00:00,15764.4,15764.4,15764.4,29991200,29991200,29991200
2021-11-24 14:00:00,15888.1,15888.1,15888.1,29991200,29991200,29991200
2021-11-24 18:00:00,15907.5,15907.5,15907.5,29991200,29991200,29991200
2021-11-24 22:00:00,15924.5,15924.5,15924.5,29991200,29991200,29991200
2021-11-25 02:00:00,15956.0,15956.0,15956.0,29991200,29991200,29991200
2021-11-25 06:00:00,15927.8,15927.8,15927.8,29991200,29991200,29991200
2021-11-25 10:00:00,15876.6,15876.6,15876.6,29991200,29991200,29991200
2021-11-25 14:00:00,15908.8,15908.8,15908.8,29991200,29991200,29991200
2021-11-25 18:00:00,15925.3,15925.3,15925.3,29991200,29991200,29991200
2021-11-25 22:00:00,15724.1,15724.1,15724.1,29991200,29991200,29991200
2021-11-26 02:00:00,15647.0,15647.0,15647.0,29991200,29991200,29991200
2021-11-26 06:00:00,15456.1,15456.1,15456.1,29991200,29991200,29991200
2021-11-26 10:00:00,15426.4,15426.4,15426.4,29991200,29991200,29991200
2021-11-26 14:00:00,15268.4,15268.4,15268.4,29991200,29991200,29991200
2021-11-26 18:00:00,15112.8,15112.8,15112.8,29991200,29991200,29991200
2021-11-28 22:00:00,15443.7,15443.7,15443.7,29991200,29991200,29991200
2021-11-29 02:00:00,15362.6,15362.6,15362.6,29991200,29991200,29991200
2021-11-29 06:00:00,15300.5,15300.5,15300.5,29991200,29991200,29991200
2021-11-29 10:00:00,15378.8,15378.8,15378.8,29991200,29991200,29991200
2021-11-29 14:00:00,15361.3,15361.3,15361.3,29991200,29991200,29991200
2021-11-29 18:00:00,15339.0,15339.0,15339.0,29991200,29991200,29991200
2021-11-29 22:00:00,15398.1,15398.1,15398.1,29991200,29991200,29991200
2021-11-30 02:00:00,15035.4,15035.4,15035.4,29991200,29991200,29991200
2021-11-30 06:00:00,15084.3,15084.3,15084.3,29991200,29991200,29991200
2021-11-30 10:00:00,15219.2,15219.2,15219.2,29991200,29991200,29991200
2021-11-30 14:00:00,15086.8,15086.8,15086.8,29991200,29991200,29991200
2021-11-30 18:00:00,15183.9,15183.9,15183.9,29991200,29991200,29991200
2021-11-30 22:00:00,15197.6,15197.6,15197.6,29991200,29991200,29991200
2021-12-01 02:00:00,15228.6,15228.6,15228.6,29991200,29991200,29991200
2021-12-01 06:00:00,15338.9,15338.9,15338.9,29991200,29991200,29991200
2021-12-01 10:00:00,15404.0,15404.0,15404.0,29991200,29991200,29991200
2021-12-01 14:00:00,15363.5,15363.5,15363.5,29991200,29991200,29991200
2021-12-01 18:00:00,15170.5,15170.5,15170.5,29991200,29991200,29991200
2021-12-01 22:00:00,15281.3,15281.3,15281.3,29991200,29991200,29991200
2021-12-02 02:00:00,15308.7,15308.7,15308.7,29991200,29991200,29991200
2021-12-02 06:00:00,15344.1,15344.1,15344.1,29991200,29991200,29991200
2021-12-02 10:00:00,15198.7,15198.7,15198.7,29991200,29991200,29991200
2021-12-02 14:00:00,15324.0,15324.0,15324.0,29991200,29991200,29991200
2021-12-02 18:00:00,15360.9,15360.9,15360.9,29991200,29991200,29991200
2021-12-02 22:00:00,15247.8,15247.8,15247.8,29991200,29991200,29991200
2021-12-03 02:00:00,15366.2,15366.2,15366.2,29991200,29991200,29991200
2021-12-03 06:00:00,15285.7,15285.7,15285.7,29991200,29991200,29991200
2021-12-03 10:00:00,15307.2,15307.2,15307.2,29991200,29991200,29991200
2021-12-03 14:00:00,15136.2,15136.2,15136.2,29991200,29991200,29991200
2021-12-03 18:00:00,15177.2,15177.2,15177.2,29991200,29991200,29991200
2021-12-05 22:00:00,15244.8,15244.8,15244.8,29991200,29991200,29991200
2021-12-06 02:00:00,15279.2,15279.2,15279.2,29991200,29991200,29991200
2021-12-06 06:00:00,15193.3,15193.3,15193.3,29991200,29991200,29991200
2021-12-06 10:00:00,15290.8,15290.8,15290.8,29991200,29991200,29991200
2021-12-06 14:00:00,15407.1,15407.1,15407.1,29991200,29991200,29991200
2021-12-06 18:00:00,15412.1,15412.1,15412.1,29991200,29991200,29991200
2021-12-06 22:00:00,15414.4,15414.4,15414.4,29991200,29991200,29991200
2021-12-07 02:00:00,15492.8,15492.8,15492.8,29991200,29991200,29991200
2021-12-07 06:00:00,15683.2,15683.2,15683.2,29991200,29991200,29991200
2021-12-07 10:00:00,15696.9,15696.9,15696.9,29991200,29991200,29991200
2021-12-07 14:00:00,15844.8,15844.8,15844.8,29991200,29991200,29991200
2021-12-07 18:00:00,15853.9,15853.9,15853.9,29991200,29991200,29991200
2021-12-07 22:00:00,15793.5,15793.5,15793.5,29991200,29991200,29991200
2021-12-08 02:00:00,15821.0,15821.0,15821.0,29991200,29991200,29991200
2021-12-08 06:00:00,15774.9,15774.9,15774.9,29991200,29991200,29991200
2021-12-08 10:00:00,15724.9,15724.9,15724.9,29991200,29991200,29991200
2021-12-08 14:00:00,15692.4,15692.4,15692.4,29991200,29991200,29991200
2021-12-08 18:00:00,15706.5,15706.5,15706.5,29991200,29991200,29991200
2021-12-08 22:00:00,15724.2,15724.2,15724.2,29991200,29991200,29991200
2021-12-09 02:00:00,15698.7,15698.7,15698.7,29991200,29991200,29991200
2021-12-09 06:00:00,15682.6,15682.6,15682.6,29991200,29991200,29991200
2021-12-09 10:00:00,15624.1,15624.1,15624.1,29991200,29991200,29991200
2021-12-09 14:00:00,15644.1,15644.1,15644.1,29991200,29991200,29991200
2021-12-09 18:00:00,15609.7,15609.7,15609.7,29991200,29991200,29991200
2021-12-09 22:00:00,15608.9,15608.9,15608.9,29991200,29991200,29991200
2021-12-10 02:00:00,15560.8,15560.8,15560.8,29991200,29991200,29991200
2021-12-10 06:00:00,15589.1,15589.1,15589.1,29991200,29991200,29991200
2021-12-10 10:00:00,15669.0,15669.0,15669.0,29991200,29991200,29991200
2021-12-10 14:00:00,15640.2,15640.2,15640.2,29991200,29991200,29991200
2021-12-10 18:00:00,15647.6,15647.6,15647.6,29991200,29991200,29991200
2021-12-12 22:00:00,15709.1,15709.1,15709.1,29991200,29991200,29991200
2021-12-13 02:00:00,15679.9,15679.9,15679.9,29991200,29991200,29991200
2021-12-13 06:00:00,15780.9,15780.9,15780.9,29991200,29991200,29991200
2021-12-13 10:00:00,15743.7,15743.7,15743.7,29991200,29991200,29991200
2021-12-13 14:00:00,15634.1,15634.1,15634.1,29991200,29991200,29991200
2021-12-13 18:00:00,15614.3,15614.3,15614.3,29991200,29991200,29991200
2021-12-13 22:00:00,15636.8,15636.8,15636.8,29991200,29991200,29991200
2021-12-14 02:00:00,15623.1,15623.1,15623.1,29991200,29991200,29991200
2021-12-14 06:00:00,15609.4,15609.4,15609.4,29991200,29991200,29991200
2021-12-14 10:00:00,15533.2,15533.2,15533.2,29991200,29991200,29991200
2021-12-14 14:00:00,15436.4,15436.4,15436.4,29991200,29991200,29991200
2021-12-14 18:00:00,15523.2,15523.2,15523.2,29991200,29991200,29991200
2021-12-14 22:00:00,15516.2,15516.2,15516.2,29991200,29991200,29991200
2021-12-15 02:00:00,15520.7,15520.7,15520.7,29991200,29991200,29991200
2021-12-15 06:00:00,15500.1,15500.1,15500.1,29991200,29991200,29991200
2021-12-15 10:00:00,15509.9,15509.9,15509.9,29991200,29991200,29991200
2021-12-15 14:00:00,15501.2,15501.2,15501.2,29991200,29991200,29991200
2021-12-15 18:00:00,15637.8,15637.8,15637.8,29991200,29991200,29991200
2021-12-15 22:00:00,15595.7,15595.7,15595.7,29991200,29991200,29991200
2021-12-16 02:00:00,15689.7,15689.7,15689.7,29991200,29991200,29991200
2021-12-16 06:00:00,15717.2,15717.2,15717.2,29991200,29991200,29991200
2021-12-16 10:00:00,15690.3,15690.3,15690.3,29991200,29991200,29991200
2021-12-16 14:00:00,15591.0,15591.0,15591.0,29991200,29991200,29991200
2021-12-16 18:00:00,15593.5,15593.5,15593.5,29991200,29991200,29991200
2021-12-16 22:00:00,15606.4,15606.4,15606.4,29991200,29991200,29991200
2021-12-17 02:00:00,15543.8,15543.8,15543.8,29991200,29991200,29991200
2021-12-17 06:00:00,15543.0,15543.0,15543.0,29991200,29991200,29991200
2021-12-17 10:00:00,15502.0,15502.0,15502.0,29991200,29991200,29991200
2021-12-17 14:00:00,15523.5,15523.5,15523.5,29991200,29991200,29991200
2021-12-17 18:00:00,15475.9,15475.9,15475.9,29991200,29991200,29991200
2021-12-19 22:00:00,15342.9,15342.9,15342.9,29991200,29991200,29991200
2021-12-20 02:00:00,15231.8,15231.8,15231.8,29991200,29991200,29991200
2021-12-20 06:00:00,15147.3,15147.3,15147.3,29991200,29991200,29991200
2021-12-20 10:00:00,15227.3,15227.3,15227.3,29991200,29991200,29991200
2021-12-20 14:00:00,15255.8,15255.8,15255.8,29991200,29991200,29991200
2021-12-20 18:00:00,15360.5,15360.5,15360.5,29991200,29991200,29991200
2021-12-20 22:00:00,15389.8,15389.8,15389.8,29991200,29991200,29991200
2021-12-21 02:00:00,15395.3,15395.3,15395.3,29991200,29991200,29991200
2021-12-21 06:00:00,15305.0,15305.0,15305.0,29991200,29991200,29991200
2021-12-21 10:00:00,15431.3,15431.3,15431.3,29991200,29991200,29991200
2021-12-21 14:00:00,15508.0,15508.0,15508.0,29991200,29991200,29991200
2021-12-21 18:00:00,15511.0,15511.0,15511.0,29991200,29991200,29991200
2021-12-21 22:00:00,15483.3,15483.3,15483.3,29991200,29991200,29991200
2021-12-22 02:00:00,15494.3,15494.3,15494.3,29991200,29991200,29991200
2021-12-22 06:00:00,15452.0,15452.0,15452.0,29991200,29991200,29991200
2021-12-22 10:00:00,15455.0,15455.0,15455.0,29991200,29991200,29991200
2021-12-22 14:00:00,15615.8,15615.8,15615.8,29991200,29991200,29991200
2021-12-22 18:00:00,15634.4,15634.4,15634.4,29991200,29991200,29991200
2021-12-22 22:00:00,15610.1,15610.1,15610.1,29991200,29991200,29991200
2021-12-23 02:00:00,15638.1,15638.1,15638.1,29991200,29991200,29991200
2021-12-23 06:00:00,15653.4,15653.4,15653.4,29991200,29991200,29991200
2021-12-23 10:00:00,15694.5,15694.5,15694.5,29991200,29991200,29991200
2021-12-23 14:00:00,15732.7,15732.7,15732.7,29991200,29991200,29991200
2021-12-23 18:00:00,15747.5,15747.5,15747.5,29991200,29991200,29991200
2021-12-26 22:00:00,15731.5,15731.5,15731.5,29991200,29991200,29991200
2021-12-27 02:00:00,15725.5,15725.5,15725.5,29991200,29991200,29991200
2021-12-27 06:00:00,15786.4,15786.4,15786.4,29991200,29991200,29991200
2021-12-27 10:00:00,15818.9,15818.9,15818.9,29991200,29991200,29991200
2021-12-27 14:00:00,15854.3,15854.3,15854.3,29991200,29991200,29991200
2021-12-27 18:00:00,15885.8,15885.8,15885.8,29991200,29991200,29991200
2021-12-27 22:00:00,15864.6,15864.6,15864.6,29991200,29991200,29991200
2021-12-28 02:00:00,15882.1,15882.1,15882.1,29991200,29991200,29991200
2021-12-28 06:00:00,15948.9,15948.9,15948.9,29991200,29991200,29991200
2021-12-28 10:00:00,15938.0,15938.0,15938.0,29991200,29991200,29991200
2021-12-28 14:00:00,15938.9,15938.9,15938.9,29991200,29991200,29991200
2021-12-28 18:00:00,15936.2,15936.2,15936.2,29991200,29991200,29991200
2021-12-28 22:00:00,15923.8,15923.8,15923.8,29991200,29991200,29991200
2021-12-29 02:00:00,15944.3,15944.3,15944.3,29991200,29991200,29991200
2021-12-29 06:00:00,15933.8,15933.8,15933.8,29991200,29991200,29991200
2021-12-29 10:00:00,15861.3,15861.3,15861.3,29991200,29991200,29991200
2021-12-29 14:00:00,15852.9,15852.9,15852.9,29991200,29991200,29991200
2021-12-29 18:00:00,15857.8,15857.8,15857.8,29991200,29991200,29991200
2021-12-29 22:00:00,15870.2,15870.2,15870.2,29991200,29991200,29991200
2021-12-30 02:00:00,15843.7,15843.7,15843.7,29991200,29991200,29991200
2021-12-30 06:00:00,15866.6,15866.6,15866.6,29991200,29991200,29991200
2021-12-30 10:00:00,15916.1,15916.1,15916.1,29991200,29991200,29991200
2021-12-30 14:00:00,15904.3,15904.3,15904.3,29991200,29991200,29991200
2021-12-30 18:00:00,15850.2,15850.2,15850.2,29991200,29991200,29991200
2022-01-02 22:00:00,15883.7,15883.7,15883.7,29991200,29991200,29991200
2022-01-03 02:00:00,15883.2,15883.2,15883.2,29991200,29991200,29991200
2022-01-03 06:00:00,16001.1,16001.1,16001.1,29991200,29991200,29991200
2022-01-03 10:00:00,16044.8,16044.8,16044.8,29991200,29991200,29991200
2022-01-03 14:00:00,16023.9,16023.9,16023.9,29991200,29991200,29991200
2022-01-03 18:00:00,16052.3,16052.3,16052.3,29991200,29991200,29991200
2022-01-03 22:00:00,16025.3,16025.3,16025.3,29991200,29991200,29991200
2022-01-04 02:00:00,16073.8,16073.8,16073.8,29991200,29991200,29991200
2022-01-04 06:00:00,16078.3,16078.3,16078.3,29991200,29991200,29991200
2022-01-04 10:00:00,16184.9,16184.9,16184.9,29991200,29991200,29991200
2022-01-04 14:00:00,16138.1,16138.1,16138.1,29991200,29991200,29991200
2022-01-04 18:00:00,16147.3,16147.3,16147.3,29991200,29991200,29991200
2022-01-04 22:00:00,16105.4,16105.4,16105.4,29991200,29991200,29991200
2022-01-05 02:00:00,16099.4,16099.4,16099.4,29991200,29991200,29991200
2022-01-05 06:00:00,16236.2,16236.2,16236.2,29991200,29991200,29991200
2022-01-05 10:00:00,16273.2,16273.2,16273.2,29991200,29991200,29991200
2022-01-05 14:00:00,16229.0,16229.0,16229.0,29991200,29991200,29991200
2022-01-05 18:00:00,16090.5,16090.5,16090.5,29991200,29991200,29991200
2022-01-05 22:00:00,16070.3,16070.3,16070.3,29991200,29991200,29991200
2022-01-06 02:00:00,15987.2,15987.2,15987.2,29991200,29991200,29991200
2022-01-06 06:00:00,16100.3,16100.3,16100.3,29991200,29991200,29991200
2022-01-06 10:00:00,16096.3,16096.3,16096.3,29991200,29991200,29991200
2022-01-06 14:00:00,16068.1,16068.1,16068.1,29991200,29991200,29991200
2022-01-06 18:00:00,16037.9,16037.9,16037.9,29991200,29991200,29991200
2022-01-06 22:00:00,16049.9,16049.9,16049.9,29991200,29991200,29991200
2022-01-07 02:00:00,16049.4,16049.4,16049.4,29991200,29991200,29991200
2022-01-07 06:00:00,15992.1,15992.1,15992.1,29991200,29991200,29991200
2022-01-07 10:00:00,15935.7,15935.7,15935.7,29991200,29991200,29991200
2022-01-07 14:00:00,15950.0,15950.0,15950.0,29991200,29991200,29991200
2022-01-07 18:00:00,15959.0,15959.0,15959.0,29991200,29991200,29991200
2022-01-09 22:00:00,15948.0,15948.0,15948.0,29991200,29991200,29991200
2022-01-10 02:00:00,15960.5,15960.5,15960.5,29991200,29991200,29991200
2022-01-10 06:00:00,15914.3,15914.3,15914.3,29991200,29991200,29991200
2022-01-10 10:00:00,15870.7,15870.7,15870.7,29991200,29991200,29991200
2022-01-10 14:00:00,15782.0,15782.0,15782.0,29991200,29991200,29991200
2022-01-10 18:00:00,15852.5,15852.5,15852.5,29991200,29991200,29991200
2022-01-10 22:00:00,15838.9,15838.9,15838.9,29991200,29991200,29991200
2022-01-11 02:00:00,15889.4,15889.4,15889.4,29991200,29991200,29991200
2022-01-11 06:00:00,15960.4,15960.4,15960.4,29991200,29991200,29991200
2022-01-11 10:00:00,15923.1,15923.1,15923.1,29991200,29991200,29991200
2022-01-11 14:00:00,15971.3,15971.3,15971.3,29991200,29991200,29991200
2022-01-11 18:00:00,16000.7,16000.7,16000.7,29991200,29991200,29991200
2022-01-11 22:00:00,16014.6,16014.6,16014.6,29991200,29991200,29991200
2022-01-12 02:00:00,16056.1,16056.1,16056.1,29991200,29991200,29991200
2022-01-12 06:00:00,16036.0,16036.0,16036.0,29991200,29991200,29991200
2022-01-12 10:00:00,16008.2,16008.2,16008.2,29991200,29991200,29991200
2022-01-12 14:00:00,16025.7,16025.7,16025.7,29991200,29991200,29991200
2022-01-12 18:00:00,16009.8,16009.8,16009.8,29991200,29991200,29991200
2022-01-12 22:00:00,15975.5,15975.5,15975.5,29991200,29991200,29991200
2022-01-13 02:00:00,15977.0,15977.0,15977.0,29991200,29991200,29991200
2022-01-13 06:00:00,15998.5,15998.5,15998.5,29991200,29991200,29991200
2022-01-13 10:00:00,16069.6,16069.6,16069.6,29991200,29991200,29991200
2022-01-13 14:00:00,15960.3,15960.3,15960.3,29991200,29991200,29991200
2022-01-13 18:00:00,15913.4,15913.4,15913.4,29991200,29991200,29991200
2022-01-13 22:00:00,15887.1,15887.1,15887.1,29991200,29991200,29991200
2022-01-14 02:00:00,15916.6,15916.6,15916.6,29991200,29991200,29991200
2022-01-14 06:00:00,15938.7,15938.7,15938.7,29991200,29991200,29991200
2022-01-14 10:00:00,15858.9,15858.9,15858.9,29991200,29991200,29991200
2022-01-14 14:00:00,15864.9,15864.9,15864.9,29991200,29991200,29991200
2022-01-14 18:00:00,15937.9,15937.9,15937.9,29991200,29991200,29991200
2022-01-16 22:00:00,15917.4,15917.4,15917.4,29991200,29991200,29991200
2022-01-17 02:00:00,15910.9,15910.9,15910.9,29991200,29991200,29991200
2022-01-17 06:00:00,15940.3,15940.3,15940.3,29991200,29991200,29991200
2022-01-17 10:00:00,15938.0,15938.0,15938.0,29991200,29991200,29991200
2022-01-17 14:00:00,15939.6,15939.6,15939.6,29991200,29991200,29991200
2022-01-17 18:00:00,15935.6,15935.6,15935.6,29991200,29991200,29991200
2022-01-17 22:00:00,15949.5,15949.5,15949.5,29991200,29991200,29991200
2022-01-18 02:00:00,15892.4,15892.4,15892.4,29991200,29991200,29991200
2022-01-18 06:00:00,15711.4,15711.4,15711.4,29991200,29991200,29991200
2022-01-18 10:00:00,15795.5,15795.5,15795.5,29991200,29991200,29991200
2022-01-18 14:00:00,15756.3,15756.3,15756.3,29991200,29991200,29991200
2022-01-18 18:00:00,15793.7,15793.7,15793.7,29991200,29991200,29991200
2022-01-18 22:00:00,15756.2,15756.2,15756.2,29991200,29991200,29991200
2022-01-19 02:00:00,15677.1,15677.1,15677.1,29991200,29991200,29991200
2022-01-19 06:00:00,15803.3,15803.3,15803.3,29991200,29991200,29991200
2022-01-19 10:00:00,15880.3,15880.3,15880.3,29991200,29991200,29991200
2022-01-19 14:00:00,15860.8,15860.8,15860.8,29991200,29991200,29991200
2022-01-19 18:00:00,15772.9,15772.9,15772.9,29991200,29991200,29991200
2022-01-19 22:00:00,15766.6,15766.6,15766.6,29991200,29991200,29991200
2022-01-20 02:00:00,15822.6,15822.6,15822.6,29991200,29991200,29991200
2022-01-20 06:00:00,15796.6,15796.6,15796.6,29991200,29991200,29991200
2022-01-20 10:00:00,15840.2,15840.2,15840.2,29991200,29991200,29991200
2022-01-20 14:00:00,15892.1,15892.1,15892.1,29991200,29991200,29991200
2022-01-20 18:00:00,15705.1,15705.1,15705.1,29991200,29991200,29991200
2022-01-20 22:00:00,15708.3,15708.3,15708.3,29991200,29991200,29991200
2022-01-21 02:00:00,15711.8,15711.8,15711.8,29991200,29991200,29991200
2022-01-21 06:00:00,15690.5,15690.5,15690.5,29991200,29991200,29991200
2022-01-21 10:00:00,15557.2,15557.2,15557.2,29991200,29991200,29991200
2022-01-21 14:00:00,15523.9,15523.9,15523.9,29991200,29991200,29991200
2022-01-21 18:00:00,15470.8,15470.8,15470.8,29991200,29991200,29991200
2022-01-23 22:00:00,15536.9,15536.9,15536.9,29991200,29991200,29991200
2022-01-24 02:00:00,15541.9,15541.9,15541.9,29991200,29991200,29991200
2022-01-24 06:00:00,15427.9,15427.9,15427.9,29991200,29991200,29991200
2022-01-24 10:00:00,15164.5,15164.5,15164.5,29991200,29991200,29991200
2022-01-24 14:00:00,14966.9,14966.9,14966.9,29991200,29991200,29991200
2022-01-24 18:00:00,15274.9,15274.9,15274.9,29991200,29991200,29991200
2022-01-24 22:00:00,15181.9,15181.9,15181.9,29991200,29991200,29991200
2022-01-25 02:00:00,15172.4,15172.4,15172.4,29991200,29991200,29991200
2022-01-25 06:00:00,15162.6,15162.6,15162.6,29991200,29991200,29991200
2022-01-25 10:00:00,15083.4,15083.4,15083.4,29991200,29991200,29991200
2022-01-25 14:00:00,15090.5,15090.5,15090.5,29991200,29991200,29991200
2022-01-25 18:00:00,15028.5,15028.5,15028.5,29991200,29991200,29991200
2022-01-25 22:00:00,15175.4,15175.4,15175.4,29991200,29991200,29991200
2022-01-26 02:00:00,15212.9,15212.9,15212.9,29991200,29991200,29991200
2022-01-26 06:00:00,15444.4,15444.4,15444.4,29991200,29991200,29991200
2022-01-26 10:00:00,15512.3,15512.3,15512.3,29991200,29991200,29991200
2022-01-26 14:00:00,15485.5,15485.5,15485.5,29991200,29991200,29991200
2022-01-26 18:00:00,15370.1,15370.1,15370.1,29991200,29991200,29991200
2022-01-26 22:00:00,15161.2,15161.2,15161.2,29991200,29991200,29991200
2022-01-27 02:00:00,15115.7,15115.7,15115.7,29991200,29991200,29991200
2022-01-27 06:00:00,15398.0,15398.0,15398.0,29991200,29991200,29991200
2022-01-27 10:00:00,15522.4,15522.4,15522.4,29991200,29991200,29991200
2022-01-27 14:00:00,15441.8,15441.8,15441.8,29991200,29991200,29991200
2022-01-27 18:00:00,15500.0,15500.0,15500.0,29991200,29991200,29991200
2022-01-27 22:00:00,15458.1,15458.1,15458.1,29991200,29991200,29991200
2022-01-28 02:00:00,15468.6,15468.6,15468.6,29991200,29991200,29991200
2022-01-28 06:00:00,15297.7,15297.7,15297.7,29991200,29991200,29991200
2022-01-28 10:00:00,15231.4,15231.4,15231.4,29991200,29991200,29991200
2022-01-28 14:00:00,15294.2,15294.2,15294.2,29991200,29991200,29991200
2022-01-28 18:00:00,15424.2,15424.2,15424.2,29991200,29991200,29991200
2022-01-30 22:00:00,15449.8,15449.8,15449.8,29991200,29991200,29991200
2022-01-31 02:00:00,15513.8,15513.8,15513.8,29991200,29991200,29991200
2022-01-31 06:00:00,15496.0,15496.0,15496.0,29991200,29991200,29991200
2022-01-31 10:00:00,15381.7,15381.7,15381.7,29991200,29991200,29991200
2022-01-31 14:00:00,15506.8,15506.8,15506.8,29991200,29991200,29991200
2022-01-31 18:00:00,15521.5,15521.5,15521.5,29991200,29991200,29991200
2022-01-31 22:00:00,15488.7,15488.7,15488.7,29991200,29991200,29991200
2022-02-01 02:00:00,15539.7,15539.7,15539.7,29991200,29991200,29991200
2022-02-01 06:00:00,15569.0,15569.0,15569.0,29991200,29991200,29991200
2022-02-01 10:00:00,15654.4,15654.4,15654.4,29991200,29991200,29991200
2022-02-01 14:00:00,15610.7,15610.7,15610.7,29991200,29991200,29991200
2022-02-01 18:00:00,15719.7,15719.7,15719.7,29991200,29991200,29991200
2022-02-01 22:00:00,15690.6,15690.6,15690.6,29991200,29991200,29991200
2022-02-02 02:00:00,15706.6,15706.6,15706.6,29991200,29991200,29991200
2022-02-02 06:00:00,15728.7,15728.7,15728.7,29991200,29991200,29991200
2022-02-02 10:00:00,15648.8,15648.8,15648.8,29991200,29991200,29991200
2022-02-02 14:00:00,15653.9,15653.9,15653.9,29991200,29991200,29991200
2022-02-02 18:00:00,15543.3,15543.3,15543.3,29991200,29991200,29991200
2022-02-02 22:00:00,15557.2,15557.2,15557.2,29991200,29991200,29991200
2022-02-03 02:00:00,15572.2,15572.2,15572.2,29991200,29991200,29991200
2022-02-03 06:00:00,15522.7,15522.7,15522.7,29991200,29991200,29991200
2022-02-03 10:00:00,15450.6,15450.6,15450.6,29991200,29991200,29991200
2022-02-03 14:00:00,15358.6,15358.6,15358.6,29991200,29991200,29991200
2022-02-03 18:00:00,15449.3,15449.3,15449.3,29991200,29991200,29991200
2022-02-03 22:00:00,15357.4,15357.4,15357.4,29991200,29991200,29991200
2022-02-04 02:00:00,15444.4,15444.4,15444.4,29991200,29991200,29991200
2022-02-04 06:00:00,15243.2,15243.2,15243.2,29991200,29991200,29991200
2022-02-04 10:00:00,15087.8,15087.8,15087.8,29991200,29991200,29991200
2022-02-04 14:00:00,15170.5,15170.5,15170.5,29991200,29991200,29991200
2022-02-04 18:00:00,15169.0,15169.0,15169.0,29991200,29991200,29991200
2022-02-06 22:00:00,15133.1,15133.1,15133.1,29991200,29991200,29991200
2022-02-07 02:00:00,15157.6,15157.6,15157.6,29991200,29991200,29991200
2022-02-07 06:00:00,15110.9,15110.9,15110.9,29991200,29991200,29991200
2022-02-07 10:00:00,15167.3,15167.3,15167.3,29991200,29991200,29991200
2022-02-07 14:00:00,15196.3,15196.3,15196.3,29991200,29991200,29991200
2022-02-07 18:00:00,15210.0,15210.0,15210.0,29991200,29991200,29991200
2022-02-07 22:00:00,15223.7,15223.7,15223.7,29991200,29991200,29991200
2022-02-08 02:00:00,15200.1,15200.1,15200.1,29991200,29991200,29991200
2022-02-08 06:00:00,15284.6,15284.6,15284.6,29991200,29991200,29991200
2022-02-08 10:00:00,15191.1,15191.1,15191.1,29991200,29991200,29991200
2022-02-08 14:00:00,15273.9,15273.9,15273.9,29991200,29991200,29991200
2022-02-08 18:00:00,15294.7,15294.7,15294.7,29991200,29991200,29991200
2022-02-08 22:00:00,15307.3,15307.3,15307.3,29991200,29991200,29991200
2022-02-09 02:00:00,15350.3,15350.3,15350.3,29991200,29991200,29991200
2022-02-09 06:00:00,15463.8,15463.8,15463.8,29991200,29991200,29991200
2022-02-09 10:00:00,15494.9,15494.9,15494.9,29991200,29991200,29991200
2022-02-09 14:00:00,15481.6,15481.6,15481.6,29991200,29991200,29991200
2022-02-09 18:00:00,15535.1,15535.1,15535.1,29991200,29991200,29991200
2022-02-09 22:00:00,15475.9,15475.9,15475.9,29991200,29991200,29991200
2022-02-10 02:00:00,15503.9,15503.9,15503.9,29991200,29991200,29991200
2022-02-10 06:00:00,15506.9,15506.9,15506.9,29991200,29991200,29991200
2022-02-10 10:00:00,15468.3,15468.3,15468.3,29991200,29991200,29991200
2022-02-10 14:00:00,15468.8,15468.8,15468.8,29991200,29991200,29991200
2022-02-10 18:00:00,15385.8,15385.8,15385.8,29991200,29991200,29991200
2022-02-10 22:00:00,15351.1,15351.1,15351.1,29991200,29991200,29991200
2022-02-11 02:00:00,15290.6,15290.6,15290.6,29991200,29991200,29991200
2022-02-11 06:00:00,15354.6,15354.6,15354.6,29991200,29991200,29991200
2022-02-11 10:00:00,15459.2,15459.2,15459.2,29991200,29991200,29991200
2022-02-11 14:00:00,15391.1,15391.1,15391.1,29991200,29991200,29991200
2022-02-11 18:00:00,15170.9,15170.9,15170.9,29991200,29991200,29991200
2022-02-13 22:00:00,15151.1,15151.1,15151.1,29991200,29991200,29991200
2022-02-14 02:00:00,15184.1,15184.1,15184.1,29991200,29991200,29991200
2022-02-14 06:00:00,14885.4,14885.4,14885.4,29991200,29991200,29991200
2022-02-14 10:00:00,15087.0,15087.0,15087.0,29991200,29991200,29991200
2022-02-14 14:00:00,15126.1,15126.1,15126.1,29991200,29991200,29991200
2022-02-14 18:00:00,15082.1,15082.1,15082.1,29991200,29991200,29991200
2022-02-14 22:00:00,15096.3,15096.3,15096.3,29991200,29991200,29991200
2022-02-15 02:00:00,15031.2,15031.2,15031.2,29991200,29991200,29991200
2022-02-15 06:00:00,15322.4,15322.4,15322.4,29991200,29991200,29991200
2022-02-15 10:00:00,15359.1,15359.1,15359.1,29991200,29991200,29991200
2022-02-15 14:00:00,15378.5,15378.5,15378.5,29991200,29991200,29991200
2022-02-15 18:00:00,15413.9,15413.9,15413.9,29991200,29991200,29991200
2022-02-15 22:00:00,15404.8,15404.8,15404.8,29991200,29991200,29991200
2022-02-16 02:00:00,15441.8,15441.8,15441.8,29991200,29991200,29991200
2022-02-16 06:00:00,15438.1,15438.1,15438.1,29991200,29991200,29991200
2022-02-16 10:00:00,15377.4,15377.4,15377.4,29991200,29991200,29991200
2022-02-16 14:00:00,15356.1,15356.1,15356.1,29991200,29991200,29991200
2022-02-16 18:00:00,15413.1,15413.1,15413.1,29991200,29991200,29991200
2022-02-16 22:00:00,15374.9,15374.9,15374.9,29991200,29991200,29991200
2022-02-17 02:00:00,15290.8,15290.8,15290.8,29991200,29991200,29991200
2022-02-17 06:00:00,15365.9,15365.9,15365.9,29991200,29991200,29991200
2022-02-17 10:00:00,15273.3,15273.3,15273.3,29991200,29991200,29991200
2022-02-17 14:00:00,15246.8,15246.8,15246.8,29991200,29991200,29991200
2022-02-17 18:00:00,15161.1,15161.1,15161.1,29991200,29991200,29991200
2022-02-17 22:00:00,15237.6,15237.6,15237.6,29991200,29991200,29991200
2022-02-18 02:00:00,15303.0,15303.0,15303.0,29991200,29991200,29991200
2022-02-18 06:00:00,15269.8,15269.8,15269.8,29991200,29991200,29991200
2022-02-18 10:00:00,15129.9,15129.9,15129.9,29991200,29991200,29991200
2022-02-18 14:00:00,15011.5,15011.5,15011.5,29991200,29991200,29991200
2022-02-18 18:00:00,15048.9,15048.9,15048.9,29991200,29991200,29991200
2022-02-20 22:00:00,15107.6,15107.6,15107.6,29991200,29991200,29991200
2022-02-21 02:00:00,15106.0,15106.0,15106.0,29991200,29991200,29991200
2022-02-21 06:00:00,15046.8,15046.8,15046.8,29991200,29991200,29991200
2022-02-21 10:00:00,14754.4,14754.4,14754.4,29991200,29991200,29991200
2022-02-21 14:00:00,14647.5,14647.5,14647.5,29991200,29991200,29991200
2022-02-21 18:00:00,14467.8,14467.8,14467.8,29991200,29991200,29991200
2022-02-21 22:00:00,14516.7,14516.7,14516.7,29991200,29991200,29991200
2022-02-22 02:00:00,14525.1,14525.1,14525.1,29991200,29991200,29991200
2022-02-22 06:00:00,14531.6,14531.6,14531.6,29991200,29991200,29991200
2022-02-22 10:00:00,14707.4,14707.4,14707.4,29991200,29991200,29991200
2022-02-22 14:00:00,14557.5,14557.5,14557.5,29991200,29991200,29991200
2022-02-22 18:00:00,14706.8,14706.8,14706.8,29991200,29991200,29991200
2022-02-22 22:00:00,14731.9,14731.9,14731.9,29991200,29991200,29991200
2022-02-23 02:00:00,14755.8,14755.8,14755.8,29991200,29991200,29991200
2022-02-23 06:00:00,14832.9,14832.9,14832.9,29991200,29991200,29991200
2022-02-23 10:00:00,14837.5,14837.5,14837.5,29991200,29991200,29991200
2022-02-23 14:00:00,14651.9,14651.9,14651.9,29991200,29991200,29991200
2022-02-23 18:00:00,14482.2,14482.2,14482.2,29991200,29991200,29991200
2022-02-23 22:00:00,14423.0,14423.0,14423.0,29991200,29991200,29991200
2022-02-24 02:00:00,14054.2,14054.2,14054.2,29991200,29991200,29991200
2022-02-24 06:00:00,14059.6,14059.6,14059.6,29991200,29991200,29991200
2022-02-24 10:00:00,13883.3,13883.3,13883.3,29991200,29991200,29991200
2022-02-24 14:00:00,13996.3,13996.3,13996.3,29991200,29991200,29991200
2022-02-24 18:00:00,14274.3,14274.3,14274.3,29991200,29991200,29991200
2022-02-24 22:00:00,14266.7,14266.7,14266.7,29991200,29991200,29991200
2022-02-25 02:00:00,14307.7,14307.7,14307.7,29991200,29991200,29991200
2022-02-25 06:00:00,14144.5,14144.5,14144.5,29991200,29991200,29991200
2022-02-25 10:00:00,14488.8,14488.8,14488.8,29991200,29991200,29991200
2022-02-25 14:00:00,14555.2,14555.2,14555.2,29991200,29991200,29991200
2022-02-25 18:00:00,14639.2,14639.2,14639.2,29991200,29991200,29991200
2022-02-27 22:00:00,14031.9,14031.9,14031.9,29991200,29991200,29991200
2022-02-28 02:00:00,14093.9,14093.9,14093.9,29991200,29991200,29991200
2022-02-28 06:00:00,14213.3,14213.3,14213.3,29991200,29991200,29991200
2022-02-28 10:00:00,14223.7,14223.7,14223.7,29991200,29991200,29991200
2022-02-28 14:00:00,14280.2,14280.2,14280.2,29991200,29991200,29991200
2022-02-28 18:00:00,14292.9,14292.9,14292.9,29991200,29991200,29991200
2022-02-28 22:00:00,14358.6,14358.6,14358.6,29991200,29991200,29991200
2022-03-01 02:00:00,14364.5,14364.5,14364.5,29991200,29991200,29991200
2022-03-01 06:00:00,14171.9,14171.9,14171.9,29991200,29991200,29991200
2022-03-01 10:00:00,14168.9,14168.9,14168.9,29991200,29991200,29991200
2022-03-01 14:00:00,13883.8,13883.8,13883.8,29991200,29991200,29991200
2022-03-01 18:00:00,13854.3,13854.3,13854.3,29991200,29991200,29991200
2022-03-01 22:00:00,13918.1,13918.1,13918.1,29991200,29991200,29991200
2022-03-02 02:00:00,13903.5,13903.5,13903.5,29991200,29991200,29991200
2022-03-02 06:00:00,13931.8,13931.8,13931.8,29991200,29991200,29991200
2022-03-02 10:00:00,13899.3,13899.3,13899.3,29991200,29991200,29991200
2022-03-02 14:00:00,14024.1,14024.1,14024.1,29991200,29991200,29991200
2022-03-02 18:00:00,13986.8,13986.8,13986.8,29991200,29991200,29991200
2022-03-02 22:00:00,13942.4,13942.4,13942.4,29991200,29991200,29991200
2022-03-03 02:00:00,14042.9,14042.9,14042.9,29991200,29991200,29991200
2022-03-03 06:00:00,13903.4,13903.4,13903.4,29991200,29991200,29991200
2022-03-03 10:00:00,13996.0,13996.0,13996.0,29991200,29991200,29991200
2022-03-03 14:00:00,13742.2,13742.2,13742.2,29991200,29991200,29991200
2022-03-03 18:00:00,13677.7,13677.7,13677.7,29991200,29991200,29991200
2022-03-03 22:00:00,13522.9,13522.9,13522.9,29991200,29991200,29991200
2022-03-04 02:00:00,13367.2,13367.2,13367.2,29991200,29991200,29991200
2022-03-04 06:00:00,13223.6,13223.6,13223.6,29991200,29991200,29991200
2022-03-04 10:00:00,13241.0,13241.0,13241.0,29991200,29991200,29991200
2022-03-04 14:00:00,13114.9,13114.9,13114.9,29991200,29991200,29991200
2022-03-04 18:00:00,13122.2,13122.2,13122.2,29991200,29991200,29991200
2022-03-06 22:00:00,12638.3,12638.3,12638.3,29991200,29991200,29991200
2022-03-07 02:00:00,12710.2,12710.2,12710.2,29991200,29991200,29991200
2022-03-07 06:00:00,12640.9,12640.9,12640.9,29991200,29991200,29991200
2022-03-07 10:00:00,13001.6,13001.6,13001.6,29991200,29991200,29991200
2022-03-07 14:00:00,12709.9,12709.9,12709.9,29991200,29991200,29991200
2022-03-07 18:00:00,12612.0,12612.0,12612.0,29991200,29991200,29991200
2022-03-07 22:00:00,12750.1,12750.1,12750.1,29991200,29991200,29991200
2022-03-08 02:00:00,12575.4,12575.4,12575.4,29991200,29991200,29991200
2022-03-08 06:00:00,13004.1,13004.1,13004.1,29991200,29991200,29991200
2022-03-08 10:00:00,12936.8,12936.8,12936.8,29991200,29991200,29991200
2022-03-08 14:00:00,13258.3,13258.3,13258.3,29991200,29991200,29991200
2022-03-08 18:00:00,12979.4,12979.4,12979.4,29991200,29991200,29991200
2022-03-08 22:00:00,13047.8,13047.8,13047.8,29991200,29991200,29991200
2022-03-09 02:00:00,13052.2,13052.2,13052.2,29991200,29991200,29991200
2022-03-09 06:00:00,13440.8,13440.8,13440.8,29991200,29991200,29991200
2022-03-09 10:00:00,13474.6,13474.6,13474.6,29991200,29991200,29991200
2022-03-09 14:00:00,13984.5,13984.5,13984.5,29991200,29991200,29991200
2022-03-09 18:00:00,13850.4,13850.4,13850.4,29991200,29991200,29991200
2022-03-09 22:00:00,13786.1,13786.1,13786.1,29991200,29991200,29991200
2022-03-10 02:00:00,13819.0,13819.0,13819.0,29991200,29991200,29991200
2022-03-10 06:00:00,13580.6,13580.6,13580.6,29991200,29991200,29991200
2022-03-10 10:00:00,13435.8,13435.8,13435.8,29991200,29991200,29991200
2022-03-10 14:00:00,13448.1,13448.1,13448.1,29991200,29991200,29991200
2022-03-10 18:00:00,13490.0,13490.0,13490.0,29991200,29991200,29991200
2022-03-10 22:00:00,13361.1,13361.1,13361.1,29991200,29991200,29991200
2022-03-11 02:00:00,13381.5,13381.5,13381.5,29991200,29991200,29991200
2022-03-11 06:00:00,13595.6,13595.6,13595.6,29991200,29991200,29991200
2022-03-11 10:00:00,13890.1,13890.1,13890.1,29991200,29991200,29991200
2022-03-11 14:00:00,13645.4,13645.4,13645.4,29991200,29991200,29991200
2022-03-11 18:00:00,13559.8,13559.8,13559.8,29991200,29991200,29991200
2022-03-13 21:00:00,13783.4,13783.4,13783.4,29991200,29991200,29991200
2022-03-14 01:00:00,13727.8,13727.8,13727.8,29991200,29991200,29991200
2022-03-14 05:00:00,13905.8,13905.8,13905.8,29991200,29991200,29991200
2022-03-14 09:00:00,13929.0,13929.0,13929.0,29991200,29991200,29991200
2022-03-14 13:00:00,13864.2,13864.2,13864.2,29991200,29991200,29991200
2022-03-14 17:00:00,13894.1,13894.1,13894.1,29991200,29991200,29991200
2022-03-14 21:00:00,13893.8,13893.8,13893.8,29991200,29991200,29991200
2022-03-15 01:00:00,13880.7,13880.7,13880.7,29991200,29991200,29991200
2022-03-15 05:00:00,13611.8,13611.8,13611.8,29991200,29991200,29991200
2022-03-15 09:00:00,13842.7,13842.7,13842.7,29991200,29991200,29991200
2022-03-15 13:00:00,13919.7,13919.7,13919.7,29991200,29991200,29991200
2022-03-15 17:00:00,13976.6,13976.6,13976.6,29991200,29991200,29991200
2022-03-15 21:00:00,13950.9,13950.9,13950.9,29991200,29991200,29991200
2022-03-16 01:00:00,13997.3,13997.3,13997.3,29991200,29991200,29991200
2022-03-16 05:00:00,14263.5,14263.5,14263.5,29991200,29991200,29991200
2022-03-16 09:00:00,14286.0,14286.0,14286.0,29991200,29991200,29991200
2022-03-16 13:00:00,14392.9,14392.9,14392.9,29991200,29991200,29991200
2022-03-16 17:00:00,14496.7,14496.7,14496.7,29991200,29991200,29991200
2022-03-16 21:00:00,14491.3,14491.3,14491.3,29991200,29991200,29991200
2022-03-17 01:00:00,14469.8,14469.8,14469.8,29991200,29991200,29991200
2022-03-17 05:00:00,14430.4,14430.4,14430.4,29991200,29991200,29991200
2022-03-17 09:00:00,14291.1,14291.1,14291.1,29991200,29991200,29991200
2022-03-17 13:00:00,14382.9,14382.9,14382.9,29991200,29991200,29991200
2022-03-17 17:00:00,14365.4,14365.4,14365.4,29991200,29991200,29991200
2022-03-17 21:00:00,14308.9,14308.9,14308.9,29991200,29991200,29991200
2022-03-18 01:00:00,14300.5,14300.5,14300.5,29991200,29991200,29991200
2022-03-18 05:00:00,14330.8,14330.8,14330.8,29991200,29991200,29991200
2022-03-18 09:00:00,14237.4,14237.4,14237.4,29991200,29991200,29991200
2022-03-18 13:00:00,14419.2,14419.2,14419.2,29991200,29991200,29991200
2022-03-18 17:00:00,14473.7,14473.7,14473.7,29991200,29991200,29991200
2022-03-20 21:00:00,14361.5,14361.5,14361.5,29991200,29991200,29991200
2022-03-21 01:00:00,14300.1,14300.1,14300.1,29991200,29991200,29991200
2022-03-21 05:00:00,14402.2,14402.2,14402.2,29991200,29991200,29991200
2022-03-21 09:00:00,14405.0,14405.0,14405.0,29991200,29991200,29991200
2022-03-21 13:00:00,14276.5,14276.5,14276.5,29991200,29991200,29991200
2022-03-21 17:00:00,14317.0,14317.0,14317.0,29991200,29991200,29991200
2022-03-21 21:00:00,14246.5,14246.5,14246.5,29991200,29991200,29991200
2022-03-22 01:00:00,14295.5,14295.5,14295.5,29991200,29991200,29991200
2022-03-22 05:00:00,14427.6,14427.6,14427.6,29991200,29991200,29991200
2022-03-22 09:00:00,14435.1,14435.1,14435.1,29991200,29991200,29991200
2022-03-22 13:00:00,14488.6,14488.6,14488.6,29991200,29991200,29991200
2022-03-22 17:00:00,14503.1,14503.1,14503.1,29991200,29991200,29991200
2022-03-22 21:00:00,14505.6,14505.6,14505.6,29991200,29991200,29991200
2022-03-23 01:00:00,14548.6,14548.6,14548.6,29991200,29991200,29991200
2022-03-23 05:00:00,14510.4,14510.4,14510.4,29991200,29991200,29991200
2022-03-23 09:00:00,14287.0,14287.0,14287.0,29991200,29991200,29991200
2022-03-23 13:00:00,14254.7,14254.7,14254.7,29991200,29991200,29991200
2022-03-23 17:00:00,14204.2,14204.2,14204.2,29991200,29991200,29991200
2022-03-23 21:00:00,14216.1,14216.1,14216.1,29991200,29991200,29991200
2022-03-24 01:00:00,14264.6,14264.6,14264.6,29991200,29991200,29991200
2022-03-24 05:00:00,14317.3,14317.3,14317.3,29991200,29991200,29991200
2022-03-24 09:00:00,14256.9,14256.9,14256.9,29991200,29991200,29991200
2022-03-24 13:00:00,14306.9,14306.9,14306.9,29991200,29991200,29991200
2022-03-24 17:00:00,14336.9,14336.9,14336.9,29991200,29991200,29991200
2022-03-24 21:00:00,14284.4,14284.4,14284.4,29991200,29991200,29991200
2022-03-25 01:00:00,14346.4,14346.4,14346.4,29991200,29991200,29991200
2022-03-25 05:00:00,14305.6,14305.6,14305.6,29991200,29991200,29991200
2022-03-25 09:00:00,14395.9,14395.9,14395.9,29991200,29991200,29991200
2022-03-25 13:00:00,14307.4,14307.4,14307.4,29991200,29991200,29991200
2022-03-25 17:00:00,14387.3,14387.3,14387.3,29991200,29991200,29991200
2022-03-27 21:00:00,14327.6,14327.6,14327.6,29991200,29991200,29991200
2022-03-28 01:00:00,14340.2,14340.2,14340.2,29991200,29991200,29991200
2022-03-28 05:00:00,14527.9,14527.9,14527.9,29991200,29991200,29991200
2022-03-28 09:00:00,14526.4,14526.4,14526.4,29991200,29991200,29991200
2022-03-28 13:00:00,14447.7,14447.7,14447.7,29991200,29991200,29991200
2022-03-28 17:00:00,14538.7,14538.7,14538.7,29991200,29991200,29991200
2022-03-28 21:00:00,14547.5,14547.5,14547.5,29991200,29991200,29991200
2022-03-29 01:00:00,14566.5,14566.5,14566.5,29991200,29991200,29991200
2022-03-29 05:00:00,14595.3,14595.3,14595.3,29991200,29991200,29991200
2022-03-29 09:00:00,14874.6,14874.6,14874.6,29991200,29991200,29991200
2022-03-29 13:00:00,14761.4,14761.4,14761.4,29991200,29991200,29991200
2022-03-29 17:00:00,14833.6,14833.6,14833.6,29991200,29991200,29991200
2022-03-29 21:00:00,14790.3,14790.3,14790.3,29991200,29991200,29991200
2022-03-30 01:00:00,14730.4,14730.4,14730.4,29991200,29991200,29991200
2022-03-30 05:00:00,14631.3,14631.3,14631.3,29991200,29991200,29991200
2022-03-30 09:00:00,14605.4,14605.4,14605.4,29991200,29991200,29991200
2022-03-30 13:00:00,14620.9,14620.9,14620.9,29991200,29991200,29991200
2022-03-30 17:00:00,14609.4,14609.4,14609.4,29991200,29991200,29991200
2022-03-30 21:00:00,14660.9,14660.9,14660.9,29991200,29991200,29991200
2022-03-31 01:00:00,14652.9,14652.9,14652.9,29991200,29991200,29991200
2022-03-31 05:00:00,14599.9,14599.9,14599.9,29991200,29991200,29991200
2022-03-31 09:00:00,14566.6,14566.6,14566.6,29991200,29991200,29991200
2022-03-31 13:00:00,14403.4,14403.4,14403.4,29991200,29991200,29991200
2022-03-31 17:00:00,14366.9,14366.9,14366.9,29991200,29991200,29991200
2022-03-31 21:00:00,14396.9,14396.9,14396.9,29991200,29991200,29991200
2022-04-01 01:00:00,14417.4,14417.4,14417.4,29991200,29991200,29991200
2022-04-01 05:00:00,14443.8,14443.8,14443.8,29991200,29991200,29991200
2022-04-01 09:00:00,14452.3,14452.3,14452.3,29991200,29991200,29991200
2022-04-01 13:00:00,14395.6,14395.6,14395.6,29991200,29991200,29991200
2022-04-01 17:00:00,14485.0,14485.0,14485.0,29991200,29991200,29991200
2022-04-03 21:00:00,14436.4,14436.4,14436.4,29991200,29991200,29991200
2022-04-04 01:00:00,14492.3,14492.3,14492.3,29991200,29991200,29991200
2022-04-04 05:00:00,14376.0,14376.0,14376.0,29991200,29991200,29991200
2022-04-04 09:00:00,14437.3,14437.3,14437.3,29991200,29991200,29991200
2022-04-04 13:00:00,14527.6,14527.6,14527.6,29991200,29991200,29991200
2022-04-04 17:00:00,14551.3,14551.3,14551.3,29991200,29991200,29991200
2022-04-04 21:00:00,14525.6,14525.6,14525.6,29991200,29991200,29991200
2022-04-05 01:00:00,14524.6,14524.6,14524.6,29991200,29991200,29991200
2022-04-05 05:00:00,14547.8,14547.8,14547.8,29991200,29991200,29991200
2022-04-05 09:00:00,14407.2,14407.2,14407.2,29991200,29991200,29991200
2022-04-05 13:00:00,14401.1,14401.1,14401.1,29991200,29991200,29991200
2022-04-05 17:00:00,14385.5,14385.5,14385.5,29991200,29991200,29991200
2022-04-05 21:00:00,14329.2,14329.2,14329.2,29991200,29991200,29991200
2022-04-06 01:00:00,14330.7,14330.7,14330.7,29991200,29991200,29991200
2022-04-06 05:00:00,14249.6,14249.6,14249.6,29991200,29991200,29991200
2022-04-06 09:00:00,14117.4,14117.4,14117.4,29991200,29991200,29991200
2022-04-06 13:00:00,14128.6,14128.6,14128.6,29991200,29991200,29991200
2022-04-06 17:00:00,14132.9,14132.9,14132.9,29991200,29991200,29991200
2022-04-06 21:00:00,14091.1,14091.1,14091.1,29991200,29991200,29991200
2022-04-07 01:00:00,14091.2,14091.2,14091.2,29991200,29991200,29991200
2022-04-07 05:00:00,14213.9,14213.9,14213.9,29991200,29991200,29991200
2022-04-07 09:00:00,14191.9,14191.9,14191.9,29991200,29991200,29991200
2022-04-07 13:00:00,14110.5,14110.5,14110.5,29991200,29991200,29991200
2022-04-07 17:00:00,14190.8,14190.8,14190.8,29991200,29991200,29991200
2022-04-07 21:00:00,14164.4,14164.4,14164.4,29991200,29991200,29991200
2022-04-08 01:00:00,14151.5,14151.5,14151.5,29991200,29991200,29991200
2022-04-08 05:00:00,14249.3,14249.3,14249.3,29991200,29991200,29991200
2022-04-08 09:00:00,14225.8,14225.8,14225.8,29991200,29991200,29991200
2022-04-08 13:00:00,14267.6,14267.6,14267.6,29991200,29991200,29991200
2022-04-08 17:00:00,14219.2,14219.2,14219.2,29991200,29991200,29991200
2022-04-10 21:00:00,14249.6,14249.6,14249.6,29991200,29991200,29991200
2022-04-11 01:00:00,14131.3,14131.3,14131.3,29991200,29991200,29991200
2022-04-11 05:00:00,14176.4,14176.4,14176.4,29991200,29991200,29991200
2022-04-11 09:00:00,14169.6,14169.6,14169.6,29991200,29991200,29991200
2022-04-11 13:00:00,14170.3,14170.3,14170.3,29991200,29991200,29991200
2022-04-11 17:00:00,14067.4,14067.4,14067.4,29991200,29991200,29991200
2022-04-11 21:00:00,14016.5,14016.5,14016.5,29991200,29991200,29991200
2022-04-12 01:00:00,13961.6,13961.6,13961.6,29991200,29991200,29991200
2022-04-12 05:00:00,14030.0,14030.0,14030.0,29991200,29991200,29991200
2022-04-12 09:00:00,14157.7,14157.7,14157.7,29991200,29991200,29991200
2022-04-12 13:00:00,14094.2,14094.2,14094.2,29991200,29991200,29991200
2022-04-12 17:00:00,14024.8,14024.8,14024.8,29991200,29991200,29991200
2022-04-12 21:00:00,14092.6,14092.6,14092.6,29991200,29991200,29991200
2022-04-13 01:00:00,14081.2,14081.2,14081.2,29991200,29991200,29991200
2022-04-13 05:00:00,14084.0,14084.0,14084.0,29991200,29991200,29991200
2022-04-13 09:00:00,13970.8,13970.8,13970.8,29991200,29991200,29991200
2022-04-13 13:00:00,14053.5,14053.5,14053.5,29991200,29991200,29991200
2022-04-13 17:00:00,14083.3,14083.3,14083.3,29991200,29991200,29991200
2022-04-13 21:00:00,14114.5,14114.5,14114.5,29991200,29991200,29991200
2022-04-14 01:00:00,14149.5,14149.5,14149.5,29991200,29991200,29991200
2022-04-14 05:00:00,14102.6,14102.6,14102.6,29991200,29991200,29991200
2022-04-14 09:00:00,14149.8,14149.8,14149.8,29991200,29991200,29991200
2022-04-14 13:00:00,14087.0,14087.0,14087.0,29991200,29991200,29991200
2022-04-14 17:00:00,14091.1,14091.1,14091.1,29991200,29991200,29991200
2022-04-18 21:00:00,14050.2,14050.2,14050.2,29991200,29991200,29991200
2022-04-19 01:00:00,14098.7,14098.7,14098.7,29991200,29991200,29991200
2022-04-19 05:00:00,14041.6,14041.6,14041.6,29991200,29991200,29991200
2022-04-19 09:00:00,14067.9,14067.9,14067.9,29991200,29991200,29991200
2022-04-19 13:00:00,14166.1,14166.1,14166.1,29991200,29991200,29991200
2022-04-19 17:00:00,14187.4,14187.4,14187.4,29991200,29991200,29991200
2022-04-19 21:00:00,14227.0,14227.0,14227.0,29991200,29991200,29991200
2022-04-20 01:00:00,14218.6,14218.6,14218.6,29991200,29991200,29991200
2022-04-20 05:00:00,14210.9,14210.9,14210.9,29991200,29991200,29991200
2022-04-20 09:00:00,14340.4,14340.4,14340.4,29991200,29991200,29991200
2022-04-20 13:00:00,14370.8,14370.8,14370.8,29991200,29991200,29991200
2022-04-20 17:00:00,14378.0,14378.0,14378.0,29991200,29991200,29991200
2022-04-20 21:00:00,14376.3,14376.3,14376.3,29991200,29991200,29991200
2022-04-21 01:00:00,14394.8,14394.8,14394.8,29991200,29991200,29991200
2022-04-21 05:00:00,14511.8,14511.8,14511.8,29991200,29991200,29991200
2022-04-21 09:00:00,14584.4,14584.4,14584.4,29991200,29991200,29991200
2022-04-21 13:00:00,14405.5,14405.5,14405.5,29991200,29991200,29991200
2022-04-21 17:00:00,14318.4,14318.4,14318.4,29991200,29991200,29991200
2022-04-21 21:00:00,14253.7,14253.7,14253.7,29991200,29991200,29991200
2022-04-22 01:00:00,14287.2,14287.2,14287.2,29991200,29991200,29991200
2022-04-22 05:00:00,14299.5,14299.5,14299.5,29991200,29991200,29991200
2022-04-22 09:00:00,14289.4,14289.4,14289.4,29991200,29991200,29991200
2022-04-22 13:00:00,14124.8,14124.8,14124.8,29991200,29991200,29991200
2022-04-22 17:00:00,14065.9,14065.9,14065.9,29991200,29991200,29991200
2022-04-24 21:00:00,14030.0,14030.0,14030.0,29991200,29991200,29991200
2022-04-25 01:00:00,13914.2,13914.2,13914.2,29991200,29991200,29991200
2022-04-25 05:00:00,13886.4,13886.4,13886.4,29991200,29991200,29991200
2022-04-25 09:00:00,14029.9,14029.9,14029.9,29991200,29991200,29991200
2022-04-25 13:00:00,13956.9,13956.9,13956.9,29991200,29991200,29991200
2022-04-25 17:00:00,14086.4,14086.4,14086.4,29991200,29991200,29991200
2022-04-25 21:00:00,14082.8,14082.8,14082.8,29991200,29991200,29991200
2022-04-26 01:00:00,14138.8,14138.8,14138.8,29991200,29991200,29991200
2022-04-26 05:00:00,14090.0,14090.0,14090.0,29991200,29991200,29991200
2022-04-26 09:00:00,14055.6,14055.6,14055.6,29991200,29991200,29991200
2022-04-26 13:00:00,13844.7,13844.7,13844.7,29991200,29991200,29991200
2022-04-26 17:00:00,13539.2,13539.2,13539.2,29991200,29991200,29991200
2022-04-26 21:00:00,13627.4,13627.4,13627.4,29991200,29991200,29991200
2022-04-27 01:00:00,13699.4,13699.4,13699.4,29991200,29991200,29991200
2022-04-27 05:00:00,13781.7,13781.7,13781.7,29991200,29991200,29991200
2022-04-27 09:00:00,13768.6,13768.6,13768.6,29991200,29991200,29991200
2022-04-27 13:00:00,13827.8,13827.8,13827.8,29991200,29991200,29991200
2022-04-27 17:00:00,13841.7,13841.7,13841.7,29991200,29991200,29991200
2022-04-27 21:00:00,13812.8,13812.8,13812.8,29991200,29991200,29991200
2022-04-28 01:00:00,13836.3,13836.3,13836.3,29991200,29991200,29991200
2022-04-28 05:00:00,14070.2,14070.2,14070.2,29991200,29991200,29991200
2022-04-28 09:00:00,13991.1,13991.1,13991.1,29991200,29991200,29991200
2022-04-28 13:00:00,14049.3,14049.3,14049.3,29991200,29991200,29991200
2022-04-28 17:00:00,14022.8,14022.8,14022.8,29991200,29991200,29991200
2022-04-28 21:00:00,14003.6,14003.6,14003.6,29991200,29991200,29991200
2022-04-29 01:00:00,14136.3,14136.3,14136.3,29991200,29991200,29991200
2022-04-29 05:00:00,14162.2,14162.2,14162.2,29991200,29991200,29991200
2022-04-29 09:00:00,14120.4,14120.4,14120.4,29991200,29991200,29991200
2022-04-29 13:00:00,14026.2,14026.2,14026.2,29991200,29991200,29991200
2022-04-29 17:00:00,13891.9,13891.9,13891.9,29991200,29991200,29991200
2022-05-01 21:00:00,13905.5,13905.5,13905.5,29991200,29991200,29991200
2022-05-02 01:00:00,13931.0,13931.0,13931.0,29991200,29991200,29991200
2022-05-02 05:00:00,13927.6,13927.6,13927.6,29991200,29991200,29991200
2022-05-02 09:00:00,13962.7,13962.7,13962.7,29991200,29991200,29991200
2022-05-02 13:00:00,13885.7,13885.7,13885.7,29991200,29991200,29991200
2022-05-02 17:00:00,13944.1,13944.1,13944.1,29991200,29991200,29991200
2022-05-02 21:00:00,13984.1,13984.1,13984.1,29991200,29991200,29991200
2022-05-03 01:00:00,14017.6,14017.6,14017.6,29991200,29991200,29991200
2022-05-03 05:00:00,14016.8,14016.8,14016.8,29991200,29991200,29991200
2022-05-03 09:00:00,13970.6,13970.6,13970.6,29991200,29991200,29991200
2022-05-03 13:00:00,14000.7,14000.7,14000.7,29991200,29991200,29991200
2022-05-03 17:00:00,14024.6,14024.6,14024.6,29991200,29991200,29991200
2022-05-03 21:00:00,14017.1,14017.1,14017.1,29991200,29991200,29991200
2022-05-04 01:00:00,14009.6,14009.6,14009.6,29991200,29991200,29991200
2022-05-04 05:00:00,14011.0,14011.0,14011.0,29991200,29991200,29991200
2022-05-04 09:00:00,14020.8,14020.8,14020.8,29991200,29991200,29991200
2022-05-04 13:00:00,14049.0,14049.0,14049.0,29991200,29991200,29991200
2022-05-04 17:00:00,14217.3,14217.3,14217.3,29991200,29991200,29991200
2022-05-04 21:00:00,14259.9,14259.9,14259.9,29991200,29991200,29991200
2022-05-05 01:00:00,14282.9,14282.9,14282.9,29991200,29991200,29991200
2022-05-05 05:00:00,14162.6,14162.6,14162.6,29991200,29991200,29991200
2022-05-05 09:00:00,14149.1,14149.1,14149.1,29991200,29991200,29991200
2022-05-05 13:00:00,13904.5,13904.5,13904.5,29991200,29991200,29991200
2022-05-05 17:00:00,13880.1,13880.1,13880.1,29991200,29991200,29991200
2022-05-05 21:00:00,13835.9,13835.9,13835.9,29991200,29991200,29991200
2022-05-06 01:00:00,13858.9,13858.9,13858.9,29991200,29991200,29991200
2022-05-06 05:00:00,13757.3,13757.3,13757.3,29991200,29991200,29991200
2022-05-06 09:00:00,13705.1,13705.1,13705.1,29991200,29991200,29991200
2022-05-06 13:00:00,13719.2,13719.2,13719.2,29991200,29991200,29991200
2022-05-06 17:00:00,13688.7,13688.7,13688.7,29991200,29991200,29991200
2022-05-08 21:00:00,13500.4,13500.4,13500.4,29991200,29991200,29991200
2022-05-09 01:00:00,13531.9,13531.9,13531.9,29991200,29991200,29991200
2022-05-09 05:00:00,13563.6,13563.6,13563.6,29991200,29991200,29991200
2022-05-09 09:00:00,13492.1,13492.1,13492.1,29991200,29991200,29991200
2022-05-09 13:00:00,13449.1,13449.1,13449.1,29991200,29991200,29991200
2022-05-09 17:00:00,13395.3,13395.3,13395.3,29991200,29991200,29991200
2022-05-09 21:00:00,13294.2,13294.2,13294.2,29991200,29991200,29991200
2022-05-10 01:00:00,13421.2,13421.2,13421.2,29991200,29991200,29991200
2022-05-10 05:00:00,13576.8,13576.8,13576.8,29991200,29991200,29991200
2022-05-10 09:00:00,13680.2,13680.2,13680.2,29991200,29991200,29991200
2022-05-10 13:00:00,13511.4,13511.4,13511.4,29991200,29991200,29991200
2022-05-10 17:00:00,13572.0,13572.0,13572.0,29991200,29991200,29991200
2022-05-10 21:00:00,13545.8,13545.8,13545.8,29991200,29991200,29991200
2022-05-11 01:00:00,13601.3,13601.3,13601.3,29991200,29991200,29991200
2022-05-11 05:00:00,13655.0,13655.0,13655.0,29991200,29991200,29991200
2022-05-11 09:00:00,13534.6,13534.6,13534.6,29991200,29991200,29991200
2022-05-11 13:00:00,13708.6,13708.6,13708.6,29991200,29991200,29991200
2022-05-11 17:00:00,13639.3,13639.3,13639.3,29991200,29991200,29991200
2022-05-11 21:00:00,13632.0,13632.0,13632.0,29991200,29991200,29991200
2022-05-12 01:00:00,13566.0,13566.0,13566.0,29991200,29991200,29991200
2022-05-12 05:00:00,13527.0,13527.0,13527.0,29991200,29991200,29991200
2022-05-12 09:00:00,13529.9,13529.9,13529.9,29991200,29991200,29991200
2022-05-12 13:00:00,13726.7,13726.7,13726.7,29991200,29991200,29991200
2022-05-12 17:00:00,13656.8,13656.8,13656.8,29991200,29991200,29991200
2022-05-12 21:00:00,13840.1,13840.1,13840.1,29991200,29991200,29991200
2022-05-13 01:00:00,13885.6,13885.6,13885.6,29991200,29991200,29991200
2022-05-13 05:00:00,13905.6,13905.6,13905.6,29991200,29991200,29991200
2022-05-13 09:00:00,13939.7,13939.7,13939.7,29991200,29991200,29991200
2022-05-13 13:00:00,14052.2,14052.2,14052.2,29991200,29991200,29991200
2022-05-13 17:00:00,14049.6,14049.6,14049.6,29991200,29991200,29991200
2022-05-15 21:00:00,14081.6,14081.6,14081.6,29991200,29991200,29991200
2022-05-16 01:00:00,13992.5,13992.5,13992.5,29991200,29991200,29991200
2022-05-16 05:00:00,14039.3,14039.3,14039.3,29991200,29991200,29991200
2022-05-16 09:00:00,13931.3,13931.3,13931.3,29991200,29991200,29991200
2022-05-16 13:00:00,13970.2,13970.2,13970.2,29991200,29991200,29991200
2022-05-16 17:00:00,13984.9,13984.9,13984.9,29991200,29991200,29991200
2022-05-16 21:00:00,14023.0,14023.0,14023.0,29991200,29991200,29991200
2022-05-17 01:00:00,14058.0,14058.0,14058.0,29991200,29991200,29991200
2022-05-17 05:00:00,14141.6,14141.6,14141.6,29991200,29991200,29991200
2022-05-17 09:00:00,14166.8,14166.8,14166.8,29991200,29991200,29991200
2022-05-17 13:00:00,14199.5,14199.5,14199.5,29991200,29991200,29991200
2022-05-17 17:00:00,14260.7,14260.7,14260.7,29991200,29991200,29991200
2022-05-17 21:00:00,14233.3,14233.3,14233.3,29991200,29991200,29991200
2022-05-18 01:00:00,14190.8,14190.8,14190.8,29991200,29991200,29991200
2022-05-18 05:00:00,14179.2,14179.2,14179.2,29991200,29991200,29991200
2022-05-18 09:00:00,14099.5,14099.5,14099.5,29991200,29991200,29991200
2022-05-18 13:00:00,14000.9,14000.9,14000.9,29991200,29991200,29991200
2022-05-18 17:00:00,13851.7,13851.7,13851.7,29991200,29991200,29991200
2022-05-18 21:00:00,13853.6,13853.6,13853.6,29991200,29991200,29991200
2022-05-19 01:00:00,13917.6,13917.6,13917.6,29991200,29991200,29991200
2022-05-19 05:00:00,13723.4,13723.4,13723.4,29991200,29991200,29991200
2022-05-19 09:00:00,13759.1,13759.1,13759.1,29991200,29991200,29991200
2022-05-19 13:00:00,13895.3,13895.3,13895.3,29991200,29991200,29991200
2022-05-19 17:00:00,13915.2,13915.2,13915.2,29991200,29991200,29991200
2022-05-19 21:00:00,13949.2,13949.2,13949.2,29991200,29991200,29991200
2022-05-20 01:00:00,14014.1,14014.1,14014.1,29991200,29991200,29991200
2022-05-20 05:00:00,14113.9,14113.9,14113.9,29991200,29991200,29991200
2022-05-20 09:00:00,14118.6,14118.6,14118.6,29991200,29991200,29991200
2022-05-20 13:00:00,13897.3,13897.3,13897.3,29991200,29991200,29991200
2022-05-20 17:00:00,14029.8,14029.8,14029.8,29991200,29991200,29991200
2022-05-22 21:00:00,14145.4,14145.4,14145.4,29991200,29991200,29991200
2022-05-23 01:00:00,14120.4,14120.4,14120.4,29991200,29991200,29991200
2022-05-23 05:00:00,14066.6,14066.6,14066.6,29991200,29991200,29991200
2022-05-23 09:00:00,14079.4,14079.4,14079.4,29991200,29991200,29991200
2022-05-23 13:00:00,14154.7,14154.7,14154.7,29991200,29991200,29991200
2022-05-23 17:00:00,14185.9,14185.9,14185.9,29991200,29991200,29991200
2022-05-23 21:00:00,14105.4,14105.4,14105.4,29991200,29991200,29991200
2022-05-24 01:00:00,14085.9,14085.9,14085.9,29991200,29991200,29991200
2022-05-24 05:00:00,14012.5,14012.5,14012.5,29991200,29991200,29991200
2022-05-24 09:00:00,14059.7,14059.7,14059.7,29991200,29991200,29991200
2022-05-24 13:00:00,13965.9,13965.9,13965.9,29991200,29991200,29991200
2022-05-24 17:00:00,14035.6,14035.6,14035.6,29991200,29991200,29991200
2022-05-24 21:00:00,14029.2,14029.2,14029.2,29991200,29991200,29991200
2022-05-25 01:00:00,14052.1,14052.1,14052.1,29991200,29991200,29991200
2022-05-25 05:00:00,13942.5,13942.5,13942.5,29991200,29991200,29991200
2022-05-25 09:00:00,13939.4,13939.4,13939.4,29991200,29991200,29991200
2022-05-25 13:00:00,14016.8,14016.8,14016.8,29991200,29991200,29991200
2022-05-25 17:00:00,14020.1,14020.1,14020.1,29991200,29991200,29991200
2022-05-25 21:00:00,14096.1,14096.1,14096.1,29991200,29991200,29991200
2022-05-26 01:00:00,14009.0,14009.0,14009.0,29991200,29991200,29991200
2022-05-26 05:00:00,14061.9,14061.9,14061.9,29991200,29991200,29991200
2022-05-26 09:00:00,14130.9,14130.9,14130.9,29991200,29991200,29991200
2022-05-26 13:00:00,14278.5,14278.5,14278.5,29991200,29991200,29991200
2022-05-26 17:00:00,14246.7,14246.7,14246.7,29991200,29991200,29991200
2022-05-26 21:00:00,14243.3,14243.3,14243.3,29991200,29991200,29991200
2022-05-27 01:00:00,14267.2,14267.2,14267.2,29991200,29991200,29991200
2022-05-27 05:00:00,14322.3,14322.3,14322.3,29991200,29991200,29991200
2022-05-27 09:00:00,14373.2,14373.2,14373.2,29991200,29991200,29991200
2022-05-27 13:00:00,14471.1,14471.1,14471.1,29991200,29991200,29991200
2022-05-27 17:00:00,14491.5,14491.5,14491.5,29991200,29991200,29991200
2022-05-29 21:00:00,14512.3,14512.3,14512.3,29991200,29991200,29991200
2022-05-30 01:00:00,14539.3,14539.3,14539.3,29991200,29991200,29991200
2022-05-30 05:00:00,14551.9,14551.9,14551.9,29991200,29991200,29991200
2022-05-30 09:00:00,14534.8,14534.8,14534.8,29991200,29991200,29991200
2022-05-30 13:00:00,14567.2,14567.2,14567.2,29991200,29991200,29991200
2022-05-30 17:00:00,14583.1,14583.1,14583.1,29991200,29991200,29991200
2022-05-30 21:00:00,14542.4,14542.4,14542.4,29991200,29991200,29991200
2022-05-31 01:00:00,14543.3,14543.3,14543.3,29991200,29991200,29991200
2022-05-31 05:00:00,14530.3,14530.3,14530.3,29991200,29991200,29991200
2022-05-31 09:00:00,14394.5,14394.5,14394.5,29991200,29991200,29991200
2022-05-31 13:00:00,14458.2,14458.2,14458.2,29991200,29991200,29991200
2022-05-31 17:00:00,14417.6,14417.6,14417.6,29991200,29991200,29991200
2022-05-31 21:00:00,14475.4,14475.4,14475.4,29991200,29991200,29991200
2022-06-01 01:00:00,14478.9,14478.9,14478.9,29991200,29991200,29991200
2022-06-01 05:00:00,14413.3,14413.3,14413.3,29991200,29991200,29991200
2022-06-01 09:00:00,14455.1,14455.1,14455.1,29991200,29991200,29991200
2022-06-01 13:00:00,14353.5,14353.5,14353.5,29991200,29991200,29991200
2022-06-01 17:00:00,14355.9,14355.9,14355.9,29991200,29991200,29991200
2022-06-01 21:00:00,14375.7,14375.7,14375.7,29991200,29991200,29991200
2022-06-02 01:00:00,14354.6,14354.6,14354.6,29991200,29991200,29991200
2022-06-02 05:00:00,14436.3,14436.3,14436.3,29991200,29991200,29991200
2022-06-02 09:00:00,14454.5,14454.5,14454.5,29991200,29991200,29991200
2022-06-02 13:00:00,14541.3,14541.3,14541.3,29991200,29991200,29991200
2022-06-02 17:00:00,14606.8,14606.8,14606.8,29991200,29991200,29991200
2022-06-02 21:00:00,14602.1,14602.1,14602.1,29991200,29991200,29991200
2022-06-03 01:00:00,14603.6,14603.6,14603.6,29991200,29991200,29991200
2022-06-03 05:00:00,14543.9,14543.9,14543.9,29991200,29991200,29991200
2022-06-03 09:00:00,14490.9,14490.9,14490.9,29991200,29991200,29991200
2022-06-03 13:00:00,14507.9,14507.9,14507.9,29991200,29991200,29991200
2022-06-03 17:00:00,14483.8,14483.8,14483.8,29991200,29991200,29991200
2022-06-05 21:00:00,14501.7,14501.7,14501.7,29991200,29991200,29991200
2022-06-06 01:00:00,14556.2,14556.2,14556.2,29991200,29991200,29991200
2022-06-06 05:00:00,14616.8,14616.8,14616.8,29991200,29991200,29991200
2022-06-06 09:00:00,14653.1,14653.1,14653.1,29991200,29991200,29991200
2022-06-06 13:00:00,14628.1,14628.1,14628.1,29991200,29991200,29991200
2022-06-06 17:00:00,14622.8,14622.8,14622.8,29991200,29991200,29991200
2022-06-06 21:00:00,14572.9,14572.9,14572.9,29991200,29991200,29991200
2022-06-07 01:00:00,14540.9,14540.9,14540.9,29991200,29991200,29991200
2022-06-07 05:00:00,14538.1,14538.1,14538.1,29991200,29991200,29991200
2022-06-07 09:00:00,14471.5,14471.5,14471.5,29991200,29991200,29991200
2022-06-07 13:00:00,14569.6,14569.6,14569.6,29991200,29991200,29991200
2022-06-07 17:00:00,14577.1,14577.1,14577.1,29991200,29991200,29991200
2022-06-07 21:00:00,14610.3,14610.3,14610.3,29991200,29991200,29991200
2022-06-08 01:00:00,14584.3,14584.3,14584.3,29991200,29991200,29991200
2022-06-08 05:00:00,14529.0,14529.0,14529.0,29991200,29991200,29991200
2022-06-08 09:00:00,14436.5,14436.5,14436.5,29991200,29991200,29991200
2022-06-08 13:00:00,14412.3,14412.3,14412.3,29991200,29991200,29991200
2022-06-08 17:00:00,14384.2,14384.2,14384.2,29991200,29991200,29991200
2022-06-08 21:00:00,14355.5,14355.5,14355.5,29991200,29991200,29991200
2022-06-09 01:00:00,14361.9,14361.9,14361.9,29991200,29991200,29991200
2022-06-09 05:00:00,14385.7,14385.7,14385.7,29991200,29991200,29991200
2022-06-09 09:00:00,14209.6,14209.6,14209.6,29991200,29991200,29991200
2022-06-09 13:00:00,14225.3,14225.3,14225.3,29991200,29991200,29991200
2022-06-09 17:00:00,14117.1,14117.1,14117.1,29991200,29991200,29991200
2022-06-09 21:00:00,14078.1,14078.1,14078.1,29991200,29991200,29991200
2022-06-10 01:00:00,14070.0,14070.0,14070.0,29991200,29991200,29991200
2022-06-10 05:00:00,13960.3,13960.3,13960.3,29991200,29991200,29991200
2022-06-10 09:00:00,13901.8,13901.8,13901.8,29991200,29991200,29991200
2022-06-10 13:00:00,13788.3,13788.3,13788.3,29991200,29991200,29991200
2022-06-10 17:00:00,13801.7,13801.7,13801.7,29991200,29991200,29991200
2022-06-12 21:00:00,13560.9,13560.9,13560.9,29991200,29991200,29991200
2022-06-13 01:00:00,13536.3,13536.3,13536.3,29991200,29991200,29991200
2022-06-13 05:00:00,13441.0,13441.0,13441.0,29991200,29991200,29991200
2022-06-13 09:00:00,13460.5,13460.5,13460.5,29991200,29991200,29991200
2022-06-13 13:00:00,13475.4,13475.4,13475.4,29991200,29991200,29991200
2022-06-13 17:00:00,13461.6,13461.6,13461.6,29991200,29991200,29991200
2022-06-13 21:00:00,13491.6,13491.6,13491.6,29991200,29991200,29991200
2022-06-14 01:00:00,13528.0,13528.0,13528.0,29991200,29991200,29991200
2022-06-14 05:00:00,13422.4,13422.4,13422.4,29991200,29991200,29991200
2022-06-14 09:00:00,13426.5,13426.5,13426.5,29991200,29991200,29991200
2022-06-14 13:00:00,13278.5,13278.5,13278.5,29991200,29991200,29991200
2022-06-14 17:00:00,13314.7,13314.7,13314.7,29991200,29991200,29991200
2022-06-14 21:00:00,13320.7,13320.7,13320.7,29991200,29991200,29991200
2022-06-15 01:00:00,13342.1,13342.1,13342.1,29991200,29991200,29991200
2022-06-15 05:00:00,13476.5,13476.5,13476.5,29991200,29991200,29991200
2022-06-15 09:00:00,13508.6,13508.6,13508.6,29991200,29991200,29991200
2022-06-15 13:00:00,13462.8,13462.8,13462.8,29991200,29991200,29991200
2022-06-15 17:00:00,13543.4,13543.4,13543.4,29991200,29991200,29991200
2022-06-15 21:00:00,13645.9,13645.9,13645.9,29991200,29991200,29991200
2022-06-16 01:00:00,13552.7,13552.7,13552.7,29991200,29991200,29991200
2022-06-16 05:00:00,13154.7,13154.7,13154.7,29991200,29991200,29991200
2022-06-16 09:00:00,13117.5,13117.5,13117.5,29991200,29991200,29991200
2022-06-16 13:00:00,13042.2,13042.2,13042.2,29991200,29991200,29991200
2022-06-16 17:00:00,13009.4,13009.4,13009.4,29991200,29991200,29991200
2022-06-16 21:00:00,13028.9,13028.9,13028.9,29991200,29991200,29991200
2022-06-17 01:00:00,13157.6,13157.6,13157.6,29991200,29991200,29991200
2022-06-17 05:00:00,13173.8,13173.8,13173.8,29991200,29991200,29991200
2022-06-17 09:00:00,13135.2,13135.2,13135.2,29991200,29991200,29991200
2022-06-17 13:00:00,13135.0,13135.0,13135.0,29991200,29991200,29991200
2022-06-17 17:00:00,13132.5,13132.5,13132.5,29991200,29991200,29991200
2022-06-19 21:00:00,13142.8,13142.8,13142.8,29991200,29991200,29991200
2022-06-20 01:00:00,13100.7,13100.7,13100.7,29991200,29991200,29991200
2022-06-20 05:00:00,13183.9,13183.9,13183.9,29991200,29991200,29991200
2022-06-20 09:00:00,13186.9,13186.9,13186.9,29991200,29991200,29991200
2022-06-20 13:00:00,13262.8,13262.8,13262.8,29991200,29991200,29991200
2022-06-20 17:00:00,13266.8,13266.8,13266.8,29991200,29991200,29991200
2022-06-20 21:00:00,13280.7,13280.7,13280.7,29991200,29991200,29991200
2022-06-21 01:00:00,13334.2,13334.2,13334.2,29991200,29991200,29991200
2022-06-21 05:00:00,13423.3,13423.3,13423.3,29991200,29991200,29991200
2022-06-21 09:00:00,13295.9,13295.9,13295.9,29991200,29991200,29991200
2022-06-21 13:00:00,13274.8,13274.8,13274.8,29991200,29991200,29991200
2022-06-21 17:00:00,13251.6,13251.6,13251.6,29991200,29991200,29991200
2022-06-21 21:00:00,13205.5,13205.5,13205.5,29991200,29991200,29991200
2022-06-22 01:00:00,13136.4,13136.4,13136.4,29991200,29991200,29991200
2022-06-22 05:00:00,12995.6,12995.6,12995.6,29991200,29991200,29991200
2022-06-22 09:00:00,13041.3,13041.3,13041.3,29991200,29991200,29991200
2022-06-22 13:00:00,13131.6,13131.6,13131.6,29991200,29991200,29991200
2022-06-22 17:00:00,13101.2,13101.2,13101.2,29991200,29991200,29991200
2022-06-22 21:00:00,13138.9,13138.9,13138.9,29991200,29991200,29991200
2022-06-23 01:00:00,13110.9,13110.9,13110.9,29991200,29991200,29991200
2022-06-23 05:00:00,12970.2,12970.2,12970.2,29991200,29991200,29991200
2022-06-23 09:00:00,12990.1,12990.1,12990.1,29991200,29991200,29991200
2022-06-23 13:00:00,12849.4,12849.4,12849.4,29991200,29991200,29991200
2022-06-23 17:00:00,12920.6,12920.6,12920.6,29991200,29991200,29991200
2022-06-23 21:00:00,12989.5,12989.5,12989.5,29991200,29991200,29991200
2022-06-24 01:00:00,13043.5,13043.5,13043.5,29991200,29991200,29991200
2022-06-24 05:00:00,12998.1,12998.1,12998.1,29991200,29991200,29991200
2022-06-24 09:00:00,13008.9,13008.9,13008.9,29991200,29991200,29991200
2022-06-24 13:00:00,13135.2,13135.2,13135.2,29991200,29991200,29991200
2022-06-24 17:00:00,13224.3,13224.3,13224.3,29991200,29991200,29991200
2022-06-26 21:00:00,13164.1,13164.1,13164.1,29991200,29991200,29991200
2022-06-27 01:00:00,13243.2,13243.2,13243.2,29991200,29991200,29991200
2022-06-27 05:00:00,13275.4,13275.4,13275.4,29991200,29991200,29991200
2022-06-27 09:00:00,13204.1,13204.1,13204.1,29991200,29991200,29991200
2022-06-27 13:00:00,13183.8,13183.8,13183.8,29991200,29991200,29991200
2022-06-27 17:00:00,13163.5,13163.5,13163.5,29991200,29991200,29991200
2022-06-27 21:00:00,13187.1,13187.1,13187.1,29991200,29991200,29991200
2022-06-28 01:00:00,13162.6,13162.6,13162.6,29991200,29991200,29991200
2022-06-28 05:00:00,13298.2,13298.2,13298.2,29991200,29991200,29991200
2022-06-28 09:00:00,13281.4,13281.4,13281.4,29991200,29991200,29991200
2022-06-28 13:00:00,13191.2,13191.2,13191.2,29991200,29991200,29991200
2022-06-28 17:00:00,13123.4,13123.4,13123.4,29991200,29991200,29991200
2022-06-28 21:00:00,13106.3,13106.3,13106.3,29991200,29991200,29991200
2022-06-29 01:00:00,13153.4,13153.4,13153.4,29991200,29991200,29991200
2022-06-29 05:00:00,13068.1,13068.1,13068.1,29991200,29991200,29991200
2022-06-29 09:00:00,13041.7,13041.7,13041.7,29991200,29991200,29991200
2022-06-29 13:00:00,13001.6,13001.6,13001.6,29991200,29991200,29991200
2022-06-29 17:00:00,13000.3,13000.3,13000.3,29991200,29991200,29991200
2022-06-29 21:00:00,12988.9,12988.9,12988.9,29991200,29991200,29991200
2022-06-30 01:00:00,12957.8,12957.8,12957.8,29991200,29991200,29991200
2022-06-30 05:00:00,12732.0,12732.0,12732.0,29991200,29991200,29991200
2022-06-30 09:00:00,12663.0,12663.0,12663.0,29991200,29991200,29991200
2022-06-30 13:00:00,12830.6,12830.6,12830.6,29991200,29991200,29991200
2022-06-30 17:00:00,12798.7,12798.7,12798.7,29991200,29991200,29991200
2022-06-30 21:00:00,12800.3,12800.3,12800.3,29991200,29991200,29991200
2022-07-01 01:00:00,12683.1,12683.1,12683.1,29991200,29991200,29991200
2022-07-01 05:00:00,12818.2,12818.2,12818.2,29991200,29991200,29991200
2022-07-01 09:00:00,12792.0,12792.0,12792.0,29991200,29991200,29991200
2022-07-01 13:00:00,12809.9,12809.9,12809.9,29991200,29991200,29991200
2022-07-01 17:00:00,12918.5,12918.5,12918.5,29991200,29991200,29991200
2022-07-03 21:00:00,12869.3,12869.3,12869.3,29991200,29991200,29991200
2022-07-04 01:00:00,12857.8,12857.8,12857.8,29991200,29991200,29991200
2022-07-04 05:00:00,12824.4,12824.4,12824.4,29991200,29991200,29991200
2022-07-04 09:00:00,12843.4,12843.4,12843.4,29991200,29991200,29991200
2022-07-04 13:00:00,12783.6,12783.6,12783.6,29991200,29991200,29991200
2022-07-04 17:00:00,12787.6,12787.6,12787.6,29991200,29991200,29991200
2022-07-04 21:00:00,12895.1,12895.1,12895.1,29991200,29991200,29991200
2022-07-05 01:00:00,12875.0,12875.0,12875.0,29991200,29991200,29991200
2022-07-05 05:00:00,12645.0,12645.0,12645.0,29991200,29991200,29991200
2022-07-05 09:00:00,12446.7,12446.7,12446.7,29991200,29991200,29991200
2022-07-05 13:00:00,12432.8,12432.8,12432.8,29991200,29991200,29991200
2022-07-05 17:00:00,12553.2,12553.2,12553.2,29991200,29991200,29991200
2022-07-05 21:00:00,12614.3,12614.3,12614.3,29991200,29991200,29991200
2022-07-06 01:00:00,12568.7,12568.7,12568.7,29991200,29991200,29991200
2022-07-06 05:00:00,12542.7,12542.7,12542.7,29991200,29991200,29991200
2022-07-06 09:00:00,12563.2,12563.2,12563.2,29991200,29991200,29991200
2022-07-06 13:00:00,12600.4,12600.4,12600.4,29991200,29991200,29991200
2022-07-06 17:00:00,12661.0,12661.0,12661.0,29991200,29991200,29991200
2022-07-06 21:00:00,12644.8,12644.8,12644.8,29991200,29991200,29991200
2022-07-07 01:00:00,12717.3,12717.3,12717.3,29991200,29991200,29991200
2022-07-07 05:00:00,12788.9,12788.9,12788.9,29991200,29991200,29991200
2022-07-07 09:00:00,12820.7,12820.7,12820.7,29991200,29991200,29991200
2022-07-07 13:00:00,12850.8,12850.8,12850.8,29991200,29991200,29991200
2022-07-07 17:00:00,12851.3,12851.3,12851.3,29991200,29991200,29991200
2022-07-07 21:00:00,12877.7,12877.7,12877.7,29991200,29991200,29991200
2022-07-08 01:00:00,12848.6,12848.6,12848.6,29991200,29991200,29991200
2022-07-08 05:00:00,12799.1,12799.1,12799.1,29991200,29991200,29991200
2022-07-08 09:00:00,12917.6,12917.6,12917.6,29991200,29991200,29991200
2022-07-08 13:00:00,12937.6,12937.6,12937.6,29991200,29991200,29991200
2022-07-08 17:00:00,12971.1,12971.1,12971.1,29991200,29991200,29991200
2022-07-10 21:00:00,12961.7,12961.7,12961.7,29991200,29991200,29991200
2022-07-11 01:00:00,12858.5,12858.5,12858.5,29991200,29991200,29991200
2022-07-11 05:00:00,12896.6,12896.6,12896.6,29991200,29991200,29991200
2022-07-11 09:00:00,12881.7,12881.7,12881.7,29991200,29991200,29991200
2022-07-11 13:00:00,12871.9,12871.9,12871.9,29991200,29991200,29991200
2022-07-11 17:00:00,12850.5,12850.5,12850.5,29991200,29991200,29991200
2022-07-11 21:00:00,12761.6,12761.6,12761.6,29991200,29991200,29991200
2022-07-12 01:00:00,12741.0,12741.0,12741.0,29991200,29991200,29991200
2022-07-12 05:00:00,12760.0,12760.0,12760.0,29991200,29991200,29991200
2022-07-12 09:00:00,12744.9,12744.9,12744.9,29991200,29991200,29991200
2022-07-12 13:00:00,12924.0,12924.0,12924.0,29991200,29991200,29991200
2022-07-12 17:00:00,12813.0,12813.0,12813.0,29991200,29991200,29991200
2022-07-12 21:00:00,12845.8,12845.8,12845.8,29991200,29991200,29991200
2022-07-13 01:00:00,12842.7,12842.7,12842.7,29991200,29991200,29991200
2022-07-13 05:00:00,12820.4,12820.4,12820.4,29991200,29991200,29991200
2022-07-13 09:00:00,12717.5,12717.5,12717.5,29991200,29991200,29991200
2022-07-13 13:00:00,12797.8,12797.8,12797.8,29991200,29991200,29991200
2022-07-13 17:00:00,12762.1,12762.1,12762.1,29991200,29991200,29991200
2022-07-13 21:00:00,12722.6,12722.6,12722.6,29991200,29991200,29991200
2022-07-14 01:00:00,12791.1,12791.1,12791.1,29991200,29991200,29991200
2022-07-14 05:00:00,12656.1,12656.1,12656.1,29991200,29991200,29991200
2022-07-14 09:00:00,12537.9,12537.9,12537.9,29991200,29991200,29991200
2022-07-14 13:00:00,12497.8,12497.8,12497.8,29991200,29991200,29991200
2022-07-14 17:00:00,12604.0,12604.0,12604.0,29991200,29991200,29991200
2022-07-14 21:00:00,12589.8,12589.8,12589.8,29991200,29991200,29991200
2022-07-15 01:00:00,12641.3,12641.3,12641.3,29991200,29991200,29991200
2022-07-15 05:00:00,12736.6,12736.6,12736.6,29991200,29991200,29991200
2022-07-15 09:00:00,12738.1,12738.1,12738.1,29991200,29991200,29991200
2022-07-15 13:00:00,12813.5,12813.5,12813.5,29991200,29991200,29991200
2022-07-15 17:00:00,12843.0,12843.0,12843.0,29991200,29991200,29991200
2022-07-17 21:00:00,12840.0,12840.0,12840.0,29991200,29991200,29991200
2022-07-18 01:00:00,12928.0,12928.0,12928.0,29991200,29991200,29991200
2022-07-18 05:00:00,13060.1,13060.1,13060.1,29991200,29991200,29991200
2022-07-18 09:00:00,12968.4,12968.4,12968.4,29991200,29991200,29991200
2022-07-18 13:00:00,12947.0,12947.0,12947.0,29991200,29991200,29991200
2022-07-18 17:00:00,12878.1,12878.1,12878.1,29991200,29991200,29991200
2022-07-18 21:00:00,12867.3,12867.3,12867.3,29991200,29991200,29991200
2022-07-19 01:00:00,12848.7,12848.7,12848.7,29991200,29991200,29991200
2022-07-19 05:00:00,12893.1,12893.1,12893.1,29991200,29991200,29991200
2022-07-19 09:00:00,13029.0,13029.0,13029.0,29991200,29991200,29991200
2022-07-19 13:00:00,13282.6,13282.6,13282.6,29991200,29991200,29991200
2022-07-19 17:00:00,13357.5,13357.5,13357.5,29991200,29991200,29991200
2022-07-19 21:00:00,13393.0,13393.0,13393.0,29991200,29991200,29991200
2022-07-20 01:00:00,13408.5,13408.5,13408.5,29991200,29991200,29991200
2022-07-20 05:00:00,13324.4,13324.4,13324.4,29991200,29991200,29991200
2022-07-20 09:00:00,13211.6,13211.6,13211.6,29991200,29991200,29991200
2022-07-20 13:00:00,13231.1,13231.1,13231.1,29991200,29991200,29991200
2022-07-20 17:00:00,13180.3,13180.3,13180.3,29991200,29991200,29991200
2022-07-20 21:00:00,13220.9,13220.9,13220.9,29991200,29991200,29991200
2022-07-21 01:00:00,13273.4,13273.4,13273.4,29991200,29991200,29991200
2022-07-21 05:00:00,13193.4,13193.4,13193.4,29991200,29991200,29991200
2022-07-21 09:00:00,13231.3,13231.3,13231.3,29991200,29991200,29991200
2022-07-21 13:00:00,13253.2,13253.2,13253.2,29991200,29991200,29991200
2022-07-21 17:00:00,13207.5,13207.5,13207.5,29991200,29991200,29991200
2022-07-21 21:00:00,13220.0,13220.0,13220.0,29991200,29991200,29991200
2022-07-22 01:00:00,13204.0,13204.0,13204.0,29991200,29991200,29991200
2022-07-22 05:00:00,13258.4,13258.4,13258.4,29991200,29991200,29991200
2022-07-22 09:00:00,13313.4,13313.4,13313.4,29991200,29991200,29991200
2022-07-22 13:00:00,13206.5,13206.5,13206.5,29991200,29991200,29991200
2022-07-22 17:00:00,13173.9,13173.9,13173.9,29991200,29991200,29991200
2022-07-24 21:00:00,13152.4,13152.4,13152.4,29991200,29991200,29991200
2022-07-25 01:00:00,13171.9,13171.9,13171.9,29991200,29991200,29991200
2022-07-25 05:00:00,13241.7,13241.7,13241.7,29991200,29991200,29991200
2022-07-25 09:00:00,13302.8,13302.8,13302.8,29991200,29991200,29991200
2022-07-25 13:00:00,13235.1,13235.1,13235.1,29991200,29991200,29991200
2022-07-25 17:00:00,13201.5,13201.5,13201.5,29991200,29991200,29991200
2022-07-25 21:00:00,13165.4,13165.4,13165.4,29991200,29991200,29991200
2022-07-26 01:00:00,13188.4,13188.4,13188.4,29991200,29991200,29991200
2022-07-26 05:00:00,13163.9,13163.9,13163.9,29991200,29991200,29991200
2022-07-26 09:00:00,13119.7,13119.7,13119.7,29991200,29991200,29991200
2022-07-26 13:00:00,13106.5,13106.5,13106.5,29991200,29991200,29991200
2022-07-26 17:00:00,13117.5,13117.5,13117.5,29991200,29991200,29991200
2022-07-26 21:00:00,13154.3,13154.3,13154.3,29991200,29991200,29991200
2022-07-27 01:00:00,13170.3,13170.3,13170.3,29991200,29991200,29991200
2022-07-27 05:00:00,13107.2,13107.2,13107.2,29991200,29991200,29991200
2022-07-27 09:00:00,13179.4,13179.4,13179.4,29991200,29991200,29991200
2022-07-27 13:00:00,13124.0,13124.0,13124.0,29991200,29991200,29991200
2022-07-27 17:00:00,13226.7,13226.7,13226.7,29991200,29991200,29991200
2022-07-27 21:00:00,13201.4,13201.4,13201.4,29991200,29991200,29991200
2022-07-28 01:00:00,13222.9,13222.9,13222.9,29991200,29991200,29991200
2022-07-28 05:00:00,13115.7,13115.7,13115.7,29991200,29991200,29991200
2022-07-28 09:00:00,13161.5,13161.5,13161.5,29991200,29991200,29991200
2022-07-28 13:00:00,13290.4,13290.4,13290.4,29991200,29991200,29991200
2022-07-28 17:00:00,13438.2,13438.2,13438.2,29991200,29991200,29991200
2022-07-28 21:00:00,13386.8,13386.8,13386.8,29991200,29991200,29991200
2022-07-29 01:00:00,13351.7,13351.7,13351.7,29991200,29991200,29991200
2022-07-29 05:00:00,13385.1,13385.1,13385.1,29991200,29991200,29991200
2022-07-29 09:00:00,13438.9,13438.9,13438.9,29991200,29991200,29991200
2022-07-29 13:00:00,13494.2,13494.2,13494.2,29991200,29991200,29991200
2022-07-29 17:00:00,13543.7,13543.7,13543.7,29991200,29991200,29991200
2022-07-31 21:00:00,13487.3,13487.3,13487.3,29991200,29991200,29991200
2022-08-01 01:00:00,13446.3,13446.3,13446.3,29991200,29991200,29991200
2022-08-01 05:00:00,13522.4,13522.4,13522.4,29991200,29991200,29991200
2022-08-01 09:00:00,13490.0,13490.0,13490.0,29991200,29991200,29991200
2022-08-01 13:00:00,13467.3,13467.3,13467.3,29991200,29991200,29991200
2022-08-01 17:00:00,13485.8,13485.8,13485.8,29991200,29991200,29991200
2022-08-01 21:00:00,13424.1,13424.1,13424.1,29991200,29991200,29991200
2022-08-02 01:00:00,13431.6,13431.6,13431.6,29991200,29991200,29991200
2022-08-02 05:00:00,13391.0,13391.0,13391.0,29991200,29991200,29991200
2022-08-02 09:00:00,13419.4,13419.4,13419.4,29991200,29991200,29991200
2022-08-02 13:00:00,13503.5,13503.5,13503.5,29991200,29991200,29991200
2022-08-02 17:00:00,13422.5,13422.5,13422.5,29991200,29991200,29991200
2022-08-02 21:00:00,13406.2,13406.2,13406.2,29991200,29991200,29991200
2022-08-03 01:00:00,13435.2,13435.2,13435.2,29991200,29991200,29991200
2022-08-03 05:00:00,13447.3,13447.3,13447.3,29991200,29991200,29991200
2022-08-03 09:00:00,13509.3,13509.3,13509.3,29991200,29991200,29991200
2022-08-03 13:00:00,13618.3,13618.3,13618.3,29991200,29991200,29991200
2022-08-03 17:00:00,13607.3,13607.3,13607.3,29991200,29991200,29991200
2022-08-03 21:00:00,13649.7,13649.7,13649.7,29991200,29991200,29991200
2022-08-04 01:00:00,13637.6,13637.6,13637.6,29991200,29991200,29991200
2022-08-04 05:00:00,13691.5,13691.5,13691.5,29991200,29991200,29991200
2022-08-04 09:00:00,13723.5,13723.5,13723.5,29991200,29991200,29991200
2022-08-04 13:00:00,13640.3,13640.3,13640.3,29991200,29991200,29991200
2022-08-04 17:00:00,13648.6,13648.6,13648.6,29991200,29991200,29991200
2022-08-04 21:00:00,13655.6,13655.6,13655.6,29991200,29991200,29991200
2022-08-05 01:00:00,13681.6,13681.6,13681.6,29991200,29991200,29991200
2022-08-05 05:00:00,13639.1,13639.1,13639.1,29991200,29991200,29991200
2022-08-05 09:00:00,13589.9,13589.9,13589.9,29991200,29991200,29991200
2022-08-05 13:00:00,13606.5,13606.5,13606.5,29991200,29991200,29991200
2022-08-05 17:00:00,13627.0,13627.0,13627.0,29991200,29991200,29991200
2022-08-07 21:00:00,13615.0,13615.0,13615.0,29991200,29991200,29991200
2022-08-08 01:00:00,13630.0,13630.0,13630.0,29991200,29991200,29991200
2022-08-08 05:00:00,13615.2,13615.2,13615.2,29991200,29991200,29991200
2022-08-08 09:00:00,13716.9,13716.9,13716.9,29991200,29991200,29991200
2022-08-08 13:00:00,13647.9,13647.9,13647.9,29991200,29991200,29991200
2022-08-08 17:00:00,13664.0,13664.0,13664.0,29991200,29991200,29991200
2022-08-08 21:00:00,13661.7,13661.7,13661.7,29991200,29991200,29991200
2022-08-09 01:00:00,13656.2,13656.2,13656.2,29991200,29991200,29991200
2022-08-09 05:00:00,13632.9,13632.9,13632.9,29991200,29991200,29991200
2022-08-09 09:00:00,13549.1,13549.1,13549.1,29991200,29991200,29991200
2022-08-09 13:00:00,13523.5,13523.5,13523.5,29991200,29991200,29991200
2022-08-09 17:00:00,13540.4,13540.4,13540.4,29991200,29991200,29991200
2022-08-09 21:00:00,13520.3,13520.3,13520.3,29991200,29991200,29991200
2022-08-10 01:00:00,13518.8,13518.8,13518.8,29991200,29991200,29991200
2022-08-10 05:00:00,13574.6,13574.6,13574.6,29991200,29991200,29991200
2022-08-10 09:00:00,13671.6,13671.6,13671.6,29991200,29991200,29991200
2022-08-10 13:00:00,13689.3,13689.3,13689.3,29991200,29991200,29991200
2022-08-10 17:00:00,13720.8,13720.8,13720.8,29991200,29991200,29991200
2022-08-10 21:00:00,13756.7,13756.7,13756.7,29991200,29991200,29991200
2022-08-11 01:00:00,13765.7,13765.7,13765.7,29991200,29991200,29991200
2022-08-11 05:00:00,13689.9,13689.9,13689.9,29991200,29991200,29991200
2022-08-11 09:00:00,13735.5,13735.5,13735.5,29991200,29991200,29991200
2022-08-11 13:00:00,13698.1,13698.1,13698.1,29991200,29991200,29991200
2022-08-11 17:00:00,13684.7,13684.7,13684.7,29991200,29991200,29991200
2022-08-11 21:00:00,13663.9,13663.9,13663.9,29991200,29991200,29991200
2022-08-12 01:00:00,13677.4,13677.4,13677.4,29991200,29991200,29991200
2022-08-12 05:00:00,13755.5,13755.5,13755.5,29991200,29991200,29991200
2022-08-12 09:00:00,13785.7,13785.7,13785.7,29991200,29991200,29991200
2022-08-12 13:00:00,13825.4,13825.4,13825.4,29991200,29991200,29991200
2022-08-12 17:00:00,13878.4,13878.4,13878.4,29991200,29991200,29991200
2022-08-14 21:00:00,13851.5,13851.5,13851.5,29991200,29991200,29991200
2022-08-15 01:00:00,13848.4,13848.4,13848.4,29991200,29991200,29991200
2022-08-15 05:00:00,13795.2,13795.2,13795.2,29991200,29991200,29991200
2022-08-15 09:00:00,13743.1,13743.1,13743.1,29991200,29991200,29991200
2022-08-15 13:00:00,13860.6,13860.6,13860.6,29991200,29991200,29991200
2022-08-15 17:00:00,13843.6,13843.6,13843.6,29991200,29991200,29991200
2022-08-15 21:00:00,13841.9,13841.9,13841.9,29991200,29991200,29991200
2022-08-16 01:00:00,13848.4,13848.4,13848.4,29991200,29991200,29991200
2022-08-16 05:00:00,13930.6,13930.6,13930.6,29991200,29991200,29991200
2022-08-16 09:00:00,13841.2,13841.2,13841.2,29991200,29991200,29991200
2022-08-16 13:00:00,13915.1,13915.1,13915.1,29991200,29991200,29991200
2022-08-16 17:00:00,13945.0,13945.0,13945.0,29991200,29991200,29991200
2022-08-16 21:00:00,13942.5,13942.5,13942.5,29991200,29991200,29991200
2022-08-17 01:00:00,13952.5,13952.5,13952.5,29991200,29991200,29991200
2022-08-17 05:00:00,13850.6,13850.6,13850.6,29991200,29991200,29991200
2022-08-17 09:00:00,13690.3,13690.3,13690.3,29991200,29991200,29991200
2022-08-17 13:00:00,13669.9,13669.9,13669.9,29991200,29991200,29991200
2022-08-17 17:00:00,13670.1,13670.1,13670.1,29991200,29991200,29991200
2022-08-17 21:00:00,13636.2,13636.2,13636.2,29991200,29991200,29991200
2022-08-18 01:00:00,13636.2,13636.2,13636.2,29991200,29991200,29991200
2022-08-18 05:00:00,13678.0,13678.0,13678.0,29991200,29991200,29991200
2022-08-18 09:00:00,13699.1,13699.1,13699.1,29991200,29991200,29991200
2022-08-18 13:00:00,13677.4,13677.4,13677.4,29991200,29991200,29991200
2022-08-18 17:00:00,13698.3,13698.3,13698.3,29991200,29991200,29991200
2022-08-18 21:00:00,13666.2,13666.2,13666.2,29991200,29991200,29991200
2022-08-19 01:00:00,13642.7,13642.7,13642.7,29991200,29991200,29991200
2022-08-19 05:00:00,13590.4,13590.4,13590.4,29991200,29991200,29991200
2022-08-19 09:00:00,13614.8,13614.8,13614.8,29991200,29991200,29991200
2022-08-19 13:00:00,13562.9,13562.9,13562.9,29991200,29991200,29991200
2022-08-19 17:00:00,13539.4,13539.4,13539.4,29991200,29991200,29991200
2022-08-21 21:00:00,13485.9,13485.9,13485.9,29991200,29991200,29991200
2022-08-22 01:00:00,13495.8,13495.8,13495.8,29991200,29991200,29991200
2022-08-22 05:00:00,13308.0,13308.0,13308.0,29991200,29991200,29991200
2022-08-22 09:00:00,13249.5,13249.5,13249.5,29991200,29991200,29991200
2022-08-22 13:00:00,13245.4,13245.4,13245.4,29991200,29991200,29991200
2022-08-22 17:00:00,13213.9,13213.9,13213.9,29991200,29991200,29991200
2022-08-22 21:00:00,13221.2,13221.2,13221.2,29991200,29991200,29991200
2022-08-23 01:00:00,13213.7,13213.7,13213.7,29991200,29991200,29991200
2022-08-23 05:00:00,13255.0,13255.0,13255.0,29991200,29991200,29991200
2022-08-23 09:00:00,13208.0,13208.0,13208.0,29991200,29991200,29991200
2022-08-23 13:00:00,13210.2,13210.2,13210.2,29991200,29991200,29991200
2022-08-23 17:00:00,13140.2,13140.2,13140.2,29991200,29991200,29991200
2022-08-23 21:00:00,13132.0,13132.0,13132.0,29991200,29991200,29991200
2022-08-24 01:00:00,13135.5,13135.5,13135.5,29991200,29991200,29991200
2022-08-24 05:00:00,13187.6,13187.6,13187.6,29991200,29991200,29991200
2022-08-24 09:00:00,13192.6,13192.6,13192.6,29991200,29991200,29991200
2022-08-24 13:00:00,13187.5,13187.5,13187.5,29991200,29991200,29991200
2022-08-24 17:00:00,13202.5,13202.5,13202.5,29991200,29991200,29991200
2022-08-24 21:00:00,13213.4,13213.4,13213.4,29991200,29991200,29991200
2022-08-25 01:00:00,13269.9,13269.9,13269.9,29991200,29991200,29991200
2022-08-25 05:00:00,13306.0,13306.0,13306.0,29991200,29991200,29991200
2022-08-25 09:00:00,13232.8,13232.8,13232.8,29991200,29991200,29991200
2022-08-25 13:00:00,13275.7,13275.7,13275.7,29991200,29991200,29991200
2022-08-25 17:00:00,13319.8,13319.8,13319.8,29991200,29991200,29991200
2022-08-25 21:00:00,13333.6,13333.6,13333.6,29991200,29991200,29991200
2022-08-26 01:00:00,13319.5,13319.5,13319.5,29991200,29991200,29991200
2022-08-26 05:00:00,13266.5,13266.5,13266.5,29991200,29991200,29991200
2022-08-26 09:00:00,13287.4,13287.4,13287.4,29991200,29991200,29991200
2022-08-26 13:00:00,12973.3,12973.3,12973.3,29991200,29991200,29991200
2022-08-26 17:00:00,12877.7,12877.7,12877.7,29991200,29991200,29991200
2022-08-28 21:00:00,12726.2,12726.2,12726.2,29991200,29991200,29991200
2022-08-29 01:00:00,12771.2,12771.2,12771.2,29991200,29991200,29991200
2022-08-29 05:00:00,12771.9,12771.9,12771.9,29991200,29991200,29991200
2022-08-29 09:00:00,12854.6,12854.6,12854.6,29991200,29991200,29991200
2022-08-29 13:00:00,12933.1,12933.1,12933.1,29991200,29991200,29991200
2022-08-29 17:00:00,12922.2,12922.2,12922.2,29991200,29991200,29991200
2022-08-29 21:00:00,12918.9,12918.9,12918.9,29991200,29991200,29991200
2022-08-30 01:00:00,12965.9,12965.9,12965.9,29991200,29991200,29991200
2022-08-30 05:00:00,13083.9,13083.9,13083.9,29991200,29991200,29991200
2022-08-30 09:00:00,13067.1,13067.1,13067.1,29991200,29991200,29991200
2022-08-30 13:00:00,12924.0,12924.0,12924.0,29991200,29991200,29991200
2022-08-30 17:00:00,12927.0,12927.0,12927.0,29991200,29991200,29991200
2022-08-30 21:00:00,12967.9,12967.9,12967.9,29991200,29991200,29991200
2022-08-31 01:00:00,13025.9,13025.9,13025.9,29991200,29991200,29991200
2022-08-31 05:00:00,12918.6,12918.6,12918.6,29991200,29991200,29991200
2022-08-31 09:00:00,12960.3,12960.3,12960.3,29991200,29991200,29991200
2022-08-31 13:00:00,12843.0,12843.0,12843.0,29991200,29991200,29991200
2022-08-31 17:00:00,12829.7,12829.7,12829.7,29991200,29991200,29991200
2022-08-31 21:00:00,12750.8,12750.8,12750.8,29991200,29991200,29991200
2022-09-01 01:00:00,12755.2,12755.2,12755.2,29991200,29991200,29991200
2022-09-01 05:00:00,12627.3,12627.3,12627.3,29991200,29991200,29991200
2022-09-01 09:00:00,12684.7,12684.7,12684.7,29991200,29991200,29991200
2022-09-01 13:00:00,12644.4,12644.4,12644.4,29991200,29991200,29991200
2022-09-01 17:00:00,12780.9,12780.9,12780.9,29991200,29991200,29991200
2022-09-01 21:00:00,12773.3,12773.3,12773.3,29991200,29991200,29991200
2022-09-02 01:00:00,12786.7,12786.7,12786.7,29991200,29991200,29991200
2022-09-02 05:00:00,12822.0,12822.0,12822.0,29991200,29991200,29991200
2022-09-02 09:00:00,12898.8,12898.8,12898.8,29991200,29991200,29991200
2022-09-02 13:00:00,12792.5,12792.5,12792.5,29991200,29991200,29991200
2022-09-02 17:00:00,12680.0,12680.0,12680.0,29991200,29991200,29991200
2022-09-04 21:00:00,12618.7,12618.7,12618.7,29991200,29991200,29991200
2022-09-05 01:00:00,12638.2,12638.2,12638.2,29991200,29991200,29991200
2022-09-05 05:00:00,12717.6,12717.6,12717.6,29991200,29991200,29991200
2022-09-05 09:00:00,12756.8,12756.8,12756.8,29991200,29991200,29991200
2022-09-05 13:00:00,12756.4,12756.4,12756.4,29991200,29991200,29991200
2022-09-05 17:00:00,12741.9,12741.9,12741.9,29991200,29991200,29991200
2022-09-05 21:00:00,12821.2,12821.2,12821.2,29991200,29991200,29991200
2022-09-06 01:00:00,12750.2,12750.2,12750.2,29991200,29991200,29991200
2022-09-06 05:00:00,12822.7,12822.7,12822.7,29991200,29991200,29991200
2022-09-06 09:00:00,12894.1,12894.1,12894.1,29991200,29991200,29991200
2022-09-06 13:00:00,12839.9,12839.9,12839.9,29991200,29991200,29991200
2022-09-06 17:00:00,12800.0,12800.0,12800.0,29991200,29991200,29991200
2022-09-06 21:00:00,12717.2,12717.2,12717.2,29991200,29991200,29991200
2022-09-07 01:00:00,12730.2,12730.2,12730.2,29991200,29991200,29991200
2022-09-07 05:00:00,12865.1,12865.1,12865.1,29991200,29991200,29991200
2022-09-07 09:00:00,12795.2,12795.2,12795.2,29991200,29991200,29991200
2022-09-07 13:00:00,12907.8,12907.8,12907.8,29991200,29991200,29991200
2022-09-07 17:00:00,12982.7,12982.7,12982.7,29991200,29991200,29991200
2022-09-07 21:00:00,12976.7,12976.7,12976.7,29991200,29991200,29991200
2022-09-08 01:00:00,12995.2,12995.2,12995.2,29991200,29991200,29991200
2022-09-08 05:00:00,12925.2,12925.2,12925.2,29991200,29991200,29991200
2022-09-08 09:00:00,12729.5,12729.5,12729.5,29991200,29991200,29991200
2022-09-08 13:00:00,12808.5,12808.5,12808.5,29991200,29991200,29991200
2022-09-08 17:00:00,12870.3,12870.3,12870.3,29991200,29991200,29991200
2022-09-08 21:00:00,12896.8,12896.8,12896.8,29991200,29991200,29991200
2022-09-09 01:00:00,12930.8,12930.8,12930.8,29991200,29991200,29991200
2022-09-09 05:00:00,13110.4,13110.4,13110.4,29991200,29991200,29991200
2022-09-09 09:00:00,13104.2,13104.2,13104.2,29991200,29991200,29991200
2022-09-09 13:00:00,13084.4,13084.4,13084.4,29991200,29991200,29991200
2022-09-09 17:00:00,13133.9,13133.9,13133.9,29991200,29991200,29991200
2022-09-11 21:00:00,13185.1,13185.1,13185.1,29991200,29991200,29991200
2022-09-12 01:00:00,13167.6,13167.6,13167.6,29991200,29991200,29991200
2022-09-12 05:00:00,13305.4,13305.4,13305.4,29991200,29991200,29991200
2022-09-12 09:00:00,13324.6,13324.6,13324.6,29991200,29991200,29991200
2022-09-12 13:00:00,13398.0,13398.0,13398.0,29991200,29991200,29991200
2022-09-12 17:00:00,13427.1,13427.1,13427.1,29991200,29991200,29991200
2022-09-12 21:00:00,13410.0,13410.0,13410.0,29991200,29991200,29991200
2022-09-13 01:00:00,13379.1,13379.1,13379.1,29991200,29991200,29991200
2022-09-13 05:00:00,13429.1,13429.1,13429.1,29991200,29991200,29991200
2022-09-13 09:00:00,13295.0,13295.0,13295.0,29991200,29991200,29991200
2022-09-13 13:00:00,13215.5,13215.5,13215.5,29991200,29991200,29991200
2022-09-13 17:00:00,13086.3,13086.3,13086.3,29991200,29991200,29991200
2022-09-13 21:00:00,13064.2,13064.2,13064.2,29991200,29991200,29991200
2022-09-14 01:00:00,13087.1,13087.1,13087.1,29991200,29991200,29991200
2022-09-14 05:00:00,13170.9,13170.9,13170.9,29991200,29991200,29991200
2022-09-14 09:00:00,13040.9,13040.9,13040.9,29991200,29991200,29991200
2022-09-14 13:00:00,13085.5,13085.5,13085.5,29991200,29991200,29991200
2022-09-14 17:00:00,13094.8,13094.8,13094.8,29991200,29991200,29991200
2022-09-14 21:00:00,13064.5,13064.5,13064.5,29991200,29991200,29991200
2022-09-15 01:00:00,13044.5,13044.5,13044.5,29991200,29991200,29991200
2022-09-15 05:00:00,13065.4,13065.4,13065.4,29991200,29991200,29991200
2022-09-15 09:00:00,12990.7,12990.7,12990.7,29991200,29991200,29991200
2022-09-15 13:00:00,12973.7,12973.7,12973.7,29991200,29991200,29991200
2022-09-15 17:00:00,12901.2,12901.2,12901.2,29991200,29991200,29991200
2022-09-15 21:00:00,12871.3,12871.3,12871.3,29991200,29991200,29991200
2022-09-16 01:00:00,12853.9,12853.9,12853.9,29991200,29991200,29991200
2022-09-16 05:00:00,12712.0,12712.0,12712.0,29991200,29991200,29991200
2022-09-16 09:00:00,12720.2,12720.2,12720.2,29991200,29991200,29991200
2022-09-16 13:00:00,12727.1,12727.1,12727.1,29991200,29991200,29991200
2022-09-16 17:00:00,12781.5,12781.5,12781.5,29991200,29991200,29991200
2022-09-18 21:00:00,12790.4,12790.4,12790.4,29991200,29991200,29991200
2022-09-19 01:00:00,12766.5,12766.5,12766.5,29991200,29991200,29991200
2022-09-19 05:00:00,12651.8,12651.8,12651.8,29991200,29991200,29991200
2022-09-19 09:00:00,12693.9,12693.9,12693.9,29991200,29991200,29991200
2022-09-19 13:00:00,12837.8,12837.8,12837.8,29991200,29991200,29991200
2022-09-19 17:00:00,12881.4,12881.4,12881.4,29991200,29991200,29991200
2022-09-19 21:00:00,12889.2,12889.2,12889.2,29991200,29991200,29991200
2022-09-20 01:00:00,12886.3,12886.3,12886.3,29991200,29991200,29991200
2022-09-20 05:00:00,12750.8,12750.8,12750.8,29991200,29991200,29991200
2022-09-20 09:00:00,12696.6,12696.6,12696.6,29991200,29991200,29991200
2022-09-20 13:00:00,12649.4,12649.4,12649.4,29991200,29991200,29991200
2022-09-20 17:00:00,12643.8,12643.8,12643.8,29991200,29991200,29991200
2022-09-20 21:00:00,12639.3,12639.3,12639.3,29991200,29991200,29991200
2022-09-21 01:00:00,12624.9,12624.9,12624.9,29991200,29991200,29991200
2022-09-21 05:00:00,12643.4,12643.4,12643.4,29991200,29991200,29991200
2022-09-21 09:00:00,12683.0,12683.0,12683.0,29991200,29991200,29991200
2022-09-21 13:00:00,12768.9,12768.9,12768.9,29991200,29991200,29991200
2022-09-21 17:00:00,12573.8,12573.8,12573.8,29991200,29991200,29991200
2022-09-21 21:00:00,12487.8,12487.8,12487.8,29991200,29991200,29991200
2022-09-22 01:00:00,12516.3,12516.3,12516.3,29991200,29991200,29991200
2022-09-22 05:00:00,12745.6,12745.6,12745.6,29991200,29991200,29991200
2022-09-22 09:00:00,12705.9,12705.9,12705.9,29991200,29991200,29991200
2022-09-22 13:00:00,12574.6,12574.6,12574.6,29991200,29991200,29991200
2022-09-22 17:00:00,12591.6,12591.6,12591.6,29991200,29991200,29991200
2022-09-22 21:00:00,12606.5,12606.5,12606.5,29991200,29991200,29991200
2022-09-23 01:00:00,12527.2,12527.2,12527.2,29991200,29991200,29991200
2022-09-23 05:00:00,12418.0,12418.0,12418.0,29991200,29991200,29991200
2022-09-23 09:00:00,12277.8,12277.8,12277.8,29991200,29991200,29991200
2022-09-23 13:00:00,12313.7,12313.7,12313.7,29991200,29991200,29991200
2022-09-23 17:00:00,12306.8,12306.8,12306.8,29991200,29991200,29991200
2022-09-25 21:00:00,12234.3,12234.3,12234.3,29991200,29991200,29991200
2022-09-26 01:00:00,12205.3,12205.3,12205.3,29991200,29991200,29991200
2022-09-26 05:00:00,12324.3,12324.3,12324.3,29991200,29991200,29991200
2022-09-26 09:00:00,12306.2,12306.2,12306.2,29991200,29991200,29991200
2022-09-26 13:00:00,12243.6,12243.6,12243.6,29991200,29991200,29991200
2022-09-26 17:00:00,12207.0,12207.0,12207.0,29991200,29991200,29991200
2022-09-26 21:00:00,12295.5,12295.5,12295.5,29991200,29991200,29991200
2022-09-27 01:00:00,12295.5,12295.5,12295.5,29991200,29991200,29991200
2022-09-27 05:00:00,12257.1,12257.1,12257.1,29991200,29991200,29991200
2022-09-27 09:00:00,12284.1,12284.1,12284.1,29991200,29991200,29991200
2022-09-27 13:00:00,12075.3,12075.3,12075.3,29991200,29991200,29991200
2022-09-27 17:00:00,12109.3,12109.3,12109.3,29991200,29991200,29991200
2022-09-27 21:00:00,12118.2,12118.2,12118.2,29991200,29991200,29991200
2022-09-28 01:00:00,12005.4,12005.4,12005.4,29991200,29991200,29991200
2022-09-28 05:00:00,11978.5,11978.5,11978.5,29991200,29991200,29991200
2022-09-28 09:00:00,12077.4,12077.4,12077.4,29991200,29991200,29991200
2022-09-28 13:00:00,12236.0,12236.0,12236.0,29991200,29991200,29991200
2022-09-28 17:00:00,12280.0,12280.0,12280.0,29991200,29991200,29991200
2022-09-28 21:00:00,12274.4,12274.4,12274.4,29991200,29991200,29991200
2022-09-29 01:00:00,12278.9,12278.9,12278.9,29991200,29991200,29991200
2022-09-29 05:00:00,11980.7,11980.7,11980.7,29991200,29991200,29991200
2022-09-29 09:00:00,11987.0,11987.0,11987.0,29991200,29991200,29991200
2022-09-29 13:00:00,11973.2,11973.2,11973.2,29991200,29991200,29991200
2022-09-29 17:00:00,12004.6,12004.6,12004.6,29991200,29991200,29991200
2022-09-29 21:00:00,11986.2,11986.2,11986.2,29991200,29991200,29991200
2022-09-30 01:00:00,11933.3,11933.3,11933.3,29991200,29991200,29991200
2022-09-30 05:00:00,12109.4,12109.4,12109.4,29991200,29991200,29991200
2022-09-30 09:00:00,12055.4,12055.4,12055.4,29991200,29991200,29991200
2022-09-30 13:00:00,12045.7,12045.7,12045.7,29991200,29991200,29991200
2022-09-30 17:00:00,11960.3,11960.3,11960.3,29991200,29991200,29991200
2022-10-02 21:00:00,11825.9,11825.9,11825.9,29991200,29991200,29991200
2022-10-03 01:00:00,11923.3,11923.3,11923.3,29991200,29991200,29991200
2022-10-03 05:00:00,11972.7,11972.7,11972.7,29991200,29991200,29991200
2022-10-03 09:00:00,12136.2,12136.2,12136.2,29991200,29991200,29991200
2022-10-03 13:00:00,12188.1,12188.1,12188.1,29991200,29991200,29991200
2022-10-03 17:00:00,12231.7,12231.7,12231.7,29991200,29991200,29991200
2022-10-03 21:00:00,12334.4,12334.4,12334.4,29991200,29991200,29991200
2022-10-04 01:00:00,12392.3,12392.3,12392.3,29991200,29991200,29991200
2022-10-04 05:00:00,12509.1,12509.1,12509.1,29991200,29991200,29991200
2022-10-04 09:00:00,12559.2,12559.2,12559.2,29991200,29991200,29991200
2022-10-04 13:00:00,12624.0,12624.0,12624.0,29991200,29991200,29991200
2022-10-04 17:00:00,12649.8,12649.8,12649.8,29991200,29991200,29991200
2022-10-04 21:00:00,12609.5,12609.5,12609.5,29991200,29991200,29991200
2022-10-05 01:00:00,12600.5,12600.5,12600.5,29991200,29991200,29991200
2022-10-05 05:00:00,12570.2,12570.2,12570.2,29991200,29991200,29991200
2022-10-05 09:00:00,12517.9,12517.9,12517.9,29991200,29991200,29991200
2022-10-05 13:00:00,12587.5,12587.5,12587.5,29991200,29991200,29991200
2022-10-05 17:00:00,12589.6,12589.6,12589.6,29991200,29991200,29991200
2022-10-05 21:00:00,12681.3,12681.3,12681.3,29991200,29991200,29991200
2022-10-06 01:00:00,12689.3,12689.3,12689.3,29991200,29991200,29991200
2022-10-06 05:00:00,12547.0,12547.0,12547.0,29991200,29991200,29991200
2022-10-06 09:00:00,12506.6,12506.6,12506.6,29991200,29991200,29991200
2022-10-06 13:00:00,12501.1,12501.1,12501.1,29991200,29991200,29991200
2022-10-06 17:00:00,12418.2,12418.2,12418.2,29991200,29991200,29991200
2022-10-06 21:00:00,12429.7,12429.7,12429.7,29991200,29991200,29991200
2022-10-07 01:00:00,12433.7,12433.7,12433.7,29991200,29991200,29991200
2022-10-07 05:00:00,12463.2,12463.2,12463.2,29991200,29991200,29991200
2022-10-07 09:00:00,12371.6,12371.6,12371.6,29991200,29991200,29991200
2022-10-07 13:00:00,12247.2,12247.2,12247.2,29991200,29991200,29991200
2022-10-07 17:00:00,12243.8,12243.8,12243.8,29991200,29991200,29991200
2022-10-09 21:00:00,12204.2,12204.2,12204.2,29991200,29991200,29991200
2022-10-10 01:00:00,12206.2,12206.2,12206.2,29991200,29991200,29991200
2022-10-10 05:00:00,12248.3,12248.3,12248.3,29991200,29991200,29991200
2022-10-10 09:00:00,12407.0,12407.0,12407.0,29991200,29991200,29991200
2022-10-10 13:00:00,12233.9,12233.9,12233.9,29991200,29991200,29991200
2022-10-10 17:00:00,12308.8,12308.8,12308.8,29991200,29991200,29991200
2022-10-10 21:00:00,12302.3,12302.3,12302.3,29991200,29991200,29991200
2022-10-11 01:00:00,12219.5,12219.5,12219.5,29991200,29991200,29991200
2022-10-11 05:00:00,12147.8,12147.8,12147.8,29991200,29991200,29991200
2022-10-11 09:00:00,12210.0,12210.0,12210.0,29991200,29991200,29991200
2022-10-11 13:00:00,12265.0,12265.0,12265.0,29991200,29991200,29991200
2022-10-11 17:00:00,12168.5,12168.5,12168.5,29991200,29991200,29991200
2022-10-11 21:00:00,12184.1,12184.1,12184.1,29991200,29991200,29991200
2022-10-12 01:00:00,12188.1,12188.1,12188.1,29991200,29991200,29991200
2022-10-12 05:00:00,12221.5,12221.5,12221.5,29991200,29991200,29991200
2022-10-12 09:00:00,12172.6,12172.6,12172.6,29991200,29991200,29991200
2022-10-12 13:00:00,12199.3,12199.3,12199.3,29991200,29991200,29991200
2022-10-12 17:00:00,12176.2,12176.2,12176.2,29991200,29991200,29991200
2022-10-12 21:00:00,12187.3,12187.3,12187.3,29991200,29991200,29991200
2022-10-13 01:00:00,12141.9,12141.9,12141.9,29991200,29991200,29991200
2022-10-13 05:00:00,12232.6,12232.6,12232.6,29991200,29991200,29991200
2022-10-13 09:00:00,12063.2,12063.2,12063.2,29991200,29991200,29991200
2022-10-13 13:00:00,12421.4,12421.4,12421.4,29991200,29991200,29991200
2022-10-13 17:00:00,12454.9,12454.9,12454.9,29991200,29991200,29991200
2022-10-13 21:00:00,12461.3,12461.3,12461.3,29991200,29991200,29991200
2022-10-14 01:00:00,12585.7,12585.7,12585.7,29991200,29991200,29991200
2022-10-14 05:00:00,12432.0,12432.0,12432.0,29991200,29991200,29991200
2022-10-14 09:00:00,12592.2,12592.2,12592.2,29991200,29991200,29991200
2022-10-14 13:00:00,12408.1,12408.1,12408.1,29991200,29991200,29991200
2022-10-14 17:00:00,12354.2,12354.2,12354.2,29991200,29991200,29991200
2022-10-16 21:00:00,12393.2,12393.2,12393.2,29991200,29991200,29991200
2022-10-17 01:00:00,12413.7,12413.7,12413.7,29991200,29991200,29991200
2022-10-17 05:00:00,12482.9,12482.9,12482.9,29991200,29991200,29991200
2022-10-17 09:00:00,12611.9,12611.9,12611.9,29991200,29991200,29991200
2022-10-17 13:00:00,12617.3,12617.3,12617.3,29991200,29991200,29991200
2022-10-17 17:00:00,12669.9,12669.9,12669.9,29991200,29991200,29991200
2022-10-17 21:00:00,12702.2,12702.2,12702.2,29991200,29991200,29991200
2022-10-18 01:00:00,12804.1,12804.1,12804.1,29991200,29991200,29991200
2022-10-18 05:00:00,12809.0,12809.0,12809.0,29991200,29991200,29991200
2022-10-18 09:00:00,12919.1,12919.1,12919.1,29991200,29991200,29991200
2022-10-18 13:00:00,12793.9,12793.9,12793.9,29991200,29991200,29991200
2022-10-18 17:00:00,12891.0,12891.0,12891.0,29991200,29991200,29991200
2022-10-18 21:00:00,12907.2,12907.2,12907.2,29991200,29991200,29991200
2022-10-19 01:00:00,12881.8,12881.8,12881.8,29991200,29991200,29991200
2022-10-19 05:00:00,12736.0,12736.0,12736.0,29991200,29991200,29991200
2022-10-19 09:00:00,12743.7,12743.7,12743.7,29991200,29991200,29991200
2022-10-19 13:00:00,12703.5,12703.5,12703.5,29991200,29991200,29991200
2022-10-19 17:00:00,12741.2,12741.2,12741.2,29991200,29991200,29991200
2022-10-19 21:00:00,12683.6,12683.6,12683.6,29991200,29991200,29991200
2022-10-20 01:00:00,12700.1,12700.1,12700.1,29991200,29991200,29991200
2022-10-20 05:00:00,12632.4,12632.4,12632.4,29991200,29991200,29991200
2022-10-20 09:00:00,12686.2,12686.2,12686.2,29991200,29991200,29991200
2022-10-20 13:00:00,12703.2,12703.2,12703.2,29991200,29991200,29991200
2022-10-20 17:00:00,12662.2,12662.2,12662.2,29991200,29991200,29991200
2022-10-20 21:00:00,12641.3,12641.3,12641.3,29991200,29991200,29991200
2022-10-21 01:00:00,12625.4,12625.4,12625.4,29991200,29991200,29991200
2022-10-21 05:00:00,12568.3,12568.3,12568.3,29991200,29991200,29991200
2022-10-21 09:00:00,12589.8,12589.8,12589.8,29991200,29991200,29991200
2022-10-21 13:00:00,12771.6,12771.6,12771.6,29991200,29991200,29991200
2022-10-21 17:00:00,12839.0,12839.0,12839.0,29991200,29991200,29991200
2022-10-23 21:00:00,12887.6,12887.6,12887.6,29991200,29991200,29991200
2022-10-24 01:00:00,12836.7,12836.7,12836.7,29991200,29991200,29991200
2022-10-24 05:00:00,12790.1,12790.1,12790.1,29991200,29991200,29991200
2022-10-24 09:00:00,13003.1,13003.1,13003.1,29991200,29991200,29991200
2022-10-24 13:00:00,12955.3,12955.3,12955.3,29991200,29991200,29991200
2022-10-24 17:00:00,12913.3,12913.3,12913.3,29991200,29991200,29991200
2022-10-24 21:00:00,12941.9,12941.9,12941.9,29991200,29991200,29991200
2022-10-25 01:00:00,12931.4,12931.4,12931.4,29991200,29991200,29991200
2022-10-25 05:00:00,12872.3,12872.3,12872.3,29991200,29991200,29991200
2022-10-25 09:00:00,12825.2,12825.2,12825.2,29991200,29991200,29991200
2022-10-25 13:00:00,13046.3,13046.3,13046.3,29991200,29991200,29991200
2022-10-25 17:00:00,13048.9,13048.9,13048.9,29991200,29991200,29991200
2022-10-25 21:00:00,13029.3,13029.3,13029.3,29991200,29991200,29991200
2022-10-26 01:00:00,13053.4,13053.4,13053.4,29991200,29991200,29991200
2022-10-26 05:00:00,13136.3,13136.3,13136.3,29991200,29991200,29991200
2022-10-26 09:00:00,13066.4,13066.4,13066.4,29991200,29991200,29991200
2022-10-26 13:00:00,13162.2,13162.2,13162.2,29991200,29991200,29991200
2022-10-26 17:00:00,13166.9,13166.9,13166.9,29991200,29991200,29991200
2022-10-26 21:00:00,13150.7,13150.7,13150.7,29991200,29991200,29991200
2022-10-27 01:00:00,13169.8,13169.8,13169.8,29991200,29991200,29991200
2022-10-27 05:00:00,13154.9,13154.9,13154.9,29991200,29991200,29991200
2022-10-27 09:00:00,13166.6,13166.6,13166.6,29991200,29991200,29991200
2022-10-27 13:00:00,13202.9,13202.9,13202.9,29991200,29991200,29991200
2022-10-27 17:00:00,13111.9,13111.9,13111.9,29991200,29991200,29991200
2022-10-27 21:00:00,13139.0,13139.0,13139.0,29991200,29991200,29991200
2022-10-28 01:00:00,13139.1,13139.1,13139.1,29991200,29991200,29991200
2022-10-28 05:00:00,13107.0,13107.0,13107.0,29991200,29991200,29991200
2022-10-28 09:00:00,13156.6,13156.6,13156.6,29991200,29991200,29991200
2022-10-28 13:00:00,13297.4,13297.4,13297.4,29991200,29991200,29991200
2022-10-28 17:00:00,13350.3,13350.3,13350.3,29991200,29991200,29991200
2022-10-30 21:00:00,13301.2,13301.2,13301.2,29991200,29991200,29991200
2022-10-31 01:00:00,13301.2,13301.2,13301.2,29991200,29991200,29991200
2022-10-31 05:00:00,13237.6,13237.6,13237.6,29991200,29991200,29991200
2022-10-31 09:00:00,13269.3,13269.3,13269.3,29991200,29991200,29991200
2022-10-31 13:00:00,13256.3,13256.3,13256.3,29991200,29991200,29991200
2022-10-31 17:00:00,13253.9,13253.9,13253.9,29991200,29991200,29991200
2022-10-31 21:00:00,13295.8,13295.8,13295.8,29991200,29991200,29991200
2022-11-01 01:00:00,13342.8,13342.8,13342.8,29991200,29991200,29991200
2022-11-01 05:00:00,13390.3,13390.3,13390.3,29991200,29991200,29991200
2022-11-01 09:00:00,13422.5,13422.5,13422.5,29991200,29991200,29991200
2022-11-01 13:00:00,13351.5,13351.5,13351.5,29991200,29991200,29991200
2022-11-01 17:00:00,13355.5,13355.5,13355.5,29991200,29991200,29991200
2022-11-01 21:00:00,13384.5,13384.5,13384.5,29991200,29991200,29991200
2022-11-02 01:00:00,13406.0,13406.0,13406.0,29991200,29991200,29991200
2022-11-02 05:00:00,13352.5,13352.5,13352.5,29991200,29991200,29991200
2022-11-02 09:00:00,13318.1,13318.1,13318.1,29991200,29991200,29991200
2022-11-02 13:00:00,13271.6,13271.6,13271.6,29991200,29991200,29991200
2022-11-02 17:00:00,13144.9,13144.9,13144.9,29991200,29991200,29991200
2022-11-02 21:00:00,13141.9,13141.9,13141.9,29991200,29991200,29991200
2022-11-03 01:00:00,13179.9,13179.9,13179.9,29991200,29991200,29991200
2022-11-03 05:00:00,13163.4,13163.4,13163.4,29991200,29991200,29991200
2022-11-03 09:00:00,13023.8,13023.8,13023.8,29991200,29991200,29991200
2022-11-03 13:00:00,13143.3,13143.3,13143.3,29991200,29991200,29991200
2022-11-03 17:00:00,13129.9,13129.9,13129.9,29991200,29991200,29991200
2022-11-03 21:00:00,13113.4,13113.4,13113.4,29991200,29991200,29991200
2022-11-04 01:00:00,13168.9,13168.9,13168.9,29991200,29991200,29991200
2022-11-04 05:00:00,13245.0,13245.0,13245.0,29991200,29991200,29991200
2022-11-04 09:00:00,13401.4,13401.4,13401.4,29991200,29991200,29991200
2022-11-04 13:00:00,13457.8,13457.8,13457.8,29991200,29991200,29991200
2022-11-04 17:00:00,13491.3,13491.3,13491.3,29991200,29991200,29991200
2022-11-06 22:00:00,13436.7,13436.7,13436.7,29991200,29991200,29991200
2022-11-07 02:00:00,13446.2,13446.2,13446.2,29991200,29991200,29991200
2022-11-07 06:00:00,13548.1,13548.1,13548.1,29991200,29991200,29991200
2022-11-07 10:00:00,13551.6,13551.6,13551.6,29991200,29991200,29991200
2022-11-07 14:00:00,13515.3,13515.3,13515.3,29991200,29991200,29991200
2022-11-07 18:00:00,13526.1,13526.1,13526.1,29991200,29991200,29991200
2022-11-07 22:00:00,13571.2,13571.2,13571.2,29991200,29991200,29991200
2022-11-08 02:00:00,13533.7,13533.7,13533.7,29991200,29991200,29991200
2022-11-08 06:00:00,13566.6,13566.6,13566.6,29991200,29991200,29991200
2022-11-08 10:00:00,13599.6,13599.6,13599.6,29991200,29991200,29991200
2022-11-08 14:00:00,13677.3,13677.3,13677.3,29991200,29991200,29991200
2022-11-08 18:00:00,13641.3,13641.3,13641.3,29991200,29991200,29991200
2022-11-08 22:00:00,13651.7,13651.7,13651.7,29991200,29991200,29991200
2022-11-09 02:00:00,13644.7,13644.7,13644.7,29991200,29991200,29991200
2022-11-09 06:00:00,13583.6,13583.6,13583.6,29991200,29991200,29991200
2022-11-09 10:00:00,13618.6,13618.6,13618.6,29991200,29991200,29991200
2022-11-09 14:00:00,13658.3,13658.3,13658.3,29991200,29991200,29991200
2022-11-09 18:00:00,13580.6,13580.6,13580.6,29991200,29991200,29991200
2022-11-09 22:00:00,13593.7,13593.7,13593.7,29991200,29991200,29991200
2022-11-10 02:00:00,13603.2,13603.2,13603.2,29991200,29991200,29991200
2022-11-10 06:00:00,13647.6,13647.6,13647.6,29991200,29991200,29991200
2022-11-10 10:00:00,14016.1,14016.1,14016.1,29991200,29991200,29991200
2022-11-10 14:00:00,14090.3,14090.3,14090.3,29991200,29991200,29991200
2022-11-10 18:00:00,14226.4,14226.4,14226.4,29991200,29991200,29991200
2022-11-10 22:00:00,14150.7,14150.7,14150.7,29991200,29991200,29991200
2022-11-11 02:00:00,14276.7,14276.7,14276.7,29991200,29991200,29991200
2022-11-11 06:00:00,14212.6,14212.6,14212.6,29991200,29991200,29991200
2022-11-11 10:00:00,14204.6,14204.6,14204.6,29991200,29991200,29991200
2022-11-11 14:00:00,14280.7,14280.7,14280.7,29991200,29991200,29991200
2022-11-11 18:00:00,14308.8,14308.8,14308.8,29991200,29991200,29991200
2022-11-13 22:00:00,14272.0,14272.0,14272.0,29991200,29991200,29991200
2022-11-14 02:00:00,14257.1,14257.1,14257.1,29991200,29991200,29991200
2022-11-14 06:00:00,14258.0,14258.0,14258.0,29991200,29991200,29991200
2022-11-14 10:00:00,14310.8,14310.8,14310.8,29991200,29991200,29991200
2022-11-14 14:00:00,14309.3,14309.3,14309.3,29991200,29991200,29991200
2022-11-14 18:00:00,14267.9,14267.9,14267.9,29991200,29991200,29991200
2022-11-14 22:00:00,14274.0,14274.0,14274.0,29991200,29991200,29991200
2022-11-15 02:00:00,14317.0,14317.0,14317.0,29991200,29991200,29991200
2022-11-15 06:00:00,14291.3,14291.3,14291.3,29991200,29991200,29991200
2022-11-15 10:00:00,14401.4,14401.4,14401.4,29991200,29991200,29991200
2022-11-15 14:00:00,14383.1,14383.1,14383.1,29991200,29991200,29991200
2022-11-15 18:00:00,14250.1,14250.1,14250.1,29991200,29991200,29991200
2022-11-15 22:00:00,14209.4,14209.4,14209.4,29991200,29991200,29991200
2022-11-16 02:00:00,14339.3,14339.3,14339.3,29991200,29991200,29991200
2022-11-16 06:00:00,14267.3,14267.3,14267.3,29991200,29991200,29991200
2022-11-16 10:00:00,14261.7,14261.7,14261.7,29991200,29991200,29991200
2022-11-16 14:00:00,14265.7,14265.7,14265.7,29991200,29991200,29991200
2022-11-16 18:00:00,14251.9,14251.9,14251.9,29991200,29991200,29991200
2022-11-16 22:00:00,14234.8,14234.8,14234.8,29991200,29991200,29991200
2022-11-17 02:00:00,14246.9,14246.9,14246.9,29991200,29991200,29991200
2022-11-17 06:00:00,14261.4,14261.4,14261.4,29991200,29991200,29991200
2022-11-17 10:00:00,14154.1,14154.1,14154.1,29991200,29991200,29991200
2022-11-17 14:00:00,14323.6,14323.6,14323.6,29991200,29991200,29991200
2022-11-17 18:00:00,14338.5,14338.5,14338.5,29991200,29991200,29991200
2022-11-17 22:00:00,14325.7,14325.7,14325.7,29991200,29991200,29991200
2022-11-18 02:00:00,14319.3,14319.3,14319.3,29991200,29991200,29991200
2022-11-18 06:00:00,14373.9,14373.9,14373.9,29991200,29991200,29991200
2022-11-18 10:00:00,14432.8,14432.8,14432.8,29991200,29991200,29991200
2022-11-18 14:00:00,14393.6,14393.6,14393.6,29991200,29991200,29991200
2022-11-18 18:00:00,14439.6,14439.6,14439.6,29991200,29991200,29991200
2022-11-20 22:00:00,14373.8,14373.8,14373.8,29991200,29991200,29991200
2022-11-21 02:00:00,14385.9,14385.9,14385.9,29991200,29991200,29991200
2022-11-21 06:00:00,14361.1,14361.1,14361.1,29991200,29991200,29991200
2022-11-21 10:00:00,14363.2,14363.2,14363.2,29991200,29991200,29991200
2022-11-21 14:00:00,14395.8,14395.8,14395.8,29991200,29991200,29991200
2022-11-21 18:00:00,14405.2,14405.2,14405.2,29991200,29991200,29991200
2022-11-21 22:00:00,14428.4,14428.4,14428.4,29991200,29991200,29991200
2022-11-22 02:00:00,14395.5,14395.5,14395.5,29991200,29991200,29991200
2022-11-22 06:00:00,14468.8,14468.8,14468.8,29991200,29991200,29991200
2022-11-22 10:00:00,14401.5,14401.5,14401.5,29991200,29991200,29991200
2022-11-22 14:00:00,14434.1,14434.1,14434.1,29991200,29991200,29991200
2022-11-22 18:00:00,14478.2,14478.2,14478.2,29991200,29991200,29991200
2022-11-22 22:00:00,14476.7,14476.7,14476.7,29991200,29991200,29991200
2022-11-23 02:00:00,14478.8,14478.8,14478.8,29991200,29991200,29991200
2022-11-23 06:00:00,14431.5,14431.5,14431.5,29991200,29991200,29991200
2022-11-23 10:00:00,14395.3,14395.3,14395.3,29991200,29991200,29991200
2022-11-23 14:00:00,14385.4,14385.4,14385.4,29991200,29991200,29991200
2022-11-23 18:00:00,14447.6,14447.6,14447.6,29991200,29991200,29991200
2022-11-23 22:00:00,14455.9,14455.9,14455.9,29991200,29991200,29991200
2022-11-24 02:00:00,14453.0,14453.0,14453.0,29991200,29991200,29991200
2022-11-24 06:00:00,14534.4,14534.4,14534.4,29991200,29991200,29991200
2022-11-24 10:00:00,14522.7,14522.7,14522.7,29991200,29991200,29991200
2022-11-24 14:00:00,14537.4,14537.4,14537.4,29991200,29991200,29991200
2022-11-24 18:00:00,14555.4,14555.4,14555.4,29991200,29991200,29991200
2022-11-24 22:00:00,14537.9,14537.9,14537.9,29991200,29991200,29991200
2022-11-25 02:00:00,14537.5,14537.5,14537.5,29991200,29991200,29991200
2022-11-25 06:00:00,14507.7,14507.7,14507.7,29991200,29991200,29991200
2022-11-25 10:00:00,14523.3,14523.3,14523.3,29991200,29991200,29991200
2022-11-25 14:00:00,14536.7,14536.7,14536.7,29991200,29991200,29991200
2022-11-25 18:00:00,14545.7,14545.7,14545.7,29991200,29991200,29991200
2022-11-27 22:00:00,14446.1,14446.1,14446.1,29991200,29991200,29991200
2022-11-28 02:00:00,14457.2,14457.2,14457.2,29991200,29991200,29991200
2022-11-28 06:00:00,14391.9,14391.9,14391.9,29991200,29991200,29991200
2022-11-28 10:00:00,14405.0,14405.0,14405.0,29991200,29991200,29991200
2022-11-28 14:00:00,14389.4,14389.4,14389.4,29991200,29991200,29991200
2022-11-28 18:00:00,14358.5,14358.5,14358.5,29991200,29991200,29991200
2022-11-28 22:00:00,14365.5,14365.5,14365.5,29991200,29991200,29991200
2022-11-29 02:00:00,14404.6,14404.6,14404.6,29991200,29991200,29991200
2022-11-29 06:00:00,14341.9,14341.9,14341.9,29991200,29991200,29991200
2022-11-29 10:00:00,14382.9,14382.9,14382.9,29991200,29991200,29991200
2022-11-29 14:00:00,14412.9,14412.9,14412.9,29991200,29991200,29991200
2022-11-29 18:00:00,14411.8,14411.8,14411.8,29991200,29991200,29991200
2022-11-29 22:00:00,14414.5,14414.5,14414.5,29991200,29991200,29991200
2022-11-30 02:00:00,14413.6,14413.6,14413.6,29991200,29991200,29991200
2022-11-30 06:00:00,14410.9,14410.9,14410.9,29991200,29991200,29991200
2022-11-30 10:00:00,14383.4,14383.4,14383.4,29991200,29991200,29991200
2022-11-30 14:00:00,14379.9,14379.9,14379.9,29991200,29991200,29991200
2022-11-30 18:00:00,14588.0,14588.0,14588.0,29991200,29991200,29991200
2022-11-30 22:00:00,14578.8,14578.8,14578.8,29991200,29991200,29991200
2022-12-01 02:00:00,14590.0,14590.0,14590.0,29991200,29991200,29991200
2022-12-01 06:00:00,14461.5,14461.5,14461.5,29991200,29991200,29991200
2022-12-01 10:00:00,14514.3,14514.3,14514.3,29991200,29991200,29991200
2022-12-01 14:00:00,14492.2,14492.2,14492.2,29991200,29991200,29991200
2022-12-01 18:00:00,14480.3,14480.3,14480.3,29991200,29991200,29991200
2022-12-01 22:00:00,14437.3,14437.3,14437.3,29991200,29991200,29991200
2022-12-02 02:00:00,14436.8,14436.8,14436.8,29991200,29991200,29991200
2022-12-02 06:00:00,14529.2,14529.2,14529.2,29991200,29991200,29991200
2022-12-02 10:00:00,14471.9,14471.9,14471.9,29991200,29991200,29991200
2022-12-02 14:00:00,14528.7,14528.7,14528.7,29991200,29991200,29991200
2022-12-02 18:00:00,14553.7,14553.7,14553.7,29991200,29991200,29991200
2022-12-04 22:00:00,14535.3,14535.3,14535.3,29991200,29991200,29991200
2022-12-05 02:00:00,14537.4,14537.4,14537.4,29991200,29991200,29991200
2022-12-05 06:00:00,14471.8,14471.8,14471.8,29991200,29991200,29991200
2022-12-05 10:00:00,14431.8,14431.8,14431.8,29991200,29991200,29991200
2022-12-05 14:00:00,14435.9,14435.9,14435.9,29991200,29991200,29991200
2022-12-05 18:00:00,14446.6,14446.6,14446.6,29991200,29991200,29991200
2022-12-05 22:00:00,14450.0,14450.0,14450.0,29991200,29991200,29991200
2022-12-06 02:00:00,14439.6,14439.6,14439.6,29991200,29991200,29991200
2022-12-06 06:00:00,14430.1,14430.1,14430.1,29991200,29991200,29991200
2022-12-06 10:00:00,14419.3,14419.3,14419.3,29991200,29991200,29991200
2022-12-06 14:00:00,14316.2,14316.2,14316.2,29991200,29991200,29991200
2022-12-06 18:00:00,14295.5,14295.5,14295.5,29991200,29991200,29991200
2022-12-06 22:00:00,14325.3,14325.3,14325.3,29991200,29991200,29991200
2022-12-07 02:00:00,14305.4,14305.4,14305.4,29991200,29991200,29991200
2022-12-07 06:00:00,14289.2,14289.2,14289.2,29991200,29991200,29991200
2022-12-07 10:00:00,14293.5,14293.5,14293.5,29991200,29991200,29991200
2022-12-07 14:00:00,14294.2,14294.2,14294.2,29991200,29991200,29991200
2022-12-07 18:00:00,14274.0,14274.0,14274.0,29991200,29991200,29991200
2022-12-07 22:00:00,14214.8,14214.8,14214.8,29991200,29991200,29991200
2022-12-08 02:00:00,14256.9,14256.9,14256.9,29991200,29991200,29991200
2022-12-08 06:00:00,14251.8,14251.8,14251.8,29991200,29991200,29991200
2022-12-08 10:00:00,14238.4,14238.4,14238.4,29991200,29991200,29991200
2022-12-08 14:00:00,14283.7,14283.7,14283.7,29991200,29991200,29991200
2022-12-08 18:00:00,14278.4,14278.4,14278.4,29991200,29991200,29991200
2022-12-08 22:00:00,14300.8,14300.8,14300.8,29991200,29991200,29991200
2022-12-09 02:00:00,14318.9,14318.9,14318.9,29991200,29991200,29991200
2022-12-09 06:00:00,14289.0,14289.0,14289.0,29991200,29991200,29991200
2022-12-09 10:00:00,14328.8,14328.8,14328.8,29991200,29991200,29991200
2022-12-09 14:00:00,14363.5,14363.5,14363.5,29991200,29991200,29991200
2022-12-09 18:00:00,14322.1,14322.1,14322.1,29991200,29991200,29991200
2022-12-11 22:00:00,14294.5,14294.5,14294.5,29991200,29991200,29991200
2022-12-12 02:00:00,14299.7,14299.7,14299.7,29991200,29991200,29991200
2022-12-12 06:00:00,14342.2,14342.2,14342.2,29991200,29991200,29991200
2022-12-12 10:00:00,14302.4,14302.4,14302.4,29991200,29991200,29991200
2022-12-12 14:00:00,14304.7,14304.7,14304.7,29991200,29991200,29991200
2022-12-12 18:00:00,14345.1,14345.1,14345.1,29991200,29991200,29991200
2022-12-12 22:00:00,14337.4,14337.4,14337.4,29991200,29991200,29991200
2022-12-13 02:00:00,14361.1,14361.1,14361.1,29991200,29991200,29991200
2022-12-13 06:00:00,14352.5,14352.5,14352.5,29991200,29991200,29991200
2022-12-13 10:00:00,14594.4,14594.4,14594.4,29991200,29991200,29991200
2022-12-13 14:00:00,14429.0,14429.0,14429.0,29991200,29991200,29991200
2022-12-13 18:00:00,14452.0,14452.0,14452.0,29991200,29991200,29991200
2022-12-13 22:00:00,14465.7,14465.7,14465.7,29991200,29991200,29991200
2022-12-14 02:00:00,14477.9,14477.9,14477.9,29991200,29991200,29991200
2022-12-14 06:00:00,14405.2,14405.2,14405.2,29991200,29991200,29991200
2022-12-14 10:00:00,14434.2,14434.2,14434.2,29991200,29991200,29991200
2022-12-14 14:00:00,14452.4,14452.4,14452.4,29991200,29991200,29991200
2022-12-14 18:00:00,14403.4,14403.4,14403.4,29991200,29991200,29991200
2022-12-14 22:00:00,14406.3,14406.3,14406.3,29991200,29991200,29991200
2022-12-15 02:00:00,14407.0,14407.0,14407.0,29991200,29991200,29991200
2022-12-15 06:00:00,14283.4,14283.4,14283.4,29991200,29991200,29991200
2022-12-15 10:00:00,14181.0,14181.0,14181.0,29991200,29991200,29991200
2022-12-15 14:00:00,13992.5,13992.5,13992.5,29991200,29991200,29991200
2022-12-15 18:00:00,13971.3,13971.3,13971.3,29991200,29991200,29991200
2022-12-15 22:00:00,14013.6,14013.6,14013.6,29991200,29991200,29991200
2022-12-16 02:00:00,14013.2,14013.2,14013.2,29991200,29991200,29991200
2022-12-16 06:00:00,13899.3,13899.3,13899.3,29991200,29991200,29991200
2022-12-16 10:00:00,13892.5,13892.5,13892.5,29991200,29991200,29991200
2022-12-16 14:00:00,13854.3,13854.3,13854.3,29991200,29991200,29991200
2022-12-16 18:00:00,13915.1,13915.1,13915.1,29991200,29991200,29991200
2022-12-18 22:00:00,13935.2,13935.2,13935.2,29991200,29991200,29991200
2022-12-19 02:00:00,13915.0,13915.0,13915.0,29991200,29991200,29991200
2022-12-19 06:00:00,13950.0,13950.0,13950.0,29991200,29991200,29991200
2022-12-19 10:00:00,13950.1,13950.1,13950.1,29991200,29991200,29991200
2022-12-19 14:00:00,13943.9,13943.9,13943.9,29991200,29991200,29991200
2022-12-19 18:00:00,13890.3,13890.3,13890.3,29991200,29991200,29991200
2022-12-19 22:00:00,13937.1,13937.1,13937.1,29991200,29991200,29991200
2022-12-20 02:00:00,13721.8,13721.8,13721.8,29991200,29991200,29991200
2022-12-20 06:00:00,13899.7,13899.7,13899.7,29991200,29991200,29991200
2022-12-20 10:00:00,13876.2,13876.2,13876.2,29991200,29991200,29991200
2022-12-20 14:00:00,13924.3,13924.3,13924.3,29991200,29991200,29991200
2022-12-20 18:00:00,13933.9,13933.9,13933.9,29991200,29991200,29991200
2022-12-20 22:00:00,13988.2,13988.2,13988.2,29991200,29991200,29991200
2022-12-21 02:00:00,13984.3,13984.3,13984.3,29991200,29991200,29991200
2022-12-21 06:00:00,13989.0,13989.0,13989.0,29991200,29991200,29991200
2022-12-21 10:00:00,14026.9,14026.9,14026.9,29991200,29991200,29991200
2022-12-21 14:00:00,14085.9,14085.9,14085.9,29991200,29991200,29991200
2022-12-21 18:00:00,14083.9,14083.9,14083.9,29991200,29991200,29991200
2022-12-21 22:00:00,14116.9,14116.9,14116.9,29991200,29991200,29991200
2022-12-22 02:00:00,14131.4,14131.4,14131.4,29991200,29991200,29991200
2022-12-22 06:00:00,14097.5,14097.5,14097.5,29991200,29991200,29991200
2022-12-22 10:00:00,14009.2,14009.2,14009.2,29991200,29991200,29991200
2022-12-22 14:00:00,13871.0,13871.0,13871.0,29991200,29991200,29991200
2022-12-22 18:00:00,13929.2,13929.2,13929.2,29991200,29991200,29991200
2022-12-22 22:00:00,13960.3,13960.3,13960.3,29991200,29991200,29991200
2022-12-23 02:00:00,13958.4,13958.4,13958.4,29991200,29991200,29991200
2022-12-23 06:00:00,13961.0,13961.0,13961.0,29991200,29991200,29991200
2022-12-23 10:00:00,13915.6,13915.6,13915.6,29991200,29991200,29991200
2022-12-23 14:00:00,13940.8,13940.8,13940.8,29991200,29991200,29991200
2022-12-23 18:00:00,13958.3,13958.3,13958.3,29991200,29991200,29991200
2022-12-26 22:00:00,14035.7,14035.7,14035.7,29991200,29991200,29991200
2022-12-27 02:00:00,14035.7,14035.7,14035.7,29991200,29991200,29991200
2022-12-27 06:00:00,14021.1,14021.1,14021.1,29991200,29991200,29991200
2022-12-27 10:00:00,13999.6,13999.6,13999.6,29991200,29991200,29991200
2022-12-27 14:00:00,14011.5,14011.5,14011.5,29991200,29991200,29991200
2022-12-27 18:00:00,13979.8,13979.8,13979.8,29991200,29991200,29991200
2022-12-27 22:00:00,13987.3,13987.3,13987.3,29991200,29991200,29991200
2022-12-28 02:00:00,13974.5,13974.5,13974.5,29991200,29991200,29991200
2022-12-28 06:00:00,13975.1,13975.1,13975.1,29991200,29991200,29991200
2022-12-28 10:00:00,13979.7,13979.7,13979.7,29991200,29991200,29991200
2022-12-28 14:00:00,13932.9,13932.9,13932.9,29991200,29991200,29991200
2022-12-28 18:00:00,13892.7,13892.7,13892.7,29991200,29991200,29991200
2022-12-28 22:00:00,13872.8,13872.8,13872.8,29991200,29991200,29991200
2022-12-29 02:00:00,13881.4,13881.4,13881.4,29991200,29991200,29991200
2022-12-29 06:00:00,13954.9,13954.9,13954.9,29991200,29991200,29991200
2022-12-29 10:00:00,14004.6,14004.6,14004.6,29991200,29991200,29991200
2022-12-29 14:00:00,14064.4,14064.4,14064.4,29991200,29991200,29991200
2022-12-29 18:00:00,14043.2,14043.2,14043.2,29991200,29991200,29991200
2022-12-29 22:00:00,14034.7,14034.7,14034.7,29991200,29991200,29991200
2022-12-30 02:00:00,14017.4,14017.4,14017.4,29991200,29991200,29991200
2022-12-30 06:00:00,13990.5,13990.5,13990.5,29991200,29991200,29991200
2022-12-30 10:00:00,13925.1,13925.1,13925.1,29991200,29991200,29991200
2022-12-30 14:00:00,13859.3,13859.3,13859.3,29991200,29991200,29991200
2022-12-30 18:00:00,13846.8,13846.8,13846.8,29991200,29991200,29991200
2023-01-01 22:00:00,13869.2,13869.2,13869.2,29991200,29991200,29991200
2023-01-02 02:00:00,13869.7,13869.7,13869.7,29991200,29991200,29991200
2023-01-02 06:00:00,14008.6,14008.6,14008.6,29991200,29991200,29991200
2023-01-02 10:00:00,14047.6,14047.6,14047.6,29991200,29991200,29991200
2023-01-02 14:00:00,14053.3,14053.3,14053.3,29991200,29991200,29991200
2023-01-02 18:00:00,14055.2,14055.2,14055.2,29991200,29991200,29991200
2023-01-02 22:00:00,13967.2,13967.2,13967.2,29991200,29991200,29991200
2023-01-03 02:00:00,14043.2,14043.2,14043.2,29991200,29991200,29991200
2023-01-03 06:00:00,14276.2,14276.2,14276.2,29991200,29991200,29991200
2023-01-03 10:00:00,14229.2,14229.2,14229.2,29991200,29991200,29991200
2023-01-03 14:00:00,14164.3,14164.3,14164.3,29991200,29991200,29991200
2023-01-03 18:00:00,14209.0,14209.0,14209.0,29991200,29991200,29991200
2023-01-03 22:00:00,14234.2,14234.2,14234.2,29991200,29991200,29991200
2023-01-04 02:00:00,14241.3,14241.3,14241.3,29991200,29991200,29991200
2023-01-04 06:00:00,14357.1,14357.1,14357.1,29991200,29991200,29991200
2023-01-04 10:00:00,14467.6,14467.6,14467.6,29991200,29991200,29991200
2023-01-04 14:00:00,14481.1,14481.1,14481.1,29991200,29991200,29991200
2023-01-04 18:00:00,14476.5,14476.5,14476.5,29991200,29991200,29991200
2023-01-04 22:00:00,14468.3,14468.3,14468.3,29991200,29991200,29991200
2023-01-05 02:00:00,14468.9,14468.9,14468.9,29991200,29991200,29991200
2023-01-05 06:00:00,14461.1,14461.1,14461.1,29991200,29991200,29991200
2023-01-05 10:00:00,14434.4,14434.4,14434.4,29991200,29991200,29991200
2023-01-05 14:00:00,14450.4,14450.4,14450.4,29991200,29991200,29991200
2023-01-05 18:00:00,14461.8,14461.8,14461.8,29991200,29991200,29991200
2023-01-05 22:00:00,14493.9,14493.9,14493.9,29991200,29991200,29991200
2023-01-06 02:00:00,14516.0,14516.0,14516.0,29991200,29991200,29991200
2023-01-06 06:00:00,14415.6,14415.6,14415.6,29991200,29991200,29991200
2023-01-06 10:00:00,14513.8,14513.8,14513.8,29991200,29991200,29991200
2023-01-06 14:00:00,14590.9,14590.9,14590.9,29991200,29991200,29991200
2023-01-06 18:00:00,14662.2,14662.2,14662.2,29991200,29991200,29991200
2023-01-08 22:00:00,14655.6,14655.6,14655.6,29991200,29991200,29991200
2023-01-09 02:00:00,14704.1,14704.1,14704.1,29991200,29991200,29991200
2023-01-09 06:00:00,14638.1,14638.1,14638.1,29991200,29991200,29991200
2023-01-09 10:00:00,14719.6,14719.6,14719.6,29991200,29991200,29991200
2023-01-09 14:00:00,14787.8,14787.8,14787.8,29991200,29991200,29991200
2023-01-09 18:00:00,14728.0,14728.0,14728.0,29991200,29991200,29991200
2023-01-09 22:00:00,14721.8,14721.8,14721.8,29991200,29991200,29991200
2023-01-10 02:00:00,14718.0,14718.0,14718.0,29991200,29991200,29991200
2023-01-10 06:00:00,14723.4,14723.4,14723.4,29991200,29991200,29991200
2023-01-10 10:00:00,14757.1,14757.1,14757.1,29991200,29991200,29991200
2023-01-10 14:00:00,14798.9,14798.9,14798.9,29991200,29991200,29991200
2023-01-10 18:00:00,14842.0,14842.0,14842.0,29991200,29991200,29991200
2023-01-10 22:00:00,14852.9,14852.9,14852.9,29991200,29991200,29991200
2023-01-11 02:00:00,14857.1,14857.1,14857.1,29991200,29991200,29991200
2023-01-11 06:00:00,14893.5,14893.5,14893.5,29991200,29991200,29991200
2023-01-11 10:00:00,14938.3,14938.3,14938.3,29991200,29991200,29991200
2023-01-11 14:00:00,14968.0,14968.0,14968.0,29991200,29991200,29991200
2023-01-11 18:00:00,15011.1,15011.1,15011.1,29991200,29991200,29991200
2023-01-11 22:00:00,14995.6,14995.6,14995.6,29991200,29991200,29991200
2023-01-12 02:00:00,14991.8,14991.8,14991.8,29991200,29991200,29991200
2023-01-12 06:00:00,15043.0,15043.0,15043.0,29991200,29991200,29991200
2023-01-12 10:00:00,15076.7,15076.7,15076.7,29991200,29991200,29991200
2023-01-12 14:00:00,15101.2,15101.2,15101.2,29991200,29991200,29991200
2023-01-12 18:00:00,15094.5,15094.5,15094.5,29991200,29991200,29991200
2023-01-12 22:00:00,15075.0,15075.0,15075.0,29991200,29991200,29991200
2023-01-13 02:00:00,15067.7,15067.7,15067.7,29991200,29991200,29991200
2023-01-13 06:00:00,15110.8,15110.8,15110.8,29991200,29991200,29991200
2023-01-13 10:00:00,15061.1,15061.1,15061.1,29991200,29991200,29991200
2023-01-13 14:00:00,15102.5,15102.5,15102.5,29991200,29991200,29991200
2023-01-13 18:00:00,15151.0,15151.0,15151.0,29991200,29991200,29991200
2023-01-15 22:00:00,15194.3,15194.3,15194.3,29991200,29991200,29991200
2023-01-16 02:00:00,15161.6,15161.6,15161.6,29991200,29991200,29991200
2023-01-16 06:00:00,15098.4,15098.4,15098.4,29991200,29991200,29991200
2023-01-16 10:00:00,15146.8,15146.8,15146.8,29991200,29991200,29991200
2023-01-16 14:00:00,15118.3,15118.3,15118.3,29991200,29991200,29991200
2023-01-16 18:00:00,15111.9,15111.9,15111.9,29991200,29991200,29991200
2023-01-16 22:00:00,15120.0,15120.0,15120.0,29991200,29991200,29991200
2023-01-17 02:00:00,15103.7,15103.7,15103.7,29991200,29991200,29991200
2023-01-17 06:00:00,15106.7,15106.7,15106.7,29991200,29991200,29991200
2023-01-17 10:00:00,15126.3,15126.3,15126.3,29991200,29991200,29991200
2023-01-17 14:00:00,15197.1,15197.1,15197.1,29991200,29991200,29991200
2023-01-17 18:00:00,15178.7,15178.7,15178.7,29991200,29991200,29991200
2023-01-17 22:00:00,15170.0,15170.0,15170.0,29991200,29991200,29991200
2023-01-18 02:00:00,15221.0,15221.0,15221.0,29991200,29991200,29991200
2023-01-18 06:00:00,15173.2,15173.2,15173.2,29991200,29991200,29991200
2023-01-18 10:00:00,15224.6,15224.6,15224.6,29991200,29991200,29991200
2023-01-18 14:00:00,15161.6,15161.6,15161.6,29991200,29991200,29991200
2023-01-18 18:00:00,15120.7,15120.7,15120.7,29991200,29991200,29991200
2023-01-18 22:00:00,15110.5,15110.5,15110.5,29991200,29991200,29991200
2023-01-19 02:00:00,15113.2,15113.2,15113.2,29991200,29991200,29991200
2023-01-19 06:00:00,15048.1,15048.1,15048.1,29991200,29991200,29991200
2023-01-19 10:00:00,14962.8,14962.8,14962.8,29991200,29991200,29991200
2023-01-19 14:00:00,14952.1,14952.1,14952.1,29991200,29991200,29991200
2023-01-19 18:00:00,14995.6,14995.6,14995.6,29991200,29991200,29991200
2023-01-19 22:00:00,15004.6,15004.6,15004.6,29991200,29991200,29991200
2023-01-20 02:00:00,15010.3,15010.3,15010.3,29991200,29991200,29991200
2023-01-20 06:00:00,14978.3,14978.3,14978.3,29991200,29991200,29991200
2023-01-20 10:00:00,14967.1,14967.1,14967.1,29991200,29991200,29991200
2023-01-20 14:00:00,15025.6,15025.6,15025.6,29991200,29991200,29991200
2023-01-20 18:00:00,15098.9,15098.9,15098.9,29991200,29991200,29991200
2023-01-22 22:00:00,15096.5,15096.5,15096.5,29991200,29991200,29991200
2023-01-23 02:00:00,15103.2,15103.2,15103.2,29991200,29991200,29991200
2023-01-23 06:00:00,15061.1,15061.1,15061.1,29991200,29991200,29991200
2023-01-23 10:00:00,15051.8,15051.8,15051.8,29991200,29991200,29991200
2023-01-23 14:00:00,15113.3,15113.3,15113.3,29991200,29991200,29991200
2023-01-23 18:00:00,15129.7,15129.7,15129.7,29991200,29991200,29991200
2023-01-23 22:00:00,15121.0,15121.0,15121.0,29991200,29991200,29991200
2023-01-24 02:00:00,15149.6,15149.6,15149.6,29991200,29991200,29991200
2023-01-24 06:00:00,15087.1,15087.1,15087.1,29991200,29991200,29991200
2023-01-24 10:00:00,15030.2,15030.2,15030.2,29991200,29991200,29991200
2023-01-24 14:00:00,15101.0,15101.0,15101.0,29991200,29991200,29991200
2023-01-24 18:00:00,15115.7,15115.7,15115.7,29991200,29991200,29991200
2023-01-24 22:00:00,15059.9,15059.9,15059.9,29991200,29991200,29991200
2023-01-25 02:00:00,15067.5,15067.5,15067.5,29991200,29991200,29991200
2023-01-25 06:00:00,15000.3,15000.3,15000.3,29991200,29991200,29991200
2023-01-25 10:00:00,15023.4,15023.4,15023.4,29991200,29991200,29991200
2023-01-25 14:00:00,15098.1,15098.1,15098.1,29991200,29991200,29991200
2023-01-25 18:00:00,15131.0,15131.0,15131.0,29991200,29991200,29991200
2023-01-25 22:00:00,15155.2,15155.2,15155.2,29991200,29991200,29991200
2023-01-26 02:00:00,15187.2,15187.2,15187.2,29991200,29991200,29991200
2023-01-26 06:00:00,15095.6,15095.6,15095.6,29991200,29991200,29991200
2023-01-26 10:00:00,15105.8,15105.8,15105.8,29991200,29991200,29991200
2023-01-26 14:00:00,15132.8,15132.8,15132.8,29991200,29991200,29991200
2023-01-26 18:00:00,15153.8,15153.8,15153.8,29991200,29991200,29991200
2023-01-26 22:00:00,15159.0,15159.0,15159.0,29991200,29991200,29991200
2023-01-27 02:00:00,15170.1,15170.1,15170.1,29991200,29991200,29991200
2023-01-27 06:00:00,15142.7,15142.7,15142.7,29991200,29991200,29991200
2023-01-27 10:00:00,15081.6,15081.6,15081.6,29991200,29991200,29991200
2023-01-27 14:00:00,15163.3,15163.3,15163.3,29991200,29991200,29991200
2023-01-27 18:00:00,15156.9,15156.9,15156.9,29991200,29991200,29991200
2023-01-29 22:00:00,15131.7,15131.7,15131.7,29991200,29991200,29991200
2023-01-30 02:00:00,15099.4,15099.4,15099.4,29991200,29991200,29991200
2023-01-30 06:00:00,15062.0,15062.0,15062.0,29991200,29991200,29991200
2023-01-30 10:00:00,15092.2,15092.2,15092.2,29991200,29991200,29991200
2023-01-30 14:00:00,15109.6,15109.6,15109.6,29991200,29991200,29991200
2023-01-30 18:00:00,15118.9,15118.9,15118.9,29991200,29991200,29991200
2023-01-30 22:00:00,15105.4,15105.4,15105.4,29991200,29991200,29991200
2023-01-31 02:00:00,15054.8,15054.8,15054.8,29991200,29991200,29991200
2023-01-31 06:00:00,15040.2,15040.2,15040.2,29991200,29991200,29991200
2023-01-31 10:00:00,15099.2,15099.2,15099.2,29991200,29991200,29991200
2023-01-31 14:00:00,15133.0,15133.0,15133.0,29991200,29991200,29991200
2023-01-31 18:00:00,15168.1,15168.1,15168.1,29991200,29991200,29991200
2023-01-31 22:00:00,15149.2,15149.2,15149.2,29991200,29991200,29991200
2023-02-01 02:00:00,15151.4,15151.4,15151.4,29991200,29991200,29991200
2023-02-01 06:00:00,15136.9,15136.9,15136.9,29991200,29991200,29991200
2023-02-01 10:00:00,15177.9,15177.9,15177.9,29991200,29991200,29991200
2023-02-01 14:00:00,15149.7,15149.7,15149.7,29991200,29991200,29991200
2023-02-01 18:00:00,15295.3,15295.3,15295.3,29991200,29991200,29991200
2023-02-01 22:00:00,15281.5,15281.5,15281.5,29991200,29991200,29991200
2023-02-02 02:00:00,15276.2,15276.2,15276.2,29991200,29991200,29991200
2023-02-02 06:00:00,15413.1,15413.1,15413.1,29991200,29991200,29991200
2023-02-02 10:00:00,15462.4,15462.4,15462.4,29991200,29991200,29991200
2023-02-02 14:00:00,15505.2,15505.2,15505.2,29991200,29991200,29991200
2023-02-02 18:00:00,15440.2,15440.2,15440.2,29991200,29991200,29991200
2023-02-02 22:00:00,15492.0,15492.0,15492.0,29991200,29991200,29991200
2023-02-03 02:00:00,15488.7,15488.7,15488.7,29991200,29991200,29991200
2023-02-03 06:00:00,15412.9,15412.9,15412.9,29991200,29991200,29991200
2023-02-03 10:00:00,15383.8,15383.8,15383.8,29991200,29991200,29991200
2023-02-03 14:00:00,15427.2,15427.2,15427.2,29991200,29991200,29991200
2023-02-03 18:00:00,15419.8,15419.8,15419.8,29991200,29991200,29991200
2023-02-05 22:00:00,15384.3,15384.3,15384.3,29991200,29991200,29991200
2023-02-06 02:00:00,15366.5,15366.5,15366.5,29991200,29991200,29991200
2023-02-06 06:00:00,15298.9,15298.9,15298.9,29991200,29991200,29991200
2023-02-06 10:00:00,15318.6,15318.6,15318.6,29991200,29991200,29991200
2023-02-06 14:00:00,15345.3,15345.3,15345.3,29991200,29991200,29991200
2023-02-06 18:00:00,15356.9,15356.9,15356.9,29991200,29991200,29991200
2023-02-06 22:00:00,15382.5,15382.5,15382.5,29991200,29991200,29991200
2023-02-07 02:00:00,15358.8,15358.8,15358.8,29991200,29991200,29991200
2023-02-07 06:00:00,15348.2,15348.2,15348.2,29991200,29991200,29991200
2023-02-07 10:00:00,15293.3,15293.3,15293.3,29991200,29991200,29991200
2023-02-07 14:00:00,15381.0,15381.0,15381.0,29991200,29991200,29991200
2023-02-07 18:00:00,15411.8,15411.8,15411.8,29991200,29991200,29991200
2023-02-07 22:00:00,15426.2,15426.2,15426.2,29991200,29991200,29991200
2023-02-08 02:00:00,15473.7,15473.7,15473.7,29991200,29991200,29991200
2023-02-08 06:00:00,15456.8,15456.8,15456.8,29991200,29991200,29991200
2023-02-08 10:00:00,15443.3,15443.3,15443.3,29991200,29991200,29991200
2023-02-08 14:00:00,15429.8,15429.8,15429.8,29991200,29991200,29991200
2023-02-08 18:00:00,15450.2,15450.2,15450.2,29991200,29991200,29991200
2023-02-08 22:00:00,15483.5,15483.5,15483.5,29991200,29991200,29991200
2023-02-09 02:00:00,15501.6,15501.6,15501.6,29991200,29991200,29991200
2023-02-09 06:00:00,15625.2,15625.2,15625.2,29991200,29991200,29991200
2023-02-09 10:00:00,15586.5,15586.5,15586.5,29991200,29991200,29991200
2023-02-09 14:00:00,15501.3,15501.3,15501.3,29991200,29991200,29991200
2023-02-09 18:00:00,15447.0,15447.0,15447.0,29991200,29991200,29991200
2023-02-09 22:00:00,15416.3,15416.3,15416.3,29991200,29991200,29991200
2023-02-10 02:00:00,15396.5,15396.5,15396.5,29991200,29991200,29991200
2023-02-10 06:00:00,15359.2,15359.2,15359.2,29991200,29991200,29991200
2023-02-10 10:00:00,15327.5,15327.5,15327.5,29991200,29991200,29991200
2023-02-10 14:00:00,15321.3,15321.3,15321.3,29991200,29991200,29991200
2023-02-10 18:00:00,15334.9,15334.9,15334.9,29991200,29991200,29991200
2023-02-12 22:00:00,15268.5,15268.5,15268.5,29991200,29991200,29991200
2023-02-13 02:00:00,15284.6,15284.6,15284.6,29991200,29991200,29991200
2023-02-13 06:00:00,15344.9,15344.9,15344.9,29991200,29991200,29991200
2023-02-13 10:00:00,15374.2,15374.2,15374.2,29991200,29991200,29991200
2023-02-13 14:00:00,15414.0,15414.0,15414.0,29991200,29991200,29991200
2023-02-13 18:00:00,15427.1,15427.1,15427.1,29991200,29991200,29991200
2023-02-13 22:00:00,15384.8,15384.8,15384.8,29991200,29991200,29991200
2023-02-14 02:00:00,15393.0,15393.0,15393.0,29991200,29991200,29991200
2023-02-14 06:00:00,15435.1,15435.1,15435.1,29991200,29991200,29991200
2023-02-14 10:00:00,15417.1,15417.1,15417.1,29991200,29991200,29991200
2023-02-14 14:00:00,15419.1,15419.1,15419.1,29991200,29991200,29991200
2023-02-14 18:00:00,15443.2,15443.2,15443.2,29991200,29991200,29991200
2023-02-14 22:00:00,15401.9,15401.9,15401.9,29991200,29991200,29991200
2023-02-15 02:00:00,15379.1,15379.1,15379.1,29991200,29991200,29991200
2023-02-15 06:00:00,15444.8,15444.8,15444.8,29991200,29991200,29991200
2023-02-15 10:00:00,15452.2,15452.2,15452.2,29991200,29991200,29991200
2023-02-15 14:00:00,15521.7,15521.7,15521.7,29991200,29991200,29991200
2023-02-15 18:00:00,15564.7,15564.7,15564.7,29991200,29991200,29991200
2023-02-15 22:00:00,15577.4,15577.4,15577.4,29991200,29991200,29991200
2023-02-16 02:00:00,15571.6,15571.6,15571.6,29991200,29991200,29991200
2023-02-16 06:00:00,15579.3,15579.3,15579.3,29991200,29991200,29991200
2023-02-16 10:00:00,15491.6,15491.6,15491.6,29991200,29991200,29991200
2023-02-16 14:00:00,15556.9,15556.9,15556.9,29991200,29991200,29991200
2023-02-16 18:00:00,15497.8,15497.8,15497.8,29991200,29991200,29991200
2023-02-16 22:00:00,15458.4,15458.4,15458.4,29991200,29991200,29991200
2023-02-17 02:00:00,15427.6,15427.6,15427.6,29991200,29991200,29991200
2023-02-17 06:00:00,15403.1,15403.1,15403.1,29991200,29991200,29991200
2023-02-17 10:00:00,15437.9,15437.9,15437.9,29991200,29991200,29991200
2023-02-17 14:00:00,15482.5,15482.5,15482.5,29991200,29991200,29991200
2023-02-17 18:00:00,15515.1,15515.1,15515.1,29991200,29991200,29991200
2023-02-19 22:00:00,15523.1,15523.1,15523.1,29991200,29991200,29991200
2023-02-20 02:00:00,15542.3,15542.3,15542.3,29991200,29991200,29991200
2023-02-20 06:00:00,15464.8,15464.8,15464.8,29991200,29991200,29991200
2023-02-20 10:00:00,15491.6,15491.6,15491.6,29991200,29991200,29991200
2023-02-20 14:00:00,15469.9,15469.9,15469.9,29991200,29991200,29991200
2023-02-20 18:00:00,15473.5,15473.5,15473.5,29991200,29991200,29991200
2023-02-20 22:00:00,15478.6,15478.6,15478.6,29991200,29991200,29991200
2023-02-21 02:00:00,15475.8,15475.8,15475.8,29991200,29991200,29991200
2023-02-21 06:00:00,15422.7,15422.7,15422.7,29991200,29991200,29991200
2023-02-21 10:00:00,15426.2,15426.2,15426.2,29991200,29991200,29991200
2023-02-21 14:00:00,15410.9,15410.9,15410.9,29991200,29991200,29991200
2023-02-21 18:00:00,15374.5,15374.5,15374.5,29991200,29991200,29991200
2023-02-21 22:00:00,15379.7,15379.7,15379.7,29991200,29991200,29991200
2023-02-22 02:00:00,15369.9,15369.9,15369.9,29991200,29991200,29991200
2023-02-22 06:00:00,15308.5,15308.5,15308.5,29991200,29991200,29991200
2023-02-22 10:00:00,15393.3,15393.3,15393.3,29991200,29991200,29991200
2023-02-22 14:00:00,15426.5,15426.5,15426.5,29991200,29991200,29991200
2023-02-22 18:00:00,15426.1,15426.1,15426.1,29991200,29991200,29991200
2023-02-22 22:00:00,15467.2,15467.2,15467.2,29991200,29991200,29991200
2023-02-23 02:00:00,15452.4,15452.4,15452.4,29991200,29991200,29991200
2023-02-23 06:00:00,15452.7,15452.7,15452.7,29991200,29991200,29991200
2023-02-23 10:00:00,15481.7,15481.7,15481.7,29991200,29991200,29991200
2023-02-23 14:00:00,15471.5,15471.5,15471.5,29991200,29991200,29991200
2023-02-23 18:00:00,15516.7,15516.7,15516.7,29991200,29991200,29991200
2023-02-23 22:00:00,15528.7,15528.7,15528.7,29991200,29991200,29991200
2023-02-24 02:00:00,15525.3,15525.3,15525.3,29991200,29991200,29991200
2023-02-24 06:00:00,15470.0,15470.0,15470.0,29991200,29991200,29991200
2023-02-24 10:00:00,15328.5,15328.5,15328.5,29991200,29991200,29991200
2023-02-24 14:00:00,15206.0,15206.0,15206.0,29991200,29991200,29991200
2023-02-24 18:00:00,15243.1,15243.1,15243.1,29991200,29991200,29991200
2023-02-26 22:00:00,15278.9,15278.9,15278.9,29991200,29991200,29991200
2023-02-27 02:00:00,15254.0,15254.0,15254.0,29991200,29991200,29991200
2023-02-27 06:00:00,15434.6,15434.6,15434.6,29991200,29991200,29991200
2023-02-27 10:00:00,15468.8,15468.8,15468.8,29991200,29991200,29991200
2023-02-27 14:00:00,15404.3,15404.3,15404.3,29991200,29991200,29991200
2023-02-27 18:00:00,15417.7,15417.7,15417.7,29991200,29991200,29991200
2023-02-27 22:00:00,15427.0,15427.0,15427.0,29991200,29991200,29991200
2023-02-28 02:00:00,15391.3,15391.3,15391.3,29991200,29991200,29991200
2023-02-28 06:00:00,15359.8,15359.8,15359.8,29991200,29991200,29991200
2023-02-28 10:00:00,15426.5,15426.5,15426.5,29991200,29991200,29991200
2023-02-28 14:00:00,15378.7,15378.7,15378.7,29991200,29991200,29991200
2023-02-28 18:00:00,15353.4,15353.4,15353.4,29991200,29991200,29991200
2023-02-28 22:00:00,15367.0,15367.0,15367.0,29991200,29991200,29991200
2023-03-01 02:00:00,15399.7,15399.7,15399.7,29991200,29991200,29991200
2023-03-01 06:00:00,15424.0,15424.0,15424.0,29991200,29991200,29991200
2023-03-01 10:00:00,15387.0,15387.0,15387.0,29991200,29991200,29991200
2023-03-01 14:00:00,15330.4,15330.4,15330.4,29991200,29991200,29991200
2023-03-01 18:00:00,15335.7,15335.7,15335.7,29991200,29991200,29991200
2023-03-01 22:00:00,15283.1,15283.1,15283.1,29991200,29991200,29991200
2023-03-02 02:00:00,15271.3,15271.3,15271.3,29991200,29991200,29991200
2023-03-02 06:00:00,15218.3,15218.3,15218.3,29991200,29991200,29991200
2023-03-02 10:00:00,15243.1,15243.1,15243.1,29991200,29991200,29991200
2023-03-02 14:00:00,15330.0,15330.0,15330.0,29991200,29991200,29991200
2023-03-02 18:00:00,15368.2,15368.2,15368.2,29991200,29991200,29991200
2023-03-02 22:00:00,15364.7,15364.7,15364.7,29991200,29991200,29991200
2023-03-03 02:00:00,15377.9,15377.9,15377.9,29991200,29991200,29991200
2023-03-03 06:00:00,15461.0,15461.0,15461.0,29991200,29991200,29991200
2023-03-03 10:00:00,15522.7,15522.7,15522.7,29991200,29991200,29991200
2023-03-03 14:00:00,15618.3,15618.3,15618.3,29991200,29991200,29991200
2023-03-03 18:00:00,15625.9,15625.9,15625.9,29991200,29991200,29991200
2023-03-05 22:00:00,15601.7,15601.7,15601.7,29991200,29991200,29991200
2023-03-06 02:00:00,15624.9,15624.9,15624.9,29991200,29991200,29991200
2023-03-06 06:00:00,15622.5,15622.5,15622.5,29991200,29991200,29991200
2023-03-06 10:00:00,15666.7,15666.7,15666.7,29991200,29991200,29991200
2023-03-06 14:00:00,15651.3,15651.3,15651.3,29991200,29991200,29991200
2023-03-06 18:00:00,15642.4,15642.4,15642.4,29991200,29991200,29991200
2023-03-06 22:00:00,15663.6,15663.6,15663.6,29991200,29991200,29991200
2023-03-07 02:00:00,15658.8,15658.8,15658.8,29991200,29991200,29991200
2023-03-07 06:00:00,15681.8,15681.8,15681.8,29991200,29991200,29991200
2023-03-07 10:00:00,15655.3,15655.3,15655.3,29991200,29991200,29991200
2023-03-07 14:00:00,15565.5,15565.5,15565.5,29991200,29991200,29991200
2023-03-07 18:00:00,15527.4,15527.4,15527.4,29991200,29991200,29991200
2023-03-07 22:00:00,15522.8,15522.8,15522.8,29991200,29991200,29991200
2023-03-08 02:00:00,15520.5,15520.5,15520.5,29991200,29991200,29991200
2023-03-08 06:00:00,15568.8,15568.8,15568.8,29991200,29991200,29991200
2023-03-08 10:00:00,15614.9,15614.9,15614.9,29991200,29991200,29991200
2023-03-08 14:00:00,15631.3,15631.3,15631.3,29991200,29991200,29991200
2023-03-08 18:00:00,15655.4,15655.4,15655.4,29991200,29991200,29991200
2023-03-08 22:00:00,15621.1,15621.1,15621.1,29991200,29991200,29991200
2023-03-09 02:00:00,15632.3,15632.3,15632.3,29991200,29991200,29991200
2023-03-09 06:00:00,15549.0,15549.0,15549.0,29991200,29991200,29991200
2023-03-09 10:00:00,15592.8,15592.8,15592.8,29991200,29991200,29991200
2023-03-09 14:00:00,15601.6,15601.6,15601.6,29991200,29991200,29991200
2023-03-09 18:00:00,15498.6,15498.6,15498.6,29991200,29991200,29991200
2023-03-09 22:00:00,15453.0,15453.0,15453.0,29991200,29991200,29991200
2023-03-10 02:00:00,15447.2,15447.2,15447.2,29991200,29991200,29991200
2023-03-10 06:00:00,15389.2,15389.2,15389.2,29991200,29991200,29991200
2023-03-10 10:00:00,15466.8,15466.8,15466.8,29991200,29991200,29991200
2023-03-10 14:00:00,15340.8,15340.8,15340.8,29991200,29991200,29991200
2023-03-10 18:00:00,15285.5,15285.5,15285.5,29991200,29991200,29991200
2023-03-12 21:00:00,15426.4,15426.4,15426.4,29991200,29991200,29991200
2023-03-13 01:00:00,15447.0,15447.0,15447.0,29991200,29991200,29991200
2023-03-13 05:00:00,15133.5,15133.5,15133.5,29991200,29991200,29991200
2023-03-13 09:00:00,14972.5,14972.5,14972.5,29991200,29991200,29991200
2023-03-13 13:00:00,14951.8,14951.8,14951.8,29991200,29991200,29991200
2023-03-13 17:00:00,14985.0,14985.0,14985.0,29991200,29991200,29991200
2023-03-13 21:00:00,14976.7,14976.7,14976.7,29991200,29991200,29991200
2023-03-14 01:00:00,15021.9,15021.9,15021.9,29991200,29991200,29991200
2023-03-14 05:00:00,15062.3,15062.3,15062.3,29991200,29991200,29991200
2023-03-14 09:00:00,15191.5,15191.5,15191.5,29991200,29991200,29991200
2023-03-14 13:00:00,15194.1,15194.1,15194.1,29991200,29991200,29991200
2023-03-14 17:00:00,15234.4,15234.4,15234.4,29991200,29991200,29991200
2023-03-14 21:00:00,15214.5,15214.5,15214.5,29991200,29991200,29991200
2023-03-15 01:00:00,15235.8,15235.8,15235.8,29991200,29991200,29991200
2023-03-15 05:00:00,15155.0,15155.0,15155.0,29991200,29991200,29991200
2023-03-15 09:00:00,14768.6,14768.6,14768.6,29991200,29991200,29991200
2023-03-15 13:00:00,14719.7,14719.7,14719.7,29991200,29991200,29991200
2023-03-15 17:00:00,14875.9,14875.9,14875.9,29991200,29991200,29991200
2023-03-15 21:00:00,14978.4,14978.4,14978.4,29991200,29991200,29991200
2023-03-16 01:00:00,14989.1,14989.1,14989.1,29991200,29991200,29991200
2023-03-16 05:00:00,14846.6,14846.6,14846.6,29991200,29991200,29991200
2023-03-16 09:00:00,14779.7,14779.7,14779.7,29991200,29991200,29991200
2023-03-16 13:00:00,15019.6,15019.6,15019.6,29991200,29991200,29991200
2023-03-16 17:00:00,15035.3,15035.3,15035.3,29991200,29991200,29991200
2023-03-16 21:00:00,15003.8,15003.8,15003.8,29991200,29991200,29991200
2023-03-17 01:00:00,15042.7,15042.7,15042.7,29991200,29991200,29991200
2023-03-17 05:00:00,15077.5,15077.5,15077.5,29991200,29991200,29991200
2023-03-17 09:00:00,14794.6,14794.6,14794.6,29991200,29991200,29991200
2023-03-17 13:00:00,14777.7,14777.7,14777.7,29991200,29991200,29991200
2023-03-17 17:00:00,14777.5,14777.5,14777.5,29991200,29991200,29991200
2023-03-19 21:00:00,14917.8,14917.8,14917.8,29991200,29991200,29991200
2023-03-20 01:00:00,14729.0,14729.0,14729.0,29991200,29991200,29991200
2023-03-20 05:00:00,14689.3,14689.3,14689.3,29991200,29991200,29991200
2023-03-20 09:00:00,14906.1,14906.1,14906.1,29991200,29991200,29991200
2023-03-20 13:00:00,14961.3,14961.3,14961.3,29991200,29991200,29991200
2023-03-20 17:00:00,14986.8,14986.8,14986.8,29991200,29991200,29991200
2023-03-20 21:00:00,15018.7,15018.7,15018.7,29991200,29991200,29991200
2023-03-21 01:00:00,15011.5,15011.5,15011.5,29991200,29991200,29991200
2023-03-21 05:00:00,15127.9,15127.9,15127.9,29991200,29991200,29991200
2023-03-21 09:00:00,15199.0,15199.0,15199.0,29991200,29991200,29991200
2023-03-21 13:00:00,15195.5,15195.5,15195.5,29991200,29991200,29991200
2023-03-21 17:00:00,15260.6,15260.6,15260.6,29991200,29991200,29991200
2023-03-21 21:00:00,15232.6,15232.6,15232.6,29991200,29991200,29991200
2023-03-22 01:00:00,15257.2,15257.2,15257.2,29991200,29991200,29991200
2023-03-22 05:00:00,15218.6,15218.6,15218.6,29991200,29991200,29991200
2023-03-22 09:00:00,15283.8,15283.8,15283.8,29991200,29991200,29991200
2023-03-22 13:00:00,15212.6,15212.6,15212.6,29991200,29991200,29991200
2023-03-22 17:00:00,15108.5,15108.5,15108.5,29991200,29991200,29991200
2023-03-22 21:00:00,15112.6,15112.6,15112.6,29991200,29991200,29991200
2023-03-23 01:00:00,15180.3,15180.3,15180.3,29991200,29991200,29991200
2023-03-23 05:00:00,15213.7,15213.7,15213.7,29991200,29991200,29991200
2023-03-23 09:00:00,15177.0,15177.0,15177.0,29991200,29991200,29991200
2023-03-23 13:00:00,15179.0,15179.0,15179.0,29991200,29991200,29991200
2023-03-23 17:00:00,15145.7,15145.7,15145.7,29991200,29991200,29991200
2023-03-23 21:00:00,15125.1,15125.1,15125.1,29991200,29991200,29991200
2023-03-24 01:00:00,15124.9,15124.9,15124.9,29991200,29991200,29991200
2023-03-24 05:00:00,15024.8,15024.8,15024.8,29991200,29991200,29991200
2023-03-24 09:00:00,14919.4,14919.4,14919.4,29991200,29991200,29991200
2023-03-24 13:00:00,14981.0,14981.0,14981.0,29991200,29991200,29991200
2023-03-24 17:00:00,15015.9,15015.9,15015.9,29991200,29991200,29991200
2023-03-26 21:00:00,15084.2,15084.2,15084.2,29991200,29991200,29991200
2023-03-27 01:00:00,15091.9,15091.9,15091.9,29991200,29991200,29991200
2023-03-27 05:00:00,15098.3,15098.3,15098.3,29991200,29991200,29991200
2023-03-27 09:00:00,15163.4,15163.4,15163.4,29991200,29991200,29991200
2023-03-27 13:00:00,15143.1,15143.1,15143.1,29991200,29991200,29991200
2023-03-27 17:00:00,15174.0,15174.0,15174.0,29991200,29991200,29991200
2023-03-27 21:00:00,15169.9,15169.9,15169.9,29991200,29991200,29991200
2023-03-28 01:00:00,15181.6,15181.6,15181.6,29991200,29991200,29991200
2023-03-28 05:00:00,15165.7,15165.7,15165.7,29991200,29991200,29991200
2023-03-28 09:00:00,15115.2,15115.2,15115.2,29991200,29991200,29991200
2023-03-28 13:00:00,15122.7,15122.7,15122.7,29991200,29991200,29991200
2023-03-28 17:00:00,15140.0,15140.0,15140.0,29991200,29991200,29991200
2023-03-28 21:00:00,15163.9,15163.9,15163.9,29991200,29991200,29991200
2023-03-29 01:00:00,15195.4,15195.4,15195.4,29991200,29991200,29991200
2023-03-29 05:00:00,15241.2,15241.2,15241.2,29991200,29991200,29991200
2023-03-29 09:00:00,15285.5,15285.5,15285.5,29991200,29991200,29991200
2023-03-29 13:00:00,15330.4,15330.4,15330.4,29991200,29991200,29991200
2023-03-29 17:00:00,15349.8,15349.8,15349.8,29991200,29991200,29991200
2023-03-29 21:00:00,15354.7,15354.7,15354.7,29991200,29991200,29991200
2023-03-30 01:00:00,15363.5,15363.5,15363.5,29991200,29991200,29991200
2023-03-30 05:00:00,15494.9,15494.9,15494.9,29991200,29991200,29991200
2023-03-30 09:00:00,15478.3,15478.3,15478.3,29991200,29991200,29991200
2023-03-30 13:00:00,15508.9,15508.9,15508.9,29991200,29991200,29991200
2023-03-30 17:00:00,15543.1,15543.1,15543.1,29991200,29991200,29991200
2023-03-30 21:00:00,15585.2,15585.2,15585.2,29991200,29991200,29991200
2023-03-31 01:00:00,15564.8,15564.8,15564.8,29991200,29991200,29991200
2023-03-31 05:00:00,15542.4,15542.4,15542.4,29991200,29991200,29991200
2023-03-31 09:00:00,15609.8,15609.8,15609.8,29991200,29991200,29991200
2023-03-31 13:00:00,15639.2,15639.2,15639.2,29991200,29991200,29991200
2023-03-31 17:00:00,15644.4,15644.4,15644.4,29991200,29991200,29991200
2023-04-02 21:00:00,15636.9,15636.9,15636.9,29991200,29991200,29991200
2023-04-03 01:00:00,15617.4,15617.4,15617.4,29991200,29991200,29991200
2023-04-03 05:00:00,15643.1,15643.1,15643.1,29991200,29991200,29991200
2023-04-03 09:00:00,15605.1,15605.1,15605.1,29991200,29991200,29991200
2023-04-03 13:00:00,15585.5,15585.5,15585.5,29991200,29991200,29991200
2023-04-03 17:00:00,15624.1,15624.1,15624.1,29991200,29991200,29991200
2023-04-03 21:00:00,15622.2,15622.2,15622.2,29991200,29991200,29991200
2023-04-04 01:00:00,15621.5,15621.5,15621.5,29991200,29991200,29991200
2023-04-04 05:00:00,15666.5,15666.5,15666.5,29991200,29991200,29991200
2023-04-04 09:00:00,15716.0,15716.0,15716.0,29991200,29991200,29991200
2023-04-04 13:00:00,15604.1,15604.1,15604.1,29991200,29991200,29991200
2023-04-04 17:00:00,15621.0,15621.0,15621.0,29991200,29991200,29991200
2023-04-04 21:00:00,15610.2,15610.2,15610.2,29991200,29991200,29991200
2023-04-05 01:00:00,15593.2,15593.2,15593.2,29991200,29991200,29991200
2023-04-05 05:00:00,15537.0,15537.0,15537.0,29991200,29991200,29991200
2023-04-05 09:00:00,15514.0,15514.0,15514.0,29991200,29991200,29991200
2023-04-05 13:00:00,15509.3,15509.3,15509.3,29991200,29991200,29991200
2023-04-05 17:00:00,15528.0,15528.0,15528.0,29991200,29991200,29991200
2023-04-05 21:00:00,15516.8,15516.8,15516.8,29991200,29991200,29991200
2023-04-06 01:00:00,15491.9,15491.9,15491.9,29991200,29991200,29991200
2023-04-06 05:00:00,15566.9,15566.9,15566.9,29991200,29991200,29991200
2023-04-06 09:00:00,15572.2,15572.2,15572.2,29991200,29991200,29991200
2023-04-06 13:00:00,15649.3,15649.3,15649.3,29991200,29991200,29991200
2023-04-06 17:00:00,15627.7,15627.7,15627.7,29991200,29991200,29991200
2023-04-10 21:00:00,15706.7,15706.7,15706.7,29991200,29991200,29991200
2023-04-11 01:00:00,15694.7,15694.7,15694.7,29991200,29991200,29991200
2023-04-11 05:00:00,15697.3,15697.3,15697.3,29991200,29991200,29991200
2023-04-11 09:00:00,15634.4,15634.4,15634.4,29991200,29991200,29991200
2023-04-11 13:00:00,15671.6,15671.6,15671.6,29991200,29991200,29991200
2023-04-11 17:00:00,15670.4,15670.4,15670.4,29991200,29991200,29991200
2023-04-11 21:00:00,15662.8,15662.8,15662.8,29991200,29991200,29991200
2023-04-12 01:00:00,15658.2,15658.2,15658.2,29991200,29991200,29991200
2023-04-12 05:00:00,15690.4,15690.4,15690.4,29991200,29991200,29991200
2023-04-12 09:00:00,15737.3,15737.3,15737.3,29991200,29991200,29991200
2023-04-12 13:00:00,15737.3,15737.3,15737.3,29991200,29991200,29991200
2023-04-12 17:00:00,15674.2,15674.2,15674.2,29991200,29991200,29991200
2023-04-12 21:00:00,15671.5,15671.5,15671.5,29991200,29991200,29991200
2023-04-13 01:00:00,15696.1,15696.1,15696.1,29991200,29991200,29991200
2023-04-13 05:00:00,15699.7,15699.7,15699.7,29991200,29991200,29991200
2023-04-13 09:00:00,15715.1,15715.1,15715.1,29991200,29991200,29991200
2023-04-13 13:00:00,15745.1,15745.1,15745.1,29991200,29991200,29991200
2023-04-13 17:00:00,15756.3,15756.3,15756.3,29991200,29991200,29991200
2023-04-13 21:00:00,15779.9,15779.9,15779.9,29991200,29991200,29991200
2023-04-14 01:00:00,15771.4,15771.4,15771.4,29991200,29991200,29991200
2023-04-14 05:00:00,15769.9,15769.9,15769.9,29991200,29991200,29991200
2023-04-14 09:00:00,15801.4,15801.4,15801.4,29991200,29991200,29991200
2023-04-14 13:00:00,15770.7,15770.7,15770.7,29991200,29991200,29991200
2023-04-14 17:00:00,15797.2,15797.2,15797.2,29991200,29991200,29991200
2023-04-16 21:00:00,15816.0,15816.0,15816.0,29991200,29991200,29991200
2023-04-17 01:00:00,15820.3,15820.3,15820.3,29991200,29991200,29991200
2023-04-17 05:00:00,15830.8,15830.8,15830.8,29991200,29991200,29991200
2023-04-17 09:00:00,15775.5,15775.5,15775.5,29991200,29991200,29991200
2023-04-17 13:00:00,15795.1,15795.1,15795.1,29991200,29991200,29991200
2023-04-17 17:00:00,15819.9,15819.9,15819.9,29991200,29991200,29991200
2023-04-17 21:00:00,15809.1,15809.1,15809.1,29991200,29991200,29991200
2023-04-18 01:00:00,15810.5,15810.5,15810.5,29991200,29991200,29991200
2023-04-18 05:00:00,15829.3,15829.3,15829.3,29991200,29991200,29991200
2023-04-18 09:00:00,15911.2,15911.2,15911.2,29991200,29991200,29991200
2023-04-18 13:00:00,15878.9,15878.9,15878.9,29991200,29991200,29991200
2023-04-18 17:00:00,15899.7,15899.7,15899.7,29991200,29991200,29991200
2023-04-18 21:00:00,15885.1,15885.1,15885.1,29991200,29991200,29991200
2023-04-19 01:00:00,15872.6,15872.6,15872.6,29991200,29991200,29991200
2023-04-19 05:00:00,15866.3,15866.3,15866.3,29991200,29991200,29991200
2023-04-19 09:00:00,15852.6,15852.6,15852.6,29991200,29991200,29991200
2023-04-19 13:00:00,15916.0,15916.0,15916.0,29991200,29991200,29991200
2023-04-19 17:00:00,15889.0,15889.0,15889.0,29991200,29991200,29991200
2023-04-19 21:00:00,15890.4,15890.4,15890.4,29991200,29991200,29991200
2023-04-20 01:00:00,15889.8,15889.8,15889.8,29991200,29991200,29991200
2023-04-20 05:00:00,15777.5,15777.5,15777.5,29991200,29991200,29991200
2023-04-20 09:00:00,15756.5,15756.5,15756.5,29991200,29991200,29991200
2023-04-20 13:00:00,15821.2,15821.2,15821.2,29991200,29991200,29991200
2023-04-20 17:00:00,15787.3,15787.3,15787.3,29991200,29991200,29991200
2023-04-20 21:00:00,15805.1,15805.1,15805.1,29991200,29991200,29991200
2023-04-21 01:00:00,15781.2,15781.2,15781.2,29991200,29991200,29991200
2023-04-21 05:00:00,15759.4,15759.4,15759.4,29991200,29991200,29991200
2023-04-21 09:00:00,15791.6,15791.6,15791.6,29991200,29991200,29991200
2023-04-21 13:00:00,15889.9,15889.9,15889.9,29991200,29991200,29991200
2023-04-21 17:00:00,15903.5,15903.5,15903.5,29991200,29991200,29991200
2023-04-23 21:00:00,15871.1,15871.1,15871.1,29991200,29991200,29991200
2023-04-24 01:00:00,15863.0,15863.0,15863.0,29991200,29991200,29991200
2023-04-24 05:00:00,15851.3,15851.3,15851.3,29991200,29991200,29991200
2023-04-24 09:00:00,15893.8,15893.8,15893.8,29991200,29991200,29991200
2023-04-24 13:00:00,15870.4,15870.4,15870.4,29991200,29991200,29991200
2023-04-24 17:00:00,15869.4,15869.4,15869.4,29991200,29991200,29991200
2023-04-24 21:00:00,15860.2,15860.2,15860.2,29991200,29991200,29991200
2023-04-25 01:00:00,15829.8,15829.8,15829.8,29991200,29991200,29991200
2023-04-25 05:00:00,15840.4,15840.4,15840.4,29991200,29991200,29991200
2023-04-25 09:00:00,15849.9,15849.9,15849.9,29991200,29991200,29991200
2023-04-25 13:00:00,15846.1,15846.1,15846.1,29991200,29991200,29991200
2023-04-25 17:00:00,15827.4,15827.4,15827.4,29991200,29991200,29991200
2023-04-25 21:00:00,15819.5,15819.5,15819.5,29991200,29991200,29991200
2023-04-26 01:00:00,15802.1,15802.1,15802.1,29991200,29991200,29991200
2023-04-26 05:00:00,15792.6,15792.6,15792.6,29991200,29991200,29991200
2023-04-26 09:00:00,15778.1,15778.1,15778.1,29991200,29991200,29991200
2023-04-26 13:00:00,15793.1,15793.1,15793.1,29991200,29991200,29991200
2023-04-26 17:00:00,15756.7,15756.7,15756.7,29991200,29991200,29991200
2023-04-26 21:00:00,15735.8,15735.8,15735.8,29991200,29991200,29991200
2023-04-27 01:00:00,15764.5,15764.5,15764.5,29991200,29991200,29991200
2023-04-27 05:00:00,15818.1,15818.1,15818.1,29991200,29991200,29991200
2023-04-27 09:00:00,15849.5,15849.5,15849.5,29991200,29991200,29991200
2023-04-27 13:00:00,15820.3,15820.3,15820.3,29991200,29991200,29991200
2023-04-27 17:00:00,15870.7,15870.7,15870.7,29991200,29991200,29991200
2023-04-27 21:00:00,15842.8,15842.8,15842.8,29991200,29991200,29991200
2023-04-28 01:00:00,15852.2,15852.2,15852.2,29991200,29991200,29991200
2023-04-28 05:00:00,15706.6,15706.6,15706.6,29991200,29991200,29991200
2023-04-28 09:00:00,15822.3,15822.3,15822.3,29991200,29991200,29991200
2023-04-28 13:00:00,15939.3,15939.3,15939.3,29991200,29991200,29991200
2023-04-28 17:00:00,15940.1,15940.1,15940.1,29991200,29991200,29991200
2023-05-01 21:00:00,15932.7,15932.7,15932.7,29991200,29991200,29991200
2023-05-02 01:00:00,15933.7,15933.7,15933.7,29991200,29991200,29991200
2023-05-02 05:00:00,15866.3,15866.3,15866.3,29991200,29991200,29991200
2023-05-02 09:00:00,15846.7,15846.7,15846.7,29991200,29991200,29991200
2023-05-02 13:00:00,15757.2,15757.2,15757.2,29991200,29991200,29991200
2023-05-02 17:00:00,15756.2,15756.2,15756.2,29991200,29991200,29991200
2023-05-02 21:00:00,15773.7,15773.7,15773.7,29991200,29991200,29991200
2023-05-03 01:00:00,15776.6,15776.6,15776.6,29991200,29991200,29991200
2023-05-03 05:00:00,15802.2,15802.2,15802.2,29991200,29991200,29991200
2023-05-03 09:00:00,15809.3,15809.3,15809.3,29991200,29991200,29991200
2023-05-03 13:00:00,15857.2,15857.2,15857.2,29991200,29991200,29991200
2023-05-03 17:00:00,15733.1,15733.1,15733.1,29991200,29991200,29991200
2023-05-03 21:00:00,15737.3,15737.3,15737.3,29991200,29991200,29991200
2023-05-04 01:00:00,15807.7,15807.7,15807.7,29991200,29991200,29991200
2023-05-04 05:00:00,15747.9,15747.9,15747.9,29991200,29991200,29991200
2023-05-04 09:00:00,15717.3,15717.3,15717.3,29991200,29991200,29991200
2023-05-04 13:00:00,15761.7,15761.7,15761.7,29991200,29991200,29991200
2023-05-04 17:00:00,15744.1,15744.1,15744.1,29991200,29991200,29991200
2023-05-04 21:00:00,15786.7,15786.7,15786.7,29991200,29991200,29991200
2023-05-05 01:00:00,15795.0,15795.0,15795.0,29991200,29991200,29991200
2023-05-05 05:00:00,15860.8,15860.8,15860.8,29991200,29991200,29991200
2023-05-05 09:00:00,15868.3,15868.3,15868.3,29991200,29991200,29991200
2023-05-05 13:00:00,15957.2,15957.2,15957.2,29991200,29991200,29991200
2023-05-05 17:00:00,15979.4,15979.4,15979.4,29991200,29991200,29991200
2023-05-07 21:00:00,15970.2,15970.2,15970.2,29991200,29991200,29991200
2023-05-08 01:00:00,15964.1,15964.1,15964.1,29991200,29991200,29991200
2023-05-08 05:00:00,15957.2,15957.2,15957.2,29991200,29991200,29991200
2023-05-08 09:00:00,15976.2,15976.2,15976.2,29991200,29991200,29991200
2023-05-08 13:00:00,15950.9,15950.9,15950.9,29991200,29991200,29991200
2023-05-08 17:00:00,15960.0,15960.0,15960.0,29991200,29991200,29991200
2023-05-08 21:00:00,15957.4,15957.4,15957.4,29991200,29991200,29991200
2023-05-09 01:00:00,15970.2,15970.2,15970.2,29991200,29991200,29991200
2023-05-09 05:00:00,15921.8,15921.8,15921.8,29991200,29991200,29991200
2023-05-09 09:00:00,15886.2,15886.2,15886.2,29991200,29991200,29991200
2023-05-09 13:00:00,15946.0,15946.0,15946.0,29991200,29991200,29991200
2023-05-09 17:00:00,15947.8,15947.8,15947.8,29991200,29991200,29991200
2023-05-09 21:00:00,15957.1,15957.1,15957.1,29991200,29991200,29991200
2023-05-10 01:00:00,15955.4,15955.4,15955.4,29991200,29991200,29991200
2023-05-10 05:00:00,15919.4,15919.4,15919.4,29991200,29991200,29991200
2023-05-10 09:00:00,15960.5,15960.5,15960.5,29991200,29991200,29991200
2023-05-10 13:00:00,15860.0,15860.0,15860.0,29991200,29991200,29991200
2023-05-10 17:00:00,15894.3,15894.3,15894.3,29991200,29991200,29991200
2023-05-10 21:00:00,15921.3,15921.3,15921.3,29991200,29991200,29991200
2023-05-11 01:00:00,15916.7,15916.7,15916.7,29991200,29991200,29991200
2023-05-11 05:00:00,15912.7,15912.7,15912.7,29991200,29991200,29991200
2023-05-11 09:00:00,15830.5,15830.5,15830.5,29991200,29991200,29991200
2023-05-11 13:00:00,15843.5,15843.5,15843.5,29991200,29991200,29991200
2023-05-11 17:00:00,15845.8,15845.8,15845.8,29991200,29991200,29991200
2023-05-11 21:00:00,15866.9,15866.9,15866.9,29991200,29991200,29991200
2023-05-12 01:00:00,15870.7,15870.7,15870.7,29991200,29991200,29991200
2023-05-12 05:00:00,15922.7,15922.7,15922.7,29991200,29991200,29991200
2023-05-12 09:00:00,15893.3,15893.3,15893.3,29991200,29991200,29991200
2023-05-12 13:00:00,15880.9,15880.9,15880.9,29991200,29991200,29991200
2023-05-12 17:00:00,15909.0,15909.0,15909.0,29991200,29991200,29991200
2023-05-14 21:00:00,15888.3,15888.3,15888.3,29991200,29991200,29991200
2023-05-15 01:00:00,15924.0,15924.0,15924.0,29991200,29991200,29991200
2023-05-15 05:00:00,15931.6,15931.6,15931.6,29991200,29991200,29991200
2023-05-15 09:00:00,15889.3,15889.3,15889.3,29991200,29991200,29991200
2023-05-15 13:00:00,15941.7,15941.7,15941.7,29991200,29991200,29991200
2023-05-15 17:00:00,15933.5,15933.5,15933.5,29991200,29991200,29991200
2023-05-15 21:00:00,15927.7,15927.7,15927.7,29991200,29991200,29991200
2023-05-16 01:00:00,15908.5,15908.5,15908.5,29991200,29991200,29991200
2023-05-16 05:00:00,15931.7,15931.7,15931.7,29991200,29991200,29991200
2023-05-16 09:00:00,15933.7,15933.7,15933.7,29991200,29991200,29991200
2023-05-16 13:00:00,15915.3,15915.3,15915.3,29991200,29991200,29991200
2023-05-16 17:00:00,15901.4,15901.4,15901.4,29991200,29991200,29991200
2023-05-16 21:00:00,15889.8,15889.8,15889.8,29991200,29991200,29991200
2023-05-17 01:00:00,15902.0,15902.0,15902.0,29991200,29991200,29991200
2023-05-17 05:00:00,15945.3,15945.3,15945.3,29991200,29991200,29991200
2023-05-17 09:00:00,15979.0,15979.0,15979.0,29991200,29991200,29991200
2023-05-17 13:00:00,16000.8,16000.8,16000.8,29991200,29991200,29991200
2023-05-17 17:00:00,16013.5,16013.5,16013.5,29991200,29991200,29991200
2023-05-17 21:00:00,16017.1,16017.1,16017.1,29991200,29991200,29991200
2023-05-18 01:00:00,16026.4,16026.4,16026.4,29991200,29991200,29991200
2023-05-18 05:00:00,16177.6,16177.6,16177.6,29991200,29991200,29991200
2023-05-18 09:00:00,16167.4,16167.4,16167.4,29991200,29991200,29991200
2023-05-18 13:00:00,16142.0,16142.0,16142.0,29991200,29991200,29991200
2023-05-18 17:00:00,16214.2,16214.2,16214.2,29991200,29991200,29991200
2023-05-18 21:00:00,16224.7,16224.7,16224.7,29991200,29991200,29991200
2023-05-19 01:00:00,16227.9,16227.9,16227.9,29991200,29991200,29991200
2023-05-19 05:00:00,16270.3,16270.3,16270.3,29991200,29991200,29991200
2023-05-19 09:00:00,16277.9,16277.9,16277.9,29991200,29991200,29991200
2023-05-19 13:00:00,16280.2,16280.2,16280.2,29991200,29991200,29991200
2023-05-19 17:00:00,16304.8,16304.8,16304.8,29991200,29991200,29991200
2023-05-21 21:00:00,16294.1,16294.1,16294.1,29991200,29991200,29991200
2023-05-22 01:00:00,16298.3,16298.3,16298.3,29991200,29991200,29991200
2023-05-22 05:00:00,16260.8,16260.8,16260.8,29991200,29991200,29991200
2023-05-22 09:00:00,16207.3,16207.3,16207.3,29991200,29991200,29991200
2023-05-22 13:00:00,16227.4,16227.4,16227.4,29991200,29991200,29991200
2023-05-22 17:00:00,16227.6,16227.6,16227.6,29991200,29991200,29991200
2023-05-22 21:00:00,16246.3,16246.3,16246.3,29991200,29991200,29991200
2023-05-23 01:00:00,16221.6,16221.6,16221.6,29991200,29991200,29991200
2023-05-23 05:00:00,16199.4,16199.4,16199.4,29991200,29991200,29991200
2023-05-23 09:00:00,16171.9,16171.9,16171.9,29991200,29991200,29991200
2023-05-23 13:00:00,16118.9,16118.9,16118.9,29991200,29991200,29991200
2023-05-23 17:00:00,16078.1,16078.1,16078.1,29991200,29991200,29991200
2023-05-23 21:00:00,16084.5,16084.5,16084.5,29991200,29991200,29991200
2023-05-24 01:00:00,16082.7,16082.7,16082.7,29991200,29991200,29991200
2023-05-24 05:00:00,15972.0,15972.0,15972.0,29991200,29991200,29991200
2023-05-24 09:00:00,15869.2,15869.2,15869.2,29991200,29991200,29991200
2023-05-24 13:00:00,15844.4,15844.4,15844.4,29991200,29991200,29991200
2023-05-24 17:00:00,15893.5,15893.5,15893.5,29991200,29991200,29991200
2023-05-24 21:00:00,15862.3,15862.3,15862.3,29991200,29991200,29991200
2023-05-25 01:00:00,15841.6,15841.6,15841.6,29991200,29991200,29991200
2023-05-25 05:00:00,15813.6,15813.6,15813.6,29991200,29991200,29991200
2023-05-25 09:00:00,15839.1,15839.1,15839.1,29991200,29991200,29991200
2023-05-25 13:00:00,15810.0,15810.0,15810.0,29991200,29991200,29991200
2023-05-25 17:00:00,15827.6,15827.6,15827.6,29991200,29991200,29991200
2023-05-25 21:00:00,15815.9,15815.9,15815.9,29991200,29991200,29991200
2023-05-26 01:00:00,15804.7,15804.7,15804.7,29991200,29991200,29991200
2023-05-26 05:00:00,15781.8,15781.8,15781.8,29991200,29991200,29991200
2023-05-26 09:00:00,15863.0,15863.0,15863.0,29991200,29991200,29991200
2023-05-26 13:00:00,16002.5,16002.5,16002.5,29991200,29991200,29991200
2023-05-26 17:00:00,15986.7,15986.7,15986.7,29991200,29991200,29991200
2023-05-28 21:00:00,16018.3,16018.3,16018.3,29991200,29991200,29991200
2023-05-29 01:00:00,16005.5,16005.5,16005.5,29991200,29991200,29991200
2023-05-29 05:00:00,16001.3,16001.3,16001.3,29991200,29991200,29991200
2023-05-29 09:00:00,15937.4,15937.4,15937.4,29991200,29991200,29991200
2023-05-29 13:00:00,15950.7,15950.7,15950.7,29991200,29991200,29991200
2023-05-29 17:00:00,15950.4,15950.4,15950.4,29991200,29991200,29991200
2023-05-29 21:00:00,15968.5,15968.5,15968.5,29991200,29991200,29991200
2023-05-30 01:00:00,15965.3,15965.3,15965.3,29991200,29991200,29991200
2023-05-30 05:00:00,16004.1,16004.1,16004.1,29991200,29991200,29991200
2023-05-30 09:00:00,16015.7,16015.7,16015.7,29991200,29991200,29991200
2023-05-30 13:00:00,15923.7,15923.7,15923.7,29991200,29991200,29991200
2023-05-30 17:00:00,15918.3,15918.3,15918.3,29991200,29991200,29991200
2023-05-30 21:00:00,15903.6,15903.6,15903.6,29991200,29991200,29991200
2023-05-31 01:00:00,15859.4,15859.4,15859.4,29991200,29991200,29991200
2023-05-31 05:00:00,15862.4,15862.4,15862.4,29991200,29991200,29991200
2023-05-31 09:00:00,15807.5,15807.5,15807.5,29991200,29991200,29991200
2023-05-31 13:00:00,15701.8,15701.8,15701.8,29991200,29991200,29991200
2023-05-31 17:00:00,15705.6,15705.6,15705.6,29991200,29991200,29991200
2023-05-31 21:00:00,15710.7,15710.7,15710.7,29991200,29991200,29991200
2023-06-01 01:00:00,15732.4,15732.4,15732.4,29991200,29991200,29991200
2023-06-01 05:00:00,15854.5,15854.5,15854.5,29991200,29991200,29991200
2023-06-01 09:00:00,15748.1,15748.1,15748.1,29991200,29991200,29991200
2023-06-01 13:00:00,15873.6,15873.6,15873.6,29991200,29991200,29991200
2023-06-01 17:00:00,15887.8,15887.8,15887.8,29991200,29991200,29991200
2023-06-01 21:00:00,15887.4,15887.4,15887.4,29991200,29991200,29991200
2023-06-02 01:00:00,15925.6,15925.6,15925.6,29991200,29991200,29991200
2023-06-02 05:00:00,15992.2,15992.2,15992.2,29991200,29991200,29991200
2023-06-02 09:00:00,16012.7,16012.7,16012.7,29991200,29991200,29991200
2023-06-02 13:00:00,16050.1,16050.1,16050.1,29991200,29991200,29991200
2023-06-02 17:00:00,16060.3,16060.3,16060.3,29991200,29991200,29991200
2023-06-04 21:00:00,16053.7,16053.7,16053.7,29991200,29991200,29991200
2023-06-05 01:00:00,16031.0,16031.0,16031.0,29991200,29991200,29991200
2023-06-05 05:00:00,16057.4,16057.4,16057.4,29991200,29991200,29991200
2023-06-05 09:00:00,16075.5,16075.5,16075.5,29991200,29991200,29991200
2023-06-05 13:00:00,15984.9,15984.9,15984.9,29991200,29991200,29991200
2023-06-05 17:00:00,15944.7,15944.7,15944.7,29991200,29991200,29991200
2023-06-05 21:00:00,15928.3,15928.3,15928.3,29991200,29991200,29991200
2023-06-06 01:00:00,15949.6,15949.6,15949.6,29991200,29991200,29991200
2023-06-06 05:00:00,15940.4,15940.4,15940.4,29991200,29991200,29991200
2023-06-06 09:00:00,15959.6,15959.6,15959.6,29991200,29991200,29991200
2023-06-06 13:00:00,15990.5,15990.5,15990.5,29991200,29991200,29991200
2023-06-06 17:00:00,16037.6,16037.6,16037.6,29991200,29991200,29991200
2023-06-06 21:00:00,16027.4,16027.4,16027.4,29991200,29991200,29991200
2023-06-07 01:00:00,16032.2,16032.2,16032.2,29991200,29991200,29991200
2023-06-07 05:00:00,15927.3,15927.3,15927.3,29991200,29991200,29991200
2023-06-07 09:00:00,15987.4,15987.4,15987.4,29991200,29991200,29991200
2023-06-07 13:00:00,15940.9,15940.9,15940.9,29991200,29991200,29991200
2023-06-07 17:00:00,15939.8,15939.8,15939.8,29991200,29991200,29991200
2023-06-07 21:00:00,15935.9,15935.9,15935.9,29991200,29991200,29991200
2023-06-08 01:00:00,15898.2,15898.2,15898.2,29991200,29991200,29991200
2023-06-08 05:00:00,15984.6,15984.6,15984.6,29991200,29991200,29991200
2023-06-08 09:00:00,15983.6,15983.6,15983.6,29991200,29991200,29991200
2023-06-08 13:00:00,16006.0,16006.0,16006.0,29991200,29991200,29991200
2023-06-08 17:00:00,16008.2,16008.2,16008.2,29991200,29991200,29991200
2023-06-08 21:00:00,15998.9,15998.9,15998.9,29991200,29991200,29991200
2023-06-09 01:00:00,16005.6,16005.6,16005.6,29991200,29991200,29991200
2023-06-09 05:00:00,15974.4,15974.4,15974.4,29991200,29991200,29991200
2023-06-09 09:00:00,15968.3,15968.3,15968.3,29991200,29991200,29991200
2023-06-09 13:00:00,15952.1,15952.1,15952.1,29991200,29991200,29991200
2023-06-09 17:00:00,15963.3,15963.3,15963.3,29991200,29991200,29991200
2023-06-11 21:00:00,16009.8,16009.8,16009.8,29991200,29991200,29991200
2023-06-12 01:00:00,16008.6,16008.6,16008.6,29991200,29991200,29991200
2023-06-12 05:00:00,16113.2,16113.2,16113.2,29991200,29991200,29991200
2023-06-12 09:00:00,16082.1,16082.1,16082.1,29991200,29991200,29991200
2023-06-12 13:00:00,16116.8,16116.8,16116.8,29991200,29991200,29991200
2023-06-12 17:00:00,16148.2,16148.2,16148.2,29991200,29991200,29991200
2023-06-12 21:00:00,16146.9,16146.9,16146.9,29991200,29991200,29991200
2023-06-13 01:00:00,16189.2,16189.2,16189.2,29991200,29991200,29991200
2023-06-13 05:00:00,16142.9,16142.9,16142.9,29991200,29991200,29991200
2023-06-13 09:00:00,16184.7,16184.7,16184.7,29991200,29991200,29991200
2023-06-13 13:00:00,16236.2,16236.2,16236.2,29991200,29991200,29991200
2023-06-13 17:00:00,16239.9,16239.9,16239.9,29991200,29991200,29991200
2023-06-13 21:00:00,16209.7,16209.7,16209.7,29991200,29991200,29991200
2023-06-14 01:00:00,16215.1,16215.1,16215.1,29991200,29991200,29991200
2023-06-14 05:00:00,16306.0,16306.0,16306.0,29991200,29991200,29991200
2023-06-14 09:00:00,16289.5,16289.5,16289.5,29991200,29991200,29991200
2023-06-14 13:00:00,16296.1,16296.1,16296.1,29991200,29991200,29991200
2023-06-14 17:00:00,16285.6,16285.6,16285.6,29991200,29991200,29991200
2023-06-14 21:00:00,16297.1,16297.1,16297.1,29991200,29991200,29991200
2023-06-15 01:00:00,16287.4,16287.4,16287.4,29991200,29991200,29991200
2023-06-15 05:00:00,16259.4,16259.4,16259.4,29991200,29991200,29991200
2023-06-15 09:00:00,16196.9,16196.9,16196.9,29991200,29991200,29991200
2023-06-15 13:00:00,16289.2,16289.2,16289.2,29991200,29991200,29991200
2023-06-15 17:00:00,16293.0,16293.0,16293.0,29991200,29991200,29991200
2023-06-15 21:00:00,16295.0,16295.0,16295.0,29991200,29991200,29991200
2023-06-16 01:00:00,16308.7,16308.7,16308.7,29991200,29991200,29991200
2023-06-16 05:00:00,16352.4,16352.4,16352.4,29991200,29991200,29991200
2023-06-16 09:00:00,16419.2,16419.2,16419.2,29991200,29991200,29991200
2023-06-16 13:00:00,16372.6,16372.6,16372.6,29991200,29991200,29991200
2023-06-16 17:00:00,16318.3,16318.3,16318.3,29991200,29991200,29991200
2023-06-18 21:00:00,16297.8,16297.8,16297.8,29991200,29991200,29991200
2023-06-19 01:00:00,16263.3,16263.3,16263.3,29991200,29991200,29991200
2023-06-19 05:00:00,16269.8,16269.8,16269.8,29991200,29991200,29991200
2023-06-19 09:00:00,16242.8,16242.8,16242.8,29991200,29991200,29991200
2023-06-19 13:00:00,16214.6,16214.6,16214.6,29991200,29991200,29991200
2023-06-19 17:00:00,16212.3,16212.3,16212.3,29991200,29991200,29991200
2023-06-19 21:00:00,16209.5,16209.5,16209.5,29991200,29991200,29991200
2023-06-20 01:00:00,16196.9,16196.9,16196.9,29991200,29991200,29991200
2023-06-20 05:00:00,16078.9,16078.9,16078.9,29991200,29991200,29991200
2023-06-20 09:00:00,16168.0,16168.0,16168.0,29991200,29991200,29991200
2023-06-20 13:00:00,16148.1,16148.1,16148.1,29991200,29991200,29991200
2023-06-20 17:00:00,16123.2,16123.2,16123.2,29991200,29991200,29991200
2023-06-20 21:00:00,16148.0,16148.0,16148.0,29991200,29991200,29991200
2023-06-21 01:00:00,16153.7,16153.7,16153.7,29991200,29991200,29991200
2023-06-21 05:00:00,16128.7,16128.7,16128.7,29991200,29991200,29991200
2023-06-21 09:00:00,16053.6,16053.6,16053.6,29991200,29991200,29991200
2023-06-21 13:00:00,16024.0,16024.0,16024.0,29991200,29991200,29991200
2023-06-21 17:00:00,15994.6,15994.6,15994.6,29991200,29991200,29991200
2023-06-21 21:00:00,15988.2,15988.2,15988.2,29991200,29991200,29991200
2023-06-22 01:00:00,15936.0,15936.0,15936.0,29991200,29991200,29991200
2023-06-22 05:00:00,15922.6,15922.6,15922.6,29991200,29991200,29991200
2023-06-22 09:00:00,15939.2,15939.2,15939.2,29991200,29991200,29991200
2023-06-22 13:00:00,15991.6,15991.6,15991.6,29991200,29991200,29991200
2023-06-22 17:00:00,15987.6,15987.6,15987.6,29991200,29991200,29991200
2023-06-22 21:00:00,15962.2,15962.2,15962.2,29991200,29991200,29991200
2023-06-23 01:00:00,15858.2,15858.2,15858.2,29991200,29991200,29991200
2023-06-23 05:00:00,15891.0,15891.0,15891.0,29991200,29991200,29991200
2023-06-23 09:00:00,15741.3,15741.3,15741.3,29991200,29991200,29991200
2023-06-23 13:00:00,15859.7,15859.7,15859.7,29991200,29991200,29991200
2023-06-23 17:00:00,15824.2,15824.2,15824.2,29991200,29991200,29991200
2023-06-25 21:00:00,15862.6,15862.6,15862.6,29991200,29991200,29991200
2023-06-26 01:00:00,15857.9,15857.9,15857.9,29991200,29991200,29991200
2023-06-26 05:00:00,15740.3,15740.3,15740.3,29991200,29991200,29991200
2023-06-26 09:00:00,15800.3,15800.3,15800.3,29991200,29991200,29991200
2023-06-26 13:00:00,15830.4,15830.4,15830.4,29991200,29991200,29991200
2023-06-26 17:00:00,15825.0,15825.0,15825.0,29991200,29991200,29991200
2023-06-26 21:00:00,15827.8,15827.8,15827.8,29991200,29991200,29991200
2023-06-27 01:00:00,15840.0,15840.0,15840.0,29991200,29991200,29991200
2023-06-27 05:00:00,15798.4,15798.4,15798.4,29991200,29991200,29991200
2023-06-27 09:00:00,15788.4,15788.4,15788.4,29991200,29991200,29991200
2023-06-27 13:00:00,15879.0,15879.0,15879.0,29991200,29991200,29991200
2023-06-27 17:00:00,15884.5,15884.5,15884.5,29991200,29991200,29991200
2023-06-27 21:00:00,15884.8,15884.8,15884.8,29991200,29991200,29991200
2023-06-28 01:00:00,15889.1,15889.1,15889.1,29991200,29991200,29991200
2023-06-28 05:00:00,15953.2,15953.2,15953.2,29991200,29991200,29991200
2023-06-28 09:00:00,15961.6,15961.6,15961.6,29991200,29991200,29991200
2023-06-28 13:00:00,15938.0,15938.0,15938.0,29991200,29991200,29991200
2023-06-28 17:00:00,15966.7,15966.7,15966.7,29991200,29991200,29991200
2023-06-28 21:00:00,15984.4,15984.4,15984.4,29991200,29991200,29991200
2023-06-29 01:00:00,15947.4,15947.4,15947.4,29991200,29991200,29991200
2023-06-29 05:00:00,15951.6,15951.6,15951.6,29991200,29991200,29991200
2023-06-29 09:00:00,15966.9,15966.9,15966.9,29991200,29991200,29991200
2023-06-29 13:00:00,15946.0,15946.0,15946.0,29991200,29991200,29991200
2023-06-29 17:00:00,15959.8,15959.8,15959.8,29991200,29991200,29991200
2023-06-29 21:00:00,15942.5,15942.5,15942.5,29991200,29991200,29991200
2023-06-30 01:00:00,15958.1,15958.1,15958.1,29991200,29991200,29991200
2023-06-30 05:00:00,16069.4,16069.4,16069.4,29991200,29991200,29991200
2023-06-30 09:00:00,16140.8,16140.8,16140.8,29991200,29991200,29991200
2023-06-30 13:00:00,16171.5,16171.5,16171.5,29991200,29991200,29991200
2023-06-30 17:00:00,16176.2,16176.2,16176.2,29991200,29991200,29991200
2023-07-02 21:00:00,16182.0,16182.0,16182.0,29991200,29991200,29991200
2023-07-03 01:00:00,16201.6,16201.6,16201.6,29991200,29991200,29991200
2023-07-03 05:00:00,16195.8,16195.8,16195.8,29991200,29991200,29991200
2023-07-03 09:00:00,16117.4,16117.4,16117.4,29991200,29991200,29991200
2023-07-03 13:00:00,16102.6,16102.6,16102.6,29991200,29991200,29991200
2023-07-03 17:00:00,16107.8,16107.8,16107.8,29991200,29991200,29991200
2023-07-03 21:00:00,16089.6,16089.6,16089.6,29991200,29991200,29991200
2023-07-04 01:00:00,16097.8,16097.8,16097.8,29991200,29991200,29991200
2023-07-04 05:00:00,16071.3,16071.3,16071.3,29991200,29991200,29991200
2023-07-04 09:00:00,16051.1,16051.1,16051.1,29991200,29991200,29991200
2023-07-04 13:00:00,16034.4,16034.4,16034.4,29991200,29991200,29991200
2023-07-04 17:00:00,16033.7,16033.7,16033.7,29991200,29991200,29991200
2023-07-04 21:00:00,16024.4,16024.4,16024.4,29991200,29991200,29991200
2023-07-05 01:00:00,16011.3,16011.3,16011.3,29991200,29991200,29991200
2023-07-05 05:00:00,15964.5,15964.5,15964.5,29991200,29991200,29991200
2023-07-05 09:00:00,15922.8,15922.8,15922.8,29991200,29991200,29991200
2023-07-05 13:00:00,15923.2,15923.2,15923.2,29991200,29991200,29991200
2023-07-05 17:00:00,15919.3,15919.3,15919.3,29991200,29991200,29991200
2023-07-05 21:00:00,15900.8,15900.8,15900.8,29991200,29991200,29991200
2023-07-06 01:00:00,15855.9,15855.9,15855.9,29991200,29991200,29991200
2023-07-06 05:00:00,15791.2,15791.2,15791.2,29991200,29991200,29991200
2023-07-06 09:00:00,15675.5,15675.5,15675.5,29991200,29991200,29991200
2023-07-06 13:00:00,15562.0,15562.0,15562.0,29991200,29991200,29991200
2023-07-06 17:00:00,15539.0,15539.0,15539.0,29991200,29991200,29991200
2023-07-06 21:00:00,15564.4,15564.4,15564.4,29991200,29991200,29991200
2023-07-07 01:00:00,15549.2,15549.2,15549.2,29991200,29991200,29991200
2023-07-07 05:00:00,15527.6,15527.6,15527.6,29991200,29991200,29991200
2023-07-07 09:00:00,15602.6,15602.6,15602.6,29991200,29991200,29991200
2023-07-07 13:00:00,15693.3,15693.3,15693.3,29991200,29991200,29991200
2023-07-07 17:00:00,15636.8,15636.8,15636.8,29991200,29991200,29991200
2023-07-09 21:00:00,15614.2,15614.2,15614.2,29991200,29991200,29991200
2023-07-10 01:00:00,15601.0,15601.0,15601.0,29991200,29991200,29991200
2023-07-10 05:00:00,15643.7,15643.7,15643.7,29991200,29991200,29991200
2023-07-10 09:00:00,15689.0,15689.0,15689.0,29991200,29991200,29991200
2023-07-10 13:00:00,15661.9,15661.9,15661.9,29991200,29991200,29991200
2023-07-10 17:00:00,15686.7,15686.7,15686.7,29991200,29991200,29991200
2023-07-10 21:00:00,15717.9,15717.9,15717.9,29991200,29991200,29991200
2023-07-11 01:00:00,15710.2,15710.2,15710.2,29991200,29991200,29991200
2023-07-11 05:00:00,15669.0,15669.0,15669.0,29991200,29991200,29991200
2023-07-11 09:00:00,15802.1,15802.1,15802.1,29991200,29991200,29991200
2023-07-11 13:00:00,15809.9,15809.9,15809.9,29991200,29991200,29991200
2023-07-11 17:00:00,15826.1,15826.1,15826.1,29991200,29991200,29991200
2023-07-11 21:00:00,15818.8,15818.8,15818.8,29991200,29991200,29991200
2023-07-12 01:00:00,15842.4,15842.4,15842.4,29991200,29991200,29991200
2023-07-12 05:00:00,15906.6,15906.6,15906.6,29991200,29991200,29991200
2023-07-12 09:00:00,15954.1,15954.1,15954.1,29991200,29991200,29991200
2023-07-12 13:00:00,16006.6,16006.6,16006.6,29991200,29991200,29991200
2023-07-12 17:00:00,16010.8,16010.8,16010.8,29991200,29991200,29991200
2023-07-12 21:00:00,16039.4,16039.4,16039.4,29991200,29991200,29991200
2023-07-13 01:00:00,16030.7,16030.7,16030.7,29991200,29991200,29991200
2023-07-13 05:00:00,16089.7,16089.7,16089.7,29991200,29991200,29991200
2023-07-13 09:00:00,16133.4,16133.4,16133.4,29991200,29991200,29991200
2023-07-13 13:00:00,16142.4,16142.4,16142.4,29991200,29991200,29991200
2023-07-13 17:00:00,16145.6,16145.6,16145.6,29991200,29991200,29991200
2023-07-13 21:00:00,16121.4,16121.4,16121.4,29991200,29991200,29991200
2023-07-14 01:00:00,16133.1,16133.1,16133.1,29991200,29991200,29991200
2023-07-14 05:00:00,16110.4,16110.4,16110.4,29991200,29991200,29991200
2023-07-14 09:00:00,16140.6,16140.6,16140.6,29991200,29991200,29991200
2023-07-14 13:00:00,16083.1,16083.1,16083.1,29991200,29991200,29991200
2023-07-14 17:00:00,16074.8,16074.8,16074.8,29991200,29991200,29991200
2023-07-16 21:00:00,16055.4,16055.4,16055.4,29991200,29991200,29991200
2023-07-17 01:00:00,16054.7,16054.7,16054.7,29991200,29991200,29991200
2023-07-17 05:00:00,16054.4,16054.4,16054.4,29991200,29991200,29991200
2023-07-17 09:00:00,16015.7,16015.7,16015.7,29991200,29991200,29991200
2023-07-17 13:00:00,16095.6,16095.6,16095.6,29991200,29991200,29991200
2023-07-17 17:00:00,16070.8,16070.8,16070.8,29991200,29991200,29991200
2023-07-17 21:00:00,16081.2,16081.2,16081.2,29991200,29991200,29991200
2023-07-18 01:00:00,16076.0,16076.0,16076.0,29991200,29991200,29991200
2023-07-18 05:00:00,16070.1,16070.1,16070.1,29991200,29991200,29991200
2023-07-18 09:00:00,16055.9,16055.9,16055.9,29991200,29991200,29991200
2023-07-18 13:00:00,16116.7,16116.7,16116.7,29991200,29991200,29991200
2023-07-18 17:00:00,16130.9,16130.9,16130.9,29991200,29991200,29991200
2023-07-18 21:00:00,16144.9,16144.9,16144.9,29991200,29991200,29991200
2023-07-19 01:00:00,16118.9,16118.9,16118.9,29991200,29991200,29991200
2023-07-19 05:00:00,16172.4,16172.4,16172.4,29991200,29991200,29991200
2023-07-19 09:00:00,16091.8,16091.8,16091.8,29991200,29991200,29991200
2023-07-19 13:00:00,16112.0,16112.0,16112.0,29991200,29991200,29991200
2023-07-19 17:00:00,16110.5,16110.5,16110.5,29991200,29991200,29991200
2023-07-19 21:00:00,16103.0,16103.0,16103.0,29991200,29991200,29991200
2023-07-20 01:00:00,16099.9,16099.9,16099.9,29991200,29991200,29991200
2023-07-20 05:00:00,16157.6,16157.6,16157.6,29991200,29991200,29991200
2023-07-20 09:00:00,16143.3,16143.3,16143.3,29991200,29991200,29991200
2023-07-20 13:00:00,16169.8,16169.8,16169.8,29991200,29991200,29991200
2023-07-20 17:00:00,16136.8,16136.8,16136.8,29991200,29991200,29991200
2023-07-20 21:00:00,16120.5,16120.5,16120.5,29991200,29991200,29991200
2023-07-21 01:00:00,16129.7,16129.7,16129.7,29991200,29991200,29991200
2023-07-21 05:00:00,16149.6,16149.6,16149.6,29991200,29991200,29991200
2023-07-21 09:00:00,16168.1,16168.1,16168.1,29991200,29991200,29991200
2023-07-21 13:00:00,16167.2,16167.2,16167.2,29991200,29991200,29991200
2023-07-21 17:00:00,16172.4,16172.4,16172.4,29991200,29991200,29991200
2023-07-23 21:00:00,16156.6,16156.6,16156.6,29991200,29991200,29991200
2023-07-24 01:00:00,16142.9,16142.9,16142.9,29991200,29991200,29991200
2023-07-24 05:00:00,16183.0,16183.0,16183.0,29991200,29991200,29991200
2023-07-24 09:00:00,16161.4,16161.4,16161.4,29991200,29991200,29991200
2023-07-24 13:00:00,16204.5,16204.5,16204.5,29991200,29991200,29991200
2023-07-24 17:00:00,16189.2,16189.2,16189.2,29991200,29991200,29991200
2023-07-24 21:00:00,16168.2,16168.2,16168.2,29991200,29991200,29991200
2023-07-25 01:00:00,16159.6,16159.6,16159.6,29991200,29991200,29991200
2023-07-25 05:00:00,16192.8,16192.8,16192.8,29991200,29991200,29991200
2023-07-25 09:00:00,16194.0,16194.0,16194.0,29991200,29991200,29991200
2023-07-25 13:00:00,16219.0,16219.0,16219.0,29991200,29991200,29991200
2023-07-25 17:00:00,16230.2,16230.2,16230.2,29991200,29991200,29991200
2023-07-25 21:00:00,16212.0,16212.0,16212.0,29991200,29991200,29991200
2023-07-26 01:00:00,16209.8,16209.8,16209.8,29991200,29991200,29991200
2023-07-26 05:00:00,16129.9,16129.9,16129.9,29991200,29991200,29991200
2023-07-26 09:00:00,16023.3,16023.3,16023.3,29991200,29991200,29991200
2023-07-26 13:00:00,16137.7,16137.7,16137.7,29991200,29991200,29991200
2023-07-26 17:00:00,16121.7,16121.7,16121.7,29991200,29991200,29991200
2023-07-26 21:00:00,16154.6,16154.6,16154.6,29991200,29991200,29991200
2023-07-27 01:00:00,16184.7,16184.7,16184.7,29991200,29991200,29991200
2023-07-27 05:00:00,16286.8,16286.8,16286.8,29991200,29991200,29991200
2023-07-27 09:00:00,16344.6,16344.6,16344.6,29991200,29991200,29991200
2023-07-27 13:00:00,16438.7,16438.7,16438.7,29991200,29991200,29991200
2023-07-27 17:00:00,16340.1,16340.1,16340.1,29991200,29991200,29991200
2023-07-27 21:00:00,16332.7,16332.7,16332.7,29991200,29991200,29991200
2023-07-28 01:00:00,16369.3,16369.3,16369.3,29991200,29991200,29991200
2023-07-28 05:00:00,16370.8,16370.8,16370.8,29991200,29991200,29991200
2023-07-28 09:00:00,16452.0,16452.0,16452.0,29991200,29991200,29991200
2023-07-28 13:00:00,16462.8,16462.8,16462.8,29991200,29991200,29991200
2023-07-28 17:00:00,16469.0,16469.0,16469.0,29991200,29991200,29991200
2023-07-30 21:00:00,16483.1,16483.1,16483.1,29991200,29991200,29991200
2023-07-31 01:00:00,16434.2,16434.2,16434.2,29991200,29991200,29991200
2023-07-31 05:00:00,16499.1,16499.1,16499.1,29991200,29991200,29991200
2023-07-31 09:00:00,16510.1,16510.1,16510.1,29991200,29991200,29991200
2023-07-31 13:00:00,16444.4,16444.4,16444.4,29991200,29991200,29991200
2023-07-31 17:00:00,16466.1,16466.1,16466.1,29991200,29991200,29991200
2023-07-31 21:00:00,16465.3,16465.3,16465.3,29991200,29991200,29991200
2023-08-01 01:00:00,16458.2,16458.2,16458.2,29991200,29991200,29991200
2023-08-01 05:00:00,16334.3,16334.3,16334.3,29991200,29991200,29991200
2023-08-01 09:00:00,16298.6,16298.6,16298.6,29991200,29991200,29991200
2023-08-01 13:00:00,16242.6,16242.6,16242.6,29991200,29991200,29991200
2023-08-01 17:00:00,16241.3,16241.3,16241.3,29991200,29991200,29991200
2023-08-01 21:00:00,16210.8,16210.8,16210.8,29991200,29991200,29991200
2023-08-02 01:00:00,16137.4,16137.4,16137.4,29991200,29991200,29991200
2023-08-02 05:00:00,15988.9,15988.9,15988.9,29991200,29991200,29991200
2023-08-02 09:00:00,16063.1,16063.1,16063.1,29991200,29991200,29991200
2023-08-02 13:00:00,16005.6,16005.6,16005.6,29991200,29991200,29991200
2023-08-02 17:00:00,15981.2,15981.2,15981.2,29991200,29991200,29991200
2023-08-02 21:00:00,15987.7,15987.7,15987.7,29991200,29991200,29991200
2023-08-03 01:00:00,15989.0,15989.0,15989.0,29991200,29991200,29991200
2023-08-03 05:00:00,15853.5,15853.5,15853.5,29991200,29991200,29991200
2023-08-03 09:00:00,15873.6,15873.6,15873.6,29991200,29991200,29991200
2023-08-03 13:00:00,15938.1,15938.1,15938.1,29991200,29991200,29991200
2023-08-03 17:00:00,15904.6,15904.6,15904.6,29991200,29991200,29991200
2023-08-03 21:00:00,15924.6,15924.6,15924.6,29991200,29991200,29991200
2023-08-04 01:00:00,15921.9,15921.9,15921.9,29991200,29991200,29991200
2023-08-04 05:00:00,15918.3,15918.3,15918.3,29991200,29991200,29991200
2023-08-04 09:00:00,15834.4,15834.4,15834.4,29991200,29991200,29991200
2023-08-04 13:00:00,15961.0,15961.0,15961.0,29991200,29991200,29991200
2023-08-04 17:00:00,15821.8,15821.8,15821.8,29991200,29991200,29991200
2023-08-06 21:00:00,15883.2,15883.2,15883.2,29991200,29991200,29991200
2023-08-07 01:00:00,15894.4,15894.4,15894.4,29991200,29991200,29991200
2023-08-07 05:00:00,15863.4,15863.4,15863.4,29991200,29991200,29991200
2023-08-07 09:00:00,15935.5,15935.5,15935.5,29991200,29991200,29991200
2023-08-07 13:00:00,15970.4,15970.4,15970.4,29991200,29991200,29991200
2023-08-07 17:00:00,15989.8,15989.8,15989.8,29991200,29991200,29991200
2023-08-07 21:00:00,15982.3,15982.3,15982.3,29991200,29991200,29991200
2023-08-08 01:00:00,15932.8,15932.8,15932.8,29991200,29991200,29991200
2023-08-08 05:00:00,15890.3,15890.3,15890.3,29991200,29991200,29991200
2023-08-08 09:00:00,15744.2,15744.2,15744.2,29991200,29991200,29991200
2023-08-08 13:00:00,15787.0,15787.0,15787.0,29991200,29991200,29991200
2023-08-08 17:00:00,15826.6,15826.6,15826.6,29991200,29991200,29991200
2023-08-08 21:00:00,15843.7,15843.7,15843.7,29991200,29991200,29991200
2023-08-09 01:00:00,15865.4,15865.4,15865.4,29991200,29991200,29991200
2023-08-09 05:00:00,15980.9,15980.9,15980.9,29991200,29991200,29991200
2023-08-09 09:00:00,15866.4,15866.4,15866.4,29991200,29991200,29991200
2023-08-09 13:00:00,15872.3,15872.3,15872.3,29991200,29991200,29991200
2023-08-09 17:00:00,15894.9,15894.9,15894.9,29991200,29991200,29991200
2023-08-09 21:00:00,15900.1,15900.1,15900.1,29991200,29991200,29991200
2023-08-10 01:00:00,15942.3,15942.3,15942.3,29991200,29991200,29991200
2023-08-10 05:00:00,15941.1,15941.1,15941.1,29991200,29991200,29991200
2023-08-10 09:00:00,15951.6,15951.6,15951.6,29991200,29991200,29991200
2023-08-10 13:00:00,15942.3,15942.3,15942.3,29991200,29991200,29991200
2023-08-10 17:00:00,15945.5,15945.5,15945.5,29991200,29991200,29991200
2023-08-10 21:00:00,15967.2,15967.2,15967.2,29991200,29991200,29991200
2023-08-11 01:00:00,15919.6,15919.6,15919.6,29991200,29991200,29991200
2023-08-11 05:00:00,15899.1,15899.1,15899.1,29991200,29991200,29991200
2023-08-11 09:00:00,15807.4,15807.4,15807.4,29991200,29991200,29991200
2023-08-11 13:00:00,15837.4,15837.4,15837.4,29991200,29991200,29991200
2023-08-11 17:00:00,15847.6,15847.6,15847.6,29991200,29991200,29991200
2023-08-13 21:00:00,15846.6,15846.6,15846.6,29991200,29991200,29991200
2023-08-14 01:00:00,15760.6,15760.6,15760.6,29991200,29991200,29991200
2023-08-14 05:00:00,15916.0,15916.0,15916.0,29991200,29991200,29991200
2023-08-14 09:00:00,15879.0,15879.0,15879.0,29991200,29991200,29991200
2023-08-14 13:00:00,15902.2,15902.2,15902.2,29991200,29991200,29991200
2023-08-14 17:00:00,15919.2,15919.2,15919.2,29991200,29991200,29991200
2023-08-14 21:00:00,15927.6,15927.6,15927.6,29991200,29991200,29991200
2023-08-15 01:00:00,15947.4,15947.4,15947.4,29991200,29991200,29991200
2023-08-15 05:00:00,15808.6,15808.6,15808.6,29991200,29991200,29991200
2023-08-15 09:00:00,15765.4,15765.4,15765.4,29991200,29991200,29991200
2023-08-15 13:00:00,15754.3,15754.3,15754.3,29991200,29991200,29991200
2023-08-15 17:00:00,15731.1,15731.1,15731.1,29991200,29991200,29991200
2023-08-15 21:00:00,15705.9,15705.9,15705.9,29991200,29991200,29991200
2023-08-16 01:00:00,15700.7,15700.7,15700.7,29991200,29991200,29991200
2023-08-16 05:00:00,15794.9,15794.9,15794.9,29991200,29991200,29991200
2023-08-16 09:00:00,15769.3,15769.3,15769.3,29991200,29991200,29991200
2023-08-16 13:00:00,15761.6,15761.6,15761.6,29991200,29991200,29991200
2023-08-16 17:00:00,15716.7,15716.7,15716.7,29991200,29991200,29991200
2023-08-16 21:00:00,15649.4,15649.4,15649.4,29991200,29991200,29991200
2023-08-17 01:00:00,15686.5,15686.5,15686.5,29991200,29991200,29991200
2023-08-17 05:00:00,15757.1,15757.1,15757.1,29991200,29991200,29991200
2023-08-17 09:00:00,15764.8,15764.8,15764.8,29991200,29991200,29991200
2023-08-17 13:00:00,15695.0,15695.0,15695.0,29991200,29991200,29991200
2023-08-17 17:00:00,15600.5,15600.5,15600.5,29991200,29991200,29991200
2023-08-17 21:00:00,15612.6,15612.6,15612.6,29991200,29991200,29991200
2023-08-18 01:00:00,15623.9,15623.9,15623.9,29991200,29991200,29991200
2023-08-18 05:00:00,15586.9,15586.9,15586.9,29991200,29991200,29991200
2023-08-18 09:00:00,15494.6,15494.6,15494.6,29991200,29991200,29991200
2023-08-18 13:00:00,15583.8,15583.8,15583.8,29991200,29991200,29991200
2023-08-18 17:00:00,15581.5,15581.5,15581.5,29991200,29991200,29991200
2023-08-20 21:00:00,15604.4,15604.4,15604.4,29991200,29991200,29991200
2023-08-21 01:00:00,15588.2,15588.2,15588.2,29991200,29991200,29991200
2023-08-21 05:00:00,15677.9,15677.9,15677.9,29991200,29991200,29991200
2023-08-21 09:00:00,15655.2,15655.2,15655.2,29991200,29991200,29991200
2023-08-21 13:00:00,15617.2,15617.2,15617.2,29991200,29991200,29991200
2023-08-21 17:00:00,15639.5,15639.5,15639.5,29991200,29991200,29991200
2023-08-21 21:00:00,15647.0,15647.0,15647.0,29991200,29991200,29991200
2023-08-22 01:00:00,15650.8,15650.8,15650.8,29991200,29991200,29991200
2023-08-22 05:00:00,15751.9,15751.9,15751.9,29991200,29991200,29991200
2023-08-22 09:00:00,15767.9,15767.9,15767.9,29991200,29991200,29991200
2023-08-22 13:00:00,15693.4,15693.4,15693.4,29991200,29991200,29991200
2023-08-22 17:00:00,15688.7,15688.7,15688.7,29991200,29991200,29991200
2023-08-22 21:00:00,15729.3,15729.3,15729.3,29991200,29991200,29991200
2023-08-23 01:00:00,15750.5,15750.5,15750.5,29991200,29991200,29991200
2023-08-23 05:00:00,15764.7,15764.7,15764.7,29991200,29991200,29991200
2023-08-23 09:00:00,15679.5,15679.5,15679.5,29991200,29991200,29991200
2023-08-23 13:00:00,15718.5,15718.5,15718.5,29991200,29991200,29991200
2023-08-23 17:00:00,15791.2,15791.2,15791.2,29991200,29991200,29991200
2023-08-23 21:00:00,15779.4,15779.4,15779.4,29991200,29991200,29991200
2023-08-24 01:00:00,15820.0,15820.0,15820.0,29991200,29991200,29991200
2023-08-24 05:00:00,15801.6,15801.6,15801.6,29991200,29991200,29991200
2023-08-24 09:00:00,15725.3,15725.3,15725.3,29991200,29991200,29991200
2023-08-24 13:00:00,15628.5,15628.5,15628.5,29991200,29991200,29991200
2023-08-24 17:00:00,15553.3,15553.3,15553.3,29991200,29991200,29991200
2023-08-24 21:00:00,15592.1,15592.1,15592.1,29991200,29991200,29991200
2023-08-25 01:00:00,15577.4,15577.4,15577.4,29991200,29991200,29991200
2023-08-25 05:00:00,15656.5,15656.5,15656.5,29991200,29991200,29991200
2023-08-25 09:00:00,15717.5,15717.5,15717.5,29991200,29991200,29991200
2023-08-25 13:00:00,15656.5,15656.5,15656.5,29991200,29991200,29991200
2023-08-25 17:00:00,15681.2,15681.2,15681.2,29991200,29991200,29991200
2023-08-27 21:00:00,15709.6,15709.6,15709.6,29991200,29991200,29991200
2023-08-28 01:00:00,15718.3,15718.3,15718.3,29991200,29991200,29991200
2023-08-28 05:00:00,15709.5,15709.5,15709.5,29991200,29991200,29991200
2023-08-28 09:00:00,15743.5,15743.5,15743.5,29991200,29991200,29991200
2023-08-28 13:00:00,15817.5,15817.5,15817.5,29991200,29991200,29991200
2023-08-28 17:00:00,15816.9,15816.9,15816.9,29991200,29991200,29991200
2023-08-28 21:00:00,15811.5,15811.5,15811.5,29991200,29991200,29991200
2023-08-29 01:00:00,15819.8,15819.8,15819.8,29991200,29991200,29991200
2023-08-29 05:00:00,15820.6,15820.6,15820.6,29991200,29991200,29991200
2023-08-29 09:00:00,15828.3,15828.3,15828.3,29991200,29991200,29991200
2023-08-29 13:00:00,15942.3,15942.3,15942.3,29991200,29991200,29991200
2023-08-29 17:00:00,15968.4,15968.4,15968.4,29991200,29991200,29991200
2023-08-29 21:00:00,15981.2,15981.2,15981.2,29991200,29991200,29991200
2023-08-30 01:00:00,15977.1,15977.1,15977.1,29991200,29991200,29991200
2023-08-30 05:00:00,15865.9,15865.9,15865.9,29991200,29991200,29991200
2023-08-30 09:00:00,15922.0,15922.0,15922.0,29991200,29991200,29991200
2023-08-30 13:00:00,15906.3,15906.3,15906.3,29991200,29991200,29991200
2023-08-30 17:00:00,15911.3,15911.3,15911.3,29991200,29991200,29991200
2023-08-30 21:00:00,15904.4,15904.4,15904.4,29991200,29991200,29991200
2023-08-31 01:00:00,15914.2,15914.2,15914.2,29991200,29991200,29991200
2023-08-31 05:00:00,15994.0,15994.0,15994.0,29991200,29991200,29991200
2023-08-31 09:00:00,16013.2,16013.2,16013.2,29991200,29991200,29991200
2023-08-31 13:00:00,15936.0,15936.0,15936.0,29991200,29991200,29991200
2023-08-31 17:00:00,15946.6,15946.6,15946.6,29991200,29991200,29991200
2023-08-31 21:00:00,15980.9,15980.9,15980.9,29991200,29991200,29991200
2023-09-01 01:00:00,15995.2,15995.2,15995.2,29991200,29991200,29991200
2023-09-01 05:00:00,15941.0,15941.0,15941.0,29991200,29991200,29991200
2023-09-01 09:00:00,15933.8,15933.8,15933.8,29991200,29991200,29991200
2023-09-01 13:00:00,15849.9,15849.9,15849.9,29991200,29991200,29991200
2023-09-01 17:00:00,15860.5,15860.5,15860.5,29991200,29991200,29991200
2023-09-03 21:00:00,15877.8,15877.8,15877.8,29991200,29991200,29991200
2023-09-04 01:00:00,15885.0,15885.0,15885.0,29991200,29991200,29991200
2023-09-04 05:00:00,15942.2,15942.2,15942.2,29991200,29991200,29991200
2023-09-04 09:00:00,15875.3,15875.3,15875.3,29991200,29991200,29991200
2023-09-04 13:00:00,15823.7,15823.7,15823.7,29991200,29991200,29991200
2023-09-04 17:00:00,15824.9,15824.9,15824.9,29991200,29991200,29991200
2023-09-04 21:00:00,15800.7,15800.7,15800.7,29991200,29991200,29991200
2023-09-05 01:00:00,15787.6,15787.6,15787.6,29991200,29991200,29991200
2023-09-05 05:00:00,15761.5,15761.5,15761.5,29991200,29991200,29991200
2023-09-05 09:00:00,15835.4,15835.4,15835.4,29991200,29991200,29991200
2023-09-05 13:00:00,15771.1,15771.1,15771.1,29991200,29991200,29991200
2023-09-05 17:00:00,15749.7,15749.7,15749.7,29991200,29991200,29991200
2023-09-05 21:00:00,15767.2,15767.2,15767.2,29991200,29991200,29991200
2023-09-06 01:00:00,15740.0,15740.0,15740.0,29991200,29991200,29991200
2023-09-06 05:00:00,15724.7,15724.7,15724.7,29991200,29991200,29991200
2023-09-06 09:00:00,15724.3,15724.3,15724.3,29991200,29991200,29991200
2023-09-06 13:00:00,15706.8,15706.8,15706.8,29991200,29991200,29991200
2023-09-06 17:00:00,15725.4,15725.4,15725.4,29991200,29991200,29991200
2023-09-06 21:00:00,15717.9,15717.9,15717.9,29991200,29991200,29991200
2023-09-07 01:00:00,15687.2,15687.2,15687.2,29991200,29991200,29991200
2023-09-07 05:00:00,15747.6,15747.6,15747.6,29991200,29991200,29991200
2023-09-07 09:00:00,15683.6,15683.6,15683.6,29991200,29991200,29991200
2023-09-07 13:00:00,15715.8,15715.8,15715.8,29991200,29991200,29991200
2023-09-07 17:00:00,15733.9,15733.9,15733.9,29991200,29991200,29991200
2023-09-07 21:00:00,15721.7,15721.7,15721.7,29991200,29991200,29991200
2023-09-08 01:00:00,15728.0,15728.0,15728.0,29991200,29991200,29991200
2023-09-08 05:00:00,15620.8,15620.8,15620.8,29991200,29991200,29991200
2023-09-08 09:00:00,15706.7,15706.7,15706.7,29991200,29991200,29991200
2023-09-08 13:00:00,15744.8,15744.8,15744.8,29991200,29991200,29991200
2023-09-08 17:00:00,15726.3,15726.3,15726.3,29991200,29991200,29991200
2023-09-10 21:00:00,15733.2,15733.2,15733.2,29991200,29991200,29991200
2023-09-11 01:00:00,15748.2,15748.2,15748.2,29991200,29991200,29991200
2023-09-11 05:00:00,15776.4,15776.4,15776.4,29991200,29991200,29991200
2023-09-11 09:00:00,15794.4,15794.4,15794.4,29991200,29991200,29991200
2023-09-11 13:00:00,15820.7,15820.7,15820.7,29991200,29991200,29991200
2023-09-11 17:00:00,15819.1,15819.1,15819.1,29991200,29991200,29991200
2023-09-11 21:00:00,15809.2,15809.2,15809.2,29991200,29991200,29991200
2023-09-12 01:00:00,15825.7,15825.7,15825.7,29991200,29991200,29991200
2023-09-12 05:00:00,15724.7,15724.7,15724.7,29991200,29991200,29991200
2023-09-12 09:00:00,15739.8,15739.8,15739.8,29991200,29991200,29991200
2023-09-12 13:00:00,15729.7,15729.7,15729.7,29991200,29991200,29991200
2023-09-12 17:00:00,15700.2,15700.2,15700.2,29991200,29991200,29991200
2023-09-12 21:00:00,15693.7,15693.7,15693.7,29991200,29991200,29991200
2023-09-13 01:00:00,15648.2,15648.2,15648.2,29991200,29991200,29991200
2023-09-13 05:00:00,15612.7,15612.7,15612.7,29991200,29991200,29991200
2023-09-13 09:00:00,15641.8,15641.8,15641.8,29991200,29991200,29991200
2023-09-13 13:00:00,15638.6,15638.6,15638.6,29991200,29991200,29991200
2023-09-13 17:00:00,15635.7,15635.7,15635.7,29991200,29991200,29991200
2023-09-13 21:00:00,15676.7,15676.7,15676.7,29991200,29991200,29991200
2023-09-14 01:00:00,15699.2,15699.2,15699.2,29991200,29991200,29991200
2023-09-14 05:00:00,15621.8,15621.8,15621.8,29991200,29991200,29991200
2023-09-14 09:00:00,15738.0,15738.0,15738.0,29991200,29991200,29991200
2023-09-14 13:00:00,15845.7,15845.7,15845.7,29991200,29991200,29991200
2023-09-14 17:00:00,15868.9,15868.9,15868.9,29991200,29991200,29991200
2023-09-14 21:00:00,15867.0,15867.0,15867.0,29991200,29991200,29991200
2023-09-15 01:00:00,15897.0,15897.0,15897.0,29991200,29991200,29991200
2023-09-15 05:00:00,15968.3,15968.3,15968.3,29991200,29991200,29991200
2023-09-15 09:00:00,15916.8,15916.8,15916.8,29991200,29991200,29991200
2023-09-15 13:00:00,15896.3,15896.3,15896.3,29991200,29991200,29991200
2023-09-15 17:00:00,15867.8,15867.8,15867.8,29991200,29991200,29991200
2023-09-17 21:00:00,15891.9,15891.9,15891.9,29991200,29991200,29991200
2023-09-18 01:00:00,15891.7,15891.7,15891.7,29991200,29991200,29991200
2023-09-18 05:00:00,15810.1,15810.1,15810.1,29991200,29991200,29991200
2023-09-18 09:00:00,15767.6,15767.6,15767.6,29991200,29991200,29991200
2023-09-18 13:00:00,15729.4,15729.4,15729.4,29991200,29991200,29991200
2023-09-18 17:00:00,15725.1,15725.1,15725.1,29991200,29991200,29991200
2023-09-18 21:00:00,15736.8,15736.8,15736.8,29991200,29991200,29991200
2023-09-19 01:00:00,15707.4,15707.4,15707.4,29991200,29991200,29991200
2023-09-19 05:00:00,15716.0,15716.0,15716.0,29991200,29991200,29991200
2023-09-19 09:00:00,15666.8,15666.8,15666.8,29991200,29991200,29991200
2023-09-19 13:00:00,15655.0,15655.0,15655.0,29991200,29991200,29991200
2023-09-19 17:00:00,15687.8,15687.8,15687.8,29991200,29991200,29991200
2023-09-19 21:00:00,15663.9,15663.9,15663.9,29991200,29991200,29991200
2023-09-20 01:00:00,15655.3,15655.3,15655.3,29991200,29991200,29991200
2023-09-20 05:00:00,15761.1,15761.1,15761.1,29991200,29991200,29991200
2023-09-20 09:00:00,15777.1,15777.1,15777.1,29991200,29991200,29991200
2023-09-20 13:00:00,15806.5,15806.5,15806.5,29991200,29991200,29991200
2023-09-20 17:00:00,15701.6,15701.6,15701.6,29991200,29991200,29991200
2023-09-20 21:00:00,15650.0,15650.0,15650.0,29991200,29991200,29991200
2023-09-21 01:00:00,15626.5,15626.5,15626.5,29991200,29991200,29991200
2023-09-21 05:00:00,15657.9,15657.9,15657.9,29991200,29991200,29991200
2023-09-21 09:00:00,15576.7,15576.7,15576.7,29991200,29991200,29991200
2023-09-21 13:00:00,15558.0,15558.0,15558.0,29991200,29991200,29991200
2023-09-21 17:00:00,15470.6,15470.6,15470.6,29991200,29991200,29991200
2023-09-21 21:00:00,15477.2,15477.2,15477.2,29991200,29991200,29991200
2023-09-22 01:00:00,15522.6,15522.6,15522.6,29991200,29991200,29991200
2023-09-22 05:00:00,15528.2,15528.2,15528.2,29991200,29991200,29991200
2023-09-22 09:00:00,15552.1,15552.1,15552.1,29991200,29991200,29991200
2023-09-22 13:00:00,15548.7,15548.7,15548.7,29991200,29991200,29991200
2023-09-22 17:00:00,15506.3,15506.3,15506.3,29991200,29991200,29991200
2023-09-24 21:00:00,15511.4,15511.4,15511.4,29991200,29991200,29991200
2023-09-25 01:00:00,15535.0,15535.0,15535.0,29991200,29991200,29991200
2023-09-25 05:00:00,15418.0,15418.0,15418.0,29991200,29991200,29991200
2023-09-25 09:00:00,15386.8,15386.8,15386.8,29991200,29991200,29991200
2023-09-25 13:00:00,15410.3,15410.3,15410.3,29991200,29991200,29991200
2023-09-25 17:00:00,15431.7,15431.7,15431.7,29991200,29991200,29991200
2023-09-25 21:00:00,15367.7,15367.7,15367.7,29991200,29991200,29991200
2023-09-26 01:00:00,15382.4,15382.4,15382.4,29991200,29991200,29991200
2023-09-26 05:00:00,15341.2,15341.2,15341.2,29991200,29991200,29991200
2023-09-26 09:00:00,15288.0,15288.0,15288.0,29991200,29991200,29991200
2023-09-26 13:00:00,15258.9,15258.9,15258.9,29991200,29991200,29991200
2023-09-26 17:00:00,15223.3,15223.3,15223.3,29991200,29991200,29991200
2023-09-26 21:00:00,15210.3,15210.3,15210.3,29991200,29991200,29991200
2023-09-27 01:00:00,15239.3,15239.3,15239.3,29991200,29991200,29991200
2023-09-27 05:00:00,15267.0,15267.0,15267.0,29991200,29991200,29991200
2023-09-27 09:00:00,15256.1,15256.1,15256.1,29991200,29991200,29991200
2023-09-27 13:00:00,15167.8,15167.8,15167.8,29991200,29991200,29991200
2023-09-27 17:00:00,15263.0,15263.0,15263.0,29991200,29991200,29991200
2023-09-27 21:00:00,15266.5,15266.5,15266.5,29991200,29991200,29991200
2023-09-28 01:00:00,15246.0,15246.0,15246.0,29991200,29991200,29991200
2023-09-28 05:00:00,15180.0,15180.0,15180.0,29991200,29991200,29991200
2023-09-28 09:00:00,15228.8,15228.8,15228.8,29991200,29991200,29991200
2023-09-28 13:00:00,15334.5,15334.5,15334.5,29991200,29991200,29991200
2023-09-28 17:00:00,15352.0,15352.0,15352.0,29991200,29991200,29991200
2023-09-28 21:00:00,15293.8,15293.8,15293.8,29991200,29991200,29991200
2023-09-29 01:00:00,15334.7,15334.7,15334.7,29991200,29991200,29991200
2023-09-29 05:00:00,15417.1,15417.1,15417.1,29991200,29991200,29991200
2023-09-29 09:00:00,15499.8,15499.8,15499.8,29991200,29991200,29991200
2023-09-29 13:00:00,15368.0,15368.0,15368.0,29991200,29991200,29991200
2023-09-29 17:00:00,15359.8,15359.8,15359.8,29991200,29991200,29991200
2023-10-01 21:00:00,15449.1,15449.1,15449.1,29991200,29991200,29991200
2023-10-02 01:00:00,15413.2,15413.2,15413.2,29991200,29991200,29991200
2023-10-02 05:00:00,15402.5,15402.5,15402.5,29991200,29991200,29991200
2023-10-02 09:00:00,15324.8,15324.8,15324.8,29991200,29991200,29991200
2023-10-02 13:00:00,15188.0,15188.0,15188.0,29991200,29991200,29991200
2023-10-02 17:00:00,15212.1,15212.1,15212.1,29991200,29991200,29991200
2023-10-02 21:00:00,15212.2,15212.2,15212.2,29991200,29991200,29991200
2023-10-03 01:00:00,15145.6,15145.6,15145.6,29991200,29991200,29991200
2023-10-03 05:00:00,15252.6,15252.6,15252.6,29991200,29991200,29991200
2023-10-03 09:00:00,15105.5,15105.5,15105.5,29991200,29991200,29991200
2023-10-03 13:00:00,15104.3,15104.3,15104.3,29991200,29991200,29991200
2023-10-03 17:00:00,15063.5,15063.5,15063.5,29991200,29991200,29991200
2023-10-03 21:00:00,15066.0,15066.0,15066.0,29991200,29991200,29991200
2023-10-04 01:00:00,15052.4,15052.4,15052.4,29991200,29991200,29991200
2023-10-04 05:00:00,15056.4,15056.4,15056.4,29991200,29991200,29991200
2023-10-04 09:00:00,15143.4,15143.4,15143.4,29991200,29991200,29991200
2023-10-04 13:00:00,15129.0,15129.0,15129.0,29991200,29991200,29991200
2023-10-04 17:00:00,15128.6,15128.6,15128.6,29991200,29991200,29991200
2023-10-04 21:00:00,15132.9,15132.9,15132.9,29991200,29991200,29991200
2023-10-05 01:00:00,15160.9,15160.9,15160.9,29991200,29991200,29991200
2023-10-05 05:00:00,15086.9,15086.9,15086.9,29991200,29991200,29991200
2023-10-05 09:00:00,15098.1,15098.1,15098.1,29991200,29991200,29991200
2023-10-05 13:00:00,15076.9,15076.9,15076.9,29991200,29991200,29991200
2023-10-05 17:00:00,15104.2,15104.2,15104.2,29991200,29991200,29991200
2023-10-05 21:00:00,15119.1,15119.1,15119.1,29991200,29991200,29991200
2023-10-06 01:00:00,15114.9,15114.9,15114.9,29991200,29991200,29991200
2023-10-06 05:00:00,15127.9,15127.9,15127.9,29991200,29991200,29991200
2023-10-06 09:00:00,15056.2,15056.2,15056.2,29991200,29991200,29991200
2023-10-06 13:00:00,15251.0,15251.0,15251.0,29991200,29991200,29991200
2023-10-06 17:00:00,15272.0,15272.0,15272.0,29991200,29991200,29991200
2023-10-08 21:00:00,15175.8,15175.8,15175.8,29991200,29991200,29991200
2023-10-09 01:00:00,15153.3,15153.3,15153.3,29991200,29991200,29991200
2023-10-09 05:00:00,15183.1,15183.1,15183.1,29991200,29991200,29991200
2023-10-09 09:00:00,15094.3,15094.3,15094.3,29991200,29991200,29991200
2023-10-09 13:00:00,15128.6,15128.6,15128.6,29991200,29991200,29991200
2023-10-09 17:00:00,15191.5,15191.5,15191.5,29991200,29991200,29991200
2023-10-09 21:00:00,15248.7,15248.7,15248.7,29991200,29991200,29991200
2023-10-10 01:00:00,15252.9,15252.9,15252.9,29991200,29991200,29991200
2023-10-10 05:00:00,15375.9,15375.9,15375.9,29991200,29991200,29991200
2023-10-10 09:00:00,15358.9,15358.9,15358.9,29991200,29991200,29991200
2023-10-10 13:00:00,15410.8,15410.8,15410.8,29991200,29991200,29991200
2023-10-10 17:00:00,15393.3,15393.3,15393.3,29991200,29991200,29991200
2023-10-10 21:00:00,15385.4,15385.4,15385.4,29991200,29991200,29991200
2023-10-11 01:00:00,15390.7,15390.7,15390.7,29991200,29991200,29991200
2023-10-11 05:00:00,15411.7,15411.7,15411.7,29991200,29991200,29991200
2023-10-11 09:00:00,15473.8,15473.8,15473.8,29991200,29991200,29991200
2023-10-11 13:00:00,15427.4,15427.4,15427.4,29991200,29991200,29991200
2023-10-11 17:00:00,15498.6,15498.6,15498.6,29991200,29991200,29991200
2023-10-11 21:00:00,15508.8,15508.8,15508.8,29991200,29991200,29991200
2023-10-12 01:00:00,15528.4,15528.4,15528.4,29991200,29991200,29991200
2023-10-12 05:00:00,15554.5,15554.5,15554.5,29991200,29991200,29991200
2023-10-12 09:00:00,15485.9,15485.9,15485.9,29991200,29991200,29991200
2023-10-12 13:00:00,15432.7,15432.7,15432.7,29991200,29991200,29991200
2023-10-12 17:00:00,15380.9,15380.9,15380.9,29991200,29991200,29991200
2023-10-12 21:00:00,15408.3,15408.3,15408.3,29991200,29991200,29991200
2023-10-13 01:00:00,15394.1,15394.1,15394.1,29991200,29991200,29991200
2023-10-13 05:00:00,15358.7,15358.7,15358.7,29991200,29991200,29991200
2023-10-13 09:00:00,15329.3,15329.3,15329.3,29991200,29991200,29991200
2023-10-13 13:00:00,15171.0,15171.0,15171.0,29991200,29991200,29991200
2023-10-13 17:00:00,15167.8,15167.8,15167.8,29991200,29991200,29991200
2023-10-15 21:00:00,15186.7,15186.7,15186.7,29991200,29991200,29991200
2023-10-16 01:00:00,15194.9,15194.9,15194.9,29991200,29991200,29991200
2023-10-16 05:00:00,15161.0,15161.0,15161.0,29991200,29991200,29991200
2023-10-16 09:00:00,15203.5,15203.5,15203.5,29991200,29991200,29991200
2023-10-16 13:00:00,15240.0,15240.0,15240.0,29991200,29991200,29991200
2023-10-16 17:00:00,15263.0,15263.0,15263.0,29991200,29991200,29991200
2023-10-16 21:00:00,15275.7,15275.7,15275.7,29991200,29991200,29991200
2023-10-17 01:00:00,15229.3,15229.3,15229.3,29991200,29991200,29991200
2023-10-17 05:00:00,15207.2,15207.2,15207.2,29991200,29991200,29991200
2023-10-17 09:00:00,15131.9,15131.9,15131.9,29991200,29991200,29991200
2023-10-17 13:00:00,15261.1,15261.1,15261.1,29991200,29991200,29991200
2023-10-17 17:00:00,15246.6,15246.6,15246.6,29991200,29991200,29991200
2023-10-17 21:00:00,15193.5,15193.5,15193.5,29991200,29991200,29991200
2023-10-18 01:00:00,15245.0,15245.0,15245.0,29991200,29991200,29991200
2023-10-18 05:00:00,15266.3,15266.3,15266.3,29991200,29991200,29991200
2023-10-18 09:00:00,15134.1,15134.1,15134.1,29991200,29991200,29991200
2023-10-18 13:00:00,15063.7,15063.7,15063.7,29991200,29991200,29991200
2023-10-18 17:00:00,15053.8,15053.8,15053.8,29991200,29991200,29991200
2023-10-18 21:00:00,15056.2,15056.2,15056.2,29991200,29991200,29991200
2023-10-19 01:00:00,15016.7,15016.7,15016.7,29991200,29991200,29991200
2023-10-19 05:00:00,15023.1,15023.1,15023.1,29991200,29991200,29991200
2023-10-19 09:00:00,15078.4,15078.4,15078.4,29991200,29991200,29991200
2023-10-19 13:00:00,15051.3,15051.3,15051.3,29991200,29991200,29991200
2023-10-19 17:00:00,14941.1,14941.1,14941.1,29991200,29991200,29991200
2023-10-19 21:00:00,14935.5,14935.5,14935.5,29991200,29991200,29991200
2023-10-20 01:00:00,14967.5,14967.5,14967.5,29991200,29991200,29991200
2023-10-20 05:00:00,14905.1,14905.1,14905.1,29991200,29991200,29991200
2023-10-20 09:00:00,14835.6,14835.6,14835.6,29991200,29991200,29991200
2023-10-20 13:00:00,14837.5,14837.5,14837.5,29991200,29991200,29991200
2023-10-20 17:00:00,14783.5,14783.5,14783.5,29991200,29991200,29991200
2023-10-22 21:00:00,14818.2,14818.2,14818.2,29991200,29991200,29991200
2023-10-23 01:00:00,14810.5,14810.5,14810.5,29991200,29991200,29991200
2023-10-23 05:00:00,14744.4,14744.4,14744.4,29991200,29991200,29991200
2023-10-23 09:00:00,14700.1,14700.1,14700.1,29991200,29991200,29991200
2023-10-23 13:00:00,14825.6,14825.6,14825.6,29991200,29991200,29991200
2023-10-23 17:00:00,14774.4,14774.4,14774.4,29991200,29991200,29991200
2023-10-23 21:00:00,14747.0,14747.0,14747.0,29991200,29991200,29991200
2023-10-24 01:00:00,14774.6,14774.6,14774.6,29991200,29991200,29991200
2023-10-24 05:00:00,14810.0,14810.0,14810.0,29991200,29991200,29991200
2023-10-24 09:00:00,14838.4,14838.4,14838.4,29991200,29991200,29991200
2023-10-24 13:00:00,14846.4,14846.4,14846.4,29991200,29991200,29991200
2023-10-24 17:00:00,14898.6,14898.6,14898.6,29991200,29991200,29991200
2023-10-24 21:00:00,14894.5,14894.5,14894.5,29991200,29991200,29991200
2023-10-25 01:00:00,14889.3,14889.3,14889.3,29991200,29991200,29991200
2023-10-25 05:00:00,14856.8,14856.8,14856.8,29991200,29991200,29991200
2023-10-25 09:00:00,14860.4,14860.4,14860.4,29991200,29991200,29991200
2023-10-25 13:00:00,14845.6,14845.6,14845.6,29991200,29991200,29991200
2023-10-25 17:00:00,14804.4,14804.4,14804.4,29991200,29991200,29991200
2023-10-25 21:00:00,14752.1,14752.1,14752.1,29991200,29991200,29991200
2023-10-26 01:00:00,14766.3,14766.3,14766.3,29991200,29991200,29991200
2023-10-26 05:00:00,14685.7,14685.7,14685.7,29991200,29991200,29991200
2023-10-26 09:00:00,14791.4,14791.4,14791.4,29991200,29991200,29991200
2023-10-26 13:00:00,14662.2,14662.2,14662.2,29991200,29991200,29991200
2023-10-26 17:00:00,14685.0,14685.0,14685.0,29991200,29991200,29991200
2023-10-26 21:00:00,14723.8,14723.8,14723.8,29991200,29991200,29991200
2023-10-27 01:00:00,14746.9,14746.9,14746.9,29991200,29991200,29991200
2023-10-27 05:00:00,14814.3,14814.3,14814.3,29991200,29991200,29991200
2023-10-27 09:00:00,14763.9,14763.9,14763.9,29991200,29991200,29991200
2023-10-27 13:00:00,14652.4,14652.4,14652.4,29991200,29991200,29991200
2023-10-27 17:00:00,14597.9,14597.9,14597.9,29991200,29991200,29991200
2023-10-29 21:00:00,14666.5,14666.5,14666.5,29991200,29991200,29991200
2023-10-30 01:00:00,14671.2,14671.2,14671.2,29991200,29991200,29991200
2023-10-30 05:00:00,14755.2,14755.2,14755.2,29991200,29991200,29991200
2023-10-30 09:00:00,14745.9,14745.9,14745.9,29991200,29991200,29991200
2023-10-30 13:00:00,14713.1,14713.1,14713.1,29991200,29991200,29991200
2023-10-30 17:00:00,14756.7,14756.7,14756.7,29991200,29991200,29991200
2023-10-30 21:00:00,14750.9,14750.9,14750.9,29991200,29991200,29991200
2023-10-31 01:00:00,14704.4,14704.4,14704.4,29991200,29991200,29991200
2023-10-31 05:00:00,14804.7,14804.7,14804.7,29991200,29991200,29991200
2023-10-31 09:00:00,14799.9,14799.9,14799.9,29991200,29991200,29991200
2023-10-31 13:00:00,14817.2,14817.2,14817.2,29991200,29991200,29991200
2023-10-31 17:00:00,14841.9,14841.9,14841.9,29991200,29991200,29991200
2023-10-31 21:00:00,14832.6,14832.6,14832.6,29991200,29991200,29991200
2023-11-01 01:00:00,14843.8,14843.8,14843.8,29991200,29991200,29991200
2023-11-01 05:00:00,14824.7,14824.7,14824.7,29991200,29991200,29991200
2023-11-01 09:00:00,14859.4,14859.4,14859.4,29991200,29991200,29991200
2023-11-01 13:00:00,14914.9,14914.9,14914.9,29991200,29991200,29991200
2023-11-01 17:00:00,14988.3,14988.3,14988.3,29991200,29991200,29991200
2023-11-01 21:00:00,15013.8,15013.8,15013.8,29991200,29991200,29991200
2023-11-02 01:00:00,15011.6,15011.6,15011.6,29991200,29991200,29991200
2023-11-02 05:00:00,15111.9,15111.9,15111.9,29991200,29991200,29991200
2023-11-02 09:00:00,15161.6,15161.6,15161.6,29991200,29991200,29991200
2023-11-02 13:00:00,15160.5,15160.5,15160.5,29991200,29991200,29991200
2023-11-02 17:00:00,15220.5,15220.5,15220.5,29991200,29991200,29991200
2023-11-02 21:00:00,15207.2,15207.2,15207.2,29991200,29991200,29991200
2023-11-03 01:00:00,15214.5,15214.5,15214.5,29991200,29991200,29991200
2023-11-03 05:00:00,15199.9,15199.9,15199.9,29991200,29991200,29991200
2023-11-03 09:00:00,15225.3,15225.3,15225.3,29991200,29991200,29991200
2023-11-03 13:00:00,15191.4,15191.4,15191.4,29991200,29991200,29991200
2023-11-03 17:00:00,15195.6,15195.6,15195.6,29991200,29991200,29991200
2023-11-05 22:00:00,15197.1,15197.1,15197.1,29991200,29991200,29991200
2023-11-06 02:00:00,15192.9,15192.9,15192.9,29991200,29991200,29991200
2023-11-06 06:00:00,15153.1,15153.1,15153.1,29991200,29991200,29991200
2023-11-06 10:00:00,15156.8,15156.8,15156.8,29991200,29991200,29991200
2023-11-06 14:00:00,15128.0,15128.0,15128.0,29991200,29991200,29991200
2023-11-06 18:00:00,15129.3,15129.3,15129.3,29991200,29991200,29991200
2023-11-06 22:00:00,15130.9,15130.9,15130.9,29991200,29991200,29991200
2023-11-07 02:00:00,15108.8,15108.8,15108.8,29991200,29991200,29991200
2023-11-07 06:00:00,15091.7,15091.7,15091.7,29991200,29991200,29991200
2023-11-07 10:00:00,15134.3,15134.3,15134.3,29991200,29991200,29991200
2023-11-07 14:00:00,15145.9,15145.9,15145.9,29991200,29991200,29991200
2023-11-07 18:00:00,15152.4,15152.4,15152.4,29991200,29991200,29991200
2023-11-07 22:00:00,15136.9,15136.9,15136.9,29991200,29991200,29991200
2023-11-08 02:00:00,15108.3,15108.3,15108.3,29991200,29991200,29991200
2023-11-08 06:00:00,15094.2,15094.2,15094.2,29991200,29991200,29991200
2023-11-08 10:00:00,15214.3,15214.3,15214.3,29991200,29991200,29991200
2023-11-08 14:00:00,15180.3,15180.3,15180.3,29991200,29991200,29991200
2023-11-08 18:00:00,15204.6,15204.6,15204.6,29991200,29991200,29991200
2023-11-08 22:00:00,15215.1,15215.1,15215.1,29991200,29991200,29991200
2023-11-09 02:00:00,15206.4,15206.4,15206.4,29991200,29991200,29991200
2023-11-09 06:00:00,15266.4,15266.4,15266.4,29991200,29991200,29991200
2023-11-09 10:00:00,15325.8,15325.8,15325.8,29991200,29991200,29991200
2023-11-09 14:00:00,15352.5,15352.5,15352.5,29991200,29991200,29991200
2023-11-09 18:00:00,15274.2,15274.2,15274.2,29991200,29991200,29991200
2023-11-09 22:00:00,15243.8,15243.8,15243.8,29991200,29991200,29991200
2023-11-10 02:00:00,15250.1,15250.1,15250.1,29991200,29991200,29991200
2023-11-10 06:00:00,15279.5,15279.5,15279.5,29991200,29991200,29991200
2023-11-10 10:00:00,15261.1,15261.1,15261.1,29991200,29991200,29991200
2023-11-10 14:00:00,15285.8,15285.8,15285.8,29991200,29991200,29991200
2023-11-10 18:00:00,15325.4,15325.4,15325.4,29991200,29991200,29991200
2023-11-12 22:00:00,15265.6,15265.6,15265.6,29991200,29991200,29991200
2023-11-13 02:00:00,15244.5,15244.5,15244.5,29991200,29991200,29991200
2023-11-13 06:00:00,15297.5,15297.5,15297.5,29991200,29991200,29991200
2023-11-13 10:00:00,15276.9,15276.9,15276.9,29991200,29991200,29991200
2023-11-13 14:00:00,15340.8,15340.8,15340.8,29991200,29991200,29991200
2023-11-13 18:00:00,15359.8,15359.8,15359.8,29991200,29991200,29991200
2023-11-13 22:00:00,15358.8,15358.8,15358.8,29991200,29991200,29991200
2023-11-14 02:00:00,15343.1,15343.1,15343.1,29991200,29991200,29991200
2023-11-14 06:00:00,15407.3,15407.3,15407.3,29991200,29991200,29991200
2023-11-14 10:00:00,15550.6,15550.6,15550.6,29991200,29991200,29991200
2023-11-14 14:00:00,15600.5,15600.5,15600.5,29991200,29991200,29991200
2023-11-14 18:00:00,15618.4,15618.4,15618.4,29991200,29991200,29991200
2023-11-14 22:00:00,15611.0,15611.0,15611.0,29991200,29991200,29991200
2023-11-15 02:00:00,15634.2,15634.2,15634.2,29991200,29991200,29991200
2023-11-15 06:00:00,15664.2,15664.2,15664.2,29991200,29991200,29991200
2023-11-15 10:00:00,15713.9,15713.9,15713.9,29991200,29991200,29991200
2023-11-15 14:00:00,15737.1,15737.1,15737.1,29991200,29991200,29991200
2023-11-15 18:00:00,15723.8,15723.8,15723.8,29991200,29991200,29991200
2023-11-15 22:00:00,15717.7,15717.7,15717.7,29991200,29991200,29991200
2023-11-16 02:00:00,15725.0,15725.0,15725.0,29991200,29991200,29991200
2023-11-16 06:00:00,15807.6,15807.6,15807.6,29991200,29991200,29991200
2023-11-16 10:00:00,15859.1,15859.1,15859.1,29991200,29991200,29991200
2023-11-16 14:00:00,15805.7,15805.7,15805.7,29991200,29991200,29991200
2023-11-16 18:00:00,15834.1,15834.1,15834.1,29991200,29991200,29991200
2023-11-16 22:00:00,15826.2,15826.2,15826.2,29991200,29991200,29991200
2023-11-17 02:00:00,15827.4,15827.4,15827.4,29991200,29991200,29991200
2023-11-17 06:00:00,15905.3,15905.3,15905.3,29991200,29991200,29991200
2023-11-17 10:00:00,15909.2,15909.2,15909.2,29991200,29991200,29991200
2023-11-17 14:00:00,15933.1,15933.1,15933.1,29991200,29991200,29991200
2023-11-17 18:00:00,15934.9,15934.9,15934.9,29991200,29991200,29991200
2023-11-19 22:00:00,15936.7,15936.7,15936.7,29991200,29991200,29991200
2023-11-20 02:00:00,15917.1,15917.1,15917.1,29991200,29991200,29991200
2023-11-20 06:00:00,15912.6,15912.6,15912.6,29991200,29991200,29991200
2023-11-20 10:00:00,15879.0,15879.0,15879.0,29991200,29991200,29991200
2023-11-20 14:00:00,15902.9,15902.9,15902.9,29991200,29991200,29991200
2023-11-20 18:00:00,15926.8,15926.8,15926.8,29991200,29991200,29991200
2023-11-20 22:00:00,15932.8,15932.8,15932.8,29991200,29991200,29991200
2023-11-21 02:00:00,15926.2,15926.2,15926.2,29991200,29991200,29991200
2023-11-21 06:00:00,15915.1,15915.1,15915.1,29991200,29991200,29991200
2023-11-21 10:00:00,15903.3,15903.3,15903.3,29991200,29991200,29991200
2023-11-21 14:00:00,15909.4,15909.4,15909.4,29991200,29991200,29991200
2023-11-21 18:00:00,15900.7,15900.7,15900.7,29991200,29991200,29991200
2023-11-21 22:00:00,15930.4,15930.4,15930.4,29991200,29991200,29991200
2023-11-22 02:00:00,15917.3,15917.3,15917.3,29991200,29991200,29991200
2023-11-22 06:00:00,15942.4,15942.4,15942.4,29991200,29991200,29991200
2023-11-22 10:00:00,15984.1,15984.1,15984.1,29991200,29991200,29991200
2023-11-22 14:00:00,15953.7,15953.7,15953.7,29991200,29991200,29991200
2023-11-22 18:00:00,15954.3,15954.3,15954.3,29991200,29991200,29991200
2023-11-22 22:00:00,15953.7,15953.7,15953.7,29991200,29991200,29991200
2023-11-23 02:00:00,15956.0,15956.0,15956.0,29991200,29991200,29991200
2023-11-23 06:00:00,15972.9,15972.9,15972.9,29991200,29991200,29991200
2023-11-23 10:00:00,15988.4,15988.4,15988.4,29991200,29991200,29991200
2023-11-23 14:00:00,15984.1,15984.1,15984.1,29991200,29991200,29991200
2023-11-23 18:00:00,15996.3,15996.3,15996.3,29991200,29991200,29991200
2023-11-23 22:00:00,16012.0,16012.0,16012.0,29991200,29991200,29991200
2023-11-24 02:00:00,15998.4,15998.4,15998.4,29991200,29991200,29991200
2023-11-24 06:00:00,16005.2,16005.2,16005.2,29991200,29991200,29991200
2023-11-24 10:00:00,16015.6,16015.6,16015.6,29991200,29991200,29991200
2023-11-24 14:00:00,16044.8,16044.8,16044.8,29991200,29991200,29991200
2023-11-24 18:00:00,16027.0,16027.0,16027.0,29991200,29991200,29991200
2023-11-26 22:00:00,16017.1,16017.1,16017.1,29991200,29991200,29991200
2023-11-27 02:00:00,15989.4,15989.4,15989.4,29991200,29991200,29991200
2023-11-27 06:00:00,15981.0,15981.0,15981.0,29991200,29991200,29991200
2023-11-27 10:00:00,16001.4,16001.4,16001.4,29991200,29991200,29991200
2023-11-27 14:00:00,15975.5,15975.5,15975.5,29991200,29991200,29991200
2023-11-27 18:00:00,15961.2,15961.2,15961.2,29991200,29991200,29991200
2023-11-27 22:00:00,15956.7,15956.7,15956.7,29991200,29991200,29991200
2023-11-28 02:00:00,15949.0,15949.0,15949.0,29991200,29991200,29991200
2023-11-28 06:00:00,15945.3,15945.3,15945.3,29991200,29991200,29991200
2023-11-28 10:00:00,15953.0,15953.0,15953.0,29991200,29991200,29991200
2023-11-28 14:00:00,15979.3,15979.3,15979.3,29991200,29991200,29991200
2023-11-28 18:00:00,15988.8,15988.8,15988.8,29991200,29991200,29991200
2023-11-28 22:00:00,16004.3,16004.3,16004.3,29991200,29991200,29991200
2023-11-29 02:00:00,15999.7,15999.7,15999.7,29991200,29991200,29991200
2023-11-29 06:00:00,16147.5,16147.5,16147.5,29991200,29991200,29991200
2023-11-29 10:00:00,16159.8,16159.8,16159.8,29991200,29991200,29991200
2023-11-29 14:00:00,16193.6,16193.6,16193.6,29991200,29991200,29991200
2023-11-29 18:00:00,16176.9,16176.9,16176.9,29991200,29991200,29991200
2023-11-29 22:00:00,16175.2,16175.2,16175.2,29991200,29991200,29991200
2023-11-30 02:00:00,16209.0,16209.0,16209.0,29991200,29991200,29991200
2023-11-30 06:00:00,16195.8,16195.8,16195.8,29991200,29991200,29991200
2023-11-30 10:00:00,16236.3,16236.3,16236.3,29991200,29991200,29991200
2023-11-30 14:00:00,16221.6,16221.6,16221.6,29991200,29991200,29991200
2023-11-30 18:00:00,16236.6,16236.6,16236.6,29991200,29991200,29991200
2023-11-30 22:00:00,16256.6,16256.6,16256.6,29991200,29991200,29991200
2023-12-01 02:00:00,16285.8,16285.8,16285.8,29991200,29991200,29991200
2023-12-01 06:00:00,16339.0,16339.0,16339.0,29991200,29991200,29991200
2023-12-01 10:00:00,16304.8,16304.8,16304.8,29991200,29991200,29991200
2023-12-01 14:00:00,16437.3,16437.3,16437.3,29991200,29991200,29991200
2023-12-01 18:00:00,16433.6,16433.6,16433.6,29991200,29991200,29991200
2023-12-03 22:00:00,16420.4,16420.4,16420.4,29991200,29991200,29991200
2023-12-04 02:00:00,16418.8,16418.8,16418.8,29991200,29991200,29991200
2023-12-04 06:00:00,16401.8,16401.8,16401.8,29991200,29991200,29991200
2023-12-04 10:00:00,16405.5,16405.5,16405.5,29991200,29991200,29991200
2023-12-04 14:00:00,16438.5,16438.5,16438.5,29991200,29991200,29991200
2023-12-04 18:00:00,16424.6,16424.6,16424.6,29991200,29991200,29991200
2023-12-04 22:00:00,16414.2,16414.2,16414.2,29991200,29991200,29991200
2023-12-05 02:00:00,16413.1,16413.1,16413.1,29991200,29991200,29991200
2023-12-05 06:00:00,16454.7,16454.7,16454.7,29991200,29991200,29991200
2023-12-05 10:00:00,16465.4,16465.4,16465.4,29991200,29991200,29991200
2023-12-05 14:00:00,16538.6,16538.6,16538.6,29991200,29991200,29991200
2023-12-05 18:00:00,16523.3,16523.3,16523.3,29991200,29991200,29991200
2023-12-05 22:00:00,16583.8,16583.8,16583.8,29991200,29991200,29991200
2023-12-06 02:00:00,16590.7,16590.7,16590.7,29991200,29991200,29991200
2023-12-06 06:00:00,16547.5,16547.5,16547.5,29991200,29991200,29991200
2023-12-06 10:00:00,16638.2,16638.2,16638.2,29991200,29991200,29991200
2023-12-06 14:00:00,16649.6,16649.6,16649.6,29991200,29991200,29991200
2023-12-06 18:00:00,16628.6,16628.6,16628.6,29991200,29991200,29991200
2023-12-06 22:00:00,16606.5,16606.5,16606.5,29991200,29991200,29991200
2023-12-07 02:00:00,16595.5,16595.5,16595.5,29991200,29991200,29991200
2023-12-07 06:00:00,16629.7,16629.7,16629.7,29991200,29991200,29991200
2023-12-07 10:00:00,16626.2,16626.2,16626.2,29991200,29991200,29991200
2023-12-07 14:00:00,16643.1,16643.1,16643.1,29991200,29991200,29991200
2023-12-07 18:00:00,16631.5,16631.5,16631.5,29991200,29991200,29991200
2023-12-07 22:00:00,16648.7,16648.7,16648.7,29991200,29991200,29991200
2023-12-08 02:00:00,16665.1,16665.1,16665.1,29991200,29991200,29991200
2023-12-08 06:00:00,16692.9,16692.9,16692.9,29991200,29991200,29991200
2023-12-08 10:00:00,16681.4,16681.4,16681.4,29991200,29991200,29991200
2023-12-08 14:00:00,16770.4,16770.4,16770.4,29991200,29991200,29991200
2023-12-08 18:00:00,16790.6,16790.6,16790.6,29991200,29991200,29991200
2023-12-10 22:00:00,16783.6,16783.6,16783.6,29991200,29991200,29991200
2023-12-11 02:00:00,16786.5,16786.5,16786.5,29991200,29991200,29991200
2023-12-11 06:00:00,16751.9,16751.9,16751.9,29991200,29991200,29991200
2023-12-11 10:00:00,16751.0,16751.0,16751.0,29991200,29991200,29991200
2023-12-11 14:00:00,16817.2,16817.2,16817.2,29991200,29991200,29991200
2023-12-11 18:00:00,16819.7,16819.7,16819.7,29991200,29991200,29991200
2023-12-11 22:00:00,16836.9,16836.9,16836.9,29991200,29991200,29991200
2023-12-12 02:00:00,16841.5,16841.5,16841.5,29991200,29991200,29991200
2023-12-12 06:00:00,16830.1,16830.1,16830.1,29991200,29991200,29991200
2023-12-12 10:00:00,16769.2,16769.2,16769.2,29991200,29991200,29991200
2023-12-12 14:00:00,16786.9,16786.9,16786.9,29991200,29991200,29991200
2023-12-12 18:00:00,16806.1,16806.1,16806.1,29991200,29991200,29991200
2023-12-12 22:00:00,16795.7,16795.7,16795.7,29991200,29991200,29991200
2023-12-13 02:00:00,16782.9,16782.9,16782.9,29991200,29991200,29991200
2023-12-13 06:00:00,16824.5,16824.5,16824.5,29991200,29991200,29991200
2023-12-13 10:00:00,16815.0,16815.0,16815.0,29991200,29991200,29991200
2023-12-13 14:00:00,16753.3,16753.3,16753.3,29991200,29991200,29991200
2023-12-13 18:00:00,16889.8,16889.8,16889.8,29991200,29991200,29991200
2023-12-13 22:00:00,16947.1,16947.1,16947.1,29991200,29991200,29991200
2023-12-14 02:00:00,16943.5,16943.5,16943.5,29991200,29991200,29991200
2023-12-14 06:00:00,16889.1,16889.1,16889.1,29991200,29991200,29991200
2023-12-14 10:00:00,16878.2,16878.2,16878.2,29991200,29991200,29991200
2023-12-14 14:00:00,16749.3,16749.3,16749.3,29991200,29991200,29991200
2023-12-14 18:00:00,16721.6,16721.6,16721.6,29991200,29991200,29991200
2023-12-14 22:00:00,16755.7,16755.7,16755.7,29991200,29991200,29991200
2023-12-15 02:00:00,16786.2,16786.2,16786.2,29991200,29991200,29991200
2023-12-15 06:00:00,16864.1,16864.1,16864.1,29991200,29991200,29991200
2023-12-15 10:00:00,16727.6,16727.6,16727.6,29991200,29991200,29991200
2023-12-15 14:00:00,16743.3,16743.3,16743.3,29991200,29991200,29991200
2023-12-15 18:00:00,16734.8,16734.8,16734.8,29991200,29991200,29991200
2023-12-17 22:00:00,16716.2,16716.2,16716.2,29991200,29991200,29991200
2023-12-18 02:00:00,16733.2,16733.2,16733.2,29991200,29991200,29991200
2023-12-18 06:00:00,16710.1,16710.1,16710.1,29991200,29991200,29991200
2023-12-18 10:00:00,16690.1,16690.1,16690.1,29991200,29991200,29991200
2023-12-18 14:00:00,16656.3,16656.3,16656.3,29991200,29991200,29991200
2023-12-18 18:00:00,16672.1,16672.1,16672.1,29991200,29991200,29991200
2023-12-18 22:00:00,16668.2,16668.2,16668.2,29991200,29991200,29991200
2023-12-19 02:00:00,16680.9,16680.9,16680.9,29991200,29991200,29991200
2023-12-19 06:00:00,16694.5,16694.5,16694.5,29991200,29991200,29991200
2023-12-19 10:00:00,16725.1,16725.1,16725.1,29991200,29991200,29991200
2023-12-19 14:00:00,16751.7,16751.7,16751.7,29991200,29991200,29991200
2023-12-19 18:00:00,16756.8,16756.8,16756.8,29991200,29991200,29991200
2023-12-19 22:00:00,16768.1,16768.1,16768.1,29991200,29991200,29991200
2023-12-20 02:00:00,16767.5,16767.5,16767.5,29991200,29991200,29991200
2023-12-20 06:00:00,16732.9,16732.9,16732.9,29991200,29991200,29991200
2023-12-20 10:00:00,16752.5,16752.5,16752.5,29991200,29991200,29991200
2023-12-20 14:00:00,16755.5,16755.5,16755.5,29991200,29991200,29991200
2023-12-20 18:00:00,16624.5,16624.5,16624.5,29991200,29991200,29991200
2023-12-20 22:00:00,16639.5,16639.5,16639.5,29991200,29991200,29991200
2023-12-21 02:00:00,16662.1,16662.1,16662.1,29991200,29991200,29991200
2023-12-21 06:00:00,16657.6,16657.6,16657.6,29991200,29991200,29991200
2023-12-21 10:00:00,16686.7,16686.7,16686.7,29991200,29991200,29991200
2023-12-21 14:00:00,16667.0,16667.0,16667.0,29991200,29991200,29991200
2023-12-21 18:00:00,16736.4,16736.4,16736.4,29991200,29991200,29991200
2023-12-21 22:00:00,16684.4,16684.4,16684.4,29991200,29991200,29991200
2023-12-22 02:00:00,16665.9,16665.9,16665.9,29991200,29991200,29991200
2023-12-22 06:00:00,16672.2,16672.2,16672.2,29991200,29991200,29991200
2023-12-22 10:00:00,16719.1,16719.1,16719.1,29991200,29991200,29991200
2023-12-22 14:00:00,16723.3,16723.3,16723.3,29991200,29991200,29991200
2023-12-22 18:00:00,16716.8,16716.8,16716.8,29991200,29991200,29991200
2023-12-26 22:00:00,16755.2,16755.2,16755.2,29991200,29991200,29991200
2023-12-27 02:00:00,16772.7,16772.7,16772.7,29991200,29991200,29991200
2023-12-27 06:00:00,16731.7,16731.7,16731.7,29991200,29991200,29991200
2023-12-27 10:00:00,16742.0,16742.0,16742.0,29991200,29991200,29991200
2023-12-27 14:00:00,16758.7,16758.7,16758.7,29991200,29991200,29991200
2023-12-27 18:00:00,16755.8,16755.8,16755.8,29991200,29991200,29991200
2023-12-27 22:00:00,16791.5,16791.5,16791.5,29991200,29991200,29991200
2023-12-28 02:00:00,16796.8,16796.8,16796.8,29991200,29991200,29991200
2023-12-28 06:00:00,16716.6,16716.6,16716.6,29991200,29991200,29991200
2023-12-28 10:00:00,16710.6,16710.6,16710.6,29991200,29991200,29991200
2023-12-28 14:00:00,16718.9,16718.9,16718.9,29991200,29991200,29991200
2023-12-28 18:00:00,16701.4,16701.4,16701.4,29991200,29991200,29991200
2023-12-28 22:00:00,16704.6,16704.6,16704.6,29991200,29991200,29991200
2023-12-29 02:00:00,16718.3,16718.3,16718.3,29991200,29991200,29991200
2023-12-29 06:00:00,16741.8,16741.8,16741.8,29991200,29991200,29991200
2023-12-29 10:00:00,16749.1,16749.1,16749.1,29991200,29991200,29991200
2023-12-29 14:00:00,16744.3,16744.3,16744.3,29991200,29991200,29991200
2023-12-29 18:00:00,16759.8,16759.8,16759.8,29991200,29991200,29991200
2024-01-01 22:00:00,16774.7,16774.7,16774.7,29991200,29991200,29991200
2024-01-02 02:00:00,16792.7,16792.7,16792.7,29991200,29991200,29991200
2024-01-02 06:00:00,16867.1,16867.1,16867.1,29991200,29991200,29991200
2024-01-02 10:00:00,16696.5,16696.5,16696.5,29991200,29991200,29991200
2024-01-02 14:00:00,16770.0,16770.0,16770.0,29991200,29991200,29991200
2024-01-02 18:00:00,16730.8,16730.8,16730.8,29991200,29991200,29991200
2024-01-02 22:00:00,16727.9,16727.9,16727.9,29991200,29991200,29991200
2024-01-03 02:00:00,16721.4,16721.4,16721.4,29991200,29991200,29991200
2024-01-03 06:00:00,16645.3,16645.3,16645.3,29991200,29991200,29991200
2024-01-03 10:00:00,16595.3,16595.3,16595.3,29991200,29991200,29991200
2024-01-03 14:00:00,16559.5,16559.5,16559.5,29991200,29991200,29991200
2024-01-03 18:00:00,16522.7,16522.7,16522.7,29991200,29991200,29991200
2024-01-03 22:00:00,16528.3,16528.3,16528.3,29991200,29991200,29991200
2024-01-04 02:00:00,16504.9,16504.9,16504.9,29991200,29991200,29991200
2024-01-04 06:00:00,16595.4,16595.4,16595.4,29991200,29991200,29991200
2024-01-04 10:00:00,16537.1,16537.1,16537.1,29991200,29991200,29991200
2024-01-04 14:00:00,16594.2,16594.2,16594.2,29991200,29991200,29991200
2024-01-04 18:00:00,16569.5,16569.5,16569.5,29991200,29991200,29991200
2024-01-04 22:00:00,16567.4,16567.4,16567.4,29991200,29991200,29991200
2024-01-05 02:00:00,16540.0,16540.0,16540.0,29991200,29991200,29991200
2024-01-05 06:00:00,16487.8,16487.8,16487.8,29991200,29991200,29991200
2024-01-05 10:00:00,16520.1,16520.1,16520.1,29991200,29991200,29991200
2024-01-05 14:00:00,16573.3,16573.3,16573.3,29991200,29991200,29991200
2024-01-05 18:00:00,16589.0,16589.0,16589.0,29991200,29991200,29991200
2024-01-07 22:00:00,16596.7,16596.7,16596.7,29991200,29991200,29991200
2024-01-08 02:00:00,16571.3,16571.3,16571.3,29991200,29991200,29991200
2024-01-08 06:00:00,16579.9,16579.9,16579.9,29991200,29991200,29991200
2024-01-08 10:00:00,16630.1,16630.1,16630.1,29991200,29991200,29991200
2024-01-08 14:00:00,16731.8,16731.8,16731.8,29991200,29991200,29991200
2024-01-08 18:00:00,16772.2,16772.2,16772.2,29991200,29991200,29991200
2024-01-08 22:00:00,16754.7,16754.7,16754.7,29991200,29991200,29991200
2024-01-09 02:00:00,16748.1,16748.1,16748.1,29991200,29991200,29991200
2024-01-09 06:00:00,16694.9,16694.9,16694.9,29991200,29991200,29991200
2024-01-09 10:00:00,16635.3,16635.3,16635.3,29991200,29991200,29991200
2024-01-09 14:00:00,16684.0,16684.0,16684.0,29991200,29991200,29991200
2024-01-09 18:00:00,16669.2,16669.2,16669.2,29991200,29991200,29991200
2024-01-09 22:00:00,16666.2,16666.2,16666.2,29991200,29991200,29991200
2024-01-10 02:00:00,16644.7,16644.7,16644.7,29991200,29991200,29991200
2024-01-10 06:00:00,16743.9,16743.9,16743.9,29991200,29991200,29991200
2024-01-10 10:00:00,16670.2,16670.2,16670.2,29991200,29991200,29991200
2024-01-10 14:00:00,16701.2,16701.2,16701.2,29991200,29991200,29991200
2024-01-10 18:00:00,16725.2,16725.2,16725.2,29991200,29991200,29991200
2024-01-10 22:00:00,16744.9,16744.9,16744.9,29991200,29991200,29991200
2024-01-11 02:00:00,16787.4,16787.4,16787.4,29991200,29991200,29991200
2024-01-11 06:00:00,16751.4,16751.4,16751.4,29991200,29991200,29991200
2024-01-11 10:00:00,16644.6,16644.6,16644.6,29991200,29991200,29991200
2024-01-11 14:00:00,16582.3,16582.3,16582.3,29991200,29991200,29991200
2024-01-11 18:00:00,16622.0,16622.0,16622.0,29991200,29991200,29991200
2024-01-11 22:00:00,16639.0,16639.0,16639.0,29991200,29991200,29991200
2024-01-12 02:00:00,16643.8,16643.8,16643.8,29991200,29991200,29991200
2024-01-12 06:00:00,16681.4,16681.4,16681.4,29991200,29991200,29991200
2024-01-12 10:00:00,16695.2,16695.2,16695.2,29991200,29991200,29991200
2024-01-12 14:00:00,16702.5,16702.5,16702.5,29991200,29991200,29991200
2024-01-12 18:00:00,16716.7,16716.7,16716.7,29991200,29991200,29991200
2024-01-14 22:00:00,16727.9,16727.9,16727.9,29991200,29991200,29991200
2024-01-15 02:00:00,16768.0,16768.0,16768.0,29991200,29991200,29991200
2024-01-15 06:00:00,16673.9,16673.9,16673.9,29991200,29991200,29991200
2024-01-15 10:00:00,16629.5,16629.5,16629.5,29991200,29991200,29991200
2024-01-15 14:00:00,16628.4,16628.4,16628.4,29991200,29991200,29991200
2024-01-15 18:00:00,16629.7,16629.7,16629.7,29991200,29991200,29991200
2024-01-15 22:00:00,16584.9,16584.9,16584.9,29991200,29991200,29991200
2024-01-16 02:00:00,16539.5,16539.5,16539.5,29991200,29991200,29991200
2024-01-16 06:00:00,16525.2,16525.2,16525.2,29991200,29991200,29991200
2024-01-16 10:00:00,16525.1,16525.1,16525.1,29991200,29991200,29991200
2024-01-16 14:00:00,16516.4,16516.4,16516.4,29991200,29991200,29991200
2024-01-16 18:00:00,16535.3,16535.3,16535.3,29991200,29991200,29991200
2024-01-16 22:00:00,16500.1,16500.1,16500.1,29991200,29991200,29991200
2024-01-17 02:00:00,16434.0,16434.0,16434.0,29991200,29991200,29991200
2024-01-17 06:00:00,16408.5,16408.5,16408.5,29991200,29991200,29991200
2024-01-17 10:00:00,16374.4,16374.4,16374.4,29991200,29991200,29991200
2024-01-17 14:00:00,16404.9,16404.9,16404.9,29991200,29991200,29991200
2024-01-17 18:00:00,16411.9,16411.9,16411.9,29991200,29991200,29991200
2024-01-17 22:00:00,16431.3,16431.3,16431.3,29991200,29991200,29991200
2024-01-18 02:00:00,16417.7,16417.7,16417.7,29991200,29991200,29991200
2024-01-18 06:00:00,16471.4,16471.4,16471.4,29991200,29991200,29991200
2024-01-18 10:00:00,16515.1,16515.1,16515.1,29991200,29991200,29991200
2024-01-18 14:00:00,16533.1,16533.1,16533.1,29991200,29991200,29991200
2024-01-18 18:00:00,16601.7,16601.7,16601.7,29991200,29991200,29991200
2024-01-18 22:00:00,16610.7,16610.7,16610.7,29991200,29991200,29991200
2024-01-19 02:00:00,16593.6,16593.6,16593.6,29991200,29991200,29991200
2024-01-19 06:00:00,16610.6,16610.6,16610.6,29991200,29991200,29991200
2024-01-19 10:00:00,16555.9,16555.9,16555.9,29991200,29991200,29991200
2024-01-19 14:00:00,16586.2,16586.2,16586.2,29991200,29991200,29991200
2024-01-19 18:00:00,16630.7,16630.7,16630.7,29991200,29991200,29991200
2024-01-21 22:00:00,16687.7,16687.7,16687.7,29991200,29991200,29991200
2024-01-22 02:00:00,16673.6,16673.6,16673.6,29991200,29991200,29991200
2024-01-22 06:00:00,16635.9,16635.9,16635.9,29991200,29991200,29991200
2024-01-22 10:00:00,16625.6,16625.6,16625.6,29991200,29991200,29991200
2024-01-22 14:00:00,16675.8,16675.8,16675.8,29991200,29991200,29991200
2024-01-22 18:00:00,16661.4,16661.4,16661.4,29991200,29991200,29991200
2024-01-22 22:00:00,16677.4,16677.4,16677.4,29991200,29991200,29991200
2024-01-23 02:00:00,16680.7,16680.7,16680.7,29991200,29991200,29991200
2024-01-23 06:00:00,16667.5,16667.5,16667.5,29991200,29991200,29991200
2024-01-23 10:00:00,16672.6,16672.6,16672.6,29991200,29991200,29991200
2024-01-23 14:00:00,16646.5,16646.5,16646.5,29991200,29991200,29991200
2024-01-23 18:00:00,16677.2,16677.2,16677.2,29991200,29991200,29991200
2024-01-23 22:00:00,16687.8,16687.8,16687.8,29991200,29991200,29991200
2024-01-24 02:00:00,16727.4,16727.4,16727.4,29991200,29991200,29991200
2024-01-24 06:00:00,16798.3,16798.3,16798.3,29991200,29991200,29991200
2024-01-24 10:00:00,16884.7,16884.7,16884.7,29991200,29991200,29991200
2024-01-24 14:00:00,16915.8,16915.8,16915.8,29991200,29991200,29991200
2024-01-24 18:00:00,16866.0,16866.0,16866.0,29991200,29991200,29991200
2024-01-24 22:00:00,16850.4,16850.4,16850.4,29991200,29991200,29991200
2024-01-25 02:00:00,16858.2,16858.2,16858.2,29991200,29991200,29991200
2024-01-25 06:00:00,16850.1,16850.1,16850.1,29991200,29991200,29991200
2024-01-25 10:00:00,16861.1,16861.1,16861.1,29991200,29991200,29991200
2024-01-25 14:00:00,16894.1,16894.1,16894.1,29991200,29991200,29991200
2024-01-25 18:00:00,16901.4,16901.4,16901.4,29991200,29991200,29991200
2024-01-25 22:00:00,16893.2,16893.2,16893.2,29991200,29991200,29991200
2024-01-26 02:00:00,16870.7,16870.7,16870.7,29991200,29991200,29991200
2024-01-26 06:00:00,16913.4,16913.4,16913.4,29991200,29991200,29991200
2024-01-26 10:00:00,16954.4,16954.4,16954.4,29991200,29991200,29991200
2024-01-26 14:00:00,16933.6,16933.6,16933.6,29991200,29991200,29991200
2024-01-26 18:00:00,16934.9,16934.9,16934.9,29991200,29991200,29991200
2024-01-28 22:00:00,16918.6,16918.6,16918.6,29991200,29991200,29991200
2024-01-29 02:00:00,16909.0,16909.0,16909.0,29991200,29991200,29991200
2024-01-29 06:00:00,16871.5,16871.5,16871.5,29991200,29991200,29991200
2024-01-29 10:00:00,16878.5,16878.5,16878.5,29991200,29991200,29991200
2024-01-29 14:00:00,16935.0,16935.0,16935.0,29991200,29991200,29991200
2024-01-29 18:00:00,16982.6,16982.6,16982.6,29991200,29991200,29991200
2024-01-29 22:00:00,16994.8,16994.8,16994.8,29991200,29991200,29991200
2024-01-30 02:00:00,17000.2,17000.2,17000.2,29991200,29991200,29991200
2024-01-30 06:00:00,16964.5,16964.5,16964.5,29991200,29991200,29991200
2024-01-30 10:00:00,16980.0,16980.0,16980.0,29991200,29991200,29991200
2024-01-30 14:00:00,16958.3,16958.3,16958.3,29991200,29991200,29991200
2024-01-30 18:00:00,16918.9,16918.9,16918.9,29991200,29991200,29991200
2024-01-30 22:00:00,16937.5,16937.5,16937.5,29991200,29991200,29991200
2024-01-31 02:00:00,16969.2,16969.2,16969.2,29991200,29991200,29991200
2024-01-31 06:00:00,16944.5,16944.5,16944.5,29991200,29991200,29991200
2024-01-31 10:00:00,16955.2,16955.2,16955.2,29991200,29991200,29991200
2024-01-31 14:00:00,16887.6,16887.6,16887.6,29991200,29991200,29991200
2024-01-31 18:00:00,16817.6,16817.6,16817.6,29991200,29991200,29991200
2024-01-31 22:00:00,16825.6,16825.6,16825.6,29991200,29991200,29991200
2024-02-01 02:00:00,16850.8,16850.8,16850.8,29991200,29991200,29991200
2024-02-01 06:00:00,16853.6,16853.6,16853.6,29991200,29991200,29991200
2024-02-01 10:00:00,16901.1,16901.1,16901.1,29991200,29991200,29991200
2024-02-01 14:00:00,16908.8,16908.8,16908.8,29991200,29991200,29991200
2024-02-01 18:00:00,17008.7,17008.7,17008.7,29991200,29991200,29991200
2024-02-01 22:00:00,16985.5,16985.5,16985.5,29991200,29991200,29991200
2024-02-02 02:00:00,16978.9,16978.9,16978.9,29991200,29991200,29991200
2024-02-02 06:00:00,16986.5,16986.5,16986.5,29991200,29991200,29991200
2024-02-02 10:00:00,16934.8,16934.8,16934.8,29991200,29991200,29991200
2024-02-02 14:00:00,16915.4,16915.4,16915.4,29991200,29991200,29991200
2024-02-02 18:00:00,16943.5,16943.5,16943.5,29991200,29991200,29991200
2024-02-04 22:00:00,16888.5,16888.5,16888.5,29991200,29991200,29991200
2024-02-05 02:00:00,16878.9,16878.9,16878.9,29991200,29991200,29991200
2024-02-05 06:00:00,16899.9,16899.9,16899.9,29991200,29991200,29991200
2024-02-05 10:00:00,16883.9,16883.9,16883.9,29991200,29991200,29991200
2024-02-05 14:00:00,16925.2,16925.2,16925.2,29991200,29991200,29991200
2024-02-05 18:00:00,16913.3,16913.3,16913.3,29991200,29991200,29991200
2024-02-05 22:00:00,16918.4,16918.4,16918.4,29991200,29991200,29991200
2024-02-06 02:00:00,16935.2,16935.2,16935.2,29991200,29991200,29991200
2024-02-06 06:00:00,16883.5,16883.5,16883.5,29991200,29991200,29991200
2024-02-06 10:00:00,16942.3,16942.3,16942.3,29991200,29991200,29991200
2024-02-06 14:00:00,17017.0,17017.0,17017.0,29991200,29991200,29991200
2024-02-06 18:00:00,17025.0,17025.0,17025.0,29991200,29991200,29991200
2024-02-06 22:00:00,17049.0,17049.0,17049.0,29991200,29991200,29991200
2024-02-07 02:00:00,17039.5,17039.5,17039.5,29991200,29991200,29991200
2024-02-07 06:00:00,17009.8,17009.8,17009.8,29991200,29991200,29991200
2024-02-07 10:00:00,16983.1,16983.1,16983.1,29991200,29991200,29991200
2024-02-07 14:00:00,16934.6,16934.6,16934.6,29991200,29991200,29991200
2024-02-07 18:00:00,16939.3,16939.3,16939.3,29991200,29991200,29991200
2024-02-07 22:00:00,16946.2,16946.2,16946.2,29991200,29991200,29991200
2024-02-08 02:00:00,16931.2,16931.2,16931.2,29991200,29991200,29991200
2024-02-08 06:00:00,16951.8,16951.8,16951.8,29991200,29991200,29991200
2024-02-08 10:00:00,17007.9,17007.9,17007.9,29991200,29991200,29991200
2024-02-08 14:00:00,16970.5,16970.5,16970.5,29991200,29991200,29991200
2024-02-08 18:00:00,16962.1,16962.1,16962.1,29991200,29991200,29991200
2024-02-08 22:00:00,16954.0,16954.0,16954.0,29991200,29991200,29991200
2024-02-09 02:00:00,16954.8,16954.8,16954.8,29991200,29991200,29991200
2024-02-09 06:00:00,16979.2,16979.2,16979.2,29991200,29991200,29991200
2024-02-09 10:00:00,16963.0,16963.0,16963.0,29991200,29991200,29991200
2024-02-09 14:00:00,16943.9,16943.9,16943.9,29991200,29991200,29991200
2024-02-09 18:00:00,16963.0,16963.0,16963.0,29991200,29991200,29991200
2024-02-11 22:00:00,16963.0,16963.0,16963.0,29991200,29991200,29991200
2024-02-12 02:00:00,16953.5,16953.5,16953.5,29991200,29991200,29991200
2024-02-12 06:00:00,17000.0,17000.0,17000.0,29991200,29991200,29991200
2024-02-12 10:00:00,16967.7,16967.7,16967.7,29991200,29991200,29991200
2024-02-12 14:00:00,17038.6,17038.6,17038.6,29991200,29991200,29991200
2024-02-12 18:00:00,16990.1,16990.1,16990.1,29991200,29991200,29991200
2024-02-12 22:00:00,16988.9,16988.9,16988.9,29991200,29991200,29991200
2024-02-13 02:00:00,16985.8,16985.8,16985.8,29991200,29991200,29991200
2024-02-13 06:00:00,16947.6,16947.6,16947.6,29991200,29991200,29991200
2024-02-13 10:00:00,16872.1,16872.1,16872.1,29991200,29991200,29991200
2024-02-13 14:00:00,16858.5,16858.5,16858.5,29991200,29991200,29991200
2024-02-13 18:00:00,16831.9,16831.9,16831.9,29991200,29991200,29991200
2024-02-13 22:00:00,16838.7,16838.7,16838.7,29991200,29991200,29991200
2024-02-14 02:00:00,16827.6,16827.6,16827.6,29991200,29991200,29991200
2024-02-14 06:00:00,16893.9,16893.9,16893.9,29991200,29991200,29991200
2024-02-14 10:00:00,16931.3,16931.3,16931.3,29991200,29991200,29991200
2024-02-14 14:00:00,16944.8,16944.8,16944.8,29991200,29991200,29991200
2024-02-14 18:00:00,16984.6,16984.6,16984.6,29991200,29991200,29991200
2024-02-14 22:00:00,16970.8,16970.8,16970.8,29991200,29991200,29991200
2024-02-15 02:00:00,16995.0,16995.0,16995.0,29991200,29991200,29991200
2024-02-15 06:00:00,17061.9,17061.9,17061.9,29991200,29991200,29991200
2024-02-15 10:00:00,17018.4,17018.4,17018.4,29991200,29991200,29991200
2024-02-15 14:00:00,17062.2,17062.2,17062.2,29991200,29991200,29991200
2024-02-15 18:00:00,17115.5,17115.5,17115.5,29991200,29991200,29991200
2024-02-15 22:00:00,17089.7,17089.7,17089.7,29991200,29991200,29991200
2024-02-16 02:00:00,17096.5,17096.5,17096.5,29991200,29991200,29991200
2024-02-16 06:00:00,17166.4,17166.4,17166.4,29991200,29991200,29991200
2024-02-16 10:00:00,17136.1,17136.1,17136.1,29991200,29991200,29991200
2024-02-16 14:00:00,17114.4,17114.4,17114.4,29991200,29991200,29991200
2024-02-16 18:00:00,17072.8,17072.8,17072.8,29991200,29991200,29991200
2024-02-18 22:00:00,17069.7,17069.7,17069.7,29991200,29991200,29991200
2024-02-19 02:00:00,17077.2,17077.2,17077.2,29991200,29991200,29991200
2024-02-19 06:00:00,17075.8,17075.8,17075.8,29991200,29991200,29991200
2024-02-19 10:00:00,17063.9,17063.9,17063.9,29991200,29991200,29991200
2024-02-19 14:00:00,17084.6,17084.6,17084.6,29991200,29991200,29991200
2024-02-19 18:00:00,17084.4,17084.4,17084.4,29991200,29991200,29991200
2024-02-19 22:00:00,17036.4,17036.4,17036.4,29991200,29991200,29991200
2024-02-20 02:00:00,17035.2,17035.2,17035.2,29991200,29991200,29991200
2024-02-20 06:00:00,17055.1,17055.1,17055.1,29991200,29991200,29991200
2024-02-20 10:00:00,17048.0,17048.0,17048.0,29991200,29991200,29991200
2024-02-20 14:00:00,17051.5,17051.5,17051.5,29991200,29991200,29991200
2024-02-20 18:00:00,17064.6,17064.6,17064.6,29991200,29991200,29991200
2024-02-20 22:00:00,17065.1,17065.1,17065.1,29991200,29991200,29991200
2024-02-21 02:00:00,17068.4,17068.4,17068.4,29991200,29991200,29991200
2024-02-21 06:00:00,17102.2,17102.2,17102.2,29991200,29991200,29991200
2024-02-21 10:00:00,17099.8,17099.8,17099.8,29991200,29991200,29991200
2024-02-21 14:00:00,17127.2,17127.2,17127.2,29991200,29991200,29991200
2024-02-21 18:00:00,17183.2,17183.2,17183.2,29991200,29991200,29991200
2024-02-21 22:00:00,17202.0,17202.0,17202.0,29991200,29991200,29991200
2024-02-22 02:00:00,17213.9,17213.9,17213.9,29991200,29991200,29991200
2024-02-22 06:00:00,17298.0,17298.0,17298.0,29991200,29991200,29991200
2024-02-22 10:00:00,17380.5,17380.5,17380.5,29991200,29991200,29991200
2024-02-22 14:00:00,17387.6,17387.6,17387.6,29991200,29991200,29991200
2024-02-22 18:00:00,17405.8,17405.8,17405.8,29991200,29991200,29991200
2024-02-22 22:00:00,17397.9,17397.9,17397.9,29991200,29991200,29991200
2024-02-23 02:00:00,17405.3,17405.3,17405.3,29991200,29991200,29991200
2024-02-23 06:00:00,17377.1,17377.1,17377.1,29991200,29991200,29991200
2024-02-23 10:00:00,17383.1,17383.1,17383.1,29991200,29991200,29991200
2024-02-23 14:00:00,17422.2,17422.2,17422.2,29991200,29991200,29991200
2024-02-23 18:00:00,17426.4,17426.4,17426.4,29991200,29991200,29991200
2024-02-25 22:00:00,17386.1,17386.1,17386.1,29991200,29991200,29991200
2024-02-26 02:00:00,17385.9,17385.9,17385.9,29991200,29991200,29991200
2024-02-26 06:00:00,17434.7,17434.7,17434.7,29991200,29991200,29991200
2024-02-26 10:00:00,17442.3,17442.3,17442.3,29991200,29991200,29991200
2024-02-26 14:00:00,17423.0,17423.0,17423.0,29991200,29991200,29991200
2024-02-26 18:00:00,17413.8,17413.8,17413.8,29991200,29991200,29991200
2024-02-26 22:00:00,17400.7,17400.7,17400.7,29991200,29991200,29991200
2024-02-27 02:00:00,17397.1,17397.1,17397.1,29991200,29991200,29991200
2024-02-27 06:00:00,17501.0,17501.0,17501.0,29991200,29991200,29991200
2024-02-27 10:00:00,17511.8,17511.8,17511.8,29991200,29991200,29991200
2024-02-27 14:00:00,17538.7,17538.7,17538.7,29991200,29991200,29991200
2024-02-27 18:00:00,17589.6,17589.6,17589.6,29991200,29991200,29991200
2024-02-27 22:00:00,17584.3,17584.3,17584.3,29991200,29991200,29991200
2024-02-28 02:00:00,17571.2,17571.2,17571.2,29991200,29991200,29991200
2024-02-28 06:00:00,17571.7,17571.7,17571.7,29991200,29991200,29991200
2024-02-28 10:00:00,17581.1,17581.1,17581.1,29991200,29991200,29991200
2024-02-28 14:00:00,17604.7,17604.7,17604.7,29991200,29991200,29991200
2024-02-28 18:00:00,17574.3,17574.3,17574.3,29991200,29991200,29991200
2024-02-28 22:00:00,17605.4,17605.4,17605.4,29991200,29991200,29991200
2024-02-29 02:00:00,17611.8,17611.8,17611.8,29991200,29991200,29991200
2024-02-29 06:00:00,17682.3,17682.3,17682.3,29991200,29991200,29991200
2024-02-29 10:00:00,17698.2,17698.2,17698.2,29991200,29991200,29991200
2024-02-29 14:00:00,17699.3,17699.3,17699.3,29991200,29991200,29991200
2024-02-29 18:00:00,17732.4,17732.4,17732.4,29991200,29991200,29991200
2024-02-29 22:00:00,17784.2,17784.2,17784.2,29991200,29991200,29991200
2024-03-01 02:00:00,17780.1,17780.1,17780.1,29991200,29991200,29991200
2024-03-01 06:00:00,17782.9,17782.9,17782.9,29991200,29991200,29991200
2024-03-01 10:00:00,17748.2,17748.2,17748.2,29991200,29991200,29991200
2024-03-01 14:00:00,17731.8,17731.8,17731.8,29991200,29991200,29991200
2024-03-01 18:00:00,17744.3,17744.3,17744.3,29991200,29991200,29991200
2024-03-03 22:00:00,17750.7,17750.7,17750.7,29991200,29991200,29991200
2024-03-04 02:00:00,17748.7,17748.7,17748.7,29991200,29991200,29991200
2024-03-04 06:00:00,17738.1,17738.1,17738.1,29991200,29991200,29991200
2024-03-04 10:00:00,17719.5,17719.5,17719.5,29991200,29991200,29991200
2024-03-04 14:00:00,17714.3,17714.3,17714.3,29991200,29991200,29991200
2024-03-04 18:00:00,17686.5,17686.5,17686.5,29991200,29991200,29991200
2024-03-04 22:00:00,17677.6,17677.6,17677.6,29991200,29991200,29991200
2024-03-05 02:00:00,17658.5,17658.5,17658.5,29991200,29991200,29991200
2024-03-05 06:00:00,17671.1,17671.1,17671.1,29991200,29991200,29991200
2024-03-05 10:00:00,17709.7,17709.7,17709.7,29991200,29991200,29991200
2024-03-05 14:00:00,17704.6,17704.6,17704.6,29991200,29991200,29991200
2024-03-05 18:00:00,17685.3,17685.3,17685.3,29991200,29991200,29991200
2024-03-05 22:00:00,17693.4,17693.4,17693.4,29991200,29991200,29991200
2024-03-06 02:00:00,17717.8,17717.8,17717.8,29991200,29991200,29991200
2024-03-06 06:00:00,17737.2,17737.2,17737.2,29991200,29991200,29991200
2024-03-06 10:00:00,17727.6,17727.6,17727.6,29991200,29991200,29991200
2024-03-06 14:00:00,17724.4,17724.4,17724.4,29991200,29991200,29991200
2024-03-06 18:00:00,17713.9,17713.9,17713.9,29991200,29991200,29991200
2024-03-06 22:00:00,17680.7,17680.7,17680.7,29991200,29991200,29991200
2024-03-07 02:00:00,17697.6,17697.6,17697.6,29991200,29991200,29991200
2024-03-07 06:00:00,17670.9,17670.9,17670.9,29991200,29991200,29991200
2024-03-07 10:00:00,17800.2,17800.2,17800.2,29991200,29991200,29991200
2024-03-07 14:00:00,17863.7,17863.7,17863.7,29991200,29991200,29991200
2024-03-07 18:00:00,17863.3,17863.3,17863.3,29991200,29991200,29991200
2024-03-07 22:00:00,17886.8,17886.8,17886.8,29991200,29991200,29991200
2024-03-08 02:00:00,17892.2,17892.2,17892.2,29991200,29991200,29991200
2024-03-08 06:00:00,17826.5,17826.5,17826.5,29991200,29991200,29991200
2024-03-08 10:00:00,17847.9,17847.9,17847.9,29991200,29991200,29991200
2024-03-08 14:00:00,17773.3,17773.3,17773.3,29991200,29991200,29991200
2024-03-08 18:00:00,17769.0,17769.0,17769.0,29991200,29991200,29991200
2024-03-10 21:00:00,17733.9,17733.9,17733.9,29991200,29991200,29991200
2024-03-11 01:00:00,17710.9,17710.9,17710.9,29991200,29991200,29991200
2024-03-11 05:00:00,17681.8,17681.8,17681.8,29991200,29991200,29991200
2024-03-11 09:00:00,17712.3,17712.3,17712.3,29991200,29991200,29991200
2024-03-11 13:00:00,17755.0,17755.0,17755.0,29991200,29991200,29991200
2024-03-11 17:00:00,17784.6,17784.6,17784.6,29991200,29991200,29991200
2024-03-11 21:00:00,17814.0,17814.0,17814.0,29991200,29991200,29991200
2024-03-12 01:00:00,17837.1,17837.1,17837.1,29991200,29991200,29991200
2024-03-12 05:00:00,17791.9,17791.9,17791.9,29991200,29991200,29991200
2024-03-12 09:00:00,17815.1,17815.1,17815.1,29991200,29991200,29991200
2024-03-12 13:00:00,17945.6,17945.6,17945.6,29991200,29991200,29991200
2024-03-12 17:00:00,17989.6,17989.6,17989.6,29991200,29991200,29991200
2024-03-12 21:00:00,17968.2,17968.2,17968.2,29991200,29991200,29991200
2024-03-13 01:00:00,17971.8,17971.8,17971.8,29991200,29991200,29991200
2024-03-13 05:00:00,17968.0,17968.0,17968.0,29991200,29991200,29991200
2024-03-13 09:00:00,17962.3,17962.3,17962.3,29991200,29991200,29991200
2024-03-13 13:00:00,17982.0,17982.0,17982.0,29991200,29991200,29991200
2024-03-13 17:00:00,17968.2,17968.2,17968.2,29991200,29991200,29991200
2024-03-13 21:00:00,17956.8,17956.8,17956.8,29991200,29991200,29991200
2024-03-14 01:00:00,17951.9,17951.9,17951.9,29991200,29991200,29991200
2024-03-14 05:00:00,17996.7,17996.7,17996.7,29991200,29991200,29991200
2024-03-14 09:00:00,17990.3,17990.3,17990.3,29991200,29991200,29991200
2024-03-14 13:00:00,17922.4,17922.4,17922.4,29991200,29991200,29991200
2024-03-14 17:00:00,17911.5,17911.5,17911.5,29991200,29991200,29991200
2024-03-14 21:00:00,17914.8,17914.8,17914.8,29991200,29991200,29991200
2024-03-15 01:00:00,17912.4,17912.4,17912.4,29991200,29991200,29991200
2024-03-15 05:00:00,17944.8,17944.8,17944.8,29991200,29991200,29991200
2024-03-15 09:00:00,18030.2,18030.2,18030.2,29991200,29991200,29991200
2024-03-15 13:00:00,17926.4,17926.4,17926.4,29991200,29991200,29991200
2024-03-15 17:00:00,17986.8,17986.8,17986.8,29991200,29991200,29991200
2024-03-17 21:00:00,17971.2,17971.2,17971.2,29991200,29991200,29991200
2024-03-18 01:00:00,17990.2,17990.2,17990.2,29991200,29991200,29991200
2024-03-18 05:00:00,18000.6,18000.6,18000.6,29991200,29991200,29991200
2024-03-18 09:00:00,17970.9,17970.9,17970.9,29991200,29991200,29991200
2024-03-18 13:00:00,17915.8,17915.8,17915.8,29991200,29991200,29991200
2024-03-18 17:00:00,17922.2,17922.2,17922.2,29991200,29991200,29991200
2024-03-18 21:00:00,17894.1,17894.1,17894.1,29991200,29991200,29991200
2024-03-19 01:00:00,17906.4,17906.4,17906.4,29991200,29991200,29991200
2024-03-19 05:00:00,17961.6,17961.6,17961.6,29991200,29991200,29991200
2024-03-19 09:00:00,17974.3,17974.3,17974.3,29991200,29991200,29991200
2024-03-19 13:00:00,17993.5,17993.5,17993.5,29991200,29991200,29991200
2024-03-19 17:00:00,18004.8,18004.8,18004.8,29991200,29991200,29991200
2024-03-19 21:00:00,17985.0,17985.0,17985.0,29991200,29991200,29991200
2024-03-20 01:00:00,17967.8,17967.8,17967.8,29991200,29991200,29991200
2024-03-20 05:00:00,17989.5,17989.5,17989.5,29991200,29991200,29991200
2024-03-20 09:00:00,18023.9,18023.9,18023.9,29991200,29991200,29991200
2024-03-20 13:00:00,18026.9,18026.9,18026.9,29991200,29991200,29991200
2024-03-20 17:00:00,18149.5,18149.5,18149.5,29991200,29991200,29991200
2024-03-20 21:00:00,18163.7,18163.7,18163.7,29991200,29991200,29991200
2024-03-21 01:00:00,18198.7,18198.7,18198.7,29991200,29991200,29991200
2024-03-21 05:00:00,18156.6,18156.6,18156.6,29991200,29991200,29991200
2024-03-21 09:00:00,18077.1,18077.1,18077.1,29991200,29991200,29991200
2024-03-21 13:00:00,18175.1,18175.1,18175.1,29991200,29991200,29991200
2024-03-21 17:00:00,18167.2,18167.2,18167.2,29991200,29991200,29991200
2024-03-21 21:00:00,18178.9,18178.9,18178.9,29991200,29991200,29991200
2024-03-22 01:00:00,18158.7,18158.7,18158.7,29991200,29991200,29991200
2024-03-22 05:00:00,18189.6,18189.6,18189.6,29991200,29991200,29991200
2024-03-22 09:00:00,18205.7,18205.7,18205.7,29991200,29991200,29991200
2024-03-22 13:00:00,18222.9,18222.9,18222.9,29991200,29991200,29991200
2024-03-22 17:00:00,18226.3,18226.3,18226.3,29991200,29991200,29991200
2024-03-24 21:00:00,18233.7,18233.7,18233.7,29991200,29991200,29991200
2024-03-25 01:00:00,18226.7,18226.7,18226.7,29991200,29991200,29991200
2024-03-25 05:00:00,18216.1,18216.1,18216.1,29991200,29991200,29991200
2024-03-25 09:00:00,18201.1,18201.1,18201.1,29991200,29991200,29991200
2024-03-25 13:00:00,18273.0,18273.0,18273.0,29991200,29991200,29991200
2024-03-25 17:00:00,18261.2,18261.2,18261.2,29991200,29991200,29991200
2024-03-25 21:00:00,18288.2,18288.2,18288.2,29991200,29991200,29991200
2024-03-26 01:00:00,18275.0,18275.0,18275.0,29991200,29991200,29991200
2024-03-26 05:00:00,18278.1,18278.1,18278.1,29991200,29991200,29991200
2024-03-26 09:00:00,18402.8,18402.8,18402.8,29991200,29991200,29991200
2024-03-26 13:00:00,18388.3,18388.3,18388.3,29991200,29991200,29991200
2024-03-26 17:00:00,18372.6,18372.6,18372.6,29991200,29991200,29991200
2024-03-26 21:00:00,18394.8,18394.8,18394.8,29991200,29991200,29991200
2024-03-27 01:00:00,18411.8,18411.8,18411.8,29991200,29991200,29991200
2024-03-27 05:00:00,18400.6,18400.6,18400.6,29991200,29991200,29991200
2024-03-27 09:00:00,18502.2,18502.2,18502.2,29991200,29991200,29991200
2024-03-27 13:00:00,18482.0,18482.0,18482.0,29991200,29991200,29991200
2024-03-27 17:00:00,18527.8,18527.8,18527.8,29991200,29991200,29991200
2024-03-27 21:00:00,18536.6,18536.6,18536.6,29991200,29991200,29991200
2024-03-28 01:00:00,18521.9,18521.9,18521.9,29991200,29991200,29991200
2024-03-28 05:00:00,18489.3,18489.3,18489.3,29991200,29991200,29991200
2024-03-28 09:00:00,18483.8,18483.8,18483.8,29991200,29991200,29991200
2024-03-28 13:00:00,18507.8,18507.8,18507.8,29991200,29991200,29991200
2024-03-28 17:00:00,18508.8,18508.8,18508.8,29991200,29991200,29991200
2024-04-01 21:00:00,18514.2,18514.2,18514.2,29991200,29991200,29991200
2024-04-02 01:00:00,18502.7,18502.7,18502.7,29991200,29991200,29991200
2024-04-02 05:00:00,18481.0,18481.0,18481.0,29991200,29991200,29991200
2024-04-02 09:00:00,18401.8,18401.8,18401.8,29991200,29991200,29991200
2024-04-02 13:00:00,18296.7,18296.7,18296.7,29991200,29991200,29991200
2024-04-02 17:00:00,18308.1,18308.1,18308.1,29991200,29991200,29991200
2024-04-02 21:00:00,18257.3,18257.3,18257.3,29991200,29991200,29991200
2024-04-03 01:00:00,18262.7,18262.7,18262.7,29991200,29991200,29991200
2024-04-03 05:00:00,18319.6,18319.6,18319.6,29991200,29991200,29991200
2024-04-03 09:00:00,18309.4,18309.4,18309.4,29991200,29991200,29991200
2024-04-03 13:00:00,18354.4,18354.4,18354.4,29991200,29991200,29991200
2024-04-03 17:00:00,18363.8,18363.8,18363.8,29991200,29991200,29991200
2024-04-03 21:00:00,18366.6,18366.6,18366.6,29991200,29991200,29991200
2024-04-04 01:00:00,18384.6,18384.6,18384.6,29991200,29991200,29991200
2024-04-04 05:00:00,18383.7,18383.7,18383.7,29991200,29991200,29991200
2024-04-04 09:00:00,18396.7,18396.7,18396.7,29991200,29991200,29991200
2024-04-04 13:00:00,18400.2,18400.2,18400.2,29991200,29991200,29991200
2024-04-04 17:00:00,18181.9,18181.9,18181.9,29991200,29991200,29991200
2024-04-04 21:00:00,18173.2,18173.2,18173.2,29991200,29991200,29991200
2024-04-05 01:00:00,18168.8,18168.8,18168.8,29991200,29991200,29991200
2024-04-05 05:00:00,18119.7,18119.7,18119.7,29991200,29991200,29991200
2024-04-05 09:00:00,18150.7,18150.7,18150.7,29991200,29991200,29991200
2024-04-05 13:00:00,18209.2,18209.2,18209.2,29991200,29991200,29991200
2024-04-05 17:00:00,18193.3,18193.3,18193.3,29991200,29991200,29991200
2024-04-07 21:00:00,18191.4,18191.4,18191.4,29991200,29991200,29991200
2024-04-08 01:00:00,18169.9,18169.9,18169.9,29991200,29991200,29991200
2024-04-08 05:00:00,18252.6,18252.6,18252.6,29991200,29991200,29991200
2024-04-08 09:00:00,18321.4,18321.4,18321.4,29991200,29991200,29991200
2024-04-08 13:00:00,18322.3,18322.3,18322.3,29991200,29991200,29991200
2024-04-08 17:00:00,18298.7,18298.7,18298.7,29991200,29991200,29991200
2024-04-08 21:00:00,18271.5,18271.5,18271.5,29991200,29991200,29991200
2024-04-09 01:00:00,18291.2,18291.2,18291.2,29991200,29991200,29991200
2024-04-09 05:00:00,18205.4,18205.4,18205.4,29991200,29991200,29991200
2024-04-09 09:00:00,18202.0,18202.0,18202.0,29991200,29991200,29991200
2024-04-09 13:00:00,18092.3,18092.3,18092.3,29991200,29991200,29991200
2024-04-09 17:00:00,18136.8,18136.8,18136.8,29991200,29991200,29991200
2024-04-09 21:00:00,18142.6,18142.6,18142.6,29991200,29991200,29991200
2024-04-10 01:00:00,18158.0,18158.0,18158.0,29991200,29991200,29991200
2024-04-10 05:00:00,18217.0,18217.0,18217.0,29991200,29991200,29991200
2024-04-10 09:00:00,18029.0,18029.0,18029.0,29991200,29991200,29991200
2024-04-10 13:00:00,18097.3,18097.3,18097.3,29991200,29991200,29991200
2024-04-10 17:00:00,18075.0,18075.0,18075.0,29991200,29991200,29991200
2024-04-10 21:00:00,18068.7,18068.7,18068.7,29991200,29991200,29991200
2024-04-11 01:00:00,18098.2,18098.2,18098.2,29991200,29991200,29991200
2024-04-11 05:00:00,18028.6,18028.6,18028.6,29991200,29991200,29991200
2024-04-11 09:00:00,18047.3,18047.3,18047.3,29991200,29991200,29991200
2024-04-11 13:00:00,17987.3,17987.3,17987.3,29991200,29991200,29991200
2024-04-11 17:00:00,18040.4,18040.4,18040.4,29991200,29991200,29991200
2024-04-11 21:00:00,18041.6,18041.6,18041.6,29991200,29991200,29991200
2024-04-12 01:00:00,18046.1,18046.1,18046.1,29991200,29991200,29991200
2024-04-12 05:00:00,18143.0,18143.0,18143.0,29991200,29991200,29991200
2024-04-12 09:00:00,17955.9,17955.9,17955.9,29991200,29991200,29991200
2024-04-12 13:00:00,17881.1,17881.1,17881.1,29991200,29991200,29991200
2024-04-12 17:00:00,17863.3,17863.3,17863.3,29991200,29991200,29991200
2024-04-14 21:00:00,17900.2,17900.2,17900.2,29991200,29991200,29991200
2024-04-15 01:00:00,17931.7,17931.7,17931.7,29991200,29991200,29991200
2024-04-15 05:00:00,18068.2,18068.2,18068.2,29991200,29991200,29991200
2024-04-15 09:00:00,18164.8,18164.8,18164.8,29991200,29991200,29991200
2024-04-15 13:00:00,17991.1,17991.1,17991.1,29991200,29991200,29991200
2024-04-15 17:00:00,17888.8,17888.8,17888.8,29991200,29991200,29991200
2024-04-15 21:00:00,17855.3,17855.3,17855.3,29991200,29991200,29991200
2024-04-16 01:00:00,17793.2,17793.2,17793.2,29991200,29991200,29991200
2024-04-16 05:00:00,17773.3,17773.3,17773.3,29991200,29991200,29991200
2024-04-16 09:00:00,17844.2,17844.2,17844.2,29991200,29991200,29991200
2024-04-16 13:00:00,17789.9,17789.9,17789.9,29991200,29991200,29991200
2024-04-16 17:00:00,17771.1,17771.1,17771.1,29991200,29991200,29991200
2024-04-16 21:00:00,17757.8,17757.8,17757.8,29991200,29991200,29991200
2024-04-17 01:00:00,17783.5,17783.5,17783.5,29991200,29991200,29991200
2024-04-17 05:00:00,17864.9,17864.9,17864.9,29991200,29991200,29991200
2024-04-17 09:00:00,17879.3,17879.3,17879.3,29991200,29991200,29991200
2024-04-17 13:00:00,17748.8,17748.8,17748.8,29991200,29991200,29991200
2024-04-17 17:00:00,17771.4,17771.4,17771.4,29991200,29991200,29991200
2024-04-17 21:00:00,17786.4,17786.4,17786.4,29991200,29991200,29991200
2024-04-18 01:00:00,17808.4,17808.4,17808.4,29991200,29991200,29991200
2024-04-18 05:00:00,17792.9,17792.9,17792.9,29991200,29991200,29991200
2024-04-18 09:00:00,17757.0,17757.0,17757.0,29991200,29991200,29991200
2024-04-18 13:00:00,17766.7,17766.7,17766.7,29991200,29991200,29991200
2024-04-18 17:00:00,17748.0,17748.0,17748.0,29991200,29991200,29991200
2024-04-18 21:00:00,17668.8,17668.8,17668.8,29991200,29991200,29991200
2024-04-19 01:00:00,17564.6,17564.6,17564.6,29991200,29991200,29991200
2024-04-19 05:00:00,17661.7,17661.7,17661.7,29991200,29991200,29991200
2024-04-19 09:00:00,17742.1,17742.1,17742.1,29991200,29991200,29991200
2024-04-19 13:00:00,17732.0,17732.0,17732.0,29991200,29991200,29991200
2024-04-19 17:00:00,17718.3,17718.3,17718.3,29991200,29991200,29991200
2024-04-21 21:00:00,17775.2,17775.2,17775.2,29991200,29991200,29991200
2024-04-22 01:00:00,17793.7,17793.7,17793.7,29991200,29991200,29991200
2024-04-22 05:00:00,17793.3,17793.3,17793.3,29991200,29991200,29991200
2024-04-22 09:00:00,17863.8,17863.8,17863.8,29991200,29991200,29991200
2024-04-22 13:00:00,17896.6,17896.6,17896.6,29991200,29991200,29991200
2024-04-22 17:00:00,17931.2,17931.2,17931.2,29991200,29991200,29991200
2024-04-22 21:00:00,17971.3,17971.3,17971.3,29991200,29991200,29991200
2024-04-23 01:00:00,17962.5,17962.5,17962.5,29991200,29991200,29991200
2024-04-23 05:00:00,17958.9,17958.9,17958.9,29991200,29991200,29991200
2024-04-23 09:00:00,18063.6,18063.6,18063.6,29991200,29991200,29991200
2024-04-23 13:00:00,18141.2,18141.2,18141.2,29991200,29991200,29991200
2024-04-23 17:00:00,18176.8,18176.8,18176.8,29991200,29991200,29991200
2024-04-23 21:00:00,18196.6,18196.6,18196.6,29991200,29991200,29991200
2024-04-24 01:00:00,18209.5,18209.5,18209.5,29991200,29991200,29991200
2024-04-24 05:00:00,18172.8,18172.8,18172.8,29991200,29991200,29991200
2024-04-24 09:00:00,18138.7,18138.7,18138.7,29991200,29991200,29991200
2024-04-24 13:00:00,18079.2,18079.2,18079.2,29991200,29991200,29991200
2024-04-24 17:00:00,17998.8,17998.8,17998.8,29991200,29991200,29991200
2024-04-24 21:00:00,18078.2,18078.2,18078.2,29991200,29991200,29991200
2024-04-25 01:00:00,18045.2,18045.2,18045.2,29991200,29991200,29991200
2024-04-25 05:00:00,17991.1,17991.1,17991.1,29991200,29991200,29991200
2024-04-25 09:00:00,17894.5,17894.5,17894.5,29991200,29991200,29991200
2024-04-25 13:00:00,17906.6,17906.6,17906.6,29991200,29991200,29991200
2024-04-25 17:00:00,18080.9,18080.9,18080.9,29991200,29991200,29991200
2024-04-25 21:00:00,17975.4,17975.4,17975.4,29991200,29991200,29991200
2024-04-26 01:00:00,17993.8,17993.8,17993.8,29991200,29991200,29991200
2024-04-26 05:00:00,18048.5,18048.5,18048.5,29991200,29991200,29991200
2024-04-26 09:00:00,18067.6,18067.6,18067.6,29991200,29991200,29991200
2024-04-26 13:00:00,18185.1,18185.1,18185.1,29991200,29991200,29991200
2024-04-26 17:00:00,18176.5,18176.5,18176.5,29991200,29991200,29991200
2024-04-28 21:00:00,18202.7,18202.7,18202.7,29991200,29991200,29991200
2024-04-29 01:00:00,18218.7,18218.7,18218.7,29991200,29991200,29991200
2024-04-29 05:00:00,18180.4,18180.4,18180.4,29991200,29991200,29991200
2024-04-29 09:00:00,18132.6,18132.6,18132.6,29991200,29991200,29991200
2024-04-29 13:00:00,18120.5,18120.5,18120.5,29991200,29991200,29991200
2024-04-29 17:00:00,18121.8,18121.8,18121.8,29991200,29991200,29991200
2024-04-29 21:00:00,18134.3,18134.3,18134.3,29991200,29991200,29991200
2024-04-30 01:00:00,18113.6,18113.6,18113.6,29991200,29991200,29991200
2024-04-30 05:00:00,18028.0,18028.0,18028.0,29991200,29991200,29991200
2024-04-30 09:00:00,18005.0,18005.0,18005.0,29991200,29991200,29991200
2024-04-30 13:00:00,17926.8,17926.8,17926.8,29991200,29991200,29991200
2024-04-30 17:00:00,17864.3,17864.3,17864.3,29991200,29991200,29991200
2024-05-01 21:00:00,17909.7,17909.7,17909.7,29991200,29991200,29991200
2024-05-02 01:00:00,17917.7,17917.7,17917.7,29991200,29991200,29991200
2024-05-02 05:00:00,17891.7,17891.7,17891.7,29991200,29991200,29991200
2024-05-02 09:00:00,17946.9,17946.9,17946.9,29991200,29991200,29991200
2024-05-02 13:00:00,17916.9,17916.9,17916.9,29991200,29991200,29991200
2024-05-02 17:00:00,17978.0,17978.0,17978.0,29991200,29991200,29991200
2024-05-02 21:00:00,17978.8,17978.8,17978.8,29991200,29991200,29991200
2024-05-03 01:00:00,17947.1,17947.1,17947.1,29991200,29991200,29991200
2024-05-03 05:00:00,17960.7,17960.7,17960.7,29991200,29991200,29991200
2024-05-03 09:00:00,18052.0,18052.0,18052.0,29991200,29991200,29991200
2024-05-03 13:00:00,18012.1,18012.1,18012.1,29991200,29991200,29991200
2024-05-03 17:00:00,18025.3,18025.3,18025.3,29991200,29991200,29991200
2024-05-05 21:00:00,18037.2,18037.2,18037.2,29991200,29991200,29991200
2024-05-06 01:00:00,18048.7,18048.7,18048.7,29991200,29991200,29991200
2024-05-06 05:00:00,18077.5,18077.5,18077.5,29991200,29991200,29991200
2024-05-06 09:00:00,18167.0,18167.0,18167.0,29991200,29991200,29991200
2024-05-06 13:00:00,18191.4,18191.4,18191.4,29991200,29991200,29991200
2024-05-06 17:00:00,18207.9,18207.9,18207.9,29991200,29991200,29991200
2024-05-06 21:00:00,18225.1,18225.1,18225.1,29991200,29991200,29991200
2024-05-07 01:00:00,18225.2,18225.2,18225.2,29991200,29991200,29991200
2024-05-07 05:00:00,18278.0,18278.0,18278.0,29991200,29991200,29991200
2024-05-07 09:00:00,18325.5,18325.5,18325.5,29991200,29991200,29991200
2024-05-07 13:00:00,18428.6,18428.6,18428.6,29991200,29991200,29991200
2024-05-07 17:00:00,18435.6,18435.6,18435.6,29991200,29991200,29991200
2024-05-07 21:00:00,18438.1,18438.1,18438.1,29991200,29991200,29991200
2024-05-08 01:00:00,18416.3,18416.3,18416.3,29991200,29991200,29991200
2024-05-08 05:00:00,18510.5,18510.5,18510.5,29991200,29991200,29991200
2024-05-08 09:00:00,18434.7,18434.7,18434.7,29991200,29991200,29991200
2024-05-08 13:00:00,18500.2,18500.2,18500.2,29991200,29991200,29991200
2024-05-08 17:00:00,18501.8,18501.8,18501.8,29991200,29991200,29991200
2024-05-08 21:00:00,18526.3,18526.3,18526.3,29991200,29991200,29991200
2024-05-09 01:00:00,18498.3,18498.3,18498.3,29991200,29991200,29991200
2024-05-09 05:00:00,18555.0,18555.0,18555.0,29991200,29991200,29991200
2024-05-09 09:00:00,18658.6,18658.6,18658.6,29991200,29991200,29991200
2024-05-09 13:00:00,18698.0,18698.0,18698.0,29991200,29991200,29991200
2024-05-09 17:00:00,18724.3,18724.3,18724.3,29991200,29991200,29991200
2024-05-09 21:00:00,18727.1,18727.1,18727.1,29991200,29991200,29991200
2024-05-10 01:00:00,18732.5,18732.5,18732.5,29991200,29991200,29991200
2024-05-10 05:00:00,18840.7,18840.7,18840.7,29991200,29991200,29991200
2024-05-10 09:00:00,18787.1,18787.1,18787.1,29991200,29991200,29991200
2024-05-10 13:00:00,18774.8,18774.8,18774.8,29991200,29991200,29991200
2024-05-10 17:00:00,18779.6,18779.6,18779.6,29991200,29991200,29991200
2024-05-12 21:00:00,18787.7,18787.7,18787.7,29991200,29991200,29991200
2024-05-13 01:00:00,18789.7,18789.7,18789.7,29991200,29991200,29991200
2024-05-13 05:00:00,18731.1,18731.1,18731.1,29991200,29991200,29991200
2024-05-13 09:00:00,18717.6,18717.6,18717.6,29991200,29991200,29991200
2024-05-13 13:00:00,18722.1,18722.1,18722.1,29991200,29991200,29991200
2024-05-13 17:00:00,18717.9,18717.9,18717.9,29991200,29991200,29991200
2024-05-13 21:00:00,18713.1,18713.1,18713.1,29991200,29991200,29991200
2024-05-14 01:00:00,18720.0,18720.0,18720.0,29991200,29991200,29991200
2024-05-14 05:00:00,18702.7,18702.7,18702.7,29991200,29991200,29991200
2024-05-14 09:00:00,18706.0,18706.0,18706.0,29991200,29991200,29991200
2024-05-14 13:00:00,18714.1,18714.1,18714.1,29991200,29991200,29991200
2024-05-14 17:00:00,18767.4,18767.4,18767.4,29991200,29991200,29991200
2024-05-14 21:00:00,18780.6,18780.6,18780.6,29991200,29991200,29991200
2024-05-15 01:00:00,18776.6,18776.6,18776.6,29991200,29991200,29991200
2024-05-15 05:00:00,18816.9,18816.9,18816.9,29991200,29991200,29991200
2024-05-15 09:00:00,18834.2,18834.2,18834.2,29991200,29991200,29991200
2024-05-15 13:00:00,18882.3,18882.3,18882.3,29991200,29991200,29991200
2024-05-15 17:00:00,18873.2,18873.2,18873.2,29991200,29991200,29991200
2024-05-15 21:00:00,18901.7,18901.7,18901.7,29991200,29991200,29991200
2024-05-16 01:00:00,18896.2,18896.2,18896.2,29991200,29991200,29991200
2024-05-16 05:00:00,18825.9,18825.9,18825.9,29991200,29991200,29991200
2024-05-16 09:00:00,18780.5,18780.5,18780.5,29991200,29991200,29991200
2024-05-16 13:00:00,18726.0,18726.0,18726.0,29991200,29991200,29991200
2024-05-16 17:00:00,18679.8,18679.8,18679.8,29991200,29991200,29991200
2024-05-16 21:00:00,18696.7,18696.7,18696.7,29991200,29991200,29991200
2024-05-17 01:00:00,18668.2,18668.2,18668.2,29991200,29991200,29991200
2024-05-17 05:00:00,18674.7,18674.7,18674.7,29991200,29991200,29991200
2024-05-17 09:00:00,18684.7,18684.7,18684.7,29991200,29991200,29991200
2024-05-17 13:00:00,18726.9,18726.9,18726.9,29991200,29991200,29991200
2024-05-17 17:00:00,18719.3,18719.3,18719.3,29991200,29991200,29991200
2024-05-19 21:00:00,18743.2,18743.2,18743.2,29991200,29991200,29991200
2024-05-20 01:00:00,18763.2,18763.2,18763.2,29991200,29991200,29991200
2024-05-20 05:00:00,18758.5,18758.5,18758.5,29991200,29991200,29991200
2024-05-20 09:00:00,18788.7,18788.7,18788.7,29991200,29991200,29991200
2024-05-20 13:00:00,18759.6,18759.6,18759.6,29991200,29991200,29991200
2024-05-20 17:00:00,18736.4,18736.4,18736.4,29991200,29991200,29991200
2024-05-20 21:00:00,18737.4,18737.4,18737.4,29991200,29991200,29991200
2024-05-21 01:00:00,18721.4,18721.4,18721.4,29991200,29991200,29991200
2024-05-21 05:00:00,18686.4,18686.4,18686.4,29991200,29991200,29991200
2024-05-21 09:00:00,18664.4,18664.4,18664.4,29991200,29991200,29991200
2024-05-21 13:00:00,18721.9,18721.9,18721.9,29991200,29991200,29991200
2024-05-21 17:00:00,18729.5,18729.5,18729.5,29991200,29991200,29991200
2024-05-21 21:00:00,18746.6,18746.6,18746.6,29991200,29991200,29991200
2024-05-22 01:00:00,18741.0,18741.0,18741.0,29991200,29991200,29991200
2024-05-22 05:00:00,18666.6,18666.6,18666.6,29991200,29991200,29991200
2024-05-22 09:00:00,18681.6,18681.6,18681.6,29991200,29991200,29991200
2024-05-22 13:00:00,18659.3,18659.3,18659.3,29991200,29991200,29991200
2024-05-22 17:00:00,18647.2,18647.2,18647.2,29991200,29991200,29991200
2024-05-22 21:00:00,18671.3,18671.3,18671.3,29991200,29991200,29991200
2024-05-23 01:00:00,18726.3,18726.3,18726.3,29991200,29991200,29991200
2024-05-23 05:00:00,18701.1,18701.1,18701.1,29991200,29991200,29991200
2024-05-23 09:00:00,18735.4,18735.4,18735.4,29991200,29991200,29991200
2024-05-23 13:00:00,18673.2,18673.2,18673.2,29991200,29991200,29991200
2024-05-23 17:00:00,18582.9,18582.9,18582.9,29991200,29991200,29991200
2024-05-23 21:00:00,18597.1,18597.1,18597.1,29991200,29991200,29991200
2024-05-24 01:00:00,18599.5,18599.5,18599.5,29991200,29991200,29991200
2024-05-24 05:00:00,18621.7,18621.7,18621.7,29991200,29991200,29991200
2024-05-24 09:00:00,18607.2,18607.2,18607.2,29991200,29991200,29991200
2024-05-24 13:00:00,18683.9,18683.9,18683.9,29991200,29991200,29991200
2024-05-24 17:00:00,18695.2,18695.2,18695.2,29991200,29991200,29991200
2024-05-26 21:00:00,18669.3,18669.3,18669.3,29991200,29991200,29991200
2024-05-27 01:00:00,18677.3,18677.3,18677.3,29991200,29991200,29991200
2024-05-27 05:00:00,18714.2,18714.2,18714.2,29991200,29991200,29991200
2024-05-27 09:00:00,18748.4,18748.4,18748.4,29991200,29991200,29991200
2024-05-27 13:00:00,18789.3,18789.3,18789.3,29991200,29991200,29991200
2024-05-27 17:00:00,18792.1,18792.1,18792.1,29991200,29991200,29991200
2024-05-27 21:00:00,18767.6,18767.6,18767.6,29991200,29991200,29991200
2024-05-28 01:00:00,18790.4,18790.4,18790.4,29991200,29991200,29991200
2024-05-28 05:00:00,18843.6,18843.6,18843.6,29991200,29991200,29991200
2024-05-28 09:00:00,18715.0,18715.0,18715.0,29991200,29991200,29991200
2024-05-28 13:00:00,18667.4,18667.4,18667.4,29991200,29991200,29991200
2024-05-28 17:00:00,18662.2,18662.2,18662.2,29991200,29991200,29991200
2024-05-28 21:00:00,18657.2,18657.2,18657.2,29991200,29991200,29991200
2024-05-29 01:00:00,18637.7,18637.7,18637.7,29991200,29991200,29991200
2024-05-29 05:00:00,18591.7,18591.7,18591.7,29991200,29991200,29991200
2024-05-29 09:00:00,18451.8,18451.8,18451.8,29991200,29991200,29991200
2024-05-29 13:00:00,18506.9,18506.9,18506.9,29991200,29991200,29991200
2024-05-29 17:00:00,18428.2,18428.2,18428.2,29991200,29991200,29991200
2024-05-29 21:00:00,18442.2,18442.2,18442.2,29991200,29991200,29991200
2024-05-30 01:00:00,18411.7,18411.7,18411.7,29991200,29991200,29991200
2024-05-30 05:00:00,18488.1,18488.1,18488.1,29991200,29991200,29991200
2024-05-30 09:00:00,18493.3,18493.3,18493.3,29991200,29991200,29991200
2024-05-30 13:00:00,18528.0,18528.0,18528.0,29991200,29991200,29991200
2024-05-30 17:00:00,18481.0,18481.0,18481.0,29991200,29991200,29991200
2024-05-30 21:00:00,18464.3,18464.3,18464.3,29991200,29991200,29991200
2024-05-31 01:00:00,18473.2,18473.2,18473.2,29991200,29991200,29991200
2024-05-31 05:00:00,18489.4,18489.4,18489.4,29991200,29991200,29991200
2024-05-31 09:00:00,18515.5,18515.5,18515.5,29991200,29991200,29991200
2024-05-31 13:00:00,18481.2,18481.2,18481.2,29991200,29991200,29991200
2024-05-31 17:00:00,18580.2,18580.2,18580.2,29991200,29991200,29991200
2024-06-02 21:00:00,18640.7,18640.7,18640.7,29991200,29991200,29991200
2024-06-03 01:00:00,18657.7,18657.7,18657.7,29991200,29991200,29991200
2024-06-03 05:00:00,18666.4,18666.4,18666.4,29991200,29991200,29991200
2024-06-03 09:00:00,18674.8,18674.8,18674.8,29991200,29991200,29991200
2024-06-03 13:00:00,18531.9,18531.9,18531.9,29991200,29991200,29991200
2024-06-03 17:00:00,18573.8,18573.8,18573.8,29991200,29991200,29991200
2024-06-03 21:00:00,18582.0,18582.0,18582.0,29991200,29991200,29991200
2024-06-04 01:00:00,18570.0,18570.0,18570.0,29991200,29991200,29991200
2024-06-04 05:00:00,18438.4,18438.4,18438.4,29991200,29991200,29991200
2024-06-04 09:00:00,18505.0,18505.0,18505.0,29991200,29991200,29991200
2024-06-04 13:00:00,18425.0,18425.0,18425.0,29991200,29991200,29991200
2024-06-04 17:00:00,18464.6,18464.6,18464.6,29991200,29991200,29991200
2024-06-04 21:00:00,18477.1,18477.1,18477.1,29991200,29991200,29991200
2024-06-05 01:00:00,18507.5,18507.5,18507.5,29991200,29991200,29991200
2024-06-05 05:00:00,18499.7,18499.7,18499.7,29991200,29991200,29991200
2024-06-05 09:00:00,18614.7,18614.7,18614.7,29991200,29991200,29991200
2024-06-05 13:00:00,18590.2,18590.2,18590.2,29991200,29991200,29991200
2024-06-05 17:00:00,18637.3,18637.3,18637.3,29991200,29991200,29991200
2024-06-05 21:00:00,18652.0,18652.0,18652.0,29991200,29991200,29991200
2024-06-06 01:00:00,18645.0,18645.0,18645.0,29991200,29991200,29991200
2024-06-06 05:00:00,18725.7,18725.7,18725.7,29991200,29991200,29991200
2024-06-06 09:00:00,18676.9,18676.9,18676.9,29991200,29991200,29991200
2024-06-06 13:00:00,18628.0,18628.0,18628.0,29991200,29991200,29991200
2024-06-06 17:00:00,18627.3,18627.3,18627.3,29991200,29991200,29991200
2024-06-06 21:00:00,18628.6,18628.6,18628.6,29991200,29991200,29991200
2024-06-07 01:00:00,18632.5,18632.5,18632.5,29991200,29991200,29991200
2024-06-07 05:00:00,18516.6,18516.6,18516.6,29991200,29991200,29991200
2024-06-07 09:00:00,18461.4,18461.4,18461.4,29991200,29991200,29991200
2024-06-07 13:00:00,18584.8,18584.8,18584.8,29991200,29991200,29991200
2024-06-07 17:00:00,18540.8,18540.8,18540.8,29991200,29991200,29991200
2024-06-09 21:00:00,18517.7,18517.7,18517.7,29991200,29991200,29991200
2024-06-10 01:00:00,18503.2,18503.2,18503.2,29991200,29991200,29991200
2024-06-10 05:00:00,18404.8,18404.8,18404.8,29991200,29991200,29991200
2024-06-10 09:00:00,18429.6,18429.6,18429.6,29991200,29991200,29991200
2024-06-10 13:00:00,18492.0,18492.0,18492.0,29991200,29991200,29991200
2024-06-10 17:00:00,18511.2,18511.2,18511.2,29991200,29991200,29991200
2024-06-10 21:00:00,18499.2,18499.2,18499.2,29991200,29991200,29991200
2024-06-11 01:00:00,18496.6,18496.6,18496.6,29991200,29991200,29991200
2024-06-11 05:00:00,18459.9,18459.9,18459.9,29991200,29991200,29991200
2024-06-11 09:00:00,18350.2,18350.2,18350.2,29991200,29991200,29991200
2024-06-11 13:00:00,18375.6,18375.6,18375.6,29991200,29991200,29991200
2024-06-11 17:00:00,18382.9,18382.9,18382.9,29991200,29991200,29991200
2024-06-11 21:00:00,18399.3,18399.3,18399.3,29991200,29991200,29991200
2024-06-12 01:00:00,18416.6,18416.6,18416.6,29991200,29991200,29991200
2024-06-12 05:00:00,18448.4,18448.4,18448.4,29991200,29991200,29991200
2024-06-12 09:00:00,18581.5,18581.5,18581.5,29991200,29991200,29991200
2024-06-12 13:00:00,18636.4,18636.4,18636.4,29991200,29991200,29991200
2024-06-12 17:00:00,18651.0,18651.0,18651.0,29991200,29991200,29991200
2024-06-12 21:00:00,18616.9,18616.9,18616.9,29991200,29991200,29991200
2024-06-13 01:00:00,18619.9,18619.9,18619.9,29991200,29991200,29991200
2024-06-13 05:00:00,18494.6,18494.6,18494.6,29991200,29991200,29991200
2024-06-13 09:00:00,18432.6,18432.6,18432.6,29991200,29991200,29991200
2024-06-13 13:00:00,18255.4,18255.4,18255.4,29991200,29991200,29991200
2024-06-13 17:00:00,18282.8,18282.8,18282.8,29991200,29991200,29991200
2024-06-13 21:00:00,18284.8,18284.8,18284.8,29991200,29991200,29991200
2024-06-14 01:00:00,18306.1,18306.1,18306.1,29991200,29991200,29991200
2024-06-14 05:00:00,18147.3,18147.3,18147.3,29991200,29991200,29991200
2024-06-14 09:00:00,18040.4,18040.4,18040.4,29991200,29991200,29991200
2024-06-14 13:00:00,18008.0,18008.0,18008.0,29991200,29991200,29991200
2024-06-14 17:00:00,17977.0,17977.0,17977.0,29991200,29991200,29991200
2024-06-16 21:00:00,18046.4,18046.4,18046.4,29991200,29991200,29991200
2024-06-17 01:00:00,18050.9,18050.9,18050.9,29991200,29991200,29991200
2024-06-17 05:00:00,18017.9,18017.9,18017.9,29991200,29991200,29991200
2024-06-17 09:00:00,18036.6,18036.6,18036.6,29991200,29991200,29991200
2024-06-17 13:00:00,18092.6,18092.6,18092.6,29991200,29991200,29991200
2024-06-17 17:00:00,18148.5,18148.5,18148.5,29991200,29991200,29991200
2024-06-17 21:00:00,18148.9,18148.9,18148.9,29991200,29991200,29991200
2024-06-18 01:00:00,18134.8,18134.8,18134.8,29991200,29991200,29991200
2024-06-18 05:00:00,18096.6,18096.6,18096.6,29991200,29991200,29991200
2024-06-18 09:00:00,18116.8,18116.8,18116.8,29991200,29991200,29991200
2024-06-18 13:00:00,18167.9,18167.9,18167.9,29991200,29991200,29991200
2024-06-18 17:00:00,18154.3,18154.3,18154.3,29991200,29991200,29991200
2024-06-18 21:00:00,18133.1,18133.1,18133.1,29991200,29991200,29991200
2024-06-19 01:00:00,18124.5,18124.5,18124.5,29991200,29991200,29991200
2024-06-19 05:00:00,18071.5,18071.5,18071.5,29991200,29991200,29991200
2024-06-19 09:00:00,18088.5,18088.5,18088.5,29991200,29991200,29991200
2024-06-19 13:00:00,18061.4,18061.4,18061.4,29991200,29991200,29991200
2024-06-19 17:00:00,18084.4,18084.4,18084.4,29991200,29991200,29991200
2024-06-19 21:00:00,18090.5,18090.5,18090.5,29991200,29991200,29991200
2024-06-20 01:00:00,18121.5,18121.5,18121.5,29991200,29991200,29991200
2024-06-20 05:00:00,18163.9,18163.9,18163.9,29991200,29991200,29991200
2024-06-20 09:00:00,18128.9,18128.9,18128.9,29991200,29991200,29991200
2024-06-20 13:00:00,18227.7,18227.7,18227.7,29991200,29991200,29991200
2024-06-20 17:00:00,18029.7,18029.7,18029.7,29991200,29991200,29991200
2024-06-20 21:00:00,18216.8,18216.8,18216.8,29991200,29991200,29991200
2024-06-21 01:00:00,18239.0,18239.0,18239.0,29991200,29991200,29991200
2024-06-21 05:00:00,18165.5,18165.5,18165.5,29991200,29991200,29991200
2024-06-21 09:00:00,18162.6,18162.6,18162.6,29991200,29991200,29991200
2024-06-21 13:00:00,18193.7,18193.7,18193.7,29991200,29991200,29991200
2024-06-21 17:00:00,18183.3,18183.3,18183.3,29991200,29991200,29991200
2024-06-23 21:00:00,18195.2,18195.2,18195.2,29991200,29991200,29991200
2024-06-24 01:00:00,18159.7,18159.7,18159.7,29991200,29991200,29991200
2024-06-24 05:00:00,18264.6,18264.6,18264.6,29991200,29991200,29991200
2024-06-24 09:00:00,18260.1,18260.1,18260.1,29991200,29991200,29991200
2024-06-24 13:00:00,18306.3,18306.3,18306.3,29991200,29991200,29991200
2024-06-24 17:00:00,18211.5,18211.5,18211.5,29991200,29991200,29991200
2024-06-24 21:00:00,18182.1,18182.1,18182.1,29991200,29991200,29991200
2024-06-25 01:00:00,18238.4,18238.4,18238.4,29991200,29991200,29991200
2024-06-25 05:00:00,18122.4,18122.4,18122.4,29991200,29991200,29991200
2024-06-25 09:00:00,18147.7,18147.7,18147.7,29991200,29991200,29991200
2024-06-25 13:00:00,18170.7,18170.7,18170.7,29991200,29991200,29991200
2024-06-25 17:00:00,18195.3,18195.3,18195.3,29991200,29991200,29991200
2024-06-25 21:00:00,18215.9,18215.9,18215.9,29991200,29991200,29991200
2024-06-26 01:00:00,18229.1,18229.1,18229.1,29991200,29991200,29991200
2024-06-26 05:00:00,18315.3,18315.3,18315.3,29991200,29991200,29991200
2024-06-26 09:00:00,18061.5,18061.5,18061.5,29991200,29991200,29991200
2024-06-26 13:00:00,18168.3,18168.3,18168.3,29991200,29991200,29991200
2024-06-26 17:00:00,18168.6,18168.6,18168.6,29991200,29991200,29991200
2024-06-26 21:00:00,18102.7,18102.7,18102.7,29991200,29991200,29991200
2024-06-27 01:00:00,18142.2,18142.2,18142.2,29991200,29991200,29991200
2024-06-27 05:00:00,18181.7,18181.7,18181.7,29991200,29991200,29991200
2024-06-27 09:00:00,18187.7,18187.7,18187.7,29991200,29991200,29991200
2024-06-27 13:00:00,18237.1,18237.1,18237.1,29991200,29991200,29991200
2024-06-27 17:00:00,18233.4,18233.4,18233.4,29991200,29991200,29991200
2024-06-27 21:00:00,18238.1,18238.1,18238.1,29991200,29991200,29991200
2024-06-28 01:00:00,18240.5,18240.5,18240.5,29991200,29991200,29991200
2024-06-28 05:00:00,18306.6,18306.6,18306.6,29991200,29991200,29991200
2024-06-28 09:00:00,18220.1,18220.1,18220.1,29991200,29991200,29991200
2024-06-28 13:00:00,18228.5,18228.5,18228.5,29991200,29991200,29991200
2024-06-28 17:00:00,18234.2,18234.2,18234.2,29991200,29991200,29991200
2024-06-30 21:00:00,18323.7,18323.7,18323.7,29991200,29991200,29991200
2024-07-01 01:00:00,18356.2,18356.2,18356.2,29991200,29991200,29991200
2024-07-01 05:00:00,18317.9,18317.9,18317.9,29991200,29991200,29991200
2024-07-01 09:00:00,18331.5,18331.5,18331.5,29991200,29991200,29991200
2024-07-01 13:00:00,18328.5,18328.5,18328.5,29991200,29991200,29991200
2024-07-01 17:00:00,18327.8,18327.8,18327.8,29991200,29991200,29991200
2024-07-01 21:00:00,18297.9,18297.9,18297.9,29991200,29991200,29991200
2024-07-02 01:00:00,18272.0,18272.0,18272.0,29991200,29991200,29991200
2024-07-02 05:00:00,18161.1,18161.1,18161.1,29991200,29991200,29991200
2024-07-02 09:00:00,18062.0,18062.0,18062.0,29991200,29991200,29991200
2024-07-02 13:00:00,18144.0,18144.0,18144.0,29991200,29991200,29991200
2024-07-02 17:00:00,18179.4,18179.4,18179.4,29991200,29991200,29991200
2024-07-02 21:00:00,18196.1,18196.1,18196.1,29991200,29991200,29991200
2024-07-03 01:00:00,18212.3,18212.3,18212.3,29991200,29991200,29991200
2024-07-03 05:00:00,18282.8,18282.8,18282.8,29991200,29991200,29991200
2024-07-03 09:00:00,18348.9,18348.9,18348.9,29991200,29991200,29991200
2024-07-03 13:00:00,18393.8,18393.8,18393.8,29991200,29991200,29991200
2024-07-03 17:00:00,18400.0,18400.0,18400.0,29991200,29991200,29991200
2024-07-03 21:00:00,18393.0,18393.0,18393.0,29991200,29991200,29991200
2024-07-04 01:00:00,18401.0,18401.0,18401.0,29991200,29991200,29991200
2024-07-04 05:00:00,18437.5,18437.5,18437.5,29991200,29991200,29991200
2024-07-04 09:00:00,18456.1,18456.1,18456.1,29991200,29991200,29991200
2024-07-04 13:00:00,18443.5,18443.5,18443.5,29991200,29991200,29991200
2024-07-04 17:00:00,18453.2,18453.2,18453.2,29991200,29991200,29991200
2024-07-04 21:00:00,18446.1,18446.1,18446.1,29991200,29991200,29991200
2024-07-05 01:00:00,18441.9,18441.9,18441.9,29991200,29991200,29991200
2024-07-05 05:00:00,18610.3,18610.3,18610.3,29991200,29991200,29991200
2024-07-05 09:00:00,18596.0,18596.0,18596.0,29991200,29991200,29991200
2024-07-05 13:00:00,18457.9,18457.9,18457.9,29991200,29991200,29991200
2024-07-05 17:00:00,18505.8,18505.8,18505.8,29991200,29991200,29991200
2024-07-07 21:00:00,18475.2,18475.2,18475.2,29991200,29991200,29991200
2024-07-08 01:00:00,18467.2,18467.2,18467.2,29991200,29991200,29991200
2024-07-08 05:00:00,18584.5,18584.5,18584.5,29991200,29991200,29991200
2024-07-08 09:00:00,18558.3,18558.3,18558.3,29991200,29991200,29991200
2024-07-08 13:00:00,18457.8,18457.8,18457.8,29991200,29991200,29991200
2024-07-08 17:00:00,18461.7,18461.7,18461.7,29991200,29991200,29991200
2024-07-08 21:00:00,18460.9,18460.9,18460.9,29991200,29991200,29991200
2024-07-09 01:00:00,18465.7,18465.7,18465.7,29991200,29991200,29991200
2024-07-09 05:00:00,18457.1,18457.1,18457.1,29991200,29991200,29991200
2024-07-09 09:00:00,18304.5,18304.5,18304.5,29991200,29991200,29991200
2024-07-09 13:00:00,18272.9,18272.9,18272.9,29991200,29991200,29991200
2024-07-09 17:00:00,18255.3,18255.3,18255.3,29991200,29991200,29991200
2024-07-09 21:00:00,18261.6,18261.6,18261.6,29991200,29991200,29991200
2024-07-10 01:00:00,18256.5,18256.5,18256.5,29991200,29991200,29991200
2024-07-10 05:00:00,18311.9,18311.9,18311.9,29991200,29991200,29991200
2024-07-10 09:00:00,18354.7,18354.7,18354.7,29991200,29991200,29991200
2024-07-10 13:00:00,18430.0,18430.0,18430.0,29991200,29991200,29991200
2024-07-10 17:00:00,18457.5,18457.5,18457.5,29991200,29991200,29991200
2024-07-10 21:00:00,18436.2,18436.2,18436.2,29991200,29991200,29991200
2024-07-11 01:00:00,18444.7,18444.7,18444.7,29991200,29991200,29991200
2024-07-11 05:00:00,18460.9,18460.9,18460.9,29991200,29991200,29991200
2024-07-11 09:00:00,18447.3,18447.3,18447.3,29991200,29991200,29991200
2024-07-11 13:00:00,18516.8,18516.8,18516.8,29991200,29991200,29991200
2024-07-11 17:00:00,18521.0,18521.0,18521.0,29991200,29991200,29991200
2024-07-11 21:00:00,18527.8,18527.8,18527.8,29991200,29991200,29991200
2024-07-12 01:00:00,18546.5,18546.5,18546.5,29991200,29991200,29991200
2024-07-12 05:00:00,18602.1,18602.1,18602.1,29991200,29991200,29991200
2024-07-12 09:00:00,18609.2,18609.2,18609.2,29991200,29991200,29991200
2024-07-12 13:00:00,18750.3,18750.3,18750.3,29991200,29991200,29991200
2024-07-12 17:00:00,18721.3,18721.3,18721.3,29991200,29991200,29991200
2024-07-14 21:00:00,18709.7,18709.7,18709.7,29991200,29991200,29991200
2024-07-15 01:00:00,18705.0,18705.0,18705.0,29991200,29991200,29991200
2024-07-15 05:00:00,18709.0,18709.0,18709.0,29991200,29991200,29991200
2024-07-15 09:00:00,18618.0,18618.0,18618.0,29991200,29991200,29991200
2024-07-15 13:00:00,18562.7,18562.7,18562.7,29991200,29991200,29991200
2024-07-15 17:00:00,18558.7,18558.7,18558.7,29991200,29991200,29991200
2024-07-15 21:00:00,18576.1,18576.1,18576.1,29991200,29991200,29991200
2024-07-16 01:00:00,18562.1,18562.1,18562.1,29991200,29991200,29991200
2024-07-16 05:00:00,18513.1,18513.1,18513.1,29991200,29991200,29991200
2024-07-16 09:00:00,18484.1,18484.1,18484.1,29991200,29991200,29991200
2024-07-16 13:00:00,18549.3,18549.3,18549.3,29991200,29991200,29991200
2024-07-16 17:00:00,18580.8,18580.8,18580.8,29991200,29991200,29991200
2024-07-16 21:00:00,18552.6,18552.6,18552.6,29991200,29991200,29991200
2024-07-17 01:00:00,18553.1,18553.1,18553.1,29991200,29991200,29991200
2024-07-17 05:00:00,18489.2,18489.2,18489.2,29991200,29991200,29991200
2024-07-17 09:00:00,18415.2,18415.2,18415.2,29991200,29991200,29991200
2024-07-17 13:00:00,18432.9,18432.9,18432.9,29991200,29991200,29991200
2024-07-17 17:00:00,18434.9,18434.9,18434.9,29991200,29991200,29991200
2024-07-17 21:00:00,18469.2,18469.2,18469.2,29991200,29991200,29991200
2024-07-18 01:00:00,18465.7,18465.7,18465.7,29991200,29991200,29991200
2024-07-18 05:00:00,18465.7,18465.7,18465.7,29991200,29991200,29991200
2024-07-18 09:00:00,18491.2,18491.2,18491.2,29991200,29991200,29991200
2024-07-18 13:00:00,18367.9,18367.9,18367.9,29991200,29991200,29991200
2024-07-18 17:00:00,18308.4,18308.4,18308.4,29991200,29991200,29991200
2024-07-18 21:00:00,18328.2,18328.2,18328.2,29991200,29991200,29991200
2024-07-19 01:00:00,18339.2,18339.2,18339.2,29991200,29991200,29991200
2024-07-19 05:00:00,18204.3,18204.3,18204.3,29991200,29991200,29991200
2024-07-19 09:00:00,18239.3,18239.3,18239.3,29991200,29991200,29991200
2024-07-19 13:00:00,18161.0,18161.0,18161.0,29991200,29991200,29991200
2024-07-19 17:00:00,18160.0,18160.0,18160.0,29991200,29991200,29991200
2024-07-21 21:00:00,18210.5,18210.5,18210.5,29991200,29991200,29991200
2024-07-22 01:00:00,18212.0,18212.0,18212.0,29991200,29991200,29991200
2024-07-22 05:00:00,18346.5,18346.5,18346.5,29991200,29991200,29991200
2024-07-22 09:00:00,18434.5,18434.5,18434.5,29991200,29991200,29991200
2024-07-22 13:00:00,18427.2,18427.2,18427.2,29991200,29991200,29991200
2024-07-22 17:00:00,18458.2,18458.2,18458.2,29991200,29991200,29991200
2024-07-22 21:00:00,18459.0,18459.0,18459.0,29991200,29991200,29991200
2024-07-23 01:00:00,18459.5,18459.5,18459.5,29991200,29991200,29991200
2024-07-23 05:00:00,18513.6,18513.6,18513.6,29991200,29991200,29991200
2024-07-23 09:00:00,18566.6,18566.6,18566.6,29991200,29991200,29991200
2024-07-23 13:00:00,18528.3,18528.3,18528.3,29991200,29991200,29991200
2024-07-23 17:00:00,18528.8,18528.8,18528.8,29991200,29991200,29991200
2024-07-23 21:00:00,18508.1,18508.1,18508.1,29991200,29991200,29991200
2024-07-24 01:00:00,18457.6,18457.6,18457.6,29991200,29991200,29991200
2024-07-24 05:00:00,18402.1,18402.1,18402.1,29991200,29991200,29991200
2024-07-24 09:00:00,18380.6,18380.6,18380.6,29991200,29991200,29991200
2024-07-24 13:00:00,18365.8,18365.8,18365.8,29991200,29991200,29991200
2024-07-24 17:00:00,18324.3,18324.3,18324.3,29991200,29991200,29991200
2024-07-24 21:00:00,18376.7,18376.7,18376.7,29991200,29991200,29991200
2024-07-25 01:00:00,18311.7,18311.7,18311.7,29991200,29991200,29991200
2024-07-25 05:00:00,18173.7,18173.7,18173.7,29991200,29991200,29991200
2024-07-25 09:00:00,18199.7,18199.7,18199.7,29991200,29991200,29991200
2024-07-25 13:00:00,18330.4,18330.4,18330.4,29991200,29991200,29991200
2024-07-25 17:00:00,18251.4,18251.4,18251.4,29991200,29991200,29991200
2024-07-25 21:00:00,18271.7,18271.7,18271.7,29991200,29991200,29991200
2024-07-26 01:00:00,18277.7,18277.7,18277.7,29991200,29991200,29991200
2024-07-26 05:00:00,18333.3,18333.3,18333.3,29991200,29991200,29991200
2024-07-26 09:00:00,18369.8,18369.8,18369.8,29991200,29991200,29991200
2024-07-26 13:00:00,18454.5,18454.5,18454.5,29991200,29991200,29991200
2024-07-26 17:00:00,18426.5,18426.5,18426.5,29991200,29991200,29991200
2024-07-28 21:00:00,18513.9,18513.9,18513.9,29991200,29991200,29991200
2024-07-29 01:00:00,18490.4,18490.4,18490.4,29991200,29991200,29991200
2024-07-29 05:00:00,18433.0,18433.0,18433.0,29991200,29991200,29991200
2024-07-29 09:00:00,18436.0,18436.0,18436.0,29991200,29991200,29991200
2024-07-29 13:00:00,18364.7,18364.7,18364.7,29991200,29991200,29991200
2024-07-29 17:00:00,18350.7,18350.7,18350.7,29991200,29991200,29991200
2024-07-29 21:00:00,18313.0,18313.0,18313.0,29991200,29991200,29991200
2024-07-30 01:00:00,18329.5,18329.5,18329.5,29991200,29991200,29991200
2024-07-30 05:00:00,18376.1,18376.1,18376.1,29991200,29991200,29991200
2024-07-30 09:00:00,18432.1,18432.1,18432.1,29991200,29991200,29991200
2024-07-30 13:00:00,18387.3,18387.3,18387.3,29991200,29991200,29991200
2024-07-30 17:00:00,18439.3,18439.3,18439.3,29991200,29991200,29991200
2024-07-30 21:00:00,18450.1,18450.1,18450.1,29991200,29991200,29991200
2024-07-31 01:00:00,18450.1,18450.1,18450.1,29991200,29991200,29991200
2024-07-31 05:00:00,18509.1,18509.1,18509.1,29991200,29991200,29991200
2024-07-31 09:00:00,18502.1,18502.1,18502.1,29991200,29991200,29991200
2024-07-31 13:00:00,18524.8,18524.8,18524.8,29991200,29991200,29991200
2024-07-31 17:00:00,18476.8,18476.8,18476.8,29991200,29991200,29991200
2024-07-31 21:00:00,18493.6,18493.6,18493.6,29991200,29991200,29991200
2024-08-01 01:00:00,18491.6,18491.6,18491.6,29991200,29991200,29991200
2024-08-01 05:00:00,18271.2,18271.2,18271.2,29991200,29991200,29991200
2024-08-01 09:00:00,18286.7,18286.7,18286.7,29991200,29991200,29991200
2024-08-01 13:00:00,18049.9,18049.9,18049.9,29991200,29991200,29991200
2024-08-01 17:00:00,18037.4,18037.4,18037.4,29991200,29991200,29991200
2024-08-01 21:00:00,17992.7,17992.7,17992.7,29991200,29991200,29991200
2024-08-02 01:00:00,17966.2,17966.2,17966.2,29991200,29991200,29991200
2024-08-02 05:00:00,17899.3,17899.3,17899.3,29991200,29991200,29991200
2024-08-02 09:00:00,17740.8,17740.8,17740.8,29991200,29991200,29991200
2024-08-02 13:00:00,17683.0,17683.0,17683.0,29991200,29991200,29991200
2024-08-02 17:00:00,17707.0,17707.0,17707.0,29991200,29991200,29991200
2024-08-04 21:00:00,17542.4,17542.4,17542.4,29991200,29991200,29991200
2024-08-05 01:00:00,17429.4,17429.4,17429.4,29991200,29991200,29991200
2024-08-05 05:00:00,17249.9,17249.9,17249.9,29991200,29991200,29991200
2024-08-05 09:00:00,17074.4,17074.4,17074.4,29991200,29991200,29991200
2024-08-05 13:00:00,17313.4,17313.4,17313.4,29991200,29991200,29991200
2024-08-05 17:00:00,17323.4,17323.4,17323.4,29991200,29991200,29991200
2024-08-05 21:00:00,17527.5,17527.5,17527.5,29991200,29991200,29991200
2024-08-06 01:00:00,17462.5,17462.5,17462.5,29991200,29991200,29991200
2024-08-06 05:00:00,17346.6,17346.6,17346.6,29991200,29991200,29991200
2024-08-06 09:00:00,17236.6,17236.6,17236.6,29991200,29991200,29991200
2024-08-06 13:00:00,17396.3,17396.3,17396.3,29991200,29991200,29991200
2024-08-06 17:00:00,17356.8,17356.8,17356.8,29991200,29991200,29991200
2024-08-06 21:00:00,17378.6,17378.6,17378.6,29991200,29991200,29991200
2024-08-07 01:00:00,17541.6,17541.6,17541.6,29991200,29991200,29991200
2024-08-07 05:00:00,17544.6,17544.6,17544.6,29991200,29991200,29991200
2024-08-07 09:00:00,17562.6,17562.6,17562.6,29991200,29991200,29991200
2024-08-07 13:00:00,17534.8,17534.8,17534.8,29991200,29991200,29991200
2024-08-07 17:00:00,17412.3,17412.3,17412.3,29991200,29991200,29991200
2024-08-07 21:00:00,17385.6,17385.6,17385.6,29991200,29991200,29991200
2024-08-08 01:00:00,17436.1,17436.1,17436.1,29991200,29991200,29991200
2024-08-08 05:00:00,17528.7,17528.7,17528.7,29991200,29991200,29991200
2024-08-08 09:00:00,17556.7,17556.7,17556.7,29991200,29991200,29991200
2024-08-08 13:00:00,17651.4,17651.4,17651.4,29991200,29991200,29991200
2024-08-08 17:00:00,17684.4,17684.4,17684.4,29991200,29991200,29991200
2024-08-08 21:00:00,17683.7,17683.7,17683.7,29991200,29991200,29991200
2024-08-09 01:00:00,17654.2,17654.2,17654.2,29991200,29991200,29991200
2024-08-09 05:00:00,17768.2,17768.2,17768.2,29991200,29991200,29991200
2024-08-09 09:00:00,17655.8,17655.8,17655.8,29991200,29991200,29991200
2024-08-09 13:00:00,17694.5,17694.5,17694.5,29991200,29991200,29991200
2024-08-09 17:00:00,17747.5,17747.5,17747.5,29991200,29991200,29991200
2024-08-11 21:00:00,17776.0,17776.0,17776.0,29991200,29991200,29991200
2024-08-12 01:00:00,17787.5,17787.5,17787.5,29991200,29991200,29991200
2024-08-12 05:00:00,17721.0,17721.0,17721.0,29991200,29991200,29991200
2024-08-12 09:00:00,17738.5,17738.5,17738.5,29991200,29991200,29991200
2024-08-12 13:00:00,17703.7,17703.7,17703.7,29991200,29991200,29991200
2024-08-12 17:00:00,17695.7,17695.7,17695.7,29991200,29991200,29991200
2024-08-12 21:00:00,17730.5,17730.5,17730.5,29991200,29991200,29991200
2024-08-13 01:00:00,17734.5,17734.5,17734.5,29991200,29991200,29991200
2024-08-13 05:00:00,17755.1,17755.1,17755.1,29991200,29991200,29991200
2024-08-13 09:00:00,17751.1,17751.1,17751.1,29991200,29991200,29991200
2024-08-13 13:00:00,17828.8,17828.8,17828.8,29991200,29991200,29991200
2024-08-13 17:00:00,17850.8,17850.8,17850.8,29991200,29991200,29991200
2024-08-13 21:00:00,17838.6,17838.6,17838.6,29991200,29991200,29991200
2024-08-14 01:00:00,17848.1,17848.1,17848.1,29991200,29991200,29991200
2024-08-14 05:00:00,17886.7,17886.7,17886.7,29991200,29991200,29991200
2024-08-14 09:00:00,17898.2,17898.2,17898.2,29991200,29991200,29991200
2024-08-14 13:00:00,17860.9,17860.9,17860.9,29991200,29991200,29991200
2024-08-14 17:00:00,17894.4,17894.4,17894.4,29991200,29991200,29991200
2024-08-14 21:00:00,17924.7,17924.7,17924.7,29991200,29991200,29991200
2024-08-15 01:00:00,17954.2,17954.2,17954.2,29991200,29991200,29991200
2024-08-15 05:00:00,17944.2,17944.2,17944.2,29991200,29991200,29991200
2024-08-15 09:00:00,18113.2,18113.2,18113.2,29991200,29991200,29991200
2024-08-15 13:00:00,18185.4,18185.4,18185.4,29991200,29991200,29991200
2024-08-15 17:00:00,18191.4,18191.4,18191.4,29991200,29991200,29991200
2024-08-15 21:00:00,18209.7,18209.7,18209.7,29991200,29991200,29991200
2024-08-16 01:00:00,18195.2,18195.2,18195.2,29991200,29991200,29991200
2024-08-16 05:00:00,18281.3,18281.3,18281.3,29991200,29991200,29991200
2024-08-16 09:00:00,18254.8,18254.8,18254.8,29991200,29991200,29991200
2024-08-16 13:00:00,18345.0,18345.0,18345.0,29991200,29991200,29991200
2024-08-16 17:00:00,18311.0,18311.0,18311.0,29991200,29991200,29991200
2024-08-18 21:00:00,18340.5,18340.5,18340.5,29991200,29991200,29991200
2024-08-19 01:00:00,18302.5,18302.5,18302.5,29991200,29991200,29991200
2024-08-19 05:00:00,18323.5,18323.5,18323.5,29991200,29991200,29991200
2024-08-19 09:00:00,18370.5,18370.5,18370.5,29991200,29991200,29991200
2024-08-19 13:00:00,18422.2,18422.2,18422.2,29991200,29991200,29991200
2024-08-19 17:00:00,18431.2,18431.2,18431.2,29991200,29991200,29991200
2024-08-19 21:00:00,18427.5,18427.5,18427.5,29991200,29991200,29991200
2024-08-20 01:00:00,18439.0,18439.0,18439.0,29991200,29991200,29991200
2024-08-20 05:00:00,18446.6,18446.6,18446.6,29991200,29991200,29991200
2024-08-20 09:00:00,18385.1,18385.1,18385.1,29991200,29991200,29991200
2024-08-20 13:00:00,18336.8,18336.8,18336.8,29991200,29991200,29991200
2024-08-20 17:00:00,18346.8,18346.8,18346.8,29991200,29991200,29991200
2024-08-20 21:00:00,18363.6,18363.6,18363.6,29991200,29991200,29991200
2024-08-21 01:00:00,18382.1,18382.1,18382.1,29991200,29991200,29991200
2024-08-21 05:00:00,18397.7,18397.7,18397.7,29991200,29991200,29991200
2024-08-21 09:00:00,18469.7,18469.7,18469.7,29991200,29991200,29991200
2024-08-21 13:00:00,18456.4,18456.4,18456.4,29991200,29991200,29991200
2024-08-21 17:00:00,18470.4,18470.4,18470.4,29991200,29991200,29991200
2024-08-21 21:00:00,18480.7,18480.7,18480.7,29991200,29991200,29991200
2024-08-22 01:00:00,18443.7,18443.7,18443.7,29991200,29991200,29991200
2024-08-22 05:00:00,18500.7,18500.7,18500.7,29991200,29991200,29991200
2024-08-22 09:00:00,18493.7,18493.7,18493.7,29991200,29991200,29991200
2024-08-22 13:00:00,18482.4,18482.4,18482.4,29991200,29991200,29991200
2024-08-22 17:00:00,18434.4,18434.4,18434.4,29991200,29991200,29991200
2024-08-22 21:00:00,18451.7,18451.7,18451.7,29991200,29991200,29991200
2024-08-23 01:00:00,18489.2,18489.2,18489.2,29991200,29991200,29991200
2024-08-23 05:00:00,18582.8,18582.8,18582.8,29991200,29991200,29991200
2024-08-23 09:00:00,18585.3,18585.3,18585.3,29991200,29991200,29991200
2024-08-23 13:00:00,18580.0,18580.0,18580.0,29991200,29991200,29991200
2024-08-23 17:00:00,18627.0,18627.0,18627.0,29991200,29991200,29991200
2024-08-25 21:00:00,18612.0,18612.0,18612.0,29991200,29991200,29991200
2024-08-26 01:00:00,18579.0,18579.0,18579.0,29991200,29991200,29991200
2024-08-26 05:00:00,18597.5,18597.5,18597.5,29991200,29991200,29991200
2024-08-26 09:00:00,18621.5,18621.5,18621.5,29991200,29991200,29991200
2024-08-26 13:00:00,18629.7,18629.7,18629.7,29991200,29991200,29991200
2024-08-26 17:00:00,18630.7,18630.7,18630.7,29991200,29991200,29991200
2024-08-26 21:00:00,18628.1,18628.1,18628.1,29991200,29991200,29991200
2024-08-27 01:00:00,18651.6,18651.6,18651.6,29991200,29991200,29991200
2024-08-27 05:00:00,18690.6,18690.6,18690.6,29991200,29991200,29991200
2024-08-27 09:00:00,18689.6,18689.6,18689.6,29991200,29991200,29991200
2024-08-27 13:00:00,18699.3,18699.3,18699.3,29991200,29991200,29991200
2024-08-27 17:00:00,18697.8,18697.8,18697.8,29991200,29991200,29991200
2024-08-27 21:00:00,18691.6,18691.6,18691.6,29991200,29991200,29991200
2024-08-28 01:00:00,18711.1,18711.1,18711.1,29991200,29991200,29991200
2024-08-28 05:00:00,18785.2,18785.2,18785.2,29991200,29991200,29991200
2024-08-28 09:00:00,18825.7,18825.7,18825.7,29991200,29991200,29991200
2024-08-28 13:00:00,18809.9,18809.9,18809.9,29991200,29991200,29991200
2024-08-28 17:00:00,18783.9,18783.9,18783.9,29991200,29991200,29991200
2024-08-28 21:00:00,18772.7,18772.7,18772.7,29991200,29991200,29991200
2024-08-29 01:00:00,18786.2,18786.2,18786.2,29991200,29991200,29991200
2024-08-29 05:00:00,18862.2,18862.2,18862.2,29991200,29991200,29991200
2024-08-29 09:00:00,18916.2,18916.2,18916.2,29991200,29991200,29991200
2024-08-29 13:00:00,18943.9,18943.9,18943.9,29991200,29991200,29991200
2024-08-29 17:00:00,18844.9,18844.9,18844.9,29991200,29991200,29991200
2024-08-29 21:00:00,18858.2,18858.2,18858.2,29991200,29991200,29991200
2024-08-30 01:00:00,18873.7,18873.7,18873.7,29991200,29991200,29991200
2024-08-30 05:00:00,18936.3,18936.3,18936.3,29991200,29991200,29991200
2024-08-30 09:00:00,18948.8,18948.8,18948.8,29991200,29991200,29991200
2024-08-30 13:00:00,18896.5,18896.5,18896.5,29991200,29991200,29991200
2024-08-30 17:00:00,18951.0,18951.0,18951.0,29991200,29991200,29991200
2024-09-01 21:00:00,18923.0,18923.0,18923.0,29991200,29991200,29991200
2024-09-02 01:00:00,18924.5,18924.5,18924.5,29991200,29991200,29991200
2024-09-02 05:00:00,18875.5,18875.5,18875.5,29991200,29991200,29991200
2024-09-02 09:00:00,18903.5,18903.5,18903.5,29991200,29991200,29991200
2024-09-02 13:00:00,18941.7,18941.7,18941.7,29991200,29991200,29991200
2024-09-02 17:00:00,18949.2,18949.2,18949.2,29991200,29991200,29991200
2024-09-02 21:00:00,18942.1,18942.1,18942.1,29991200,29991200,29991200
2024-09-03 01:00:00,18935.6,18935.6,18935.6,29991200,29991200,29991200
2024-09-03 05:00:00,18913.6,18913.6,18913.6,29991200,29991200,29991200
2024-09-03 09:00:00,18845.6,18845.6,18845.6,29991200,29991200,29991200
2024-09-03 13:00:00,18736.3,18736.3,18736.3,29991200,29991200,29991200
2024-09-03 17:00:00,18657.3,18657.3,18657.3,29991200,29991200,29991200
2024-09-03 21:00:00,18574.6,18574.6,18574.6,29991200,29991200,29991200
2024-09-04 01:00:00,18565.1,18565.1,18565.1,29991200,29991200,29991200
2024-09-04 05:00:00,18606.7,18606.7,18606.7,29991200,29991200,29991200
2024-09-04 09:00:00,18611.2,18611.2,18611.2,29991200,29991200,29991200
2024-09-04 13:00:00,18593.9,18593.9,18593.9,29991200,29991200,29991200
2024-09-04 17:00:00,18577.4,18577.4,18577.4,29991200,29991200,29991200
2024-09-04 21:00:00,18579.2,18579.2,18579.2,29991200,29991200,29991200
2024-09-05 01:00:00,18539.7,18539.7,18539.7,29991200,29991200,29991200
2024-09-05 05:00:00,18618.7,18618.7,18618.7,29991200,29991200,29991200
2024-09-05 09:00:00,18628.7,18628.7,18628.7,29991200,29991200,29991200
2024-09-05 13:00:00,18584.4,18584.4,18584.4,29991200,29991200,29991200
2024-09-05 17:00:00,18583.9,18583.9,18583.9,29991200,29991200,29991200
2024-09-05 21:00:00,18545.7,18545.7,18545.7,29991200,29991200,29991200
2024-09-06 01:00:00,18585.2,18585.2,18585.2,29991200,29991200,29991200
2024-09-06 05:00:00,18432.8,18432.8,18432.8,29991200,29991200,29991200
2024-09-06 09:00:00,18541.8,18541.8,18541.8,29991200,29991200,29991200
2024-09-06 13:00:00,18286.5,18286.5,18286.5,29991200,29991200,29991200
2024-09-06 17:00:00,18266.5,18266.5,18266.5,29991200,29991200,29991200
2024-09-08 21:00:00,18316.1,18316.1,18316.1,29991200,29991200,29991200
2024-09-09 01:00:00,18360.6,18360.6,18360.6,29991200,29991200,29991200
2024-09-09 05:00:00,18414.1,18414.1,18414.1,29991200,29991200,29991200
2024-09-09 09:00:00,18404.6,18404.6,18404.6,29991200,29991200,29991200
2024-09-09 13:00:00,18493.3,18493.3,18493.3,29991200,29991200,29991200
2024-09-09 17:00:00,18483.3,18483.3,18483.3,29991200,29991200,29991200
2024-09-09 21:00:00,18490.6,18490.6,18490.6,29991200,29991200,29991200
2024-09-10 01:00:00,18420.6,18420.6,18420.6,29991200,29991200,29991200
2024-09-10 05:00:00,18412.2,18412.2,18412.2,29991200,29991200,29991200
2024-09-10 09:00:00,18370.2,18370.2,18370.2,29991200,29991200,29991200
2024-09-10 13:00:00,18240.9,18240.9,18240.9,29991200,29991200,29991200
2024-09-10 17:00:00,18334.9,18334.9,18334.9,29991200,29991200,29991200
2024-09-10 21:00:00,18295.7,18295.7,18295.7,29991200,29991200,29991200
2024-09-11 01:00:00,18272.7,18272.7,18272.7,29991200,29991200,29991200
2024-09-11 05:00:00,18292.2,18292.2,18292.2,29991200,29991200,29991200
2024-09-11 09:00:00,18396.2,18396.2,18396.2,29991200,29991200,29991200
2024-09-11 13:00:00,18394.4,18394.4,18394.4,29991200,29991200,29991200
2024-09-11 17:00:00,18483.9,18483.9,18483.9,29991200,29991200,29991200
2024-09-11 21:00:00,18498.2,18498.2,18498.2,29991200,29991200,29991200
2024-09-12 01:00:00,18515.7,18515.7,18515.7,29991200,29991200,29991200
2024-09-12 05:00:00,18540.3,18540.3,18540.3,29991200,29991200,29991200
2024-09-12 09:00:00,18471.3,18471.3,18471.3,29991200,29991200,29991200
2024-09-12 13:00:00,18549.5,18549.5,18549.5,29991200,29991200,29991200
2024-09-12 17:00:00,18562.5,18562.5,18562.5,29991200,29991200,29991200
2024-09-12 21:00:00,18598.8,18598.8,18598.8,29991200,29991200,29991200
2024-09-13 01:00:00,18580.8,18580.8,18580.8,29991200,29991200,29991200
2024-09-13 05:00:00,18582.3,18582.3,18582.3,29991200,29991200,29991200
2024-09-13 09:00:00,18635.3,18635.3,18635.3,29991200,29991200,29991200
2024-09-13 13:00:00,18676.5,18676.5,18676.5,29991200,29991200,29991200
2024-09-13 17:00:00,18683.0,18683.0,18683.0,29991200,29991200,29991200
2024-09-15 21:00:00,18711.2,18711.2,18711.2,29991200,29991200,29991200
2024-09-16 01:00:00,18718.7,18718.7,18718.7,29991200,29991200,29991200
2024-09-16 05:00:00,18651.7,18651.7,18651.7,29991200,29991200,29991200
2024-09-16 09:00:00,18645.7,18645.7,18645.7,29991200,29991200,29991200
2024-09-16 13:00:00,18649.9,18649.9,18649.9,29991200,29991200,29991200
2024-09-16 17:00:00,18723.4,18723.4,18723.4,29991200,29991200,29991200
2024-09-16 21:00:00,18684.1,18684.1,18684.1,29991200,29991200,29991200
2024-09-17 01:00:00,18692.1,18692.1,18692.1,29991200,29991200,29991200
2024-09-17 05:00:00,18710.7,18710.7,18710.7,29991200,29991200,29991200
2024-09-17 09:00:00,18804.7,18804.7,18804.7,29991200,29991200,29991200
2024-09-17 13:00:00,18647.4,18647.4,18647.4,29991200,29991200,29991200
2024-09-17 17:00:00,18696.4,18696.4,18696.4,29991200,29991200,29991200
2024-09-17 21:00:00,18723.1,18723.1,18723.1,29991200,29991200,29991200
2024-09-18 01:00:00,18698.1,18698.1,18698.1,29991200,29991200,29991200
2024-09-18 05:00:00,18722.7,18722.7,18722.7,29991200,29991200,29991200
2024-09-18 09:00:00,18743.7,18743.7,18743.7,29991200,29991200,29991200
2024-09-18 13:00:00,18739.4,18739.4,18739.4,29991200,29991200,29991200
2024-09-18 17:00:00,18751.9,18751.9,18751.9,29991200,29991200,29991200
2024-09-18 21:00:00,18783.0,18783.0,18783.0,29991200,29991200,29991200
2024-09-19 01:00:00,18894.5,18894.5,18894.5,29991200,29991200,29991200
2024-09-19 05:00:00,18913.6,18913.6,18913.6,29991200,29991200,29991200
2024-09-19 09:00:00,19010.6,19010.6,19010.6,29991200,29991200,29991200
2024-09-19 13:00:00,19025.8,19025.8,19025.8,29991200,29991200,29991200
2024-09-19 17:00:00,18969.3,18969.3,18969.3,29991200,29991200,29991200
2024-09-19 21:00:00,18940.5,18940.5,18940.5,29991200,29991200,29991200
2024-09-20 01:00:00,18934.0,18934.0,18934.0,29991200,29991200,29991200
2024-09-20 05:00:00,18823.6,18823.6,18823.6,29991200,29991200,29991200
2024-09-20 09:00:00,18832.6,18832.6,18832.6,29991200,29991200,29991200
2024-09-20 13:00:00,18732.3,18732.3,18732.3,29991200,29991200,29991200
2024-09-20 17:00:00,18733.3,18733.3,18733.3,29991200,29991200,29991200
2024-09-22 21:00:00,18800.2,18800.2,18800.2,29991200,29991200,29991200
2024-09-23 01:00:00,18815.2,18815.2,18815.2,29991200,29991200,29991200
2024-09-23 05:00:00,18787.8,18787.8,18787.8,29991200,29991200,29991200
2024-09-23 09:00:00,18848.3,18848.3,18848.3,29991200,29991200,29991200
2024-09-23 13:00:00,18852.0,18852.0,18852.0,29991200,29991200,29991200
2024-09-23 17:00:00,18881.5,18881.5,18881.5,29991200,29991200,29991200
2024-09-23 21:00:00,18863.1,18863.1,18863.1,29991200,29991200,29991200
2024-09-24 01:00:00,18903.1,18903.1,18903.1,29991200,29991200,29991200
2024-09-24 05:00:00,18992.2,18992.2,18992.2,29991200,29991200,29991200
2024-09-24 09:00:00,18952.2,18952.2,18952.2,29991200,29991200,29991200
2024-09-24 13:00:00,18992.9,18992.9,18992.9,29991200,29991200,29991200
2024-09-24 17:00:00,18995.4,18995.4,18995.4,29991200,29991200,29991200
2024-09-24 21:00:00,18972.5,18972.5,18972.5,29991200,29991200,29991200
2024-09-25 01:00:00,18912.0,18912.0,18912.0,29991200,29991200,29991200
2024-09-25 05:00:00,18908.6,18908.6,18908.6,29991200,29991200,29991200
2024-09-25 09:00:00,18952.1,18952.1,18952.1,29991200,29991200,29991200
2024-09-25 13:00:00,18917.8,18917.8,18917.8,29991200,29991200,29991200
2024-09-25 17:00:00,18909.8,18909.8,18909.8,29991200,29991200,29991200
2024-09-25 21:00:00,18965.4,18965.4,18965.4,29991200,29991200,29991200
2024-09-26 01:00:00,19008.4,19008.4,19008.4,29991200,29991200,29991200
2024-09-26 05:00:00,19163.5,19163.5,19163.5,29991200,29991200,29991200
2024-09-26 09:00:00,19198.5,19198.5,19198.5,29991200,29991200,29991200
2024-09-26 13:00:00,19264.2,19264.2,19264.2,29991200,29991200,29991200
2024-09-26 17:00:00,19299.7,19299.7,19299.7,29991200,29991200,29991200
2024-09-26 21:00:00,19296.3,19296.3,19296.3,29991200,29991200,29991200
2024-09-27 01:00:00,19291.3,19291.3,19291.3,29991200,29991200,29991200
2024-09-27 05:00:00,19309.9,19309.9,19309.9,29991200,29991200,29991200
2024-09-27 09:00:00,19462.4,19462.4,19462.4,29991200,29991200,29991200
2024-09-27 13:00:00,19431.1,19431.1,19431.1,29991200,29991200,29991200
2024-09-27 17:00:00,19414.1,19414.1,19414.1,29991200,29991200,29991200
2024-09-29 21:00:00,19455.5,19455.5,19455.5,29991200,29991200,29991200
2024-09-30 01:00:00,19473.0,19473.0,19473.0,29991200,29991200,29991200
2024-09-30 05:00:00,19383.6,19383.6,19383.6,29991200,29991200,29991200
2024-09-30 09:00:00,19331.1,19331.1,19331.1,29991200,29991200,29991200
2024-09-30 13:00:00,19363.8,19363.8,19363.8,29991200,29991200,29991200
2024-09-30 17:00:00,19393.3,19393.3,19393.3,29991200,29991200,29991200
2024-09-30 21:00:00,19403.4,19403.4,19403.4,29991200,29991200,29991200
2024-10-01 01:00:00,19402.4,19402.4,19402.4,29991200,29991200,29991200
2024-10-01 05:00:00,19393.5,19393.5,19393.5,29991200,29991200,29991200
2024-10-01 09:00:00,19447.0,19447.0,19447.0,29991200,29991200,29991200
2024-10-01 13:00:00,19191.7,19191.7,19191.7,29991200,29991200,29991200
2024-10-01 17:00:00,19211.2,19211.2,19211.2,29991200,29991200,29991200
2024-10-01 21:00:00,19222.3,19222.3,19222.3,29991200,29991200,29991200
2024-10-02 01:00:00,19241.8,19241.8,19241.8,29991200,29991200,29991200
2024-10-02 05:00:00,19219.3,19219.3,19219.3,29991200,29991200,29991200
2024-10-02 09:00:00,19135.3,19135.3,19135.3,29991200,29991200,29991200
2024-10-02 13:00:00,19134.0,19134.0,19134.0,29991200,29991200,29991200
2024-10-02 17:00:00,19161.5,19161.5,19161.5,29991200,29991200,29991200
2024-10-02 21:00:00,19131.7,19131.7,19131.7,29991200,29991200,29991200
2024-10-03 01:00:00,19050.2,19050.2,19050.2,29991200,29991200,29991200
2024-10-03 05:00:00,19029.2,19029.2,19029.2,29991200,29991200,29991200
2024-10-03 09:00:00,19033.7,19033.7,19033.7,29991200,29991200,29991200
2024-10-03 13:00:00,18994.9,18994.9,18994.9,29991200,29991200,29991200
2024-10-03 17:00:00,18989.9,18989.9,18989.9,29991200,29991200,29991200
2024-10-03 21:00:00,18985.1,18985.1,18985.1,29991200,29991200,29991200
2024-10-04 01:00:00,19004.6,19004.6,19004.6,29991200,29991200,29991200
2024-10-04 05:00:00,19011.1,19011.1,19011.1,29991200,29991200,29991200
2024-10-04 09:00:00,19164.1,19164.1,19164.1,29991200,29991200,29991200
2024-10-04 13:00:00,19167.8,19167.8,19167.8,29991200,29991200,29991200
2024-10-04 17:00:00,19194.8,19194.8,19194.8,29991200,29991200,29991200
2024-10-06 21:00:00,19184.8,19184.8,19184.8,29991200,29991200,29991200
2024-10-07 01:00:00,19184.3,19184.3,19184.3,29991200,29991200,29991200
2024-10-07 05:00:00,19053.8,19053.8,19053.8,29991200,29991200,29991200
2024-10-07 09:00:00,19105.8,19105.8,19105.8,29991200,29991200,29991200
2024-10-07 13:00:00,19096.5,19096.5,19096.5,29991200,29991200,29991200
2024-10-07 17:00:00,19022.5,19022.5,19022.5,29991200,29991200,29991200
2024-10-07 21:00:00,19050.2,19050.2,19050.2,29991200,29991200,29991200
2024-10-08 01:00:00,18961.7,18961.7,18961.7,29991200,29991200,29991200
2024-10-08 05:00:00,18955.7,18955.7,18955.7,29991200,29991200,29991200
2024-10-08 09:00:00,19082.7,19082.7,19082.7,29991200,29991200,29991200
2024-10-08 13:00:00,19100.4,19100.4,19100.4,29991200,29991200,29991200
2024-10-08 17:00:00,19109.4,19109.4,19109.4,29991200,29991200,29991200
2024-10-08 21:00:00,19114.6,19114.6,19114.6,29991200,29991200,29991200
2024-10-09 01:00:00,19062.6,19062.6,19062.6,29991200,29991200,29991200
2024-10-09 05:00:00,19052.6,19052.6,19052.6,29991200,29991200,29991200
2024-10-09 09:00:00,19099.6,19099.6,19099.6,29991200,29991200,29991200
2024-10-09 13:00:00,19254.3,19254.3,19254.3,29991200,29991200,29991200
2024-10-09 17:00:00,19281.3,19281.3,19281.3,29991200,29991200,29991200
2024-10-09 21:00:00,19288.0,19288.0,19288.0,29991200,29991200,29991200
2024-10-10 01:00:00,19282.5,19282.5,19282.5,29991200,29991200,29991200
2024-10-10 05:00:00,19190.5,19190.5,19190.5,29991200,29991200,29991200
2024-10-10 09:00:00,19220.5,19220.5,19220.5,29991200,29991200,29991200
2024-10-10 13:00:00,19216.2,19216.2,19216.2,29991200,29991200,29991200
2024-10-10 17:00:00,19215.2,19215.2,19215.2,29991200,29991200,29991200
2024-10-10 21:00:00,19240.4,19240.4,19240.4,29991200,29991200,29991200
2024-10-11 01:00:00,19229.9,19229.9,19229.9,29991200,29991200,29991200
2024-10-11 05:00:00,19197.4,19197.4,19197.4,29991200,29991200,29991200
2024-10-11 09:00:00,19248.4,19248.4,19248.4,29991200,29991200,29991200
2024-10-11 13:00:00,19354.1,19354.1,19354.1,29991200,29991200,29991200
2024-10-11 17:00:00,19385.6,19385.6,19385.6,29991200,29991200,29991200
2024-10-13 21:00:00,19367.6,19367.6,19367.6,29991200,29991200,29991200
2024-10-14 01:00:00,19366.1,19366.1,19366.1,29991200,29991200,29991200
2024-10-14 05:00:00,19405.1,19405.1,19405.1,29991200,29991200,29991200
2024-10-14 09:00:00,19436.1,19436.1,19436.1,29991200,29991200,29991200
2024-10-14 13:00:00,19531.8,19531.8,19531.8,29991200,29991200,29991200
2024-10-14 17:00:00,19541.3,19541.3,19541.3,29991200,29991200,29991200
2024-10-14 21:00:00,19568.5,19568.5,19568.5,29991200,29991200,29991200
2024-10-15 01:00:00,19577.0,19577.0,19577.0,29991200,29991200,29991200
2024-10-15 05:00:00,19543.0,19543.0,19543.0,29991200,29991200,29991200
2024-10-15 09:00:00,19553.0,19553.0,19553.0,29991200,29991200,29991200
2024-10-15 13:00:00,19509.7,19509.7,19509.7,29991200,29991200,29991200
2024-10-15 17:00:00,19474.7,19474.7,19474.7,29991200,29991200,29991200
2024-10-15 21:00:00,19471.9,19471.9,19471.9,29991200,29991200,29991200
2024-10-16 01:00:00,19484.9,19484.9,19484.9,29991200,29991200,29991200
2024-10-16 05:00:00,19412.9,19412.9,19412.9,29991200,29991200,29991200
2024-10-16 09:00:00,19444.9,19444.9,19444.9,29991200,29991200,29991200
2024-10-16 13:00:00,19448.6,19448.6,19448.6,29991200,29991200,29991200
2024-10-16 17:00:00,19484.6,19484.6,19484.6,29991200,29991200,29991200
2024-10-16 21:00:00,19485.3,19485.3,19485.3,29991200,29991200,29991200
2024-10-17 01:00:00,19442.3,19442.3,19442.3,29991200,29991200,29991200
2024-10-17 05:00:00,19591.8,19591.8,19591.8,29991200,29991200,29991200
2024-10-17 09:00:00,19601.8,19601.8,19601.8,29991200,29991200,29991200
2024-10-17 13:00:00,19594.5,19594.5,19594.5,29991200,29991200,29991200
2024-10-17 17:00:00,19560.0,19560.0,19560.0,29991200,29991200,29991200
2024-10-17 21:00:00,19530.7,19530.7,19530.7,29991200,29991200,29991200
2024-10-18 01:00:00,19521.7,19521.7,19521.7,29991200,29991200,29991200
2024-10-18 05:00:00,19620.7,19620.7,19620.7,29991200,29991200,29991200
2024-10-18 09:00:00,19628.2,19628.2,19628.2,29991200,29991200,29991200
2024-10-18 13:00:00,19656.4,19656.4,19656.4,29991200,29991200,29991200
2024-10-18 17:00:00,19638.9,19638.9,19638.9,29991200,29991200,29991200
2024-10-20 21:00:00,19653.4,19653.4,19653.4,29991200,29991200,29991200
2024-10-21 01:00:00,19630.4,19630.4,19630.4,29991200,29991200,29991200
2024-10-21 05:00:00,19602.4,19602.4,19602.4,29991200,29991200,29991200
2024-10-21 09:00:00,19519.4,19519.4,19519.4,29991200,29991200,29991200
2024-10-21 13:00:00,19498.1,19498.1,19498.1,29991200,29991200,29991200
2024-10-21 17:00:00,19500.6,19500.6,19500.6,29991200,29991200,29991200
2024-10-21 21:00:00,19523.3,19523.3,19523.3,29991200,29991200,29991200
2024-10-22 01:00:00,19532.3,19532.3,19532.3,29991200,29991200,29991200
2024-10-22 05:00:00,19504.3,19504.3,19504.3,29991200,29991200,29991200
2024-10-22 09:00:00,19426.3,19426.3,19426.3,29991200,29991200,29991200
2024-10-22 13:00:00,19429.5,19429.5,19429.5,29991200,29991200,29991200
2024-10-22 17:00:00,19464.5,19464.5,19464.5,29991200,29991200,29991200
2024-10-22 21:00:00,19426.7,19426.7,19426.7,29991200,29991200,29991200
2024-10-23 01:00:00,19461.7,19461.7,19461.7,29991200,29991200,29991200
2024-10-23 05:00:00,19391.2,19391.2,19391.2,29991200,29991200,29991200
2024-10-23 09:00:00,19368.2,19368.2,19368.2,29991200,29991200,29991200
2024-10-23 13:00:00,19384.9,19384.9,19384.9,29991200,29991200,29991200
2024-10-23 17:00:00,19339.9,19339.9,19339.9,29991200,29991200,29991200
2024-10-23 21:00:00,19394.6,19394.6,19394.6,29991200,29991200,29991200
2024-10-24 01:00:00,19368.6,19368.6,19368.6,29991200,29991200,29991200
2024-10-24 05:00:00,19496.6,19496.6,19496.6,29991200,29991200,29991200
2024-10-24 09:00:00,19517.1,19517.1,19517.1,29991200,29991200,29991200
2024-10-24 13:00:00,19433.8,19433.8,19433.8,29991200,29991200,29991200
2024-10-24 17:00:00,19434.3,19434.3,19434.3,29991200,29991200,29991200
2024-10-24 21:00:00,19437.1,19437.1,19437.1,29991200,29991200,29991200
2024-10-25 01:00:00,19403.1,19403.1,19403.1,29991200,29991200,29991200
2024-10-25 05:00:00,19446.6,19446.6,19446.6,29991200,29991200,29991200
2024-10-25 09:00:00,19457.1,19457.1,19457.1,29991200,29991200,29991200
2024-10-25 13:00:00,19470.8,19470.8,19470.8,29991200,29991200,29991200
2024-10-25 17:00:00,19410.3,19410.3,19410.3,29991200,29991200,29991200
2024-10-27 21:00:00,19507.3,19507.3,19507.3,29991200,29991200,29991200
2024-10-28 01:00:00,19521.3,19521.3,19521.3,29991200,29991200,29991200
2024-10-28 05:00:00,19557.9,19557.9,19557.9,29991200,29991200,29991200
2024-10-28 09:00:00,19483.9,19483.9,19483.9,29991200,29991200,29991200
2024-10-28 13:00:00,19539.9,19539.9,19539.9,29991200,29991200,29991200
2024-10-28 17:00:00,19534.6,19534.6,19534.6,29991200,29991200,29991200
2024-10-28 21:00:00,19525.7,19525.7,19525.7,29991200,29991200,29991200
2024-10-29 01:00:00,19532.2,19532.2,19532.2,29991200,29991200,29991200
2024-10-29 05:00:00,19615.8,19615.8,19615.8,29991200,29991200,29991200
2024-10-29 09:00:00,19540.8,19540.8,19540.8,29991200,29991200,29991200
2024-10-29 13:00:00,19496.3,19496.3,19496.3,29991200,29991200,29991200
2024-10-29 17:00:00,19487.0,19487.0,19487.0,29991200,29991200,29991200
2024-10-29 21:00:00,19490.1,19490.1,19490.1,29991200,29991200,29991200
2024-10-30 01:00:00,19418.1,19418.1,19418.1,29991200,29991200,29991200
2024-10-30 05:00:00,19387.2,19387.2,19387.2,29991200,29991200,29991200
2024-10-30 09:00:00,19221.7,19221.7,19221.7,29991200,29991200,29991200
2024-10-30 13:00:00,19276.7,19276.7,19276.7,29991200,29991200,29991200
2024-10-30 17:00:00,19239.9,19239.9,19239.9,29991200,29991200,29991200
2024-10-30 21:00:00,19201.0,19201.0,19201.0,29991200,29991200,29991200
2024-10-31 01:00:00,19180.0,19180.0,19180.0,29991200,29991200,29991200
2024-10-31 05:00:00,19157.1,19157.1,19157.1,29991200,29991200,29991200
2024-10-31 09:00:00,19171.6,19171.6,19171.6,29991200,29991200,29991200
2024-10-31 13:00:00,19096.6,19096.6,19096.6,29991200,29991200,29991200
2024-10-31 17:00:00,19081.3,19081.3,19081.3,29991200,29991200,29991200
2024-10-31 21:00:00,19078.9,19078.9,19078.9,29991200,29991200,29991200
2024-11-01 01:00:00,19070.4,19070.4,19070.4,29991200,29991200,29991200
2024-11-01 05:00:00,19131.5,19131.5,19131.5,29991200,29991200,29991200
2024-11-01 09:00:00,19206.5,19206.5,19206.5,29991200,29991200,29991200
2024-11-01 13:00:00,19231.5,19231.5,19231.5,29991200,29991200,29991200
2024-11-01 17:00:00,19221.7,19221.7,19221.7,29991200,29991200,29991200
2024-11-03 22:00:00,19236.7,19236.7,19236.7,29991200,29991200,29991200
2024-11-04 02:00:00,19266.2,19266.2,19266.2,29991200,29991200,29991200
2024-11-04 06:00:00,19269.2,19269.2,19269.2,29991200,29991200,29991200
2024-11-04 10:00:00,19194.2,19194.2,19194.2,29991200,29991200,29991200
2024-11-04 14:00:00,19141.4,19141.4,19141.4,29991200,29991200,29991200
2024-11-04 18:00:00,19121.9,19121.9,19121.9,29991200,29991200,29991200
2024-11-04 22:00:00,19154.6,19154.6,19154.6,29991200,29991200,29991200
2024-11-05 02:00:00,19163.6,19163.6,19163.6,29991200,29991200,29991200
2024-11-05 06:00:00,19206.6,19206.6,19206.6,29991200,29991200,29991200
2024-11-05 10:00:00,19183.6,19183.6,19183.6,29991200,29991200,29991200
2024-11-05 14:00:00,19300.8,19300.8,19300.8,29991200,29991200,29991200
2024-11-05 18:00:00,19282.9,19282.9,19282.9,29991200,29991200,29991200
2024-11-05 22:00:00,19346.5,19346.5,19346.5,29991200,29991200,29991200
2024-11-06 02:00:00,19107.5,19107.5,19107.5,29991200,29991200,29991200
2024-11-06 06:00:00,19422.5,19422.5,19422.5,29991200,29991200,29991200
2024-11-06 10:00:00,19223.5,19223.5,19223.5,29991200,29991200,29991200
2024-11-06 14:00:00,19051.7,19051.7,19051.7,29991200,29991200,29991200
2024-11-06 18:00:00,19089.7,19089.7,19089.7,29991200,29991200,29991200
2024-11-06 22:00:00,19060.4,19060.4,19060.4,29991200,29991200,29991200
2024-11-07 02:00:00,19102.9,19102.9,19102.9,29991200,29991200,29991200
2024-11-07 06:00:00,19258.9,19258.9,19258.9,29991200,29991200,29991200
2024-11-07 10:00:00,19314.9,19314.9,19314.9,29991200,29991200,29991200
2024-11-07 14:00:00,19399.6,19399.6,19399.6,29991200,29991200,29991200
2024-11-07 18:00:00,19427.6,19427.6,19427.6,29991200,29991200,29991200
2024-11-07 22:00:00,19427.8,19427.8,19427.8,29991200,29991200,29991200
2024-11-08 02:00:00,19418.8,19418.8,19418.8,29991200,29991200,29991200
2024-11-08 06:00:00,19212.8,19212.8,19212.8,29991200,29991200,29991200
2024-11-08 10:00:00,19212.8,19212.8,19212.8,29991200,29991200,29991200
2024-11-08 14:00:00,19193.5,19193.5,19193.5,29991200,29991200,29991200
2024-11-08 18:00:00,19232.0,19232.0,19232.0,29991200,29991200,29991200
2024-11-10 22:00:00,19265.5,19265.5,19265.5,29991200,29991200,29991200
2024-11-11 02:00:00,19280.5,19280.5,19280.5,29991200,29991200,29991200
2024-11-11 06:00:00,19446.5,19446.5,19446.5,29991200,29991200,29991200
2024-11-11 10:00:00,19530.0,19530.0,19530.0,29991200,29991200,29991200
2024-11-11 14:00:00,19412.7,19412.7,19412.7,29991200,29991200,29991200
2024-11-11 18:00:00,19410.7,19410.7,19410.7,29991200,29991200,29991200
2024-11-11 22:00:00,19399.4,19399.4,19399.4,29991200,29991200,29991200
2024-11-12 02:00:00,19300.9,19300.9,19300.9,29991200,29991200,29991200
2024-11-12 06:00:00,19319.4,19319.4,19319.4,29991200,29991200,29991200
2024-11-12 10:00:00,19263.4,19263.4,19263.4,29991200,29991200,29991200
2024-11-12 14:00:00,18967.1,18967.1,18967.1,29991200,29991200,29991200
2024-11-12 18:00:00,19071.1,19071.1,19071.1,29991200,29991200,29991200
2024-11-12 22:00:00,19055.3,19055.3,19055.3,29991200,29991200,29991200
2024-11-13 02:00:00,19019.8,19019.8,19019.8,29991200,29991200,29991200
2024-11-13 06:00:00,19116.8,19116.8,19116.8,29991200,29991200,29991200
2024-11-13 10:00:00,18975.3,18975.3,18975.3,29991200,29991200,29991200
2024-11-13 14:00:00,19030.0,19030.0,19030.0,29991200,29991200,29991200
2024-11-13 18:00:00,18987.0,18987.0,18987.0,29991200,29991200,29991200
2024-11-13 22:00:00,18969.2,18969.2,18969.2,29991200,29991200,29991200
2024-11-14 02:00:00,18953.7,18953.7,18953.7,29991200,29991200,29991200
2024-11-14 06:00:00,19205.2,19205.2,19205.2,29991200,29991200,29991200
2024-11-14 10:00:00,19288.2,19288.2,19288.2,29991200,29991200,29991200
2024-11-14 14:00:00,19208.9,19208.9,19208.9,29991200,29991200,29991200
2024-11-14 18:00:00,19209.4,19209.4,19209.4,29991200,29991200,29991200
2024-11-14 22:00:00,19182.1,19182.1,19182.1,29991200,29991200,29991200
2024-11-15 02:00:00,19179.6,19179.6,19179.6,29991200,29991200,29991200
2024-11-15 06:00:00,19255.6,19255.6,19255.6,29991200,29991200,29991200
2024-11-15 10:00:00,19220.1,19220.1,19220.1,29991200,29991200,29991200
2024-11-15 14:00:00,19172.8,19172.8,19172.8,29991200,29991200,29991200
2024-11-15 18:00:00,19239.8,19239.8,19239.8,29991200,29991200,29991200
2024-11-17 22:00:00,19271.3,19271.3,19271.3,29991200,29991200,29991200
2024-11-18 02:00:00,19270.8,19270.8,19270.8,29991200,29991200,29991200
2024-11-18 06:00:00,19179.9,19179.9,19179.9,29991200,29991200,29991200
2024-11-18 10:00:00,19132.9,19132.9,19132.9,29991200,29991200,29991200
2024-11-18 14:00:00,19177.6,19177.6,19177.6,29991200,29991200,29991200
2024-11-18 18:00:00,19135.1,19135.1,19135.1,29991200,29991200,29991200
2024-11-18 22:00:00,19181.7,19181.7,19181.7,29991200,29991200,29991200
2024-11-19 02:00:00,19217.7,19217.7,19217.7,29991200,29991200,29991200
2024-11-19 06:00:00,18953.3,18953.3,18953.3,29991200,29991200,29991200
2024-11-19 10:00:00,18842.8,18842.8,18842.8,29991200,29991200,29991200
2024-11-19 14:00:00,19046.5,19046.5,19046.5,29991200,29991200,29991200
2024-11-19 18:00:00,19054.5,19054.5,19054.5,29991200,29991200,29991200
2024-11-19 22:00:00,19084.6,19084.6,19084.6,29991200,29991200,29991200
2024-11-20 02:00:00,19108.1,19108.1,19108.1,29991200,29991200,29991200
2024-11-20 06:00:00,19144.2,19144.2,19144.2,29991200,29991200,29991200
2024-11-20 10:00:00,19115.7,19115.7,19115.7,29991200,29991200,29991200
2024-11-20 14:00:00,19030.4,19030.4,19030.4,29991200,29991200,29991200
2024-11-20 18:00:00,19090.4,19090.4,19090.4,29991200,29991200,29991200
2024-11-20 22:00:00,19027.0,19027.0,19027.0,29991200,29991200,29991200
2024-11-21 02:00:00,19074.5,19074.5,19074.5,29991200,29991200,29991200
2024-11-21 06:00:00,18983.6,18983.6,18983.6,29991200,29991200,29991200
2024-11-21 10:00:00,19046.6,19046.6,19046.6,29991200,29991200,29991200
2024-11-21 14:00:00,19177.3,19177.3,19177.3,29991200,29991200,29991200
2024-11-21 18:00:00,19175.3,19175.3,19175.3,29991200,29991200,29991200
2024-11-21 22:00:00,19199.9,19199.9,19199.9,29991200,29991200,29991200
2024-11-22 02:00:00,19158.9,19158.9,19158.9,29991200,29991200,29991200
2024-11-22 06:00:00,19127.5,19127.5,19127.5,29991200,29991200,29991200
2024-11-22 10:00:00,19227.5,19227.5,19227.5,29991200,29991200,29991200
2024-11-22 14:00:00,19351.7,19351.7,19351.7,29991200,29991200,29991200
2024-11-22 18:00:00,19348.2,19348.2,19348.2,29991200,29991200,29991200
2024-11-24 22:00:00,19433.2,19433.2,19433.2,29991200,29991200,29991200
2024-11-25 02:00:00,19433.7,19433.7,19433.7,29991200,29991200,29991200
2024-11-25 06:00:00,19398.2,19398.2,19398.2,29991200,29991200,29991200
2024-11-25 10:00:00,19424.2,19424.2,19424.2,29991200,29991200,29991200
2024-11-25 14:00:00,19371.4,19371.4,19371.4,29991200,29991200,29991200
2024-11-25 18:00:00,19383.9,19383.9,19383.9,29991200,29991200,29991200
2024-11-25 22:00:00,19271.1,19271.1,19271.1,29991200,29991200,29991200
2024-11-26 02:00:00,19277.6,19277.6,19277.6,29991200,29991200,29991200
2024-11-26 06:00:00,19293.6,19293.6,19293.6,29991200,29991200,29991200
2024-11-26 10:00:00,19348.1,19348.1,19348.1,29991200,29991200,29991200
2024-11-26 14:00:00,19313.8,19313.8,19313.8,29991200,29991200,29991200
2024-11-26 18:00:00,19320.8,19320.8,19320.8,29991200,29991200,29991200
2024-11-26 22:00:00,19312.5,19312.5,19312.5,29991200,29991200,29991200
2024-11-27 02:00:00,19287.5,19287.5,19287.5,29991200,29991200,29991200
2024-11-27 06:00:00,19215.0,19215.0,19215.0,29991200,29991200,29991200
2024-11-27 10:00:00,19232.0,19232.0,19232.0,29991200,29991200,29991200
2024-11-27 14:00:00,19258.2,19258.2,19258.2,29991200,29991200,29991200
2024-11-27 18:00:00,19277.7,19277.7,19277.7,29991200,29991200,29991200
2024-11-27 22:00:00,19301.9,19301.9,19301.9,29991200,29991200,29991200
2024-11-28 02:00:00,19344.9,19344.9,19344.9,29991200,29991200,29991200
2024-11-28 06:00:00,19425.9,19425.9,19425.9,29991200,29991200,29991200
2024-11-28 10:00:00,19391.4,19391.4,19391.4,29991200,29991200,29991200
2024-11-28 14:00:00,19418.6,19418.6,19418.6,29991200,29991200,29991200
2024-11-28 18:00:00,19433.6,19433.6,19433.6,29991200,29991200,29991200
2024-11-28 22:00:00,19401.8,19401.8,19401.8,29991200,29991200,29991200
2024-11-29 02:00:00,19408.3,19408.3,19408.3,29991200,29991200,29991200
2024-11-29 06:00:00,19415.8,19415.8,19415.8,29991200,29991200,29991200
2024-11-29 10:00:00,19452.3,19452.3,19452.3,29991200,29991200,29991200
2024-11-29 14:00:00,19668.5,19668.5,19668.5,29991200,29991200,29991200
2024-11-29 18:00:00,19662.0,19662.0,19662.0,29991200,29991200,29991200
2024-12-01 22:00:00,19613.0,19613.0,19613.0,29991200,29991200,29991200
2024-12-02 02:00:00,19593.5,19593.5,19593.5,29991200,29991200,29991200
2024-12-02 06:00:00,19628.6,19628.6,19628.6,29991200,29991200,29991200
2024-12-02 10:00:00,19897.1,19897.1,19897.1,29991200,29991200,29991200
2024-12-02 14:00:00,19922.3,19922.3,19922.3,29991200,29991200,29991200
2024-12-02 18:00:00,19929.3,19929.3,19929.3,29991200,29991200,29991200
2024-12-02 22:00:00,19917.4,19917.4,19917.4,29991200,29991200,29991200
2024-12-03 02:00:00,19947.4,19947.4,19947.4,29991200,29991200,29991200
2024-12-03 06:00:00,20002.5,20002.5,20002.5,29991200,29991200,29991200
2024-12-03 10:00:00,19956.0,19956.0,19956.0,29991200,29991200,29991200
2024-12-03 14:00:00,20034.7,20034.7,20034.7,29991200,29991200,29991200
2024-12-03 18:00:00,20020.2,20020.2,20020.2,29991200,29991200,29991200
2024-12-03 22:00:00,20016.8,20016.8,20016.8,29991200,29991200,29991200
2024-12-04 02:00:00,20053.8,20053.8,20053.8,29991200,29991200,29991200
2024-12-04 06:00:00,20199.4,20199.4,20199.4,29991200,29991200,29991200
2024-12-04 10:00:00,20197.9,20197.9,20197.9,29991200,29991200,29991200
2024-12-04 14:00:00,20220.1,20220.1,20220.1,29991200,29991200,29991200
2024-12-04 18:00:00,20234.1,20234.1,20234.1,29991200,29991200,29991200
2024-12-04 22:00:00,20212.7,20212.7,20212.7,29991200,29991200,29991200
2024-12-05 02:00:00,20224.7,20224.7,20224.7,29991200,29991200,29991200
2024-12-05 06:00:00,20274.8,20274.8,20274.8,29991200,29991200,29991200
2024-12-05 10:00:00,20315.3,20315.3,20315.3,29991200,29991200,29991200
2024-12-05 14:00:00,20369.0,20369.0,20369.0,29991200,29991200,29991200
2024-12-05 18:00:00,20341.0,20341.0,20341.0,29991200,29991200,29991200
2024-12-05 22:00:00,20320.6,20320.6,20320.6,29991200,29991200,29991200
2024-12-06 02:00:00,20334.6,20334.6,20334.6,29991200,29991200,29991200
2024-12-06 06:00:00,20412.2,20412.2,20412.2,29991200,29991200,29991200
2024-12-06 10:00:00,20411.2,20411.2,20411.2,29991200,29991200,29991200
2024-12-06 14:00:00,20384.4,20384.4,20384.4,29991200,29991200,29991200
2024-12-06 18:00:00,20387.4,20387.4,20387.4,29991200,29991200,29991200
2024-12-08 22:00:00,20407.8,20407.8,20407.8,29991200,29991200,29991200
2024-12-09 02:00:00,20391.3,20391.3,20391.3,29991200,29991200,29991200
2024-12-09 06:00:00,20370.4,20370.4,20370.4,29991200,29991200,29991200
2024-12-09 10:00:00,20405.9,20405.9,20405.9,29991200,29991200,29991200
2024-12-09 14:00:00,20337.6,20337.6,20337.6,29991200,29991200,29991200
2024-12-09 18:00:00,20328.1,20328.1,20328.1,29991200,29991200,29991200
2024-12-09 22:00:00,20278.2,20278.2,20278.2,29991200,29991200,29991200
2024-12-10 02:00:00,20293.2,20293.2,20293.2,29991200,29991200,29991200
2024-12-10 06:00:00,20330.8,20330.8,20330.8,29991200,29991200,29991200
2024-12-10 10:00:00,20386.8,20386.8,20386.8,29991200,29991200,29991200
2024-12-10 14:00:00,20350.5,20350.5,20350.5,29991200,29991200,29991200
2024-12-10 18:00:00,20319.0,20319.0,20319.0,29991200,29991200,29991200
2024-12-10 22:00:00,20307.6,20307.6,20307.6,29991200,29991200,29991200
2024-12-11 02:00:00,20313.1,20313.1,20313.1,29991200,29991200,29991200
2024-12-11 06:00:00,20350.2,20350.2,20350.2,29991200,29991200,29991200
2024-12-11 10:00:00,20368.7,20368.7,20368.7,29991200,29991200,29991200
2024-12-11 14:00:00,20425.4,20425.4,20425.4,29991200,29991200,29991200
2024-12-11 18:00:00,20419.9,20419.9,20419.9,29991200,29991200,29991200
2024-12-11 22:00:00,20397.5,20397.5,20397.5,29991200,29991200,29991200
2024-12-12 02:00:00,20398.0,20398.0,20398.0,29991200,29991200,29991200
2024-12-12 06:00:00,20426.6,20426.6,20426.6,29991200,29991200,29991200
2024-12-12 10:00:00,20423.6,20423.6,20423.6,29991200,29991200,29991200
2024-12-12 14:00:00,20424.3,20424.3,20424.3,29991200,29991200,29991200
2024-12-12 18:00:00,20411.8,20411.8,20411.8,29991200,29991200,29991200
2024-12-12 22:00:00,20399.9,20399.9,20399.9,29991200,29991200,29991200
2024-12-13 02:00:00,20399.4,20399.4,20399.4,29991200,29991200,29991200
2024-12-13 06:00:00,20491.4,20491.4,20491.4,29991200,29991200,29991200
2024-12-13 10:00:00,20461.4,20461.4,20461.4,29991200,29991200,29991200
2024-12-13 14:00:00,20393.1,20393.1,20393.1,29991200,29991200,29991200
2024-12-13 18:00:00,20408.6,20408.6,20408.6,29991200,29991200,29991200
2024-12-15 22:00:00,20451.7,20451.7,20451.7,29991200,29991200,29991200
2024-12-16 02:00:00,20407.7,20407.7,20407.7,29991200,29991200,29991200
2024-12-16 06:00:00,20350.2,20350.2,20350.2,29991200,29991200,29991200
2024-12-16 10:00:00,20354.2,20354.2,20354.2,29991200,29991200,29991200
2024-12-16 14:00:00,20350.9,20350.9,20350.9,29991200,29991200,29991200
2024-12-16 18:00:00,20334.9,20334.9,20334.9,29991200,29991200,29991200
2024-12-16 22:00:00,20322.5,20322.5,20322.5,29991200,29991200,29991200
2024-12-17 02:00:00,20289.5,20289.5,20289.5,29991200,29991200,29991200
2024-12-17 06:00:00,20332.1,20332.1,20332.1,29991200,29991200,29991200
2024-12-17 10:00:00,20312.1,20312.1,20312.1,29991200,29991200,29991200
2024-12-17 14:00:00,20281.8,20281.8,20281.8,29991200,29991200,29991200
2024-12-17 18:00:00,20251.3,20251.3,20251.3,29991200,29991200,29991200
2024-12-17 22:00:00,20219.9,20219.9,20219.9,29991200,29991200,29991200
2024-12-18 02:00:00,20233.4,20233.4,20233.4,29991200,29991200,29991200
2024-12-18 06:00:00,20269.9,20269.9,20269.9,29991200,29991200,29991200
2024-12-18 10:00:00,20259.9,20259.9,20259.9,29991200,29991200,29991200
2024-12-18 14:00:00,20262.1,20262.1,20262.1,29991200,29991200,29991200
2024-12-18 18:00:00,20031.6,20031.6,20031.6,29991200,29991200,29991200
2024-12-18 22:00:00,20012.0,20012.0,20012.0,29991200,29991200,29991200
2024-12-19 02:00:00,19988.5,19988.5,19988.5,29991200,29991200,29991200
2024-12-19 06:00:00,20037.6,20037.6,20037.6,29991200,29991200,29991200
2024-12-19 10:00:00,20052.1,20052.1,20052.1,29991200,29991200,29991200
2024-12-19 14:00:00,19964.8,19964.8,19964.8,29991200,29991200,29991200
2024-12-19 18:00:00,19951.3,19951.3,19951.3,29991200,29991200,29991200
2024-12-19 22:00:00,19827.8,19827.8,19827.8,29991200,29991200,29991200
2024-12-20 02:00:00,19848.8,19848.8,19848.8,29991200,29991200,29991200
2024-12-20 06:00:00,19720.4,19720.4,19720.4,29991200,29991200,29991200
2024-12-20 10:00:00,19713.9,19713.9,19713.9,29991200,29991200,29991200
2024-12-20 14:00:00,19916.6,19916.6,19916.6,29991200,29991200,29991200
2024-12-20 18:00:00,19864.1,19864.1,19864.1,29991200,29991200,29991200
2024-12-22 22:00:00,19910.3,19910.3,19910.3,29991200,29991200,29991200
2024-12-23 02:00:00,19916.3,19916.3,19916.3,29991200,29991200,29991200
2024-12-23 06:00:00,19858.4,19858.4,19858.4,29991200,29991200,29991200
2024-12-23 10:00:00,19816.4,19816.4,19816.4,29991200,29991200,29991200
2024-12-23 14:00:00,19869.6,19869.6,19869.6,29991200,29991200,29991200
2024-12-23 18:00:00,19885.1,19885.1,19885.1,29991200,29991200,29991200
2024-12-26 22:00:00,19909.9,19909.9,19909.9,29991200,29991200,29991200
2024-12-27 02:00:00,19896.4,19896.4,19896.4,29991200,29991200,29991200
2024-12-27 06:00:00,19896.0,19896.0,19896.0,29991200,29991200,29991200
2024-12-27 10:00:00,19883.5,19883.5,19883.5,29991200,29991200,29991200
2024-12-27 14:00:00,19908.7,19908.7,19908.7,29991200,29991200,29991200
2024-12-27 18:00:00,19927.7,19927.7,19927.7,29991200,29991200,29991200
2024-12-29 22:00:00,19973.4,19973.4,19973.4,29991200,29991200,29991200
2024-12-30 02:00:00,19928.4,19928.4,19928.4,29991200,29991200,29991200
2024-12-30 06:00:00,19918.5,19918.5,19918.5,29991200,29991200,29991200
2024-12-30 10:00:00,19794.5,19794.5,19794.5,29991200,29991200,29991200
2024-12-30 14:00:00,19851.2,19851.2,19851.2,29991200,29991200,29991200
2024-12-30 18:00:00,19827.7,19827.7,19827.7,29991200,29991200,29991200
2025-01-01 22:00:00,19867.4,19867.4,19867.4,29991200,29991200,29991200
2025-01-02 02:00:00,19901.4,19901.4,19901.4,29991200,29991200,29991200
2025-01-02 06:00:00,19888.4,19888.4,19888.4,29991200,29991200,29991200
2025-01-02 10:00:00,19913.9,19913.9,19913.9,29991200,29991200,29991200
2025-01-02 14:00:00,19912.6,19912.6,19912.6,29991200,29991200,29991200
2025-01-02 18:00:00,19928.6,19928.6,19928.6,29991200,29991200,29991200
2025-01-02 22:00:00,19963.0,19963.0,19963.0,29991200,29991200,29991200
2025-01-03 02:00:00,19961.0,19961.0,19961.0,29991200,29991200,29991200
2025-01-03 06:00:00,19939.6,19939.6,19939.6,29991200,29991200,29991200
2025-01-03 10:00:00,19880.1,19880.1,19880.1,29991200,29991200,29991200
2025-01-03 14:00:00,19876.8,19876.8,19876.8,29991200,29991200,29991200
2025-01-03 18:00:00,19875.8,19875.8,19875.8,29991200,29991200,29991200
2025-01-05 22:00:00,19915.0,19915.0,19915.0,29991200,29991200,29991200
2025-01-06 02:00:00,19962.0,19962.0,19962.0,29991200,29991200,29991200
2025-01-06 06:00:00,19970.5,19970.5,19970.5,29991200,29991200,29991200
2025-01-06 10:00:00,20126.5,20126.5,20126.5,29991200,29991200,29991200
2025-01-06 14:00:00,20176.2,20176.2,20176.2,29991200,29991200,29991200
2025-01-06 18:00:00,20111.2,20111.2,20111.2,29991200,29991200,29991200
2025-01-06 22:00:00,20119.6,20119.6,20119.6,29991200,29991200,29991200
2025-01-07 02:00:00,20114.1,20114.1,20114.1,29991200,29991200,29991200
2025-01-07 06:00:00,20200.7,20200.7,20200.7,29991200,29991200,29991200
2025-01-07 10:00:00,20326.2,20326.2,20326.2,29991200,29991200,29991200
2025-01-07 14:00:00,20306.4,20306.4,20306.4,29991200,29991200,29991200
2025-01-07 18:00:00,20284.4,20284.4,20284.4,29991200,29991200,29991200
2025-01-07 22:00:00,20302.8,20302.8,20302.8,29991200,29991200,29991200
2025-01-08 02:00:00,20305.3,20305.3,20305.3,29991200,29991200,29991200
2025-01-08 06:00:00,20383.8,20383.8,20383.8,29991200,29991200,29991200
2025-01-08 10:00:00,20290.8,20290.8,20290.8,29991200,29991200,29991200
2025-01-08 14:00:00,20283.5,20283.5,20283.5,29991200,29991200,29991200
2025-01-08 18:00:00,20327.5,20327.5,20327.5,29991200,29991200,29991200
2025-01-08 22:00:00,20312.4,20312.4,20312.4,29991200,29991200,29991200
2025-01-09 02:00:00,20316.9,20316.9,20316.9,29991200,29991200,29991200
2025-01-09 06:00:00,20266.5,20266.5,20266.5,29991200,29991200,29991200
2025-01-09 10:00:00,20319.0,20319.0,20319.0,29991200,29991200,29991200
2025-01-09 14:00:00,20302.7,20302.7,20302.7,29991200,29991200,29991200
2025-01-09 18:00:00,20313.2,20313.2,20313.2,29991200,29991200,29991200
2025-01-09 22:00:00,20289.1,20289.1,20289.1,29991200,29991200,29991200
2025-01-10 02:00:00,20310.1,20310.1,20310.1,29991200,29991200,29991200
2025-01-10 06:00:00,20314.1,20314.1,20314.1,29991200,29991200,29991200
2025-01-10 10:00:00,20292.1,20292.1,20292.1,29991200,29991200,29991200
2025-01-10 14:00:00,20252.8,20252.8,20252.8,29991200,29991200,29991200
2025-01-10 18:00:00,20234.3,20234.3,20234.3,29991200,29991200,29991200
2025-01-12 22:00:00,20185.6,20185.6,20185.6,29991200,29991200,29991200
2025-01-13 02:00:00,20166.1,20166.1,20166.1,29991200,29991200,29991200
2025-01-13 06:00:00,20037.6,20037.6,20037.6,29991200,29991200,29991200
2025-01-13 10:00:00,20075.6,20075.6,20075.6,29991200,29991200,29991200
2025-01-13 14:00:00,20154.3,20154.3,20154.3,29991200,29991200,29991200
2025-01-13 18:00:00,20182.3,20182.3,20182.3,29991200,29991200,29991200
2025-01-13 22:00:00,20205.2,20205.2,20205.2,29991200,29991200,29991200
2025-01-14 02:00:00,20231.7,20231.7,20231.7,29991200,29991200,29991200
2025-01-14 06:00:00,20244.3,20244.3,20244.3,29991200,29991200,29991200
2025-01-14 10:00:00,20281.8,20281.8,20281.8,29991200,29991200,29991200
2025-01-14 14:00:00,20243.5,20243.5,20243.5,29991200,29991200,29991200
2025-01-14 18:00:00,20243.0,20243.0,20243.0,29991200,29991200,29991200
2025-01-14 22:00:00,20285.9,20285.9,20285.9,29991200,29991200,29991200
2025-01-15 02:00:00,20252.9,20252.9,20252.9,29991200,29991200,29991200
2025-01-15 06:00:00,20351.4,20351.4,20351.4,29991200,29991200,29991200
2025-01-15 10:00:00,20589.9,20589.9,20589.9,29991200,29991200,29991200
2025-01-15 14:00:00,20587.6,20587.6,20587.6,29991200,29991200,29991200
2025-01-15 18:00:00,20606.6,20606.6,20606.6,29991200,29991200,29991200
2025-01-15 22:00:00,20591.0,20591.0,20591.0,29991200,29991200,29991200
2025-01-16 02:00:00,20570.0,20570.0,20570.0,29991200,29991200,29991200
2025-01-16 06:00:00,20574.1,20574.1,20574.1,29991200,29991200,29991200
2025-01-16 10:00:00,20621.1,20621.1,20621.1,29991200,29991200,29991200
2025-01-16 14:00:00,20631.8,20631.8,20631.8,29991200,29991200,29991200
2025-01-16 18:00:00,20633.8,20633.8,20633.8,29991200,29991200,29991200
2025-01-16 22:00:00,20641.2,20641.2,20641.2,29991200,29991200,29991200
2025-01-17 02:00:00,20652.7,20652.7,20652.7,29991200,29991200,29991200
2025-01-17 06:00:00,20840.7,20840.7,20840.7,29991200,29991200,29991200
2025-01-17 10:00:00,20862.2,20862.2,20862.2,29991200,29991200,29991200
2025-01-17 14:00:00,20885.9,20885.9,20885.9,29991200,29991200,29991200
2025-01-17 18:00:00,20887.9,20887.9,20887.9,29991200,29991200,29991200
2025-01-19 22:00:00,20893.7,20893.7,20893.7,29991200,29991200,29991200
2025-01-20 02:00:00,20913.2,20913.2,20913.2,29991200,29991200,29991200
2025-01-20 06:00:00,20907.7,20907.7,20907.7,29991200,29991200,29991200
2025-01-20 10:00:00,21016.2,21016.2,21016.2,29991200,29991200,29991200
2025-01-20 14:00:00,20972.9,20972.9,20972.9,29991200,29991200,29991200
2025-01-20 18:00:00,21010.9,21010.9,21010.9,29991200,29991200,29991200
2025-01-20 22:00:00,20952.8,20952.8,20952.8,29991200,29991200,29991200
2025-01-21 02:00:00,20934.8,20934.8,20934.8,29991200,29991200,29991200
2025-01-21 06:00:00,20974.9,20974.9,20974.9,29991200,29991200,29991200
2025-01-21 10:00:00,20988.4,20988.4,20988.4,29991200,29991200,29991200
2025-01-21 14:00:00,21081.6,21081.6,21081.6,29991200,29991200,29991200
2025-01-21 18:00:00,21119.6,21119.6,21119.6,29991200,29991200,29991200
2025-01-21 22:00:00,21141.5,21141.5,21141.5,29991200,29991200,29991200
2025-01-22 02:00:00,21141.5,21141.5,21141.5,29991200,29991200,29991200
2025-01-22 06:00:00,21245.5,21245.5,21245.5,29991200,29991200,29991200
2025-01-22 10:00:00,21295.5,21295.5,21295.5,29991200,29991200,29991200
2025-01-22 14:00:00,21248.7,21248.7,21248.7,29991200,29991200,29991200
2025-01-22 18:00:00,21238.7,21238.7,21238.7,29991200,29991200,29991200
2025-01-22 22:00:00,21229.1,21229.1,21229.1,29991200,29991200,29991200
2025-01-23 02:00:00,21246.6,21246.6,21246.6,29991200,29991200,29991200
2025-01-23 06:00:00,21293.2,21293.2,21293.2,29991200,29991200,29991200
2025-01-23 10:00:00,21323.2,21323.2,21323.2,29991200,29991200,29991200
2025-01-23 14:00:00,21454.9,21454.9,21454.9,29991200,29991200,29991200
2025-01-23 18:00:00,21486.9,21486.9,21486.9,29991200,29991200,29991200
2025-01-23 22:00:00,21476.3,21476.3,21476.3,29991200,29991200,29991200
2025-01-24 02:00:00,21500.8,21500.8,21500.8,29991200,29991200,29991200
2025-01-24 06:00:00,21499.3,21499.3,21499.3,29991200,29991200,29991200
2025-01-24 10:00:00,21426.3,21426.3,21426.3,29991200,29991200,29991200
2025-01-24 14:00:00,21360.0,21360.0,21360.0,29991200,29991200,29991200
2025-01-24 18:00:00,21350.0,21350.0,21350.0,29991200,29991200,29991200
2025-01-26 22:00:00,21264.3,21264.3,21264.3,29991200,29991200,29991200
2025-01-27 02:00:00,21262.3,21262.3,21262.3,29991200,29991200,29991200
2025-01-27 06:00:00,21170.8,21170.8,21170.8,29991200,29991200,29991200
2025-01-27 10:00:00,21238.8,21238.8,21238.8,29991200,29991200,29991200
2025-01-27 14:00:00,21287.5,21287.5,21287.5,29991200,29991200,29991200
2025-01-27 18:00:00,21373.5,21373.5,21373.5,29991200,29991200,29991200
2025-01-27 22:00:00,21331.4,21331.4,21331.4,29991200,29991200,29991200
2025-01-28 02:00:00,21342.9,21342.9,21342.9,29991200,29991200,29991200
2025-01-28 06:00:00,21370.0,21370.0,21370.0,29991200,29991200,29991200
2025-01-28 10:00:00,21457.0,21457.0,21457.0,29991200,29991200,29991200
2025-01-28 14:00:00,21461.7,21461.7,21461.7,29991200,29991200,29991200
2025-01-28 18:00:00,21486.7,21486.7,21486.7,29991200,29991200,29991200
2025-01-28 22:00:00,21487.6,21487.6,21487.6,29991200,29991200,29991200
2025-01-29 02:00:00,21482.1,21482.1,21482.1,29991200,29991200,29991200
2025-01-29 06:00:00,21550.1,21550.1,21550.1,29991200,29991200,29991200
2025-01-29 10:00:00,21597.1,21597.1,21597.1,29991200,29991200,29991200
2025-01-29 14:00:00,21645.8,21645.8,21645.8,29991200,29991200,29991200
2025-01-29 18:00:00,21638.3,21638.3,21638.3,29991200,29991200,29991200
2025-01-29 22:00:00,21657.7,21657.7,21657.7,29991200,29991200,29991200
2025-01-30 02:00:00,21640.2,21640.2,21640.2,29991200,29991200,29991200
2025-01-30 06:00:00,21676.8,21676.8,21676.8,29991200,29991200,29991200
2025-01-30 10:00:00,21687.3,21687.3,21687.3,29991200,29991200,29991200
2025-01-30 14:00:00,21765.0,21765.0,21765.0,29991200,29991200,29991200
2025-01-30 18:00:00,21719.5,21719.5,21719.5,29991200,29991200,29991200
2025-01-30 22:00:00,21708.9,21708.9,21708.9,29991200,29991200,29991200
2025-01-31 02:00:00,21719.9,21719.9,21719.9,29991200,29991200,29991200
2025-01-31 06:00:00,21755.4,21755.4,21755.4,29991200,29991200,29991200
2025-01-31 10:00:00,21794.4,21794.4,21794.4,29991200,29991200,29991200
2025-01-31 14:00:00,21766.6,21766.6,21766.6,29991200,29991200,29991200
2025-01-31 18:00:00,21625.1,21625.1,21625.1,29991200,29991200,29991200
2025-02-02 22:00:00,21199.4,21199.4,21199.4,29991200,29991200,29991200
2025-02-03 02:00:00,21249.3,21249.3,21249.3,29991200,29991200,29991200
2025-02-03 06:00:00,21298.4,21298.4,21298.4,29991200,29991200,29991200
2025-02-03 10:00:00,21366.9,21366.9,21366.9,29991200,29991200,29991200
2025-02-03 14:00:00,21384.1,21384.1,21384.1,29991200,29991200,29991200
2025-02-03 18:00:00,21415.6,21415.6,21415.6,29991200,29991200,29991200
2025-02-03 22:00:00,21470.5,21470.5,21470.5,29991200,29991200,29991200
2025-02-04 02:00:00,21393.5,21393.5,21393.5,29991200,29991200,29991200
2025-02-04 06:00:00,21407.6,21407.6,21407.6,29991200,29991200,29991200
2025-02-04 10:00:00,21469.1,21469.1,21469.1,29991200,29991200,29991200
2025-02-04 14:00:00,21494.8,21494.8,21494.8,29991200,29991200,29991200
2025-02-04 18:00:00,21479.3,21479.3,21479.3,29991200,29991200,29991200
2025-02-04 22:00:00,21442.7,21442.7,21442.7,29991200,29991200,29991200
2025-02-05 02:00:00,21422.2,21422.2,21422.2,29991200,29991200,29991200
2025-02-05 06:00:00,21418.2,21418.2,21418.2,29991200,29991200,29991200
2025-02-05 10:00:00,21539.2,21539.2,21539.2,29991200,29991200,29991200
2025-02-05 14:00:00,21590.4,21590.4,21590.4,29991200,29991200,29991200
2025-02-05 18:00:00,21641.4,21641.4,21641.4,29991200,29991200,29991200
2025-02-05 22:00:00,21652.8,21652.8,21652.8,29991200,29991200,29991200
2025-02-06 02:00:00,21674.8,21674.8,21674.8,29991200,29991200,29991200
2025-02-06 06:00:00,21777.4,21777.4,21777.4,29991200,29991200,29991200
2025-02-06 10:00:00,21768.4,21768.4,21768.4,29991200,29991200,29991200
2025-02-06 14:00:00,21900.1,21900.1,21900.1,29991200,29991200,29991200
2025-02-06 18:00:00,21900.1,21900.1,21900.1,29991200,29991200,29991200
2025-02-06 22:00:00,21890.1,21890.1,21890.1,29991200,29991200,29991200
2025-02-07 02:00:00,21891.6,21891.6,21891.6,29991200,29991200,29991200
2025-02-07 06:00:00,21923.7,21923.7,21923.7,29991200,29991200,29991200
2025-02-07 10:00:00,21895.7,21895.7,21895.7,29991200,29991200,29991200
2025-02-07 14:00:00,21755.4,21755.4,21755.4,29991200,29991200,29991200
2025-02-07 18:00:00,21738.9,21738.9,21738.9,29991200,29991200,29991200
2025-02-09 22:00:00,21789.7,21789.7,21789.7,29991200,29991200,29991200
2025-02-10 02:00:00,21797.2,21797.2,21797.2,29991200,29991200,29991200
2025-02-10 06:00:00,21795.2,21795.2,21795.2,29991200,29991200,29991200
2025-02-10 10:00:00,21921.2,21921.2,21921.2,29991200,29991200,29991200
2025-02-10 14:00:00,21936.9,21936.9,21936.9,29991200,29991200,29991200
2025-02-10 18:00:00,21947.4,21947.4,21947.4,29991200,29991200,29991200
2025-02-10 22:00:00,21929.8,21929.8,21929.8,29991200,29991200,29991200
2025-02-11 02:00:00,21934.3,21934.3,21934.3,29991200,29991200,29991200
2025-02-11 06:00:00,21932.4,21932.4,21932.4,29991200,29991200,29991200
2025-02-11 10:00:00,21970.4,21970.4,21970.4,29991200,29991200,29991200
2025-02-11 14:00:00,22038.6,22038.6,22038.6,29991200,29991200,29991200
2025-02-11 18:00:00,22104.1,22104.1,22104.1,29991200,29991200,29991200
2025-02-11 22:00:00,22107.0,22107.0,22107.0,29991200,29991200,29991200
2025-02-12 02:00:00,22100.0,22100.0,22100.0,29991200,29991200,29991200
2025-02-12 06:00:00,22115.0,22115.0,22115.0,29991200,29991200,29991200
2025-02-12 10:00:00,22051.5,22051.5,22051.5,29991200,29991200,29991200
2025-02-12 14:00:00,22286.2,22286.2,22286.2,29991200,29991200,29991200
2025-02-12 18:00:00,22304.7,22304.7,22304.7,29991200,29991200,29991200
2025-02-12 22:00:00,22371.1,22371.1,22371.1,29991200,29991200,29991200
2025-02-13 02:00:00,22372.6,22372.6,22372.6,29991200,29991200,29991200
2025-02-13 06:00:00,22417.7,22417.7,22417.7,29991200,29991200,29991200
2025-02-13 10:00:00,22518.7,22518.7,22518.7,29991200,29991200,29991200
2025-02-13 14:00:00,22566.4,22566.4,22566.4,29991200,29991200,29991200
2025-02-13 18:00:00,22500.9,22500.9,22500.9,29991200,29991200,29991200
2025-02-13 22:00:00,22513.8,22513.8,22513.8,29991200,29991200,29991200
2025-02-14 02:00:00,22482.3,22482.3,22482.3,29991200,29991200,29991200
2025-02-14 06:00:00,22582.8,22582.8,22582.8,29991200,29991200,29991200
2025-02-14 10:00:00,22536.8,22536.8,22536.8,29991200,29991200,29991200
2025-02-14 14:00:00,22493.5,22493.5,22493.5,29991200,29991200,29991200
2025-02-14 18:00:00,22504.0,22504.0,22504.0,29991200,29991200,29991200
2025-02-16 22:00:00,22534.3,22534.3,22534.3,29991200,29991200,29991200
2025-02-17 02:00:00,22502.8,22502.8,22502.8,29991200,29991200,29991200
2025-02-17 06:00:00,22712.3,22712.3,22712.3,29991200,29991200,29991200
2025-02-17 10:00:00,22701.8,22701.8,22701.8,29991200,29991200,29991200
2025-02-17 14:00:00,22802.5,22802.5,22802.5,29991200,29991200,29991200
2025-02-17 18:00:00,22871.5,22871.5,22871.5,29991200,29991200,29991200
2025-02-17 22:00:00,22839.9,22839.9,22839.9,29991200,29991200,29991200
2025-02-18 02:00:00,22820.9,22820.9,22820.9,29991200,29991200,29991200
2025-02-18 06:00:00,22739.5,22739.5,22739.5,29991200,29991200,29991200
2025-02-18 10:00:00,22852.5,22852.5,22852.5,29991200,29991200,29991200
2025-02-18 14:00:00,22870.7,22870.7,22870.7,29991200,29991200,29991200
2025-02-18 18:00:00,22873.7,22873.7,22873.7,29991200,29991200,29991200
2025-02-18 22:00:00,22871.1,22871.1,22871.1,29991200,29991200,29991200
2025-02-19 02:00:00,22866.6,22866.6,22866.6,29991200,29991200,29991200
2025-02-19 06:00:00,22874.6,22874.6,22874.6,29991200,29991200,29991200
2025-02-19 10:00:00,22559.6,22559.6,22559.6,29991200,29991200,29991200
2025-02-19 14:00:00,22412.3,22412.3,22412.3,29991200,29991200,29991200
2025-02-19 18:00:00,22432.3,22432.3,22432.3,29991200,29991200,29991200
2025-02-19 22:00:00,22428.2,22428.2,22428.2,29991200,29991200,29991200
2025-02-20 02:00:00,22464.7,22464.7,22464.7,29991200,29991200,29991200
2025-02-20 06:00:00,22558.3,22558.3,22558.3,29991200,29991200,29991200
2025-02-20 10:00:00,22462.8,22462.8,22462.8,29991200,29991200,29991200
2025-02-20 14:00:00,22306.5,22306.5,22306.5,29991200,29991200,29991200
2025-02-20 18:00:00,22317.5,22317.5,22317.5,29991200,29991200,29991200
2025-02-20 22:00:00,22296.9,22296.9,22296.9,29991200,29991200,29991200
2025-02-21 02:00:00,22298.9,22298.9,22298.9,29991200,29991200,29991200
2025-02-21 06:00:00,22295.9,22295.9,22295.9,29991200,29991200,29991200
2025-02-21 10:00:00,22344.4,22344.4,22344.4,29991200,29991200,29991200
2025-02-21 14:00:00,22244.6,22244.6,22244.6,29991200,29991200,29991200
2025-02-21 18:00:00,22172.1,22172.1,22172.1,29991200,29991200,29991200
2025-02-23 22:00:00,22512.9,22512.9,22512.9,29991200,29991200,29991200
2025-02-24 02:00:00,22522.4,22522.4,22522.4,29991200,29991200,29991200
2025-02-24 06:00:00,22469.5,22469.5,22469.5,29991200,29991200,29991200
2025-02-24 10:00:00,22464.5,22464.5,22464.5,29991200,29991200,29991200
2025-02-24 14:00:00,22403.7,22403.7,22403.7,29991200,29991200,29991200
2025-02-24 18:00:00,22299.7,22299.7,22299.7,29991200,29991200,29991200
2025-02-24 22:00:00,22341.6,22341.6,22341.6,29991200,29991200,29991200
2025-02-25 02:00:00,22396.1,22396.1,22396.1,29991200,29991200,29991200
2025-02-25 06:00:00,22418.6,22418.6,22418.6,29991200,29991200,29991200
2025-02-25 10:00:00,22563.6,22563.6,22563.6,29991200,29991200,29991200
2025-02-25 14:00:00,22486.3,22486.3,22486.3,29991200,29991200,29991200
2025-02-25 18:00:00,22522.3,22522.3,22522.3,29991200,29991200,29991200
2025-02-25 22:00:00,22520.7,22520.7,22520.7,29991200,29991200,29991200
2025-02-26 02:00:00,22597.7,22597.7,22597.7,29991200,29991200,29991200
2025-02-26 06:00:00,22669.8,22669.8,22669.8,29991200,29991200,29991200
2025-02-26 10:00:00,22768.8,22768.8,22768.8,29991200,29991200,29991200
2025-02-26 14:00:00,22679.0,22679.0,22679.0,29991200,29991200,29991200
2025-02-26 18:00:00,22635.5,22635.5,22635.5,29991200,29991200,29991200
2025-02-26 22:00:00,22624.4,22624.4,22624.4,29991200,29991200,29991200
2025-02-27 02:00:00,22645.9,22645.9,22645.9,29991200,29991200,29991200
2025-02-27 06:00:00,22587.4,22587.4,22587.4,29991200,29991200,29991200
2025-02-27 10:00:00,22517.9,22517.9,22517.9,29991200,29991200,29991200
2025-02-27 14:00:00,22497.1,22497.1,22497.1,29991200,29991200,29991200
2025-02-27 18:00:00,22394.6,22394.6,22394.6,29991200,29991200,29991200
2025-02-27 22:00:00,22329.5,22329.5,22329.5,29991200,29991200,29991200
2025-02-28 02:00:00,22291.5,22291.5,22291.5,29991200,29991200,29991200
2025-02-28 06:00:00,22466.5,22466.5,22466.5,29991200,29991200,29991200
2025-02-28 10:00:00,22436.0,22436.0,22436.0,29991200,29991200,29991200
2025-02-28 14:00:00,22427.2,22427.2,22427.2,29991200,29991200,29991200
2025-02-28 18:00:00,22500.2,22500.2,22500.2,29991200,29991200,29991200
2025-03-02 22:00:00,22626.1,22626.1,22626.1,29991200,29991200,29991200
2025-03-03 02:00:00,22677.1,22677.1,22677.1,29991200,29991200,29991200
2025-03-03 06:00:00,22813.1,22813.1,22813.1,29991200,29991200,29991200
2025-03-03 10:00:00,23175.1,23175.1,23175.1,29991200,29991200,29991200
2025-03-03 14:00:00,23162.8,23162.8,23162.8,29991200,29991200,29991200
2025-03-03 18:00:00,23018.8,23018.8,23018.8,29991200,29991200,29991200
2025-03-03 22:00:00,22939.1,22939.1,22939.1,29991200,29991200,29991200
2025-03-04 02:00:00,23031.2,23031.2,23031.2,29991200,29991200,29991200
2025-03-04 06:00:00,22713.8,22713.8,22713.8,29991200,29991200,29991200
2025-03-04 10:00:00,22436.3,22436.3,22436.3,29991200,29991200,29991200
2025-03-04 14:00:00,22439.5,22439.5,22439.5,29991200,29991200,29991200
2025-03-04 18:00:00,22658.0,22658.0,22658.0,29991200,29991200,29991200
2025-03-04 22:00:00,22757.3,22757.3,22757.3,29991200,29991200,29991200
2025-03-05 02:00:00,22775.8,22775.8,22775.8,29991200,29991200,29991200
2025-03-05 06:00:00,23137.4,23137.4,23137.4,29991200,29991200,29991200
2025-03-05 10:00:00,23055.4,23055.4,23055.4,29991200,29991200,29991200
2025-03-05 14:00:00,23161.6,23161.6,23161.6,29991200,29991200,29991200
2025-03-05 18:00:00,23193.6,23193.6,23193.6,29991200,29991200,29991200
2025-03-05 22:00:00,23175.0,23175.0,23175.0,29991200,29991200,29991200
2025-03-06 02:00:00,23193.5,23193.5,23193.5,29991200,29991200,29991200
2025-03-06 06:00:00,23158.0,23158.0,23158.0,29991200,29991200,29991200
2025-03-06 10:00:00,23180.0,23180.0,23180.0,29991200,29991200,29991200
2025-03-06 14:00:00,23238.7,23238.7,23238.7,29991200,29991200,29991200
2025-03-06 18:00:00,23190.2,23190.2,23190.2,29991200,29991200,29991200
2025-03-06 22:00:00,23251.6,23251.6,23251.6,29991200,29991200,29991200
2025-03-07 02:00:00,23174.1,23174.1,23174.1,29991200,29991200,29991200
2025-03-07 06:00:00,23143.1,23143.1,23143.1,29991200,29991200,29991200
2025-03-07 10:00:00,22919.6,22919.6,22919.6,29991200,29991200,29991200
2025-03-07 14:00:00,23054.8,23054.8,23054.8,29991200,29991200,29991200
2025-03-07 18:00:00,23202.3,23202.3,23202.3,29991200,29991200,29991200
2025-03-09 21:00:00,23120.2,23120.2,23120.2,29991200,29991200,29991200
2025-03-10 01:00:00,23107.7,23107.7,23107.7,29991200,29991200,29991200
2025-03-10 05:00:00,22763.8,22763.8,22763.8,29991200,29991200,29991200
2025-03-10 09:00:00,22769.3,22769.3,22769.3,29991200,29991200,29991200
2025-03-10 13:00:00,22592.3,22592.3,22592.3,29991200,29991200,29991200
2025-03-10 17:00:00,22595.2,22595.2,22595.2,29991200,29991200,29991200
2025-03-10 21:00:00,22450.8,22450.8,22450.8,29991200,29991200,29991200
2025-03-11 01:00:00,22649.3,22649.3,22649.3,29991200,29991200,29991200
2025-03-11 05:00:00,22776.9,22776.9,22776.9,29991200,29991200,29991200
2025-03-11 09:00:00,22665.9,22665.9,22665.9,29991200,29991200,29991200
2025-03-11 13:00:00,22289.9,22289.9,22289.9,29991200,29991200,29991200
2025-03-11 17:00:00,22428.8,22428.8,22428.8,29991200,29991200,29991200
2025-03-11 21:00:00,22490.4,22490.4,22490.4,29991200,29991200,29991200
2025-03-12 01:00:00,22525.9,22525.9,22525.9,29991200,29991200,29991200
2025-03-12 05:00:00,22614.5,22614.5,22614.5,29991200,29991200,29991200
2025-03-12 09:00:00,22742.0,22742.0,22742.0,29991200,29991200,29991200
2025-03-12 13:00:00,22633.0,22633.0,22633.0,29991200,29991200,29991200
2025-03-12 17:00:00,22637.4,22637.4,22637.4,29991200,29991200,29991200
2025-03-12 21:00:00,22665.6,22665.6,22665.6,29991200,29991200,29991200
2025-03-13 01:00:00,22589.1,22589.1,22589.1,29991200,29991200,29991200
2025-03-13 05:00:00,22582.1,22582.1,22582.1,29991200,29991200,29991200
2025-03-13 09:00:00,22514.6,22514.6,22514.6,29991200,29991200,29991200
2025-03-13 13:00:00,22534.1,22534.1,22534.1,29991200,29991200,29991200
2025-03-13 17:00:00,22514.1,22514.1,22514.1,29991200,29991200,29991200
2025-03-13 21:00:00,22593.3,22593.3,22593.3,29991200,29991200,29991200
2025-03-14 01:00:00,22663.3,22663.3,22663.3,29991200,29991200,29991200
2025-03-14 05:00:00,22656.4,22656.4,22656.4,29991200,29991200,29991200
2025-03-14 09:00:00,22933.9,22933.9,22933.9,29991200,29991200,29991200
2025-03-14 13:00:00,23016.4,23016.4,23016.4,29991200,29991200,29991200
2025-03-14 17:00:00,23049.6,23049.6,23049.6,29991200,29991200,29991200
2025-03-16 21:00:00,23025.0,23025.0,23025.0,29991200,29991200,29991200
2025-03-17 01:00:00,23036.0,23036.0,23036.0,29991200,29991200,29991200
2025-03-17 05:00:00,23030.5,23030.5,23030.5,29991200,29991200,29991200
2025-03-17 09:00:00,23041.5,23041.5,23041.5,29991200,29991200,29991200
2025-03-17 13:00:00,23141.0,23141.0,23141.0,29991200,29991200,29991200
2025-03-17 17:00:00,23243.0,23243.0,23243.0,29991200,29991200,29991200
2025-03-17 21:00:00,23241.3,23241.3,23241.3,29991200,29991200,29991200
2025-03-18 01:00:00,23194.8,23194.8,23194.8,29991200,29991200,29991200
2025-03-18 05:00:00,23375.4,23375.4,23375.4,29991200,29991200,29991200
2025-03-18 09:00:00,23436.9,23436.9,23436.9,29991200,29991200,29991200
2025-03-18 13:00:00,23361.9,23361.9,23361.9,29991200,29991200,29991200
2025-03-18 17:00:00,23363.3,23363.3,23363.3,29991200,29991200,29991200
2025-03-18 21:00:00,23429.1,23429.1,23429.1,29991200,29991200,29991200
2025-03-19 01:00:00,23384.6,23384.6,23384.6,29991200,29991200,29991200
2025-03-19 05:00:00,23304.1,23304.1,23304.1,29991200,29991200,29991200
2025-03-19 09:00:00,23214.1,23214.1,23214.1,29991200,29991200,29991200
2025-03-19 13:00:00,23286.1,23286.1,23286.1,29991200,29991200,29991200
2025-03-19 17:00:00,23317.1,23317.1,23317.1,29991200,29991200,29991200
2025-03-19 21:00:00,23334.8,23334.8,23334.8,29991200,29991200,29991200
2025-03-20 01:00:00,23285.8,23285.8,23285.8,29991200,29991200,29991200
2025-03-20 05:00:00,23147.8,23147.8,23147.8,29991200,29991200,29991200
2025-03-20 09:00:00,22938.3,22938.3,22938.3,29991200,29991200,29991200
2025-03-20 13:00:00,22981.3,22981.3,22981.3,29991200,29991200,29991200
2025-03-20 17:00:00,22950.3,22950.3,22950.3,29991200,29991200,29991200
2025-03-20 21:00:00,22969.0,22969.0,22969.0,29991200,29991200,29991200
2025-03-21 01:00:00,22934.0,22934.0,22934.0,29991200,29991200,29991200
2025-03-21 05:00:00,22849.1,22849.1,22849.1,29991200,29991200,29991200
2025-03-21 09:00:00,22760.1,22760.1,22760.1,29991200,29991200,29991200
2025-03-21 13:00:00,22868.6,22868.6,22868.6,29991200,29991200,29991200
2025-03-21 17:00:00,22884.8,22884.8,22884.8,29991200,29991200,29991200
2025-03-23 21:00:00,23001.8,23001.8,23001.8,29991200,29991200,29991200
2025-03-24 01:00:00,22961.8,22961.8,22961.8,29991200,29991200,29991200
2025-03-24 05:00:00,23028.9,23028.9,23028.9,29991200,29991200,29991200
2025-03-24 09:00:00,22839.4,22839.4,22839.4,29991200,29991200,29991200
2025-03-24 13:00:00,22844.4,22844.4,22844.4,29991200,29991200,29991200
2025-03-24 17:00:00,22882.3,22882.3,22882.3,29991200,29991200,29991200
2025-03-24 21:00:00,22917.1,22917.1,22917.1,29991200,29991200,29991200
2025-03-25 01:00:00,22791.1,22791.1,22791.1,29991200,29991200,29991200
2025-03-25 05:00:00,22962.1,22962.1,22962.1,29991200,29991200,29991200
2025-03-25 09:00:00,23109.1,23109.1,23109.1,29991200,29991200,29991200
2025-03-25 13:00:00,23130.6,23130.6,23130.6,29991200,29991200,29991200
2025-03-25 17:00:00,23147.6,23147.6,23147.6,29991200,29991200,29991200
2025-03-25 21:00:00,23149.8,23149.8,23149.8,29991200,29991200,29991200
2025-03-26 01:00:00,23152.3,23152.3,23152.3,29991200,29991200,29991200
2025-03-26 05:00:00,22955.4,22955.4,22955.4,29991200,29991200,29991200
2025-03-26 09:00:00,22981.4,22981.4,22981.4,29991200,29991200,29991200
2025-03-26 13:00:00,22800.9,22800.9,22800.9,29991200,29991200,29991200
2025-03-26 17:00:00,22711.3,22711.3,22711.3,29991200,29991200,29991200
2025-03-26 21:00:00,22668.5,22668.5,22668.5,29991200,29991200,29991200
2025-03-27 01:00:00,22683.5,22683.5,22683.5,29991200,29991200,29991200
2025-03-27 05:00:00,22627.1,22627.1,22627.1,29991200,29991200,29991200
2025-03-27 09:00:00,22563.6,22563.6,22563.6,29991200,29991200,29991200
2025-03-27 13:00:00,22610.1,22610.1,22610.1,29991200,29991200,29991200
2025-03-27 17:00:00,22664.5,22664.5,22664.5,29991200,29991200,29991200
2025-03-27 21:00:00,22651.8,22651.8,22651.8,29991200,29991200,29991200
2025-03-28 01:00:00,22615.3,22615.3,22615.3,29991200,29991200,29991200
2025-03-28 05:00:00,22593.8,22593.8,22593.8,29991200,29991200,29991200
2025-03-28 09:00:00,22484.3,22484.3,22484.3,29991200,29991200,29991200
2025-03-28 13:00:00,22455.8,22455.8,22455.8,29991200,29991200,29991200
2025-03-28 17:00:00,22431.0,22431.0,22431.0,29991200,29991200,29991200
2025-03-30 21:00:00,22323.1,22323.1,22323.1,29991200,29991200,29991200
2025-03-31 01:00:00,22312.6,22312.6,22312.6,29991200,29991200,29991200
2025-03-31 05:00:00,22222.1,22222.1,22222.1,29991200,29991200,29991200
2025-03-31 09:00:00,22079.1,22079.1,22079.1,29991200,29991200,29991200
2025-03-31 13:00:00,22182.8,22182.8,22182.8,29991200,29991200,29991200
2025-03-31 17:00:00,22327.3,22327.3,22327.3,29991200,29991200,29991200
2025-03-31 21:00:00,22236.3,22236.3,22236.3,29991200,29991200,29991200
2025-04-01 01:00:00,22266.8,22266.8,22266.8,29991200,29991200,29991200
2025-04-01 05:00:00,22453.4,22453.4,22453.4,29991200,29991200,29991200
2025-04-01 09:00:00,22425.9,22425.9,22425.9,29991200,29991200,29991200
2025-04-01 13:00:00,22496.1,22496.1,22496.1,29991200,29991200,29991200
2025-04-01 17:00:00,22510.1,22510.1,22510.1,29991200,29991200,29991200
2025-04-01 21:00:00,22474.6,22474.6,22474.6,29991200,29991200,29991200
2025-04-02 01:00:00,22500.1,22500.1,22500.1,29991200,29991200,29991200
2025-04-02 05:00:00,22297.1,22297.1,22297.1,29991200,29991200,29991200
2025-04-02 09:00:00,22193.6,22193.6,22193.6,29991200,29991200,29991200
2025-04-02 13:00:00,22418.3,22418.3,22418.3,29991200,29991200,29991200
2025-04-02 17:00:00,22422.3,22422.3,22422.3,29991200,29991200,29991200
2025-04-02 21:00:00,21811.3,21811.3,21811.3,29991200,29991200,29991200
2025-04-03 01:00:00,21943.1,21943.1,21943.1,29991200,29991200,29991200
2025-04-03 05:00:00,22109.3,22109.3,22109.3,29991200,29991200,29991200
2025-04-03 09:00:00,21862.4,21862.4,21862.4,29991200,29991200,29991200
2025-04-03 13:00:00,21780.1,21780.1,21780.1,29991200,29991200,29991200
2025-04-03 17:00:00,21654.6,21654.6,21654.6,29991200,29991200,29991200
2025-04-03 21:00:00,21645.0,21645.0,21645.0,29991200,29991200,29991200
2025-04-04 01:00:00,21531.5,21531.5,21531.5,29991200,29991200,29991200
2025-04-04 05:00:00,21292.6,21292.6,21292.6,29991200,29991200,29991200
2025-04-04 09:00:00,20867.6,20867.6,20867.6,29991200,29991200,29991200
2025-04-04 13:00:00,20486.8,20486.8,20486.8,29991200,29991200,29991200
2025-04-04 17:00:00,20343.3,20343.3,20343.3,29991200,29991200,29991200
2025-04-06 21:00:00,19788.4,19788.4,19788.4,29991200,29991200,29991200
2025-04-07 01:00:00,19761.4,19761.4,19761.4,29991200,29991200,29991200
2025-04-07 05:00:00,19361.9,19361.9,19361.9,29991200,29991200,29991200
2025-04-07 09:00:00,19928.4,19928.4,19928.4,29991200,29991200,29991200
2025-04-07 13:00:00,19733.2,19733.2,19733.2,29991200,29991200,29991200
2025-04-07 17:00:00,19930.4,19930.4,19930.4,29991200,29991200,29991200
2025-04-07 21:00:00,20025.1,20025.1,20025.1,29991200,29991200,29991200
2025-04-08 01:00:00,20131.9,20131.9,20131.9,29991200,29991200,29991200
2025-04-08 05:00:00,20084.1,20084.1,20084.1,29991200,29991200,29991200
2025-04-08 09:00:00,20250.1,20250.1,20250.1,29991200,29991200,29991200
2025-04-08 13:00:00,20003.1,20003.1,20003.1,29991200,29991200,29991200
2025-04-08 17:00:00,19629.1,19629.1,19629.1,29991200,29991200,29991200
2025-04-08 21:00:00,19403.6,19403.6,19403.6,29991200,29991200,29991200
2025-04-09 01:00:00,19418.9,19418.9,19418.9,29991200,29991200,29991200
2025-04-09 05:00:00,19741.9,19741.9,19741.9,29991200,29991200,29991200
2025-04-09 09:00:00,19548.4,19548.4,19548.4,29991200,29991200,29991200
2025-04-09 13:00:00,19731.4,19731.4,19731.4,29991200,29991200,29991200
2025-04-09 17:00:00,21357.4,21357.4,21357.4,29991200,29991200,29991200
2025-04-09 21:00:00,21278.1,21278.1,21278.1,29991200,29991200,29991200
2025-04-10 01:00:00,21220.6,21220.6,21220.6,29991200,29991200,29991200
2025-04-10 05:00:00,20735.6,20735.6,20735.6,29991200,29991200,29991200
2025-04-10 09:00:00,20645.6,20645.6,20645.6,29991200,29991200,29991200
2025-04-10 13:00:00,20427.6,20427.6,20427.6,29991200,29991200,29991200
2025-04-10 17:00:00,20679.1,20679.1,20679.1,29991200,29991200,29991200
2025-04-10 21:00:00,20489.8,20489.8,20489.8,29991200,29991200,29991200
2025-04-11 01:00:00,20710.3,20710.3,20710.3,29991200,29991200,29991200
2025-04-11 05:00:00,20235.8,20235.8,20235.8,29991200,29991200,29991200
2025-04-11 09:00:00,20297.8,20297.8,20297.8,29991200,29991200,29991200
2025-04-11 13:00:00,20612.8,20612.8,20612.8,29991200,29991200,29991200
2025-04-11 17:00:00,20707.8,20707.8,20707.8,29991200,29991200,29991200
2025-04-13 21:00:00,20794.2,20794.2,20794.2,29991200,29991200,29991200
2025-04-14 01:00:00,20806.2,20806.2,20806.2,29991200,29991200,29991200
2025-04-14 05:00:00,20850.7,20850.7,20850.7,29991200,29991200,29991200
2025-04-14 09:00:00,20936.3,20936.3,20936.3,29991200,29991200,29991200
2025-04-14 13:00:00,20842.2,20842.2,20842.2,29991200,29991200,29991200
2025-04-14 17:00:00,20940.7,20940.7,20940.7,29991200,29991200,29991200
2025-04-14 21:00:00,20914.9,20914.9,20914.9,29991200,29991200,29991200
2025-04-15 01:00:00,20965.4,20965.4,20965.4,29991200,29991200,29991200
2025-04-15 05:00:00,21268.4,21268.4,21268.4,29991200,29991200,29991200
2025-04-15 09:00:00,21151.4,21151.4,21151.4,29991200,29991200,29991200
2025-04-15 13:00:00,21251.6,21251.6,21251.6,29991200,29991200,29991200
2025-04-15 17:00:00,21255.4,21255.4,21255.4,29991200,29991200,29991200
2025-04-15 21:00:00,21162.2,21162.2,21162.2,29991200,29991200,29991200
2025-04-16 01:00:00,21143.7,21143.7,21143.7,29991200,29991200,29991200
2025-04-16 05:00:00,21095.7,21095.7,21095.7,29991200,29991200,29991200
2025-04-16 09:00:00,21155.2,21155.2,21155.2,29991200,29991200,29991200
2025-04-16 13:00:00,21205.2,21205.2,21205.2,29991200,29991200,29991200
2025-04-16 17:00:00,21105.7,21105.7,21105.7,29991200,29991200,29991200
2025-04-16 21:00:00,21177.9,21177.9,21177.9,29991200,29991200,29991200
2025-04-17 01:00:00,21305.4,21305.4,21305.4,29991200,29991200,29991200
2025-04-17 05:00:00,21218.9,21218.9,21218.9,29991200,29991200,29991200
2025-04-17 09:00:00,21187.9,21187.9,21187.9,29991200,29991200,29991200
2025-04-17 13:00:00,21302.9,21302.9,21302.9,29991200,29991200,29991200
2025-04-17 17:00:00,21188.9,21188.9,21188.9,29991200,29991200,29991200
2025-04-21 21:00:00,21048.2,21048.2,21048.2,29991200,29991200,29991200
2025-04-22 01:00:00,21061.7,21061.7,21061.7,29991200,29991200,29991200
2025-04-22 05:00:00,21177.7,21177.7,21177.7,29991200,29991200,29991200
2025-04-22 09:00:00,21080.7,21080.7,21080.7,29991200,29991200,29991200
2025-04-22 13:00:00,21402.7,21402.7,21402.7,29991200,29991200,29991200
2025-04-22 17:00:00,21453.5,21453.5,21453.5,29991200,29991200,29991200
2025-04-22 21:00:00,21756.0,21756.0,21756.0,29991200,29991200,29991200
2025-04-23 01:00:00,21823.5,21823.5,21823.5,29991200,29991200,29991200
2025-04-23 05:00:00,21946.5,21946.5,21946.5,29991200,29991200,29991200
2025-04-23 09:00:00,21812.5,21812.5,21812.5,29991200,29991200,29991200
2025-04-23 13:00:00,21946.2,21946.2,21946.2,29991200,29991200,29991200
2025-04-23 17:00:00,21931.5,21931.5,21931.5,29991200,29991200,29991200
2025-04-23 21:00:00,21961.7,21961.7,21961.7,29991200,29991200,29991200
2025-04-24 01:00:00,21936.2,21936.2,21936.2,29991200,29991200,29991200
2025-04-24 05:00:00,21802.7,21802.7,21802.7,29991200,29991200,29991200
2025-04-24 09:00:00,21908.2,21908.2,21908.2,29991200,29991200,29991200
2025-04-24 13:00:00,22082.2,22082.2,22082.2,29991200,29991200,29991200
2025-04-24 17:00:00,22124.9,22124.9,22124.9,29991200,29991200,29991200
2025-04-24 21:00:00,22158.6,22158.6,22158.6,29991200,29991200,29991200
2025-04-25 01:00:00,22133.1,22133.1,22133.1,29991200,29991200,29991200
2025-04-25 05:00:00,22193.1,22193.1,22193.1,29991200,29991200,29991200
2025-04-25 09:00:00,22228.6,22228.6,22228.6,29991200,29991200,29991200
2025-04-25 13:00:00,22318.8,22318.8,22318.8,29991200,29991200,29991200
2025-04-25 17:00:00,22337.8,22337.8,22337.8,29991200,29991200,29991200
2025-04-27 21:00:00,22288.4,22288.4,22288.4,29991200,29991200,29991200
2025-04-28 01:00:00,22294.4,22294.4,22294.4,29991200,29991200,29991200
2025-04-28 05:00:00,22376.0,22376.0,22376.0,29991200,29991200,29991200
2025-04-28 09:00:00,22413.5,22413.5,22413.5,29991200,29991200,29991200
2025-04-28 13:00:00,22276.2,22276.2,22276.2,29991200,29991200,29991200
2025-04-28 17:00:00,22363.2,22363.2,22363.2,29991200,29991200,29991200
2025-04-28 21:00:00,22349.7,22349.7,22349.7,29991200,29991200,29991200
2025-04-29 01:00:00,22316.2,22316.2,22316.2,29991200,29991200,29991200
2025-04-29 05:00:00,22425.7,22425.7,22425.7,29991200,29991200,29991200
2025-04-29 09:00:00,22404.2,22404.2,22404.2,29991200,29991200,29991200
2025-04-29 13:00:00,22436.9,22436.9,22436.9,29991200,29991200,29991200
2025-04-29 17:00:00,22522.4,22522.4,22522.4,29991200,29991200,29991200
2025-04-29 21:00:00,22502.9,22502.9,22502.9,29991200,29991200,29991200
2025-04-30 01:00:00,22501.9,22501.9,22501.9,29991200,29991200,29991200
2025-04-30 05:00:00,22512.0,22512.0,22512.0,29991200,29991200,29991200
2025-04-30 09:00:00,22354.5,22354.5,22354.5,29991200,29991200,29991200
2025-04-30 13:00:00,22501.7,22501.7,22501.7,29991200,29991200,29991200
2025-04-30 17:00:00,22601.2,22601.2,22601.2,29991200,29991200,29991200
2025-05-01 21:00:00,22760.9,22760.9,22760.9,29991200,29991200,29991200
2025-05-02 01:00:00,22826.9,22826.9,22826.9,29991200,29991200,29991200
2025-05-02 05:00:00,22801.9,22801.9,22801.9,29991200,29991200,29991200
2025-05-02 09:00:00,23038.4,23038.4,23038.4,29991200,29991200,29991200
2025-05-02 13:00:00,23121.1,23121.1,23121.1,29991200,29991200,29991200
2025-05-02 17:00:00,23123.1,23123.1,23123.1,29991200,29991200,29991200
2025-05-04 21:00:00,23065.3,23065.3,23065.3,29991200,29991200,29991200
2025-05-05 01:00:00,23028.8,23028.8,23028.8,29991200,29991200,29991200
2025-05-05 05:00:00,23160.3,23160.3,23160.3,29991200,29991200,29991200
2025-05-05 09:00:00,23290.3,23290.3,23290.3,29991200,29991200,29991200
2025-05-05 13:00:00,23373.0,23373.0,23373.0,29991200,29991200,29991200
2025-05-05 17:00:00,23346.5,23346.5,23346.5,29991200,29991200,29991200
2025-05-05 21:00:00,23311.0,23311.0,23311.0,29991200,29991200,29991200
2025-05-06 01:00:00,23318.5,23318.5,23318.5,29991200,29991200,29991200
2025-05-06 05:00:00,23071.5,23071.5,23071.5,29991200,29991200,29991200
2025-05-06 09:00:00,23221.5,23221.5,23221.5,29991200,29991200,29991200
2025-05-06 13:00:00,23209.2,23209.2,23209.2,29991200,29991200,29991200
2025-05-06 17:00:00,23207.2,23207.2,23207.2,29991200,29991200,29991200
2025-05-06 21:00:00,23328.2,23328.2,23328.2,29991200,29991200,29991200
2025-05-07 01:00:00,23284.2,23284.2,23284.2,29991200,29991200,29991200
2025-05-07 05:00:00,23232.3,23232.3,23232.3,29991200,29991200,29991200
2025-05-07 09:00:00,23148.8,23148.8,23148.8,29991200,29991200,29991200
2025-05-07 13:00:00,23140.5,23140.5,23140.5,29991200,29991200,29991200
2025-05-07 17:00:00,23183.0,23183.0,23183.0,29991200,29991200,29991200
2025-05-07 21:00:00,23221.9,23221.9,23221.9,29991200,29991200,29991200
2025-05-08 01:00:00,23297.9,23297.9,23297.9,29991200,29991200,29991200
2025-05-08 05:00:00,23328.0,23328.0,23328.0,29991200,29991200,29991200
2025-05-08 09:00:00,23282.0,23282.0,23282.0,29991200,29991200,29991200
2025-05-08 13:00:00,23442.2,23442.2,23442.2,29991200,29991200,29991200
2025-05-08 17:00:00,23371.7,23371.7,23371.7,29991200,29991200,29991200
2025-05-08 21:00:00,23335.7,23335.7,23335.7,29991200,29991200,29991200
2025-05-09 01:00:00,23405.7,23405.7,23405.7,29991200,29991200,29991200
2025-05-09 05:00:00,23422.7,23422.7,23422.7,29991200,29991200,29991200
2025-05-09 09:00:00,23483.7,23483.7,23483.7,29991200,29991200,29991200
2025-05-09 13:00:00,23445.4,23445.4,23445.4,29991200,29991200,29991200
2025-05-09 17:00:00,23480.9,23480.9,23480.9,29991200,29991200,29991200
2025-05-11 21:00:00,23654.1,23654.1,23654.1,29991200,29991200,29991200
2025-05-12 01:00:00,23665.6,23665.6,23665.6,29991200,29991200,29991200
2025-05-12 05:00:00,23717.6,23717.6,23717.6,29991200,29991200,29991200
2025-05-12 09:00:00,23585.6,23585.6,23585.6,29991200,29991200,29991200
2025-05-12 13:00:00,23570.8,23570.8,23570.8,29991200,29991200,29991200
2025-05-12 17:00:00,23629.3,23629.3,23629.3,29991200,29991200,29991200
2025-05-12 21:00:00,23572.3,23572.3,23572.3,29991200,29991200,29991200
2025-05-13 01:00:00,23513.8,23513.8,23513.8,29991200,29991200,29991200
2025-05-13 05:00:00,23545.3,23545.3,23545.3,29991200,29991200,29991200
2025-05-13 09:00:00,23576.8,23576.8,23576.8,29991200,29991200,29991200
2025-05-13 13:00:00,23608.0,23608.0,23608.0,29991200,29991200,29991200
2025-05-13 17:00:00,23586.5,23586.5,23586.5,29991200,29991200,29991200
2025-05-13 21:00:00,23551.5,23551.5,23551.5,29991200,29991200,29991200
2025-05-14 01:00:00,23570.0,23570.0,23570.0,29991200,29991200,29991200
2025-05-14 05:00:00,23527.1,23527.1,23527.1,29991200,29991200,29991200
2025-05-14 09:00:00,23577.1,23577.1,23577.1,29991200,29991200,29991200
2025-05-14 13:00:00,23479.3,23479.3,23479.3,29991200,29991200,29991200
2025-05-14 17:00:00,23471.8,23471.8,23471.8,29991200,29991200,29991200
2025-05-14 21:00:00,23438.7,23438.7,23438.7,29991200,29991200,29991200
2025-05-15 01:00:00,23434.2,23434.2,23434.2,29991200,29991200,29991200
2025-05-15 05:00:00,23436.3,23436.3,23436.3,29991200,29991200,29991200
2025-05-15 09:00:00,23518.8,23518.8,23518.8,29991200,29991200,29991200
2025-05-15 13:00:00,23698.5,23698.5,23698.5,29991200,29991200,29991200
2025-05-15 17:00:00,23690.0,23690.0,23690.0,29991200,29991200,29991200
2025-05-15 21:00:00,23656.4,23656.4,23656.4,29991200,29991200,29991200
2025-05-16 01:00:00,23678.4,23678.4,23678.4,29991200,29991200,29991200
2025-05-16 05:00:00,23806.5,23806.5,23806.5,29991200,29991200,29991200
2025-05-16 09:00:00,23680.5,23680.5,23680.5,29991200,29991200,29991200
2025-05-16 13:00:00,23761.2,23761.2,23761.2,29991200,29991200,29991200
2025-05-16 17:00:00,23778.2,23778.2,23778.2,29991200,29991200,29991200
2025-05-18 21:00:00,23744.4,23744.4,23744.4,29991200,29991200,29991200
2025-05-19 01:00:00,23691.9,23691.9,23691.9,29991200,29991200,29991200
2025-05-19 05:00:00,23675.4,23675.4,23675.4,29991200,29991200,29991200
2025-05-19 09:00:00,23733.9,23733.9,23733.9,29991200,29991200,29991200
2025-05-19 13:00:00,23957.6,23957.6,23957.6,29991200,29991200,29991200
2025-05-19 17:00:00,24006.6,24006.6,24006.6,29991200,29991200,29991200
2025-05-19 21:00:00,24001.6,24001.6,24001.6,29991200,29991200,29991200
2025-05-20 01:00:00,23966.1,23966.1,23966.1,29991200,29991200,29991200
2025-05-20 05:00:00,23953.6,23953.6,23953.6,29991200,29991200,29991200
2025-05-20 09:00:00,24018.1,24018.1,24018.1,29991200,29991200,29991200
2025-05-20 13:00:00,24042.3,24042.3,24042.3,29991200,29991200,29991200
2025-05-20 17:00:00,24021.3,24021.3,24021.3,29991200,29991200,29991200
2025-05-20 21:00:00,24008.8,24008.8,24008.8,29991200,29991200,29991200
2025-05-21 01:00:00,23978.3,23978.3,23978.3,29991200,29991200,29991200
2025-05-21 05:00:00,23948.3,23948.3,23948.3,29991200,29991200,29991200
2025-05-21 09:00:00,23969.3,23969.3,23969.3,29991200,29991200,29991200
2025-05-21 13:00:00,24089.5,24089.5,24089.5,29991200,29991200,29991200
2025-05-21 17:00:00,23912.0,23912.0,23912.0,29991200,29991200,29991200
2025-05-21 21:00:00,23947.0,23947.0,23947.0,29991200,29991200,29991200
2025-05-22 01:00:00,23932.5,23932.5,23932.5,29991200,29991200,29991200
2025-05-22 05:00:00,23931.1,23931.1,23931.1,29991200,29991200,29991200
2025-05-22 09:00:00,23898.6,23898.6,23898.6,29991200,29991200,29991200
2025-05-22 13:00:00,23971.8,23971.8,23971.8,29991200,29991200,29991200
2025-05-22 17:00:00,23997.3,23997.3,23997.3,29991200,29991200,29991200
2025-05-22 21:00:00,24045.7,24045.7,24045.7,29991200,29991200,29991200
2025-05-23 01:00:00,23994.2,23994.2,23994.2,29991200,29991200,29991200
2025-05-23 05:00:00,24071.3,24071.3,24071.3,29991200,29991200,29991200
2025-05-23 09:00:00,23453.8,23453.8,23453.8,29991200,29991200,29991200
2025-05-23 13:00:00,23565.0,23565.0,23565.0,29991200,29991200,29991200
2025-05-23 17:00:00,23545.0,23545.0,23545.0,29991200,29991200,29991200
2025-05-25 21:00:00,23897.7,23897.7,23897.7,29991200,29991200,29991200
2025-05-26 01:00:00,23970.2,23970.2,23970.2,29991200,29991200,29991200
2025-05-26 05:00:00,23953.7,23953.7,23953.7,29991200,29991200,29991200
2025-05-26 09:00:00,23938.2,23938.2,23938.2,29991200,29991200,29991200
2025-05-26 13:00:00,23984.4,23984.4,23984.4,29991200,29991200,29991200
2025-05-26 17:00:00,23983.4,23983.4,23983.4,29991200,29991200,29991200
2025-05-26 21:00:00,23979.9,23979.9,23979.9,29991200,29991200,29991200
2025-05-27 01:00:00,23952.9,23952.9,23952.9,29991200,29991200,29991200
2025-05-27 05:00:00,24141.4,24141.4,24141.4,29991200,29991200,29991200
2025-05-27 09:00:00,24151.4,24151.4,24151.4,29991200,29991200,29991200
2025-05-27 13:00:00,24246.1,24246.1,24246.1,29991200,29991200,29991200
2025-05-27 17:00:00,24251.1,24251.1,24251.1,29991200,29991200,29991200
2025-05-27 21:00:00,24255.6,24255.6,24255.6,29991200,29991200,29991200
2025-05-28 01:00:00,24204.6,24204.6,24204.6,29991200,29991200,29991200
2025-05-28 05:00:00,24157.1,24157.1,24157.1,29991200,29991200,29991200
2025-05-28 09:00:00,24049.6,24049.6,24049.6,29991200,29991200,29991200
2025-05-28 13:00:00,24058.3,24058.3,24058.3,29991200,29991200,29991200
2025-05-28 17:00:00,24058.8,24058.8,24058.8,29991200,29991200,29991200
2025-05-28 21:00:00,24240.8,24240.8,24240.8,29991200,29991200,29991200
2025-05-29 01:00:00,24307.3,24307.3,24307.3,29991200,29991200,29991200
2025-05-29 05:00:00,24128.8,24128.8,24128.8,29991200,29991200,29991200
2025-05-29 09:00:00,24001.8,24001.8,24001.8,29991200,29991200,29991200
2025-05-29 13:00:00,23918.0,23918.0,23918.0,29991200,29991200,29991200
2025-05-29 17:00:00,23939.5,23939.5,23939.5,29991200,29991200,29991200
2025-05-29 21:00:00,23929.0,23929.0,23929.0,29991200,29991200,29991200
2025-05-30 01:00:00,23932.0,23932.0,23932.0,29991200,29991200,29991200
2025-05-30 05:00:00,24096.5,24096.5,24096.5,29991200,29991200,29991200
2025-05-30 09:00:00,24062.0,24062.0,24062.0,29991200,29991200,29991200
2025-05-30 13:00:00,23889.7,23889.7,23889.7,29991200,29991200,29991200
2025-05-30 17:00:00,24010.2,24010.2,24010.2,29991200,29991200,29991200
2025-06-01 21:00:00,23980.5,23980.5,23980.5,29991200,29991200,29991200
2025-06-02 01:00:00,23952.8,23952.8,23952.8,29991200,29991200,29991200
2025-06-02 05:00:00,23900.8,23900.8,23900.8,29991200,29991200,29991200
2025-06-02 09:00:00,23868.6,23868.6,23868.6,29991200,29991200,29991200
2025-06-02 13:00:00,23952.8,23952.8,23952.8,29991200,29991200,29991200
2025-06-02 17:00:00,24053.8,24053.8,24053.8,29991200,29991200,29991200
2025-06-02 21:00:00,24022.2,24022.2,24022.2,29991200,29991200,29991200
2025-06-03 01:00:00,23973.7,23973.7,23973.7,29991200,29991200,29991200
2025-06-03 05:00:00,23920.8,23920.8,23920.8,29991200,29991200,29991200
2025-06-03 09:00:00,23963.5,23963.5,23963.5,29991200,29991200,29991200
2025-06-03 13:00:00,24100.0,24100.0,24100.0,29991200,29991200,29991200
2025-06-03 17:00:00,24115.7,24115.7,24115.7,29991200,29991200,29991200
2025-06-03 21:00:00,24118.1,24118.1,24118.1,29991200,29991200,29991200
2025-06-04 01:00:00,24133.9,24133.9,24133.9,29991200,29991200,29991200
2025-06-04 05:00:00,24286.9,24286.9,24286.9,29991200,29991200,29991200
2025-06-04 09:00:00,24198.7,24198.7,24198.7,29991200,29991200,29991200
2025-06-04 13:00:00,24255.4,24255.4,24255.4,29991200,29991200,29991200
2025-06-04 17:00:00,24245.1,24245.1,24245.1,29991200,29991200,29991200
2025-06-04 21:00:00,24256.3,24256.3,24256.3,29991200,29991200,29991200
2025-06-05 01:00:00,24255.6,24255.6,24255.6,29991200,29991200,29991200
2025-06-05 05:00:00,24340.1,24340.1,24340.1,29991200,29991200,29991200
2025-06-05 09:00:00,24392.1,24392.1,24392.1,29991200,29991200,29991200
2025-06-05 13:00:00,24218.6,24218.6,24218.6,29991200,29991200,29991200
2025-06-05 17:00:00,24213.6,24213.6,24213.6,29991200,29991200,29991200
2025-06-05 21:00:00,24259.7,24259.7,24259.7,29991200,29991200,29991200
2025-06-06 01:00:00,24289.7,24289.7,24289.7,29991200,29991200,29991200
2025-06-06 05:00:00,24254.8,24254.8,24254.8,29991200,29991200,29991200
2025-06-06 09:00:00,24258.3,24258.3,24258.3,29991200,29991200,29991200
2025-06-06 13:00:00,24259.5,24259.5,24259.5,29991200,29991200,29991200
2025-06-06 17:00:00,24304.7,24304.7,24304.7,29991200,29991200,29991200
2025-06-08 21:00:00,24290.2,24290.2,24290.2,29991200,29991200,29991200
2025-06-09 01:00:00,24250.4,24250.4,24250.4,29991200,29991200,29991200
2025-06-09 05:00:00,24229.0,24229.0,24229.0,29991200,29991200,29991200
2025-06-09 09:00:00,24096.0,24096.0,24096.0,29991200,29991200,29991200
2025-06-09 13:00:00,24165.7,24165.7,24165.7,29991200,29991200,29991200
2025-06-09 17:00:00,24125.7,24125.7,24125.7,29991200,29991200,29991200
2025-06-09 21:00:00,24158.3,24158.3,24158.3,29991200,29991200,29991200
2025-06-10 01:00:00,24218.8,24218.8,24218.8,29991200,29991200,29991200
2025-06-10 05:00:00,23979.1,23979.1,23979.1,29991200,29991200,29991200
2025-06-10 09:00:00,24065.1,24065.1,24065.1,29991200,29991200,29991200
2025-06-10 13:00:00,23990.3,23990.3,23990.3,29991200,29991200,29991200
2025-06-10 17:00:00,23998.8,23998.8,23998.8,29991200,29991200,29991200
2025-06-10 21:00:00,23964.6,23964.6,23964.6,29991200,29991200,29991200
2025-06-11 01:00:00,23873.1,23873.1,23873.1,29991200,29991200,29991200
2025-06-11 05:00:00,24044.7,24044.7,24044.7,29991200,29991200,29991200
2025-06-11 09:00:00,24051.7,24051.7,24051.7,29991200,29991200,29991200
2025-06-11 13:00:00,23947.4,23947.4,23947.4,29991200,29991200,29991200
2025-06-11 17:00:00,23845.4,23845.4,23845.4,29991200,29991200,29991200
2025-06-11 21:00:00,23791.3,23791.3,23791.3,29991200,29991200,29991200
2025-06-12 01:00:00,23780.8,23780.8,23780.8,29991200,29991200,29991200
2025-06-12 05:00:00,23696.3,23696.3,23696.3,29991200,29991200,29991200
2025-06-12 09:00:00,23745.3,23745.3,23745.3,29991200,29991200,29991200
2025-06-12 13:00:00,23757.0,23757.0,23757.0,29991200,29991200,29991200
2025-06-12 17:00:00,23750.8,23750.8,23750.8,29991200,29991200,29991200
2025-06-12 21:00:00,23362.5,23362.5,23362.5,29991200,29991200,29991200
2025-06-13 01:00:00,23371.5,23371.5,23371.5,29991200,29991200,29991200
2025-06-13 05:00:00,23377.3,23377.3,23377.3,29991200,29991200,29991200
2025-06-13 09:00:00,23429.1,23429.1,23429.1,29991200,29991200,29991200
2025-06-13 13:00:00,23522.5,23522.5,23522.5,29991200,29991200,29991200
2025-06-13 17:00:00,23394.3,23394.3,23394.3,29991200,29991200,29991200
2025-06-15 21:00:00,23437.1,23437.1,23437.1,29991200,29991200,29991200
2025-06-16 01:00:00,23410.8,23410.8,23410.8,29991200,29991200,29991200
2025-06-16 05:00:00,23604.4,23604.4,23604.4,29991200,29991200,29991200
2025-06-16 09:00:00,23618.9,23618.9,23618.9,29991200,29991200,29991200
2025-06-16 13:00:00,23626.6,23626.6,23626.6,29991200,29991200,29991200
2025-06-16 17:00:00,23590.1,23590.1,23590.1,29991200,29991200,29991200
2025-06-16 21:00:00,23512.3,23512.3,23512.3,29991200,29991200,29991200
2025-06-17 01:00:00,23495.3,23495.3,23495.3,29991200,29991200,29991200
2025-06-17 05:00:00,23447.6,23447.6,23447.6,29991200,29991200,29991200
2025-06-17 09:00:00,23506.8,23506.8,23506.8,29991200,29991200,29991200
2025-06-17 13:00:00,23419.5,23419.5,23419.5,29991200,29991200,29991200
2025-06-17 17:00:00,23313.3,23313.3,23313.3,29991200,29991200,29991200
2025-06-17 21:00:00,23348.3,23348.3,23348.3,29991200,29991200,29991200
2025-06-18 01:00:00,23329.3,23329.3,23329.3,29991200,29991200,29991200
2025-06-18 05:00:00,23452.1,23452.1,23452.1,29991200,29991200,29991200
2025-06-18 09:00:00,23306.8,23306.8,23306.8,29991200,29991200,29991200
2025-06-18 13:00:00,23317.3,23317.3,23317.3,29991200,29991200,29991200
2025-06-18 17:00:00,23305.3,23305.3,23305.3,29991200,29991200,29991200
2025-06-18 21:00:00,23276.2,23276.2,23276.2,29991200,29991200,29991200
2025-06-19 01:00:00,23271.2,23271.2,23271.2,29991200,29991200,29991200
2025-06-19 05:00:00,23188.2,23188.2,23188.2,29991200,29991200,29991200
2025-06-19 09:00:00,23138.2,23138.2,23138.2,29991200,29991200,29991200
2025-06-19 13:00:00,23032.9,23032.9,23032.9,29991200,29991200,29991200
2025-06-19 17:00:00,23047.9,23047.9,23047.9,29991200,29991200,29991200
2025-06-19 21:00:00,23160.3,23160.3,23160.3,29991200,29991200,29991200
2025-06-20 01:00:00,23208.6,23208.6,23208.6,29991200,29991200,29991200
2025-06-20 05:00:00,23218.1,23218.1,23218.1,29991200,29991200,29991200
2025-06-20 09:00:00,23382.4,23382.4,23382.4,29991200,29991200,29991200
2025-06-20 13:00:00,23346.8,23346.8,23346.8,29991200,29991200,29991200
2025-06-20 17:00:00,23280.3,23280.3,23280.3,29991200,29991200,29991200
2025-06-22 21:00:00,23210.8,23210.8,23210.8,29991200,29991200,29991200
2025-06-23 01:00:00,23200.5,23200.5,23200.5,29991200,29991200,29991200
2025-06-23 05:00:00,23335.3,23335.3,23335.3,29991200,29991200,29991200
2025-06-23 09:00:00,23254.3,23254.3,23254.3,29991200,29991200,29991200
2025-06-23 13:00:00,23174.5,23174.5,23174.5,29991200,29991200,29991200
2025-06-23 17:00:00,23427.3,23427.3,23427.3,29991200,29991200,29991200
2025-06-23 21:00:00,23536.7,23536.7,23536.7,29991200,29991200,29991200
2025-06-24 01:00:00,23550.7,23550.7,23550.7,29991200,29991200,29991200
2025-06-24 05:00:00,23754.7,23754.7,23754.7,29991200,29991200,29991200
2025-06-24 09:00:00,23680.2,23680.2,23680.2,29991200,29991200,29991200
2025-06-24 13:00:00,23667.7,23667.7,23667.7,29991200,29991200,29991200
2025-06-24 17:00:00,23716.2,23716.2,23716.2,29991200,29991200,29991200
2025-06-24 21:00:00,23712.6,23712.6,23712.6,29991200,29991200,29991200
2025-06-25 01:00:00,23707.8,23707.8,23707.8,29991200,29991200,29991200
2025-06-25 05:00:00,23610.1,23610.1,23610.1,29991200,29991200,29991200
2025-06-25 09:00:00,23543.6,23543.6,23543.6,29991200,29991200,29991200
2025-06-25 13:00:00,23499.3,23499.3,23499.3,29991200,29991200,29991200
2025-06-25 17:00:00,23492.1,23492.1,23492.1,29991200,29991200,29991200
2025-06-25 21:00:00,23519.0,23519.0,23519.0,29991200,29991200,29991200
2025-06-26 01:00:00,23542.2,23542.2,23542.2,29991200,29991200,29991200
2025-06-26 05:00:00,23675.5,23675.5,23675.5,29991200,29991200,29991200
2025-06-26 09:00:00,23565.0,23565.0,23565.0,29991200,29991200,29991200
2025-06-26 13:00:00,23662.0,23662.0,23662.0,29991200,29991200,29991200
2025-06-26 17:00:00,23727.5,23727.5,23727.5,29991200,29991200,29991200
2025-06-26 21:00:00,23753.4,23753.4,23753.4,29991200,29991200,29991200
2025-06-27 01:00:00,23752.6,23752.6,23752.6,29991200,29991200,29991200
2025-06-27 05:00:00,23864.2,23864.2,23864.2,29991200,29991200,29991200
2025-06-27 09:00:00,23829.7,23829.7,23829.7,29991200,29991200,29991200
2025-06-27 13:00:00,24080.4,24080.4,24080.4,29991200,29991200,29991200
2025-06-27 17:00:00,24060.1,24060.1,24060.1,29991200,29991200,29991200
2025-06-29 21:00:00,24112.3,24112.3,24112.3,29991200,29991200,29991200
2025-06-30 01:00:00,24098.6,24098.6,24098.6,29991200,29991200,29991200
2025-06-30 05:00:00,23968.9,23968.9,23968.9,29991200,29991200,29991200
2025-06-30 09:00:00,23956.1,23956.1,23956.1,29991200,29991200,29991200
2025-06-30 13:00:00,23926.8,23926.8,23926.8,29991200,29991200,29991200
2025-06-30 17:00:00,23957.6,23957.6,23957.6,29991200,29991200,29991200
2025-06-30 21:00:00,23964.5,23964.5,23964.5,29991200,29991200,29991200
2025-07-01 01:00:00,23970.7,23970.7,23970.7,29991200,29991200,29991200
2025-07-01 05:00:00,23863.0,23863.0,23863.0,29991200,29991200,29991200
2025-07-01 09:00:00,23715.5,23715.5,23715.5,29991200,29991200,29991200
2025-07-01 13:00:00,23679.7,23679.7,23679.7,29991200,29991200,29991200
2025-07-01 17:00:00,23704.2,23704.2,23704.2,29991200,29991200,29991200
2025-07-01 21:00:00,23754.9,23754.9,23754.9,29991200,29991200,29991200
2025-07-02 01:00:00,23836.9,23836.9,23836.9,29991200,29991200,29991200
2025-07-02 05:00:00,23744.9,23744.9,23744.9,29991200,29991200,29991200
2025-07-02 09:00:00,23696.7,23696.7,23696.7,29991200,29991200,29991200
2025-07-02 13:00:00,23794.1,23794.1,23794.1,29991200,29991200,29991200
2025-07-02 17:00:00,23819.1,23819.1,23819.1,29991200,29991200,29991200
2025-07-02 21:00:00,23819.3,23819.3,23819.3,29991200,29991200,29991200
2025-07-03 01:00:00,23834.8,23834.8,23834.8,29991200,29991200,29991200
2025-07-03 05:00:00,23808.1,23808.1,23808.1,29991200,29991200,29991200
2025-07-03 09:00:00,23865.8,23865.8,23865.8,29991200,29991200,29991200
2025-07-03 13:00:00,23922.0,23922.0,23922.0,29991200,29991200,29991200
2025-07-03 17:00:00,23929.8,23929.8,23929.8,29991200,29991200,29991200
2025-07-03 21:00:00,23888.2,23888.2,23888.2,29991200,29991200,29991200
2025-07-04 01:00:00,23833.7,23833.7,23833.7,29991200,29991200,29991200
2025-07-04 05:00:00,23716.7,23716.7,23716.7,29991200,29991200,29991200
2025-07-04 09:00:00,23752.2,23752.2,23752.2,29991200,29991200,29991200
2025-07-04 13:00:00,23746.4,23746.4,23746.4,29991200,29991200,29991200
2025-07-04 17:00:00,23755.2,23755.2,23755.2,29991200,29991200,29991200
2025-07-06 21:00:00,23855.9,23855.9,23855.9,29991200,29991200,29991200
2025-07-07 01:00:00,23828.9,23828.9,23828.9,29991200,29991200,29991200
2025-07-07 05:00:00,23877.7,23877.7,23877.7,29991200,29991200,29991200
2025-07-07 09:00:00,23952.7,23952.7,23952.7,29991200,29991200,29991200
2025-07-07 13:00:00,23998.6,23998.6,23998.6,29991200,29991200,29991200
2025-07-07 17:00:00,23987.6,23987.6,23987.6,29991200,29991200,29991200
2025-07-07 21:00:00,24027.8,24027.8,24027.8,29991200,29991200,29991200
2025-07-08 01:00:00,24010.8,24010.8,24010.8,29991200,29991200,29991200
2025-07-08 05:00:00,24096.8,24096.8,24096.8,29991200,29991200,29991200
2025-07-08 09:00:00,24116.3,24116.3,24116.3,29991200,29991200,29991200
2025-07-08 13:00:00,24227.5,24227.5,24227.5,29991200,29991200,29991200
2025-07-08 17:00:00,24241.5,24241.5,24241.5,29991200,29991200,29991200
2025-07-08 21:00:00,24213.7,24213.7,24213.7,29991200,29991200,29991200
2025-07-09 01:00:00,24240.7,24240.7,24240.7,29991200,29991200,29991200
2025-07-09 05:00:00,24387.0,24387.0,24387.0,29991200,29991200,29991200
2025-07-09 09:00:00,24525.7,24525.7,24525.7,29991200,29991200,29991200
2025-07-09 13:00:00,24576.2,24576.2,24576.2,29991200,29991200,29991200
2025-07-09 17:00:00,24635.2,24635.2,24635.2,29991200,29991200,29991200
2025-07-09 21:00:00,24578.6,24578.6,24578.6,29991200,29991200,29991200
2025-07-10 01:00:00,24587.8,24587.8,24587.8,29991200,29991200,29991200
2025-07-10 05:00:00,24602.6,24602.6,24602.6,29991200,29991200,29991200
2025-07-10 09:00:00,24565.1,24565.1,24565.1,29991200,29991200,29991200
2025-07-10 13:00:00,24434.8,24434.8,24434.8,29991200,29991200,29991200
2025-07-10 17:00:00,24466.3,24466.3,24466.3,29991200,29991200,29991200
2025-07-10 21:00:00,24317.2,24317.2,24317.2,29991200,29991200,29991200
2025-07-11 01:00:00,24393.0,24393.0,24393.0,29991200,29991200,29991200
2025-07-11 05:00:00,24229.8,24229.8,24229.8,29991200,29991200,29991200
2025-07-11 09:00:00,24259.5,24259.5,24259.5,29991200,29991200,29991200
2025-07-11 13:00:00,24233.5,24233.5,24233.5,29991200,29991200,29991200
2025-07-11 17:00:00,24225.2,24225.2,24225.2,29991200,29991200,29991200
2025-07-13 21:00:00,24082.4,24082.4,24082.4,29991200,29991200,29991200
2025-07-14 01:00:00,24081.4,24081.4,24081.4,29991200,29991200,29991200
2025-07-14 05:00:00,24082.0,24082.0,24082.0,29991200,29991200,29991200
2025-07-14 09:00:00,24028.0,24028.0,24028.0,29991200,29991200,29991200
2025-07-14 13:00:00,24201.4,24201.4,24201.4,29991200,29991200,29991200
2025-07-14 17:00:00,24222.4,24222.4,24222.4,29991200,29991200,29991200
2025-07-14 21:00:00,24194.3,24194.3,24194.3,29991200,29991200,29991200
2025-07-15 01:00:00,24210.1,24210.1,24210.1,29991200,29991200,29991200
2025-07-15 05:00:00,24238.1,24238.1,24238.1,29991200,29991200,29991200
2025-07-15 09:00:00,24196.6,24196.6,24196.6,29991200,29991200,29991200
2025-07-15 13:00:00,24060.3,24060.3,24060.3,29991200,29991200,29991200
2025-07-15 17:00:00,24051.3,24051.3,24051.3,29991200,29991200,29991200
2025-07-15 21:00:00,24025.5,24025.5,24025.5,29991200,29991200,29991200
2025-07-16 01:00:00,24020.5,24020.5,24020.5,29991200,29991200,29991200
2025-07-16 05:00:00,24100.5,24100.5,24100.5,29991200,29991200,29991200
2025-07-16 09:00:00,24184.5,24184.5,24184.5,29991200,29991200,29991200
2025-07-16 13:00:00,24135.2,24135.2,24135.2,29991200,29991200,29991200
2025-07-16 17:00:00,24191.0,24191.0,24191.0,29991200,29991200,29991200
2025-07-16 21:00:00,24185.4,24185.4,24185.4,29991200,29991200,29991200
2025-07-17 01:00:00,24198.9,24198.9,24198.9,29991200,29991200,29991200
2025-07-17 05:00:00,24217.9,24217.9,24217.9,29991200,29991200,29991200
2025-07-17 09:00:00,24241.9,24241.9,24241.9,29991200,29991200,29991200
2025-07-17 13:00:00,24344.6,24344.6,24344.6,29991200,29991200,29991200
2025-07-17 17:00:00,24406.1,24406.1,24406.1,29991200,29991200,29991200
2025-07-17 21:00:00,24431.8,24431.8,24431.8,29991200,29991200,29991200
2025-07-18 01:00:00,24486.0,24486.0,24486.0,29991200,29991200,29991200
2025-07-18 05:00:00,24462.8,24462.8,24462.8,29991200,29991200,29991200
2025-07-18 09:00:00,24345.8,24345.8,24345.8,29991200,29991200,29991200
2025-07-18 13:00:00,24223.8,24223.8,24223.8,29991200,29991200,29991200
2025-07-18 17:00:00,24208.5,24208.5,24208.5,29991200,29991200,29991200
2025-07-20 21:00:00,24236.2,24236.2,24236.2,29991200,29991200,29991200
2025-07-21 01:00:00,24226.0,24226.0,24226.0,29991200,29991200,29991200
2025-07-21 05:00:00,24301.0,24301.0,24301.0,29991200,29991200,29991200
2025-07-21 09:00:00,24224.0,24224.0,24224.0,29991200,29991200,29991200
2025-07-21 13:00:00,24286.2,24286.2,24286.2,29991200,29991200,29991200
2025-07-21 17:00:00,24238.2,24238.2,24238.2,29991200,29991200,29991200
2025-07-21 21:00:00,24261.9,24261.9,24261.9,29991200,29991200,29991200
2025-07-22 01:00:00,24193.9,24193.9,24193.9,29991200,29991200,29991200
2025-07-22 05:00:00,24115.7,24115.7,24115.7,29991200,29991200,29991200
2025-07-22 09:00:00,24058.2,24058.2,24058.2,29991200,29991200,29991200
2025-07-22 13:00:00,24040.6,24040.6,24040.6,29991200,29991200,29991200
2025-07-22 17:00:00,24103.1,24103.1,24103.1,29991200,29991200,29991200
2025-07-22 21:00:00,24118.8,24118.8,24118.8,29991200,29991200,29991200
2025-07-23 01:00:00,24293.8,24293.8,24293.8,29991200,29991200,29991200
2025-07-23 05:00:00,24283.3,24283.3,24283.3,29991200,29991200,29991200
2025-07-23 09:00:00,24208.8,24208.8,24208.8,29991200,29991200,29991200
2025-07-23 13:00:00,24444.5,24444.5,24444.5,29991200,29991200,29991200
2025-07-23 17:00:00,24512.8,24512.8,24512.8,29991200,29991200,29991200
2025-07-23 21:00:00,24539.4,24539.4,24539.4,29991200,29991200,29991200
2025-07-24 01:00:00,24510.2,24510.2,24510.2,29991200,29991200,29991200
2025-07-24 05:00:00,24482.2,24482.2,24482.2,29991200,29991200,29991200
2025-07-24 09:00:00,24363.2,24363.2,24363.2,29991200,29991200,29991200
2025-07-24 13:00:00,24274.2,24274.2,24274.2,29991200,29991200,29991200
2025-07-24 17:00:00,24253.2,24253.2,24253.2,29991200,29991200,29991200
2025-07-24 21:00:00,24290.1,24290.1,24290.1,29991200,29991200,29991200
2025-07-25 01:00:00,24263.6,24263.6,24263.6,29991200,29991200,29991200
2025-07-25 05:00:00,24143.9,24143.9,24143.9,29991200,29991200,29991200
2025-07-25 09:00:00,24131.1,24131.1,24131.1,29991200,29991200,29991200
2025-07-25 13:00:00,24261.6,24261.6,24261.6,29991200,29991200,29991200
2025-07-25 17:00:00,24307.8,24307.8,24307.8,29991200,29991200,29991200
2025-07-27 21:00:00,24471.1,24471.1,24471.1,29991200,29991200,29991200
2025-07-28 01:00:00,24483.8,24483.8,24483.8,29991200,29991200,29991200
2025-07-28 05:00:00,24293.9,24293.9,24293.9,29991200,29991200,29991200
2025-07-28 09:00:00,24183.4,24183.4,24183.4,29991200,29991200,29991200
2025-07-28 13:00:00,23961.1,23961.1,23961.1,29991200,29991200,29991200
2025-07-28 17:00:00,23980.6,23980.6,23980.6,29991200,29991200,29991200
2025-07-28 21:00:00,23984.2,23984.2,23984.2,29991200,29991200,29991200
2025-07-29 01:00:00,24001.2,24001.2,24001.2,29991200,29991200,29991200
2025-07-29 05:00:00,24235.8,24235.8,24235.8,29991200,29991200,29991200
2025-07-29 09:00:00,24279.8,24279.8,24279.8,29991200,29991200,29991200
2025-07-29 13:00:00,24268.2,24268.2,24268.2,29991200,29991200,29991200
2025-07-29 17:00:00,24217.5,24217.5,24217.5,29991200,29991200,29991200
2025-07-29 21:00:00,24234.1,24234.1,24234.1,29991200,29991200,29991200
2025-07-30 01:00:00,24271.6,24271.6,24271.6,29991200,29991200,29991200
2025-07-30 05:00:00,24224.2,24224.2,24224.2,29991200,29991200,29991200
2025-07-30 09:00:00,24254.2,24254.2,24254.2,29991200,29991200,29991200
2025-07-30 13:00:00,24292.6,24292.6,24292.6,29991200,29991200,29991200
2025-07-30 17:00:00,24272.6,24272.6,24272.6,29991200,29991200,29991200
2025-07-30 21:00:00,24320.5,24320.5,24320.5,29991200,29991200,29991200
2025-07-31 01:00:00,24347.5,24347.5,24347.5,29991200,29991200,29991200
2025-07-31 05:00:00,24353.6,24353.6,24353.6,29991200,29991200,29991200
2025-07-31 09:00:00,24200.1,24200.1,24200.1,29991200,29991200,29991200
2025-07-31 13:00:00,24091.3,24091.3,24091.3,29991200,29991200,29991200
2025-07-31 17:00:00,24021.8,24021.8,24021.8,29991200,29991200,29991200
2025-07-31 21:00:00,23978.4,23978.4,23978.4,29991200,29991200,29991200
2025-08-01 01:00:00,23954.4,23954.4,23954.4,29991200,29991200,29991200
2025-08-01 05:00:00,23653.5,23653.5,23653.5,29991200,29991200,29991200
2025-08-01 09:00:00,23552.5,23552.5,23552.5,29991200,29991200,29991200
2025-08-01 13:00:00,23414.9,23414.9,23414.9,29991200,29991200,29991200
2025-08-01 17:00:00,23451.2,23451.2,23451.2,29991200,29991200,29991200
2025-08-03 21:00:00,23521.1,23521.1,23521.1,29991200,29991200,29991200
2025-08-04 01:00:00,23549.6,23549.6,23549.6,29991200,29991200,29991200
2025-08-04 05:00:00,23743.7,23743.7,23743.7,29991200,29991200,29991200
2025-08-04 09:00:00,23776.9,23776.9,23776.9,29991200,29991200,29991200
2025-08-04 13:00:00,23762.4,23762.4,23762.4,29991200,29991200,29991200
2025-08-04 17:00:00,23810.4,23810.4,23810.4,29991200,29991200,29991200
2025-08-04 21:00:00,23833.0,23833.0,23833.0,29991200,29991200,29991200
2025-08-05 01:00:00,23832.0,23832.0,23832.0,29991200,29991200,29991200
2025-08-05 05:00:00,23863.1,23863.1,23863.1,29991200,29991200,29991200
2025-08-05 09:00:00,23955.3,23955.3,23955.3,29991200,29991200,29991200
2025-08-05 13:00:00,23866.8,23866.8,23866.8,29991200,29991200,29991200
2025-08-05 17:00:00,23873.3,23873.3,23873.3,29991200,29991200,29991200
2025-08-05 21:00:00,23854.4,23854.4,23854.4,29991200,29991200,29991200
2025-08-06 01:00:00,23928.4,23928.4,23928.4,29991200,29991200,29991200
2025-08-06 05:00:00,23890.0,23890.0,23890.0,29991200,29991200,29991200
2025-08-06 09:00:00,23853.7,23853.7,23853.7,29991200,29991200,29991200
2025-08-06 13:00:00,23927.9,23927.9,23927.9,29991200,29991200,29991200
2025-08-06 17:00:00,23949.4,23949.4,23949.4,29991200,29991200,29991200
2025-08-06 21:00:00,23934.3,23934.3,23934.3,29991200,29991200,29991200
2025-08-07 01:00:00,23988.8,23988.8,23988.8,29991200,29991200,29991200
2025-08-07 05:00:00,24225.4,24225.4,24225.4,29991200,29991200,29991200
2025-08-07 09:00:00,24346.9,24346.9,24346.9,29991200,29991200,29991200
2025-08-07 13:00:00,24164.6,24164.6,24164.6,29991200,29991200,29991200
2025-08-07 17:00:00,24196.3,24196.3,24196.3,29991200,29991200,29991200
2025-08-07 21:00:00,24291.5,24291.5,24291.5,29991200,29991200,29991200
2025-08-08 01:00:00,24242.7,24242.7,24242.7,29991200,29991200,29991200
2025-08-08 05:00:00,24135.8,24135.8,24135.8,29991200,29991200,29991200
2025-08-08 09:00:00,24178.3,24178.3,24178.3,29991200,29991200,29991200
2025-08-08 13:00:00,24174.7,24174.7,24174.7,29991200,29991200,29991200
2025-08-08 17:00:00,24225.0,24225.0,24225.0,29991200,29991200,29991200
2025-08-10 21:00:00,24261.5,24261.5,24261.5,29991200,29991200,29991200
2025-08-11 01:00:00,24259.2,24259.2,24259.2,29991200,29991200,29991200
2025-08-11 05:00:00,24068.3,24068.3,24068.3,29991200,29991200,29991200
2025-08-11 09:00:00,24086.8,24086.8,24086.8,29991200,29991200,29991200
2025-08-11 13:00:00,24073.7,24073.7,24073.7,29991200,29991200,29991200
2025-08-11 17:00:00,24093.5,24093.5,24093.5,29991200,29991200,29991200
2025-08-11 21:00:00,24126.9,24126.9,24126.9,29991200,29991200,29991200
2025-08-12 01:00:00,24195.9,24195.9,24195.9,29991200,29991200,29991200
2025-08-12 05:00:00,24061.9,24061.9,24061.9,29991200,29991200,29991200
2025-08-12 09:00:00,24041.2,24041.2,24041.2,29991200,29991200,29991200
2025-08-12 13:00:00,24066.6,24066.6,24066.6,29991200,29991200,29991200
2025-08-12 17:00:00,24145.1,24145.1,24145.1,29991200,29991200,29991200
2025-08-12 21:00:00,24141.0,24141.0,24141.0,29991200,29991200,29991200
2025-08-13 01:00:00,24177.3,24177.3,24177.3,29991200,29991200,29991200
2025-08-13 05:00:00,24246.8,24246.8,24246.8,29991200,29991200,29991200
2025-08-13 09:00:00,24205.3,24205.3,24205.3,29991200,29991200,29991200
2025-08-13 13:00:00,24204.0,24204.0,24204.0,29991200,29991200,29991200
2025-08-13 17:00:00,24228.3,24228.3,24228.3,29991200,29991200,29991200
2025-08-13 21:00:00,24199.4,24199.4,24199.4,29991200,29991200,29991200
2025-08-14 01:00:00,24180.2,24180.2,24180.2,29991200,29991200,29991200
2025-08-14 05:00:00,24234.7,24234.7,24234.7,29991200,29991200,29991200
2025-08-14 09:00:00,24287.7,24287.7,24287.7,29991200,29991200,29991200
2025-08-14 13:00:00,24408.7,24408.7,24408.7,29991200,29991200,29991200
2025-08-14 17:00:00,24433.4,24433.4,24433.4,29991200,29991200,29991200
2025-08-14 21:00:00,24445.1,24445.1,24445.1,29991200,29991200,29991200
2025-08-15 01:00:00,24460.8,24460.8,24460.8,29991200,29991200,29991200
2025-08-15 05:00:00,24455.1,24455.1,24455.1,29991200,29991200,29991200
2025-08-15 09:00:00,24383.9,24383.9,24383.9,29991200,29991200,29991200
2025-08-15 13:00:00,24351.3,24351.3,24351.3,29991200,29991200,29991200
2025-08-15 17:00:00,24372.8,24372.8,24372.8,29991200,29991200,29991200
2025-08-17 21:00:00,24412.0,24412.0,24412.0,29991200,29991200,29991200
2025-08-18 01:00:00,24431.8,24431.8,24431.8,29991200,29991200,29991200
2025-08-18 05:00:00,24309.8,24309.8,24309.8,29991200,29991200,29991200
2025-08-18 09:00:00,24301.3,24301.3,24301.3,29991200,29991200,29991200
2025-08-18 13:00:00,24307.5,24307.5,24307.5,29991200,29991200,29991200
2025-08-18 17:00:00,24363.3,24363.3,24363.3,29991200,29991200,29991200
2025-08-18 21:00:00,24371.2,24371.2,24371.2,29991200,29991200,29991200
2025-08-19 01:00:00,24340.7,24340.7,24340.7,29991200,29991200,29991200
2025-08-19 05:00:00,24385.2,24385.2,24385.2,29991200,29991200,29991200
2025-08-19 09:00:00,24410.2,24410.2,24410.2,29991200,29991200,29991200
2025-08-19 13:00:00,24354.9,24354.9,24354.9,29991200,29991200,29991200
2025-08-19 17:00:00,24346.7,24346.7,24346.7,29991200,29991200,29991200
2025-08-19 21:00:00,24315.8,24315.8,24315.8,29991200,29991200,29991200
2025-08-20 01:00:00,24290.6,24290.6,24290.6,29991200,29991200,29991200
2025-08-20 05:00:00,24330.6,24330.6,24330.6,29991200,29991200,29991200
2025-08-20 09:00:00,24322.6,24322.6,24322.6,29991200,29991200,29991200
2025-08-20 13:00:00,24260.6,24260.6,24260.6,29991200,29991200,29991200
2025-08-20 17:00:00,24298.8,24298.8,24298.8,29991200,29991200,29991200
2025-08-20 21:00:00,24306.0,24306.0,24306.0,29991200,29991200,29991200
2025-08-21 01:00:00,24285.0,24285.0,24285.0,29991200,29991200,29991200
2025-08-21 05:00:00,24256.0,24256.0,24256.0,29991200,29991200,29991200
2025-08-21 09:00:00,24198.0,24198.0,24198.0,29991200,29991200,29991200
2025-08-21 13:00:00,24260.0,24260.0,24260.0,29991200,29991200,29991200
2025-08-21 17:00:00,24277.7,24277.7,24277.7,29991200,29991200,29991200
2025-08-21 21:00:00,24294.4,24294.4,24294.4,29991200,29991200,29991200
2025-08-22 01:00:00,24277.4,24277.4,24277.4,29991200,29991200,29991200
2025-08-22 05:00:00,24338.9,24338.9,24338.9,29991200,29991200,29991200
2025-08-22 09:00:00,24290.2,24290.2,24290.2,29991200,29991200,29991200
2025-08-22 13:00:00,24343.1,24343.1,24343.1,29991200,29991200,29991200
2025-08-22 17:00:00,24355.1,24355.1,24355.1,29991200,29991200,29991200
2025-08-24 21:00:00,24340.3,24340.3,24340.3,29991200,29991200,29991200
2025-08-25 01:00:00,24297.6,24297.6,24297.6,29991200,29991200,29991200
2025-08-25 05:00:00,24274.4,24274.4,24274.4,29991200,29991200,29991200
2025-08-25 09:00:00,24330.6,24330.6,24330.6,29991200,29991200,29991200
2025-08-25 13:00:00,24293.3,24293.3,24293.3,29991200,29991200,29991200
2025-08-25 17:00:00,24278.1,24278.1,24278.1,29991200,29991200,29991200
2025-08-25 21:00:00,24157.0,24157.0,24157.0,29991200,29991200,29991200
2025-08-26 01:00:00,24141.0,24141.0,24141.0,29991200,29991200,29991200
2025-08-26 05:00:00,24165.8,24165.8,24165.8,29991200,29991200,29991200
2025-08-26 09:00:00,24212.0,24212.0,24212.0,29991200,29991200,29991200
2025-08-26 13:00:00,24191.5,24191.5,24191.5,29991200,29991200,29991200
2025-08-26 17:00:00,24227.2,24227.2,24227.2,29991200,29991200,29991200
2025-08-26 21:00:00,24234.6,24234.6,24234.6,29991200,29991200,29991200
2025-08-27 01:00:00,24248.9,24248.9,24248.9,29991200,29991200,29991200
2025-08-27 05:00:00,24077.4,24077.4,24077.4,29991200,29991200,29991200
2025-08-27 09:00:00,24073.4,24073.4,24073.4,29991200,29991200,29991200
2025-08-27 13:00:00,24042.9,24042.9,24042.9,29991200,29991200,29991200
2025-08-27 17:00:00,24074.9,24074.9,24074.9,29991200,29991200,29991200
2025-08-27 21:00:00,24065.8,24065.8,24065.8,29991200,29991200,29991200
2025-08-28 01:00:00,24099.5,24099.5,24099.5,29991200,29991200,29991200
2025-08-28 05:00:00,24095.3,24095.3,24095.3,29991200,29991200,29991200
2025-08-28 09:00:00,24088.8,24088.8,24088.8,29991200,29991200,29991200
2025-08-28 13:00:00,24064.5,24064.5,24064.5,29991200,29991200,29991200
2025-08-28 17:00:00,24054.8,24054.8,24054.8,29991200,29991200,29991200
2025-08-28 21:00:00,24049.9,24049.9,24049.9,29991200,29991200,29991200
2025-08-29 01:00:00,24010.2,24010.2,24010.2,29991200,29991200,29991200
2025-08-29 05:00:00,23899.5,23899.5,23899.5,29991200,29991200,29991200
2025-08-29 09:00:00,24034.2,24034.2,24034.2,29991200,29991200,29991200
2025-08-29 13:00:00,23954.4,23954.4,23954.4,29991200,29991200,29991200
2025-08-29 17:00:00,23939.4,23939.4,23939.4,29991200,29991200,29991200
2025-08-31 21:00:00,24014.4,24014.4,24014.4,29991200,29991200,29991200
2025-09-01 01:00:00,23958.7,23958.7,23958.7,29991200,29991200,29991200
2025-09-01 05:00:00,24035.7,24035.7,24035.7,29991200,29991200,29991200
2025-09-01 09:00:00,24017.5,24017.5,24017.5,29991200,29991200,29991200
2025-09-01 13:00:00,24030.7,24030.7,24030.7,29991200,29991200,29991200
2025-09-01 17:00:00,24044.4,24044.4,24044.4,29991200,29991200,29991200
2025-09-01 21:00:00,24088.8,24088.8,24088.8,29991200,29991200,29991200
2025-09-02 01:00:00,24013.3,24013.3,24013.3,29991200,29991200,29991200
2025-09-02 05:00:00,23792.4,23792.4,23792.4,29991200,29991200,29991200
2025-09-02 09:00:00,23568.1,23568.1,23568.1,29991200,29991200,29991200
2025-09-02 13:00:00,23543.8,23543.8,23543.8,29991200,29991200,29991200
2025-09-02 17:00:00,23618.6,23618.6,23618.6,29991200,29991200,29991200
2025-09-02 21:00:00,23649.2,23649.2,23649.2,29991200,29991200,29991200
2025-09-03 01:00:00,23572.2,23572.2,23572.2,29991200,29991200,29991200
2025-09-03 05:00:00,23627.3,23627.3,23627.3,29991200,29991200,29991200
2025-09-03 09:00:00,23587.3,23587.3,23587.3,29991200,29991200,29991200
2025-09-03 13:00:00,23573.0,23573.0,23573.0,29991200,29991200,29991200
2025-09-03 17:00:00,23601.7,23601.7,23601.7,29991200,29991200,29991200
2025-09-03 21:00:00,23638.6,23638.6,23638.6,29991200,29991200,29991200
2025-09-04 01:00:00,23635.6,23635.6,23635.6,29991200,29991200,29991200
2025-09-04 05:00:00,23651.7,23651.7,23651.7,29991200,29991200,29991200
2025-09-04 09:00:00,23757.7,23757.7,23757.7,29991200,29991200,29991200
2025-09-04 13:00:00,23775.4,23775.4,23775.4,29991200,29991200,29991200
2025-09-04 17:00:00,23829.4,23829.4,23829.4,29991200,29991200,29991200
2025-09-04 21:00:00,23826.5,23826.5,23826.5,29991200,29991200,29991200
2025-09-05 01:00:00,23832.3,23832.3,23832.3,29991200,29991200,29991200
2025-09-05 05:00:00,23802.8,23802.8,23802.8,29991200,29991200,29991200
2025-09-05 09:00:00,23813.8,23813.8,23813.8,29991200,29991200,29991200
2025-09-05 13:00:00,23610.8,23610.8,23610.8,29991200,29991200,29991200
2025-09-05 17:00:00,23654.5,23654.5,23654.5,29991200,29991200,29991200
2025-09-07 21:00:00,23712.8,23712.8,23712.8,29991200,29991200,29991200
2025-09-08 01:00:00,23693.8,23693.8,23693.8,29991200,29991200,29991200
2025-09-08 05:00:00,23748.9,23748.9,23748.9,29991200,29991200,29991200
2025-09-08 09:00:00,23691.1,23691.1,23691.1,29991200,29991200,29991200
2025-09-08 13:00:00,23792.6,23792.6,23792.6,29991200,29991200,29991200
2025-09-08 17:00:00,23797.8,23797.8,23797.8,29991200,29991200,29991200
2025-09-08 21:00:00,23778.2,23778.2,23778.2,29991200,29991200,29991200
2025-09-09 01:00:00,23768.7,23768.7,23768.7,29991200,29991200,29991200
2025-09-09 05:00:00,23679.3,23679.3,23679.3,29991200,29991200,29991200
2025-09-09 09:00:00,23680.3,23680.3,23680.3,29991200,29991200,29991200
2025-09-09 13:00:00,23728.5,23728.5,23728.5,29991200,29991200,29991200
2025-09-09 17:00:00,23791.2,23791.2,23791.2,29991200,29991200,29991200
2025-09-09 21:00:00,23843.1,23843.1,23843.1,29991200,29991200,29991200
2025-09-10 01:00:00,23810.6,23810.6,23810.6,29991200,29991200,29991200
2025-09-10 05:00:00,23732.4,23732.4,23732.4,29991200,29991200,29991200
2025-09-10 09:00:00,23728.1,23728.1,23728.1,29991200,29991200,29991200
2025-09-10 13:00:00,23619.3,23619.3,23619.3,29991200,29991200,29991200
2025-09-10 17:00:00,23602.6,23602.6,23602.6,29991200,29991200,29991200
2025-09-10 21:00:00,23640.0,23640.0,23640.0,29991200,29991200,29991200
2025-09-11 01:00:00,23601.0,23601.0,23601.0,29991200,29991200,29991200
2025-09-11 05:00:00,23608.0,23608.0,23608.0,29991200,29991200,29991200
2025-09-11 09:00:00,23715.0,23715.0,23715.0,29991200,29991200,29991200
2025-09-11 13:00:00,23718.2,23718.2,23718.2,29991200,29991200,29991200
2025-09-11 17:00:00,23765.0,23765.0,23765.0,29991200,29991200,29991200
2025-09-11 21:00:00,23752.4,23752.4,23752.4,29991200,29991200,29991200
2025-09-12 01:00:00,23729.4,23729.4,23729.4,29991200,29991200,29991200
2025-09-12 05:00:00,23636.2,23636.2,23636.2,29991200,29991200,29991200
2025-09-12 09:00:00,23671.9,23671.9,23671.9,29991200,29991200,29991200
2025-09-12 13:00:00,23723.6,23723.6,23723.6,29991200,29991200,29991200
2025-09-12 17:00:00,23721.1,23721.1,23721.1,29991200,29991200,29991200
2025-09-14 21:00:00,23662.2,23662.2,23662.2,29991200,29991200,29991200
2025-09-15 01:00:00,23739.7,23739.7,23739.7,29991200,29991200,29991200
2025-09-15 05:00:00,23789.8,23789.8,23789.8,29991200,29991200,29991200
2025-09-15 09:00:00,23768.0,23768.0,23768.0,29991200,29991200,29991200
2025-09-15 13:00:00,23741.0,23741.0,23741.0,29991200,29991200,29991200
2025-09-15 17:00:00,23736.0,23736.0,23736.0,29991200,29991200,29991200
2025-09-15 21:00:00,23714.3,23714.3,23714.3,29991200,29991200,29991200
2025-09-16 01:00:00,23760.8,23760.8,23760.8,29991200,29991200,29991200
2025-09-16 05:00:00,23693.6,23693.6,23693.6,29991200,29991200,29991200
2025-09-16 09:00:00,23552.1,23552.1,23552.1,29991200,29991200,29991200
2025-09-16 13:00:00,23384.6,23384.6,23384.6,29991200,29991200,29991200
2025-09-16 17:00:00,23414.3,23414.3,23414.3,29991200,29991200,29991200
2025-09-16 21:00:00,23397.4,23397.4,23397.4,29991200,29991200,29991200
2025-09-17 01:00:00,23404.4,23404.4,23404.4,29991200,29991200,29991200
2025-09-17 05:00:00,23424.5,23424.5,23424.5,29991200,29991200,29991200
2025-09-17 09:00:00,23383.0,23383.0,23383.0,29991200,29991200,29991200
2025-09-17 13:00:00,23369.7,23369.7,23369.7,29991200,29991200,29991200
2025-09-17 17:00:00,23379.2,23379.2,23379.2,29991200,29991200,29991200
2025-09-17 21:00:00,23455.4,23455.4,23455.4,29991200,29991200,29991200
2025-09-18 01:00:00,23466.9,23466.9,23466.9,29991200,29991200,29991200
2025-09-18 05:00:00,23678.4,23678.4,23678.4,29991200,29991200,29991200
2025-09-18 09:00:00,23630.9,23630.9,23630.9,29991200,29991200,29991200
2025-09-18 13:00:00,23715.1,23715.1,23715.1,29991200,29991200,29991200
2025-09-18 17:00:00,23710.1,23710.1,23710.1,29991200,29991200,29991200
2025-09-18 21:00:00,23701.4,23701.4,23701.4,29991200,29991200,29991200
2025-09-19 01:00:00,23683.9,23683.9,23683.9,29991200,29991200,29991200
2025-09-19 05:00:00,23715.4,23715.4,23715.4,29991200,29991200,29991200
2025-09-19 09:00:00,23664.9,23664.9,23664.9,29991200,29991200,29991200
2025-09-19 13:00:00,23629.1,23629.1,23629.1,29991200,29991200,29991200
2025-09-19 17:00:00,23645.1,23645.1,23645.1,29991200,29991200,29991200
2025-09-21 21:00:00,23658.4,23658.4,23658.4,29991200,29991200,29991200
2025-09-22 01:00:00,23658.9,23658.9,23658.9,29991200,29991200,29991200
2025-09-22 05:00:00,23507.2,23507.2,23507.2,29991200,29991200,29991200
2025-09-22 09:00:00,23497.4,23497.4,23497.4,29991200,29991200,29991200
2025-09-22 13:00:00,23563.6,23563.6,23563.6,29991200,29991200,29991200
2025-09-22 17:00:00,23597.6,23597.6,23597.6,29991200,29991200,29991200
2025-09-22 21:00:00,23581.3,23581.3,23581.3,29991200,29991200,29991200
2025-09-23 01:00:00,23575.8,23575.8,23575.8,29991200,29991200,29991200
2025-09-23 05:00:00,23715.1,23715.1,23715.1,29991200,29991200,29991200
2025-09-23 09:00:00,23653.4,23653.4,23653.4,29991200,29991200,29991200
2025-09-23 13:00:00,23631.6,23631.6,23631.6,29991200,29991200,29991200
2025-09-23 17:00:00,23556.1,23556.1,23556.1,29991200,29991200,29991200
2025-09-23 21:00:00,23547.8,23547.8,23547.8,29991200,29991200,29991200
2025-09-24 01:00:00,23560.3,23560.3,23560.3,29991200,29991200,29991200
2025-09-24 05:00:00,23591.9,23591.9,23591.9,29991200,29991200,29991200
2025-09-24 09:00:00,23630.9,23630.9,23630.9,29991200,29991200,29991200
2025-09-24 13:00:00,23677.6,23677.6,23677.6,29991200,29991200,29991200
2025-09-24 17:00:00,23675.6,23675.6,23675.6,29991200,29991200,29991200
2025-09-24 21:00:00,23699.6,23699.6,23699.6,29991200,29991200,29991200
2025-09-25 01:00:00,23701.1,23701.1,23701.1,29991200,29991200,29991200
2025-09-25 05:00:00,23539.4,23539.4,23539.4,29991200,29991200,29991200
2025-09-25 09:00:00,23430.9,23430.9,23430.9,29991200,29991200,29991200
2025-09-25 13:00:00,23566.6,23566.6,23566.6,29991200,29991200,29991200
2025-09-25 17:00:00,23557.8,23557.8,23557.8,29991200,29991200,29991200
2025-09-25 21:00:00,23583.8,23583.8,23583.8,29991200,29991200,29991200
2025-09-26 01:00:00,23541.0,23541.0,23541.0,29991200,29991200,29991200
2025-09-26 05:00:00,23604.8,23604.8,23604.8,29991200,29991200,29991200
2025-09-26 09:00:00,23735.8,23735.8,23735.8,29991200,29991200,29991200
2025-09-26 13:00:00,23749.5,23749.5,23749.5,29991200,29991200,29991200
2025-09-26 17:00:00,23763.0,23763.0,23763.0,29991200,29991200,29991200
2025-09-28 21:00:00,23814.3,23814.3,23814.3,29991200,29991200,29991200
2025-09-29 01:00:00,23843.3,23843.3,23843.3,29991200,29991200,29991200
2025-09-29 05:00:00,23806.8,23806.8,23806.8,29991200,29991200,29991200
2025-09-29 09:00:00,23688.3,23688.3,23688.3,29991200,29991200,29991200
2025-09-29 13:00:00,23746.0,23746.0,23746.0,29991200,29991200,29991200
2025-09-29 17:00:00,23768.5,23768.5,23768.5,29991200,29991200,29991200
2025-09-29 21:00:00,23771.0,23771.0,23771.0,29991200,29991200,29991200
2025-09-30 01:00:00,23763.2,23763.2,23763.2,29991200,29991200,29991200
2025-09-30 05:00:00,23735.3,23735.3,23735.3,29991200,29991200,29991200
2025-09-30 09:00:00,23807.8,23807.8,23807.8,29991200,29991200,29991200
2025-09-30 13:00:00,23896.5,23896.5,23896.5,29991200,29991200,29991200
2025-09-30 17:00:00,23946.5,23946.5,23946.5,29991200,29991200,29991200
2025-09-30 21:00:00,23926.5,23926.5,23926.5,29991200,29991200,29991200
2025-10-01 01:00:00,23893.7,23893.7,23893.7,29991200,29991200,29991200
2025-10-01 05:00:00,23871.3,23871.3,23871.3,29991200,29991200,29991200
2025-10-01 09:00:00,23993.8,23993.8,23993.8,29991200,29991200,29991200
2025-10-01 13:00:00,24198.2,24198.2,24198.2,29991200,29991200,29991200
2025-10-01 17:00:00,24248.7,24248.7,24248.7,29991200,29991200,29991200
2025-10-01 21:00:00,24254.7,24254.7,24254.7,29991200,29991200,29991200
2025-10-02 01:00:00,24263.2,24263.2,24263.2,29991200,29991200,29991200
2025-10-02 05:00:00,24451.8,24451.8,24451.8,29991200,29991200,29991200
2025-10-02 09:00:00,24451.3,24451.3,24451.3,29991200,29991200,29991200
2025-10-02 13:00:00,24472.5,24472.5,24472.5,29991200,29991200,29991200
2025-10-02 17:00:00,24475.2,24475.2,24475.2,29991200,29991200,29991200
2025-10-02 21:00:00,24513.7,24513.7,24513.7,29991200,29991200,29991200
2025-10-03 01:00:00,24528.7,24528.7,24528.7,29991200,29991200,29991200
2025-10-03 05:00:00,24459.7,24459.7,24459.7,29991200,29991200,29991200
2025-10-03 09:00:00,24378.2,24378.2,24378.2,29991200,29991200,29991200
2025-10-03 13:00:00,24399.9,24399.9,24399.9,29991200,29991200,29991200
2025-10-03 17:00:00,24397.4,24397.4,24397.4,29991200,29991200,29991200
2025-10-05 21:00:00,24414.0,24414.0,24414.0,29991200,29991200,29991200
2025-10-06 01:00:00,24425.1,24425.1,24425.1,29991200,29991200,29991200
2025-10-06 05:00:00,24401.3,24401.3,24401.3,29991200,29991200,29991200
2025-10-06 09:00:00,24441.4,24441.4,24441.4,29991200,29991200,29991200
2025-10-06 13:00:00,24419.2,24419.2,24419.2,29991200,29991200,29991200
2025-10-06 17:00:00,24452.0,24452.0,24452.0,29991200,29991200,29991200
2025-10-06 21:00:00,24441.1,24441.1,24441.1,29991200,29991200,29991200
2025-10-07 01:00:00,24444.6,24444.6,24444.6,29991200,29991200,29991200
2025-10-07 05:00:00,24370.4,24370.4,24370.4,29991200,29991200,29991200
2025-10-07 09:00:00,24428.1,24428.1,24428.1,29991200,29991200,29991200
2025-10-07 13:00:00,24398.6,24398.6,24398.6,29991200,29991200,29991200
2025-10-07 17:00:00,24383.3,24383.3,24383.3,29991200,29991200,29991200
2025-10-07 21:00:00,24394.6,24394.6,24394.6,29991200,29991200,29991200
2025-10-08 01:00:00,24419.6,24419.6,24419.6,29991200,29991200,29991200
2025-10-08 05:00:00,24461.3,24461.3,24461.3,29991200,29991200,29991200
2025-10-08 09:00:00,24585.8,24585.8,24585.8,29991200,29991200,29991200
2025-10-08 13:00:00,24607.0,24607.0,24607.0,29991200,29991200,29991200
2025-10-08 17:00:00,24628.9,24628.9,24628.9,29991200,29991200,29991200
2025-10-08 21:00:00,24622.4,24622.4,24622.4,29991200,29991200,29991200
2025-10-09 01:00:00,24611.2,24611.2,24611.2,29991200,29991200,29991200
2025-10-09 05:00:00,24638.2,24638.2,24638.2,29991200,29991200,29991200
2025-10-09 09:00:00,24724.6,24724.6,24724.6,29991200,29991200,29991200
2025-10-09 13:00:00,24592.7,24592.7,24592.7,29991200,29991200,29991200
2025-10-09 17:00:00,24624.4,24624.4,24624.4,29991200,29991200,29991200
2025-10-09 21:00:00,24666.0,24666.0,24666.0,29991200,29991200,29991200
2025-10-10 01:00:00,24640.4,24640.4,24640.4,29991200,29991200,29991200
2025-10-10 05:00:00,24646.6,24646.6,24646.6,29991200,29991200,29991200
2025-10-10 09:00:00,24602.5,24602.5,24602.5,29991200,29991200,29991200
2025-10-10 13:00:00,24270.9,24270.9,24270.9,29991200,29991200,29991200
2025-10-10 17:00:00,24190.4,24190.4,24190.4,29991200,29991200,29991200
2025-10-12 21:00:00,24371.6,24371.6,24371.6,29991200,29991200,29991200
2025-10-13 01:00:00,24362.1,24362.1,24362.1,29991200,29991200,29991200
2025-10-13 05:00:00,24394.9,24394.9,24394.9,29991200,29991200,29991200
2025-10-13 09:00:00,24315.1,24315.1,24315.1,29991200,29991200,29991200
2025-10-13 13:00:00,24420.9,24420.9,24420.9,29991200,29991200,29991200
2025-10-13 17:00:00,24439.3,24439.3,24439.3,29991200,29991200,29991200
2025-10-13 21:00:00,24483.0,24483.0,24483.0,29991200,29991200,29991200
2025-10-14 01:00:00,24325.1,24325.1,24325.1,29991200,29991200,29991200
2025-10-14 05:00:00,24190.9,24190.9,24190.9,29991200,29991200,29991200
2025-10-14 09:00:00,24098.2,24098.2,24098.2,29991200,29991200,29991200
2025-10-14 13:00:00,24309.4,24309.4,24309.4,29991200,29991200,29991200
2025-10-14 17:00:00,24288.8,24288.8,24288.8,29991200,29991200,29991200
2025-10-14 21:00:00,24320.1,24320.1,24320.1,29991200,29991200,29991200
2025-10-15 01:00:00,24342.7,24342.7,24342.7,29991200,29991200,29991200
2025-10-15 05:00:00,24233.8,24233.8,24233.8,29991200,29991200,29991200
2025-10-15 09:00:00,24223.4,24223.4,24223.4,29991200,29991200,29991200
2025-10-15 13:00:00,24165.0,24165.0,24165.0,29991200,29991200,29991200
2025-10-15 17:00:00,24151.7,24151.7,24151.7,29991200,29991200,29991200
2025-10-15 21:00:00,24159.0,24159.0,24159.0,29991200,29991200,29991200
2025-10-16 01:00:00,24146.3,24146.3,24146.3,29991200,29991200,29991200
2025-10-16 05:00:00,24155.4,24155.4,24155.4,29991200,29991200,29991200
2025-10-16 09:00:00,24218.3,24218.3,24218.3,29991200,29991200,29991200
2025-10-16 13:00:00,24212.2,24212.2,24212.2,29991200,29991200,29991200
2025-10-16 17:00:00,24075.2,24075.2,24075.2,29991200,29991200,29991200
2025-10-16 21:00:00,24009.4,24009.4,24009.4,29991200,29991200,29991200
2025-10-17 01:00:00,23968.2,23968.2,23968.2,29991200,29991200,29991200
2025-10-17 05:00:00,23732.6,23732.6,23732.6,29991200,29991200,29991200
2025-10-17 09:00:00,23882.1,23882.1,23882.1,29991200,29991200,29991200
2025-10-17 13:00:00,23898.3,23898.3,23898.3,29991200,29991200,29991200
2025-10-17 17:00:00,23971.7,23971.7,23971.7,29991200,29991200,29991200
2025-10-19 21:00:00,23972.2,23972.2,23972.2,29991200,29991200,29991200
2025-10-20 01:00:00,24013.5,24013.5,24013.5,29991200,29991200,29991200
2025-10-20 05:00:00,24052.2,24052.2,24052.2,29991200,29991200,29991200
2025-10-20 09:00:00,24161.1,24161.1,24161.1,29991200,29991200,29991200
2025-10-20 13:00:00,24287.7,24287.7,24287.7,29991200,29991200,29991200
2025-10-20 17:00:00,24327.6,24327.6,24327.6,29991200,29991200,29991200
2025-10-20 21:00:00,24357.6,24357.6,24357.6,29991200,29991200,29991200
2025-10-21 01:00:00,24322.3,24322.3,24322.3,29991200,29991200,29991200
2025-10-21 05:00:00,24221.7,24221.7,24221.7,29991200,29991200,29991200
2025-10-21 09:00:00,24313.1,24313.1,24313.1,29991200,29991200,29991200
2025-10-21 13:00:00,24319.9,24319.9,24319.9,29991200,29991200,29991200
2025-10-21 17:00:00,24324.4,24324.4,24324.4,29991200,29991200,29991200
2025-10-21 21:00:00,24279.2,24279.2,24279.2,29991200,29991200,29991200
2025-10-22 01:00:00,24332.7,24332.7,24332.7,29991200,29991200,29991200
2025-10-22 05:00:00,24261.0,24261.0,24261.0,29991200,29991200,29991200
2025-10-22 09:00:00,24303.2,24303.2,24303.2,29991200,29991200,29991200
2025-10-22 13:00:00,24103.2,24103.2,24103.2,29991200,29991200,29991200
2025-10-22 17:00:00,24144.1,24144.1,24144.1,29991200,29991200,29991200
2025-10-22 21:00:00,24086.7,24086.7,24086.7,29991200,29991200,29991200
2025-10-23 01:00:00,24129.9,24129.9,24129.9,29991200,29991200,29991200
2025-10-23 05:00:00,24058.5,24058.5,24058.5,29991200,29991200,29991200
2025-10-23 09:00:00,24098.0,24098.0,24098.0,29991200,29991200,29991200
2025-10-23 13:00:00,24195.8,24195.8,24195.8,29991200,29991200,29991200
2025-10-23 17:00:00,24198.7,24198.7,24198.7,29991200,29991200,29991200
2025-10-23 21:00:00,24244.2,24244.2,24244.2,29991200,29991200,29991200
2025-10-24 01:00:00,24255.2,24255.2,24255.2,29991200,29991200,29991200
2025-10-24 05:00:00,24205.2,24205.2,24205.2,29991200,29991200,29991200
2025-10-24 09:00:00,24205.6,24205.6,24205.6,29991200,29991200,29991200
2025-10-24 13:00:00,24226.7,24226.7,24226.7,29991200,29991200,29991200
2025-10-24 17:00:00,24211.0,24211.0,24211.0,29991200,29991200,29991200
2025-10-27 01:00:00,24320.2,24320.2,24320.2,29991200,29991200,29991200
2025-10-27 05:00:00,24293.0,24293.0,24293.0,29991200,29991200,29991200
2025-10-27 09:00:00,24224.1,24224.1,24224.1,29991200,29991200,29991200
2025-10-27 13:00:00,24306.0,24306.0,24306.0,29991200,29991200,29991200
2025-10-27 17:00:00,24320.3,24320.3,24320.3,29991200,29991200,29991200
2025-10-28 01:00:00,24273.2,24273.2,24273.2,29991200,29991200,29991200
2025-10-28 05:00:00,24240.8,24240.8,24240.8,29991200,29991200,29991200
2025-10-28 09:00:00,24283.7,24283.7,24283.7,29991200,29991200,29991200
2025-10-28 13:00:00,24295.2,24295.2,24295.2,29991200,29991200,29991200
2025-10-28 17:00:00,24250.7,24250.7,24250.7,29991200,29991200,29991200
2025-10-29 01:00:00,24200.4,24200.4,24200.4,29991200,29991200,29991200
2025-10-29 05:00:00,24269.2,24269.2,24269.2,29991200,29991200,29991200
2025-10-29 09:00:00,24254.9,24254.9,24254.9,29991200,29991200,29991200
2025-10-29 13:00:00,24141.9,24141.9,24141.9,29991200,29991200,29991200
2025-10-29 17:00:00,24125.8,24125.8,24125.8,29991200,29991200,29991200
2025-10-30 01:00:00,24112.3,24112.3,24112.3,29991200,29991200,29991200
2025-10-30 05:00:00,24177.1,24177.1,24177.1,29991200,29991200,29991200
2025-10-30 09:00:00,24074.9,24074.9,24074.9,29991200,29991200,29991200
2025-10-30 13:00:00,24135.6,24135.6,24135.6,29991200,29991200,29991200
2025-10-30 17:00:00,24124.3,24124.3,24124.3,29991200,29991200,29991200
2025-10-30 21:00:00,24124.5,24124.5,24124.5,29991200,29991200,29991200
2025-10-31 01:00:00,24106.6,24106.6,24106.6,29991200,29991200,29991200
2025-10-31 05:00:00,24030.1,24030.1,24030.1,29991200,29991200,29991200
2025-10-31 09:00:00,23999.8,23999.8,23999.8,29991200,29991200,29991200
2025-10-31 13:00:00,23931.8,23931.8,23931.8,29991200,29991200,29991200
2025-10-31 17:00:00,23967.8,23967.8,23967.8,29991200,29991200,29991200
2025-11-02 22:00:00,24014.3,24014.3,24014.3,29991200,29991200,29991200
2025-11-03 02:00:00,24013.2,24013.2,24013.2,29991200,29991200,29991200
2025-11-03 06:00:00,24163.3,24163.3,24163.3,29991200,29991200,29991200
2025-11-03 10:00:00,24130.0,24130.0,24130.0,29991200,29991200,29991200
2025-11-03 14:00:00,24157.9,24157.9,24157.9,29991200,29991200,29991200
2025-11-03 18:00:00,24137.1,24137.1,24137.1,29991200,29991200,29991200
2025-11-03 22:00:00,24061.1,24061.1,24061.1,29991200,29991200,29991200
2025-11-04 02:00:00,23952.8,23952.8,23952.8,29991200,29991200,29991200
2025-11-04 06:00:00,23669.1,23669.1,23669.1,29991200,29991200,29991200
2025-11-04 10:00:00,23850.0,23850.0,23850.0,29991200,29991200,29991200
2025-11-04 14:00:00,23908.3,23908.3,23908.3,29991200,29991200,29991200
2025-11-04 18:00:00,23873.9,23873.9,23873.9,29991200,29991200,29991200
2025-11-04 22:00:00,23655.6,23655.6,23655.6,29991200,29991200,29991200
2025-11-05 02:00:00,23792.1,23792.1,23792.1,29991200,29991200,29991200
2025-11-05 06:00:00,23788.5,23788.5,23788.5,29991200,29991200,29991200
2025-11-05 10:00:00,23898.4,23898.4,23898.4,29991200,29991200,29991200
2025-11-05 14:00:00,24108.3,24108.3,24108.3,29991200,29991200,29991200
2025-11-05 18:00:00,24084.7,24084.7,24084.7,29991200,29991200,29991200
2025-11-05 22:00:00,24054.2,24054.2,24054.2,29991200,29991200,29991200
2025-11-06 02:00:00,24046.0,24046.0,24046.0,29991200,29991200,29991200
2025-11-06 06:00:00,23981.1,23981.1,23981.1,29991200,29991200,29991200
2025-11-06 10:00:00,23970.6,23970.6,23970.6,29991200,29991200,29991200
2025-11-06 14:00:00,23747.8,23747.8,23747.8,29991200,29991200,29991200
2025-11-06 18:00:00,23727.3,23727.3,23727.3,29991200,29991200,29991200
2025-11-06 22:00:00,23718.1,23718.1,23718.1,29991200,29991200,29991200
2025-11-07 02:00:00,23751.8,23751.8,23751.8,29991200,29991200,29991200
2025-11-07 06:00:00,23655.0,23655.0,23655.0,29991200,29991200,29991200
2025-11-07 10:00:00,23499.7,23499.7,23499.7,29991200,29991200,29991200
2025-11-07 14:00:00,23641.5,23641.5,23641.5,29991200,29991200,29991200
2025-11-07 18:00:00,23748.9,23748.9,23748.9,29991200,29991200,29991200
2025-11-09 22:00:00,23873.3,23873.3,23873.3,29991200,29991200,29991200
2025-11-10 02:00:00,23871.8,23871.8,23871.8,29991200,29991200,29991200
2025-11-10 06:00:00,24004.2,24004.2,24004.2,29991200,29991200,29991200
2025-11-10 10:00:00,23998.4,23998.4,23998.4,29991200,29991200,29991200
2025-11-10 14:00:00,24046.8,24046.8,24046.8,29991200,29991200,29991200
2025-11-10 18:00:00,24077.5,24077.5,24077.5,29991200,29991200,29991200
2025-11-10 22:00:00,24096.0,24096.0,24096.0,29991200,29991200,29991200
2025-11-11 02:00:00,24031.5,24031.5,24031.5,29991200,29991200,29991200
2025-11-11 06:00:00,23989.8,23989.8,23989.8,29991200,29991200,29991200
2025-11-11 10:00:00,23994.7,23994.7,23994.7,29991200,29991200,29991200
2025-11-11 14:00:00,24107.4,24107.4,24107.4,29991200,29991200,29991200
2025-11-11 18:00:00,24173.9,24173.9,24173.9,29991200,29991200,29991200
2025-11-11 22:00:00,24223.0,24223.0,24223.0,29991200,29991200,29991200
2025-11-12 02:00:00,24215.1,24215.1,24215.1,29991200,29991200,29991200
2025-11-12 06:00:00,24371.8,24371.8,24371.8,29991200,29991200,29991200
2025-11-12 10:00:00,24365.3,24365.3,24365.3,29991200,29991200,29991200
2025-11-12 14:00:00,24402.4,24402.4,24402.4,29991200,29991200,29991200
2025-11-12 18:00:00,24413.9,24413.9,24413.9,29991200,29991200,29991200
2025-11-12 22:00:00,24471.0,24471.0,24471.0,29991200,29991200,29991200
2025-11-13 02:00:00,24463.6,24463.6,24463.6,29991200,29991200,29991200
2025-11-13 06:00:00,24319.3,24319.3,24319.3,29991200,29991200,29991200
2025-11-13 10:00:00,24230.5,24230.5,24230.5,29991200,29991200,29991200
2025-11-13 14:00:00,24007.7,24007.7,24007.7,29991200,29991200,29991200
2025-11-13 18:00:00,24056.3,24056.3,24056.3,29991200,29991200,29991200
2025-11-13 22:00:00,24060.6,24060.6,24060.6,29991200,29991200,29991200
2025-11-14 02:00:00,24092.3,24092.3,24092.3,29991200,29991200,29991200
2025-11-14 06:00:00,23824.2,23824.2,23824.2,29991200,29991200,29991200
2025-11-14 10:00:00,23658.5,23658.5,23658.5,29991200,29991200,29991200
2025-11-14 14:00:00,23872.5,23872.5,23872.5,29991200,29991200,29991200
2025-11-14 18:00:00,23834.6,23834.6,23834.6,29991200,29991200,29991200
2025-11-16 22:00:00,23838.3,23838.3,23838.3,29991200,29991200,29991200
2025-11-17 02:00:00,23857.6,23857.6,23857.6,29991200,29991200,29991200
2025-11-17 06:00:00,23810.8,23810.8,23810.8,29991200,29991200,29991200
2025-11-17 10:00:00,23665.0,23665.0,23665.0,29991200,29991200,29991200
2025-11-17 14:00:00,23566.5,23566.5,23566.5,29991200,29991200,29991200
2025-11-17 18:00:00,23450.5,23450.5,23450.5,29991200,29991200,29991200
2025-11-17 22:00:00,23416.4,23416.4,23416.4,29991200,29991200,29991200
2025-11-18 02:00:00,23260.2,23260.2,23260.2,29991200,29991200,29991200
2025-11-18 06:00:00,23335.7,23335.7,23335.7,29991200,29991200,29991200
2025-11-18 10:00:00,23197.3,23197.3,23197.3,29991200,29991200,29991200
2025-11-18 14:00:00,23243.4,23243.4,23243.4,29991200,29991200,29991200
2025-11-18 18:00:00,23186.2,23186.2,23186.2,29991200,29991200,29991200
2025-11-18 22:00:00,23149.8,23149.8,23149.8,29991200,29991200,29991200
2025-11-19 02:00:00,23125.6,23125.6,23125.6,29991200,29991200,29991200
2025-11-19 06:00:00,23191.9,23191.9,23191.9,29991200,29991200,29991200
2025-11-19 10:00:00,23267.7,23267.7,23267.7,29991200,29991200,29991200
2025-11-19 14:00:00,23195.6,23195.6,23195.6,29991200,29991200,29991200
2025-11-19 18:00:00,23236.3,23236.3,23236.3,29991200,29991200,29991200
2025-11-19 22:00:00,23383.4,23383.4,23383.4,29991200,29991200,29991200
2025-11-20 02:00:00,23383.4,23383.4,23383.4,29991200,29991200,29991200
2025-11-20 06:00:00,23314.9,23314.9,23314.9,29991200,29991200,29991200
2025-11-20 10:00:00,23457.5,23457.5,23457.5,29991200,29991200,29991200
2025-11-20 14:00:00,23043.2,23043.2,23043.2,29991200,29991200,29991200
2025-11-20 18:00:00,22913.6,22913.6,22913.6,29991200,29991200,29991200
2025-11-20 22:00:00,23001.8,23001.8,23001.8,29991200,29991200,29991200
2025-11-21 02:00:00,22966.4,22966.4,22966.4,29991200,29991200,29991200
2025-11-21 06:00:00,23042.5,23042.5,23042.5,29991200,29991200,29991200
2025-11-21 10:00:00,23235.3,23235.3,23235.3,29991200,29991200,29991200
2025-11-21 14:00:00,23199.6,23199.6,23199.6,29991200,29991200,29991200
2025-11-21 18:00:00,23210.7,23210.7,23210.7,29991200,29991200,29991200
2025-11-23 22:00:00,23261.8,23261.8,23261.8,29991200,29991200,29991200
2025-11-24 02:00:00,23282.5,23282.5,23282.5,29991200,29991200,29991200
2025-11-24 06:00:00,23266.1,23266.1,23266.1,29991200,29991200,29991200
2025-11-24 10:00:00,23196.3,23196.3,23196.3,29991200,29991200,29991200
2025-11-24 14:00:00,23241.9,23241.9,23241.9,29991200,29991200,29991200
2025-11-24 18:00:00,23228.3,23228.3,23228.3,29991200,29991200,29991200
2025-11-24 22:00:00,23175.5,23175.5,23175.5,29991200,29991200,29991200
2025-11-25 02:00:00,23214.7,23214.7,23214.7,29991200,29991200,29991200
2025-11-25 06:00:00,23224.4,23224.4,23224.4,29991200,29991200,29991200
2025-11-25 10:00:00,23440.0,23440.0,23440.0,29991200,29991200,29991200
2025-11-25 14:00:00,23529.7,23529.7,23529.7,29991200,29991200,29991200
2025-11-25 18:00:00,23570.4,23570.4,23570.4,29991200,29991200,29991200
2025-11-25 22:00:00,23625.1,23625.1,23625.1,29991200,29991200,29991200
2025-11-26 02:00:00,23620.3,23620.3,23620.3,29991200,29991200,29991200
2025-11-26 06:00:00,23502.8,23502.8,23502.8,29991200,29991200,29991200
2025-11-26 10:00:00,23610.2,23610.2,23610.2,29991200,29991200,29991200
2025-11-26 14:00:00,23754.5,23754.5,23754.5,29991200,29991200,29991200
2025-11-26 18:00:00,23739.2,23739.2,23739.2,29991200,29991200,29991200
2025-11-26 22:00:00,23740.7,23740.7,23740.7,29991200,29991200,29991200
2025-11-27 02:00:00,23744.5,23744.5,23744.5,29991200,29991200,29991200
2025-11-27 06:00:00,23750.6,23750.6,23750.6,29991200,29991200,29991200
2025-11-27 10:00:00,23776.0,23776.0,23776.0,29991200,29991200,29991200
2025-11-27 14:00:00,23763.1,23763.1,23763.1,29991200,29991200,29991200
2025-11-27 18:00:00,23776.5,23776.5,23776.5,29991200,29991200,29991200
2025-11-27 22:00:00,23800.7,23800.7,23800.7,29991200,29991200,29991200
2025-11-28 02:00:00,23774.1,23774.1,23774.1,29991200,29991200,29991200
2025-11-28 06:00:00,23750.5,23750.5,23750.5,29991200,29991200,29991200
2025-11-28 10:00:00,23830.5,23830.5,23830.5,29991200,29991200,29991200
2025-11-28 14:00:00,23843.6,23843.6,23843.6,29991200,29991200,29991200
2025-11-28 18:00:00,23842.3,23842.3,23842.3,29991200,29991200,29991200
2025-11-30 22:00:00,23764.7,23764.7,23764.7,29991200,29991200,29991200
2025-12-01 02:00:00,23727.8,23727.8,23727.8,29991200,29991200,29991200
2025-12-01 06:00:00,23586.2,23586.2,23586.2,29991200,29991200,29991200
2025-12-01 10:00:00,23569.5,23569.5,23569.5,29991200,29991200,29991200
2025-12-01 14:00:00,23627.7,23627.7,23627.7,29991200,29991200,29991200
2025-12-01 18:00:00,23566.1,23566.1,23566.1,29991200,29991200,29991200
2025-12-01 22:00:00,23594.2,23594.2,23594.2,29991200,29991200,29991200
2025-12-02 02:00:00,23601.4,23601.4,23601.4,29991200,29991200,29991200
2025-12-02 06:00:00,23699.8,23699.8,23699.8,29991200,29991200,29991200
2025-12-02 10:00:00,23695.3,23695.3,23695.3,29991200,29991200,29991200
2025-12-02 14:00:00,23691.2,23691.2,23691.2,29991200,29991200,29991200
2025-12-02 18:00:00,23727.2,23727.2,23727.2,29991200,29991200,29991200
2025-12-02 22:00:00,23726.8,23726.8,23726.8,29991200,29991200,29991200
2025-12-03 02:00:00,23741.1,23741.1,23741.1,29991200,29991200,29991200
2025-12-03 06:00:00,23786.2,23786.2,23786.2,29991200,29991200,29991200
2025-12-03 10:00:00,23723.4,23723.4,23723.4,29991200,29991200,29991200
2025-12-03 14:00:00,23717.4,23717.4,23717.4,29991200,29991200,29991200
2025-12-03 18:00:00,23774.8,23774.8,23774.8,29991200,29991200,29991200
2025-12-03 22:00:00,23778.7,23778.7,23778.7,29991200,29991200,29991200
2025-12-04 02:00:00,23814.3,23814.3,23814.3,29991200,29991200,29991200
2025-12-04 06:00:00,23867.3,23867.3,23867.3,29991200,29991200,29991200
2025-12-04 10:00:00,23902.6,23902.6,23902.6,29991200,29991200,29991200
2025-12-04 14:00:00,23898.9,23898.9,23898.9,29991200,29991200,29991200
2025-12-04 18:00:00,23888.4,23888.4,23888.4,29991200,29991200,29991200
2025-12-04 22:00:00,23905.0,23905.0,23905.0,29991200,29991200,29991200
2025-12-05 02:00:00,23945.4,23945.4,23945.4,29991200,29991200,29991200
2025-12-05 06:00:00,24014.9,24014.9,24014.9,29991200,29991200,29991200
2025-12-05 10:00:00,24071.5,24071.5,24071.5,29991200,29991200,29991200
2025-12-05 14:00:00,24059.8,24059.8,24059.8,29991200,29991200,29991200
2025-12-05 18:00:00,24037.2,24037.2,24037.2,29991200,29991200,29991200
2025-12-07 22:00:00,24042.8,24042.8,24042.8,29991200,29991200,29991200
2025-12-08 02:00:00,24033.9,24033.9,24033.9,29991200,29991200,29991200
2025-12-08 06:00:00,24093.4,24093.4,24093.4,29991200,29991200,29991200
2025-12-08 10:00:00,24091.5,24091.5,24091.5,29991200,29991200,29991200
2025-12-08 14:00:00,24046.0,24046.0,24046.0,29991200,29991200,29991200
2025-12-08 18:00:00,24018.0,24018.0,24018.0,29991200,29991200,29991200
2025-12-08 22:00:00,24049.0,24049.0,24049.0,29991200,29991200,29991200
2025-12-09 02:00:00,24048.3,24048.3,24048.3,29991200,29991200,29991200
2025-12-09 06:00:00,24152.3,24152.3,24152.3,29991200,29991200,29991200
2025-12-09 10:00:00,24122.0,24122.0,24122.0,29991200,29991200,29991200
2025-12-09 14:00:00,24141.1,24141.1,24141.1,29991200,29991200,29991200
2025-12-09 18:00:00,24124.6,24124.6,24124.6,29991200,29991200,29991200
2025-12-09 22:00:00,24100.6,24100.6,24100.6,29991200,29991200,29991200
2025-12-10 02:00:00,24110.9,24110.9,24110.9,29991200,29991200,29991200
2025-12-10 06:00:00,24068.1,24068.1,24068.1,29991200,29991200,29991200
2025-12-10 10:00:00,24036.8,24036.8,24036.8,29991200,29991200,29991200
2025-12-10 14:00:00,24127.5,24127.5,24127.5,29991200,29991200,29991200
2025-12-10 18:00:00,24190.6,24190.6,24190.6,29991200,29991200,29991200
2025-12-10 22:00:00,24146.5,24146.5,24146.5,29991200,29991200,29991200
2025-12-11 02:00:00,24053.5,24053.5,24053.5,29991200,29991200,29991200
2025-12-11 06:00:00,24125.7,24125.7,24125.7,29991200,29991200,29991200
2025-12-11 10:00:00,24216.3,24216.3,24216.3,29991200,29991200,29991200
2025-12-11 14:00:00,24348.6,24348.6,24348.6,29991200,29991200,29991200
2025-12-11 18:00:00,24361.2,24361.2,24361.2,29991200,29991200,29991200
2025-12-11 22:00:00,24383.4,24383.4,24383.4,29991200,29991200,29991200
2025-12-12 02:00:00,24430.1,24430.1,24430.1,29991200,29991200,29991200
2025-12-12 06:00:00,24433.2,24433.2,24433.2,29991200,29991200,29991200
2025-12-12 10:00:00,24358.1,24358.1,24358.1,29991200,29991200,29991200
2025-12-12 14:00:00,24246.6,24246.6,24246.6,29991200,29991200,29991200
2025-12-12 18:00:00,24227.0,24227.0,24227.0,29991200,29991200,29991200
2025-12-14 22:00:00,24296.9,24296.9,24296.9,29991200,29991200,29991200
2025-12-15 02:00:00,24306.0,24306.0,24306.0,29991200,29991200,29991200
2025-12-15 06:00:00,24255.8,24255.8,24255.8,29991200,29991200,29991200
2025-12-15 10:00:00,24276.1,24276.1,24276.1,29991200,29991200,29991200
2025-12-15 14:00:00,24167.1,24167.1,24167.1,29991200,29991200,29991200
2025-12-15 18:00:00,24191.8,24191.8,24191.8,29991200,29991200,29991200
2025-12-15 22:00:00,24093.5,24093.5,24093.5,29991200,29991200,29991200
2025-12-16 02:00:00,24063.8,24063.8,24063.8,29991200,29991200,29991200
2025-12-16 06:00:00,24127.9,24127.9,24127.9,29991200,29991200,29991200
2025-12-16 10:00:00,24122.5,24122.5,24122.5,29991200,29991200,29991200
2025-12-16 14:00:00,24070.9,24070.9,24070.9,29991200,29991200,29991200
2025-12-16 18:00:00,24129.6,24129.6,24129.6,29991200,29991200,29991200
2025-12-16 22:00:00,24140.7,24140.7,24140.7,29991200,29991200,29991200
2025-12-17 02:00:00,24099.9,24099.9,24099.9,29991200,29991200,29991200
2025-12-17 06:00:00,24129.9,24129.9,24129.9,29991200,29991200,29991200
2025-12-17 10:00:00,24042.3,24042.3,24042.3,29991200,29991200,29991200
2025-12-17 14:00:00,23972.7,23972.7,23972.7,29991200,29991200,29991200
2025-12-17 18:00:00,23888.2,23888.2,23888.2,29991200,29991200,29991200
2025-12-17 22:00:00,23866.7,23866.7,23866.7,29991200,29991200,29991200
2025-12-18 02:00:00,23917.1,23917.1,23917.1,29991200,29991200,29991200
2025-12-18 06:00:00,23978.0,23978.0,23978.0,29991200,29991200,29991200
2025-12-18 10:00:00,24026.0,24026.0,24026.0,29991200,29991200,29991200
2025-12-18 14:00:00,24157.3,24157.3,24157.3,29991200,29991200,29991200
2025-12-18 18:00:00,24133.0,24133.0,24133.0,29991200,29991200,29991200
2025-12-18 22:00:00,24147.8,24147.8,24147.8,29991200,29991200,29991200
2025-12-19 02:00:00,24138.0,24138.0,24138.0,29991200,29991200,29991200
2025-12-19 06:00:00,24259.6,24259.6,24259.6,29991200,29991200,29991200
2025-12-19 10:00:00,24227.4,24227.4,24227.4,29991200,29991200,29991200
2025-12-19 14:00:00,24348.0,24348.0,24348.0,29991200,29991200,29991200
2025-12-19 18:00:00,24298.2,24298.2,24298.2,29991200,29991200,29991200
2025-12-21 22:00:00,24314.9,24314.9,24314.9,29991200,29991200,29991200
2025-12-22 02:00:00,24267.0,24267.0,24267.0,29991200,29991200,29991200
2025-12-22 06:00:00,24300.1,24300.1,24300.1,29991200,29991200,29991200
2025-12-22 10:00:00,24268.1,24268.1,24268.1,29991200,29991200,29991200
2025-12-22 14:00:00,24301.3,24301.3,24301.3,29991200,29991200,29991200
2025-12-22 18:00:00,24295.5,24295.5,24295.5,29991200,29991200,29991200
2025-12-22 22:00:00,24316.7,24316.7,24316.7,29991200,29991200,29991200
2025-12-23 02:00:00,24301.5,24301.5,24301.5,29991200,29991200,29991200
2025-12-23 06:00:00,24318.3,24318.3,24318.3,29991200,29991200,29991200
2025-12-23 10:00:00,24270.2,24270.2,24270.2,29991200,29991200,29991200
2025-12-23 14:00:00,24324.9,24324.9,24324.9,29991200,29991200,29991200
2025-12-23 18:00:00,24332.8,24332.8,24332.8,29991200,29991200,29991200
2025-12-28 22:00:00,24384.8,24384.8,24384.8,29991200,29991200,29991200
2025-12-29 02:00:00,24373.8,24373.8,24373.8,29991200,29991200,29991200
2025-12-29 06:00:00,24276.4,24276.4,24276.4,29991200,29991200,29991200
2025-12-29 10:00:00,24341.8,24341.8,24341.8,29991200,29991200,29991200
2025-12-29 14:00:00,24370.8,24370.8,24370.8,29991200,29991200,29991200
2025-12-29 18:00:00,24363.0,24363.0,24363.0,29991200,29991200,29991200
2025-12-29 22:00:00,24387.7,24387.7,24387.7,29991200,29991200,29991200
2025-12-30 02:00:00,24381.2,24381.2,24381.2,29991200,29991200,29991200
2025-12-30 06:00:00,24413.8,24413.8,24413.8,29991200,29991200,29991200
2025-12-30 10:00:00,24527.6,24527.6,24527.6,29991200,29991200,29991200
2025-12-30 14:00:00,24594.6,24594.6,24594.6,29991200,29991200,29991200
2025-12-30 18:00:00,24575.7,24575.7,24575.7,29991200,29991200,29991200
2026-01-01 22:00:00,24502.9,24502.9,24502.9,29991200,29991200,29991200
2026-01-02 02:00:00,24538.1,24538.1,24538.1,29991200,29991200,29991200
2026-01-02 06:00:00,24583.1,24583.1,24583.1,29991200,29991200,29991200
2026-01-02 10:00:00,24583.0,24583.0,24583.0,29991200,29991200,29991200
2026-01-02 14:00:00,24472.2,24472.2,24472.2,29991200,29991200,29991200
2026-01-02 18:00:00,24526.4,24526.4,24526.4,29991200,29991200,29991200
2026-01-04 22:00:00,24628.9,24628.9,24628.9,29991200,29991200,29991200
2026-01-05 02:00:00,24654.3,24654.3,24654.3,29991200,29991200,29991200
2026-01-05 06:00:00,24746.1,24746.1,24746.1,29991200,29991200,29991200
2026-01-05 10:00:00,24711.5,24711.5,24711.5,29991200,29991200,29991200
2026-01-05 14:00:00,24850.9,24850.9,24850.9,29991200,29991200,29991200
2026-01-05 18:00:00,24858.3,24858.3,24858.3,29991200,29991200,29991200
2026-01-05 22:00:00,24885.8,24885.8,24885.8,29991200,29991200,29991200
2026-01-06 02:00:00,24914.3,24914.3,24914.3,29991200,29991200,29991200
2026-01-06 06:00:00,24864.7,24864.7,24864.7,29991200,29991200,29991200
2026-01-06 10:00:00,24952.1,24952.1,24952.1,29991200,29991200,29991200
2026-01-06 14:00:00,24934.7,24934.7,24934.7,29991200,29991200,29991200
2026-01-06 18:00:00,24967.2,24967.2,24967.2,29991200,29991200,29991200
2026-01-06 22:00:00,24950.1,24950.1,24950.1,29991200,29991200,29991200
2026-01-07 02:00:00,24956.6,24956.6,24956.6,29991200,29991200,29991200
2026-01-07 06:00:00,25027.3,25027.3,25027.3,29991200,29991200,29991200
2026-01-07 10:00:00,25082.7,25082.7,25082.7,29991200,29991200,29991200
2026-01-07 14:00:00,25128.2,25128.2,25128.2,29991200,29991200,29991200
2026-01-07 18:00:00,25113.3,25113.3,25113.3,29991200,29991200,29991200
2026-01-07 22:00:00,25139.9,25139.9,25139.9,29991200,29991200,29991200
2026-01-08 02:00:00,25053.9,25053.9,25053.9,29991200,29991200,29991200
2026-01-08 06:00:00,25127.7,25127.7,25127.7,29991200,29991200,29991200
2026-01-08 10:00:00,25076.5,25076.5,25076.5,29991200,29991200,29991200
2026-01-08 14:00:00,25174.0,25174.0,25174.0,29991200,29991200,29991200
2026-01-08 18:00:00,25183.6,25183.6,25183.6,29991200,29991200,29991200
2026-01-08 22:00:00,25168.0,25168.0,25168.0,29991200,29991200,29991200
2026-01-09 02:00:00,25174.1,25174.1,25174.1,29991200,29991200,29991200
2026-01-09 06:00:00,25137.6,25137.6,25137.6,29991200,29991200,29991200
2026-01-09 10:00:00,25277.2,25277.2,25277.2,29991200,29991200,29991200
2026-01-09 14:00:00,25241.9,25241.9,25241.9,29991200,29991200,29991200
2026-01-09 18:00:00,25272.6,25272.6,25272.6,29991200,29991200,29991200
2026-01-11 22:00:00,25238.4,25238.4,25238.4,29991200,29991200,29991200
2026-01-12 02:00:00,25219.3,25219.3,25219.3,29991200,29991200,29991200
2026-01-12 06:00:00,25284.3,25284.3,25284.3,29991200,29991200,29991200
2026-01-12 10:00:00,25359.0,25359.0,25359.0,29991200,29991200,29991200
2026-01-12 14:00:00,25410.3,25410.3,25410.3,29991200,29991200,29991200
2026-01-12 18:00:00,25449.3,25449.3,25449.3,29991200,29991200,29991200
2026-01-12 22:00:00,25443.9,25443.9,25443.9,29991200,29991200,29991200
2026-01-13 02:00:00,25457.0,25457.0,25457.0,29991200,29991200,29991200
2026-01-13 06:00:00,25383.6,25383.6,25383.6,29991200,29991200,29991200
2026-01-13 10:00:00,25464.3,25464.3,25464.3,29991200,29991200,29991200
2026-01-13 14:00:00,25434.3,25434.3,25434.3,29991200,29991200,29991200
2026-01-13 18:00:00,25404.6,25404.6,25404.6,29991200,29991200,29991200
2026-01-13 22:00:00,25394.5,25394.5,25394.5,29991200,29991200,29991200
2026-01-14 02:00:00,25394.7,25394.7,25394.7,29991200,29991200,29991200
2026-01-14 06:00:00,25397.1,25397.1,25397.1,29991200,29991200,29991200
2026-01-14 10:00:00,25293.0,25293.0,25293.0,29991200,29991200,29991200
2026-01-14 14:00:00,25249.6,25249.6,25249.6,29991200,29991200,29991200
2026-01-14 18:00:00,25312.1,25312.1,25312.1,29991200,29991200,29991200
2026-01-14 22:00:00,25363.8,25363.8,25363.8,29991200,29991200,29991200
2026-01-15 02:00:00,25359.0,25359.0,25359.0,29991200,29991200,29991200
2026-01-15 06:00:00,25256.3,25256.3,25256.3,29991200,29991200,29991200
2026-01-15 10:00:00,25296.4,25296.4,25296.4,29991200,29991200,29991200
2026-01-15 14:00:00,25305.0,25305.0,25305.0,29991200,29991200,29991200
2026-01-15 18:00:00,25258.5,25258.5,25258.5,29991200,29991200,29991200
2026-01-15 22:00:00,25290.3,25290.3,25290.3,29991200,29991200,29991200
2026-01-16 02:00:00,25294.5,25294.5,25294.5,29991200,29991200,29991200
2026-01-16 06:00:00,25290.3,25290.3,25290.3,29991200,29991200,29991200
2026-01-16 10:00:00,25276.1,25276.1,25276.1,29991200,29991200,29991200
2026-01-16 14:00:00,25273.4,25273.4,25273.4,29991200,29991200,29991200
2026-01-16 18:00:00,25319.8,25319.8,25319.8,29991200,29991200,29991200
2026-01-18 22:00:00,24944.0,24944.0,24944.0,29991200,29991200,29991200
2026-01-19 02:00:00,25000.3,25000.3,25000.3,29991200,29991200,29991200
2026-01-19 06:00:00,24945.5,24945.5,24945.5,29991200,29991200,29991200
2026-01-19 10:00:00,25034.8,25034.8,25034.8,29991200,29991200,29991200
2026-01-19 14:00:00,24945.3,24945.3,24945.3,29991200,29991200,29991200
2026-01-19 18:00:00,24947.3,24947.3,24947.3,29991200,29991200,29991200
2026-01-19 22:00:00,24920.3,24920.3,24920.3,29991200,29991200,29991200
2026-01-20 02:00:00,24907.3,24907.3,24907.3,29991200,29991200,29991200
2026-01-20 06:00:00,24568.7,24568.7,24568.7,29991200,29991200,29991200
2026-01-20 10:00:00,24610.3,24610.3,24610.3,29991200,29991200,29991200
2026-01-20 14:00:00,24639.9,24639.9,24639.9,29991200,29991200,29991200
2026-01-20 18:00:00,24574.0,24574.0,24574.0,29991200,29991200,29991200
2026-01-20 22:00:00,24622.3,24622.3,24622.3,29991200,29991200,29991200
2026-01-21 02:00:00,24664.3,24664.3,24664.3,29991200,29991200,29991200
2026-01-21 06:00:00,24540.0,24540.0,24540.0,29991200,29991200,29991200
2026-01-21 10:00:00,24420.9,24420.9,24420.9,29991200,29991200,29991200
2026-01-21 14:00:00,24504.7,24504.7,24504.7,29991200,29991200,29991200
2026-01-21 18:00:00,24836.2,24836.2,24836.2,29991200,29991200,29991200
2026-01-21 22:00:00,24903.8,24903.8,24903.8,29991200,29991200,29991200
2026-01-22 02:00:00,24855.9,24855.9,24855.9,29991200,29991200,29991200
2026-01-22 06:00:00,24919.1,24919.1,24919.1,29991200,29991200,29991200
2026-01-22 10:00:00,24836.3,24836.3,24836.3,29991200,29991200,29991200
2026-01-22 14:00:00,24842.7,24842.7,24842.7,29991200,29991200,29991200
2026-01-22 18:00:00,24830.7,24830.7,24830.7,29991200,29991200,29991200
2026-01-22 22:00:00,24835.6,24835.6,24835.6,29991200,29991200,29991200
2026-01-23 02:00:00,24883.3,24883.3,24883.3,29991200,29991200,29991200
2026-01-23 06:00:00,24836.9,24836.9,24836.9,29991200,29991200,29991200
2026-01-23 10:00:00,24844.4,24844.4,24844.4,29991200,29991200,29991200
2026-01-23 14:00:00,24853.7,24853.7,24853.7,29991200,29991200,29991200
2026-01-23 18:00:00,24880.0,24880.0,24880.0,29991200,29991200,29991200
2026-01-25 22:00:00,24770.0,24770.0,24770.0,29991200,29991200,29991200
2026-01-26 02:00:00,24803.1,24803.1,24803.1,29991200,29991200,29991200
2026-01-26 06:00:00,24810.3,24810.3,24810.3,29991200,29991200,29991200
2026-01-26 10:00:00,24925.7,24925.7,24925.7,29991200,29991200,29991200
2026-01-26 14:00:00,24958.7,24958.7,24958.7,29991200,29991200,29991200
2026-01-26 18:00:00,24935.8,24935.8,24935.8,29991200,29991200,29991200
2026-01-26 22:00:00,24935.7,24935.7,24935.7,29991200,29991200,29991200
2026-01-27 02:00:00,25002.4,25002.4,25002.4,29991200,29991200,29991200
2026-01-27 06:00:00,24895.2,24895.2,24895.2,29991200,29991200,29991200
2026-01-27 10:00:00,24908.1,24908.1,24908.1,29991200,29991200,29991200
2026-01-27 14:00:00,24869.6,24869.6,24869.6,29991200,29991200,29991200
2026-01-27 18:00:00,24858.3,24858.3,24858.3,29991200,29991200,29991200
2026-01-27 22:00:00,24879.5,24879.5,24879.5,29991200,29991200,29991200
2026-01-28 02:00:00,24912.7,24912.7,24912.7,29991200,29991200,29991200
2026-01-28 06:00:00,24836.6,24836.6,24836.6,29991200,29991200,29991200
2026-01-28 10:00:00,24761.0,24761.0,24761.0,29991200,29991200,29991200
2026-01-28 14:00:00,24818.3,24818.3,24818.3,29991200,29991200,29991200
2026-01-28 18:00:00,24859.4,24859.4,24859.4,29991200,29991200,29991200
2026-01-28 22:00:00,24839.9,24839.9,24839.9,29991200,29991200,29991200
2026-01-29 02:00:00,24751.1,24751.1,24751.1,29991200,29991200,29991200
2026-01-29 06:00:00,24526.7,24526.7,24526.7,29991200,29991200,29991200
2026-01-29 10:00:00,24605.5,24605.5,24605.5,29991200,29991200,29991200
2026-01-29 14:00:00,24390.6,24390.6,24390.6,29991200,29991200,29991200
2026-01-29 18:00:00,24477.5,24477.5,24477.5,29991200,29991200,29991200
2026-01-29 22:00:00,24445.1,24445.1,24445.1,29991200,29991200,29991200
2026-01-30 02:00:00,24420.6,24420.6,24420.6,29991200,29991200,29991200
2026-01-30 06:00:00,24460.3,24460.3,24460.3,29991200,29991200,29991200
2026-01-30 10:00:00,24469.9,24469.9,24469.9,29991200,29991200,29991200
2026-01-30 14:00:00,24497.0,24497.0,24497.0,29991200,29991200,29991200
2026-01-30 18:00:00,24509.0,24509.0,24509.0,29991200,29991200,29991200
2026-02-01 22:00:00,24372.7,24372.7,24372.7,29991200,29991200,29991200
2026-02-02 02:00:00,24274.1,24274.1,24274.1,29991200,29991200,29991200
2026-02-02 06:00:00,24580.1,24580.1,24580.1,29991200,29991200,29991200
2026-02-02 10:00:00,24752.3,24752.3,24752.3,29991200,29991200,29991200
2026-02-02 14:00:00,24815.4,24815.4,24815.4,29991200,29991200,29991200
2026-02-02 18:00:00,24854.5,24854.5,24854.5,29991200,29991200,29991200
2026-02-02 22:00:00,24896.5,24896.5,24896.5,29991200,29991200,29991200
2026-02-03 02:00:00,24884.6,24884.6,24884.6,29991200,29991200,29991200
2026-02-03 06:00:00,24941.6,24941.6,24941.6,29991200,29991200,29991200
2026-02-03 10:00:00,24801.4,24801.4,24801.4,29991200,29991200,29991200
2026-02-03 14:00:00,24698.9,24698.9,24698.9,29991200,29991200,29991200
2026-02-03 18:00:00,24747.6,24747.6,24747.6,29991200,29991200,29991200
2026-02-03 22:00:00,24803.9,24803.9,24803.9,29991200,29991200,29991200
2026-02-04 02:00:00,24783.1,24783.1,24783.1,29991200,29991200,29991200
2026-02-04 06:00:00,24702.2,24702.2,24702.2,29991200,29991200,29991200
2026-02-04 10:00:00,24677.2,24677.2,24677.2,29991200,29991200,29991200
2026-02-04 14:00:00,24584.7,24584.7,24584.7,29991200,29991200,29991200
2026-02-04 18:00:00,24612.1,24612.1,24612.1,29991200,29991200,29991200
2026-02-04 22:00:00,24709.6,24709.6,24709.6,29991200,29991200,29991200
2026-02-05 02:00:00,24604.1,24604.1,24604.1,29991200,29991200,29991200
2026-02-05 06:00:00,24482.9,24482.9,24482.9,29991200,29991200,29991200
2026-02-05 10:00:00,24317.3,24317.3,24317.3,29991200,29991200,29991200
2026-02-05 14:00:00,24492.7,24492.7,24492.7,29991200,29991200,29991200
2026-02-05 18:00:00,24452.3,24452.3,24452.3,29991200,29991200,29991200
2026-02-05 22:00:00,24475.0,24475.0,24475.0,29991200,29991200,29991200
2026-02-06 02:00:00,24514.4,24514.4,24514.4,29991200,29991200,29991200
2026-02-06 06:00:00,24527.6,24527.6,24527.6,29991200,29991200,29991200
2026-02-06 10:00:00,24588.4,24588.4,24588.4,29991200,29991200,29991200
2026-02-06 14:00:00,24715.0,24715.0,24715.0,29991200,29991200,29991200
2026-02-06 18:00:00,24780.2,24780.2,24780.2,29991200,29991200,29991200
2026-02-08 22:00:00,24774.7,24774.7,24774.7,29991200,29991200,29991200
2026-02-09 02:00:00,24807.2,24807.2,24807.2,29991200,29991200,29991200
2026-02-09 06:00:00,24788.4,24788.4,24788.4,29991200,29991200,29991200
2026-02-09 10:00:00,24826.4,24826.4,24826.4,29991200,29991200,29991200
2026-02-09 14:00:00,24988.9,24988.9,24988.9,29991200,29991200,29991200
2026-02-09 18:00:00,25021.9,25021.9,25021.9,29991200,29991200,29991200
2026-02-09 22:00:00,24993.7,24993.7,24993.7,29991200,29991200,29991200
2026-02-10 02:00:00,24984.5,24984.5,24984.5,29991200,29991200,29991200
2026-02-10 06:00:00,25042.3,25042.3,25042.3,29991200,29991200,29991200
2026-02-10 10:00:00,24974.3,24974.3,24974.3,29991200,29991200,29991200
2026-02-10 14:00:00,25021.3,25021.3,25021.3,29991200,29991200,29991200
2026-02-10 18:00:00,24971.3,24971.3,24971.3,29991200,29991200,29991200
2026-02-10 22:00:00,25008.2,25008.2,25008.2,29991200,29991200,29991200
2026-02-11 02:00:00,24990.9,24990.9,24990.9,29991200,29991200,29991200
2026-02-11 06:00:00,24857.9,24857.9,24857.9,29991200,29991200,29991200
2026-02-11 10:00:00,24952.6,24952.6,24952.6,29991200,29991200,29991200
2026-02-11 14:00:00,24871.6,24871.6,24871.6,29991200,29991200,29991200
2026-02-11 18:00:00,24905.4,24905.4,24905.4,29991200,29991200,29991200
2026-02-11 22:00:00,24933.5,24933.5,24933.5,29991200,29991200,29991200
2026-02-12 02:00:00,24991.8,24991.8,24991.8,29991200,29991200,29991200
2026-02-12 06:00:00,25172.3,25172.3,25172.3,29991200,29991200,29991200
2026-02-12 10:00:00,25189.8,25189.8,25189.8,29991200,29991200,29991200
2026-02-12 14:00:00,24862.1,24862.1,24862.1,29991200,29991200,29991200
2026-02-12 18:00:00,24879.5,24879.5,24879.5,29991200,29991200,29991200
2026-02-12 22:00:00,24913.1,24913.1,24913.1,29991200,29991200,29991200
2026-02-13 02:00:00,24845.3,24845.3,24845.3,29991200,29991200,29991200
2026-02-13 06:00:00,24803.4,24803.4,24803.4,29991200,29991200,29991200
2026-02-13 10:00:00,24883.2,24883.2,24883.2,29991200,29991200,29991200
2026-02-13 14:00:00,24921.2,24921.2,24921.2,29991200,29991200,29991200
2026-02-13 18:00:00,24894.1,24894.1,24894.1,29991200,29991200,29991200
2026-02-15 22:00:00,24911.7,24911.7,24911.7,29991200,29991200,29991200
2026-02-16 02:00:00,24917.2,24917.2,24917.2,29991200,29991200,29991200
2026-02-16 06:00:00,24929.7,24929.7,24929.7,29991200,29991200,29991200
2026-02-16 10:00:00,24900.0,24900.0,24900.0,29991200,29991200,29991200
2026-02-16 14:00:00,24821.9,24821.9,24821.9,29991200,29991200,29991200
2026-02-16 18:00:00,24811.4,24811.4,24811.4,29991200,29991200,29991200
2026-02-16 22:00:00,24761.2,24761.2,24761.2,29991200,29991200,29991200
2026-02-17 02:00:00,24689.0,24689.0,24689.0,29991200,29991200,29991200
2026-02-17 06:00:00,24854.9,24854.9,24854.9,29991200,29991200,29991200
2026-02-17 10:00:00,24828.1,24828.1,24828.1,29991200,29991200,29991200
2026-02-17 14:00:00,24960.6,24960.6,24960.6,29991200,29991200,29991200
2026-02-17 18:00:00,25021.7,25021.7,25021.7,29991200,29991200,29991200
2026-02-17 22:00:00,25012.9,25012.9,25012.9,29991200,29991200,29991200
2026-02-18 02:00:00,25060.9,25060.9,25060.9,29991200,29991200,29991200
2026-02-18 06:00:00,25181.4,25181.4,25181.4,29991200,29991200,29991200
2026-02-18 10:00:00,25107.1,25107.1,25107.1,29991200,29991200,29991200
2026-02-18 14:00:00,25279.5,25279.5,25279.5,29991200,29991200,29991200
2026-02-18 18:00:00,25231.0,25231.0,25231.0,29991200,29991200,29991200
2026-02-18 22:00:00,25233.8,25233.8,25233.8,29991200,29991200,29991200
2026-02-19 02:00:00,25203.8,25203.8,25203.8,29991200,29991200,29991200
2026-02-19 06:00:00,25043.1,25043.1,25043.1,29991200,29991200,29991200
2026-02-19 10:00:00,25026.1,25026.1,25026.1,29991200,29991200,29991200
2026-02-19 14:00:00,24969.9,24969.9,24969.9,29991200,29991200,29991200
2026-02-19 18:00:00,25002.0,25002.0,25002.0,29991200,29991200,29991200
2026-02-19 22:00:00,25047.8,25047.8,25047.8,29991200,29991200,29991200
2026-02-20 02:00:00,25080.7,25080.7,25080.7,29991200,29991200,29991200
2026-02-20 06:00:00,25096.7,25096.7,25096.7,29991200,29991200,29991200
2026-02-20 10:00:00,25093.0,25093.0,25093.0,29991200,29991200,29991200
2026-02-20 14:00:00,25219.7,25219.7,25219.7,29991200,29991200,29991200
2026-02-20 18:00:00,25236.7,25236.7,25236.7,29991200,29991200,29991200
2026-02-22 22:00:00,25086.7,25086.7,25086.7,29991200,29991200,29991200
2026-02-23 02:00:00,25062.2,25062.2,25062.2,29991200,29991200,29991200
2026-02-23 06:00:00,25108.7,25108.7,25108.7,29991200,29991200,29991200
2026-02-23 10:00:00,25145.3,25145.3,25145.3,29991200,29991200,29991200
2026-02-23 14:00:00,24971.3,24971.3,24971.3,29991200,29991200,29991200
2026-02-23 18:00:00,24962.8,24962.8,24962.8,29991200,29991200,29991200
2026-02-23 22:00:00,24984.4,24984.4,24984.4,29991200,29991200,29991200
2026-02-24 02:00:00,25013.2,25013.2,25013.2,29991200,29991200,29991200
2026-02-24 06:00:00,24949.0,24949.0,24949.0,29991200,29991200,29991200
2026-02-24 10:00:00,24972.8,24972.8,24972.8,29991200,29991200,29991200
2026-02-24 14:00:00,25025.6,25025.6,25025.6,29991200,29991200,29991200
2026-02-24 18:00:00,25037.8,25037.8,25037.8,29991200,29991200,29991200
2026-02-24 22:00:00,25039.5,25039.5,25039.5,29991200,29991200,29991200
2026-02-25 02:00:00,25022.2,25022.2,25022.2,29991200,29991200,29991200
2026-02-25 06:00:00,25056.4,25056.4,25056.4,29991200,29991200,29991200
2026-02-25 10:00:00,25134.3,25134.3,25134.3,29991200,29991200,29991200
2026-02-25 14:00:00,25187.3,25187.3,25187.3,29991200,29991200,29991200
2026-02-25 18:00:00,25196.7,25196.7,25196.7,29991200,29991200,29991200
2026-02-25 22:00:00,25156.7,25156.7,25156.7,29991200,29991200,29991200
2026-02-26 02:00:00,25119.2,25119.2,25119.2,29991200,29991200,29991200
2026-02-26 06:00:00,25177.5,25177.5,25177.5,29991200,29991200,29991200
2026-02-26 10:00:00,25256.3,25256.3,25256.3,29991200,29991200,29991200
2026-02-26 14:00:00,25221.6,25221.6,25221.6,29991200,29991200,29991200
2026-02-26 18:00:00,25328.6,25328.6,25328.6,29991200,29991200,29991200
2026-02-26 22:00:00,25248.6,25248.6,25248.6,29991200,29991200,29991200
2026-02-27 02:00:00,25271.9,25271.9,25271.9,29991200,29991200,29991200
2026-02-27 06:00:00,25345.1,25345.1,25345.1,29991200,29991200,29991200
2026-02-27 10:00:00,25266.4,25266.4,25266.4,29991200,29991200,29991200
2026-02-27 14:00:00,25209.2,25209.2,25209.2,29991200,29991200,29991200
2026-02-27 18:00:00,25152.1,25152.1,25152.1,29991200,29991200,29991200
2026-03-01 22:00:00,24950.4,24950.4,24950.4,29991200,29991200,29991200
2026-03-02 02:00:00,24834.9,24834.9,24834.9,29991200,29991200,29991200
2026-03-02 06:00:00,24832.7,24832.7,24832.7,29991200,29991200,29991200
2026-03-02 10:00:00,24590.5,24590.5,24590.5,29991200,29991200,29991200
2026-03-02 14:00:00,24702.0,24702.0,24702.0,29991200,29991200,29991200
2026-03-02 18:00:00,24633.3,24633.3,24633.3,29991200,29991200,29991200
2026-03-02 22:00:00,24543.3,24543.3,24543.3,29991200,29991200,29991200
2026-03-03 02:00:00,24395.6,24395.6,24395.6,29991200,29991200,29991200
2026-03-03 06:00:00,23860.5,23860.5,23860.5,29991200,29991200,29991200
2026-03-03 10:00:00,23717.5,23717.5,23717.5,29991200,29991200,29991200
2026-03-03 14:00:00,23865.7,23865.7,23865.7,29991200,29991200,29991200
2026-03-03 18:00:00,24021.6,24021.6,24021.6,29991200,29991200,29991200
2026-03-03 22:00:00,23891.1,23891.1,23891.1,29991200,29991200,29991200
2026-03-04 02:00:00,23756.8,23756.8,23756.8,29991200,29991200,29991200
2026-03-04 06:00:00,24015.0,24015.0,24015.0,29991200,29991200,29991200
2026-03-04 10:00:00,24169.9,24169.9,24169.9,29991200,29991200,29991200
2026-03-04 14:00:00,24203.8,24203.8,24203.8,29991200,29991200,29991200
2026-03-04 18:00:00,24253.5,24253.5,24253.5,29991200,29991200,29991200
2026-03-04 22:00:00,24173.6,24173.6,24173.6,29991200,29991200,29991200
2026-03-05 02:00:00,24045.3,24045.3,24045.3,29991200,29991200,29991200
2026-03-05 06:00:00,24262.5,24262.5,24262.5,29991200,29991200,29991200
2026-03-05 10:00:00,23998.7,23998.7,23998.7,29991200,29991200,29991200
2026-03-05 14:00:00,23680.3,23680.3,23680.3,29991200,29991200,29991200
2026-03-05 18:00:00,23832.6,23832.6,23832.6,29991200,29991200,29991200
2026-03-05 22:00:00,23888.1,23888.1,23888.1,29991200,29991200,29991200
2026-03-06 02:00:00,23953.3,23953.3,23953.3,29991200,29991200,29991200
2026-03-06 06:00:00,23774.1,23774.1,23774.1,29991200,29991200,29991200
2026-03-06 10:00:00,23400.9,23400.9,23400.9,29991200,29991200,29991200
2026-03-06 14:00:00,23560.2,23560.2,23560.2,29991200,29991200,29991200
2026-03-06 18:00:00,23642.3,23642.3,23642.3,29991200,29991200,29991200
2026-03-08 21:00:00,22930.3,22930.3,22930.3,29991200,29991200,29991200
2026-03-09 01:00:00,22745.9,22745.9,22745.9,29991200,29991200,29991200
2026-03-09 05:00:00,23029.0,23029.0,23029.0,29991200,29991200,29991200
2026-03-09 09:00:00,23208.4,23208.4,23208.4,29991200,29991200,29991200
2026-03-09 13:00:00,23448.2,23448.2,23448.2,29991200,29991200,29991200
2026-03-09 17:00:00,23801.7,23801.7,23801.7,29991200,29991200,29991200
2026-03-09 21:00:00,23704.5,23704.5,23704.5,29991200,29991200,29991200
2026-03-10 01:00:00,23557.0,23557.0,23557.0,29991200,29991200,29991200
2026-03-10 05:00:00,23885.3,23885.3,23885.3,29991200,29991200,29991200
2026-03-10 09:00:00,23906.5,23906.5,23906.5,29991200,29991200,29991200
2026-03-10 13:00:00,24019.7,24019.7,24019.7,29991200,29991200,29991200
2026-03-10 17:00:00,23793.1,23793.1,23793.1,29991200,29991200,29991200
2026-03-10 21:00:00,23883.0,23883.0,23883.0,29991200,29991200,29991200
2026-03-11 01:00:00,23949.3,23949.3,23949.3,29991200,29991200,29991200
2026-03-11 05:00:00,23591.7,23591.7,23591.7,29991200,29991200,29991200
2026-03-11 09:00:00,23566.1,23566.1,23566.1,29991200,29991200,29991200
2026-03-11 13:00:00,23671.8,23671.8,23671.8,29991200,29991200,29991200
2026-03-11 17:00:00,23624.4,23624.4,23624.4,29991200,29991200,29991200
2026-03-11 21:00:00,23410.6,23410.6,23410.6,29991200,29991200,29991200
2026-03-12 01:00:00,23288.7,23288.7,23288.7,29991200,29991200,29991200
2026-03-12 05:00:00,23589.9,23589.9,23589.9,29991200,29991200,29991200
2026-03-12 09:00:00,23584.8,23584.8,23584.8,29991200,29991200,29991200
2026-03-12 13:00:00,23554.0,23554.0,23554.0,29991200,29991200,29991200
2026-03-12 17:00:00,23510.0,23510.0,23510.0,29991200,29991200,29991200
2026-03-12 21:00:00,23594.5,23594.5,23594.5,29991200,29991200,29991200
2026-03-13 01:00:00,23592.5,23592.5,23592.5,29991200,29991200,29991200
2026-03-13 05:00:00,23399.6,23399.6,23399.6,29991200,29991200,29991200
2026-03-13 09:00:00,23637.1,23637.1,23637.1,29991200,29991200,29991200
2026-03-13 13:00:00,23405.7,23405.7,23405.7,29991200,29991200,29991200
2026-03-13 17:00:00,23356.2,23356.2,23356.2,29991200,29991200,29991200
2026-03-15 21:00:00,23532.3,23532.3,23532.3,29991200,29991200,29991200
2026-03-16 01:00:00,23466.5,23466.5,23466.5,29991200,29991200,29991200
2026-03-16 05:00:00,23420.4,23420.4,23420.4,29991200,29991200,29991200
2026-03-16 09:00:00,23562.9,23562.9,23562.9,29991200,29991200,29991200
2026-03-16 13:00:00,23560.5,23560.5,23560.5,29991200,29991200,29991200
2026-03-16 17:00:00,23607.5,23607.5,23607.5,29991200,29991200,29991200
2026-03-16 21:00:00,23531.3,23531.3,23531.3,29991200,29991200,29991200
2026-03-17 01:00:00,23550.0,23550.0,23550.0,29991200,29991200,29991200
2026-03-17 05:00:00,23493.7,23493.7,23493.7,29991200,29991200,29991200
2026-03-17 09:00:00,23673.4,23673.4,23673.4,29991200,29991200,29991200
2026-03-17 13:00:00,23690.2,23690.2,23690.2,29991200,29991200,29991200
2026-03-17 17:00:00,23684.0,23684.0,23684.0,29991200,29991200,29991200
2026-03-17 21:00:00,23735.6,23735.6,23735.6,29991200,29991200,29991200
2026-03-18 01:00:00,23828.7,23828.7,23828.7,29991200,29991200,29991200
2026-03-18 05:00:00,23867.5,23867.5,23867.5,29991200,29991200,29991200
2026-03-18 09:00:00,23598.1,23598.1,23598.1,29991200,29991200,29991200
2026-03-18 13:00:00,23493.5,23493.5,23493.5,29991200,29991200,29991200
2026-03-18 17:00:00,23136.5,23136.5,23136.5,29991200,29991200,29991200
2026-03-18 21:00:00,23119.6,23119.6,23119.6,29991200,29991200,29991200
2026-03-19 01:00:00,23112.5,23112.5,23112.5,29991200,29991200,29991200
2026-03-19 05:00:00,22950.7,22950.7,22950.7,29991200,29991200,29991200
2026-03-19 09:00:00,22812.2,22812.2,22812.2,29991200,29991200,29991200
2026-03-19 13:00:00,22799.4,22799.4,22799.4,29991200,29991200,29991200
2026-03-19 17:00:00,22990.7,22990.7,22990.7,29991200,29991200,29991200
2026-03-19 21:00:00,22997.8,22997.8,22997.8,29991200,29991200,29991200
2026-03-20 01:00:00,22969.1,22969.1,22969.1,29991200,29991200,29991200
2026-03-20 05:00:00,23033.0,23033.0,23033.0,29991200,29991200,29991200
2026-03-20 09:00:00,22884.3,22884.3,22884.3,29991200,29991200,29991200
2026-03-20 13:00:00,22305.2,22305.2,22305.2,29991200,29991200,29991200
2026-03-20 17:00:00,22195.2,22195.2,22195.2,29991200,29991200,29991200
2026-03-22 21:00:00,21984.3,21984.3,21984.3,29991200,29991200,29991200
2026-03-23 01:00:00,22056.1,22056.1,22056.1,29991200,29991200,29991200
2026-03-23 05:00:00,21954.9,21954.9,21954.9,29991200,29991200,29991200
2026-03-23 09:00:00,22879.7,22879.7,22879.7,29991200,29991200,29991200
2026-03-23 13:00:00,22686.1,22686.1,22686.1,29991200,29991200,29991200
2026-03-23 17:00:00,22776.1,22776.1,22776.1,29991200,29991200,29991200
2026-03-23 21:00:00,22564.9,22564.9,22564.9,29991200,29991200,29991200
2026-03-24 01:00:00,22435.8,22435.8,22435.8,29991200,29991200,29991200
2026-03-24 05:00:00,22474.4,22474.4,22474.4,29991200,29991200,29991200
2026-03-24 09:00:00,22423.2,22423.2,22423.2,29991200,29991200,29991200
2026-03-24 13:00:00,22580.3,22580.3,22580.3,29991200,29991200,29991200
2026-03-24 17:00:00,22836.7,22836.7,22836.7,29991200,29991200,29991200
2026-03-24 21:00:00,22937.3,22937.3,22937.3,29991200,29991200,29991200
2026-03-25 01:00:00,22908.8,22908.8,22908.8,29991200,29991200,29991200
2026-03-25 05:00:00,22975.2,22975.2,22975.2,29991200,29991200,29991200
2026-03-25 09:00:00,22983.2,22983.2,22983.2,29991200,29991200,29991200
2026-03-25 13:00:00,22942.2,22942.2,22942.2,29991200,29991200,29991200
2026-03-25 17:00:00,22902.6,22902.6,22902.6,29991200,29991200,29991200
2026-03-25 21:00:00,22878.7,22878.7,22878.7,29991200,29991200,29991200
2026-03-26 01:00:00,22800.1,22800.1,22800.1,29991200,29991200,29991200
2026-03-26 05:00:00,22672.4,22672.4,22672.4,29991200,29991200,29991200
2026-03-26 09:00:00,22601.3,22601.3,22601.3,29991200,29991200,29991200
2026-03-26 13:00:00,22597.9,22597.9,22597.9,29991200,29991200,29991200
2026-03-26 17:00:00,22598.0,22598.0,22598.0,29991200,29991200,29991200
2026-03-26 21:00:00,22578.5,22578.5,22578.5,29991200,29991200,29991200
2026-03-27 01:00:00,22715.3,22715.3,22715.3,29991200,29991200,29991200
2026-03-27 05:00:00,22366.1,22366.1,22366.1,29991200,29991200,29991200
2026-03-27 09:00:00,22316.4,22316.4,22316.4,29991200,29991200,29991200
2026-03-27 13:00:00,22298.1,22298.1,22298.1,29991200,29991200,29991200
2026-03-27 17:00:00,22128.0,22128.0,22128.0,29991200,29991200,29991200
2026-03-29 21:00:00,21970.8,21970.8,21970.8,29991200,29991200,29991200
2026-03-30 01:00:00,22152.1,22152.1,22152.1,29991200,29991200,29991200
2026-03-30 05:00:00,22345.9,22345.9,22345.9,29991200,29991200,29991200
2026-03-30 09:00:00,22408.5,22408.5,22408.5,29991200,29991200,29991200
2026-03-30 13:00:00,22532.0,22532.0,22532.0,29991200,29991200,29991200
2026-03-30 17:00:00,22442.0,22442.0,22442.0,29991200,29991200,29991200
2026-03-30 21:00:00,22526.5,22526.5,22526.5,29991200,29991200,29991200
2026-03-31 01:00:00,22556.5,22556.5,22556.5,29991200,29991200,29991200
2026-03-31 05:00:00,22678.1,22678.1,22678.1,29991200,29991200,29991200
2026-03-31 09:00:00,22750.8,22750.8,22750.8,29991200,29991200,29991200
2026-03-31 13:00:00,22862.5,22862.5,22862.5,29991200,29991200,29991200
2026-03-31 17:00:00,23010.6,23010.6,23010.6,29991200,29991200,29991200
2026-03-31 21:00:00,23076.6,23076.6,23076.6,29991200,29991200,29991200
2026-04-01 01:00:00,23061.1,23061.1,23061.1,29991200,29991200,29991200
2026-04-01 05:00:00,23170.3,23170.3,23170.3,29991200,29991200,29991200
2026-04-01 09:00:00,23203.2,23203.2,23203.2,29991200,29991200,29991200
2026-04-01 13:00:00,23348.1,23348.1,23348.1,29991200,29991200,29991200
2026-04-01 17:00:00,23313.8,23313.8,23313.8,29991200,29991200,29991200
2026-04-01 21:00:00,23337.3,23337.3,23337.3,29991200,29991200,29991200
2026-04-02 01:00:00,22834.5,22834.5,22834.5,29991200,29991200,29991200
2026-04-02 05:00:00,22951.1,22951.1,22951.1,29991200,29991200,29991200
2026-04-02 09:00:00,22746.1,22746.1,22746.1,29991200,29991200,29991200
2026-04-02 13:00:00,23118.4,23118.4,23118.4,29991200,29991200,29991200
2026-04-02 17:00:00,23181.8,23181.8,23181.8,29991200,29991200,29991200
2026-04-06 21:00:00,23266.8,23266.8,23266.8,29991200,29991200,29991200
2026-04-07 01:00:00,23124.1,23124.1,23124.1,29991200,29991200,29991200
2026-04-07 05:00:00,23321.4,23321.4,23321.4,29991200,29991200,29991200
2026-04-07 09:00:00,23078.7,23078.7,23078.7,29991200,29991200,29991200
2026-04-07 13:00:00,23024.1,23024.1,23024.1,29991200,29991200,29991200
2026-04-07 17:00:00,23181.0,23181.0,23181.0,29991200,29991200,29991200
2026-04-07 21:00:00,23922.2,23922.2,23922.2,29991200,29991200,29991200
2026-04-08 01:00:00,24097.6,24097.6,24097.6,29991200,29991200,29991200
2026-04-08 05:00:00,23967.4,23967.4,23967.4,29991200,29991200,29991200
2026-04-08 09:00:00,24138.1,24138.1,24138.1,29991200,29991200,29991200
2026-04-08 13:00:00,24081.2,24081.2,24081.2,29991200,29991200,29991200
2026-04-08 17:00:00,24038.7,24038.7,24038.7,29991200,29991200,29991200
2026-04-08 21:00:00,23897.3,23897.3,23897.3,29991200,29991200,29991200
2026-04-09 01:00:00,23877.9,23877.9,23877.9,29991200,29991200,29991200
2026-04-09 05:00:00,23748.6,23748.6,23748.6,29991200,29991200,29991200
2026-04-09 09:00:00,23755.8,23755.8,23755.8,29991200,29991200,29991200
2026-04-09 13:00:00,23868.8,23868.8,23868.8,29991200,29991200,29991200
2026-04-09 17:00:00,23867.8,23867.8,23867.8,29991200,29991200,29991200
2026-04-09 21:00:00,23859.6,23859.6,23859.6,29991200,29991200,29991200
2026-04-10 01:00:00,23892.0,23892.0,23892.0,29991200,29991200,29991200
2026-04-10 05:00:00,23768.7,23768.7,23768.7,29991200,29991200,29991200
2026-04-10 09:00:00,23961.0,23961.0,23961.0,29991200,29991200,29991200
2026-04-10 13:00:00,23766.5,23766.5,23766.5,29991200,29991200,29991200
2026-04-10 17:00:00,23775.7,23775.7,23775.7,29991200,29991200,29991200
2026-04-12 21:00:00,23550.8,23550.8,23550.8,29991200,29991200,29991200
2026-04-13 01:00:00,23507.3,23507.3,23507.3,29991200,29991200,29991200
2026-04-13 05:00:00,23565.3,23565.3,23565.3,29991200,29991200,29991200
2026-04-13 09:00:00,23539.1,23539.1,23539.1,29991200,29991200,29991200
2026-04-13 13:00:00,23849.7,23849.7,23849.7,29991200,29991200,29991200
2026-04-13 17:00:00,23923.0,23923.0,23923.0,29991200,29991200,29991200
2026-04-13 21:00:00,23917.9,23917.9,23917.9,29991200,29991200,29991200
2026-04-14 01:00:00,23874.3,23874.3,23874.3,29991200,29991200,29991200
2026-04-14 05:00:00,24029.2,24029.2,24029.2,29991200,29991200,29991200
2026-04-14 09:00:00,24015.6,24015.6,24015.6,29991200,29991200,29991200
2026-04-14 13:00:00,24024.3,24024.3,24024.3,29991200,29991200,29991200
2026-04-14 17:00:00,24049.2,24049.2,24049.2,29991200,29991200,29991200
2026-04-14 21:00:00,24034.6,24034.6,24034.6,29991200,29991200,29991200
2026-04-15 01:00:00,23999.9,23999.9,23999.9,29991200,29991200,29991200
2026-04-15 05:00:00,24079.1,24079.1,24079.1,29991200,29991200,29991200
2026-04-15 09:00:00,24045.6,24045.6,24045.6,29991200,29991200,29991200
2026-04-15 13:00:00,24019.5,24019.5,24019.5,29991200,29991200,29991200
2026-04-15 17:00:00,24059.6,24059.6,24059.6,29991200,29991200,29991200
2026-04-15 21:00:00,24130.9,24130.9,24130.9,29991200,29991200,29991200
2026-04-16 01:00:00,24116.2,24116.2,24116.2,29991200,29991200,29991200
2026-04-16 05:00:00,24104.9,24104.9,24104.9,29991200,29991200,29991200
2026-04-16 09:00:00,24220.6,24220.6,24220.6,29991200,29991200,29991200
2026-04-16 13:00:00,24074.3,24074.3,24074.3,29991200,29991200,29991200
2026-04-16 17:00:00,24090.5,24090.5,24090.5,29991200,29991200,29991200
2026-04-16 21:00:00,24156.0,24156.0,24156.0,29991200,29991200,29991200
2026-04-17 01:00:00,24140.7,24140.7,24140.7,29991200,29991200,29991200
2026-04-17 05:00:00,24303.9,24303.9,24303.9,29991200,29991200,29991200
2026-04-17 09:00:00,24602.3,24602.3,24602.3,29991200,29991200,29991200
2026-04-17 13:00:00,24690.0,24690.0,24690.0,29991200,29991200,29991200
2026-04-17 17:00:00,24629.2,24629.2,24629.2,29991200,29991200,29991200
2026-04-19 21:00:00,24404.5,24404.5,24404.5,29991200,29991200,29991200
2026-04-20 01:00:00,24396.8,24396.8,24396.8,29991200,29991200,29991200
2026-04-20 05:00:00,24319.0,24319.0,24319.0,29991200,29991200,29991200
2026-04-20 09:00:00,24341.2,24341.2,24341.2,29991200,29991200,29991200
2026-04-20 13:00:00,24369.4,24369.4,24369.4,29991200,29991200,29991200
2026-04-20 17:00:00,24438.4,24438.4,24438.4,29991200,29991200,29991200
2026-04-20 21:00:00,24488.5,24488.5,24488.5,29991200,29991200,29991200
2026-04-21 01:00:00,24505.8,24505.8,24505.8,29991200,29991200,29991200
2026-04-21 05:00:00,24569.7,24569.7,24569.7,29991200,29991200,29991200
2026-04-21 09:00:00,24445.2,24445.2,24445.2,29991200,29991200,29991200
2026-04-21 13:00:00,24190.3,24190.3,24190.3,29991200,29991200,29991200
2026-04-21 17:00:00,24062.5,24062.5,24062.5,29991200,29991200,29991200
2026-04-21 21:00:00,24235.1,24235.1,24235.1,29991200,29991200,29991200
2026-04-22 01:00:00,24193.3,24193.3,24193.3,29991200,29991200,29991200
2026-04-22 05:00:00,24274.6,24274.6,24274.6,29991200,29991200,29991200
2026-04-22 09:00:00,24218.5,24218.5,24218.5,29991200,29991200,29991200
2026-04-22 13:00:00,24169.0,24169.0,24169.0,29991200,29991200,29991200
2026-04-22 17:00:00,24203.5,24203.5,24203.5,29991200,29991200,29991200
2026-04-22 21:00:00,24083.8,24083.8,24083.8,29991200,29991200,29991200
2026-04-23 01:00:00,23923.6,23923.6,23923.6,29991200,29991200,29991200
2026-04-23 05:00:00,24038.3,24038.3,24038.3,29991200,29991200,29991200
2026-04-23 09:00:00,24109.7,24109.7,24109.7,29991200,29991200,29991200
2026-04-23 13:00:00,24213.1,24213.1,24213.1,29991200,29991200,29991200
2026-04-23 17:00:00,24069.7,24069.7,24069.7,29991200,29991200,29991200
2026-04-23 21:00:00,24150.5,24150.5,24150.5,29991200,29991200,29991200
2026-04-24 01:00:00,24113.4,24113.4,24113.4,29991200,29991200,29991200
2026-04-24 05:00:00,24028.0,24028.0,24028.0,29991200,29991200,29991200
2026-04-24 09:00:00,24121.6,24121.6,24121.6,29991200,29991200,29991200
2026-04-24 13:00:00,24192.1,24192.1,24192.1,29991200,29991200,29991200
2026-04-24 17:00:00,24216.4,24216.4,24216.4,29991200,29991200,29991200
2026-04-26 21:00:00,24175.4,24175.4,24175.4,29991200,29991200,29991200
2026-04-27 01:00:00,24195.6,24195.6,24195.6,29991200,29991200,29991200
2026-04-27 05:00:00,24216.1,24216.1,24216.1,29991200,29991200,29991200
2026-04-27 09:00:00,24199.8,24199.8,24199.8,29991200,29991200,29991200
2026-04-27 13:00:00,24129.7,24129.7,24129.7,29991200,29991200,29991200
2026-04-27 17:00:00,24095.4,24095.4,24095.4,29991200,29991200,29991200
2026-04-27 21:00:00,24120.0,24120.0,24120.0,29991200,29991200,29991200
2026-04-28 01:00:00,24141.9,24141.9,24141.9,29991200,29991200,29991200
2026-04-28 05:00:00,24123.9,24123.9,24123.9,29991200,29991200,29991200
2026-04-28 09:00:00,24049.6,24049.6,24049.6,29991200,29991200,29991200
2026-04-28 13:00:00,23990.4,23990.4,23990.4,29991200,29991200,29991200
2026-04-28 17:00:00,23987.1,23987.1,23987.1,29991200,29991200,29991200
2026-04-28 21:00:00,24036.5,24036.5,24036.5,29991200,29991200,29991200
2026-04-29 01:00:00,24040.1,24040.1,24040.1,29991200,29991200,29991200
2026-04-29 05:00:00,23936.4,23936.4,23936.4,29991200,29991200,29991200
2026-04-29 09:00:00,23987.0,23987.0,23987.0,29991200,29991200,29991200
2026-04-29 13:00:00,23846.9,23846.9,23846.9,29991200,29991200,29991200
2026-04-29 17:00:00,23810.3,23810.3,23810.3,29991200,29991200,29991200
2026-04-29 21:00:00,23901.5,23901.5,23901.5,29991200,29991200,29991200
2026-04-30 01:00:00,23644.4,23644.4,23644.4,29991200,29991200,29991200
2026-04-30 05:00:00,23860.8,23860.8,23860.8,29991200,29991200,29991200
2026-04-30 09:00:00,24148.8,24148.8,24148.8,29991200,29991200,29991200
2026-04-30 13:00:00,24255.1,24255.1,24255.1,29991200,29991200,29991200
2026-04-30 17:00:00,24278.2,24278.2,24278.2,29991200,29991200,29991200
2026-05-03 21:00:00,24308.2,24308.2,24308.2,29991200,29991200,29991200
2026-05-04 01:00:00,24319.4,24319.4,24319.4,29991200,29991200,29991200
2026-05-04 05:00:00,24277.5,24277.5,24277.5,29991200,29991200,29991200
2026-05-04 09:00:00,24228.1,24228.1,24228.1,29991200,29991200,29991200
2026-05-04 13:00:00,23857.4,23857.4,23857.4,29991200,29991200,29991200
2026-05-04 17:00:00,23896.8,23896.8,23896.8,29991200,29991200,29991200
2026-05-04 21:00:00,23911.1,23911.1,23911.1,29991200,29991200,29991200
2026-05-05 01:00:00,23924.9,23924.9,23924.9,29991200,29991200,29991200
2026-05-05 05:00:00,24242.5,24242.5,24242.5,29991200,29991200,29991200
2026-05-05 09:00:00,24319.4,24319.4,24319.4,29991200,29991200,29991200
2026-05-05 13:00:00,24376.3,24376.3,24376.3,29991200,29991200,29991200
2026-05-05 17:00:00,24409.6,24409.6,24409.6,29991200,29991200,29991200
2026-05-05 21:00:00,24544.9,24544.9,24544.9,29991200,29991200,29991200
2026-05-06 01:00:00,24568.1,24568.1,24568.1,29991200,29991200,29991200
2026-05-06 05:00:00,24995.5,24995.5,24995.5,29991200,29991200,29991200
2026-05-06 09:00:00,24926.7,24926.7,24926.7,29991200,29991200,29991200
2026-05-06 13:00:00,24889.0,24889.0,24889.0,29991200,29991200,29991200
2026-05-06 17:00:00,24960.8,24960.8,24960.8,29991200,29991200,29991200
2026-05-06 21:00:00,24931.3,24931.3,24931.3,29991200,29991200,29991200
2026-05-07 01:00:00,24949.6,24949.6,24949.6,29991200,29991200,29991200
2026-05-07 05:00:00,24869.8,24869.8,24869.8,29991200,29991200,29991200
2026-05-07 09:00:00,24900.5,24900.5,24900.5,29991200,29991200,29991200
2026-05-07 13:00:00,24540.9,24540.9,24540.9,29991200,29991200,29991200
2026-05-07 17:00:00,24397.8,24397.8,24397.8,29991200,29991200,29991200
2026-05-07 21:00:00,24438.8,24438.8,24438.8,29991200,29991200,29991200
2026-05-08 01:00:00,24449.0,24449.0,24449.0,29991200,29991200,29991200
2026-05-08 05:00:00,24383.0,24383.0,24383.0,29991200,29991200,29991200
2026-05-08 09:00:00,24369.9,24369.9,24369.9,29991200,29991200,29991200
2026-05-08 13:00:00,24310.5,24310.5,24310.5,29991200,29991200,29991200
2026-05-08 17:00:00,24372.7,24372.7,24372.7,29991200,29991200,29991200
2026-05-10 21:00:00,24253.0,24253.0,24253.0,29991200,29991200,29991200
2026-05-11 01:00:00,24273.8,24273.8,24273.8,29991200,29991200,29991200
2026-05-11 05:00:00,24286.8,24286.8,24286.8,29991200,29991200,29991200
2026-05-11 09:00:00,24257.5,24257.5,24257.5,29991200,29991200,29991200
2026-05-11 13:00:00,24253.0,24253.0,24253.0,29991200,29991200,29991200
2026-05-11 17:00:00,24276.7,24276.7,24276.7,29991200,29991200,29991200
2026-05-11 21:00:00,24232.9,24232.9,24232.9,29991200,29991200,29991200
2026-05-12 01:00:00,24126.6,24126.6,24126.6,29991200,29991200,29991200
2026-05-12 05:00:00,24129.2,24129.2,24129.2,29991200,29991200,29991200
2026-05-12 09:00:00,24132.5,24132.5,24132.5,29991200,29991200,29991200
2026-05-12 13:00:00,23981.3,23981.3,23981.3,29991200,29991200,29991200
2026-05-12 17:00:00,24048.3,24048.3,24048.3,29991200,29991200,29991200
2026-05-12 21:00:00,24029.4,24029.4,24029.4,29991200,29991200,29991200
2026-05-13 01:00:00,24110.8,24110.8,24110.8,29991200,29991200,29991200
2026-05-13 05:00:00,24137.3,24137.3,24137.3,29991200,29991200,29991200
2026-05-13 09:00:00,24052.0,24052.0,24052.0,29991200,29991200,29991200
2026-05-13 13:00:00,24166.6,24166.6,24166.6,29991200,29991200,29991200
2026-05-13 17:00:00,24222.9,24222.9,24222.9,29991200,29991200,29991200
2026-05-13 21:00:00,24276.8,24276.8,24276.8,29991200,29991200,29991200
2026-05-14 01:00:00,24204.5,24204.5,24204.5,29991200,29991200,29991200
2026-05-14 05:00:00,24412.7,24412.7,24412.7,29991200,29991200,29991200
2026-05-14 09:00:00,24431.5,24431.5,24431.5,29991200,29991200,29991200
2026-05-14 13:00:00,24364.2,24364.2,24364.2,29991200,29991200,29991200
2026-05-14 17:00:00,24323.2,24323.2,24323.2,29991200,29991200,29991200
2026-05-14 21:00:00,24276.8,24276.8,24276.8,29991200,29991200,29991200
2026-05-15 01:00:00,24129.4,24129.4,24129.4,29991200,29991200,29991200
2026-05-15 05:00:00,24070.3,24070.3,24070.3,29991200,29991200,29991200
2026-05-15 09:00:00,23977.2,23977.2,23977.2,29991200,29991200,29991200
2026-05-15 13:00:00,23893.0,23893.0,23893.0,29991200,29991200,29991200
2026-05-15 17:00:00,23892.1,23892.1,23892.1,29991200,29991200,29991200
2026-05-17 21:00:00,23813.2,23813.2,23813.2,29991200,29991200,29991200
2026-05-18 01:00:00,23717.4,23717.4,23717.4,29991200,29991200,29991200
2026-05-18 05:00:00,23991.8,23991.8,23991.8,29991200,29991200,29991200
2026-05-18 09:00:00,24378.3,24378.3,24378.3,29991200,29991200,29991200
2026-05-18 13:00:00,24263.6,24263.6,24263.6,29991200,29991200,29991200
2026-05-18 17:00:00,24396.3,24396.3,24396.3,29991200,29991200,29991200
2026-05-18 21:00:00,24330.8,24330.8,24330.8,29991200,29991200,29991200
2026-05-19 01:00:00,24269.6,24269.6,24269.6,29991200,29991200,29991200
2026-05-19 05:00:00,24641.8,24641.8,24641.8,29991200,29991200,29991200
2026-05-19 09:00:00,24616.1,24616.1,24616.1,29991200,29991200,29991200
2026-05-19 13:00:00,24391.4,24391.4,24391.4,29991200,29991200,29991200
2026-05-19 17:00:00,24315.8,24315.8,24315.8,29991200,29991200,29991200
2026-05-19 21:00:00,24293.8,24293.8,24293.8,29991200,29991200,29991200
2026-05-20 01:00:00,24238.4,24238.4,24238.4,29991200,29991200,29991200
2026-05-20 05:00:00,24437.7,24437.7,24437.7,29991200,29991200,29991200
2026-05-20 09:00:00,24472.1,24472.1,24472.1,29991200,29991200,29991200
2026-05-20 13:00:00,24722.3,24722.3,24722.3,29991200,29991200,29991200
2026-05-20 17:00:00,24780.4,24780.4,24780.4,29991200,29991200,29991200
2026-05-20 21:00:00,24736.6,24736.6,24736.6,29991200,29991200,29991200
2026-05-21 01:00:00,24758.7,24758.7,24758.7,29991200,29991200,29991200
2026-05-21 05:00:00,24790.7,24790.7,24790.7,29991200,29991200,29991200
2026-05-21 09:00:00,24575.5,24575.5,24575.5,29991200,29991200,29991200
2026-05-21 13:00:00,24642.1,24642.1,24642.1,29991200,29991200,29991200
2026-05-21 17:00:00,24839.3,24839.3,24839.3,29991200,29991200,29991200
2026-05-21 21:00:00,24855.8,24855.8,24855.8,29991200,29991200,29991200
2026-05-22 01:00:00,24884.6,24884.6,24884.6,29991200,29991200,29991200
2026-05-22 05:00:00,24736.5,24736.5,24736.5,29991200,29991200,29991200
2026-05-22 09:00:00,24915.1,24915.1,24915.1,29991200,29991200,29991200
2026-05-22 13:00:00,24845.0,24845.0,24845.0,29991200,29991200,29991200
2026-05-22 17:00:00,24795.7,24795.7,24795.7,29991200,29991200,29991200
2026-05-24 21:00:00,25041.9,25041.9,25041.9,29991200,29991200,29991200
2026-05-25 01:00:00,25178.3,25178.3,25178.3,29991200,29991200,29991200
2026-05-25 05:00:00,25182.9,25182.9,25182.9,29991200,29991200,29991200
2026-05-25 09:00:00,25277.7,25277.7,25277.7,29991200,29991200,29991200
2026-05-25 13:00:00,25397.8,25397.8,25397.8,29991200,29991200,29991200
2026-05-25 17:00:00,25386.5,25386.5,25386.5,29991200,29991200,29991200
2026-05-25 21:00:00,25310.2,25310.2,25310.2,29991200,29991200,29991200
2026-05-26 01:00:00,25320.1,25320.1,25320.1,29991200,29991200,29991200
2026-05-26 05:00:00,25187.1,25187.1,25187.1,29991200,29991200,29991200
2026-05-26 09:00:00,25267.9,25267.9,25267.9,29991200,29991200,29991200
2026-05-26 13:00:00,25197.0,25197.0,25197.0,29991200,29991200,29991200
2026-05-26 17:00:00,25237.5,25237.5,25237.5,29991200,29991200,29991200
2026-05-26 21:00:00,25261.9,25261.9,25261.9,29991200,29991200,29991200
2026-05-27 01:00:00,25252.4,25252.4,25252.4,29991200,29991200,29991200
2026-05-27 05:00:00,25335.9,25335.9,25335.9,29991200,29991200,29991200
2026-05-27 09:00:00,25262.3,25262.3,25262.3,29991200,29991200,29991200
2026-05-27 13:00:00,25189.6,25189.6,25189.6,29991200,29991200,29991200
2026-05-27 17:00:00,25206.3,25206.3,25206.3,29991200,29991200,29991200
2026-05-27 21:00:00,25194.1,25194.1,25194.1,29991200,29991200,29991200
2026-05-28 01:00:00,24953.1,24953.1,24953.1,29991200,29991200,29991200
2026-05-28 05:00:00,25159.1,25159.1,25159.1,29991200,29991200,29991200
2026-05-28 09:00:00,25070.5,25070.5,25070.5,29991200,29991200,29991200
2026-05-28 13:00:00,25149.8,25149.8,25149.8,29991200,29991200,29991200
2026-05-28 17:00:00,25093.7,25093.7,25093.7,29991200,29991200,29991200
2026-05-28 21:00:00,25074.6,25074.6,25074.6,29991200,29991200,29991200
2026-05-29 01:00:00,25159.6,25159.6,25159.6,29991200,29991200,29991200
2026-05-29 05:00:00,25110.1,25110.1,25110.1,29991200,29991200,29991200
2026-05-29 09:00:00,25096.5,25096.5,25096.5,29991200,29991200,29991200
2026-05-29 13:00:00,25096.3,25096.3,25096.3,29991200,29991200,29991200
2026-05-29 17:00:00,25050.1,25050.1,25050.1,29991200,29991200,29991200
2026-05-31 21:00:00,25115.0,25115.0,25115.0,29991200,29991200,29991200
2026-06-01 01:00:00,25120.0,25120.0,25120.0,29991200,29991200,29991200
2026-06-01 05:00:00,25147.8,25147.8,25147.8,29991200,29991200,29991200
2026-06-01 09:00:00,25264.8,25264.8,25264.8,29991200,29991200,29991200
2026-06-01 13:00:00,25053.8,25053.8,25053.8,29991200,29991200,29991200
2026-06-01 17:00:00,25082.8,25082.8,25082.8,29991200,29991200,29991200
2026-06-01 21:00:00,24987.4,24987.4,24987.4,29991200,29991200,29991200
2026-06-02 01:00:00,25115.6,25115.6,25115.6,29991200,29991200,29991200
2026-06-02 05:00:00,25266.2,25266.2,25266.2,29991200,29991200,29991200
2026-06-02 09:00:00,25144.2,25144.2,25144.2,29991200,29991200,29991200
2026-06-02 13:00:00,25082.2,25082.2,25082.2,29991200,29991200,29991200
2026-06-02 17:00:00,25102.2,25102.2,25102.2,29991200,29991200,29991200
2026-06-02 21:00:00,25107.8,25107.8,25107.8,29991200,29991200,29991200
2026-06-03 01:00:00,25087.8,25087.8,25087.8,29991200,29991200,29991200
2026-06-03 05:00:00,24928.6,24928.6,24928.6,29991200,29991200,29991200
2026-06-03 09:00:00,24892.6,24892.6,24892.6,29991200,29991200,29991200
2026-06-03 13:00:00,24777.6,24777.6,24777.6,29991200,29991200,29991200
2026-06-03 17:00:00,24733.6,24733.6,24733.6,29991200,29991200,29991200
2026-06-03 21:00:00,24747.3,24747.3,24747.3,29991200,29991200,29991200
2026-06-04 01:00:00,24751.8,24751.8,24751.8,29991200,29991200,29991200
2026-06-04 05:00:00,24883.1,24883.1,24883.1,29991200,29991200,29991200
2026-06-04 09:00:00,24973.1,24973.1,24973.1,29991200,29991200,29991200
2026-06-04 13:00:00,24938.1,24938.1,24938.1,29991200,29991200,29991200
2026-06-04 17:00:00,24942.1,24942.1,24942.1,29991200,29991200,29991200
2026-06-04 21:00:00,24804.8,24804.8,24804.8,29991200,29991200,29991200
2026-06-05 01:00:00,24819.8,24819.8,24819.8,29991200,29991200,29991200
2026-06-05 05:00:00,24937.6,24937.6,24937.6,29991200,29991200,29991200
2026-06-05 09:00:00,24905.6,24905.6,24905.6,29991200,29991200,29991200
2026-06-05 13:00:00,24711.6,24711.6,24711.6,29991200,29991200,29991200
2026-06-05 17:00:00,24596.6,24596.6,24596.6,29991200,29991200,29991200
2026-06-07 21:00:00,24555.8,24555.8,24555.8,29991200,29991200,29991200
2026-06-08 01:00:00,24424.8,24424.8,24424.8,29991200,29991200,29991200
2026-06-08 05:00:00,24530.6,24530.6,24530.6,29991200,29991200,29991200
2026-06-08 09:00:00,24651.6,24651.6,24651.6,29991200,29991200,29991200
2026-06-08 13:00:00,24590.6,24590.6,24590.6,29991200,29991200,29991200
2026-06-08 17:00:00,24593.6,24593.6,24593.6,29991200,29991200,29991200
2026-06-08 21:00:00,24512.3,24512.3,24512.3,29991200,29991200,29991200
2026-06-09 01:00:00,24621.3,24621.3,24621.3,29991200,29991200,29991200
2026-06-09 05:00:00,24747.1,24747.1,24747.1,29991200,29991200,29991200
2026-06-09 09:00:00,24755.1,24755.1,24755.1,29991200,29991200,29991200
2026-06-09 13:00:00,24295.1,24295.1,24295.1,29991200,29991200,29991200
2026-06-09 17:00:00,24533.1,24533.1,24533.1,29991200,29991200,29991200
2026-06-09 21:00:00,24505.5,24505.5,24505.5,29991200,29991200,29991200
2026-06-10 01:00:00,24400.0,24400.0,24400.0,29991200,29991200,29991200
2026-06-10 05:00:00,24316.8,24316.8,24316.8,29991200,29991200,29991200
2026-06-10 09:00:00,24289.8,24289.8,24289.8,29991200,29991200,29991200
2026-06-10 13:00:00,24162.8,24162.8,24162.8,29991200,29991200,29991200
2026-06-10 17:00:00,24091.8,24091.8,24091.8,29991200,29991200,29991200
2026-06-10 21:00:00,24051.0,24051.0,24051.0,29991200,29991200,29991200
2026-06-11 01:00:00,24170.0,24170.0,24170.0,29991200,29991200,29991200
2026-06-11 05:00:00,24210.8,24210.8,24210.8,29991200,29991200,29991200
2026-06-11 09:00:00,24207.8,24207.8,24207.8,29991200,29991200,29991200
2026-06-11 13:00:00,24197.8,24197.8,24197.8,29991200,29991200,29991200
2026-06-11 17:00:00,24621.8,24621.8,24621.8,29991200,29991200,29991200
2026-06-11 21:00:00,24607.4,24607.4,24607.4,29991200,29991200,29991200
2026-06-12 01:00:00,24609.4,24609.4,24609.4,29991200,29991200,29991200
2026-06-12 05:00:00,24622.2,24622.2,24622.2,29991200,29991200,29991200
2026-06-12 09:00:00,24470.7,24470.7,24470.7,29991200,29991200,29991200
2026-06-12 13:00:00,24631.7,24631.7,24631.7,29991200,29991200,29991200
2026-06-12 17:00:00,24675.7,24675.7,24675.7,29991200,29991200,29991200
2026-06-14 21:00:00,25050.6,25050.6,25050.6,29991200,29991200,29991200
2026-06-15 01:00:00,25038.6,25038.6,25038.6,29991200,29991200,29991200
2026-06-15 05:00:00,24955.9,24955.9,24955.9,29991200,29991200,29991200
2026-06-15 09:00:00,25000.9,25000.9,25000.9,29991200,29991200,29991200
2026-06-15 13:00:00,24917.9,24917.9,24917.9,29991200,29991200,29991200
2026-06-15 17:00:00,24850.9,24850.9,24850.9,29991200,29991200,29991200
2026-06-15 21:00:00,24866.5,24866.5,24866.5,29991200,29991200,29991200
2026-06-16 01:00:00,24868.5,24868.5,24868.5,29991200,29991200,29991200
2026-06-16 05:00:00,25103.3,25103.3,25103.3,29991200,29991200,29991200
2026-06-16 09:00:00,24992.3,24992.3,24992.3,29991200,29991200,29991200
2026-06-16 13:00:00,24841.3,24841.3,24841.3,29991200,29991200,29991200
2026-06-16 17:00:00,24777.3,24777.3,24777.3,29991200,29991200,29991200
2026-06-16 21:00:00,24803.0,24803.0,24803.0,29991200,29991200,29991200
2026-06-17 01:00:00,24832.5,24832.5,24832.5,29991200,29991200,29991200
2026-06-17 05:00:00,24833.8,24833.8,24833.8,29991200,29991200,29991200
2026-06-17 09:00:00,24877.8,24877.8,24877.8,29991200,29991200,29991200
2026-06-17 13:00:00,24941.8,24941.8,24941.8,29991200,29991200,29991200
2026-06-17 17:00:00,24816.0,24816.0,24816.0,29991200,29991200,29991200
2026-06-17 21:00:00,24850.5,24850.5,24850.5,29991200,29991200,29991200
2026-06-18 01:00:00,24866.7,24866.7,24866.7,29991200,29991200,29991200
2026-06-18 05:00:00,24876.8,24876.8,24876.8,29991200,29991200,29991200
2026-06-18 09:00:00,25036.8,25036.8,25036.8,29991200,29991200,29991200
2026-06-18 13:00:00,25068.8,25068.8,25068.8,29991200,29991200,29991200
2026-06-18 17:00:00,25074.8,25074.8,25074.8,29991200,29991200,29991200
2026-06-18 21:00:00,24995.3,24995.3,24995.3,29991200,29991200,29991200
2026-06-19 01:00:00,24925.3,24925.3,24925.3,29991200,29991200,29991200
2026-06-19 05:00:00,25142.9,25142.9,25142.9,29991200,29991200,29991200
2026-06-19 09:00:00,25079.9,25079.9,25079.9,29991200,29991200,29991200
2026-06-19 13:00:00,25016.9,25016.9,25016.9,29991200,29991200,29991200
2026-06-19 17:00:00,25019.9,25019.9,25019.9,29991200,29991200,29991200
2026-06-21 21:00:00,25024.1,25024.1,25024.1,29991200,29991200,29991200
2026-06-22 01:00:00,24995.1,24995.1,24995.1,29991200,29991200,29991200
2026-06-22 05:00:00,24972.7,24972.7,24972.7,29991200,29991200,29991200
2026-06-22 09:00:00,25047.7,25047.7,25047.7,29991200,29991200,29991200
2026-06-22 13:00:00,25118.7,25118.7,25118.7,29991200,29991200,29991200
2026-06-22 17:00:00,25119.7,25119.7,25119.7,29991200,29991200,29991200
2026-06-22 21:00:00,25111.6,25111.6,25111.6,29991200,29991200,29991200
2026-06-23 01:00:00,24945.6,24945.6,24945.6,29991200,29991200,29991200
2026-06-23 05:00:00,24795.2,24795.2,24795.2,29991200,29991200,29991200
2026-06-23 09:00:00,24933.2,24933.2,24933.2,29991200,29991200,29991200
2026-06-23 13:00:00,24990.7,24990.7,24990.7,29991200,29991200,29991200
2026-06-23 17:00:00,24925.7,24925.7,24925.7,29991200,29991200,29991200
2026-06-23 21:00:00,24957.9,24957.9,24957.9,29991200,29991200,29991200
2026-06-24 01:00:00,24909.9,24909.9,24909.9,29991200,29991200,29991200
2026-06-24 05:00:00,24721.5,24721.5,24721.5,29991200,29991200,29991200
2026-06-24 09:00:00,24650.5,24650.5,24650.5,29991200,29991200,29991200
2026-06-24 13:00:00,24727.5,24727.5,24727.5,29991200,29991200,29991200
2026-06-24 17:00:00,24711.5,24711.5,24711.5,29991200,29991200,29991200
2026-06-24 21:00:00,24755.8,24755.8,24755.8,29991200,29991200,29991200
2026-06-25 01:00:00,24750.8,24750.8,24750.8,29991200,29991200,29991200
2026-06-25 05:00:00,24893.4,24893.4,24893.4,29991200,29991200,29991200
2026-06-25 09:00:00,24999.4,24999.4,24999.4,29991200,29991200,29991200
2026-06-25 13:00:00,25018.4,25018.4,25018.4,29991200,29991200,29991200
2026-06-25 17:00:00,24982.4,24982.4,24982.4,29991200,29991200,29991200
2026-06-25 21:00:00,24952.0,24952.0,24952.0,29991200,29991200,29991200
2026-06-26 01:00:00,24785.0,24785.0,24785.0,29991200,29991200,29991200
2026-06-26 05:00:00,24777.6,24777.6,24777.6,29991200,29991200,29991200
2026-06-26 09:00:00,24655.6,24655.6,24655.6,29991200,29991200,29991200
2026-06-26 13:00:00,24669.6,24669.6,24669.6,29991200,29991200,29991200
2026-06-26 17:00:00,24668.6,24668.6,24668.6,29991200,29991200,29991200
2026-06-28 21:00:00,24773.9,24773.9,24773.9,29991200,29991200,29991200
2026-06-29 01:00:00,24769.9,24769.9,24769.9,29991200,29991200,29991200
2026-06-29 05:00:00,24677.5,24677.5,24677.5,29991200,29991200,29991200
2026-06-29 09:00:00,24733.5,24733.5,24733.5,29991200,29991200,29991200
2026-06-29 13:00:00,24704.5,24704.5,24704.5,29991200,29991200,29991200
2026-06-29 17:00:00,24763.5,24763.5,24763.5,29991200,29991200,29991200
2026-06-29 21:00:00,24739.8,24739.8,24739.8,29991200,29991200,29991200
2026-06-30 01:00:00,24814.8,24814.8,24814.8,29991200,29991200,29991200
2026-06-30 05:00:00,24848.4,24848.4,24848.4,29991200,29991200,29991200
2026-06-30 09:00:00,24973.4,24973.4,24973.4,29991200,29991200,29991200
2026-06-30 13:00:00,25030.4,25030.4,25030.4,29991200,29991200,29991200
2026-06-30 17:00:00,25041.4,25041.4,25041.4,29991200,29991200,29991200
2026-06-30 21:00:00,25031.8,25031.8,25031.8,29991200,29991200,29991200
2026-07-01 01:00:00,25000.8,25000.8,25000.8,29991200,29991200,29991200
2026-07-01 05:00:00,25088.4,25088.4,25088.4,29991200,29991200,29991200
2026-07-01 09:00:00,24963.4,24963.4,24963.4,29991200,29991200,29991200
2026-07-01 13:00:00,25063.4,25063.4,25063.4,29991200,29991200,29991200
2026-07-01 17:00:00,25064.4,25064.4,25064.4,29991200,29991200,29991200
2026-07-01 21:00:00,25055.7,25055.7,25055.7,29991200,29991200,29991200
2026-07-02 01:00:00,25115.7,25115.7,25115.7,29991200,29991200,29991200
2026-07-02 05:00:00,25168.3,25168.3,25168.3,29991200,29991200,29991200
2026-07-02 09:00:00,25464.6,25464.6,25464.6,29991200,29991200,29991200
2026-07-02 13:00:00,25565.6,25565.6,25565.6,29991200,29991200,29991200
2026-07-02 17:00:00,25648.6,25648.6,25648.6,29991200,29991200,29991200
2026-07-02 21:00:00,25647.4,25647.4,25647.4,29991200,29991200,29991200
2026-07-03 01:00:00,25728.9,25728.9,25728.9,29991200,29991200,29991200
2026-07-03 05:00:00,25654.5,25654.5,25654.5,29991200,29991200,29991200
2026-07-03 09:00:00,25773.5,25773.5,25773.5,29991200,29991200,29991200
2026-07-03 13:00:00,25828.5,25828.5,25828.5,29991200,29991200,29991200
2026-07-03 17:00:00,25838.5,25838.5,25838.5,29991200,29991200,29991200
2026-07-05 21:00:00,25896.0,25896.0,25896.0,29991200,29991200,29991200
2026-07-06 01:00:00,25853.0,25853.0,25853.0,29991200,29991200,29991200
2026-07-06 05:00:00,25859.6,25859.6,25859.6,29991200,29991200,29991200
2026-07-06 09:00:00,25768.6,25768.6,25768.6,29991200,29991200,29991200
2026-07-06 13:00:00,25821.6,25821.6,25821.6,29991200,29991200,29991200
2026-07-06 17:00:00,25838.6,25838.6,25838.6,29991200,29991200,29991200
2026-07-06 21:00:00,25815.7,25815.7,25815.7,29991200,29991200,29991200
2026-07-07 01:00:00,25766.7,25766.7,25766.7,29991200,29991200,29991200
2026-07-07 05:00:00,25740.7,25740.7,25740.7,29991200,29991200,29991200
2026-07-07 09:00:00,25687.2,25687.2,25687.2,29991200,29991200,29991200
2026-07-07 13:00:00,25568.2,25568.2,25568.2,29991200,29991200,29991200
2026-07-07 17:00:00,25484.2,25484.2,25484.2,29991200,29991200,29991200
2026-07-07 21:00:00,25534.5,25534.5,25534.5,29991200,29991200,29991200
2026-07-08 01:00:00,25487.5,25487.5,25487.5,29991200,29991200,29991200
2026-07-08 05:00:00,24924.8,24924.8,24924.8,29991200,29991200,29991200
2026-07-08 09:00:00,25016.3,25016.3,25016.3,29991200,29991200,29991200
2026-07-08 13:00:00,25024.3,25024.3,25024.3,29991200,29991200,29991200
2026-07-08 17:00:00,25032.3,25032.3,25032.3,29991200,29991200,29991200
2026-07-08 21:00:00,25050.9,25050.9,25050.9,29991200,29991200,29991200
2026-07-09 01:00:00,25074.9,25074.9,25074.9,29991200,29991200,29991200
2026-07-09 05:00:00,24950.2,24950.2,24950.2,29991200,29991200,29991200
2026-07-09 09:00:00,25010.2,25010.2,25010.2,29991200,29991200,29991200
2026-07-09 13:00:00,25114.2,25114.2,25114.2,29991200,29991200,29991200
2026-07-09 17:00:00,25124.2,25124.2,25124.2,29991200,29991200,29991200
2026-07-09 21:00:00,25106.4,25106.4,25106.4,29991200,29991200,29991200
2026-07-10 01:00:00,25091.4,25091.4,25091.4,29991200,29991200,29991200
2026-07-10 05:00:00,25092.7,25092.7,25092.7,29991200,29991200,29991200
2026-07-10 09:00:00,25134.7,25134.7,25134.7,29991200,29991200,29991200
2026-07-10 13:00:00,25121.7,25121.7,25121.7,29991200,29991200,29991200
2026-07-10 17:00:00,25116.7,25116.7,25116.7,29991200,29991200,29991200
2026-07-12 21:00:00,24961.3,24961.3,24961.3,29991200,29991200,29991200
2026-07-13 01:00:00,24816.3,24816.3,24816.3,29991200,29991200,29991200
2026-07-13 05:00:00,25129.1,25129.1,25129.1,29991200,29991200,29991200
2026-07-13 09:00:00,25132.1,25132.1,25132.1,29991200,29991200,29991200
2026-07-13 13:00:00,25058.1,25058.1,25058.1,29991200,29991200,29991200
2026-07-13 17:00:00,25017.1,25017.1,25017.1,29991200,29991200,29991200
2026-07-13 21:00:00,24921.8,24921.8,24921.8,29991200,29991200,29991200
2026-07-14 01:00:00,24958.8,24958.8,24958.8,29991200,29991200,29991200
2026-07-14 05:00:00,24950.6,24950.6,24950.6,29991200,29991200,29991200
2026-07-14 09:00:00,24996.6,24996.6,24996.6,29991200,29991200,29991200
2026-07-14 13:00:00,25119.6,25119.6,25119.6,29991200,29991200,29991200
2026-07-14 17:00:00,25055.6,25055.6,25055.6,29991200,29991200,29991200
2026-07-14 21:00:00,25089.3,25089.3,25089.3,29991200,29991200,29991200
2026-07-15 01:00:00,25108.3,25108.3,25108.3,29991200,29991200,29991200
2026-07-15 05:00:00,25014.1,25014.1,25014.1,29991200,29991200,29991200
2026-07-15 09:00:00,25023.1,25023.1,25023.1,29991200,29991200,29991200
2026-07-15 13:00:00,24972.1,24972.1,24972.1,29991200,29991200,29991200
2026-07-15 17:00:00,24998.1,24998.1,24998.1,29991200,29991200,29991200
2026-07-15 21:00:00,24971.3,24971.3,24971.3,29991200,29991200,29991200
2026-07-16 01:00:00,25000.8,25000.8,25000.8,29991200,29991200,29991200
2026-07-16 05:00:00,24910.6,24910.6,24910.6,29991200,29991200,29991200
2026-07-16 09:00:00,24740.6,24740.6,24740.6,29991200,29991200,29991200
2026-07-16 13:00:00,24914.6,24914.6,24914.6,29991200,29991200,29991200
2026-07-16 17:00:00,24886.6,24886.6,24886.6,29991200,29991200,29991200
2026-07-16 21:00:00,24815.8,24815.8,24815.8,29991200,29991200,29991200
2026-07-17 01:00:00,24678.8,24678.8,24678.8,29991200,29991200,29991200
2026-07-17 05:00:00,24734.1,24734.1,24734.1,29991200,29991200,29991200
2026-07-17 09:00:00,24774.1,24774.1,24774.1,29991200,29991200,29991200
2026-07-17 13:00:00,24862.1,24862.1,24862.1,29991200,29991200,29991200
2026-07-17 17:00:00,24843.1,24843.1,24843.1,29991200,29991200,29991200
2026-07-19 21:00:00,24831.8,24831.8,24831.8,29991200,29991200,29991200
2026-07-20 01:00:00,24855.8,24855.8,24855.8,29991200,29991200,29991200
2026-07-20 05:00:00,24915.6,24915.6,24915.6,29991200,29991200,29991200
2026-07-20 09:00:00,24847.6,24847.6,24847.6,29991200,29991200,29991200
2026-07-20 13:00:00,24825.6,24825.6,24825.6,29991200,29991200,29991200
2026-07-20 17:00:00,24718.6,24718.6,24718.6,29991200,29991200,29991200
2026-07-20 21:00:00,24735.3,24735.3,24735.3,29991200,29991200,29991200
2026-07-21 01:00:00,24830.3,24830.3,24830.3,29991200,29991200,29991200
2026-07-21 05:00:00,24890.1,24890.1,24890.1,29991200,29991200,29991200
2026-07-21 09:00:00,24904.1,24904.1,24904.1,29991200,29991200,29991200
2026-07-21 13:00:00,25049.1,25049.1,25049.1,29991200,29991200,29991200
2026-07-21 17:00:00,25078.1,25078.1,25078.1,29991200,29991200,29991200
2026-07-21 21:00:00,25093.3,25093.3,25093.3,29991200,29991200,29991200
2026-07-22 01:00:00,25071.8,25071.8,25071.8,29991200,29991200,29991200
2026-07-22 05:00:00,25179.6,25179.6,25179.6,29991200,29991200,29991200
2026-07-22 09:00:00,25147.6,25147.6,25147.6,29991200,29991200,29991200
2026-07-22 13:00:00,25207.6,25207.6,25207.6,29991200,29991200,29991200
2026-07-22 17:00:00,25148.6,25148.6,25148.6,29991200,29991200,29991200
2026-07-22 21:00:00,25213.3,25213.3,25213.3,29991200,29991200,29991200
2026-07-23 01:00:00,25118.3,25118.3,25118.3,29991200,29991200,29991200
2026-07-23 05:00:00,25034.1,25034.1,25034.1,29991200,29991200,29991200
2026-07-23 09:00:00,24846.1,24846.1,24846.1,29991200,29991200,29991200
2026-07-23 13:00:00,24792.1,24792.1,24792.1,29991200,29991200,29991200
2026-07-23 17:00:00,24740.1,24740.1,24740.1,29991200,29991200,29991200
2026-07-23 21:00:00,24767.8,24767.8,24767.8,29991200,29991200,29991200
2026-07-24 01:00:00,24741.3,24741.3,24741.3,29991200,29991200,29991200
2026-07-24 05:00:00,24945.1,24945.1,24945.1,29991200,29991200,29991200
2026-07-24 09:00:00,24915.1,24915.1,24915.1,29991200,29991200,29991200
2026-07-24 13:00:00,25110.1,25110.1,25110.1,29991200,29991200,29991200
2026-07-24 17:00:00,25075.1,25075.1,25075.1,29991200,29991200,29991200
2026-07-26 21:00:00,25211.8,25211.8,25211.8,29991200,29991200,29991200
2026-07-27 01:00:00,25325.8,25325.8,25325.8,29991200,29991200,29991200
2026-07-27 05:00:00,25512.6,25512.6,25512.6,29991200,29991200,29991200
2026-07-27 09:00:00,25517.6,25517.6,25517.6,29991200,29991200,29991200
2026-07-27 13:00:00,25404.6,25404.6,25404.6,29991200,29991200,29991200
2026-07-27 17:00:00,25478.6,25478.6,25478.6,29991200,29991200,29991200
2026-07-27 21:00:00,25413.3,25413.3,25413.3,29991200,29991200,29991200
2026-07-28 01:00:00,25446.3,25446.3,25446.3,29991200,29991200,29991200
2026-07-28 05:00:00,25503.1,25503.1,25503.1,29991200,29991200,29991200
2026-07-28 09:00:00,25351.1,25351.1,25351.1,29991200,29991200,29991200
2026-07-28 13:00:00,25546.1,25546.1,25546.1,29991200,29991200,29991200
2026-07-28 17:00:00,25521.1,25521.1,25521.1,29991200,29991200,29991200
2026-07-28 21:00:00,25483.9,25483.9,25483.9,29991200,29991200,29991200
2026-07-29 01:00:00,25338.9,25338.9,25338.9,29991200,29991200,29991200
2026-07-29 05:00:00,25439.7,25439.7,25439.7,29991200,29991200,29991200
2026-07-29 09:00:00,25501.7,25501.7,25501.7,29991200,29991200,29991200
2026-07-29 13:00:00,25480.7,25480.7,25480.7,29991200,29991200,29991200
2026-07-29 17:00:00,25373.7,25373.7,25373.7,29991200,29991200,29991200
2026-07-29 21:00:00,25447.5,25447.5,25447.5,29991200,29991200,29991200
2026-07-30 01:00:00,25376.5,25376.5,25376.5,29991200,29991200,29991200
2026-07-30 05:00:00,25437.3,25437.3,25437.3,29991200,29991200,29991200
2026-07-30 09:00:00,25510.3,25510.3,25510.3,29991200,29991200,29991200
2026-07-30 13:00:00,25644.3,25644.3,25644.3,29991200,29991200,29991200
2026-07-30 17:00:00,25706.3,25706.3,25706.3,29991200,29991200,29991200
2026-07-30 21:00:00,25700.6,25700.6,25700.6,29991200,29991200,29991200
2026-07-31 01:00:00,25734.1,25734.1,25734.1,29991200,29991200,29991200
2026-07-31 05:00:00,25849.9,25849.9,25849.9,29991200,29991200,29991200
2026-07-31 09:00:00,25642.9,25642.9,25642.9,29991200,29991200,29991200
2026-07-31 13:00:00,25682.9,25682.9,25682.9,29991200,29991200,29991200
2026-07-31 17:00:00,25731.9,25731.9,25731.9,29991200,29991200,29991200
2026-08-02 21:00:00,25853.6,25853.6,25853.6,29991200,29991200,29991200
2026-08-03 01:00:00,25905.1,25905.1,25905.1,29991200,29991200,29991200
2026-08-03 05:00:00,26015.9,26015.9,26015.9,29991200,29991200,29991200
2026-08-03 09:00:00,26010.9,26010.9,26010.9,29991200,29991200,29991200
2026-08-03 13:00:00,26023.9,26023.9,26023.9,29991200,29991200,29991200
2026-08-03 17:00:00,26084.9,26084.9,26084.9,29991200,29991200,29991200
2026-08-03 21:00:00,26087.7,26087.7,26087.7,29991200,29991200,29991200
2026-08-04 01:00:00,26124.2,26124.2,26124.2,29991200,29991200,29991200
2026-08-04 05:00:00,26157.5,26157.5,26157.5,29991200,29991200,29991200
2026-08-04 09:00:00,26154.5,26154.5,26154.5,29991200,29991200,29991200
2026-08-04 13:00:00,26268.5,26268.5,26268.5,29991200,29991200,29991200
2026-08-04 17:00:00,26354.5,26354.5,26354.5,29991200,29991200,29991200
2026-08-04 21:00:00,26379.2,26379.2,26379.2,29991200,29991200,29991200
2026-08-05 01:00:00,26411.4,26411.4,26411.4,29991200,29991200,29991200
2026-08-05 05:00:00,26254.0,26254.0,26254.0,29991200,29991200,29991200
2026-08-05 09:00:00,26254.0,26254.0,26254.0,29991200,29991200,29991200
2026-08-05 13:00:00,26187.0,26187.0,26187.0,29991200,29991200,29991200
2026-08-05 17:00:00,26199.0,26199.0,26199.0,29991200,29991200,29991200
2026-08-05 21:00:00,26209.8,26209.8,26209.8,29991200,29991200,29991200
2026-08-06 01:00:00,26234.8,26234.8,26234.8,29991200,29991200,29991200
2026-08-06 05:00:00,26196.6,26196.6,26196.6,29991200,29991200,29991200
2026-08-06 09:00:00,26162.6,26162.6,26162.6,29991200,29991200,29991200
2026-08-06 13:00:00,26195.6,26195.6,26195.6,29991200,29991200,29991200
2026-08-06 17:00:00,26173.6,26173.6,26173.6,29991200,29991200,29991200
2026-08-06 21:00:00,26163.8,26163.8,26163.8,29991200,29991200,29991200
2026-08-07 01:00:00,26175.9,26175.9,26175.9,29991200,29991200,29991200
2026-08-07 05:00:00,26326.5,26326.5,26326.5,29991200,29991200,29991200
2026-08-07 09:00:00,26430.0,26430.0,26430.0,29991200,29991200,29991200
2026-08-07 13:00:00,26311.8,26311.8,26311.8,29991200,29991200,29991200
2026-08-07 17:00:00,26360.8,26360.8,26360.8,29991200,29991200,29991200
2026-08-09 21:00:00,26301.4,26301.4,26301.4,29991200,29991200,29991200
2026-08-10 01:00:00,26361.3,26361.3,26361.3,29991200,29991200,29991200
2026-08-10 05:00:00,26402.8,26402.8,26402.8,29991200,29991200,29991200
2026-08-10 09:00:00,26386.1,26386.1,26386.1,29991200,29991200,29991200
2026-08-10 13:00:00,26335.2,26335.2,26335.2,29991200,29991200,29991200
2026-08-10 17:00:00,26341.0,26341.0,26341.0,29991200,29991200,29991200
2026-08-10 21:00:00,26351.5,26351.5,26351.5,29991200,29991200,29991200
2026-08-11 01:00:00,26380.7,26380.7,26380.7,29991200,29991200,29991200
2026-08-11 05:00:00,26271.4,26271.4,26271.4,29991200,29991200,29991200
2026-08-11 09:00:00,26416.2,26416.2,26416.2,29991200,29991200,29991200
2026-08-11 13:00:00,26403.2,26403.2,26403.2,29991200,29991200,29991200
2026-08-11 17:00:00,26394.4,26394.4,26394.4,29991200,29991200,29991200
2026-08-11 21:00:00,26389.7,26389.7,26389.7,29991200,29991200,29991200
2026-08-12 01:00:00,26405.7,26405.7,26405.7,29991200,29991200,29991200
2026-08-12 05:00:00,26482.2,26482.2,26482.2,29991200,29991200,29991200
2026-08-12 09:00:00,26483.4,26483.4,26483.4,29991200,29991200,29991200
2026-08-12 13:00:00,26349.7,26349.7,26349.7,29991200,29991200,29991200
2026-08-12 17:00:00,26382.4,26382.4,26382.4,29991200,29991200,29991200
2026-08-12 21:00:00,26392.5,26392.5,26392.5,29991200,29991200,29991200
2026-08-13 01:00:00,26426.3,26426.3,26426.3,29991200,29991200,29991200
2026-08-13 05:00:00,26458.6,26458.6,26458.6,29991200,29991200,29991200
2026-08-13 09:00:00,26412.6,26412.6,26412.6,29991200,29991200,29991200
2026-08-13 13:00:00,26353.6,26353.6,26353.6,29991200,29991200,29991200
2026-08-13 17:00:00,26414.6,26414.6,26414.6,29991200,29991200,29991200
2026-08-13 21:00:00,26412.8,26412.8,26412.8,29991200,29991200,29991200
2026-08-14 01:00:00,26423.9,26423.9,26423.9,29991200,29991200,29991200
2026-08-14 05:00:00,26451.3,26451.3,26451.3,29991200,29991200,29991200
2026-08-14 09:00:00,26520.8,26520.8,26520.8,29991200,29991200,29991200
2026-08-14 13:00:00,26451.5,26451.5,26451.5,29991200,29991200,29991200
2026-08-14 17:00:00,26455.5,26455.5,26455.5,29991200,29991200,29991200
2026-08-16 21:00:00,26497.9,26497.9,26497.9,29991200,29991200,29991200
2026-08-17 01:00:00,26495.6,26495.6,26495.6,29991200,29991200,29991200
2026-08-17 05:00:00,26447.3,26447.3,26447.3,29991200,29991200,29991200
2026-08-17 09:00:00,26407.7,26407.7,26407.7,29991200,29991200,29991200
2026-08-17 13:00:00,26354.5,26354.5,26354.5,29991200,29991200,29991200
2026-08-17 17:00:00,26330.3,26330.3,26330.3,29991200,29991200,29991200
2026-08-17 21:00:00,26312.8,26312.8,26312.8,29991200,29991200,29991200
2026-08-18 01:00:00,26258.7,26258.7,26258.7,29991200,29991200,29991200
2026-08-18 05:00:00,26253.2,26253.2,26253.2,29991200,29991200,29991200
2026-08-18 09:00:00,26270.2,26270.2,26270.2,29991200,29991200,29991200
2026-08-18 13:00:00,26199.2,26199.2,26199.2,29991200,29991200,29991200
2026-08-18 17:00:00,26173.2,26173.2,26173.2,29991200,29991200,29991200
2026-08-18 21:00:00,26134.7,26134.7,26134.7,29991200,29991200,29991200
2026-08-19 01:00:00,26138.0,26138.0,26138.0,29991200,29991200,29991200
2026-08-19 05:00:00,26114.6,26114.6,26114.6,29991200,29991200,29991200
2026-08-19 09:00:00,26123.1,26123.1,26123.1,29991200,29991200,29991200
2026-08-19 13:00:00,26099.1,26099.1,26099.1,29991200,29991200,29991200
2026-08-19 17:00:00,26095.1,26095.1,26095.1,29991200,29991200,29991200
2026-08-19 21:00:00,26108.1,26108.1,26108.1,29991200,29991200,29991200
2026-08-20 01:00:00,26096.2,26096.2,26096.2,29991200,29991200,29991200
2026-08-20 05:00:00,25946.4,25946.4,25946.4,29991200,29991200,29991200
2026-08-20 09:00:00,25974.9,25974.9,25974.9,29991200,29991200,29991200
2026-08-20 13:00:00,26024.7,26024.7,26024.7,29991200,29991200,29991200
2026-08-20 17:00:00,25979.7,25979.7,25979.7,29991200,29991200,29991200
2026-08-20 21:00:00,25989.8,25989.8,25989.8,29991200,29991200,29991200
